_id,Nº OCORRÊNCIA,DATA DO FATO,HORA DO FATO,GRUPO DE INCIDENTE,TIPO DE INCIDENTE,UF,MUNICÍPIO,BAIRRO,LOGRADOURO,TIPO DE LOCAL
1,56776463,2025-01-01T00:00:00,15:40:00,CRIMES DIVERSOS,CRIMES DIVERSOS: CRIMES INFORMÁTICOS,ES,MANTENOPOLIS,SAO JOSE DE MANTENOPOLIS,CORREGO ALTO SÃO JOSE,AMBIENTE WEB
2,57062189,2025-01-01T00:00:00,Indeterminada,CRIMES DIVERSOS,CRIMES DIVERSOS: CRIMES INFORMÁTICOS,ES,SERRA,SAO LOURENCO,AV ALFREDO CALMON,AMBIENTE WEB
3,56782907,2025-02-01T00:00:00,07:00:00,CRIMES DIVERSOS,CRIMES DIVERSOS: CRIMES INFORMÁTICOS,ES,ANCHIETA,JUSTICA II,RUA AMELIA DONDONE PAGANINI,AMBIENTE WEB
4,56790403,2025-02-01T00:00:00,21:07:00,CRIMES DIVERSOS,CRIMES DIVERSOS: CRIMES INFORMÁTICOS,ES,VENDA NOVA DO IMIGRANTE,VILA DA MATA,RUA DAS MARGARIDAS,AMBIENTE WEB
5,56815441,2025-02-01T00:00:00,08:00:00,CRIMES DIVERSOS,CRIMES DIVERSOS: CRIMES INFORMÁTICOS,ES,VITORIA,MATA DA PRAIA,AV COMANDANTE ALVARO MARTINS,RESIDÊNCIA
6,56917485,2025-02-01T00:00:00,Indeterminada,CRIMES DIVERSOS,CRIMES DIVERSOS: CRIMES INFORMÁTICOS,ES,VITORIA,PRAIA DO CANTO,RUA ALEIXO NETO,AMBIENTE WEB
7,57249854,2025-02-01T00:00:00,08:50:00,CRIMES DIVERSOS,CRIMES DIVERSOS: CRIMES INFORMÁTICOS,ES,COLATINA,SAO SILVANO,RUA EMILSON COUTINHO,COMÉRCIO
8,56788729,2025-03-01T00:00:00,10:00:00,CRIMES DIVERSOS,CRIMES DIVERSOS: CRIMES INFORMÁTICOS,ES,VILA VELHA,ITAPOA,S/I,AMBIENTE WEB
9,56792079,2025-03-01T00:00:00,16:30:00,CRIMES DIVERSOS,CRIMES DIVERSOS: CRIMES INFORMÁTICOS,ES,VILA VELHA,PRAIA DA COSTA,APARTAMENTO,AMBIENTE WEB
10,56807368,2025-03-01T00:00:00,Indeterminada,CRIMES DIVERSOS,CRIMES DIVERSOS: CRIMES INFORMÁTICOS,ES,SERRA,CASCATA,RUA DAS GARDENIAS,AMBIENTE WEB
11,56814869,2025-03-01T00:00:00,15:30:00,CRIMES DIVERSOS,CRIMES DIVERSOS: CRIMES INFORMÁTICOS,ES,VITORIA,JARDIM CAMBURI,AVENIDA RAUL OLIVEIRA NEVES,OUTRO LOCAL
12,56814927,2025-03-01T00:00:00,16:00:00,CRIMES DIVERSOS,CRIMES DIVERSOS: CRIMES INFORMÁTICOS,ES,VITORIA,JARDIM CAMBURI,RUA ADEMAR LUIZ NEPOMUCENO,AMBIENTE WEB
13,56815611,2025-03-01T00:00:00,13:50:00,CRIMES DIVERSOS,CRIMES DIVERSOS: CRIMES INFORMÁTICOS,ES,VITORIA,JARDIM DA PENHA,S/I,OUTRO LOCAL
14,56816208,2025-03-01T00:00:00,23:00:00,CRIMES DIVERSOS,CRIMES DIVERSOS: CRIMES INFORMÁTICOS,ES,VILA VELHA,VILA BATISTA,RUA SANTO ALEIXO,AMBIENTE WEB
15,56816516,2025-03-01T00:00:00,09:00:00,CRIMES DIVERSOS,CRIMES DIVERSOS: CRIMES INFORMÁTICOS,ES,VILA VELHA,VALE ENCANTADO,RUA LUCILANDIA,AMBIENTE WEB
16,56815184,2025-04-01T00:00:00,17:05:00,CRIMES DIVERSOS,CRIMES DIVERSOS: CRIMES INFORMÁTICOS,ES,ALFREDO CHAVES,OURO BRANCO,CASA,AMBIENTE WEB
17,56826352,2025-04-01T00:00:00,21:30:00,CRIMES DIVERSOS,CRIMES DIVERSOS: CRIMES INFORMÁTICOS,ES,CARIACICA,NOVA VALVERDE,RUA MATO GROSSO,RESIDÊNCIA
18,56816450,2025-05-01T00:00:00,Indeterminada,CRIMES DIVERSOS,CRIMES DIVERSOS: CRIMES INFORMÁTICOS,ES,SAO MATEUS,OUTRO LOCAL,S/I,AMBIENTE WEB
19,56829669,2025-05-01T00:00:00,Indeterminada,CRIMES DIVERSOS,CRIMES DIVERSOS: CRIMES INFORMÁTICOS,ES,SAO MATEUS,OUTRO LOCAL,S/I,AMBIENTE WEB
20,56888090,2025-05-01T00:00:00,20:00:00,CRIMES DIVERSOS,CRIMES DIVERSOS: CRIMES INFORMÁTICOS,ES,CARIACICA,VERA CRUZ,RUA JOSE ANTONIO DA SILVA,OUTRO LOCAL
21,56894841,2025-05-01T00:00:00,00:42:00,CRIMES DIVERSOS,CRIMES DIVERSOS: CRIMES INFORMÁTICOS,ES,VITORIA,JARDIM CAMBURI,S/I,OUTRO LOCAL
22,56952466,2025-05-01T00:00:00,21:49:00,CRIMES DIVERSOS,CRIMES DIVERSOS: CRIMES INFORMÁTICOS,ES,VITORIA,JARDIM CAMBURI,S/I,OUTRO LOCAL
23,56815760,2025-06-01T00:00:00,08:30:00,CRIMES DIVERSOS,CRIMES DIVERSOS: CRIMES INFORMÁTICOS,ES,VITORIA,MATA DA PRAIA,AV. DANTE MICHELINE,AMBIENTE WEB
24,56819107,2025-06-01T00:00:00,Indeterminada,CRIMES DIVERSOS,CRIMES DIVERSOS: CRIMES INFORMÁTICOS,ES,SAO MATEUS,OUTRO LOCAL,S/I,AMBIENTE WEB
25,56822269,2025-06-01T00:00:00,18:00:00,CRIMES DIVERSOS,CRIMES DIVERSOS: CRIMES INFORMÁTICOS,ES,GUARAPARI,NOVA GUARAPARI,ALAMEDA PORCITOS,AMBIENTE WEB
26,56825205,2025-06-01T00:00:00,13:00:00,CRIMES DIVERSOS,CRIMES DIVERSOS: CRIMES INFORMÁTICOS,ES,VITORIA,JARDIM DA PENHA,RUA MARIA ELEONORA PEREIRA,AMBIENTE WEB
27,56825308,2025-06-01T00:00:00,13:53:00,CRIMES DIVERSOS,CRIMES DIVERSOS: CRIMES INFORMÁTICOS,ES,VITORIA,JARDIM DA PENHA,S/I,OUTRO LOCAL
28,56826329,2025-06-01T00:00:00,16:31:00,CRIMES DIVERSOS,CRIMES DIVERSOS: CRIMES INFORMÁTICOS,ES,VIANA,VALE DO SOL,RUA BARAO DE MESQUITA,AMBIENTE WEB
29,56827391,2025-06-01T00:00:00,10:00:00,CRIMES DIVERSOS,CRIMES DIVERSOS: CRIMES INFORMÁTICOS,ES,SERRA,JARDIM LIMOEIRO,AV DESEMBARGADOR MARIO DA SILVA NUNES,AMBIENTE WEB
30,56837210,2025-06-01T00:00:00,11:00:00,CRIMES DIVERSOS,CRIMES DIVERSOS: CRIMES INFORMÁTICOS,ES,COLATINA,PONTE DO PANCAS,S/I,AMBIENTE WEB
31,56848604,2025-06-01T00:00:00,13:00:00,CRIMES DIVERSOS,CRIMES DIVERSOS: CRIMES INFORMÁTICOS,ES,CASTELO,NOSSA SENHORA APARECIDA,S/I,AMBIENTE WEB
32,56914769,2025-06-01T00:00:00,17:00:00,CRIMES DIVERSOS,CRIMES DIVERSOS: CRIMES INFORMÁTICOS,ES,VARGEM ALTA,BELEM,S/I,AMBIENTE WEB
33,56914779,2025-06-01T00:00:00,17:00:00,CRIMES DIVERSOS,CRIMES DIVERSOS: CRIMES INFORMÁTICOS,ES,VARGEM ALTA,BELEM,S/I,AMBIENTE WEB
34,57038077,2025-06-01T00:00:00,11:00:00,CRIMES DIVERSOS,CRIMES DIVERSOS: CRIMES INFORMÁTICOS,ES,SAO ROQUE DO CANAA,VILA VERDE,S/I,AMBIENTE WEB
35,56826440,2025-07-01T00:00:00,07:50:00,CRIMES DIVERSOS,CRIMES DIVERSOS: CRIMES INFORMÁTICOS,ES,VILA VELHA,PRAIA DA COSTA,RUA JOSEPH ZGAIB,AMBIENTE WEB
36,56828146,2025-07-01T00:00:00,Indeterminada,CRIMES DIVERSOS,CRIMES DIVERSOS: CRIMES INFORMÁTICOS,ES,PRESIDENTE KENNEDY,SAO EDUARDO,RUA BARTOLOMEU SANTIAGO,AMBIENTE WEB
37,56835267,2025-07-01T00:00:00,22:24:00,CRIMES DIVERSOS,CRIMES DIVERSOS: CRIMES INFORMÁTICOS,ES,PINHEIROS,OUTRO LOCAL,S/I,AMBIENTE WEB
38,56836934,2025-07-01T00:00:00,17:44:00,CRIMES DIVERSOS,CRIMES DIVERSOS: CRIMES INFORMÁTICOS,ES,COLATINA,SANTOS DUMONT,S/I,AMBIENTE WEB
39,56846457,2025-07-01T00:00:00,13:30:00,CRIMES DIVERSOS,CRIMES DIVERSOS: CRIMES INFORMÁTICOS,ES,CARIACICA,SAO FRANCISCO,S/I,OUTRO LOCAL
40,56855690,2025-07-01T00:00:00,13:47:00,CRIMES DIVERSOS,CRIMES DIVERSOS: CRIMES INFORMÁTICOS,ES,VITORIA,REPUBLICA,S/I,OUTRO LOCAL
41,56885744,2025-07-01T00:00:00,11:30:00,CRIMES DIVERSOS,CRIMES DIVERSOS: CRIMES INFORMÁTICOS,ES,VILA VELHA,COBI DE CIMA,RUA ORLANDO PEREIRA,AMBIENTE WEB
42,56908383,2025-07-01T00:00:00,16:09:00,CRIMES DIVERSOS,CRIMES DIVERSOS: CRIMES INFORMÁTICOS,ES,CARIACICA,JARDIM BOTANICO,RUA COLATINA,AMBIENTE WEB
43,56968551,2025-07-01T00:00:00,18:50:00,CRIMES DIVERSOS,CRIMES DIVERSOS: CRIMES INFORMÁTICOS,ES,VIANA,UNIVERSAL,RUA SÃO JOSÉ,RESIDÊNCIA
44,57636980,2025-07-01T00:00:00,22:00:00,CRIMES DIVERSOS,CRIMES DIVERSOS: CRIMES INFORMÁTICOS,ES,VITORIA,JARDIM CAMBURI,AV EUGENIO PACHECO DE QUEIROZ,OUTRO LOCAL
45,56835682,2025-08-01T00:00:00,07:30:00,CRIMES DIVERSOS,CRIMES DIVERSOS: CRIMES INFORMÁTICOS,ES,SERRA,BAIRRO DAS LARANJEIRAS,RUA SAO PEDRO,AMBIENTE WEB
46,56837193,2025-08-01T00:00:00,Indeterminada,CRIMES DIVERSOS,CRIMES DIVERSOS: CRIMES INFORMÁTICOS,ES,COLATINA,SAO PEDRO,RUA FELIPE CAMARAO,RESIDÊNCIA
47,56837331,2025-08-01T00:00:00,Indeterminada,CRIMES DIVERSOS,CRIMES DIVERSOS: CRIMES INFORMÁTICOS,ES,COLATINA,SAO PEDRO,RUA FELIPE CAMARAO,RESIDÊNCIA
48,56838426,2025-08-01T00:00:00,10:47:00,CRIMES DIVERSOS,CRIMES DIVERSOS: CRIMES INFORMÁTICOS,ES,SAO MATEUS,OUTRO LOCAL,S/I,AMBIENTE WEB
49,56845786,2025-08-01T00:00:00,15:30:00,CRIMES DIVERSOS,CRIMES DIVERSOS: CRIMES INFORMÁTICOS,ES,SAO MATEUS,OUTRO LOCAL,S/I,AMBIENTE WEB
50,56845824,2025-08-01T00:00:00,19:00:00,CRIMES DIVERSOS,CRIMES DIVERSOS: CRIMES INFORMÁTICOS,ES,VITORIA,JARDIM DA PENHA,RUA DOUTOR CYRO LOPES PEREIRA,AMBIENTE WEB
51,56846925,2025-08-01T00:00:00,15:30:00,CRIMES DIVERSOS,CRIMES DIVERSOS: CRIMES INFORMÁTICOS,ES,CARIACICA,SAO FRANCISCO,RUA AGENOR VASCONCELOS,AMBIENTE WEB
52,56848577,2025-08-01T00:00:00,Indeterminada,CRIMES DIVERSOS,CRIMES DIVERSOS: CRIMES INFORMÁTICOS,ES,CARIACICA,MORADA DE SANTA FE,RUA ANGELA,AGÊNCIA BANCÁRIA
53,56851611,2025-08-01T00:00:00,09:48:00,CRIMES DIVERSOS,CRIMES DIVERSOS: CRIMES INFORMÁTICOS,ES,VIANA,ANTARTICA,CASA,AMBIENTE WEB
54,56851617,2025-08-01T00:00:00,19:07:00,CRIMES DIVERSOS,CRIMES DIVERSOS: CRIMES INFORMÁTICOS,ES,VIANA,VALE DO SOL,RUA BARAO DE MESQUITA,RESIDÊNCIA
55,56975275,2025-08-01T00:00:00,Indeterminada,CRIMES DIVERSOS,CRIMES DIVERSOS: CRIMES INFORMÁTICOS,ES,CONCEICAO DA BARRA,MARCILIO DIAS I,RUA DAMACENO XAVIER,AMBIENTE WEB
56,56848470,2025-09-01T00:00:00,Indeterminada,CRIMES DIVERSOS,CRIMES DIVERSOS: CRIMES INFORMÁTICOS,ES,CARIACICA,MORADA DE SANTA FE,RUA DONA TEREZA,AGÊNCIA BANCÁRIA
57,56848817,2025-09-01T00:00:00,08:40:00,CRIMES DIVERSOS,CRIMES DIVERSOS: CRIMES INFORMÁTICOS,ES,CARIACICA,CAMPINA GRANDE,RUA HORIZONTE FELIZ,AMBIENTE WEB
58,56850419,2025-09-01T00:00:00,Indeterminada,CRIMES DIVERSOS,CRIMES DIVERSOS: CRIMES INFORMÁTICOS,ES,VITORIA,JARDIM CAMBURI,RUA DESEMBARGADOR EURIPEDES Q VALLE,AMBIENTE WEB
59,56850579,2025-09-01T00:00:00,13:24:00,CRIMES DIVERSOS,CRIMES DIVERSOS: CRIMES INFORMÁTICOS,ES,SERRA,PLANALTO SERRANO,RUA SAO DOMINGOS,AMBIENTE WEB
60,56855416,2025-09-01T00:00:00,21:00:00,CRIMES DIVERSOS,CRIMES DIVERSOS: CRIMES INFORMÁTICOS,ES,VITORIA,JARDIM CAMBURI,AV DR HERWAN MODENESE WANDERLEY,AMBIENTE WEB
61,56859322,2025-09-01T00:00:00,22:00:00,CRIMES DIVERSOS,CRIMES DIVERSOS: CRIMES INFORMÁTICOS,ES,VILA VELHA,COQUEIRAL DE ITAPARICA,RUA OITO,AMBIENTE WEB
62,56860007,2025-09-01T00:00:00,10:00:00,CRIMES DIVERSOS,CRIMES DIVERSOS: CRIMES INFORMÁTICOS,ES,VITORIA,SANTO ANTONIO,TRAVESSA JOSÉ VELOSO,OUTRO LOCAL
63,56888063,2025-09-01T00:00:00,16:00:00,CRIMES DIVERSOS,CRIMES DIVERSOS: CRIMES INFORMÁTICOS,ES,CARIACICA,CACAROCA,CASA,VEÍCULO
64,56888352,2025-09-01T00:00:00,11:00:00,CRIMES DIVERSOS,CRIMES DIVERSOS: CRIMES INFORMÁTICOS,ES,COLATINA,OUTRO LOCAL,S/I,AMBIENTE WEB
65,56888975,2025-09-01T00:00:00,22:00:00,CRIMES DIVERSOS,CRIMES DIVERSOS: CRIMES INFORMÁTICOS,ES,VILA VELHA,GUARANHUNS,RUA DEMOCRITO SILVA,AMBIENTE WEB
66,56907195,2025-09-01T00:00:00,Indeterminada,CRIMES DIVERSOS,CRIMES DIVERSOS: CRIMES INFORMÁTICOS,ES,CARIACICA,SANTO ANDRE,RUA S BERNARDO,AMBIENTE WEB
67,56914770,2025-09-01T00:00:00,18:30:00,CRIMES DIVERSOS,CRIMES DIVERSOS: CRIMES INFORMÁTICOS,ES,VITORIA,JARDIM CAMBURI,RUA MARIA DOS SANTOS CUNHA,OUTRO LOCAL
68,56970831,2025-09-01T00:00:00,13:00:00,CRIMES DIVERSOS,CRIMES DIVERSOS: CRIMES INFORMÁTICOS,ES,VILA VELHA,OUTRO LOCAL,S/I,AMBIENTE WEB
69,56856444,2025-10-01T00:00:00,09:00:00,CRIMES DIVERSOS,CRIMES DIVERSOS: CRIMES INFORMÁTICOS,ES,SERRA,CIDADE CONTINENTAL,S/I,AMBIENTE WEB
70,56862894,2025-10-01T00:00:00,16:30:00,CRIMES DIVERSOS,CRIMES DIVERSOS: CRIMES INFORMÁTICOS,ES,SERRA,BICANGA,RUA MANOEL DE ARAUJO B ALEGRE,RESIDÊNCIA
71,56886066,2025-10-01T00:00:00,14:31:00,CRIMES DIVERSOS,CRIMES DIVERSOS: CRIMES INFORMÁTICOS,ES,CARIACICA,VILA CAPIXABA,CASA,OUTRO LOCAL
72,56888318,2025-10-01T00:00:00,17:00:00,CRIMES DIVERSOS,CRIMES DIVERSOS: CRIMES INFORMÁTICOS,ES,COLATINA,OUTRO LOCAL,S/I,AMBIENTE WEB
73,56888528,2025-10-01T00:00:00,18:45:00,CRIMES DIVERSOS,CRIMES DIVERSOS: CRIMES INFORMÁTICOS,ES,CARIACICA,RIO MARINHO,RUA E,AMBIENTE WEB
74,56889020,2025-10-01T00:00:00,16:30:00,CRIMES DIVERSOS,CRIMES DIVERSOS: CRIMES INFORMÁTICOS,ES,CONCEICAO DA BARRA,NOVA BETHANIA,RUA VINTE DOIS DE NOVEMBRO,RESIDÊNCIA
75,56914808,2025-10-01T00:00:00,10:00:00,CRIMES DIVERSOS,CRIMES DIVERSOS: CRIMES INFORMÁTICOS,ES,VARGEM ALTA,PROSPERIDADE,ZONA RURAL,AMBIENTE WEB
76,56914821,2025-10-01T00:00:00,19:30:00,CRIMES DIVERSOS,CRIMES DIVERSOS: CRIMES INFORMÁTICOS,ES,VARGEM ALTA,SANTO ANTONIO,ZONA RURAL DE SANTO ANTONIO,RESIDÊNCIA
77,56967005,2025-10-01T00:00:00,Indeterminada,CRIMES DIVERSOS,CRIMES DIVERSOS: CRIMES INFORMÁTICOS,ES,CARIACICA,SANTO ANDRE,AV BEIRA RIO,AMBIENTE WEB
78,56969681,2025-10-01T00:00:00,18:44:00,CRIMES DIVERSOS,CRIMES DIVERSOS: CRIMES INFORMÁTICOS,ES,CARIACICA,ITAPEMIRIM,S/I,AMBIENTE WEB
79,57178991,2025-10-01T00:00:00,Indeterminada,CRIMES DIVERSOS,CRIMES DIVERSOS: CRIMES INFORMÁTICOS,ES,VITORIA,JARDIM CAMBURI,AV DANTE MICHELINE,AMBIENTE WEB
80,56872581,2025-11-01T00:00:00,Indeterminada,CRIMES DIVERSOS,CRIMES DIVERSOS: CRIMES INFORMÁTICOS,ES,BARRA DE SAO FRANCISCO,BAIRRO CRUZEIRO,RUA AIRTON SENNA,AMBIENTE WEB
81,56879955,2025-11-01T00:00:00,Indeterminada,CRIMES DIVERSOS,CRIMES DIVERSOS: CRIMES INFORMÁTICOS,ES,GUARAPARI,PRAIA DO MORRO,RUA LIDU,AMBIENTE WEB
82,56886225,2025-11-01T00:00:00,22:00:00,CRIMES DIVERSOS,CRIMES DIVERSOS: CRIMES INFORMÁTICOS,ES,VILA VELHA,ALVORADA,S/I,OUTRO LOCAL
83,57040289,2025-11-01T00:00:00,Indeterminada,CRIMES DIVERSOS,CRIMES DIVERSOS: CRIMES INFORMÁTICOS,ES,VITORIA,DO QUADRO,RUA PEDRO ROSINO DA SILVA,AMBIENTE WEB
84,57172560,2025-11-01T00:00:00,13:00:00,CRIMES DIVERSOS,CRIMES DIVERSOS: CRIMES INFORMÁTICOS,ES,SANTA TERESA,OUTRO LOCAL,S/I,OUTRO LOCAL
85,56884211,2025-12-01T00:00:00,15:27:00,CRIMES DIVERSOS,CRIMES DIVERSOS: CRIMES INFORMÁTICOS,ES,VILA VELHA,INDUSTRIAL,RUA SOL NASCENTE,OUTRO LOCAL
86,56895326,2025-12-01T00:00:00,13:20:00,CRIMES DIVERSOS,CRIMES DIVERSOS: CRIMES INFORMÁTICOS,ES,VILA VELHA,COBI DE CIMA,RUA ANGELO BOTTECHIA,OUTRO LOCAL
87,56904125,2025-12-01T00:00:00,07:00:00,CRIMES DIVERSOS,CRIMES DIVERSOS: CRIMES INFORMÁTICOS,ES,VITORIA,JARDIM CAMBURI,AVENIDA GOVERNADOR EURICO RESENDE,AMBIENTE WEB
88,56969798,2025-12-01T00:00:00,16:33:00,CRIMES DIVERSOS,CRIMES DIVERSOS: CRIMES INFORMÁTICOS,ES,CARIACICA,ROSA DA PENHA,RUA PROFESSOR JADILSON COSTA DE ALMEIDA,AMBIENTE WEB
89,56985753,2025-12-01T00:00:00,03:09:00,CRIMES DIVERSOS,CRIMES DIVERSOS: CRIMES INFORMÁTICOS,ES,SERRA,PARQUE RESIDENCIAL TUBARAO,333,OUTRO LOCAL
90,57039382,2025-12-01T00:00:00,15:00:00,CRIMES DIVERSOS,CRIMES DIVERSOS: CRIMES INFORMÁTICOS,ES,VITORIA,JARDIM DA PENHA,RUA DOUTOR DIDO FONTES,AMBIENTE WEB
91,57123989,2025-12-01T00:00:00,Indeterminada,CRIMES DIVERSOS,CRIMES DIVERSOS: CRIMES INFORMÁTICOS,ES,VILA VELHA,PRAIA DE ITAPARICA,AV ESTUDANTE JOSE JULIO DE SOUZA,AMBIENTE WEB
92,57458310,2025-12-01T00:00:00,Indeterminada,CRIMES DIVERSOS,CRIMES DIVERSOS: CRIMES INFORMÁTICOS,ES,SAO MATEUS,OUTRO LOCAL,S/I,AMBIENTE WEB
93,56889065,2025-01-13T00:00:00,Indeterminada,CRIMES DIVERSOS,CRIMES DIVERSOS: CRIMES INFORMÁTICOS,ES,SAO MATEUS,OUTRO LOCAL,S/I,AMBIENTE WEB
94,56889394,2025-01-13T00:00:00,11:00:00,CRIMES DIVERSOS,CRIMES DIVERSOS: CRIMES INFORMÁTICOS,ES,CARIACICA,BELA AURORA,S/I,OUTRO LOCAL
95,56890191,2025-01-13T00:00:00,15:00:00,CRIMES DIVERSOS,CRIMES DIVERSOS: CRIMES INFORMÁTICOS,ES,SAO MATEUS,OUTRO LOCAL,S/I,AMBIENTE WEB
96,56890560,2025-01-13T00:00:00,09:30:00,CRIMES DIVERSOS,CRIMES DIVERSOS: CRIMES INFORMÁTICOS,ES,SANTA TERESA,CENTENARIO,RUA BERNARDINO MONTEIRO,AMBIENTE WEB
97,56894819,2025-01-13T00:00:00,16:33:00,CRIMES DIVERSOS,CRIMES DIVERSOS: CRIMES INFORMÁTICOS,ES,VITORIA,JARDIM CAMBURI,S/I,AMBIENTE WEB
98,56895940,2025-01-13T00:00:00,08:00:00,CRIMES DIVERSOS,CRIMES DIVERSOS: CRIMES INFORMÁTICOS,ES,COLATINA,OUTRO LOCAL,S/I,VIA PÚBLICA
99,56896577,2025-01-13T00:00:00,12:36:00,CRIMES DIVERSOS,CRIMES DIVERSOS: CRIMES INFORMÁTICOS,ES,CONCEICAO DA BARRA,CENTRO,RUA CAPITAO ANTERO FARIA,OUTRO LOCAL
100,56897133,2025-01-13T00:00:00,15:50:00,CRIMES DIVERSOS,CRIMES DIVERSOS: CRIMES INFORMÁTICOS,ES,VITORIA,CENTRO,RUA ALBERTO DE OLIVEIRA SANTOS,AMBIENTE WEB
101,56897295,2025-01-13T00:00:00,15:00:00,CRIMES DIVERSOS,CRIMES DIVERSOS: CRIMES INFORMÁTICOS,ES,SERRA,MORADA DE LARANJEIRAS,AV MINAS GERAIS,AMBIENTE WEB
102,56899180,2025-01-13T00:00:00,22:00:00,CRIMES DIVERSOS,CRIMES DIVERSOS: CRIMES INFORMÁTICOS,ES,CARIACICA,ITANGUA,RUA CLARICIO ALVES RIBEIRO,RESIDÊNCIA
103,56914833,2025-01-13T00:00:00,10:00:00,CRIMES DIVERSOS,CRIMES DIVERSOS: CRIMES INFORMÁTICOS,ES,VARGEM ALTA,PARAISO,S/I,AMBIENTE WEB
104,56971323,2025-01-13T00:00:00,15:40:00,CRIMES DIVERSOS,CRIMES DIVERSOS: CRIMES INFORMÁTICOS,ES,CARIACICA,VILA ISABEL,S/I,AMBIENTE WEB
105,57018599,2025-01-13T00:00:00,20:00:00,CRIMES DIVERSOS,CRIMES DIVERSOS: CRIMES INFORMÁTICOS,ES,ARACRUZ,SEGATO,EURICO DE AGUIAR SALLES,RESIDÊNCIA
106,58058550,2025-01-13T00:00:00,09:38:00,CRIMES DIVERSOS,CRIMES DIVERSOS: CRIMES INFORMÁTICOS,ES,SANTA TERESA,OUTRO LOCAL,AV DA PENHA,VIA PÚBLICA
107,56897499,2025-01-14T00:00:00,10:40:00,CRIMES DIVERSOS,CRIMES DIVERSOS: CRIMES INFORMÁTICOS,ES,SANTA TERESA,VILA NOVA,RUA DECKI RUSCHI,AMBIENTE WEB
108,56898154,2025-01-14T00:00:00,Indeterminada,CRIMES DIVERSOS,CRIMES DIVERSOS: CRIMES INFORMÁTICOS,ES,SERRA,VALPARAISO,RUA SANTOS DUMONT,AMBIENTE WEB
109,56899409,2025-01-14T00:00:00,Indeterminada,CRIMES DIVERSOS,CRIMES DIVERSOS: CRIMES INFORMÁTICOS,ES,SAO MATEUS,OUTRO LOCAL,S/I,AMBIENTE WEB
110,56904114,2025-01-14T00:00:00,09:30:00,CRIMES DIVERSOS,CRIMES DIVERSOS: CRIMES INFORMÁTICOS,ES,VITORIA,JARDIM CAMBURI,AV GELU VERVLOET DOS SANTOS,AMBIENTE WEB
111,56906451,2025-01-14T00:00:00,14:30:00,CRIMES DIVERSOS,CRIMES DIVERSOS: CRIMES INFORMÁTICOS,ES,BARRA DE SAO FRANCISCO,OUTRO LOCAL,CENTRO,OUTRO LOCAL
112,56907075,2025-01-14T00:00:00,11:23:00,CRIMES DIVERSOS,CRIMES DIVERSOS: CRIMES INFORMÁTICOS,ES,AGUIA BRANCA,JOAO PAULO II,RUA VISTA LINDA,AMBIENTE WEB
113,56913586,2025-01-14T00:00:00,11:39:00,CRIMES DIVERSOS,CRIMES DIVERSOS: CRIMES INFORMÁTICOS,ES,SERRA,COLINA DA SERRA,AV MESTRE ALVARO,CONSULTORIO
114,56913658,2025-01-14T00:00:00,17:00:00,CRIMES DIVERSOS,CRIMES DIVERSOS: CRIMES INFORMÁTICOS,ES,SERRA,CASCATA,RUA ALECRIM,RESIDÊNCIA
115,56914247,2025-01-14T00:00:00,21:44:00,CRIMES DIVERSOS,CRIMES DIVERSOS: CRIMES INFORMÁTICOS,ES,CARIACICA,FLEXAL I,ALAMEDA EDSON GROSMAN CARDOSO,OUTRO LOCAL
116,56914830,2025-01-14T00:00:00,05:45:00,CRIMES DIVERSOS,CRIMES DIVERSOS: CRIMES INFORMÁTICOS,ES,VARGEM ALTA,SAO JOSE DE FRUTEIRA,AV JULIO GUIDI,RESIDÊNCIA
117,56977556,2025-01-14T00:00:00,14:00:00,CRIMES DIVERSOS,CRIMES DIVERSOS: CRIMES INFORMÁTICOS,ES,SERRA,MORADA DE LARANJEIRAS,RUA GUARUJA,OUTRO LOCAL
118,56987879,2025-01-14T00:00:00,18:00:00,CRIMES DIVERSOS,CRIMES DIVERSOS: CRIMES INFORMÁTICOS,ES,SERRA,FEU ROSA,RUA RECANTO VERDE,AMBIENTE WEB
119,57015688,2025-01-14T00:00:00,16:06:00,CRIMES DIVERSOS,CRIMES DIVERSOS: CRIMES INFORMÁTICOS,ES,CARIACICA,CAMPO GRANDE,RUA GIL VELOSO,AMBIENTE WEB
120,56905734,2025-01-15T00:00:00,10:05:00,CRIMES DIVERSOS,CRIMES DIVERSOS: CRIMES INFORMÁTICOS,ES,VITORIA,JARDIM CAMBURI,S/I,AMBIENTE WEB
121,56907150,2025-01-15T00:00:00,08:00:00,CRIMES DIVERSOS,CRIMES DIVERSOS: CRIMES INFORMÁTICOS,ES,VITORIA,TABUAZEIRO,RUA JOSE MACHADO,AMBIENTE WEB
122,56907881,2025-01-15T00:00:00,Indeterminada,CRIMES DIVERSOS,CRIMES DIVERSOS: CRIMES INFORMÁTICOS,ES,SAO MATEUS,OUTRO LOCAL,S/I,AMBIENTE WEB
123,56914274,2025-01-15T00:00:00,10:30:00,CRIMES DIVERSOS,CRIMES DIVERSOS: CRIMES INFORMÁTICOS,ES,CARIACICA,NOVA BRASILIA,RUA GUARAPARI,AMBIENTE WEB
124,56915098,2025-01-15T00:00:00,Indeterminada,CRIMES DIVERSOS,CRIMES DIVERSOS: CRIMES INFORMÁTICOS,ES,VITORIA,CENTRO,RUA 7 DE SETEMBRO,AMBIENTE WEB
125,56916445,2025-01-15T00:00:00,Indeterminada,CRIMES DIVERSOS,CRIMES DIVERSOS: CRIMES INFORMÁTICOS,ES,VILA VELHA,SANTA PAULA II,RUA SANTA MARTA,AMBIENTE WEB
126,56917931,2025-01-15T00:00:00,21:40:00,CRIMES DIVERSOS,CRIMES DIVERSOS: CRIMES INFORMÁTICOS,ES,ARACRUZ,VILA NOVA,S/I,AMBIENTE WEB
127,56918090,2025-01-15T00:00:00,17:00:00,CRIMES DIVERSOS,CRIMES DIVERSOS: CRIMES INFORMÁTICOS,ES,CONCEICAO DA BARRA,OUTRO LOCAL,RUA DEZESSEIS,RESIDÊNCIA
128,56918378,2025-01-15T00:00:00,Indeterminada,CRIMES DIVERSOS,CRIMES DIVERSOS: CRIMES INFORMÁTICOS,ES,SERRA,JARDIM LIMOEIRO,RU XF,AMBIENTE WEB
129,57014491,2025-01-15T00:00:00,14:43:00,CRIMES DIVERSOS,CRIMES DIVERSOS: CRIMES INFORMÁTICOS,ES,CARIACICA,ITAPEMIRIM,RUA DINAMARCA,AMBIENTE WEB
130,57039627,2025-01-15T00:00:00,06:30:00,CRIMES DIVERSOS,CRIMES DIVERSOS: CRIMES INFORMÁTICOS,ES,VITORIA,MATA DA PRAIA,S/I,AMBIENTE WEB
131,57057526,2025-01-15T00:00:00,09:36:00,CRIMES DIVERSOS,CRIMES DIVERSOS: CRIMES INFORMÁTICOS,ES,SERRA,OUTRO LOCAL,S/I,AMBIENTE WEB
132,56917447,2025-01-16T00:00:00,10:00:00,CRIMES DIVERSOS,CRIMES DIVERSOS: CRIMES INFORMÁTICOS,ES,CARIACICA,JARDIM AMERICA,HAITIANAS,RESIDÊNCIA
133,56924072,2025-01-16T00:00:00,16:34:00,CRIMES DIVERSOS,CRIMES DIVERSOS: CRIMES INFORMÁTICOS,ES,CARIACICA,VILA CAPIXABA,S/I,RESIDÊNCIA
134,56927754,2025-01-16T00:00:00,17:00:00,CRIMES DIVERSOS,CRIMES DIVERSOS: CRIMES INFORMÁTICOS,ES,VITORIA,ENSEADA DO SUA,RUA ARY SIQUEIRA,AMBIENTE WEB
135,56955484,2025-01-16T00:00:00,15:07:00,CRIMES DIVERSOS,CRIMES DIVERSOS: CRIMES INFORMÁTICOS,ES,CARIACICA,EXPEDITO,RUA GENESIO LOUREIRO,OUTRO LOCAL
136,56955488,2025-01-16T00:00:00,17:20:00,CRIMES DIVERSOS,CRIMES DIVERSOS: CRIMES INFORMÁTICOS,ES,CARIACICA,JARDIM DE ALAH,RUA CARLOS DRUMMOND DE ANDRADE,AMBIENTE WEB
137,56955887,2025-01-16T00:00:00,20:15:00,CRIMES DIVERSOS,CRIMES DIVERSOS: CRIMES INFORMÁTICOS,ES,CARIACICA,BOA SORTE,AV ZANOTTI,OUTRO LOCAL
138,56962577,2025-01-16T00:00:00,13:00:00,CRIMES DIVERSOS,CRIMES DIVERSOS: CRIMES INFORMÁTICOS,ES,SERRA,PORTO CANOA,RUA PROJETADA 3,AMBIENTE WEB
139,56967451,2025-01-16T00:00:00,Indeterminada,CRIMES DIVERSOS,CRIMES DIVERSOS: CRIMES INFORMÁTICOS,ES,SERRA,RESIDENCIAL CENTRO DA SERRA,"RUA ABONIDAM, LOTE 6",AMBIENTE WEB
140,56975208,2025-01-16T00:00:00,10:00:00,CRIMES DIVERSOS,CRIMES DIVERSOS: CRIMES INFORMÁTICOS,ES,CASTELO,CENTRO,CASTELO,COMÉRCIO
141,57028531,2025-01-16T00:00:00,11:36:00,CRIMES DIVERSOS,CRIMES DIVERSOS: CRIMES INFORMÁTICOS,ES,VITORIA,JARDIM DA PENHA,S/I,RESIDÊNCIA
142,57037147,2025-01-16T00:00:00,19:25:00,CRIMES DIVERSOS,CRIMES DIVERSOS: CRIMES INFORMÁTICOS,ES,SERRA,CAMPINHO DA SERRA I,S/I,OUTRO LOCAL
143,57057831,2025-01-16T00:00:00,09:28:00,CRIMES DIVERSOS,CRIMES DIVERSOS: CRIMES INFORMÁTICOS,ES,SERRA,OUTRO LOCAL,S/I,OUTRO LOCAL
144,56927216,2025-01-17T00:00:00,06:00:00,CRIMES DIVERSOS,CRIMES DIVERSOS: CRIMES INFORMÁTICOS,ES,SANTA MARIA DE JETIBA,OUTRO LOCAL,S/I,AMBIENTE WEB
145,56928645,2025-01-17T00:00:00,Indeterminada,CRIMES DIVERSOS,CRIMES DIVERSOS: CRIMES INFORMÁTICOS,ES,VITORIA,RESISTENCIA,RUA CURVA DA MORTE,AMBIENTE WEB
146,56952826,2025-01-17T00:00:00,05:00:00,CRIMES DIVERSOS,CRIMES DIVERSOS: CRIMES INFORMÁTICOS,ES,CARIACICA,ITACIBA,RUA HUGO SILVEIRA,OUTRO LOCAL
147,56953770,2025-01-17T00:00:00,Indeterminada,CRIMES DIVERSOS,CRIMES DIVERSOS: CRIMES INFORMÁTICOS,ES,SAO MATEUS,OUTRO LOCAL,S/I,AMBIENTE WEB
148,56956019,2025-01-17T00:00:00,08:00:00,CRIMES DIVERSOS,CRIMES DIVERSOS: CRIMES INFORMÁTICOS,ES,COLATINA,SAO VICENTE,RUA MANOEL ANTUNES MOREIRA,AMBIENTE WEB
149,56973814,2025-01-17T00:00:00,Indeterminada,CRIMES DIVERSOS,CRIMES DIVERSOS: CRIMES INFORMÁTICOS,ES,CARIACICA,CRUZEIRO DO SUL,RUA D PEDRO II,AMBIENTE WEB
150,57031151,2025-01-17T00:00:00,Indeterminada,CRIMES DIVERSOS,CRIMES DIVERSOS: CRIMES INFORMÁTICOS,ES,SAO MATEUS,SEAC,RODOCON,VIA PÚBLICA
151,57078699,2025-01-17T00:00:00,12:23:00,CRIMES DIVERSOS,CRIMES DIVERSOS: CRIMES INFORMÁTICOS,ES,SERRA,CAMPINHO DA SERRA II,AV MESTRE ALVARO,OUTRO LOCAL
152,56952585,2025-01-18T00:00:00,14:45:00,CRIMES DIVERSOS,CRIMES DIVERSOS: CRIMES INFORMÁTICOS,ES,VITORIA,JARDIM CAMBURI,RUA DESEMB EURUPEDES QUEIROZ DO VALE,OUTRO LOCAL
153,56952625,2025-01-18T00:00:00,08:00:00,CRIMES DIVERSOS,CRIMES DIVERSOS: CRIMES INFORMÁTICOS,ES,VITORIA,JARDIM CAMBURI,RUA ALICE BUMACHAR NEFFA,AMBIENTE WEB
154,56955883,2025-01-18T00:00:00,12:14:00,CRIMES DIVERSOS,CRIMES DIVERSOS: CRIMES INFORMÁTICOS,ES,CARIACICA,RIO MARINHO,RUA JASMIN,AMBIENTE WEB
155,56962927,2025-01-18T00:00:00,21:25:00,CRIMES DIVERSOS,CRIMES DIVERSOS: CRIMES INFORMÁTICOS,ES,VILA VELHA,PRIMEIRO DE MAIO,RUA SEBASTIÃO INACIO DA SILVA,RESIDÊNCIA
156,57028022,2025-01-18T00:00:00,15:53:00,CRIMES DIVERSOS,CRIMES DIVERSOS: CRIMES INFORMÁTICOS,ES,PINHEIROS,OUTRO LOCAL,AVENIDA ADELINO QUEIROZ,AMBIENTE WEB
157,57028056,2025-01-18T00:00:00,10:00:00,CRIMES DIVERSOS,CRIMES DIVERSOS: CRIMES INFORMÁTICOS,ES,VITORIA,MATA DA PRAIA,S/I,OUTRO LOCAL
158,56962895,2025-01-19T00:00:00,16:30:00,CRIMES DIVERSOS,CRIMES DIVERSOS: CRIMES INFORMÁTICOS,ES,VILA VELHA,VILA GARRIDO,S/I,AMBIENTE WEB
159,56990360,2025-01-19T00:00:00,Indeterminada,CRIMES DIVERSOS,CRIMES DIVERSOS: CRIMES INFORMÁTICOS,ES,VILA VELHA,VILA GARRIDO,RUA NOVA,AMBIENTE WEB
160,57016617,2025-01-19T00:00:00,13:20:00,CRIMES DIVERSOS,CRIMES DIVERSOS: CRIMES INFORMÁTICOS,ES,CARIACICA,OUTRO LOCAL,CASA,OUTRO LOCAL
161,57027514,2025-01-19T00:00:00,15:30:00,CRIMES DIVERSOS,CRIMES DIVERSOS: CRIMES INFORMÁTICOS,ES,SANTA TERESA,CANAA,S/I,AMBIENTE WEB
162,56955013,2025-01-20T00:00:00,Indeterminada,CRIMES DIVERSOS,CRIMES DIVERSOS: CRIMES INFORMÁTICOS,ES,VITORIA,ILHA DE SANTA MARIA,LAD MANOEL MINDELA,AMBIENTE WEB
163,56955921,2025-01-20T00:00:00,11:50:00,CRIMES DIVERSOS,CRIMES DIVERSOS: CRIMES INFORMÁTICOS,ES,SAO MATEUS,OUTRO LOCAL,S/I,AMBIENTE WEB
164,56962456,2025-01-20T00:00:00,21:00:00,CRIMES DIVERSOS,CRIMES DIVERSOS: CRIMES INFORMÁTICOS,ES,SAO MATEUS,OUTRO LOCAL,S/I,AMBIENTE WEB
165,56962588,2025-01-20T00:00:00,07:00:00,CRIMES DIVERSOS,CRIMES DIVERSOS: CRIMES INFORMÁTICOS,ES,VITORIA,JARDIM CAMBURI,RUA ANTIOCHO CARNEIRO DE MENDONÇA,OUTRO LOCAL
166,56962600,2025-01-20T00:00:00,11:45:00,CRIMES DIVERSOS,CRIMES DIVERSOS: CRIMES INFORMÁTICOS,ES,VITORIA,JARDIM CAMBURI,S/I,OUTRO LOCAL
167,56962874,2025-01-20T00:00:00,17:00:00,CRIMES DIVERSOS,CRIMES DIVERSOS: CRIMES INFORMÁTICOS,ES,MANTENOPOLIS,SAO GERALDO,RUA VALDEMAR CAPAZ,AMBIENTE WEB
168,56964199,2025-01-20T00:00:00,19:00:00,CRIMES DIVERSOS,CRIMES DIVERSOS: CRIMES INFORMÁTICOS,ES,CONCEICAO DA BARRA,CENTRO,RUA JOSE SETE,RESIDÊNCIA
169,56964342,2025-01-20T00:00:00,18:00:00,CRIMES DIVERSOS,CRIMES DIVERSOS: CRIMES INFORMÁTICOS,ES,VILA VELHA,OUTRO LOCAL,S/I,OUTRO LOCAL
170,56967074,2025-01-20T00:00:00,14:18:00,CRIMES DIVERSOS,CRIMES DIVERSOS: CRIMES INFORMÁTICOS,ES,VITORIA,OUTRO LOCAL,S/I,OUTRO LOCAL
171,56967158,2025-01-20T00:00:00,13:00:00,CRIMES DIVERSOS,CRIMES DIVERSOS: CRIMES INFORMÁTICOS,ES,VITORIA,OUTRO LOCAL,S/I,AMBIENTE WEB
172,56967511,2025-01-20T00:00:00,19:30:00,CRIMES DIVERSOS,CRIMES DIVERSOS: CRIMES INFORMÁTICOS,ES,CARIACICA,BELA AURORA,S/I,OUTRO LOCAL
173,56974764,2025-01-20T00:00:00,Indeterminada,CRIMES DIVERSOS,CRIMES DIVERSOS: CRIMES INFORMÁTICOS,ES,VITORIA,REPUBLICA,RUA PRESIDENTE EPITACIO PESSOA,AMBIENTE WEB
174,56975457,2025-01-20T00:00:00,12:00:00,CRIMES DIVERSOS,CRIMES DIVERSOS: CRIMES INFORMÁTICOS,ES,CASTELO,ZONA RURAL,LIMOEIRO,AMBIENTE WEB
175,56976929,2025-01-20T00:00:00,15:00:00,CRIMES DIVERSOS,CRIMES DIVERSOS: CRIMES INFORMÁTICOS,ES,CARIACICA,JARDIM AMERICA,S/I,AGÊNCIA BANCÁRIA
176,56995574,2025-01-20T00:00:00,17:00:00,CRIMES DIVERSOS,CRIMES DIVERSOS: CRIMES INFORMÁTICOS,ES,SERRA,SANTA LUZIA,S/I,AMBIENTE WEB
177,57016610,2025-01-20T00:00:00,15:00:00,CRIMES DIVERSOS,CRIMES DIVERSOS: CRIMES INFORMÁTICOS,ES,CARIACICA,SANTO ANDRE,AVENIDA BEIRA RIO,AMBIENTE WEB
178,57026927,2025-01-20T00:00:00,20:38:00,CRIMES DIVERSOS,CRIMES DIVERSOS: CRIMES INFORMÁTICOS,ES,SERRA,CIDADE CONTINENTAL,RUA ROSEMBERG,AMBIENTE WEB
179,57027987,2025-01-20T00:00:00,20:00:00,CRIMES DIVERSOS,CRIMES DIVERSOS: CRIMES INFORMÁTICOS,ES,VITORIA,MATA DA PRAIA,S/I,OUTRO LOCAL
180,57038099,2025-01-20T00:00:00,15:30:00,CRIMES DIVERSOS,CRIMES DIVERSOS: CRIMES INFORMÁTICOS,ES,MANTENOPOLIS,CENTRO,RUA DOUTOR CARLOS LINDEMBERG,OUTRO LOCAL
181,57040733,2025-01-20T00:00:00,20:00:00,CRIMES DIVERSOS,CRIMES DIVERSOS: CRIMES INFORMÁTICOS,ES,CONCEICAO DA BARRA,CENTRO,S/I,AMBIENTE WEB
182,57071392,2025-01-20T00:00:00,12:00:00,CRIMES DIVERSOS,CRIMES DIVERSOS: CRIMES INFORMÁTICOS,ES,SERRA,MORADA DE LARANJEIRAS,S/I,RESIDÊNCIA
183,56962994,2025-01-21T00:00:00,00:00:00,CRIMES DIVERSOS,CRIMES DIVERSOS: CRIMES INFORMÁTICOS,ES,CONCEICAO DA BARRA,SAO JOSE,RUA MANGUEIRA,RESIDÊNCIA
184,56965283,2025-01-21T00:00:00,11:00:00,CRIMES DIVERSOS,CRIMES DIVERSOS: CRIMES INFORMÁTICOS,ES,CARIACICA,PORTO DE CARIACICA,RUA ADELAIDE SCHWAB BRAGA,AMBIENTE WEB
185,56966201,2025-01-21T00:00:00,Indeterminada,CRIMES DIVERSOS,CRIMES DIVERSOS: CRIMES INFORMÁTICOS,ES,VITORIA,JARDIM DA PENHA,RUA GUARACY DE OLIVEIRA ASSIS,AMBIENTE WEB
186,56966242,2025-01-21T00:00:00,12:00:00,CRIMES DIVERSOS,CRIMES DIVERSOS: CRIMES INFORMÁTICOS,ES,CARIACICA,JARDIM DE ALAH,RUA C,OUTRO LOCAL
187,56967250,2025-01-21T00:00:00,Indeterminada,CRIMES DIVERSOS,CRIMES DIVERSOS: CRIMES INFORMÁTICOS,ES,VITORIA,PRAIA DO CANTO,RUA AFONSO CLAUDIO,AMBIENTE WEB
188,56967524,2025-01-21T00:00:00,Indeterminada,CRIMES DIVERSOS,CRIMES DIVERSOS: CRIMES INFORMÁTICOS,ES,VITORIA,PRAIA DO CANTO,RUA CONSTANTE SODRE,AMBIENTE WEB
189,56967832,2025-01-21T00:00:00,00:00:00,CRIMES DIVERSOS,CRIMES DIVERSOS: CRIMES INFORMÁTICOS,ES,VIANA,CENTRO,RUA VOLUNTARIO DA PATRIA,AMBIENTE WEB
190,56971258,2025-01-21T00:00:00,16:00:00,CRIMES DIVERSOS,CRIMES DIVERSOS: CRIMES INFORMÁTICOS,ES,VILA VELHA,ATAIDE,R. 11 S/N,RESIDÊNCIA
191,56975764,2025-01-21T00:00:00,17:00:00,CRIMES DIVERSOS,CRIMES DIVERSOS: CRIMES INFORMÁTICOS,ES,CARIACICA,FLEXAL I,RUA DOMINIQUE,AMBIENTE WEB
192,56976205,2025-01-21T00:00:00,22:30:00,CRIMES DIVERSOS,CRIMES DIVERSOS: CRIMES INFORMÁTICOS,ES,VILA VELHA,VALE ENCANTADO,RUA TODOS OS SANTOS,AMBIENTE WEB
193,56978144,2025-01-21T00:00:00,Indeterminada,CRIMES DIVERSOS,CRIMES DIVERSOS: CRIMES INFORMÁTICOS,ES,CONCEICAO DA BARRA,BRACO DO RIO,RUA AMAZONAS,AMBIENTE WEB
194,56983778,2025-01-21T00:00:00,17:18:00,CRIMES DIVERSOS,CRIMES DIVERSOS: CRIMES INFORMÁTICOS,ES,GUARAPARI,SAO GABRIEL,S/I,AMBIENTE WEB
195,56984406,2025-01-21T00:00:00,01:30:00,CRIMES DIVERSOS,CRIMES DIVERSOS: CRIMES INFORMÁTICOS,ES,VITORIA,JARDIM CAMBURI,AV ALFREDO AUCURE,OUTRO LOCAL
196,56984951,2025-01-21T00:00:00,12:00:00,CRIMES DIVERSOS,CRIMES DIVERSOS: CRIMES INFORMÁTICOS,ES,VILA VELHA,SAO TORQUATO,RUA LEOPOLDINA,AMBIENTE WEB
197,56985381,2025-01-21T00:00:00,11:00:00,CRIMES DIVERSOS,CRIMES DIVERSOS: CRIMES INFORMÁTICOS,ES,VILA VELHA,VALE ENCANTADO,RUA TODOS OS SANTOS,AMBIENTE WEB
198,56987032,2025-01-21T00:00:00,Indeterminada,CRIMES DIVERSOS,CRIMES DIVERSOS: CRIMES INFORMÁTICOS,ES,CONCEICAO DA BARRA,SAO JORGE,RUA S JORGE,AMBIENTE WEB
199,56987575,2025-01-21T00:00:00,10:00:00,CRIMES DIVERSOS,CRIMES DIVERSOS: CRIMES INFORMÁTICOS,ES,CARIACICA,BOA SORTE,S/I,OUTRO LOCAL
200,56998198,2025-01-21T00:00:00,Indeterminada,CRIMES DIVERSOS,CRIMES DIVERSOS: CRIMES INFORMÁTICOS,ES,VITORIA,SANTA LUIZA,AV NOSSA SENHORA DA PENHA,AMBIENTE WEB
201,57000732,2025-01-21T00:00:00,12:30:00,CRIMES DIVERSOS,CRIMES DIVERSOS: CRIMES INFORMÁTICOS,ES,VITORIA,JARDIM CAMBURI,S/I,AMBIENTE WEB
202,57027640,2025-01-21T00:00:00,16:00:00,CRIMES DIVERSOS,CRIMES DIVERSOS: CRIMES INFORMÁTICOS,ES,VITORIA,JARDIM DA PENHA,RUA JAHIRA SANTOS RODRIGUES,OUTRO LOCAL
203,57167803,2025-01-21T00:00:00,12:36:00,CRIMES DIVERSOS,CRIMES DIVERSOS: CRIMES INFORMÁTICOS,ES,COLATINA,COLUMBIA,S/I,RESIDÊNCIA
204,57181262,2025-01-21T00:00:00,15:30:00,CRIMES DIVERSOS,CRIMES DIVERSOS: CRIMES INFORMÁTICOS,ES,CARIACICA,VILA CAPIXABA,S/I,AMBIENTE WEB
205,56975009,2025-01-22T00:00:00,10:00:00,CRIMES DIVERSOS,CRIMES DIVERSOS: CRIMES INFORMÁTICOS,ES,VITORIA,JARDIM CAMBURI,S/I,AMBIENTE WEB
206,56978052,2025-01-22T00:00:00,Indeterminada,CRIMES DIVERSOS,CRIMES DIVERSOS: CRIMES INFORMÁTICOS,ES,CONCEICAO DA BARRA,NOSSA SENHORA APARECIDA,RUA MANOEL DA TININHA,RESIDÊNCIA
207,56985780,2025-01-22T00:00:00,10:00:00,CRIMES DIVERSOS,CRIMES DIVERSOS: CRIMES INFORMÁTICOS,ES,VITORIA,PRAIA DO CANTO,AV DESEMBARGADOR SANTOS NEVES,AGÊNCIA BANCÁRIA
208,56985927,2025-01-22T00:00:00,15:30:00,CRIMES DIVERSOS,CRIMES DIVERSOS: CRIMES INFORMÁTICOS,ES,CARIACICA,VILA CAPIXABA,RUA SANTA CRUZ,AMBIENTE WEB
209,56986301,2025-01-22T00:00:00,14:00:00,CRIMES DIVERSOS,CRIMES DIVERSOS: CRIMES INFORMÁTICOS,ES,VITORIA,SANTA MARTHA,RUA MANOEL VIEIRA DEUS,AMBIENTE WEB
210,56986392,2025-01-22T00:00:00,19:40:00,CRIMES DIVERSOS,CRIMES DIVERSOS: CRIMES INFORMÁTICOS,ES,VITORIA,INHANGUETA,RUA EMILIO FRANCISCO DA VITORIA,AMBIENTE WEB
211,56987152,2025-01-22T00:00:00,21:00:00,CRIMES DIVERSOS,CRIMES DIVERSOS: CRIMES INFORMÁTICOS,ES,VITORIA,MATA DA PRAIA,S/I,AMBIENTE WEB
212,56988898,2025-01-22T00:00:00,Indeterminada,CRIMES DIVERSOS,CRIMES DIVERSOS: CRIMES INFORMÁTICOS,ES,VITORIA,FRADINHOS,RUA MANOEL GOMES DE ALMEIDA,AMBIENTE WEB
213,56995565,2025-01-22T00:00:00,19:15:00,CRIMES DIVERSOS,CRIMES DIVERSOS: CRIMES INFORMÁTICOS,ES,SERRA,COLINA DA SERRA,RUA GUAÇUI,AMBIENTE WEB
214,56995649,2025-01-22T00:00:00,13:25:00,CRIMES DIVERSOS,CRIMES DIVERSOS: CRIMES INFORMÁTICOS,ES,SERRA,CIDADE CONTINENTAL,RUA TASMANIA,AMBIENTE WEB
215,56995705,2025-01-22T00:00:00,19:00:00,CRIMES DIVERSOS,CRIMES DIVERSOS: CRIMES INFORMÁTICOS,ES,SERRA,NOVA CARAPINA I,S/I,RESIDÊNCIA
216,56995971,2025-01-22T00:00:00,16:00:00,CRIMES DIVERSOS,CRIMES DIVERSOS: CRIMES INFORMÁTICOS,ES,VITORIA,JARDIM CAMBURI,S/I,AMBIENTE WEB
217,56996359,2025-01-22T00:00:00,22:48:00,CRIMES DIVERSOS,CRIMES DIVERSOS: CRIMES INFORMÁTICOS,ES,CARIACICA,FLEXAL II,RUA CAMPO DO APOLO,AMBIENTE WEB
218,57000311,2025-01-22T00:00:00,Indeterminada,CRIMES DIVERSOS,CRIMES DIVERSOS: CRIMES INFORMÁTICOS,ES,VITORIA,SANTA LUCIA,RUA CONSTANTE SODRÉ,AMBIENTE WEB
219,57026756,2025-01-22T00:00:00,09:39:00,CRIMES DIVERSOS,CRIMES DIVERSOS: CRIMES INFORMÁTICOS,ES,CARIACICA,SANTO ANDRE,S/I,AMBIENTE WEB
220,57026766,2025-01-22T00:00:00,11:20:00,CRIMES DIVERSOS,CRIMES DIVERSOS: CRIMES INFORMÁTICOS,ES,CARIACICA,CAMPO GRANDE,S/I,AMBIENTE WEB
221,57038338,2025-01-22T00:00:00,14:44:00,CRIMES DIVERSOS,CRIMES DIVERSOS: CRIMES INFORMÁTICOS,ES,CARIACICA,MUCURI,RUA D,AMBIENTE WEB
222,57071833,2025-01-22T00:00:00,11:38:00,CRIMES DIVERSOS,CRIMES DIVERSOS: CRIMES INFORMÁTICOS,ES,ICONHA,CENTRO,RUA MUNIZ FREIRE,AMBIENTE WEB
223,56986442,2025-01-23T00:00:00,Indeterminada,CRIMES DIVERSOS,CRIMES DIVERSOS: CRIMES INFORMÁTICOS,ES,VILA VELHA,JARDIM MARILANDIA,RUA FELICIDADE SIQUEIRA,AMBIENTE WEB
224,56987721,2025-01-23T00:00:00,10:30:00,CRIMES DIVERSOS,CRIMES DIVERSOS: CRIMES INFORMÁTICOS,ES,COLATINA,ALTO VILA NOVA,S/I,OUTRO LOCAL
225,56988374,2025-01-23T00:00:00,12:00:00,CRIMES DIVERSOS,CRIMES DIVERSOS: CRIMES INFORMÁTICOS,ES,PINHEIROS,OUTRO LOCAL,S/I,AMBIENTE WEB
226,56995961,2025-01-23T00:00:00,10:30:00,CRIMES DIVERSOS,CRIMES DIVERSOS: CRIMES INFORMÁTICOS,ES,VITORIA,JARDIM CAMBURI,S/I,OUTRO LOCAL
227,56996688,2025-01-23T00:00:00,Indeterminada,CRIMES DIVERSOS,CRIMES DIVERSOS: CRIMES INFORMÁTICOS,ES,VITORIA,BELA VISTA,MARIA AMELIA,AMBIENTE WEB
228,56996872,2025-01-23T00:00:00,13:00:00,CRIMES DIVERSOS,CRIMES DIVERSOS: CRIMES INFORMÁTICOS,ES,CASTELO,CENTRO,INDEFINIDO,AMBIENTE WEB
229,56999530,2025-01-23T00:00:00,13:00:00,CRIMES DIVERSOS,CRIMES DIVERSOS: CRIMES INFORMÁTICOS,ES,COLATINA,CENTRO,S/I,AMBIENTE WEB
230,57011473,2025-01-23T00:00:00,15:44:00,CRIMES DIVERSOS,CRIMES DIVERSOS: CRIMES INFORMÁTICOS,ES,CACHOEIRO DE ITAPEMIRIM,IBC,RUA EUCLIDES ALMEIDA,RESIDÊNCIA
231,57039736,2025-01-23T00:00:00,19:00:00,CRIMES DIVERSOS,CRIMES DIVERSOS: CRIMES INFORMÁTICOS,ES,VITORIA,MORADA DE CAMBURI,RUA ALVARO DA SILVA LABUTO,OUTRO LOCAL
232,57040489,2025-01-23T00:00:00,Indeterminada,CRIMES DIVERSOS,CRIMES DIVERSOS: CRIMES INFORMÁTICOS,ES,CARIACICA,BANDEIRANTES,RUA ITARANA,AGÊNCIA BANCÁRIA
233,57044574,2025-01-23T00:00:00,15:30:00,CRIMES DIVERSOS,CRIMES DIVERSOS: CRIMES INFORMÁTICOS,ES,VILA VELHA,COBILANDIA,AVENIDA HUMBERTO DE ALENCAR CASTELO BRANCO,AMBIENTE WEB
234,57052219,2025-01-23T00:00:00,22:00:00,CRIMES DIVERSOS,CRIMES DIVERSOS: CRIMES INFORMÁTICOS,ES,SERRA,MORADA DE LARANJEIRAS,S/I,RESIDÊNCIA
235,57113160,2025-01-23T00:00:00,Indeterminada,CRIMES DIVERSOS,CRIMES DIVERSOS: CRIMES INFORMÁTICOS,ES,VITORIA,CENTRO,AV PRINCESA ISABEL,AMBIENTE WEB
236,57113364,2025-01-23T00:00:00,Indeterminada,CRIMES DIVERSOS,CRIMES DIVERSOS: CRIMES INFORMÁTICOS,ES,VITORIA,CENTRO,AV PRINCESA ISABEL,AMBIENTE WEB
237,57002626,2025-01-24T00:00:00,16:20:00,CRIMES DIVERSOS,CRIMES DIVERSOS: CRIMES INFORMÁTICOS,ES,COLATINA,SAO MARCOS,RUA BAIXO GUANDU,AMBIENTE WEB
238,57006174,2025-01-24T00:00:00,10:40:00,CRIMES DIVERSOS,CRIMES DIVERSOS: CRIMES INFORMÁTICOS,ES,ARACRUZ,SAUACU,RUA PRAIA DE TAPERA,AMBIENTE WEB
239,57012250,2025-01-24T00:00:00,05:00:00,CRIMES DIVERSOS,CRIMES DIVERSOS: CRIMES INFORMÁTICOS,ES,CACHOEIRO DE ITAPEMIRIM,BOA ESPERANCA,ARISTIDES LUIZ D SILVA,OUTRO LOCAL
240,57026606,2025-01-24T00:00:00,00:00:00,CRIMES DIVERSOS,CRIMES DIVERSOS: CRIMES INFORMÁTICOS,ES,VITORIA,MARIA ORTIZ,RUA RICARDO LUIZ SMITH,AMBIENTE WEB
241,57026793,2025-01-24T00:00:00,11:55:00,CRIMES DIVERSOS,CRIMES DIVERSOS: CRIMES INFORMÁTICOS,ES,ALFREDO CHAVES,SIRIBEIRA,RUA MARCILIO GUERINI,AMBIENTE WEB
242,57027493,2025-01-24T00:00:00,12:00:00,CRIMES DIVERSOS,CRIMES DIVERSOS: CRIMES INFORMÁTICOS,ES,VITORIA,JARDIM DA PENHA,S/I,AMBIENTE WEB
243,57029517,2025-01-24T00:00:00,14:30:00,CRIMES DIVERSOS,CRIMES DIVERSOS: CRIMES INFORMÁTICOS,ES,CARIACICA,CARIACICA SEDE,S/I,OUTRO LOCAL
244,57037190,2025-01-24T00:00:00,16:00:00,CRIMES DIVERSOS,CRIMES DIVERSOS: CRIMES INFORMÁTICOS,ES,SERRA,CIDADE CONTINENTAL,AV MERIDIONAL,AMBIENTE WEB
245,57039008,2025-01-24T00:00:00,20:19:00,CRIMES DIVERSOS,CRIMES DIVERSOS: CRIMES INFORMÁTICOS,ES,VIANA,VILA BETHANIA,RUA SANTA HELENA,AMBIENTE WEB
246,57059923,2025-01-24T00:00:00,15:30:00,CRIMES DIVERSOS,CRIMES DIVERSOS: CRIMES INFORMÁTICOS,ES,CASTELO,CENTRO,PRAÇA TRES IRMÃOS,RESIDÊNCIA
247,57065297,2025-01-24T00:00:00,15:54:00,CRIMES DIVERSOS,CRIMES DIVERSOS: CRIMES INFORMÁTICOS,ES,SERRA,BELVEDERE,ZONA RURAL,RESIDÊNCIA
248,57110508,2025-01-24T00:00:00,18:00:00,CRIMES DIVERSOS,CRIMES DIVERSOS: CRIMES INFORMÁTICOS,ES,VILA VELHA,ILHA DAS FLORES,RUA PEDROLINO NASCIMENTO,AMBIENTE WEB
249,57024727,2025-01-25T00:00:00,17:00:00,CRIMES DIVERSOS,CRIMES DIVERSOS: CRIMES INFORMÁTICOS,ES,ARACRUZ,BELA VISTA,CASA,AMBIENTE WEB
250,57027188,2025-01-25T00:00:00,09:55:00,CRIMES DIVERSOS,CRIMES DIVERSOS: CRIMES INFORMÁTICOS,ES,SERRA,NOVA CARAPINA I,S/I,AMBIENTE WEB
251,57027539,2025-01-25T00:00:00,14:00:00,CRIMES DIVERSOS,CRIMES DIVERSOS: CRIMES INFORMÁTICOS,ES,VITORIA,ESTRELINHA,RUA HILTON DE OLIVEIRA,AMBIENTE WEB
252,57027552,2025-01-25T00:00:00,Indeterminada,CRIMES DIVERSOS,CRIMES DIVERSOS: CRIMES INFORMÁTICOS,ES,DOMINGOS MARTINS,PEDRA AZUL,S/I,AMBIENTE WEB
253,57029900,2025-01-25T00:00:00,13:16:00,CRIMES DIVERSOS,CRIMES DIVERSOS: CRIMES INFORMÁTICOS,ES,CARIACICA,JARDIM BOTANICO,RUA CACHOEIRINHA,OUTRO LOCAL
254,57031817,2025-01-25T00:00:00,Indeterminada,CRIMES DIVERSOS,CRIMES DIVERSOS: CRIMES INFORMÁTICOS,ES,SERRA,SAO MARCOS I,"RUA GIRASOL, QUADRA 20 LOTE 2",AMBIENTE WEB
255,57039256,2025-01-25T00:00:00,Indeterminada,CRIMES DIVERSOS,CRIMES DIVERSOS: CRIMES INFORMÁTICOS,ES,VILA VELHA,ALECRIM,RUA REPUBLICA,AMBIENTE WEB
256,57041849,2025-01-25T00:00:00,12:50:00,CRIMES DIVERSOS,CRIMES DIVERSOS: CRIMES INFORMÁTICOS,ES,SERRA,SERRA CENTRO,S/I,AMBIENTE WEB
257,57048164,2025-01-25T00:00:00,20:42:00,CRIMES DIVERSOS,CRIMES DIVERSOS: CRIMES INFORMÁTICOS,ES,COLATINA,HONORIO FRAGA,RUA  AUGISTINHO NOGUEIRA DIAS,AMBIENTE WEB
258,57057760,2025-01-25T00:00:00,17:25:00,CRIMES DIVERSOS,CRIMES DIVERSOS: CRIMES INFORMÁTICOS,ES,SERRA,RESIDENCIAL VISTA DO MESTRE,RUA PEROLA,RESIDÊNCIA
259,57059017,2025-01-25T00:00:00,17:30:00,CRIMES DIVERSOS,CRIMES DIVERSOS: CRIMES INFORMÁTICOS,ES,SERRA,PARQUE RESIDENCIAL LARANJEIRAS,S/I,AMBIENTE WEB
260,57026461,2025-01-26T00:00:00,11:00:00,CRIMES DIVERSOS,CRIMES DIVERSOS: CRIMES INFORMÁTICOS,ES,VITORIA,SAO CRISTOVAO,RUA LUIS GOMES TAVARES,AMBIENTE WEB
261,57027737,2025-01-26T00:00:00,21:00:00,CRIMES DIVERSOS,CRIMES DIVERSOS: CRIMES INFORMÁTICOS,ES,VITORIA,JARDIM DA PENHA,RUA LUDWIK MACAL,OUTRO LOCAL
262,57029591,2025-01-26T00:00:00,11:36:00,CRIMES DIVERSOS,CRIMES DIVERSOS: CRIMES INFORMÁTICOS,ES,CARIACICA,NOVA ROSA DA PENHA,S/I,AMBIENTE WEB
263,57029915,2025-01-26T00:00:00,14:55:00,CRIMES DIVERSOS,CRIMES DIVERSOS: CRIMES INFORMÁTICOS,ES,CARIACICA,VASCO DA GAMA,RUA HERALDO LAURENTINO,RESIDÊNCIA
264,57041466,2025-01-26T00:00:00,Indeterminada,CRIMES DIVERSOS,CRIMES DIVERSOS: CRIMES INFORMÁTICOS,ES,CARIACICA,NOVO BRASIL,AV PRINCIPAL,AMBIENTE WEB
265,57073633,2025-01-26T00:00:00,15:53:00,CRIMES DIVERSOS,CRIMES DIVERSOS: CRIMES INFORMÁTICOS,ES,SERRA,JOSE DE ANCHIETA,RUA TURMALINA,RESIDÊNCIA
266,57100625,2025-01-26T00:00:00,08:10:00,CRIMES DIVERSOS,CRIMES DIVERSOS: CRIMES INFORMÁTICOS,ES,CARIACICA,VILA CAPIXABA,S/I,AMBIENTE WEB
267,57201632,2025-01-26T00:00:00,Indeterminada,CRIMES DIVERSOS,CRIMES DIVERSOS: CRIMES INFORMÁTICOS,ES,VIANA,MARCILIO DE NORONHA,RUA PARIS,AMBIENTE WEB
268,57537509,2025-01-26T00:00:00,10:00:00,CRIMES DIVERSOS,CRIMES DIVERSOS: CRIMES INFORMÁTICOS,ES,COLATINA,AYRTON SENNA,RUA EVARISTO DE MELO,OUTRO LOCAL
269,57030455,2025-01-27T00:00:00,Indeterminada,CRIMES DIVERSOS,CRIMES DIVERSOS: CRIMES INFORMÁTICOS,ES,SAO MATEUS,CENTRO,S/I,AMBIENTE WEB
270,57031627,2025-01-27T00:00:00,07:00:00,CRIMES DIVERSOS,CRIMES DIVERSOS: CRIMES INFORMÁTICOS,ES,CARIACICA,NOVA CAMPO GRANDE,RUA PAULO VIANA,AMBIENTE WEB
271,57032321,2025-01-27T00:00:00,13:00:00,CRIMES DIVERSOS,CRIMES DIVERSOS: CRIMES INFORMÁTICOS,ES,CARIACICA,BELA AURORA,S/I,AMBIENTE WEB
272,57037022,2025-01-27T00:00:00,Indeterminada,CRIMES DIVERSOS,CRIMES DIVERSOS: CRIMES INFORMÁTICOS,ES,ALFREDO CHAVES,CENTRO,RUA INOCENCIO BUZETE,AMBIENTE WEB
273,57040090,2025-01-27T00:00:00,10:39:00,CRIMES DIVERSOS,CRIMES DIVERSOS: CRIMES INFORMÁTICOS,ES,CARIACICA,JARDIM AMERICA,RUA CANDIDA DE OLIVEIRA,AMBIENTE WEB
274,57041662,2025-01-27T00:00:00,Indeterminada,CRIMES DIVERSOS,CRIMES DIVERSOS: CRIMES INFORMÁTICOS,ES,VILA VELHA,CRISTOVAO COLOMBO,RUA ALVARENGA PEIXOTO,AMBIENTE WEB
275,57044657,2025-01-27T00:00:00,08:00:00,CRIMES DIVERSOS,CRIMES DIVERSOS: CRIMES INFORMÁTICOS,ES,VILA VELHA,RIO MARINHO,DEMETRIO RIBEIRO,AMBIENTE WEB
276,57057855,2025-01-27T00:00:00,13:56:00,CRIMES DIVERSOS,CRIMES DIVERSOS: CRIMES INFORMÁTICOS,ES,SERRA,CIDADE POMAR,RUA EMBAUBA,RESIDÊNCIA
277,57072364,2025-01-27T00:00:00,13:10:00,CRIMES DIVERSOS,CRIMES DIVERSOS: CRIMES INFORMÁTICOS,ES,CARIACICA,PORTO DE SANTANA,1011937,RESIDÊNCIA
278,57078405,2025-01-27T00:00:00,15:15:00,CRIMES DIVERSOS,CRIMES DIVERSOS: CRIMES INFORMÁTICOS,ES,CARIACICA,SANTO ANDRE,RUA SANTA CLARA,AMBIENTE WEB
279,57078949,2025-01-27T00:00:00,20:00:00,CRIMES DIVERSOS,CRIMES DIVERSOS: CRIMES INFORMÁTICOS,ES,CARIACICA,SANTA BARBARA,RUA AMARO PEREIRA BATISTA,OUTRO LOCAL
280,57111165,2025-01-27T00:00:00,21:00:00,CRIMES DIVERSOS,CRIMES DIVERSOS: CRIMES INFORMÁTICOS,ES,VITORIA,JARDIM DA PENHA,S/I,OUTRO LOCAL
281,57122563,2025-01-27T00:00:00,Indeterminada,CRIMES DIVERSOS,CRIMES DIVERSOS: CRIMES INFORMÁTICOS,ES,VIANA,PARQUE INDUSTRIAL,RUA JOSE ACASIO FERREIRA,AMBIENTE WEB
282,57871351,2025-01-27T00:00:00,13:51:00,CRIMES DIVERSOS,CRIMES DIVERSOS: CRIMES INFORMÁTICOS,ES,VITORIA,MATA DA PRAIA,AVENIDA COMANDANTE ALVARO MARTINS,AMBIENTE WEB
283,57040515,2025-01-28T00:00:00,11:00:00,CRIMES DIVERSOS,CRIMES DIVERSOS: CRIMES INFORMÁTICOS,ES,CONCEICAO DA BARRA,MARIA MANTEIGA,S/I,AMBIENTE WEB
284,57041072,2025-01-28T00:00:00,Indeterminada,CRIMES DIVERSOS,CRIMES DIVERSOS: CRIMES INFORMÁTICOS,ES,SERRA,JARDIM LIMOEIRO,RUA CASTRO ALVES,AMBIENTE WEB
285,57041348,2025-01-28T00:00:00,Indeterminada,CRIMES DIVERSOS,CRIMES DIVERSOS: CRIMES INFORMÁTICOS,ES,VITORIA,CENTRO,RUA DO ROSARIO,AMBIENTE WEB
286,57050017,2025-01-28T00:00:00,10:00:00,CRIMES DIVERSOS,CRIMES DIVERSOS: CRIMES INFORMÁTICOS,ES,MANTENOPOLIS,IPIRANGA,RUA PROJETADA,AMBIENTE WEB
287,57051592,2025-01-28T00:00:00,Indeterminada,CRIMES DIVERSOS,CRIMES DIVERSOS: CRIMES INFORMÁTICOS,ES,VITORIA,SANTOS DUMONT,RUA BALBINA DOS SANTOS,AMBIENTE WEB
288,57055295,2025-01-28T00:00:00,17:00:00,CRIMES DIVERSOS,CRIMES DIVERSOS: CRIMES INFORMÁTICOS,ES,PANCAS,NOSSA SENHORA DAS GRACAS,RUA VIRGINIA MOREIRA DOS SANTOS,AMBIENTE WEB
289,57057676,2025-01-28T00:00:00,04:00:00,CRIMES DIVERSOS,CRIMES DIVERSOS: CRIMES INFORMÁTICOS,ES,SERRA,SAO MARCOS II,RUA CURITIBA,AMBIENTE WEB
290,57065318,2025-01-28T00:00:00,14:06:00,CRIMES DIVERSOS,CRIMES DIVERSOS: CRIMES INFORMÁTICOS,ES,SERRA,PLANALTO SERRANO,RUA SAO DIOGO,RESIDÊNCIA
291,57073516,2025-01-28T00:00:00,Indeterminada,CRIMES DIVERSOS,CRIMES DIVERSOS: CRIMES INFORMÁTICOS,ES,VITORIA,ITARARE,RUA DANIEL ABREU MACHADO,AMBIENTE WEB
292,57111741,2025-01-28T00:00:00,Indeterminada,CRIMES DIVERSOS,CRIMES DIVERSOS: CRIMES INFORMÁTICOS,ES,VILA VELHA,JARDIM MARILANDIA,RUA GRANDE VITORIA,AMBIENTE WEB
293,57169686,2025-01-28T00:00:00,05:00:00,CRIMES DIVERSOS,CRIMES DIVERSOS: CRIMES INFORMÁTICOS,ES,VITORIA,JARDIM CAMBURI,RUA AURORA DE AGUIAR FERREIRA,AMBIENTE WEB
294,57050188,2025-01-29T00:00:00,08:00:00,CRIMES DIVERSOS,CRIMES DIVERSOS: CRIMES INFORMÁTICOS,ES,LINHARES,ARACA,S/I,OUTRO LOCAL
295,57050537,2025-01-29T00:00:00,Indeterminada,CRIMES DIVERSOS,CRIMES DIVERSOS: CRIMES INFORMÁTICOS,ES,CARIACICA,PIRANEMA,RUA SAO GERALDO,AMBIENTE WEB
296,57050802,2025-01-29T00:00:00,Indeterminada,CRIMES DIVERSOS,CRIMES DIVERSOS: CRIMES INFORMÁTICOS,ES,CARIACICA,VILA INDEPENDENCIA,RUA HEMILIO CHAGAS,AMBIENTE WEB
297,57052081,2025-01-29T00:00:00,16:30:00,CRIMES DIVERSOS,CRIMES DIVERSOS: CRIMES INFORMÁTICOS,ES,MANTENOPOLIS,CENTRO,RUA TIRADENTES,AMBIENTE WEB
298,57057772,2025-01-29T00:00:00,12:30:00,CRIMES DIVERSOS,CRIMES DIVERSOS: CRIMES INFORMÁTICOS,ES,CARIACICA,FLEXAL II,RUA VINTE E TRES DE AGOSTO,ESCRITORIO
299,57057790,2025-01-29T00:00:00,05:50:00,CRIMES DIVERSOS,CRIMES DIVERSOS: CRIMES INFORMÁTICOS,ES,SERRA,PORTO CANOA,AV BICO TORTO,AGÊNCIA BANCÁRIA
300,57058139,2025-01-29T00:00:00,13:00:00,CRIMES DIVERSOS,CRIMES DIVERSOS: CRIMES INFORMÁTICOS,ES,MANTENOPOLIS,ANTUR ARTUR,RUA QUATRO,AMBIENTE WEB
301,57058404,2025-01-29T00:00:00,16:00:00,CRIMES DIVERSOS,CRIMES DIVERSOS: CRIMES INFORMÁTICOS,ES,VITORIA,JARDIM CAMBURI,S/I,VIA PÚBLICA
302,57058669,2025-01-29T00:00:00,17:00:00,CRIMES DIVERSOS,CRIMES DIVERSOS: CRIMES INFORMÁTICOS,ES,PINHEIROS,PINHEIRINHO,RUA  BOA NOVA,AMBIENTE WEB
303,57058950,2025-01-29T00:00:00,10:00:00,CRIMES DIVERSOS,CRIMES DIVERSOS: CRIMES INFORMÁTICOS,ES,VILA VELHA,PAUL,RUA JOSE FRANCA,OUTRO LOCAL
304,57060501,2025-01-29T00:00:00,14:08:00,CRIMES DIVERSOS,CRIMES DIVERSOS: CRIMES INFORMÁTICOS,ES,AGUIA BRANCA,OUTRO LOCAL,S/I,AMBIENTE WEB
305,57062878,2025-01-29T00:00:00,10:27:00,CRIMES DIVERSOS,CRIMES DIVERSOS: CRIMES INFORMÁTICOS,ES,CARIACICA,ITAQUARI,RUA FLORIANO VAREJAO,RESIDÊNCIA
306,57065161,2025-01-29T00:00:00,17:00:00,CRIMES DIVERSOS,CRIMES DIVERSOS: CRIMES INFORMÁTICOS,ES,SERRA,JARDIM BELA VISTA,RUA DOZE,AMBIENTE WEB
307,57065411,2025-01-29T00:00:00,20:00:00,CRIMES DIVERSOS,CRIMES DIVERSOS: CRIMES INFORMÁTICOS,ES,SERRA,ELDORADO,RUA RIO JURUA,RESIDÊNCIA
308,57067890,2025-01-29T00:00:00,10:00:00,CRIMES DIVERSOS,CRIMES DIVERSOS: CRIMES INFORMÁTICOS,ES,SERRA,NOVA CARAPINA II,AV: MONTES CLAROS,AMBIENTE WEB
309,57069444,2025-01-29T00:00:00,15:00:00,CRIMES DIVERSOS,CRIMES DIVERSOS: CRIMES INFORMÁTICOS,ES,VILA VELHA,JARDIM MARILANDIA,RUA 10 DE ABRIL,RESIDÊNCIA
310,57073480,2025-01-29T00:00:00,23:05:00,CRIMES DIVERSOS,CRIMES DIVERSOS: CRIMES INFORMÁTICOS,ES,CARIACICA,BOA SORTE,S/I,AMBIENTE WEB
311,57078717,2025-01-29T00:00:00,13:30:00,CRIMES DIVERSOS,CRIMES DIVERSOS: CRIMES INFORMÁTICOS,ES,SERRA,ELDORADO,RUA RIO MARINHO,AMBIENTE WEB
312,57079148,2025-01-29T00:00:00,09:39:00,CRIMES DIVERSOS,CRIMES DIVERSOS: CRIMES INFORMÁTICOS,ES,CARIACICA,CAMPO GRANDE,S/I,OUTRO LOCAL
313,57090201,2025-01-29T00:00:00,12:06:00,CRIMES DIVERSOS,CRIMES DIVERSOS: CRIMES INFORMÁTICOS,ES,CARIACICA,SANTA BARBARA,RUA ADÉLIA SÁ RODRIGUES,AMBIENTE WEB
314,57103572,2025-01-29T00:00:00,16:32:00,CRIMES DIVERSOS,CRIMES DIVERSOS: CRIMES INFORMÁTICOS,ES,CARIACICA,SAO CONRADO,RUA ARARAS,AMBIENTE WEB
315,57117619,2025-01-29T00:00:00,12:30:00,CRIMES DIVERSOS,CRIMES DIVERSOS: CRIMES INFORMÁTICOS,ES,CARIACICA,CRUZEIRO DO SUL,RUA SÃO SEBASTIÃO,AMBIENTE WEB
316,57140547,2025-01-29T00:00:00,14:00:00,CRIMES DIVERSOS,CRIMES DIVERSOS: CRIMES INFORMÁTICOS,ES,CARIACICA,SAO FRANCISCO,S/I,AMBIENTE WEB
317,57201567,2025-01-29T00:00:00,Indeterminada,CRIMES DIVERSOS,CRIMES DIVERSOS: CRIMES INFORMÁTICOS,ES,CARIACICA,SANTA BARBARA,RUA SERGIPE,AMBIENTE WEB
318,57608481,2025-01-29T00:00:00,10:00:00,CRIMES DIVERSOS,CRIMES DIVERSOS: CRIMES INFORMÁTICOS,ES,AGUA DOCE DO NORTE,ZONA RURAL,S/I,OUTRO LOCAL
319,57058830,2025-01-30T00:00:00,09:00:00,CRIMES DIVERSOS,CRIMES DIVERSOS: CRIMES INFORMÁTICOS,ES,ARACRUZ,COQUEIRAL,SITE MAGALU,AMBIENTE WEB
320,57062170,2025-01-30T00:00:00,15:10:00,CRIMES DIVERSOS,CRIMES DIVERSOS: CRIMES INFORMÁTICOS,ES,CASTELO,SANTO ANDREZINHO,RUA LIDIO MACHADO,COMÉRCIO
321,57064287,2025-01-30T00:00:00,18:00:00,CRIMES DIVERSOS,CRIMES DIVERSOS: CRIMES INFORMÁTICOS,ES,VILA VELHA,OUTRO LOCAL,S/I,OUTRO LOCAL
322,57065257,2025-01-30T00:00:00,05:10:00,CRIMES DIVERSOS,CRIMES DIVERSOS: CRIMES INFORMÁTICOS,ES,SERRA,PLANALTO SERRANO,RUA VISTA DA SERRA,OUTRO LOCAL
323,57065404,2025-01-30T00:00:00,20:00:00,CRIMES DIVERSOS,CRIMES DIVERSOS: CRIMES INFORMÁTICOS,ES,SERRA,VISTA DA SERRA I,AVENIDA,RESIDÊNCIA
324,57069521,2025-01-30T00:00:00,09:40:00,CRIMES DIVERSOS,CRIMES DIVERSOS: CRIMES INFORMÁTICOS,ES,VILA VELHA,ALVORADA,S/I,AMBIENTE WEB
325,57069952,2025-01-30T00:00:00,21:00:00,CRIMES DIVERSOS,CRIMES DIVERSOS: CRIMES INFORMÁTICOS,ES,VILA VELHA,PAUL,RUA BERNARDINO MONTEIRO,AMBIENTE WEB
326,57071606,2025-01-30T00:00:00,Indeterminada,CRIMES DIVERSOS,CRIMES DIVERSOS: CRIMES INFORMÁTICOS,ES,SERRA,VILA NOVA DE COLARES,RUA VISCONDE DE PIRAJA,AMBIENTE WEB
327,57073487,2025-01-30T00:00:00,08:00:00,CRIMES DIVERSOS,CRIMES DIVERSOS: CRIMES INFORMÁTICOS,ES,CARIACICA,JARDIM AMERICA,RUA COSTA RICA,AMBIENTE WEB
328,57106677,2025-01-30T00:00:00,10:50:00,CRIMES DIVERSOS,CRIMES DIVERSOS: CRIMES INFORMÁTICOS,ES,COLATINA,NOVO HORIZONTE,ALFA,AMBIENTE WEB
329,57071864,2025-01-31T00:00:00,Indeterminada,CRIMES DIVERSOS,CRIMES DIVERSOS: CRIMES INFORMÁTICOS,ES,SANTA LEOPOLDINA,RETIRO,ZONA RURAL,AMBIENTE WEB
330,57073017,2025-01-31T00:00:00,11:30:00,CRIMES DIVERSOS,CRIMES DIVERSOS: CRIMES INFORMÁTICOS,ES,CARIACICA,ALTO LAGE,RUA PEDRO ALVARES CABRAL,AGÊNCIA BANCÁRIA
331,57075169,2025-01-31T00:00:00,Indeterminada,CRIMES DIVERSOS,CRIMES DIVERSOS: CRIMES INFORMÁTICOS,ES,ARACRUZ,OUTRO LOCAL,S/I,AMBIENTE WEB
332,57078681,2025-01-31T00:00:00,09:50:00,CRIMES DIVERSOS,CRIMES DIVERSOS: CRIMES INFORMÁTICOS,ES,SERRA,OUTRO LOCAL,"RUA PINHO, COLINA DE LARANJEIRAS",OUTRO LOCAL
333,57079365,2025-01-31T00:00:00,09:00:00,CRIMES DIVERSOS,CRIMES DIVERSOS: CRIMES INFORMÁTICOS,ES,COLATINA,CENTRO,S/I,AMBIENTE WEB
334,57079370,2025-01-31T00:00:00,10:00:00,CRIMES DIVERSOS,CRIMES DIVERSOS: CRIMES INFORMÁTICOS,ES,COLATINA,VILA NOVA,PRAÇA IZIDORO BINDA,COMÉRCIO
335,57079637,2025-01-31T00:00:00,15:15:00,CRIMES DIVERSOS,CRIMES DIVERSOS: CRIMES INFORMÁTICOS,ES,VILA VELHA,OUTRO LOCAL,S/I,CONSULTORIO
336,57084262,2025-01-31T00:00:00,15:00:00,CRIMES DIVERSOS,CRIMES DIVERSOS: CRIMES INFORMÁTICOS,ES,VITORIA,OUTRO LOCAL,S/I,AMBIENTE WEB
337,57090951,2025-01-31T00:00:00,12:30:00,CRIMES DIVERSOS,CRIMES DIVERSOS: CRIMES INFORMÁTICOS,ES,COLATINA,CENTRO,BAIRRO,OUTRO LOCAL
338,57099662,2025-01-31T00:00:00,12:00:00,CRIMES DIVERSOS,CRIMES DIVERSOS: CRIMES INFORMÁTICOS,ES,VITORIA,JARDIM CAMBURI,RUA DYONISIO ABAURRE,AMBIENTE WEB
339,57100796,2025-01-31T00:00:00,21:00:00,CRIMES DIVERSOS,CRIMES DIVERSOS: CRIMES INFORMÁTICOS,ES,VILA VELHA,RIO MARINHO,RUA SANTA JULIA,AMBIENTE WEB
340,57123323,2025-01-31T00:00:00,12:49:00,CRIMES DIVERSOS,CRIMES DIVERSOS: CRIMES INFORMÁTICOS,ES,COLATINA,SAO MARCOS,CASA,OUTRO LOCAL
341,57132320,2025-01-31T00:00:00,09:30:00,CRIMES DIVERSOS,CRIMES DIVERSOS: CRIMES INFORMÁTICOS,ES,SERRA,VILA NOVA DE COLARES,RUA,AMBIENTE WEB
342,57169694,2025-01-31T00:00:00,15:50:00,CRIMES DIVERSOS,CRIMES DIVERSOS: CRIMES INFORMÁTICOS,ES,CARIACICA,VERA CRUZ,RUA ALICE COUTINHO,AMBIENTE WEB
343,57169899,2025-01-31T00:00:00,Indeterminada,CRIMES DIVERSOS,CRIMES DIVERSOS: CRIMES INFORMÁTICOS,ES,CARIACICA,VISTA DOURADA,RUA CICERO DE ALMEIDA,AMBIENTE WEB
344,57180595,2025-01-31T00:00:00,09:00:00,CRIMES DIVERSOS,CRIMES DIVERSOS: CRIMES INFORMÁTICOS,ES,SERRA,BARCELONA,RUA AFONSO CLAUDIO,AMBIENTE WEB
345,57099686,2025-01-02T00:00:00,14:00:00,CRIMES DIVERSOS,CRIMES DIVERSOS: CRIMES INFORMÁTICOS,ES,VITORIA,JARDIM CAMBURI,RUA DESEMBARGADOR EURIPDES Q. DO VALLE,OUTRO LOCAL
346,57099689,2025-01-02T00:00:00,14:00:00,CRIMES DIVERSOS,CRIMES DIVERSOS: CRIMES INFORMÁTICOS,ES,VITORIA,JARDIM CAMBURI,S/I,AMBIENTE WEB
347,57102922,2025-01-02T00:00:00,01:02:00,CRIMES DIVERSOS,CRIMES DIVERSOS: CRIMES INFORMÁTICOS,ES,CARIACICA,OPERARIO,S/I,AMBIENTE WEB
348,57109355,2025-01-02T00:00:00,22:00:00,CRIMES DIVERSOS,CRIMES DIVERSOS: CRIMES INFORMÁTICOS,ES,VITORIA,OUTRO LOCAL,S/I,OUTRO LOCAL
349,57112730,2025-01-02T00:00:00,19:30:00,CRIMES DIVERSOS,CRIMES DIVERSOS: CRIMES INFORMÁTICOS,ES,VITORIA,JARDIM DA PENHA,AV DANTE MICHELINE,AMBIENTE WEB
350,57145994,2025-01-02T00:00:00,10:00:00,CRIMES DIVERSOS,CRIMES DIVERSOS: CRIMES INFORMÁTICOS,ES,COLATINA,HONORIO FRAGA,AV FIORAVANTE ROSSI,AMBIENTE WEB
351,57156097,2025-01-02T00:00:00,15:29:00,CRIMES DIVERSOS,CRIMES DIVERSOS: CRIMES INFORMÁTICOS,ES,ARACRUZ,COQUEIRAL,S/I,OUTRO LOCAL
352,57170508,2025-01-02T00:00:00,Indeterminada,CRIMES DIVERSOS,CRIMES DIVERSOS: CRIMES INFORMÁTICOS,ES,VILA VELHA,ALECRIM,RUA FELIZ,AMBIENTE WEB
353,57172362,2025-01-02T00:00:00,11:00:00,CRIMES DIVERSOS,CRIMES DIVERSOS: CRIMES INFORMÁTICOS,ES,CASTELO,ARACUI,RUA RECANTO DA NATUREZA,COMÉRCIO
354,57259659,2025-01-02T00:00:00,05:52:00,CRIMES DIVERSOS,CRIMES DIVERSOS: CRIMES INFORMÁTICOS,ES,CARIACICA,PORTO DE SANTANA,S/I,AMBIENTE WEB
355,57637952,2025-01-02T00:00:00,Indeterminada,CRIMES DIVERSOS,CRIMES DIVERSOS: CRIMES INFORMÁTICOS,ES,SAO MATEUS,OUTRO LOCAL,S/I,OUTRO LOCAL
356,57101063,2025-02-02T00:00:00,Indeterminada,CRIMES DIVERSOS,CRIMES DIVERSOS: CRIMES INFORMÁTICOS,ES,VITORIA,SAO PEDRO,AV QUATRO DE SETEMBRO,AMBIENTE WEB
357,57169369,2025-02-02T00:00:00,07:42:00,CRIMES DIVERSOS,CRIMES DIVERSOS: CRIMES INFORMÁTICOS,ES,VITORIA,JARDIM CAMBURI,RUA AGENOR AMARO DOS SANTOS,RESIDÊNCIA
358,57103523,2025-03-02T00:00:00,13:20:00,CRIMES DIVERSOS,CRIMES DIVERSOS: CRIMES INFORMÁTICOS,ES,ALFREDO CHAVES,IMIGRANTE,RUA EURICO BONACOSSA,AMBIENTE WEB
359,57103807,2025-03-02T00:00:00,12:26:00,CRIMES DIVERSOS,CRIMES DIVERSOS: CRIMES INFORMÁTICOS,ES,VITORIA,SANTA LUCIA,RUA MARI UBIRAJARA,AMBIENTE WEB
360,57104315,2025-03-02T00:00:00,Indeterminada,CRIMES DIVERSOS,CRIMES DIVERSOS: CRIMES INFORMÁTICOS,ES,VILA VELHA,COBI DE BAIXO,AV BRASIL,AMBIENTE WEB
361,57110018,2025-03-02T00:00:00,15:00:00,CRIMES DIVERSOS,CRIMES DIVERSOS: CRIMES INFORMÁTICOS,ES,VITORIA,JARDIM CAMBURI,RODOVIA NORTE SUL,OUTRO LOCAL
362,57110543,2025-03-02T00:00:00,21:00:00,CRIMES DIVERSOS,CRIMES DIVERSOS: CRIMES INFORMÁTICOS,ES,VILA VELHA,ILHA DAS FLORES,EST. CAPUABA,AMBIENTE WEB
363,57112341,2025-03-02T00:00:00,19:43:00,CRIMES DIVERSOS,CRIMES DIVERSOS: CRIMES INFORMÁTICOS,ES,COLATINA,COLUMBIA,AVENIDA TAILANDIA,RESIDÊNCIA
364,57115157,2025-03-02T00:00:00,Indeterminada,CRIMES DIVERSOS,CRIMES DIVERSOS: CRIMES INFORMÁTICOS,ES,VILA VELHA,CENTRO VILA VELHA,RUA ANTONIO ATAÍDE,AMBIENTE WEB
365,57116141,2025-03-02T00:00:00,00:00:00,CRIMES DIVERSOS,CRIMES DIVERSOS: CRIMES INFORMÁTICOS,ES,VIANA,MARCILIO DE NORONHA,RUA NODIR BENEDITO,AMBIENTE WEB
366,57120504,2025-03-02T00:00:00,18:20:00,CRIMES DIVERSOS,CRIMES DIVERSOS: CRIMES INFORMÁTICOS,ES,VILA VELHA,SANTA RITA,AV ANTONIO DA SILVEIRA,AMBIENTE WEB
367,57123965,2025-03-02T00:00:00,Indeterminada,CRIMES DIVERSOS,CRIMES DIVERSOS: CRIMES INFORMÁTICOS,ES,SAO MATEUS,OUTRO LOCAL,S/I,OUTRO LOCAL
368,57134012,2025-03-02T00:00:00,Indeterminada,CRIMES DIVERSOS,CRIMES DIVERSOS: CRIMES INFORMÁTICOS,ES,SAO MATEUS,OUTRO LOCAL,S/I,AMBIENTE WEB
369,57140596,2025-03-02T00:00:00,Indeterminada,CRIMES DIVERSOS,CRIMES DIVERSOS: CRIMES INFORMÁTICOS,ES,VITORIA,SAO PEDRO,VIA PUBLICA,VIA PÚBLICA
370,57317217,2025-03-02T00:00:00,10:00:00,CRIMES DIVERSOS,CRIMES DIVERSOS: CRIMES INFORMÁTICOS,ES,CARIACICA,SANTA BARBARA,S/I,OUTRO LOCAL
371,57111526,2025-04-02T00:00:00,Indeterminada,CRIMES DIVERSOS,CRIMES DIVERSOS: CRIMES INFORMÁTICOS,ES,SAO MATEUS,GURIRI,S/I,AMBIENTE WEB
372,57113729,2025-04-02T00:00:00,Indeterminada,CRIMES DIVERSOS,CRIMES DIVERSOS: CRIMES INFORMÁTICOS,ES,VITORIA,GOIABEIRAS,RUA PROFESSOR AREABALDE,AMBIENTE WEB
373,57118425,2025-04-02T00:00:00,22:00:00,CRIMES DIVERSOS,CRIMES DIVERSOS: CRIMES INFORMÁTICOS,ES,BAIXO GUANDU,ZONA RURAL,CORREGO DO OURO,RESIDÊNCIA
374,57123554,2025-04-02T00:00:00,16:30:00,CRIMES DIVERSOS,CRIMES DIVERSOS: CRIMES INFORMÁTICOS,ES,COLATINA,OUTRO LOCAL,RUA IPE ROXO,OUTRO LOCAL
375,57134542,2025-04-02T00:00:00,Indeterminada,CRIMES DIVERSOS,CRIMES DIVERSOS: CRIMES INFORMÁTICOS,ES,SERRA,MORADA DE LARANJEIRAS,RUA GRAUANA,AMBIENTE WEB
376,57169395,2025-04-02T00:00:00,07:00:00,CRIMES DIVERSOS,CRIMES DIVERSOS: CRIMES INFORMÁTICOS,ES,VITORIA,JARDIM CAMBURI,RUA FORTUNATO ABREU GAGNO,AMBIENTE WEB
377,57180870,2025-04-02T00:00:00,01:00:00,CRIMES DIVERSOS,CRIMES DIVERSOS: CRIMES INFORMÁTICOS,ES,SERRA,COLINA DE LARANJEIRAS,RUA DOM PEDRO II,AMBIENTE WEB
378,57183599,2025-04-02T00:00:00,10:56:00,CRIMES DIVERSOS,CRIMES DIVERSOS: CRIMES INFORMÁTICOS,ES,VITORIA,ENSEADA DO SUA,RUA JONY JOAO DE DEUS,AMBIENTE WEB
379,57122854,2025-05-02T00:00:00,00:11:00,CRIMES DIVERSOS,CRIMES DIVERSOS: CRIMES INFORMÁTICOS,ES,ARACRUZ,JARDINS,RUA PROFESSOR LOBO,OUTRO LOCAL
380,57123383,2025-05-02T00:00:00,10:20:00,CRIMES DIVERSOS,CRIMES DIVERSOS: CRIMES INFORMÁTICOS,ES,COLATINA,HONORIO FRAGA,AV ANTONIO PERUTTI,RESIDÊNCIA
381,57124324,2025-05-02T00:00:00,14:20:00,CRIMES DIVERSOS,CRIMES DIVERSOS: CRIMES INFORMÁTICOS,ES,COLATINA,FRANCISCO SIMONASSI,RUA NALZIRA MARIA SIMONASSI MAGALHÃES,RESIDÊNCIA
382,57124457,2025-05-02T00:00:00,Indeterminada,CRIMES DIVERSOS,CRIMES DIVERSOS: CRIMES INFORMÁTICOS,ES,VITORIA,JARDIM CAMBURI,RUA CARLOS DELGADO GUERRA PINTO,AMBIENTE WEB
383,57124778,2025-05-02T00:00:00,Indeterminada,CRIMES DIVERSOS,CRIMES DIVERSOS: CRIMES INFORMÁTICOS,ES,VITORIA,SAO PEDRO,RUA DA UNIÃO,AMBIENTE WEB
384,57125097,2025-05-02T00:00:00,Indeterminada,CRIMES DIVERSOS,CRIMES DIVERSOS: CRIMES INFORMÁTICOS,ES,VITORIA,CONQUISTA,RUA ROSA DE SHARON,AMBIENTE WEB
385,57126261,2025-05-02T00:00:00,20:30:00,CRIMES DIVERSOS,CRIMES DIVERSOS: CRIMES INFORMÁTICOS,ES,CACHOEIRO DE ITAPEMIRIM,CAICARA,RUA BRIGIDA COLA PIM,AMBIENTE WEB
386,57130054,2025-05-02T00:00:00,Indeterminada,CRIMES DIVERSOS,CRIMES DIVERSOS: CRIMES INFORMÁTICOS,ES,VITORIA,BONFIM,AV PROFESSOR HERMINIO BLACKMAN,AMBIENTE WEB
387,57130984,2025-05-02T00:00:00,16:00:00,CRIMES DIVERSOS,CRIMES DIVERSOS: CRIMES INFORMÁTICOS,ES,CASTELO,VILA NOVA,S/I,AMBIENTE WEB
388,57131547,2025-05-02T00:00:00,14:42:00,CRIMES DIVERSOS,CRIMES DIVERSOS: CRIMES INFORMÁTICOS,ES,CARIACICA,FLEXAL I,RUA MILITAR,RESIDÊNCIA
389,57131722,2025-05-02T00:00:00,14:00:00,CRIMES DIVERSOS,CRIMES DIVERSOS: CRIMES INFORMÁTICOS,ES,SERRA,JARDIM DA SERRA,RODOVIA GOVERNADOR MARIO COVAS - BR 101,COMÉRCIO
390,57131866,2025-05-02T00:00:00,12:00:00,CRIMES DIVERSOS,CRIMES DIVERSOS: CRIMES INFORMÁTICOS,ES,SERRA,JOSE DE ANCHIETA,RUA AGUAS MARINHAS,AMBIENTE WEB
391,57133390,2025-05-02T00:00:00,17:00:00,CRIMES DIVERSOS,CRIMES DIVERSOS: CRIMES INFORMÁTICOS,ES,COLATINA,HONORIO FRAGA,RUA NOSSA SENHORA PENHA,RESIDÊNCIA
392,57133912,2025-05-02T00:00:00,Indeterminada,CRIMES DIVERSOS,CRIMES DIVERSOS: CRIMES INFORMÁTICOS,ES,VITORIA,REPUBLICA,RUA PRESIDENTE EPITACIO PESSOA,AMBIENTE WEB
393,57135191,2025-05-02T00:00:00,Indeterminada,CRIMES DIVERSOS,CRIMES DIVERSOS: CRIMES INFORMÁTICOS,ES,VITORIA,ENSEADA DO SUA,RUA CLOVES MACHADO,AMBIENTE WEB
394,57160839,2025-05-02T00:00:00,20:00:00,CRIMES DIVERSOS,CRIMES DIVERSOS: CRIMES INFORMÁTICOS,ES,VILA VELHA,OUTRO LOCAL,S/I,OUTRO LOCAL
395,57189693,2025-05-02T00:00:00,13:49:00,CRIMES DIVERSOS,CRIMES DIVERSOS: CRIMES INFORMÁTICOS,ES,VITORIA,CONQUISTA,RUA SAO NICOLAU,AMBIENTE WEB
396,57713733,2025-05-02T00:00:00,15:45:00,CRIMES DIVERSOS,CRIMES DIVERSOS: CRIMES INFORMÁTICOS,ES,SERRA,CIDADE CONTINENTAL,SETOR AMERICA,COMÉRCIO
397,57139241,2025-06-02T00:00:00,15:00:00,CRIMES DIVERSOS,CRIMES DIVERSOS: CRIMES INFORMÁTICOS,ES,VILA VELHA,OUTRO LOCAL,S/I,AMBIENTE WEB
398,57140074,2025-06-02T00:00:00,19:00:00,CRIMES DIVERSOS,CRIMES DIVERSOS: CRIMES INFORMÁTICOS,ES,VITORIA,JARDIM CAMBURI,ISAAC LOPES RUBIM,AMBIENTE WEB
399,57140800,2025-06-02T00:00:00,11:00:00,CRIMES DIVERSOS,CRIMES DIVERSOS: CRIMES INFORMÁTICOS,ES,SAO MATEUS,OUTRO LOCAL,S/I,AMBIENTE WEB
400,57142932,2025-06-02T00:00:00,Indeterminada,CRIMES DIVERSOS,CRIMES DIVERSOS: CRIMES INFORMÁTICOS,ES,CARIACICA,SAO GERALDO,RUA SAO JOSE,RESIDÊNCIA
401,57143821,2025-06-02T00:00:00,18:05:00,CRIMES DIVERSOS,CRIMES DIVERSOS: CRIMES INFORMÁTICOS,ES,VITORIA,JARDIM CAMBURI,RUA ARQUITETO DECIO THEVENARD,AMBIENTE WEB
402,57173223,2025-06-02T00:00:00,16:30:00,CRIMES DIVERSOS,CRIMES DIVERSOS: CRIMES INFORMÁTICOS,ES,SERRA,COLINA DE LARANJEIRAS,S/I,AMBIENTE WEB
403,57179226,2025-06-02T00:00:00,12:50:00,CRIMES DIVERSOS,CRIMES DIVERSOS: CRIMES INFORMÁTICOS,ES,VILA VELHA,VILA BATISTA,UMEI PEDRO CAVALIERI,ESCOLA
404,57179232,2025-06-02T00:00:00,17:30:00,CRIMES DIVERSOS,CRIMES DIVERSOS: CRIMES INFORMÁTICOS,ES,VILA VELHA,ALECRIM,RUA MARIA DO AMOR DIVINO,OUTRO LOCAL
405,57189093,2025-06-02T00:00:00,10:00:00,CRIMES DIVERSOS,CRIMES DIVERSOS: CRIMES INFORMÁTICOS,ES,VILA VELHA,ITAPOA,TRAVESSA GAMELEIRA,AMBIENTE WEB
406,57193614,2025-06-02T00:00:00,10:00:00,CRIMES DIVERSOS,CRIMES DIVERSOS: CRIMES INFORMÁTICOS,ES,ICONHA,CENTRO,ANTÔNIO MAURÍCIO PINTO,OUTRO LOCAL
407,58857637,2025-06-02T00:00:00,16:00:00,CRIMES DIVERSOS,CRIMES DIVERSOS: CRIMES INFORMÁTICOS,ES,VILA VELHA,OUTRO LOCAL,S/I,AMBIENTE WEB
408,57143435,2025-07-02T00:00:00,11:30:00,CRIMES DIVERSOS,CRIMES DIVERSOS: CRIMES INFORMÁTICOS,ES,VITORIA,JARDIM CAMBURI,AV DANTE MICHELINE,AMBIENTE WEB
409,57145197,2025-07-02T00:00:00,Indeterminada,CRIMES DIVERSOS,CRIMES DIVERSOS: CRIMES INFORMÁTICOS,ES,VITORIA,PRAIA DO CANTO,RUA AFONSO CLAUDIO,AMBIENTE WEB
410,57151535,2025-07-02T00:00:00,Indeterminada,CRIMES DIVERSOS,CRIMES DIVERSOS: CRIMES INFORMÁTICOS,ES,PINHEIROS,CENTRO,AV AGENOR LUIZ HERINGER,AMBIENTE WEB
411,57173466,2025-07-02T00:00:00,11:00:00,CRIMES DIVERSOS,CRIMES DIVERSOS: CRIMES INFORMÁTICOS,ES,CARIACICA,VASCO DA GAMA,FRANCISCO CARDOSO,OUTRO LOCAL
412,57174025,2025-07-02T00:00:00,11:50:00,CRIMES DIVERSOS,CRIMES DIVERSOS: CRIMES INFORMÁTICOS,ES,SERRA,BICANGA,S/I,AMBIENTE WEB
413,57409084,2025-07-02T00:00:00,Indeterminada,CRIMES DIVERSOS,CRIMES DIVERSOS: CRIMES INFORMÁTICOS,ES,VILA VELHA,COQUEIRAL DE ITAPARICA,AV SANTA LEOPOLDINA,AMBIENTE WEB
414,57165001,2025-08-02T00:00:00,10:00:00,CRIMES DIVERSOS,CRIMES DIVERSOS: CRIMES INFORMÁTICOS,ES,ARACRUZ,COQUEIRAL,AV DAS PALMEIRAS,RESIDÊNCIA
415,57179177,2025-08-02T00:00:00,Indeterminada,CRIMES DIVERSOS,CRIMES DIVERSOS: CRIMES INFORMÁTICOS,ES,VITORIA,FONTE GRANDE,ESCADARIA EDUARDO SILVA,AMBIENTE WEB
416,57180265,2025-08-02T00:00:00,15:00:00,CRIMES DIVERSOS,CRIMES DIVERSOS: CRIMES INFORMÁTICOS,ES,VITORIA,JARDIM CAMBURI,R. DARLY ANTÔNIO LIMA,RESIDÊNCIA
417,57182687,2025-08-02T00:00:00,Indeterminada,CRIMES DIVERSOS,CRIMES DIVERSOS: CRIMES INFORMÁTICOS,ES,VITORIA,ITARARE,RUA ORLANDO BASILIO DOS SANTOS,AMBIENTE WEB
418,57211634,2025-08-02T00:00:00,Indeterminada,CRIMES DIVERSOS,CRIMES DIVERSOS: CRIMES INFORMÁTICOS,ES,SAO MATEUS,OUTRO LOCAL,S/I,AMBIENTE WEB
419,57170078,2025-09-02T00:00:00,Indeterminada,CRIMES DIVERSOS,CRIMES DIVERSOS: CRIMES INFORMÁTICOS,ES,VITORIA,MARUIPE,RUA D PEDRO I,AMBIENTE WEB
420,57179989,2025-09-02T00:00:00,17:29:00,CRIMES DIVERSOS,CRIMES DIVERSOS: CRIMES INFORMÁTICOS,ES,ANCHIETA,ZONA RURAL,DOIS IRMAOS,AMBIENTE WEB
421,57180883,2025-09-02T00:00:00,02:16:00,CRIMES DIVERSOS,CRIMES DIVERSOS: CRIMES INFORMÁTICOS,ES,SANTA TERESA,DOIS PINHEIROS,S/I,AMBIENTE WEB
422,57742875,2025-09-02T00:00:00,21:04:00,CRIMES DIVERSOS,CRIMES DIVERSOS: CRIMES INFORMÁTICOS,ES,MONTANHA,CENTRO,AVENIDA DOS COMBONIANOS,AMBIENTE WEB
423,58418119,2025-09-02T00:00:00,07:00:00,CRIMES DIVERSOS,CRIMES DIVERSOS: CRIMES INFORMÁTICOS,ES,VILA VELHA,OUTRO LOCAL,S/I,OUTRO LOCAL
424,57177164,2025-10-02T00:00:00,11:30:00,CRIMES DIVERSOS,CRIMES DIVERSOS: CRIMES INFORMÁTICOS,ES,COLATINA,SANTO ANTONIO,S/I,AMBIENTE WEB
425,57178646,2025-10-02T00:00:00,19:00:00,CRIMES DIVERSOS,CRIMES DIVERSOS: CRIMES INFORMÁTICOS,ES,PANCAS,CENTRO,AV. LAURINDO BARBOSA,AMBIENTE WEB
426,57178812,2025-10-02T00:00:00,15:00:00,CRIMES DIVERSOS,CRIMES DIVERSOS: CRIMES INFORMÁTICOS,ES,PANCAS,LIRIO DOS VALES,RUA CITRINO,AMBIENTE WEB
427,57178821,2025-10-02T00:00:00,08:50:00,CRIMES DIVERSOS,CRIMES DIVERSOS: CRIMES INFORMÁTICOS,ES,VITORIA,JARDIM CAMBURI,"RUA DR JOAO BATISTA MIRANDA  AMARAL, 135",RESIDÊNCIA
428,57178829,2025-10-02T00:00:00,21:06:00,CRIMES DIVERSOS,CRIMES DIVERSOS: CRIMES INFORMÁTICOS,ES,VITORIA,JARDIM CAMBURI,RUA ALICE BUMACHAR NEFFA,AMBIENTE WEB
429,57179013,2025-10-02T00:00:00,20:50:00,CRIMES DIVERSOS,CRIMES DIVERSOS: CRIMES INFORMÁTICOS,ES,SERRA,BELVEDERE,RUA FUNDÃO,AMBIENTE WEB
430,57179397,2025-10-02T00:00:00,Indeterminada,CRIMES DIVERSOS,CRIMES DIVERSOS: CRIMES INFORMÁTICOS,ES,CARIACICA,NOVA ROSA DA PENHA,RUA TREZE,AMBIENTE WEB
431,57182711,2025-10-02T00:00:00,Indeterminada,CRIMES DIVERSOS,CRIMES DIVERSOS: CRIMES INFORMÁTICOS,ES,VITORIA,DA PENHA,RUA OTILIO JOAO FERNANDES,AMBIENTE WEB
432,57190005,2025-10-02T00:00:00,11:00:00,CRIMES DIVERSOS,CRIMES DIVERSOS: CRIMES INFORMÁTICOS,ES,VITORIA,SANTA MARTHA,RUA OSWALDO ARANHA,AMBIENTE WEB
433,57190359,2025-10-02T00:00:00,14:20:00,CRIMES DIVERSOS,CRIMES DIVERSOS: CRIMES INFORMÁTICOS,ES,VILA VELHA,VALE ENCANTADO,RUA MONTE SINAI,OUTRO LOCAL
434,57193582,2025-10-02T00:00:00,08:39:00,CRIMES DIVERSOS,CRIMES DIVERSOS: CRIMES INFORMÁTICOS,ES,CARIACICA,EXPEDITO,RUA GRACILIANO SALLES,AMBIENTE WEB
435,57312385,2025-10-02T00:00:00,17:58:00,CRIMES DIVERSOS,CRIMES DIVERSOS: CRIMES INFORMÁTICOS,ES,MANTENOPOLIS,CENTRO,RUA SÃO GERALDO,AMBIENTE WEB
436,57438471,2025-10-02T00:00:00,Indeterminada,CRIMES DIVERSOS,CRIMES DIVERSOS: CRIMES INFORMÁTICOS,ES,SAO MATEUS,OUTRO LOCAL,S/I,AMBIENTE WEB
437,57180258,2025-11-02T00:00:00,09:30:00,CRIMES DIVERSOS,CRIMES DIVERSOS: CRIMES INFORMÁTICOS,ES,VITORIA,JARDIM CAMBURI,RUA GELU VERVLOET DOS SANTOS,RESIDÊNCIA
438,57181996,2025-11-02T00:00:00,12:00:00,CRIMES DIVERSOS,CRIMES DIVERSOS: CRIMES INFORMÁTICOS,ES,BARRA DE SAO FRANCISCO,PAULISTA,CORREGO BOA VISTA - SÍTIO QUATRO RODAS,AMBIENTE WEB
439,57182364,2025-11-02T00:00:00,10:30:00,CRIMES DIVERSOS,CRIMES DIVERSOS: CRIMES INFORMÁTICOS,ES,ANCHIETA,OUTRO LOCAL,S/I,AMBIENTE WEB
440,57183123,2025-11-02T00:00:00,Indeterminada,CRIMES DIVERSOS,CRIMES DIVERSOS: CRIMES INFORMÁTICOS,ES,VITORIA,CONQUISTA,RUA S NICOLAU,AMBIENTE WEB
441,57184025,2025-11-02T00:00:00,12:20:00,CRIMES DIVERSOS,CRIMES DIVERSOS: CRIMES INFORMÁTICOS,ES,COLATINA,SAO SILVANO,AVENIDA SILVIO AVIDOS,COMÉRCIO
442,57189106,2025-11-02T00:00:00,17:04:00,CRIMES DIVERSOS,CRIMES DIVERSOS: CRIMES INFORMÁTICOS,ES,VITORIA,JARDIM DA PENHA,AV ANISIO FERNANDES COELHO,AMBIENTE WEB
443,57189683,2025-11-02T00:00:00,09:02:00,CRIMES DIVERSOS,CRIMES DIVERSOS: CRIMES INFORMÁTICOS,ES,ANCHIETA,JUSTICA,RUA PAULO DINIZ,RESIDÊNCIA
444,57190056,2025-11-02T00:00:00,Indeterminada,CRIMES DIVERSOS,CRIMES DIVERSOS: CRIMES INFORMÁTICOS,ES,CARIACICA,SAO CONRADO,RUA AGUIA,AMBIENTE WEB
445,57192742,2025-11-02T00:00:00,17:00:00,CRIMES DIVERSOS,CRIMES DIVERSOS: CRIMES INFORMÁTICOS,ES,SERRA,RESIDENCIAL CENTRO DA SERRA,RUA AZALEIA,AMBIENTE WEB
446,57193781,2025-11-02T00:00:00,21:00:00,CRIMES DIVERSOS,CRIMES DIVERSOS: CRIMES INFORMÁTICOS,ES,CARIACICA,VERA CRUZ,S/I,AMBIENTE WEB
447,57194116,2025-11-02T00:00:00,17:00:00,CRIMES DIVERSOS,CRIMES DIVERSOS: CRIMES INFORMÁTICOS,ES,SERRA,RESIDENCIAL CENTRO DA SERRA,RUA AZALEIA,AMBIENTE WEB
448,57190393,2025-12-02T00:00:00,Indeterminada,CRIMES DIVERSOS,CRIMES DIVERSOS: CRIMES INFORMÁTICOS,ES,VITORIA,DA PENHA,BECO JOÃO CORRE,AMBIENTE WEB
449,57191196,2025-12-02T00:00:00,Indeterminada,CRIMES DIVERSOS,CRIMES DIVERSOS: CRIMES INFORMÁTICOS,ES,VITORIA,DA PENHA,BECO JOÃO CORREA,AMBIENTE WEB
450,57192315,2025-12-02T00:00:00,14:00:00,CRIMES DIVERSOS,CRIMES DIVERSOS: CRIMES INFORMÁTICOS,ES,VILA VELHA,PRAIA DAS GAIVOTAS,RUA FRANCISCO RODRIGUES PINTO,OUTRO LOCAL
451,57198631,2025-12-02T00:00:00,14:00:00,CRIMES DIVERSOS,CRIMES DIVERSOS: CRIMES INFORMÁTICOS,ES,VITORIA,JARDIM CAMBURI,S/I,AMBIENTE WEB
452,57198997,2025-12-02T00:00:00,21:30:00,CRIMES DIVERSOS,CRIMES DIVERSOS: CRIMES INFORMÁTICOS,ES,SAO MATEUS,OUTRO LOCAL,S/I,AMBIENTE WEB
453,57199124,2025-12-02T00:00:00,17:00:00,CRIMES DIVERSOS,CRIMES DIVERSOS: CRIMES INFORMÁTICOS,ES,VILA VELHA,COBILANDIA,AVENIDA JOÃO FRANCISCO GONÇALVES,ESCRITORIO
454,57199132,2025-12-02T00:00:00,11:57:00,CRIMES DIVERSOS,CRIMES DIVERSOS: CRIMES INFORMÁTICOS,ES,VITORIA,MATA DA PRAIA,RUA ROBERTO DA SILVA,AMBIENTE WEB
455,57199244,2025-12-02T00:00:00,16:06:00,CRIMES DIVERSOS,CRIMES DIVERSOS: CRIMES INFORMÁTICOS,ES,VITORIA,JARDIM DA PENHA,RUA ODETTE DE OLIVEIRA LACOURT,RESIDÊNCIA
456,57199276,2025-12-02T00:00:00,17:57:00,CRIMES DIVERSOS,CRIMES DIVERSOS: CRIMES INFORMÁTICOS,ES,VITORIA,MATA DA PRAIA,RUA VITÓRIA TACKLA,AMBIENTE WEB
457,57213381,2025-12-02T00:00:00,17:20:00,CRIMES DIVERSOS,CRIMES DIVERSOS: CRIMES INFORMÁTICOS,ES,VITORIA,JARDIM CAMBURI,RUA ARQUITETO DECIO THEVERNARD,AMBIENTE WEB
458,57240792,2025-12-02T00:00:00,07:00:00,CRIMES DIVERSOS,CRIMES DIVERSOS: CRIMES INFORMÁTICOS,ES,SERRA,PORTO CANOA,RUA ANDORINHAS,AMBIENTE WEB
459,57303176,2025-12-02T00:00:00,12:49:00,CRIMES DIVERSOS,CRIMES DIVERSOS: CRIMES INFORMÁTICOS,ES,VITORIA,JARDIM CAMBURI,RUA VICTORINO CARDOSO,AGÊNCIA BANCÁRIA
460,57207084,2025-02-13T00:00:00,10:19:00,CRIMES DIVERSOS,CRIMES DIVERSOS: CRIMES INFORMÁTICOS,ES,COLATINA,SAO SILVANO,RUA AFONSO SCHWAB,AMBIENTE WEB
461,57208674,2025-02-13T00:00:00,18:47:00,CRIMES DIVERSOS,CRIMES DIVERSOS: CRIMES INFORMÁTICOS,ES,VITORIA,JARDIM CAMBURI,AVENIDA DANTE MICHELINE,AMBIENTE WEB
462,57211907,2025-02-13T00:00:00,19:00:00,CRIMES DIVERSOS,CRIMES DIVERSOS: CRIMES INFORMÁTICOS,ES,CARIACICA,NOVO BRASIL,RUA SERGIPE,AMBIENTE WEB
463,57242819,2025-02-13T00:00:00,14:00:00,CRIMES DIVERSOS,CRIMES DIVERSOS: CRIMES INFORMÁTICOS,ES,CARIACICA,APARECIDA,S/I,OUTRO LOCAL
464,57447225,2025-02-13T00:00:00,09:00:00,CRIMES DIVERSOS,CRIMES DIVERSOS: CRIMES INFORMÁTICOS,ES,VILA VELHA,VILA GARRIDO,RUA JOSE DE SOUZA,OUTRO LOCAL
465,59522037,2025-02-13T00:00:00,10:40:00,CRIMES DIVERSOS,CRIMES DIVERSOS: CRIMES INFORMÁTICOS,ES,SERRA,ELDORADO,S/I,OUTRO LOCAL
466,57211574,2025-02-14T00:00:00,10:20:00,CRIMES DIVERSOS,CRIMES DIVERSOS: CRIMES INFORMÁTICOS,ES,ALFREDO CHAVES,PARQUE RESIDENCIAL ALFREDO CHAVES,RUA ERNANI BONACOSSA,OUTRO LOCAL
467,57211910,2025-02-14T00:00:00,11:00:00,CRIMES DIVERSOS,CRIMES DIVERSOS: CRIMES INFORMÁTICOS,ES,CACHOEIRO DE ITAPEMIRIM,DOUTOR GILBERTO MACHADO,AVENIDA FRANCISCO LACERDA DE AGUIAR,OUTRO LOCAL
468,57237817,2025-02-14T00:00:00,13:45:00,CRIMES DIVERSOS,CRIMES DIVERSOS: CRIMES INFORMÁTICOS,ES,SAO MATEUS,OUTRO LOCAL,S/I,AMBIENTE WEB
469,57237904,2025-02-14T00:00:00,11:00:00,CRIMES DIVERSOS,CRIMES DIVERSOS: CRIMES INFORMÁTICOS,ES,VITORIA,MATA DA PRAIA,RUA ROBERTO DA SILVA,ESCRITORIO
470,57238702,2025-02-14T00:00:00,12:00:00,CRIMES DIVERSOS,CRIMES DIVERSOS: CRIMES INFORMÁTICOS,ES,VITORIA,JARDIM CAMBURI,RUA THEÓFILO COSTA,AMBIENTE WEB
471,57238839,2025-02-14T00:00:00,15:00:00,CRIMES DIVERSOS,CRIMES DIVERSOS: CRIMES INFORMÁTICOS,ES,COLATINA,ESPLANADA,S/I,RESIDÊNCIA
472,57256214,2025-02-14T00:00:00,09:26:00,CRIMES DIVERSOS,CRIMES DIVERSOS: CRIMES INFORMÁTICOS,ES,COLATINA,OUTRO LOCAL,S/I,AMBIENTE WEB
473,57270675,2025-02-14T00:00:00,01:34:00,CRIMES DIVERSOS,CRIMES DIVERSOS: CRIMES INFORMÁTICOS,ES,SERRA,JARDIM LIMOEIRO,S/I,AMBIENTE WEB
474,57280221,2025-02-14T00:00:00,Indeterminada,CRIMES DIVERSOS,CRIMES DIVERSOS: CRIMES INFORMÁTICOS,ES,CACHOEIRO DE ITAPEMIRIM,CENTRO,S/I,REPARTICAO PUBLICA
475,58298398,2025-02-14T00:00:00,Indeterminada,CRIMES DIVERSOS,CRIMES DIVERSOS: CRIMES INFORMÁTICOS,ES,PINHEIROS,OUTRO LOCAL,S/I,OUTRO LOCAL
476,57238561,2025-02-15T00:00:00,10:00:00,CRIMES DIVERSOS,CRIMES DIVERSOS: CRIMES INFORMÁTICOS,ES,VITORIA,JARDIM CAMBURI,RUA PASCHOAL DELMAESTRO,AMBIENTE WEB
477,57240371,2025-02-15T00:00:00,06:47:00,CRIMES DIVERSOS,CRIMES DIVERSOS: CRIMES INFORMÁTICOS,ES,CARIACICA,JARDIM AMERICA,RUA VENEZUELA,AMBIENTE WEB
478,57240395,2025-02-15T00:00:00,09:00:00,CRIMES DIVERSOS,CRIMES DIVERSOS: CRIMES INFORMÁTICOS,ES,CARIACICA,BANDEIRANTES,CASA DE 2 ANDARES,OUTRO LOCAL
479,57240412,2025-02-15T00:00:00,13:00:00,CRIMES DIVERSOS,CRIMES DIVERSOS: CRIMES INFORMÁTICOS,ES,CARIACICA,BANDEIRANTES,S/I,AMBIENTE WEB
480,57265732,2025-02-15T00:00:00,18:00:00,CRIMES DIVERSOS,CRIMES DIVERSOS: CRIMES INFORMÁTICOS,ES,CARIACICA,RIO MARINHO,RUA TRES,OUTRO LOCAL
481,57235885,2025-02-16T00:00:00,22:00:00,CRIMES DIVERSOS,CRIMES DIVERSOS: CRIMES INFORMÁTICOS,ES,COLATINA,SANTO ANTONIO,RUA GONCALVES DIAS,AMBIENTE WEB
482,57237470,2025-02-16T00:00:00,23:30:00,CRIMES DIVERSOS,CRIMES DIVERSOS: CRIMES INFORMÁTICOS,ES,VITORIA,JARDIM DA PENHA,S/I,AMBIENTE WEB
483,57237984,2025-02-16T00:00:00,10:54:00,CRIMES DIVERSOS,CRIMES DIVERSOS: CRIMES INFORMÁTICOS,ES,COLATINA,MARIA DAS GRACAS,AVENIDA BRASIL,AMBIENTE WEB
484,57241883,2025-02-16T00:00:00,Indeterminada,CRIMES DIVERSOS,CRIMES DIVERSOS: CRIMES INFORMÁTICOS,ES,SAO MATEUS,OUTRO LOCAL,S/I,AMBIENTE WEB
485,57239225,2025-02-17T00:00:00,10:30:00,CRIMES DIVERSOS,CRIMES DIVERSOS: CRIMES INFORMÁTICOS,ES,COLATINA,OUTRO LOCAL,S/I,OUTRO LOCAL
486,57241069,2025-02-17T00:00:00,10:00:00,CRIMES DIVERSOS,CRIMES DIVERSOS: CRIMES INFORMÁTICOS,ES,VITORIA,BENTO FERREIRA,RUA CHAFIC MURAD,AMBIENTE WEB
487,57242007,2025-02-17T00:00:00,14:00:00,CRIMES DIVERSOS,CRIMES DIVERSOS: CRIMES INFORMÁTICOS,ES,COLATINA,CENTRO,S/I,AMBIENTE WEB
488,57245306,2025-02-17T00:00:00,09:39:00,CRIMES DIVERSOS,CRIMES DIVERSOS: CRIMES INFORMÁTICOS,ES,COLATINA,PADRE JOSE DE ANCHIETA,RUA HERMAN BELO,AMBIENTE WEB
489,57245310,2025-02-17T00:00:00,18:14:00,CRIMES DIVERSOS,CRIMES DIVERSOS: CRIMES INFORMÁTICOS,ES,COLATINA,MARIA ISMENIA,RUA ALEGRE,OUTRO LOCAL
490,57247036,2025-02-17T00:00:00,12:00:00,CRIMES DIVERSOS,CRIMES DIVERSOS: CRIMES INFORMÁTICOS,ES,VITORIA,JARDIM CAMBURI,S/I,AMBIENTE WEB
491,57248307,2025-02-17T00:00:00,12:15:00,CRIMES DIVERSOS,CRIMES DIVERSOS: CRIMES INFORMÁTICOS,ES,VITORIA,REPUBLICA,RUA AUDIFAX BARRETO DUARTE,RESIDÊNCIA
492,57249077,2025-02-17T00:00:00,15:59:00,CRIMES DIVERSOS,CRIMES DIVERSOS: CRIMES INFORMÁTICOS,ES,VITORIA,JARDIM DA PENHA,RUA COMISSARIO OCTAVIO QUEIROZ,AMBIENTE WEB
493,57249113,2025-02-17T00:00:00,15:59:00,CRIMES DIVERSOS,CRIMES DIVERSOS: CRIMES INFORMÁTICOS,ES,VITORIA,JARDIM DA PENHA,RUA COMISSÁRIO OCTÁVIO QUEIROZ,AGÊNCIA BANCÁRIA
494,57256335,2025-02-17T00:00:00,15:30:00,CRIMES DIVERSOS,CRIMES DIVERSOS: CRIMES INFORMÁTICOS,ES,SERRA,SERRA DOURADA I,RUA FLAMBOYANT,AMBIENTE WEB
495,57336439,2025-02-17T00:00:00,18:22:00,CRIMES DIVERSOS,CRIMES DIVERSOS: CRIMES INFORMÁTICOS,ES,SERRA,BARCELONA,S/I,VIA PÚBLICA
496,57251415,2025-02-18T00:00:00,00:00:00,CRIMES DIVERSOS,CRIMES DIVERSOS: CRIMES INFORMÁTICOS,ES,PANCAS,CENTRO,"AVENIDA LAURINDO BARBOSA, APARTAMENTO, 102",AMBIENTE WEB
497,57254213,2025-02-18T00:00:00,12:29:00,CRIMES DIVERSOS,CRIMES DIVERSOS: CRIMES INFORMÁTICOS,ES,COLATINA,SAO SILVANO,RUA EMILSON COUTINHO,RESIDÊNCIA
498,57256657,2025-02-18T00:00:00,14:22:00,CRIMES DIVERSOS,CRIMES DIVERSOS: CRIMES INFORMÁTICOS,ES,VITORIA,JARDIM CAMBURI,S/I,AMBIENTE WEB
499,57256692,2025-02-18T00:00:00,16:00:00,CRIMES DIVERSOS,CRIMES DIVERSOS: CRIMES INFORMÁTICOS,ES,VITORIA,JARDIM CAMBURI,S/I,AMBIENTE WEB
500,57257200,2025-02-18T00:00:00,08:00:00,CRIMES DIVERSOS,CRIMES DIVERSOS: CRIMES INFORMÁTICOS,ES,VITORIA,JARDIM DA PENHA,RUA NATALINA DAHER CARNEIRO,AMBIENTE WEB
501,57263355,2025-02-18T00:00:00,13:14:00,CRIMES DIVERSOS,CRIMES DIVERSOS: CRIMES INFORMÁTICOS,ES,GUARAPARI,PRAIA DO MORRO,AV OCEANICA,OUTRO LOCAL
502,57268361,2025-02-18T00:00:00,15:30:00,CRIMES DIVERSOS,CRIMES DIVERSOS: CRIMES INFORMÁTICOS,ES,COLATINA,SAO SILVANO,AVENIDA SILVIO AVIDOS,COMÉRCIO
503,57275974,2025-02-18T00:00:00,14:00:00,CRIMES DIVERSOS,CRIMES DIVERSOS: CRIMES INFORMÁTICOS,ES,VITORIA,JARDIM CAMBURI,S/I,AMBIENTE WEB
504,57284538,2025-02-18T00:00:00,Indeterminada,CRIMES DIVERSOS,CRIMES DIVERSOS: CRIMES INFORMÁTICOS,ES,SERRA,FEU ROSA,RU COPO DE LEITE,AMBIENTE WEB
505,57525127,2025-02-18T00:00:00,20:00:00,CRIMES DIVERSOS,CRIMES DIVERSOS: CRIMES INFORMÁTICOS,ES,SERRA,CAMPINHO DA SERRA I,RUA ANTURIO,AMBIENTE WEB
506,57637520,2025-02-18T00:00:00,08:00:00,CRIMES DIVERSOS,CRIMES DIVERSOS: CRIMES INFORMÁTICOS,ES,AGUIA BRANCA,ZONA RURAL,EBENÉZER S/N,RESIDÊNCIA
507,58495520,2025-02-18T00:00:00,Indeterminada,CRIMES DIVERSOS,CRIMES DIVERSOS: CRIMES INFORMÁTICOS,ES,VITORIA,SANTA HELENA,RUA JOSE TEIXEIRA,AMBIENTE WEB
508,57256207,2025-02-19T00:00:00,Indeterminada,CRIMES DIVERSOS,CRIMES DIVERSOS: CRIMES INFORMÁTICOS,ES,SERRA,OURIMAR,RUA DOMINEU RODY SANTANA,AMBIENTE WEB
509,57259061,2025-02-19T00:00:00,12:00:00,CRIMES DIVERSOS,CRIMES DIVERSOS: CRIMES INFORMÁTICOS,ES,NOVA VENECIA,BEIRA RIO,S/I,AMBIENTE WEB
510,57259080,2025-02-19T00:00:00,12:00:00,CRIMES DIVERSOS,CRIMES DIVERSOS: CRIMES INFORMÁTICOS,ES,VIANA,BOM PASTOR,RUA MORUMBI,RESIDÊNCIA
511,57259437,2025-02-19T00:00:00,Indeterminada,CRIMES DIVERSOS,CRIMES DIVERSOS: CRIMES INFORMÁTICOS,ES,SAO MATEUS,OUTRO LOCAL,S/I,AMBIENTE WEB
512,57260939,2025-02-19T00:00:00,13:32:00,CRIMES DIVERSOS,CRIMES DIVERSOS: CRIMES INFORMÁTICOS,ES,VITORIA,JARDIM CAMBURI,RUA DULCE BRITO ESPINDULA,AMBIENTE WEB
513,57265694,2025-02-19T00:00:00,08:45:00,CRIMES DIVERSOS,CRIMES DIVERSOS: CRIMES INFORMÁTICOS,ES,CASTELO,BELA VISTA,S/I,OUTRO LOCAL
514,57266720,2025-02-19T00:00:00,02:11:00,CRIMES DIVERSOS,CRIMES DIVERSOS: CRIMES INFORMÁTICOS,ES,VITORIA,JARDIM CAMBURI,RUA HUMBERTO BALBI,OUTRO LOCAL
515,57267654,2025-02-19T00:00:00,15:30:00,CRIMES DIVERSOS,CRIMES DIVERSOS: CRIMES INFORMÁTICOS,ES,CONCEICAO DA BARRA,ITAUNAS,PRAÇA PRINCIPAL DE ITAUNAS,AMBIENTE WEB
516,57268301,2025-02-19T00:00:00,12:00:00,CRIMES DIVERSOS,CRIMES DIVERSOS: CRIMES INFORMÁTICOS,ES,COLATINA,CENTRO,RUA PEDRO EPICHIM,RESIDÊNCIA
517,57279253,2025-02-19T00:00:00,13:00:00,CRIMES DIVERSOS,CRIMES DIVERSOS: CRIMES INFORMÁTICOS,ES,PANCAS,CORREGO ESPINHO,SITIO AGUA BOA,AMBIENTE WEB
518,57281062,2025-02-19T00:00:00,03:23:00,CRIMES DIVERSOS,CRIMES DIVERSOS: CRIMES INFORMÁTICOS,ES,ALFREDO CHAVES,SAO SEBASTIAO,ALFREDO CHAVES,AMBIENTE WEB
519,57313260,2025-02-19T00:00:00,Indeterminada,CRIMES DIVERSOS,CRIMES DIVERSOS: CRIMES INFORMÁTICOS,ES,SAO MATEUS,OUTRO LOCAL,S/I,AMBIENTE WEB
520,57273968,2025-02-20T00:00:00,11:26:00,CRIMES DIVERSOS,CRIMES DIVERSOS: CRIMES INFORMÁTICOS,ES,COLATINA,VILA NOVA,RUA D.PEDRO II,CONSULTORIO
521,57274886,2025-02-20T00:00:00,08:40:00,CRIMES DIVERSOS,CRIMES DIVERSOS: CRIMES INFORMÁTICOS,ES,COLATINA,CARLOS GERMANO NAUMANN,RUA SÃO VICENTE,AMBIENTE WEB
522,57302484,2025-02-20T00:00:00,14:00:00,CRIMES DIVERSOS,CRIMES DIVERSOS: CRIMES INFORMÁTICOS,ES,CASTELO,SANTO ANDREZINHO,MACHADO DE ASSIS,AMBIENTE WEB
523,57305196,2025-02-20T00:00:00,15:00:00,CRIMES DIVERSOS,CRIMES DIVERSOS: CRIMES INFORMÁTICOS,ES,CARIACICA,CASTELO BRANCO,COMERCIO,AMBIENTE WEB
524,57332563,2025-02-20T00:00:00,20:00:00,CRIMES DIVERSOS,CRIMES DIVERSOS: CRIMES INFORMÁTICOS,ES,VITORIA,MARIA ORTIZ,RUA AGUAPE,OUTRO LOCAL
525,57280920,2025-02-21T00:00:00,11:50:00,CRIMES DIVERSOS,CRIMES DIVERSOS: CRIMES INFORMÁTICOS,ES,ANCHIETA,PORTAL DE ANCHIETA,RUA MARIA STELLA RAMOS BRILHANTE,RESIDÊNCIA
526,57302494,2025-02-21T00:00:00,20:23:00,CRIMES DIVERSOS,CRIMES DIVERSOS: CRIMES INFORMÁTICOS,ES,CASTELO,CENTRO,AVENIDA NOSSA SENHORA DA PENHA,COMÉRCIO
527,57303112,2025-02-21T00:00:00,20:00:00,CRIMES DIVERSOS,CRIMES DIVERSOS: CRIMES INFORMÁTICOS,ES,VITORIA,JARDIM CAMBURI,S/I,OUTRO LOCAL
528,57285668,2025-02-22T00:00:00,07:26:00,CRIMES DIVERSOS,CRIMES DIVERSOS: CRIMES INFORMÁTICOS,ES,COLATINA,HONORIO FRAGA,S/I,OUTRO LOCAL
529,57307262,2025-02-22T00:00:00,Indeterminada,CRIMES DIVERSOS,CRIMES DIVERSOS: CRIMES INFORMÁTICOS,ES,SAO MATEUS,OUTRO LOCAL,S/I,AMBIENTE WEB
530,57306931,2025-02-24T00:00:00,10:30:00,CRIMES DIVERSOS,CRIMES DIVERSOS: CRIMES INFORMÁTICOS,ES,CARIACICA,TUCUM,RUA MARATAIZES,AMBIENTE WEB
531,57307041,2025-02-24T00:00:00,12:47:00,CRIMES DIVERSOS,CRIMES DIVERSOS: CRIMES INFORMÁTICOS,ES,CARIACICA,ALTO LAGE,R ROMUALDO MARTINS,AMBIENTE WEB
532,57311900,2025-02-24T00:00:00,18:00:00,CRIMES DIVERSOS,CRIMES DIVERSOS: CRIMES INFORMÁTICOS,ES,ALFREDO CHAVES,PARQUE RESIDENCIAL ALFREDO CHAVES,RUA VITORINO BRUNORO,OUTRO LOCAL
533,57311958,2025-02-24T00:00:00,10:00:00,CRIMES DIVERSOS,CRIMES DIVERSOS: CRIMES INFORMÁTICOS,ES,CASTELO,CENTRO,AV NOSSA SENHORA DA PENHA,COMÉRCIO
534,57316354,2025-02-24T00:00:00,23:35:00,CRIMES DIVERSOS,CRIMES DIVERSOS: CRIMES INFORMÁTICOS,ES,CARIACICA,CAMPO GRANDE,AV GETULIO VARGAS,AMBIENTE WEB
535,57334592,2025-02-24T00:00:00,17:00:00,CRIMES DIVERSOS,CRIMES DIVERSOS: CRIMES INFORMÁTICOS,ES,CARIACICA,TIRADENTES,TIRADENTES,AMBIENTE WEB
536,57608748,2025-02-24T00:00:00,07:00:00,CRIMES DIVERSOS,CRIMES DIVERSOS: CRIMES INFORMÁTICOS,ES,BARRA DE SAO FRANCISCO,CENTRO,AV JONES DOS SANTOS NEVES,AMBIENTE WEB
537,57649552,2025-02-24T00:00:00,12:57:00,CRIMES DIVERSOS,CRIMES DIVERSOS: CRIMES INFORMÁTICOS,ES,MANTENOPOLIS,SANTA LUZIA DE MANTENOPOLIS,RUA JOSÉ MOREIRA,AMBIENTE WEB
538,57798322,2025-02-24T00:00:00,19:00:00,CRIMES DIVERSOS,CRIMES DIVERSOS: CRIMES INFORMÁTICOS,ES,CARIACICA,TIRADENTES,RUA RIO DE JANEIRO,OUTRO LOCAL
539,57314353,2025-02-25T00:00:00,10:15:00,CRIMES DIVERSOS,CRIMES DIVERSOS: CRIMES INFORMÁTICOS,ES,VILA VELHA,OUTRO LOCAL,INTERNET,OUTRO LOCAL
540,57315811,2025-02-25T00:00:00,11:30:00,CRIMES DIVERSOS,CRIMES DIVERSOS: CRIMES INFORMÁTICOS,ES,CARIACICA,SAO CONRADO,RUA POMBO,AGÊNCIA BANCÁRIA
541,57316345,2025-02-25T00:00:00,15:00:00,CRIMES DIVERSOS,CRIMES DIVERSOS: CRIMES INFORMÁTICOS,ES,MANTENOPOLIS,CENTRO,RUA PIMENTA,AMBIENTE WEB
542,57325670,2025-02-25T00:00:00,21:08:00,CRIMES DIVERSOS,CRIMES DIVERSOS: CRIMES INFORMÁTICOS,ES,CARIACICA,ALTO DA BOA VISTA,RUA SÃO SEBASTIÃO,OUTRO LOCAL
543,57330995,2025-02-25T00:00:00,11:20:00,CRIMES DIVERSOS,CRIMES DIVERSOS: CRIMES INFORMÁTICOS,ES,RIO NOVO DO SUL,CENTRO,RUA FERNANDO DE ABREU,OUTRO LOCAL
544,57331632,2025-02-25T00:00:00,Indeterminada,CRIMES DIVERSOS,CRIMES DIVERSOS: CRIMES INFORMÁTICOS,ES,AGUIA BRANCA,OUTRO LOCAL,RUA LINDOFO PINHEIRO DE LACERDA,AMBIENTE WEB
545,57331636,2025-02-25T00:00:00,10:20:00,CRIMES DIVERSOS,CRIMES DIVERSOS: CRIMES INFORMÁTICOS,ES,VITORIA,CARATOIRA,TRAVESSA JOÃO VENÂNCIO DOS SANTOS,AMBIENTE WEB
546,57399001,2025-02-25T00:00:00,01:30:00,CRIMES DIVERSOS,CRIMES DIVERSOS: CRIMES INFORMÁTICOS,ES,VITORIA,JARDIM CAMBURI,RUA JOSE GUILHERME NEFFA,AMBIENTE WEB
547,57535555,2025-02-25T00:00:00,12:00:00,CRIMES DIVERSOS,CRIMES DIVERSOS: CRIMES INFORMÁTICOS,ES,ANCHIETA,CENTRO,RUA JAIRO PIMENTEL,AMBIENTE WEB
548,57843415,2025-02-25T00:00:00,11:00:00,CRIMES DIVERSOS,CRIMES DIVERSOS: CRIMES INFORMÁTICOS,ES,MANTENOPOLIS,CENTRO,RUA PREFEITO WILLIAN BENJAMIM,AMBIENTE WEB
549,57325688,2025-02-26T00:00:00,07:30:00,CRIMES DIVERSOS,CRIMES DIVERSOS: CRIMES INFORMÁTICOS,ES,CARIACICA,ITAQUARI,RUA MONTE CLAROS,RESIDÊNCIA
550,57329387,2025-02-26T00:00:00,07:45:00,CRIMES DIVERSOS,CRIMES DIVERSOS: CRIMES INFORMÁTICOS,ES,VILA VELHA,OUTRO LOCAL,S/I,AMBIENTE WEB
551,57330598,2025-02-26T00:00:00,10:00:00,CRIMES DIVERSOS,CRIMES DIVERSOS: CRIMES INFORMÁTICOS,ES,VITORIA,JARDIM CAMBURI,S/I,AMBIENTE WEB
552,57332925,2025-02-26T00:00:00,11:00:00,CRIMES DIVERSOS,CRIMES DIVERSOS: CRIMES INFORMÁTICOS,ES,COLATINA,MORADA DO SOL,S/I,AMBIENTE WEB
553,57341210,2025-02-26T00:00:00,07:00:00,CRIMES DIVERSOS,CRIMES DIVERSOS: CRIMES INFORMÁTICOS,ES,VITORIA,SANTO ANTONIO,RUA GABRIEL ELIAS TACLA,RESIDÊNCIA
554,57343322,2025-02-26T00:00:00,20:00:00,CRIMES DIVERSOS,CRIMES DIVERSOS: CRIMES INFORMÁTICOS,ES,VILA VELHA,VALE ENCANTADO,REGENCIA,AMBIENTE WEB
555,57382401,2025-02-26T00:00:00,16:40:00,CRIMES DIVERSOS,CRIMES DIVERSOS: CRIMES INFORMÁTICOS,ES,CARIACICA,GRAUNA,RUA GERALDO GONÇALVES,AMBIENTE WEB
556,57340965,2025-02-27T00:00:00,09:00:00,CRIMES DIVERSOS,CRIMES DIVERSOS: CRIMES INFORMÁTICOS,ES,VITORIA,JARDIM CAMBURI,R. SEBASTIÃO DA SILVA RABÊLO,OUTRO LOCAL
557,57343577,2025-02-27T00:00:00,11:00:00,CRIMES DIVERSOS,CRIMES DIVERSOS: CRIMES INFORMÁTICOS,ES,CARIACICA,CAMPO GRANDE,RUA OLIMPIO CUNHA,AMBIENTE WEB
558,57354160,2025-02-27T00:00:00,11:00:00,CRIMES DIVERSOS,CRIMES DIVERSOS: CRIMES INFORMÁTICOS,ES,CACHOEIRO DE ITAPEMIRIM,OUTRO LOCAL,S/I,AMBIENTE WEB
559,57592720,2025-02-27T00:00:00,15:00:00,CRIMES DIVERSOS,CRIMES DIVERSOS: CRIMES INFORMÁTICOS,ES,ANCHIETA,CENTRO,S/I,OUTRO LOCAL
560,57343495,2025-02-28T00:00:00,11:08:00,CRIMES DIVERSOS,CRIMES DIVERSOS: CRIMES INFORMÁTICOS,ES,COLATINA,LACE,RUA BOLIVAR ABREU,AMBIENTE WEB
561,57345661,2025-02-28T00:00:00,14:20:00,CRIMES DIVERSOS,CRIMES DIVERSOS: CRIMES INFORMÁTICOS,ES,COLATINA,SANTA MONICA,TRAVESSA IDA ZIPPINOTTI COSTA,RESIDÊNCIA
562,57401268,2025-02-28T00:00:00,19:00:00,CRIMES DIVERSOS,CRIMES DIVERSOS: CRIMES INFORMÁTICOS,ES,CARIACICA,RIO MARINHO,BEGONIA,AMBIENTE WEB
563,57410939,2025-02-28T00:00:00,14:40:00,CRIMES DIVERSOS,CRIMES DIVERSOS: CRIMES INFORMÁTICOS,ES,MANTENOPOLIS,CENTRO,RUA BENEIR JOSE DANIEL,AMBIENTE WEB
564,57412325,2025-02-28T00:00:00,11:20:00,CRIMES DIVERSOS,CRIMES DIVERSOS: CRIMES INFORMÁTICOS,ES,VITORIA,SANTA LUIZA,AVENIDA NOSSA SENHORA DA PENHA,AMBIENTE WEB
565,58537461,2025-02-28T00:00:00,18:00:00,CRIMES DIVERSOS,CRIMES DIVERSOS: CRIMES INFORMÁTICOS,ES,GOVERNADOR LINDENBERG,NOVO BRASIL,RUA PEDRO TOZETTI,AMBIENTE WEB
566,57354459,2025-01-03T00:00:00,09:00:00,CRIMES DIVERSOS,CRIMES DIVERSOS: CRIMES INFORMÁTICOS,ES,SAO GABRIEL DA PALHA,BARRA SECA,S/I,AMBIENTE WEB
567,57382354,2025-01-03T00:00:00,20:33:00,CRIMES DIVERSOS,CRIMES DIVERSOS: CRIMES INFORMÁTICOS,ES,CARIACICA,NOVA BRASILIA,S/I,AMBIENTE WEB
568,57398675,2025-01-03T00:00:00,12:07:00,CRIMES DIVERSOS,CRIMES DIVERSOS: CRIMES INFORMÁTICOS,ES,VILA VELHA,VILA GARRIDO,S/I,AMBIENTE WEB
569,57398971,2025-01-03T00:00:00,18:00:00,CRIMES DIVERSOS,CRIMES DIVERSOS: CRIMES INFORMÁTICOS,ES,VILA VELHA,ARGOLAS,RUA LUIS DA SILVA,RESIDÊNCIA
570,57399751,2025-01-03T00:00:00,Indeterminada,CRIMES DIVERSOS,CRIMES DIVERSOS: CRIMES INFORMÁTICOS,ES,ALFREDO CHAVES,OURO BRANCO,AVENIDA GETULIO VARGAS,AMBIENTE WEB
571,57525561,2025-01-03T00:00:00,23:00:00,CRIMES DIVERSOS,CRIMES DIVERSOS: CRIMES INFORMÁTICOS,ES,VITORIA,JARDIM CAMBURI,"R CICERO DIAS DE OLIVEIRA,",OUTRO LOCAL
572,57709018,2025-01-03T00:00:00,15:09:00,CRIMES DIVERSOS,CRIMES DIVERSOS: CRIMES INFORMÁTICOS,ES,GUARAPARI,IPIRANGA,S/I,OUTRO LOCAL
573,59285531,2025-01-03T00:00:00,Indeterminada,CRIMES DIVERSOS,CRIMES DIVERSOS: CRIMES INFORMÁTICOS,ES,VITORIA,NOVA PALESTINA,RUA JONAEL SOCRATES MEDEIROS FERREIRA,AMBIENTE WEB
574,57383711,2025-02-03T00:00:00,11:50:00,CRIMES DIVERSOS,CRIMES DIVERSOS: CRIMES INFORMÁTICOS,ES,CARIACICA,PORTO DE SANTANA,RUA SALVADOR BESSE,AMBIENTE WEB
575,57431062,2025-02-03T00:00:00,14:00:00,CRIMES DIVERSOS,CRIMES DIVERSOS: CRIMES INFORMÁTICOS,ES,ANCHIETA,PRAIA DOS CASTELHANOS,RUA DIOGO AUGUSTO BRETAS,AMBIENTE WEB
576,57399098,2025-03-03T00:00:00,12:00:00,CRIMES DIVERSOS,CRIMES DIVERSOS: CRIMES INFORMÁTICOS,ES,VITORIA,JARDIM CAMBURI,RUA DORA VIVAQCUA,RESIDÊNCIA
577,57400194,2025-03-03T00:00:00,21:00:00,CRIMES DIVERSOS,CRIMES DIVERSOS: CRIMES INFORMÁTICOS,ES,ALFREDO CHAVES,OUTRO LOCAL,RUA AURORA BIANCHI,AMBIENTE WEB
578,57412365,2025-03-03T00:00:00,Indeterminada,CRIMES DIVERSOS,CRIMES DIVERSOS: CRIMES INFORMÁTICOS,ES,SAO MATEUS,OUTRO LOCAL,S/I,OUTRO LOCAL
579,57382963,2025-04-03T00:00:00,11:00:00,CRIMES DIVERSOS,CRIMES DIVERSOS: CRIMES INFORMÁTICOS,ES,BARRA DE SAO FRANCISCO,BAIRRO NOVA BARRA,RUA ROMILDO MORETE,AMBIENTE WEB
580,57393041,2025-04-03T00:00:00,18:00:00,CRIMES DIVERSOS,CRIMES DIVERSOS: CRIMES INFORMÁTICOS,ES,ALFREDO CHAVES,CENTRO,RUA VITORINO BRUNORO,OUTRO LOCAL
581,57393144,2025-04-03T00:00:00,10:00:00,CRIMES DIVERSOS,CRIMES DIVERSOS: CRIMES INFORMÁTICOS,ES,COLATINA,ADELIA GIUBERTTI,RUA CASTRO ALVES,AMBIENTE WEB
582,57409735,2025-04-03T00:00:00,20:51:00,CRIMES DIVERSOS,CRIMES DIVERSOS: CRIMES INFORMÁTICOS,ES,VITORIA,REPUBLICA,AUDIFAX BARRETO DUARTE,AMBIENTE WEB
583,57437066,2025-04-03T00:00:00,15:00:00,CRIMES DIVERSOS,CRIMES DIVERSOS: CRIMES INFORMÁTICOS,ES,SANTA TERESA,CORREGO SECO DE SAO JOAO,ZONA RURAL,AMBIENTE WEB
584,57448381,2025-04-03T00:00:00,08:30:00,CRIMES DIVERSOS,CRIMES DIVERSOS: CRIMES INFORMÁTICOS,ES,VARGEM ALTA,PAMBAL DE BAIXO,RUA POMBAL DE BAIXO,ESCRITORIO
585,57541084,2025-04-03T00:00:00,Indeterminada,CRIMES DIVERSOS,CRIMES DIVERSOS: CRIMES INFORMÁTICOS,ES,SERRA,RESIDENCIAL CENTRO DA SERRA,AVENIDA AUDIFAX BARCELOS,AMBIENTE WEB
586,57599381,2025-04-03T00:00:00,09:31:00,CRIMES DIVERSOS,CRIMES DIVERSOS: CRIMES INFORMÁTICOS,ES,MANTENOPOLIS,BELA VISTA,RUA DEOLINDO JANUARIO MULUCA,AMBIENTE WEB
587,57392650,2025-05-03T00:00:00,13:00:00,CRIMES DIVERSOS,CRIMES DIVERSOS: CRIMES INFORMÁTICOS,ES,COLATINA,VILA AMELIA,RUA LUIZ PANCIERI,RESIDÊNCIA
588,57397886,2025-05-03T00:00:00,10:00:00,CRIMES DIVERSOS,CRIMES DIVERSOS: CRIMES INFORMÁTICOS,ES,ARACRUZ,VILA NOVA,RUA THEODORICO LEAL,AMBIENTE WEB
589,57398087,2025-05-03T00:00:00,14:50:00,CRIMES DIVERSOS,CRIMES DIVERSOS: CRIMES INFORMÁTICOS,ES,ALFREDO CHAVES,PARQUE RESIDENCIAL ALFREDO CHAVES,RUA VITORINO BRUNORO,AMBIENTE WEB
590,57398551,2025-05-03T00:00:00,19:30:00,CRIMES DIVERSOS,CRIMES DIVERSOS: CRIMES INFORMÁTICOS,ES,ALFREDO CHAVES,OUTRO LOCAL,RUA PROJETADA,AMBIENTE WEB
591,57506188,2025-05-03T00:00:00,11:50:00,CRIMES DIVERSOS,CRIMES DIVERSOS: CRIMES INFORMÁTICOS,ES,CARIACICA,CAMPO GRANDE,RUA DOIS IRMAOS,AMBIENTE WEB
592,57585744,2025-05-03T00:00:00,13:00:00,CRIMES DIVERSOS,CRIMES DIVERSOS: CRIMES INFORMÁTICOS,ES,ARACRUZ,CENTRO EMPRESARIAL,S/I,AMBIENTE WEB
593,57400021,2025-06-03T00:00:00,10:00:00,CRIMES DIVERSOS,CRIMES DIVERSOS: CRIMES INFORMÁTICOS,ES,COLATINA,CENTRO,TRAVESSA CORINA MIRANDA DALLAPICOLA,RESIDÊNCIA
594,57400359,2025-06-03T00:00:00,09:30:00,CRIMES DIVERSOS,CRIMES DIVERSOS: CRIMES INFORMÁTICOS,ES,COLATINA,COLUMBIA,RUA ALAGOAS,RESIDÊNCIA
595,57401363,2025-06-03T00:00:00,12:00:00,CRIMES DIVERSOS,CRIMES DIVERSOS: CRIMES INFORMÁTICOS,ES,ARACRUZ,DECARLI,RODOVIA LUIZ THEODORO MUSSO,OUTRO LOCAL
596,57408747,2025-06-03T00:00:00,10:19:00,CRIMES DIVERSOS,CRIMES DIVERSOS: CRIMES INFORMÁTICOS,ES,MANTENOPOLIS,SANTA LUZIA DE MANTENOPOLIS,CORREGO DO CAPIM,AMBIENTE WEB
597,57412360,2025-06-03T00:00:00,18:46:00,CRIMES DIVERSOS,CRIMES DIVERSOS: CRIMES INFORMÁTICOS,ES,SERRA,BICANGA,AV MERIDIONAL,AMBIENTE WEB
598,57581079,2025-06-03T00:00:00,09:00:00,CRIMES DIVERSOS,CRIMES DIVERSOS: CRIMES INFORMÁTICOS,ES,SERRA,PARQUE RESIDENCIAL LARANJEIRAS,SALA 203,OUTRO LOCAL
599,57412446,2025-07-03T00:00:00,13:00:00,CRIMES DIVERSOS,CRIMES DIVERSOS: CRIMES INFORMÁTICOS,ES,ARACRUZ,OUTRO LOCAL,S/I,AMBIENTE WEB
600,57439338,2025-07-03T00:00:00,11:35:00,CRIMES DIVERSOS,CRIMES DIVERSOS: CRIMES INFORMÁTICOS,ES,VITORIA,PARQUE MOSCOSO,RUA 23 DE MAIO,OUTRO LOCAL
601,57439965,2025-07-03T00:00:00,15:30:00,CRIMES DIVERSOS,CRIMES DIVERSOS: CRIMES INFORMÁTICOS,ES,CARIACICA,ALTO LAGE,ROMUALDO MARTINS,AMBIENTE WEB
602,57440035,2025-07-03T00:00:00,09:15:00,CRIMES DIVERSOS,CRIMES DIVERSOS: CRIMES INFORMÁTICOS,ES,CARIACICA,CASTELO BRANCO,RUA PRESIDENTE COSTA E SILVA,RESIDÊNCIA
603,57441702,2025-07-03T00:00:00,14:00:00,CRIMES DIVERSOS,CRIMES DIVERSOS: CRIMES INFORMÁTICOS,ES,GUACUI,QUINCAS MACHADO,S/I,AMBIENTE WEB
604,57448850,2025-07-03T00:00:00,15:55:00,CRIMES DIVERSOS,CRIMES DIVERSOS: CRIMES INFORMÁTICOS,ES,CASTELO,SAO MIGUEL,RUA MACHADO DE ASSIS,RESIDÊNCIA
605,57533444,2025-07-03T00:00:00,Indeterminada,CRIMES DIVERSOS,CRIMES DIVERSOS: CRIMES INFORMÁTICOS,ES,PINHEIROS,OUTRO LOCAL,S/I,AMBIENTE WEB
606,57543437,2025-07-03T00:00:00,Indeterminada,CRIMES DIVERSOS,CRIMES DIVERSOS: CRIMES INFORMÁTICOS,ES,SAO MATEUS,OUTRO LOCAL,S/I,AMBIENTE WEB
607,58918250,2025-07-03T00:00:00,12:00:00,CRIMES DIVERSOS,CRIMES DIVERSOS: CRIMES INFORMÁTICOS,ES,SERRA,JARDIM CARAPINA,S/I,AMBIENTE WEB
608,57429811,2025-08-03T00:00:00,12:15:00,CRIMES DIVERSOS,CRIMES DIVERSOS: CRIMES INFORMÁTICOS,ES,COLATINA,VILA LENIRA,AVENIDA JONES DOS SANTO NEVES,AMBIENTE WEB
609,57440069,2025-09-03T00:00:00,09:00:00,CRIMES DIVERSOS,CRIMES DIVERSOS: CRIMES INFORMÁTICOS,ES,ALFREDO CHAVES,SANTA TEREZINHA,RUA EXPEDICIONARIO OSVALDO SAUDINO,RESIDÊNCIA
610,57446989,2025-09-03T00:00:00,09:10:00,CRIMES DIVERSOS,CRIMES DIVERSOS: CRIMES INFORMÁTICOS,ES,CASTELO,SANTA CLARA,COMUNIDADE DA ZONA RURAL SANTA CLARA,OUTRO LOCAL
611,57460857,2025-09-03T00:00:00,14:00:00,CRIMES DIVERSOS,CRIMES DIVERSOS: CRIMES INFORMÁTICOS,ES,ARACRUZ,OUTRO LOCAL,S/I,OUTRO LOCAL
612,57438883,2025-10-03T00:00:00,10:41:00,CRIMES DIVERSOS,CRIMES DIVERSOS: CRIMES INFORMÁTICOS,ES,MANTENOPOLIS,CENTRO,RUA PRIMEIRO CENTENARIO,OUTRO LOCAL
613,57440971,2025-10-03T00:00:00,13:00:00,CRIMES DIVERSOS,CRIMES DIVERSOS: CRIMES INFORMÁTICOS,ES,COLATINA,MARIA DAS GRACAS II,S/I,AMBIENTE WEB
614,57441483,2025-10-03T00:00:00,Indeterminada,CRIMES DIVERSOS,CRIMES DIVERSOS: CRIMES INFORMÁTICOS,ES,SAO MATEUS,OUTRO LOCAL,S/I,AMBIENTE WEB
615,57447066,2025-10-03T00:00:00,12:46:00,CRIMES DIVERSOS,CRIMES DIVERSOS: CRIMES INFORMÁTICOS,ES,VITORIA,JARDIM CAMBURI,S/I,AMBIENTE WEB
616,57449317,2025-10-03T00:00:00,11:00:00,CRIMES DIVERSOS,CRIMES DIVERSOS: CRIMES INFORMÁTICOS,ES,CARIACICA,EXPEDITO,RUA PREFEITO VICENTE SANTÓRIO FANTINI,AMBIENTE WEB
617,57449429,2025-10-03T00:00:00,13:00:00,CRIMES DIVERSOS,CRIMES DIVERSOS: CRIMES INFORMÁTICOS,ES,CARIACICA,CAMPO GRANDE,S/I,RESIDÊNCIA
618,57457488,2025-10-03T00:00:00,17:05:00,CRIMES DIVERSOS,CRIMES DIVERSOS: CRIMES INFORMÁTICOS,ES,VITORIA,JARDIM CAMBURI,AV ENGENHEIRO CHARLES BITRAN,RESIDÊNCIA
619,57467277,2025-10-03T00:00:00,20:23:00,CRIMES DIVERSOS,CRIMES DIVERSOS: CRIMES INFORMÁTICOS,ES,SERRA,OURIMAR,RUA DOMINEU RODY SANTANA,AMBIENTE WEB
620,57477483,2025-10-03T00:00:00,21:00:00,CRIMES DIVERSOS,CRIMES DIVERSOS: CRIMES INFORMÁTICOS,ES,SERRA,HELIO FERRAZ,S/I,AMBIENTE WEB
621,57502439,2025-10-03T00:00:00,08:00:00,CRIMES DIVERSOS,CRIMES DIVERSOS: CRIMES INFORMÁTICOS,ES,SANTA TERESA,VARZEA ALEGRE,S/I,OUTRO LOCAL
622,57502890,2025-10-03T00:00:00,17:05:00,CRIMES DIVERSOS,CRIMES DIVERSOS: CRIMES INFORMÁTICOS,ES,VITORIA,JARDIM CAMBURI,AV ENGENHEIRO CHARLES BITRAN,RESIDÊNCIA
623,57589987,2025-10-03T00:00:00,09:00:00,CRIMES DIVERSOS,CRIMES DIVERSOS: CRIMES INFORMÁTICOS,ES,VITORIA,CENTRO,RUA CAIS DE SÃO FRANCISCO,OUTRO LOCAL
624,57617116,2025-10-03T00:00:00,11:00:00,CRIMES DIVERSOS,CRIMES DIVERSOS: CRIMES INFORMÁTICOS,ES,CACHOEIRO DE ITAPEMIRIM,GILBERTO MACHADO,RUA DR JUSTINO HEMERLY ELIAS,AMBIENTE WEB
625,57451297,2025-11-03T00:00:00,16:00:00,CRIMES DIVERSOS,CRIMES DIVERSOS: CRIMES INFORMÁTICOS,ES,CASTELO,ZONA RURAL,SÃO VITORIO,RESIDÊNCIA
626,57451693,2025-11-03T00:00:00,12:59:00,CRIMES DIVERSOS,CRIMES DIVERSOS: CRIMES INFORMÁTICOS,ES,CARIACICA,CAMPO GRANDE,S/I,AMBIENTE WEB
627,57465457,2025-11-03T00:00:00,16:00:00,CRIMES DIVERSOS,CRIMES DIVERSOS: CRIMES INFORMÁTICOS,ES,SERRA,CAMPINHO DA SERRA I,RUA LIRIO,OUTRO LOCAL
628,57468372,2025-11-03T00:00:00,23:56:00,CRIMES DIVERSOS,CRIMES DIVERSOS: CRIMES INFORMÁTICOS,ES,CARIACICA,ALZIRA RAMOS,AV VIRGINIA RAMOS,RESIDÊNCIA
629,57470229,2025-11-03T00:00:00,16:00:00,CRIMES DIVERSOS,CRIMES DIVERSOS: CRIMES INFORMÁTICOS,ES,CARIACICA,JARDIM AMERICA,RUA MEXICO,AMBIENTE WEB
630,57470333,2025-11-03T00:00:00,17:54:00,CRIMES DIVERSOS,CRIMES DIVERSOS: CRIMES INFORMÁTICOS,ES,PIUMA,CENTRO,RUA ELIZEU XAVIER NUNES,ESCOLA
631,57503299,2025-11-03T00:00:00,14:03:00,CRIMES DIVERSOS,CRIMES DIVERSOS: CRIMES INFORMÁTICOS,ES,SERRA,CIDADE CONTINENTAL,RUA JESUS CRISTO,AMBIENTE WEB
632,57935122,2025-11-03T00:00:00,00:00:00,CRIMES DIVERSOS,CRIMES DIVERSOS: CRIMES INFORMÁTICOS,ES,VITORIA,JARDIM CAMBURI,S/I,AMBIENTE WEB
633,57960327,2025-11-03T00:00:00,Indeterminada,CRIMES DIVERSOS,CRIMES DIVERSOS: CRIMES INFORMÁTICOS,ES,COLATINA,VILA AMELIA,RUA ORLY DESSAUNE,RESIDÊNCIA
634,57457614,2025-12-03T00:00:00,Indeterminada,CRIMES DIVERSOS,CRIMES DIVERSOS: CRIMES INFORMÁTICOS,ES,GUARAPARI,BALNEARIO MEAIPE,RUA GILDA LEAL,RESIDÊNCIA
635,57465743,2025-12-03T00:00:00,10:34:00,CRIMES DIVERSOS,CRIMES DIVERSOS: CRIMES INFORMÁTICOS,ES,SANTA TERESA,RIO SALTINHO,ZONA RURAL,AMBIENTE WEB
636,57591701,2025-12-03T00:00:00,Indeterminada,CRIMES DIVERSOS,CRIMES DIVERSOS: CRIMES INFORMÁTICOS,ES,SAO MATEUS,OUTRO LOCAL,S/I,AMBIENTE WEB
637,57466159,2025-03-13T00:00:00,08:31:00,CRIMES DIVERSOS,CRIMES DIVERSOS: CRIMES INFORMÁTICOS,ES,MANTENOPOLIS,SAO JOSE DE MANTENOPOLIS,RUA PROJETADA,AMBIENTE WEB
638,57468765,2025-03-13T00:00:00,Indeterminada,CRIMES DIVERSOS,CRIMES DIVERSOS: CRIMES INFORMÁTICOS,ES,PINHEIROS,JUNDIA,S/I,AMBIENTE WEB
639,57469143,2025-03-13T00:00:00,13:35:00,CRIMES DIVERSOS,CRIMES DIVERSOS: CRIMES INFORMÁTICOS,ES,CASTELO,INDEPENDENCIA,RUA PASTOR FARIAS,OUTRO LOCAL
640,57470120,2025-03-13T00:00:00,16:00:00,CRIMES DIVERSOS,CRIMES DIVERSOS: CRIMES INFORMÁTICOS,ES,COLATINA,RIVIERA,RUA MATINA,AMBIENTE WEB
641,57474852,2025-03-13T00:00:00,23:00:00,CRIMES DIVERSOS,CRIMES DIVERSOS: CRIMES INFORMÁTICOS,ES,VITORIA,DA PENHA,RUA CAETANO MARTINS PEREIRA,AMBIENTE WEB
642,57474892,2025-03-13T00:00:00,09:43:00,CRIMES DIVERSOS,CRIMES DIVERSOS: CRIMES INFORMÁTICOS,ES,SERRA,VISTA DA SERRA I,RUA REGINA BONATO,RESIDÊNCIA
643,57477597,2025-03-13T00:00:00,18:00:00,CRIMES DIVERSOS,CRIMES DIVERSOS: CRIMES INFORMÁTICOS,ES,COLATINA,COLATINA VELHA,RUA SEBASTIAO PEREIRA DA SILVA,RESIDÊNCIA
644,57478080,2025-03-13T00:00:00,03:00:00,CRIMES DIVERSOS,CRIMES DIVERSOS: CRIMES INFORMÁTICOS,ES,VILA VELHA,SAO TORQUATO,S/I,COMÉRCIO
645,57482386,2025-03-13T00:00:00,21:30:00,CRIMES DIVERSOS,CRIMES DIVERSOS: CRIMES INFORMÁTICOS,ES,COLATINA,PADRE JOSE DE ANCHIETA,RUA REYNALDO FERRARI PRIMO,OUTRO LOCAL
646,57503075,2025-03-13T00:00:00,12:00:00,CRIMES DIVERSOS,CRIMES DIVERSOS: CRIMES INFORMÁTICOS,ES,VILA VELHA,JARDIM MARILANDIA,RUA BONFINOPOLIS,RESIDÊNCIA
647,57505281,2025-03-13T00:00:00,14:00:00,CRIMES DIVERSOS,CRIMES DIVERSOS: CRIMES INFORMÁTICOS,ES,COLATINA,SAO SILVANO,RUA ALCINO TEIXEIRA,RESIDÊNCIA
648,57505930,2025-03-13T00:00:00,13:00:00,CRIMES DIVERSOS,CRIMES DIVERSOS: CRIMES INFORMÁTICOS,ES,CARIACICA,SANTA BARBARA,S/I,OUTRO LOCAL
649,57515540,2025-03-13T00:00:00,Indeterminada,CRIMES DIVERSOS,CRIMES DIVERSOS: CRIMES INFORMÁTICOS,ES,COLATINA,MARIA DAS GRACAS,AV VITORIA,RESIDÊNCIA
650,57532518,2025-03-13T00:00:00,19:00:00,CRIMES DIVERSOS,CRIMES DIVERSOS: CRIMES INFORMÁTICOS,ES,VILA VELHA,COBILANDIA,RUA BRASILEIA,RESIDÊNCIA
651,57639670,2025-03-13T00:00:00,Indeterminada,CRIMES DIVERSOS,CRIMES DIVERSOS: CRIMES INFORMÁTICOS,ES,SAO MATEUS,OUTRO LOCAL,S/I,AMBIENTE WEB
652,57476569,2025-03-14T00:00:00,06:24:00,CRIMES DIVERSOS,CRIMES DIVERSOS: CRIMES INFORMÁTICOS,ES,COLATINA,VILA LENIRA,S/I,AMBIENTE WEB
653,57478381,2025-03-14T00:00:00,13:00:00,CRIMES DIVERSOS,CRIMES DIVERSOS: CRIMES INFORMÁTICOS,ES,MANTENOPOLIS,CENTRO,DR LUIS BATISTA,AMBIENTE WEB
654,57481739,2025-03-14T00:00:00,15:50:00,CRIMES DIVERSOS,CRIMES DIVERSOS: CRIMES INFORMÁTICOS,ES,COLATINA,CENTRO,RUA SANTA MARIA,AMBIENTE WEB
655,57484566,2025-03-14T00:00:00,20:19:00,CRIMES DIVERSOS,CRIMES DIVERSOS: CRIMES INFORMÁTICOS,ES,AFONSO CLAUDIO,CENTRO,RUA JERÔNIMO MONTEIRO,RESIDÊNCIA
656,57506393,2025-03-14T00:00:00,19:40:00,CRIMES DIVERSOS,CRIMES DIVERSOS: CRIMES INFORMÁTICOS,ES,CARIACICA,CAMPO GRANDE,MARTINHO LUTERO,AMBIENTE WEB
657,57515261,2025-03-14T00:00:00,09:00:00,CRIMES DIVERSOS,CRIMES DIVERSOS: CRIMES INFORMÁTICOS,ES,ANCHIETA,PRAIA DE GUANABARA,S/I,OUTRO LOCAL
658,57523811,2025-03-14T00:00:00,Indeterminada,CRIMES DIVERSOS,CRIMES DIVERSOS: CRIMES INFORMÁTICOS,ES,SERRA,NOVO HORIZONTE,RUA SABIA,AMBIENTE WEB
659,57573547,2025-03-14T00:00:00,Indeterminada,CRIMES DIVERSOS,CRIMES DIVERSOS: CRIMES INFORMÁTICOS,ES,VITORIA,SAO JOSE,RUA CENTRAL,RESIDÊNCIA
660,57574332,2025-03-14T00:00:00,06:00:00,CRIMES DIVERSOS,CRIMES DIVERSOS: CRIMES INFORMÁTICOS,ES,ARACRUZ,OUTRO LOCAL,S/I,AMBIENTE WEB
661,57505927,2025-03-15T00:00:00,09:22:00,CRIMES DIVERSOS,CRIMES DIVERSOS: CRIMES INFORMÁTICOS,ES,VITORIA,SAO PEDRO,RUA APOSTOLO SAO PAULO,OUTRO LOCAL
662,57574198,2025-03-15T00:00:00,12:00:00,CRIMES DIVERSOS,CRIMES DIVERSOS: CRIMES INFORMÁTICOS,ES,COLATINA,CENTRO,S/I,AGÊNCIA BANCÁRIA
663,57504157,2025-03-16T00:00:00,18:00:00,CRIMES DIVERSOS,CRIMES DIVERSOS: CRIMES INFORMÁTICOS,ES,MANTENOPOLIS,SOL NASCENTE,RUA MISAEL GONÇALVES DA CRUZ,RESIDÊNCIA
664,57515385,2025-03-16T00:00:00,Indeterminada,CRIMES DIVERSOS,CRIMES DIVERSOS: CRIMES INFORMÁTICOS,ES,SAO MATEUS,OUTRO LOCAL,S/I,AMBIENTE WEB
665,57678070,2025-03-16T00:00:00,23:15:00,CRIMES DIVERSOS,CRIMES DIVERSOS: CRIMES INFORMÁTICOS,ES,MANTENOPOLIS,SAO GERALDO,RUA PEDRO JOSE DA SILVA,AMBIENTE WEB
666,57503660,2025-03-17T00:00:00,Indeterminada,CRIMES DIVERSOS,CRIMES DIVERSOS: CRIMES INFORMÁTICOS,ES,COLATINA,NOSSA SENHORA APARECIDA,RUA SOLDADO LEONARDO,RESIDÊNCIA
667,57508064,2025-03-17T00:00:00,Indeterminada,CRIMES DIVERSOS,CRIMES DIVERSOS: CRIMES INFORMÁTICOS,ES,VITORIA,ENSEADA DO SUA,RUA PROF ALMEIDA COUSIN,AMBIENTE WEB
668,57512094,2025-03-17T00:00:00,19:00:00,CRIMES DIVERSOS,CRIMES DIVERSOS: CRIMES INFORMÁTICOS,ES,VITORIA,SANTA LUCIA,AV NOSSA SENHORA DA PENHA,AMBIENTE WEB
669,57515352,2025-03-17T00:00:00,11:30:00,CRIMES DIVERSOS,CRIMES DIVERSOS: CRIMES INFORMÁTICOS,ES,CARIACICA,JARDIM AMERICA,S/I,OUTRO LOCAL
670,57533402,2025-03-17T00:00:00,10:40:00,CRIMES DIVERSOS,CRIMES DIVERSOS: CRIMES INFORMÁTICOS,ES,VITORIA,REPUBLICA,RUA AMARILIO LUNZ,AMBIENTE WEB
671,57569638,2025-03-17T00:00:00,10:00:00,CRIMES DIVERSOS,CRIMES DIVERSOS: CRIMES INFORMÁTICOS,ES,SERRA,VISTA DA SERRA II,RUA AROEIRA,AMBIENTE WEB
672,57581869,2025-03-17T00:00:00,12:31:00,CRIMES DIVERSOS,CRIMES DIVERSOS: CRIMES INFORMÁTICOS,ES,CARIACICA,EXPEDITO,RUA ROBERTO COUTO,OUTRO LOCAL
673,57638628,2025-03-17T00:00:00,Indeterminada,CRIMES DIVERSOS,CRIMES DIVERSOS: CRIMES INFORMÁTICOS,ES,PINHEIROS,CENTRO,S/I,AMBIENTE WEB
674,57641281,2025-03-17T00:00:00,18:45:00,CRIMES DIVERSOS,CRIMES DIVERSOS: CRIMES INFORMÁTICOS,ES,SAO MATEUS,OUTRO LOCAL,S/I,AMBIENTE WEB
675,57713686,2025-03-17T00:00:00,11:00:00,CRIMES DIVERSOS,CRIMES DIVERSOS: CRIMES INFORMÁTICOS,ES,PINHEIROS,CENTRO,RUA GENE RONDON,OUTRO LOCAL
676,57513924,2025-03-18T00:00:00,11:04:00,CRIMES DIVERSOS,CRIMES DIVERSOS: CRIMES INFORMÁTICOS,ES,ARACRUZ,OUTRO LOCAL,S/I,AMBIENTE WEB
677,57516207,2025-03-18T00:00:00,11:42:00,CRIMES DIVERSOS,CRIMES DIVERSOS: CRIMES INFORMÁTICOS,ES,VITORIA,MARUIPE,RUA MARECHAL FLORIANO,AMBIENTE WEB
678,57517563,2025-03-18T00:00:00,09:00:00,CRIMES DIVERSOS,CRIMES DIVERSOS: CRIMES INFORMÁTICOS,ES,COLATINA,FAZENDA VITALI,S/I,OUTRO LOCAL
679,57517626,2025-03-18T00:00:00,16:00:00,CRIMES DIVERSOS,CRIMES DIVERSOS: CRIMES INFORMÁTICOS,ES,COLATINA,LACE,RUA FIDELIS FERRARI,COMÉRCIO
680,57526554,2025-03-18T00:00:00,08:00:00,CRIMES DIVERSOS,CRIMES DIVERSOS: CRIMES INFORMÁTICOS,ES,ARACRUZ,JACUPEMBA,COMUNIDADE RURAL DO RIO FRANCÊS,VIA PÚBLICA
681,57539687,2025-03-18T00:00:00,14:10:00,CRIMES DIVERSOS,CRIMES DIVERSOS: CRIMES INFORMÁTICOS,ES,SERRA,ELDORADO,RUA RIO SANTA MARIA,AMBIENTE WEB
682,57543972,2025-03-18T00:00:00,15:00:00,CRIMES DIVERSOS,CRIMES DIVERSOS: CRIMES INFORMÁTICOS,ES,GOVERNADOR LINDENBERG,CENTRO,RUA ADELINO LUBIANA,OUTRO LOCAL
683,57590335,2025-03-18T00:00:00,11:00:00,CRIMES DIVERSOS,CRIMES DIVERSOS: CRIMES INFORMÁTICOS,ES,VILA VELHA,ILHA DAS FLORES,S/I,AMBIENTE WEB
684,57660637,2025-03-18T00:00:00,09:00:00,CRIMES DIVERSOS,CRIMES DIVERSOS: CRIMES INFORMÁTICOS,ES,SERRA,MORADA DE LARANJEIRAS,S/I,AMBIENTE WEB
685,57521830,2025-03-19T00:00:00,19:00:00,CRIMES DIVERSOS,CRIMES DIVERSOS: CRIMES INFORMÁTICOS,ES,COLATINA,SAO PEDRO,RUA RIO BRANCO,RESIDÊNCIA
686,57525028,2025-03-19T00:00:00,12:30:00,CRIMES DIVERSOS,CRIMES DIVERSOS: CRIMES INFORMÁTICOS,ES,COLATINA,PADRE JOSE DE ANCHIETA,RUA ANTONIO C COSTA,AMBIENTE WEB
687,57525218,2025-03-19T00:00:00,09:30:00,CRIMES DIVERSOS,CRIMES DIVERSOS: CRIMES INFORMÁTICOS,ES,COLATINA,MARIA ISMENIA,RUA ALEGRE,ESCOLA
688,57525267,2025-03-19T00:00:00,10:00:00,CRIMES DIVERSOS,CRIMES DIVERSOS: CRIMES INFORMÁTICOS,ES,COLATINA,ADELIA GIUBERTTI,RUA JOSE IGLESIAS,AMBIENTE WEB
689,57530901,2025-03-19T00:00:00,13:11:00,CRIMES DIVERSOS,CRIMES DIVERSOS: CRIMES INFORMÁTICOS,ES,SANTA TERESA,ZONA RURAL,RIO SALTINHO,AMBIENTE WEB
690,57531944,2025-03-19T00:00:00,11:00:00,CRIMES DIVERSOS,CRIMES DIVERSOS: CRIMES INFORMÁTICOS,ES,VITORIA,JARDIM CAMBURI,AVENIDA DOS EXPEDICIONARIOS,RESIDÊNCIA
691,57534188,2025-03-19T00:00:00,12:30:00,CRIMES DIVERSOS,CRIMES DIVERSOS: CRIMES INFORMÁTICOS,ES,SAO MATEUS,OUTRO LOCAL,S/I,AMBIENTE WEB
692,57540491,2025-03-19T00:00:00,00:23:00,CRIMES DIVERSOS,CRIMES DIVERSOS: CRIMES INFORMÁTICOS,ES,VITORIA,JARDIM CAMBURI,S/I,AGÊNCIA BANCÁRIA
693,57870547,2025-03-19T00:00:00,17:00:00,CRIMES DIVERSOS,CRIMES DIVERSOS: CRIMES INFORMÁTICOS,ES,SANTA TERESA,CENTRO,AVENIDA RICARDO PASOLINE,COMÉRCIO
694,57531954,2025-03-20T00:00:00,18:50:00,CRIMES DIVERSOS,CRIMES DIVERSOS: CRIMES INFORMÁTICOS,ES,VITORIA,JARDIM CAMBURI,RUA,OUTRO LOCAL
695,57533843,2025-03-20T00:00:00,10:10:00,CRIMES DIVERSOS,CRIMES DIVERSOS: CRIMES INFORMÁTICOS,ES,PANCAS,VILA VERDE,RUA MANOEL COSTA,AMBIENTE WEB
696,57534779,2025-03-20T00:00:00,13:10:00,CRIMES DIVERSOS,CRIMES DIVERSOS: CRIMES INFORMÁTICOS,ES,COLATINA,PADRE JOSE DE ANCHIETA,AVENIDA JORDANA SARA SILVA,AMBIENTE WEB
697,57539606,2025-03-20T00:00:00,14:00:00,CRIMES DIVERSOS,CRIMES DIVERSOS: CRIMES INFORMÁTICOS,ES,SANTA TERESA,CENTRO,TRAVESSA PADRE MARCELINO,ESCRITORIO
698,57539668,2025-03-20T00:00:00,18:49:00,CRIMES DIVERSOS,CRIMES DIVERSOS: CRIMES INFORMÁTICOS,ES,SERRA,VISTA DA SERRA I,RUA MUCURICI,AGÊNCIA BANCÁRIA
699,57540961,2025-03-20T00:00:00,19:00:00,CRIMES DIVERSOS,CRIMES DIVERSOS: CRIMES INFORMÁTICOS,ES,ARACRUZ,OUTRO LOCAL,S/I,AMBIENTE WEB
700,57542719,2025-03-20T00:00:00,12:00:00,CRIMES DIVERSOS,CRIMES DIVERSOS: CRIMES INFORMÁTICOS,ES,ANCHIETA,OUTRO LOCAL,CORREGO DA PRATA,AMBIENTE WEB
701,57542765,2025-03-20T00:00:00,Indeterminada,CRIMES DIVERSOS,CRIMES DIVERSOS: CRIMES INFORMÁTICOS,ES,SAO MATEUS,ARNALDO BASTOS,S/I,AMBIENTE WEB
702,57611521,2025-03-20T00:00:00,14:41:00,CRIMES DIVERSOS,CRIMES DIVERSOS: CRIMES INFORMÁTICOS,ES,SERRA,PARQUE RESIDENCIAL LARANJEIRAS,S/I,OUTRO LOCAL
703,57659384,2025-03-20T00:00:00,16:45:00,CRIMES DIVERSOS,CRIMES DIVERSOS: CRIMES INFORMÁTICOS,ES,SANTA TERESA,SAO JOAO DE PETROPOLIS,RODOVIA ESPÍRITO SANTO 080,AMBIENTE WEB
704,57542662,2025-03-21T00:00:00,07:00:00,CRIMES DIVERSOS,CRIMES DIVERSOS: CRIMES INFORMÁTICOS,ES,COLATINA,MARIA DAS GRACAS,AV VITORIA,AMBIENTE WEB
705,57552274,2025-03-21T00:00:00,14:00:00,CRIMES DIVERSOS,CRIMES DIVERSOS: CRIMES INFORMÁTICOS,ES,COLATINA,SANTOS DUMONT,RUA ANGELO MOROZINI,RESIDÊNCIA
706,57553152,2025-03-21T00:00:00,00:05:00,CRIMES DIVERSOS,CRIMES DIVERSOS: CRIMES INFORMÁTICOS,ES,CARIACICA,SAO GERALDO,S/I,AMBIENTE WEB
707,57557578,2025-03-21T00:00:00,15:00:00,CRIMES DIVERSOS,CRIMES DIVERSOS: CRIMES INFORMÁTICOS,ES,COLATINA,VILA LENIRA,S/I,OUTRO LOCAL
708,57557603,2025-03-21T00:00:00,20:14:00,CRIMES DIVERSOS,CRIMES DIVERSOS: CRIMES INFORMÁTICOS,ES,COLATINA,COLUMBIA,PRIMEIRO ANDAR,RESIDÊNCIA
709,57569634,2025-03-21T00:00:00,10:40:00,CRIMES DIVERSOS,CRIMES DIVERSOS: CRIMES INFORMÁTICOS,ES,SERRA,OUTRO LOCAL,AV BRASILIA,AMBIENTE WEB
710,57570063,2025-03-21T00:00:00,16:25:00,CRIMES DIVERSOS,CRIMES DIVERSOS: CRIMES INFORMÁTICOS,ES,VITORIA,JARDIM DA PENHA,RUA MARQUES DE BARBACENA,OUTRO LOCAL
711,57571910,2025-03-21T00:00:00,11:00:00,CRIMES DIVERSOS,CRIMES DIVERSOS: CRIMES INFORMÁTICOS,ES,VILA VELHA,ILHA DAS FLORES,RUA FERNANDO FLORENTINO LIMA,AMBIENTE WEB
712,57572165,2025-03-21T00:00:00,14:35:00,CRIMES DIVERSOS,CRIMES DIVERSOS: CRIMES INFORMÁTICOS,ES,COLATINA,COLUMBIA,RUA BAHIA,AMBIENTE WEB
713,57855514,2025-03-21T00:00:00,10:59:00,CRIMES DIVERSOS,CRIMES DIVERSOS: CRIMES INFORMÁTICOS,ES,CASTELO,SANTO ANDREZINHO,RUA MACHADO DE ASSIS,OUTRO LOCAL
714,57554992,2025-03-22T00:00:00,16:40:00,CRIMES DIVERSOS,CRIMES DIVERSOS: CRIMES INFORMÁTICOS,ES,GUARAPARI,ADALBERTO SIMAO NADER,RUA  PASTOR HEBERT DE PAULA,RESIDÊNCIA
715,57557591,2025-03-22T00:00:00,17:40:00,CRIMES DIVERSOS,CRIMES DIVERSOS: CRIMES INFORMÁTICOS,ES,COLATINA,CENTRO,S/I,AMBIENTE WEB
716,57557597,2025-03-22T00:00:00,17:00:00,CRIMES DIVERSOS,CRIMES DIVERSOS: CRIMES INFORMÁTICOS,ES,COLATINA,JARDIM PLANALTO,RUA LIRIO,RESIDÊNCIA
717,57568606,2025-03-22T00:00:00,15:30:00,CRIMES DIVERSOS,CRIMES DIVERSOS: CRIMES INFORMÁTICOS,ES,COLATINA,MARIA ISMENIA,S/I,AMBIENTE WEB
718,57569644,2025-03-22T00:00:00,12:20:00,CRIMES DIVERSOS,CRIMES DIVERSOS: CRIMES INFORMÁTICOS,ES,SERRA,PORTO CANOA,RUA G,RESIDÊNCIA
719,57586004,2025-03-22T00:00:00,10:10:00,CRIMES DIVERSOS,CRIMES DIVERSOS: CRIMES INFORMÁTICOS,ES,CACHOEIRO DE ITAPEMIRIM,GUANDU,S/I,VIA PÚBLICA
720,57638333,2025-03-22T00:00:00,10:30:00,CRIMES DIVERSOS,CRIMES DIVERSOS: CRIMES INFORMÁTICOS,ES,SERRA,BARCELONA,RUA LIMOEIRO,AMBIENTE WEB
721,57639576,2025-03-22T00:00:00,Indeterminada,CRIMES DIVERSOS,CRIMES DIVERSOS: CRIMES INFORMÁTICOS,ES,VILA VELHA,PAUL,AV JERONIMO MONTEIRO,AMBIENTE WEB
722,57715548,2025-03-22T00:00:00,17:45:00,CRIMES DIVERSOS,CRIMES DIVERSOS: CRIMES INFORMÁTICOS,ES,SERRA,OUTRO LOCAL,S/I,AMBIENTE WEB
723,57573890,2025-03-23T00:00:00,14:00:00,CRIMES DIVERSOS,CRIMES DIVERSOS: CRIMES INFORMÁTICOS,ES,PINHEIROS,OUTRO LOCAL,S/I,AMBIENTE WEB
724,57591998,2025-03-23T00:00:00,10:00:00,CRIMES DIVERSOS,CRIMES DIVERSOS: CRIMES INFORMÁTICOS,ES,VITORIA,JARDIM CAMBURI,AVENIDA GOVERNADOR EURICO RESENDE,AMBIENTE WEB
725,57659036,2025-03-23T00:00:00,08:00:00,CRIMES DIVERSOS,CRIMES DIVERSOS: CRIMES INFORMÁTICOS,ES,SERRA,VALPARAISO,AVENIDA GUARAPARI,ESCRITORIO
726,57570804,2025-03-24T00:00:00,Indeterminada,CRIMES DIVERSOS,CRIMES DIVERSOS: CRIMES INFORMÁTICOS,ES,SERRA,ALTEROSAS,RUA VITORIA,AMBIENTE WEB
727,57572142,2025-03-24T00:00:00,11:20:00,CRIMES DIVERSOS,CRIMES DIVERSOS: CRIMES INFORMÁTICOS,ES,PINHEIROS,GALILEIA,RUA DAS ARARAS,AMBIENTE WEB
728,57572573,2025-03-24T00:00:00,Indeterminada,CRIMES DIVERSOS,CRIMES DIVERSOS: CRIMES INFORMÁTICOS,ES,PINHEIROS,SANTO ANTONIO,RUA DARCY SOARES VIANA,AMBIENTE WEB
729,57573078,2025-03-24T00:00:00,09:42:00,CRIMES DIVERSOS,CRIMES DIVERSOS: CRIMES INFORMÁTICOS,ES,COLATINA,CENTRO,S/I,AMBIENTE WEB
730,57580406,2025-03-24T00:00:00,15:54:00,CRIMES DIVERSOS,CRIMES DIVERSOS: CRIMES INFORMÁTICOS,ES,SANTA TERESA,SANTO ANTONIO DO CANAA,S/I,AMBIENTE WEB
731,57580811,2025-03-24T00:00:00,09:00:00,CRIMES DIVERSOS,CRIMES DIVERSOS: CRIMES INFORMÁTICOS,ES,SAO ROQUE DO CANAA,ZONA RURAL,CORREGO SAO DALMACIO,AMBIENTE WEB
732,57581223,2025-03-24T00:00:00,13:00:00,CRIMES DIVERSOS,CRIMES DIVERSOS: CRIMES INFORMÁTICOS,ES,VITORIA,CENTRO,RUA ARISTIDES NAVARRO,AMBIENTE WEB
733,57581410,2025-03-24T00:00:00,20:00:00,CRIMES DIVERSOS,CRIMES DIVERSOS: CRIMES INFORMÁTICOS,ES,COLATINA,PONTE DO PANCAS,RUA WANTUIL JOSE DA MOTTA,RESIDÊNCIA
734,57596637,2025-03-24T00:00:00,13:00:00,CRIMES DIVERSOS,CRIMES DIVERSOS: CRIMES INFORMÁTICOS,ES,VILA VELHA,ZONA NAO IDENTIFICADA I,S/I,AMBIENTE WEB
735,57733026,2025-03-24T00:00:00,13:00:00,CRIMES DIVERSOS,CRIMES DIVERSOS: CRIMES INFORMÁTICOS,ES,CASTELO,ESPLANADA,RODOVIA FUED NEMER,COMÉRCIO
736,58295616,2025-03-24T00:00:00,Indeterminada,CRIMES DIVERSOS,CRIMES DIVERSOS: CRIMES INFORMÁTICOS,ES,VENDA NOVA DO IMIGRANTE,SAO PEDRO,RUA LUIZ FALQUETO,RESIDÊNCIA
737,57581981,2025-03-25T00:00:00,11:00:00,CRIMES DIVERSOS,CRIMES DIVERSOS: CRIMES INFORMÁTICOS,ES,COLATINA,PONTE DO PANCAS,ROD GETHER LOPES DE FARIA,AMBIENTE WEB
738,57582037,2025-03-25T00:00:00,12:50:00,CRIMES DIVERSOS,CRIMES DIVERSOS: CRIMES INFORMÁTICOS,ES,CARIACICA,CRUZEIRO DO SUL,RUA ESTRELA MATUTINA,OUTRO LOCAL
739,57594222,2025-03-25T00:00:00,22:00:00,CRIMES DIVERSOS,CRIMES DIVERSOS: CRIMES INFORMÁTICOS,ES,VILA VELHA,INDUSTRIAL,S/I,OUTRO LOCAL
740,57608559,2025-03-25T00:00:00,06:09:00,CRIMES DIVERSOS,CRIMES DIVERSOS: CRIMES INFORMÁTICOS,ES,BARRA DE SAO FRANCISCO,CENTRO,AV EDSON HENRIQUE PEREIRA,AMBIENTE WEB
741,57593252,2025-03-26T00:00:00,13:20:00,CRIMES DIVERSOS,CRIMES DIVERSOS: CRIMES INFORMÁTICOS,ES,CONCEICAO DA BARRA,ANTONIO LOPEZ,RUA ARGENTINA,AMBIENTE WEB
742,57593276,2025-03-26T00:00:00,13:13:00,CRIMES DIVERSOS,CRIMES DIVERSOS: CRIMES INFORMÁTICOS,ES,ANCHIETA,PRAIA DE GUANABARA,ROD ES 060,COMÉRCIO
743,57593368,2025-03-26T00:00:00,15:30:00,CRIMES DIVERSOS,CRIMES DIVERSOS: CRIMES INFORMÁTICOS,ES,SERRA,ROSARIO DE FATIMA,RUA BRAULINA BAPTISTA LOPES S/N.,AMBIENTE WEB
744,57593713,2025-03-26T00:00:00,Indeterminada,CRIMES DIVERSOS,CRIMES DIVERSOS: CRIMES INFORMÁTICOS,ES,CONCEICAO DA BARRA,OUTRO LOCAL,S/I,AMBIENTE WEB
745,57599318,2025-03-26T00:00:00,19:00:00,CRIMES DIVERSOS,CRIMES DIVERSOS: CRIMES INFORMÁTICOS,ES,VIANA,MARCILIO DE NORONHA,RUA MARATAIZES,AMBIENTE WEB
746,57599394,2025-03-26T00:00:00,Indeterminada,CRIMES DIVERSOS,CRIMES DIVERSOS: CRIMES INFORMÁTICOS,ES,SAO MATEUS,OUTRO LOCAL,S/I,AMBIENTE WEB
747,57600882,2025-03-26T00:00:00,13:40:00,CRIMES DIVERSOS,CRIMES DIVERSOS: CRIMES INFORMÁTICOS,ES,CARIACICA,ALTO LAGE,R DUQUE DE CAXIAS,AMBIENTE WEB
748,57611452,2025-03-26T00:00:00,14:33:00,CRIMES DIVERSOS,CRIMES DIVERSOS: CRIMES INFORMÁTICOS,ES,CARIACICA,CAMPO GRANDE,S/I,REPARTICAO PUBLICA
749,57624143,2025-03-26T00:00:00,14:37:00,CRIMES DIVERSOS,CRIMES DIVERSOS: CRIMES INFORMÁTICOS,ES,VILA VELHA,SANTA RITA,RUA PAULO NEVES,ESCOLA
750,57733142,2025-03-26T00:00:00,08:51:00,CRIMES DIVERSOS,CRIMES DIVERSOS: CRIMES INFORMÁTICOS,ES,CASTELO,INDEPENDENCIA,RUA VEREADOR VARLEY COSTA,OUTRO LOCAL
751,57600871,2025-03-27T00:00:00,12:00:00,CRIMES DIVERSOS,CRIMES DIVERSOS: CRIMES INFORMÁTICOS,ES,ALFREDO CHAVES,CENTRO,RUA CAIS COSTA PINTO,AMBIENTE WEB
752,57602780,2025-03-27T00:00:00,10:37:00,CRIMES DIVERSOS,CRIMES DIVERSOS: CRIMES INFORMÁTICOS,ES,ANCHIETA,IRIRI,RUA BOAVENTURA GUIMARÃES,RESIDÊNCIA
753,57602951,2025-03-27T00:00:00,16:32:00,CRIMES DIVERSOS,CRIMES DIVERSOS: CRIMES INFORMÁTICOS,ES,ARACRUZ,OUTRO LOCAL,S/I,AMBIENTE WEB
754,57604665,2025-03-27T00:00:00,18:08:00,CRIMES DIVERSOS,CRIMES DIVERSOS: CRIMES INFORMÁTICOS,ES,VARGEM ALTA,CASTELINHO,RUA EUGENIO FASSARELLA,RESIDÊNCIA
755,57605697,2025-03-27T00:00:00,07:00:00,CRIMES DIVERSOS,CRIMES DIVERSOS: CRIMES INFORMÁTICOS,ES,COLATINA,CENTRO,RUA CASSIANO CASTELO 72,OUTRO LOCAL
756,57605847,2025-03-27T00:00:00,13:00:00,CRIMES DIVERSOS,CRIMES DIVERSOS: CRIMES INFORMÁTICOS,ES,COLATINA,SAO SILVANO,S/I,AMBIENTE WEB
757,57607649,2025-03-27T00:00:00,21:00:00,CRIMES DIVERSOS,CRIMES DIVERSOS: CRIMES INFORMÁTICOS,ES,VITORIA,CENTRO,RUA 7 DE SETEMBRO,RESIDÊNCIA
758,57633127,2025-03-27T00:00:00,22:00:00,CRIMES DIVERSOS,CRIMES DIVERSOS: CRIMES INFORMÁTICOS,ES,COLATINA,FAZENDA VITALI,RUA JOSE GATTI,AMBIENTE WEB
759,57609102,2025-03-28T00:00:00,10:40:00,CRIMES DIVERSOS,CRIMES DIVERSOS: CRIMES INFORMÁTICOS,ES,ARACRUZ,OUTRO LOCAL,S/I,AMBIENTE WEB
760,57623764,2025-03-28T00:00:00,20:00:00,CRIMES DIVERSOS,CRIMES DIVERSOS: CRIMES INFORMÁTICOS,ES,COLATINA,SAO SILVANO,RUA JOSÉ ANTONIO RAMOS,RESIDÊNCIA
761,57843573,2025-03-28T00:00:00,12:06:00,CRIMES DIVERSOS,CRIMES DIVERSOS: CRIMES INFORMÁTICOS,ES,CASTELO,OUTRO LOCAL,S/I,AGÊNCIA BANCÁRIA
762,57621807,2025-03-29T00:00:00,14:30:00,CRIMES DIVERSOS,CRIMES DIVERSOS: CRIMES INFORMÁTICOS,ES,COLATINA,VILA REAL,RUA JOSE ANTONIO CAMPOS,AMBIENTE WEB
763,57624490,2025-03-29T00:00:00,13:40:00,CRIMES DIVERSOS,CRIMES DIVERSOS: CRIMES INFORMÁTICOS,ES,VILA VELHA,PLANALTO,RUA BASRBACENA,RESIDÊNCIA
764,57625794,2025-03-29T00:00:00,22:33:00,CRIMES DIVERSOS,CRIMES DIVERSOS: CRIMES INFORMÁTICOS,ES,COLATINA,NOSSA SENHORA APARECIDA,RUA CASTELO BRANCO,AMBIENTE WEB
765,57636911,2025-03-29T00:00:00,10:10:00,CRIMES DIVERSOS,CRIMES DIVERSOS: CRIMES INFORMÁTICOS,ES,VITORIA,JARDIM CAMBURI,RUA LUMBERTO MACIEL DE AZEVEDO,OUTRO LOCAL
766,57656661,2025-03-29T00:00:00,12:30:00,CRIMES DIVERSOS,CRIMES DIVERSOS: CRIMES INFORMÁTICOS,ES,MANTENOPOLIS,ZONA RURAL,CORREGO   MANTENINHA,AMBIENTE WEB
767,57629416,2025-03-30T00:00:00,09:00:00,CRIMES DIVERSOS,CRIMES DIVERSOS: CRIMES INFORMÁTICOS,ES,LINHARES,AVISO,RUA JAIR FRANCISCO SMASSARO,AMBIENTE WEB
768,57648074,2025-03-30T00:00:00,15:00:00,CRIMES DIVERSOS,CRIMES DIVERSOS: CRIMES INFORMÁTICOS,ES,VILA VELHA,VILA GARRIDO,RUA OPERARIA,RESIDÊNCIA
769,57660460,2025-03-30T00:00:00,12:05:00,CRIMES DIVERSOS,CRIMES DIVERSOS: CRIMES INFORMÁTICOS,ES,GUARAPARI,CENTRO,S/I,AMBIENTE WEB
770,57812979,2025-03-30T00:00:00,15:30:00,CRIMES DIVERSOS,CRIMES DIVERSOS: CRIMES INFORMÁTICOS,ES,ANCHIETA,IRIRI,S/I,AMBIENTE WEB
771,57641648,2025-03-31T00:00:00,12:05:00,CRIMES DIVERSOS,CRIMES DIVERSOS: CRIMES INFORMÁTICOS,ES,CARIACICA,RIO MARINHO,RUA BEGONIA,RESIDÊNCIA
772,57646273,2025-03-31T00:00:00,12:03:00,CRIMES DIVERSOS,CRIMES DIVERSOS: CRIMES INFORMÁTICOS,ES,COLATINA,COLATINA VELHA,RUA PEDRO EPICHIN,RESIDÊNCIA
773,57646553,2025-03-31T00:00:00,13:56:00,CRIMES DIVERSOS,CRIMES DIVERSOS: CRIMES INFORMÁTICOS,ES,SANTA MARIA DE JETIBA,RIO POSS MOUSER,ZONA RURAL,AMBIENTE WEB
774,57646663,2025-03-31T00:00:00,11:00:00,CRIMES DIVERSOS,CRIMES DIVERSOS: CRIMES INFORMÁTICOS,ES,ANCHIETA,CENTRO,S/I,OUTRO LOCAL
775,57648885,2025-03-31T00:00:00,16:30:00,CRIMES DIVERSOS,CRIMES DIVERSOS: CRIMES INFORMÁTICOS,ES,COLATINA,SAO PEDRO,RUA FELIPE CAMARAO,RESIDÊNCIA
776,57664403,2025-03-31T00:00:00,20:17:00,CRIMES DIVERSOS,CRIMES DIVERSOS: CRIMES INFORMÁTICOS,ES,GUARAPARI,SANTA MARGARIDA,S/I,AMBIENTE WEB
777,57733241,2025-03-31T00:00:00,10:13:00,CRIMES DIVERSOS,CRIMES DIVERSOS: CRIMES INFORMÁTICOS,ES,CASTELO,NITEROI,RUA ADALTON SANTOS,OUTRO LOCAL
778,57647775,2025-01-04T00:00:00,08:20:00,CRIMES DIVERSOS,CRIMES DIVERSOS: CRIMES INFORMÁTICOS,ES,VITORIA,VILA RUBIM,S/I,OUTRO LOCAL
779,57647868,2025-01-04T00:00:00,08:30:00,CRIMES DIVERSOS,CRIMES DIVERSOS: CRIMES INFORMÁTICOS,ES,ALFREDO CHAVES,SANTA TEREZINHA,S/I,OUTRO LOCAL
780,57650285,2025-01-04T00:00:00,Indeterminada,CRIMES DIVERSOS,CRIMES DIVERSOS: CRIMES INFORMÁTICOS,ES,VIANA,NOVA BETHANIA,RUA ALMIRANTE TAMANDARE,RESIDÊNCIA
781,57656247,2025-01-04T00:00:00,10:00:00,CRIMES DIVERSOS,CRIMES DIVERSOS: CRIMES INFORMÁTICOS,ES,VITORIA,BENTO FERREIRA,FRANCISCO RUBIM,RESIDÊNCIA
782,57656324,2025-01-04T00:00:00,Indeterminada,CRIMES DIVERSOS,CRIMES DIVERSOS: CRIMES INFORMÁTICOS,ES,COLATINA,RIVIERA,RUA GENOVA - EDIFICIO PIENEZZA,RESIDÊNCIA
783,57659998,2025-01-04T00:00:00,13:31:00,CRIMES DIVERSOS,CRIMES DIVERSOS: CRIMES INFORMÁTICOS,ES,CARIACICA,ALZIRA RAMOS,RUA OITO,RESIDÊNCIA
784,57660042,2025-01-04T00:00:00,17:55:00,CRIMES DIVERSOS,CRIMES DIVERSOS: CRIMES INFORMÁTICOS,ES,CARIACICA,VERA CRUZ,AV AMERICA,AMBIENTE WEB
785,57668524,2025-01-04T00:00:00,19:00:00,CRIMES DIVERSOS,CRIMES DIVERSOS: CRIMES INFORMÁTICOS,ES,SERRA,PLANICIE DA SERRA,RUA H,AMBIENTE WEB
786,57780081,2025-01-04T00:00:00,16:00:00,CRIMES DIVERSOS,CRIMES DIVERSOS: CRIMES INFORMÁTICOS,ES,SANTA TERESA,VILA NOVA,RUA ARNALDO GAREAU MORREIRA,AMBIENTE WEB
787,57935105,2025-01-04T00:00:00,09:00:00,CRIMES DIVERSOS,CRIMES DIVERSOS: CRIMES INFORMÁTICOS,ES,VITORIA,JARDIM CAMBURI,RUA ALICE BUMACHER NEFFA,RESIDÊNCIA
788,58438915,2025-01-04T00:00:00,Indeterminada,CRIMES DIVERSOS,CRIMES DIVERSOS: CRIMES INFORMÁTICOS,ES,VITORIA,ILHA DE SANTA MARIA,ESC S COSME,AMBIENTE WEB
789,59410747,2025-01-04T00:00:00,Indeterminada,CRIMES DIVERSOS,CRIMES DIVERSOS: CRIMES INFORMÁTICOS,ES,VITORIA,SANTA MARTHA,RUA ANGELO ZARDINI,AMBIENTE WEB
790,57660743,2025-02-04T00:00:00,15:00:00,CRIMES DIVERSOS,CRIMES DIVERSOS: CRIMES INFORMÁTICOS,ES,ARACRUZ,OUTRO LOCAL,S/I,AMBIENTE WEB
791,57661576,2025-02-04T00:00:00,Indeterminada,CRIMES DIVERSOS,CRIMES DIVERSOS: CRIMES INFORMÁTICOS,ES,ARACRUZ,CENTRO,RUA JOSE ALVES DA COSTA,RESIDÊNCIA
792,57664423,2025-02-04T00:00:00,18:25:00,CRIMES DIVERSOS,CRIMES DIVERSOS: CRIMES INFORMÁTICOS,ES,GUARAPARI,RECANTO DA SEREIA,RUA PEROBA,AMBIENTE WEB
793,57664433,2025-02-04T00:00:00,14:30:00,CRIMES DIVERSOS,CRIMES DIVERSOS: CRIMES INFORMÁTICOS,ES,GUARAPARI,OUTRO LOCAL,S/I,AMBIENTE WEB
794,57669446,2025-02-04T00:00:00,14:30:00,CRIMES DIVERSOS,CRIMES DIVERSOS: CRIMES INFORMÁTICOS,ES,COLATINA,MARISTA,RUA JOAO VITALI,RESIDÊNCIA
795,57670151,2025-02-04T00:00:00,07:42:00,CRIMES DIVERSOS,CRIMES DIVERSOS: CRIMES INFORMÁTICOS,ES,VIANA,CAXIAS DO SUL,MARIA DE TELES DA SILVA,AMBIENTE WEB
796,57674482,2025-02-04T00:00:00,16:30:00,CRIMES DIVERSOS,CRIMES DIVERSOS: CRIMES INFORMÁTICOS,ES,COLATINA,OUTRO LOCAL,S/I,OUTRO LOCAL
797,57676136,2025-02-04T00:00:00,16:00:00,CRIMES DIVERSOS,CRIMES DIVERSOS: CRIMES INFORMÁTICOS,ES,VITORIA,JARDIM CAMBURI,S/I,OUTRO LOCAL
798,57707798,2025-02-04T00:00:00,15:00:00,CRIMES DIVERSOS,CRIMES DIVERSOS: CRIMES INFORMÁTICOS,ES,BARRA DE SAO FRANCISCO,CENTRO,AVENIDA PREFEITO MANOEL VILA,COMÉRCIO
799,57713932,2025-02-04T00:00:00,09:45:00,CRIMES DIVERSOS,CRIMES DIVERSOS: CRIMES INFORMÁTICOS,ES,PINHEIROS,PINHEIRINHO,S/I,OUTRO LOCAL
800,57668793,2025-03-04T00:00:00,07:48:00,CRIMES DIVERSOS,CRIMES DIVERSOS: CRIMES INFORMÁTICOS,ES,CARIACICA,SAO GERALDO,RUA ABILIO PONTINI,AMBIENTE WEB
801,57669920,2025-03-04T00:00:00,Indeterminada,CRIMES DIVERSOS,CRIMES DIVERSOS: CRIMES INFORMÁTICOS,ES,SAO MATEUS,OUTRO LOCAL,S/I,AMBIENTE WEB
802,57672078,2025-03-04T00:00:00,14:50:00,CRIMES DIVERSOS,CRIMES DIVERSOS: CRIMES INFORMÁTICOS,ES,ARACRUZ,GUARANA,RUA PRIMO BOTONI,RESIDÊNCIA
803,57673221,2025-03-04T00:00:00,00:00:00,CRIMES DIVERSOS,CRIMES DIVERSOS: CRIMES INFORMÁTICOS,ES,COLATINA,COLATINA VELHA,RUA PEDRO EPCHIM,RESIDÊNCIA
804,57676029,2025-03-04T00:00:00,08:30:00,CRIMES DIVERSOS,CRIMES DIVERSOS: CRIMES INFORMÁTICOS,ES,VITORIA,JARDIM CAMBURI,R EURIPEDES QUEIROZ DO VALLE,AMBIENTE WEB
805,57676471,2025-03-04T00:00:00,Indeterminada,CRIMES DIVERSOS,CRIMES DIVERSOS: CRIMES INFORMÁTICOS,ES,PINHEIROS,OUTRO LOCAL,S/I,AMBIENTE WEB
806,57680750,2025-03-04T00:00:00,14:36:00,CRIMES DIVERSOS,CRIMES DIVERSOS: CRIMES INFORMÁTICOS,ES,ARACRUZ,OUTRO LOCAL,S/I,AMBIENTE WEB
807,57730063,2025-03-04T00:00:00,17:20:00,CRIMES DIVERSOS,CRIMES DIVERSOS: CRIMES INFORMÁTICOS,ES,COLATINA,VILA AMELIA,RUA ORLY DESSAUNE,AMBIENTE WEB
808,57733460,2025-03-04T00:00:00,12:20:00,CRIMES DIVERSOS,CRIMES DIVERSOS: CRIMES INFORMÁTICOS,ES,CASTELO,CENTRO,S/I,OUTRO LOCAL
809,57960661,2025-03-04T00:00:00,Indeterminada,CRIMES DIVERSOS,CRIMES DIVERSOS: CRIMES INFORMÁTICOS,ES,VIANA,CENTRO,RUA SIZENANDO GRIJO,AMBIENTE WEB
810,57680542,2025-04-04T00:00:00,Indeterminada,CRIMES DIVERSOS,CRIMES DIVERSOS: CRIMES INFORMÁTICOS,ES,VILA VELHA,ILHA DOS AYRES,RUA MARIA AMALIA,AMBIENTE WEB
811,57683029,2025-04-04T00:00:00,Indeterminada,CRIMES DIVERSOS,CRIMES DIVERSOS: CRIMES INFORMÁTICOS,ES,CACHOEIRO DE ITAPEMIRIM,AEROPORTO,RUA JOSE CALEGARI,AMBIENTE WEB
812,57683903,2025-04-04T00:00:00,10:27:00,CRIMES DIVERSOS,CRIMES DIVERSOS: CRIMES INFORMÁTICOS,ES,COLATINA,HONORIO FRAGA,JOÃO TINELLI,AMBIENTE WEB
813,57688108,2025-04-04T00:00:00,15:30:00,CRIMES DIVERSOS,CRIMES DIVERSOS: CRIMES INFORMÁTICOS,ES,ICONHA,DUAS BARRAS,S/I,OUTRO LOCAL
814,57707492,2025-04-04T00:00:00,13:00:00,CRIMES DIVERSOS,CRIMES DIVERSOS: CRIMES INFORMÁTICOS,ES,CARIACICA,CAMPO GRANDE,S/I,OUTRO LOCAL
815,57713163,2025-04-04T00:00:00,16:05:00,CRIMES DIVERSOS,CRIMES DIVERSOS: CRIMES INFORMÁTICOS,ES,SERRA,CENTRO DA SERRA,RUA MAURILIO MIRANDA,RESIDÊNCIA
816,57713672,2025-04-04T00:00:00,20:18:00,CRIMES DIVERSOS,CRIMES DIVERSOS: CRIMES INFORMÁTICOS,ES,SERRA,PLANALTO SERRANO,AVENIDA CACHOEIRA DE ITAPEMIRIM,RESIDÊNCIA
817,57713709,2025-04-04T00:00:00,08:40:00,CRIMES DIVERSOS,CRIMES DIVERSOS: CRIMES INFORMÁTICOS,ES,SERRA,NOVA CARAPINA I,S/I,AMBIENTE WEB
818,57708025,2025-05-04T00:00:00,17:00:00,CRIMES DIVERSOS,CRIMES DIVERSOS: CRIMES INFORMÁTICOS,ES,CARIACICA,CAMPINA GRANDE,RUA IMPÉRIO DA VILA,OUTRO LOCAL
819,57708855,2025-05-04T00:00:00,23:40:00,CRIMES DIVERSOS,CRIMES DIVERSOS: CRIMES INFORMÁTICOS,ES,VITORIA,JARDIM CAMBURI,AV. MANOEL NUNES DO AMARAL PEREIRA,AMBIENTE WEB
820,57713123,2025-05-04T00:00:00,13:00:00,CRIMES DIVERSOS,CRIMES DIVERSOS: CRIMES INFORMÁTICOS,ES,VILA VELHA,OUTRO LOCAL,NAO SEI,OUTRO LOCAL
821,57714088,2025-05-04T00:00:00,13:30:00,CRIMES DIVERSOS,CRIMES DIVERSOS: CRIMES INFORMÁTICOS,ES,SERRA,CASCATA,RU DOS GIRASSOL,AMBIENTE WEB
822,57715847,2025-05-04T00:00:00,06:30:00,CRIMES DIVERSOS,CRIMES DIVERSOS: CRIMES INFORMÁTICOS,ES,SERRA,JARDIM LIMOEIRO,S/I,AMBIENTE WEB
823,57727473,2025-05-04T00:00:00,18:24:00,CRIMES DIVERSOS,CRIMES DIVERSOS: CRIMES INFORMÁTICOS,ES,SANTA TERESA,CENTRO,S/I,AMBIENTE WEB
824,57704836,2025-06-04T00:00:00,Indeterminada,CRIMES DIVERSOS,CRIMES DIVERSOS: CRIMES INFORMÁTICOS,ES,VILA VELHA,SOTECO,RUA ANGELINA MARTINS LEAL,AMBIENTE WEB
825,57707432,2025-06-04T00:00:00,23:00:00,CRIMES DIVERSOS,CRIMES DIVERSOS: CRIMES INFORMÁTICOS,ES,VITORIA,ILHA DAS CAIEIRAS,RUA AMADEU MUNIZ CORREIA,AMBIENTE WEB
826,57709973,2025-06-04T00:00:00,15:40:00,CRIMES DIVERSOS,CRIMES DIVERSOS: CRIMES INFORMÁTICOS,ES,VILA VELHA,JARDIM MARILANDIA,RUA VANAIR,OUTRO LOCAL
827,57707291,2025-07-04T00:00:00,Indeterminada,CRIMES DIVERSOS,CRIMES DIVERSOS: CRIMES INFORMÁTICOS,ES,SAO MATEUS,OUTRO LOCAL,S/I,AMBIENTE WEB
828,57709211,2025-07-04T00:00:00,14:00:00,CRIMES DIVERSOS,CRIMES DIVERSOS: CRIMES INFORMÁTICOS,ES,GUARAPARI,AEROPORTO,AV PADRE JOSÉ DE ANCHIETA,AMBIENTE WEB
829,57713974,2025-07-04T00:00:00,Indeterminada,CRIMES DIVERSOS,CRIMES DIVERSOS: CRIMES INFORMÁTICOS,ES,SAO MATEUS,OUTRO LOCAL,S/I,AMBIENTE WEB
830,57715297,2025-07-04T00:00:00,18:16:00,CRIMES DIVERSOS,CRIMES DIVERSOS: CRIMES INFORMÁTICOS,ES,SANTA TERESA,SAO LOURENCO,SÍTIO BALDAN,AMBIENTE WEB
831,57715654,2025-07-04T00:00:00,21:59:00,CRIMES DIVERSOS,CRIMES DIVERSOS: CRIMES INFORMÁTICOS,ES,SERRA,PLANICIE DA SERRA,S/I,AMBIENTE WEB
832,57715664,2025-07-04T00:00:00,10:58:00,CRIMES DIVERSOS,CRIMES DIVERSOS: CRIMES INFORMÁTICOS,ES,SERRA,CIDADE CONTINENTAL,S/I,RESIDÊNCIA
833,57726147,2025-07-04T00:00:00,Indeterminada,CRIMES DIVERSOS,CRIMES DIVERSOS: CRIMES INFORMÁTICOS,ES,SAO MATEUS,OUTRO LOCAL,S/I,AMBIENTE WEB
834,57736824,2025-07-04T00:00:00,20:40:00,CRIMES DIVERSOS,CRIMES DIVERSOS: CRIMES INFORMÁTICOS,ES,VITORIA,JARDIM CAMBURI,RUA AGENOR AMARO DOS SANTOS,VIA PÚBLICA
835,57781630,2025-07-04T00:00:00,10:00:00,CRIMES DIVERSOS,CRIMES DIVERSOS: CRIMES INFORMÁTICOS,ES,VITORIA,JARDIM CAMBURI,AV. DOS EXPEDICIONÁRIOS,RESIDÊNCIA
836,57864242,2025-07-04T00:00:00,13:00:00,CRIMES DIVERSOS,CRIMES DIVERSOS: CRIMES INFORMÁTICOS,ES,CARIACICA,VILA PALESTINA,S/I,COMÉRCIO
837,57715015,2025-08-04T00:00:00,00:00:00,CRIMES DIVERSOS,CRIMES DIVERSOS: CRIMES INFORMÁTICOS,ES,CASTELO,CENTRO,AV NOSSA SENHORA DA PENHA,RESIDÊNCIA
838,57717326,2025-08-04T00:00:00,10:00:00,CRIMES DIVERSOS,CRIMES DIVERSOS: CRIMES INFORMÁTICOS,ES,SANTA MARIA DE JETIBA,CARAMURU II,CARAMURU II,AMBIENTE WEB
839,57722640,2025-08-04T00:00:00,12:30:00,CRIMES DIVERSOS,CRIMES DIVERSOS: CRIMES INFORMÁTICOS,ES,SERRA,ELDORADO,RUA RIO TIBAJI 88,OUTRO LOCAL
840,57722696,2025-08-04T00:00:00,21:00:00,CRIMES DIVERSOS,CRIMES DIVERSOS: CRIMES INFORMÁTICOS,ES,VITORIA,JARDIM CAMBURI,RUA JOSE GUILHERME NEFFA,RESIDÊNCIA
841,57722717,2025-08-04T00:00:00,20:10:00,CRIMES DIVERSOS,CRIMES DIVERSOS: CRIMES INFORMÁTICOS,ES,SERRA,SERRA DOURADA I,S/I,AMBIENTE WEB
842,57723389,2025-08-04T00:00:00,15:00:00,CRIMES DIVERSOS,CRIMES DIVERSOS: CRIMES INFORMÁTICOS,ES,ARACRUZ,OUTRO LOCAL,S/I,AMBIENTE WEB
843,57732269,2025-08-04T00:00:00,Indeterminada,CRIMES DIVERSOS,CRIMES DIVERSOS: CRIMES INFORMÁTICOS,ES,PEDRO CANARIO,CENTRO,AV ARACRUZ,AMBIENTE WEB
844,57742597,2025-08-04T00:00:00,11:54:00,CRIMES DIVERSOS,CRIMES DIVERSOS: CRIMES INFORMÁTICOS,ES,CASTELO,INDEPENDENCIA,S/I,OUTRO LOCAL
845,57788327,2025-08-04T00:00:00,14:00:00,CRIMES DIVERSOS,CRIMES DIVERSOS: CRIMES INFORMÁTICOS,ES,SERRA,SAO DOMINGOS,RUA BENEDICTA DO NASCIMENTO,RESIDÊNCIA
846,57732410,2025-09-04T00:00:00,19:30:00,CRIMES DIVERSOS,CRIMES DIVERSOS: CRIMES INFORMÁTICOS,ES,SANTA TERESA,VILA NOVA,RUA SAO PEDRO,RESIDÊNCIA
847,57741777,2025-09-04T00:00:00,Indeterminada,CRIMES DIVERSOS,CRIMES DIVERSOS: CRIMES INFORMÁTICOS,ES,SAO MATEUS,OUTRO LOCAL,S/I,AMBIENTE WEB
848,57748490,2025-09-04T00:00:00,12:00:00,CRIMES DIVERSOS,CRIMES DIVERSOS: CRIMES INFORMÁTICOS,ES,COLATINA,CENTRO,ESCADARIA CÂNDIDO MARINO,AMBIENTE WEB
849,57781359,2025-09-04T00:00:00,19:00:00,CRIMES DIVERSOS,CRIMES DIVERSOS: CRIMES INFORMÁTICOS,ES,CARIACICA,CAMPO GRANDE,RUA PIO XXI,AMBIENTE WEB
850,57789412,2025-09-04T00:00:00,13:00:00,CRIMES DIVERSOS,CRIMES DIVERSOS: CRIMES INFORMÁTICOS,ES,COLATINA,SANTOS DUMONT,SAFIRA,OUTRO LOCAL
851,57881416,2025-09-04T00:00:00,20:36:00,CRIMES DIVERSOS,CRIMES DIVERSOS: CRIMES INFORMÁTICOS,ES,CARIACICA,MORADA DE SANTA FE,RUA OTAVIO CARDOSO DE ALCANTARA,RESIDÊNCIA
852,57732656,2025-10-04T00:00:00,Indeterminada,CRIMES DIVERSOS,CRIMES DIVERSOS: CRIMES INFORMÁTICOS,ES,COLATINA,NOSSA SENHORA DA PENHA,RUA ANISIO DE SOUZA PASSOS,RESIDÊNCIA
853,57736291,2025-10-04T00:00:00,14:59:00,CRIMES DIVERSOS,CRIMES DIVERSOS: CRIMES INFORMÁTICOS,ES,COLATINA,SAO SILVANO,RUA ORESTE BONGIOVANI,RESIDÊNCIA
854,57736699,2025-10-04T00:00:00,Indeterminada,CRIMES DIVERSOS,CRIMES DIVERSOS: CRIMES INFORMÁTICOS,ES,SAO MATEUS,OUTRO LOCAL,S/I,OUTRO LOCAL
855,57736804,2025-10-04T00:00:00,15:30:00,CRIMES DIVERSOS,CRIMES DIVERSOS: CRIMES INFORMÁTICOS,ES,COLATINA,CENTRO,"PRAÇA MUN., 31",COMÉRCIO
856,57736838,2025-10-04T00:00:00,12:00:00,CRIMES DIVERSOS,CRIMES DIVERSOS: CRIMES INFORMÁTICOS,ES,PINHEIROS,CENTRO,RUA VITORINO BISSOLI,AMBIENTE WEB
857,57740234,2025-10-04T00:00:00,Indeterminada,CRIMES DIVERSOS,CRIMES DIVERSOS: CRIMES INFORMÁTICOS,ES,SERRA,JARDIM BELA VISTA,RUA DEZESSETE,RESIDÊNCIA
858,57781605,2025-10-04T00:00:00,14:35:00,CRIMES DIVERSOS,CRIMES DIVERSOS: CRIMES INFORMÁTICOS,ES,VITORIA,JARDIM CAMBURI,RUA SILVINO GRECCO,RESIDÊNCIA
859,57848525,2025-10-04T00:00:00,11:43:00,CRIMES DIVERSOS,CRIMES DIVERSOS: CRIMES INFORMÁTICOS,ES,CARIACICA,SAO FRANCISCO,S/I,AMBIENTE WEB
860,57872488,2025-10-04T00:00:00,01:05:00,CRIMES DIVERSOS,CRIMES DIVERSOS: CRIMES INFORMÁTICOS,ES,VITORIA,JARDIM CAMBURI,S/I,AMBIENTE WEB
861,57907263,2025-10-04T00:00:00,12:13:00,CRIMES DIVERSOS,CRIMES DIVERSOS: CRIMES INFORMÁTICOS,ES,CARIACICA,SAO GERALDO,RUA HUGO VIOLA,AMBIENTE WEB
862,57744662,2025-11-04T00:00:00,13:39:00,CRIMES DIVERSOS,CRIMES DIVERSOS: CRIMES INFORMÁTICOS,ES,MANTENOPOLIS,SAO JOSE DE MANTENOPOLIS,RUA MANOEL FIRMINO,AMBIENTE WEB
863,57745095,2025-11-04T00:00:00,08:54:00,CRIMES DIVERSOS,CRIMES DIVERSOS: CRIMES INFORMÁTICOS,ES,VITORIA,JARDIM CAMBURI,RUA THEOFILO COSTA,AMBIENTE WEB
864,57745339,2025-11-04T00:00:00,12:55:00,CRIMES DIVERSOS,CRIMES DIVERSOS: CRIMES INFORMÁTICOS,ES,CONCEICAO DA BARRA,CHACARA DO ATLANTICO,S/I,OUTRO LOCAL
865,57768570,2025-11-04T00:00:00,12:00:00,CRIMES DIVERSOS,CRIMES DIVERSOS: CRIMES INFORMÁTICOS,ES,PIUMA,MONTE AGHA,AV GUIDO BRUNINI,COMÉRCIO
866,57786231,2025-11-04T00:00:00,12:40:00,CRIMES DIVERSOS,CRIMES DIVERSOS: CRIMES INFORMÁTICOS,ES,COLATINA,MOACYR BROTAS,AVENIDA JOSE NILSON PEREIRA CAMPOS,OUTRO LOCAL
867,57861397,2025-11-04T00:00:00,18:35:00,CRIMES DIVERSOS,CRIMES DIVERSOS: CRIMES INFORMÁTICOS,ES,CARIACICA,CAMPO GRANDE,S/I,AMBIENTE WEB
868,57758768,2025-12-04T00:00:00,05:00:00,CRIMES DIVERSOS,CRIMES DIVERSOS: CRIMES INFORMÁTICOS,ES,ARACRUZ,SANTA CRUZ,RUA ALAMEDA VASCO ALVES DE OLIVEIRA,RESIDÊNCIA
869,57768027,2025-12-04T00:00:00,22:00:00,CRIMES DIVERSOS,CRIMES DIVERSOS: CRIMES INFORMÁTICOS,ES,VILA VELHA,OUTRO LOCAL,S/I,AMBIENTE WEB
870,57791705,2025-12-04T00:00:00,00:00:00,CRIMES DIVERSOS,CRIMES DIVERSOS: CRIMES INFORMÁTICOS,ES,VIANA,MARCILIO DE NORONHA,RUA DIVINOPOLIS,AMBIENTE WEB
871,57767129,2025-04-13T00:00:00,20:30:00,CRIMES DIVERSOS,CRIMES DIVERSOS: CRIMES INFORMÁTICOS,ES,COLATINA,MARIA DAS GRACAS,AV. VITÓRIA,RESIDÊNCIA
872,57806652,2025-04-13T00:00:00,15:56:00,CRIMES DIVERSOS,CRIMES DIVERSOS: CRIMES INFORMÁTICOS,ES,GUARAPARI,OUTRO LOCAL,S/I,OUTRO LOCAL
873,57772751,2025-04-14T00:00:00,09:44:00,CRIMES DIVERSOS,CRIMES DIVERSOS: CRIMES INFORMÁTICOS,ES,SERRA,BARCELONA,TATUS LANCHES,AMBIENTE WEB
874,57773229,2025-04-14T00:00:00,11:06:00,CRIMES DIVERSOS,CRIMES DIVERSOS: CRIMES INFORMÁTICOS,ES,SERRA,COLINA DE LARANJEIRAS,S/I,OUTRO LOCAL
875,57778501,2025-04-14T00:00:00,12:35:00,CRIMES DIVERSOS,CRIMES DIVERSOS: CRIMES INFORMÁTICOS,ES,ANCHIETA,IRIRI,AV DOM HELVECIO,RESIDÊNCIA
876,57778601,2025-04-14T00:00:00,09:17:00,CRIMES DIVERSOS,CRIMES DIVERSOS: CRIMES INFORMÁTICOS,ES,COLATINA,ADELIA GIUBERTTI,RUA CASTRO ALVES,RESIDÊNCIA
877,57781142,2025-04-14T00:00:00,16:55:00,CRIMES DIVERSOS,CRIMES DIVERSOS: CRIMES INFORMÁTICOS,ES,CARIACICA,BOA SORTE,S/I,ESCRITORIO
878,57781150,2025-04-14T00:00:00,19:50:00,CRIMES DIVERSOS,CRIMES DIVERSOS: CRIMES INFORMÁTICOS,ES,CARIACICA,VISTA MAR,RUA SANTA BARBARA,RESIDÊNCIA
879,57781319,2025-04-14T00:00:00,15:00:00,CRIMES DIVERSOS,CRIMES DIVERSOS: CRIMES INFORMÁTICOS,ES,CARIACICA,VILA PALESTINA,S/I,AMBIENTE WEB
880,57783079,2025-04-14T00:00:00,09:32:00,CRIMES DIVERSOS,CRIMES DIVERSOS: CRIMES INFORMÁTICOS,ES,VITORIA,JARDIM CAMBURI,S/I,AMBIENTE WEB
881,57783196,2025-04-14T00:00:00,12:27:00,CRIMES DIVERSOS,CRIMES DIVERSOS: CRIMES INFORMÁTICOS,ES,VITORIA,JARDIM CAMBURI,S/I,ESCRITORIO
882,57783257,2025-04-14T00:00:00,12:00:00,CRIMES DIVERSOS,CRIMES DIVERSOS: CRIMES INFORMÁTICOS,ES,CARIACICA,SANTO ANDRE,S/I,OUTRO LOCAL
883,57788349,2025-04-14T00:00:00,14:09:00,CRIMES DIVERSOS,CRIMES DIVERSOS: CRIMES INFORMÁTICOS,ES,SERRA,NOVA CARAPINA I,AV BELO HORIZONTE,COMÉRCIO
884,57788954,2025-04-14T00:00:00,19:00:00,CRIMES DIVERSOS,CRIMES DIVERSOS: CRIMES INFORMÁTICOS,ES,ARACRUZ,OUTRO LOCAL,S/I,AMBIENTE WEB
885,57791697,2025-04-14T00:00:00,Indeterminada,CRIMES DIVERSOS,CRIMES DIVERSOS: CRIMES INFORMÁTICOS,ES,AGUIA BRANCA,APARECIDA,BAIRRO NOSSA SENHORA APARECIDA,OUTRO LOCAL
886,57843336,2025-04-14T00:00:00,Indeterminada,CRIMES DIVERSOS,CRIMES DIVERSOS: CRIMES INFORMÁTICOS,ES,SAO MATEUS,OUTRO LOCAL,S/I,AMBIENTE WEB
887,58357362,2025-04-14T00:00:00,09:03:00,CRIMES DIVERSOS,CRIMES DIVERSOS: CRIMES INFORMÁTICOS,ES,CONCEICAO DA BARRA,CHACARA DO ATLANTICO,ROD. ADOLFO SERRA,OUTRO LOCAL
888,57786242,2025-04-15T00:00:00,13:20:00,CRIMES DIVERSOS,CRIMES DIVERSOS: CRIMES INFORMÁTICOS,ES,COLATINA,MARIA DAS GRACAS II,S/I,AMBIENTE WEB
889,57786261,2025-04-15T00:00:00,13:30:00,CRIMES DIVERSOS,CRIMES DIVERSOS: CRIMES INFORMÁTICOS,ES,COLATINA,FAZENDA VITALI,RUA JOSE GATTI,AMBIENTE WEB
890,57786290,2025-04-15T00:00:00,15:00:00,CRIMES DIVERSOS,CRIMES DIVERSOS: CRIMES INFORMÁTICOS,ES,COLATINA,CENTRO,S/I,AMBIENTE WEB
891,57788519,2025-04-15T00:00:00,Indeterminada,CRIMES DIVERSOS,CRIMES DIVERSOS: CRIMES INFORMÁTICOS,ES,SAO MATEUS,OUTRO LOCAL,S/I,AMBIENTE WEB
892,57790101,2025-04-15T00:00:00,08:00:00,CRIMES DIVERSOS,CRIMES DIVERSOS: CRIMES INFORMÁTICOS,ES,SERRA,PARQUE RESIDENCIAL LARANJEIRAS,SEGUNDA AVENIDA,AMBIENTE WEB
893,57790734,2025-04-15T00:00:00,15:00:00,CRIMES DIVERSOS,CRIMES DIVERSOS: CRIMES INFORMÁTICOS,ES,VITORIA,JARDIM CAMBURI,AV. MUNIR HILAL,AMBIENTE WEB
894,57792800,2025-04-15T00:00:00,14:41:00,CRIMES DIVERSOS,CRIMES DIVERSOS: CRIMES INFORMÁTICOS,ES,CARIACICA,CAMPO GRANDE,RUA JOSÉ MONTEIRO,RESIDÊNCIA
895,57798223,2025-04-15T00:00:00,16:51:00,CRIMES DIVERSOS,CRIMES DIVERSOS: CRIMES INFORMÁTICOS,ES,ANCHIETA,DOIS IRMAOS DO CORINDIBA,RUA PROJETADA,RESIDÊNCIA
896,57917867,2025-04-15T00:00:00,Indeterminada,CRIMES DIVERSOS,CRIMES DIVERSOS: CRIMES INFORMÁTICOS,ES,VITORIA,JARDIM CAMBURI,AV DR HERWAN MODENESE WANDERLEY,AMBIENTE WEB
897,57795799,2025-04-16T00:00:00,07:00:00,CRIMES DIVERSOS,CRIMES DIVERSOS: CRIMES INFORMÁTICOS,ES,COLATINA,BAUNILHA,RODOVIA BR 259,INDUSTRIA
898,57799280,2025-04-16T00:00:00,14:50:00,CRIMES DIVERSOS,CRIMES DIVERSOS: CRIMES INFORMÁTICOS,ES,SAO MATEUS,OUTRO LOCAL,S/I,AMBIENTE WEB
899,57843303,2025-04-16T00:00:00,15:00:00,CRIMES DIVERSOS,CRIMES DIVERSOS: CRIMES INFORMÁTICOS,ES,CASTELO,SANTA BARBARA,S/I,AMBIENTE WEB
900,57853948,2025-04-16T00:00:00,Indeterminada,CRIMES DIVERSOS,CRIMES DIVERSOS: CRIMES INFORMÁTICOS,ES,CARIACICA,ITACIBA,RUA HUGO SILVEIRA,AMBIENTE WEB
901,57855337,2025-04-16T00:00:00,18:00:00,CRIMES DIVERSOS,CRIMES DIVERSOS: CRIMES INFORMÁTICOS,ES,SERRA,JARDIM LIMOEIRO,S/I,OUTRO LOCAL
902,57807907,2025-04-17T00:00:00,12:00:00,CRIMES DIVERSOS,CRIMES DIVERSOS: CRIMES INFORMÁTICOS,ES,VITORIA,SANTA LUCIA,S/I,AMBIENTE WEB
903,57809647,2025-04-17T00:00:00,18:00:00,CRIMES DIVERSOS,CRIMES DIVERSOS: CRIMES INFORMÁTICOS,ES,COLATINA,HONORIO FRAGA,AV ANTONIO PERUTTI,OUTRO LOCAL
904,57844440,2025-04-17T00:00:00,10:00:00,CRIMES DIVERSOS,CRIMES DIVERSOS: CRIMES INFORMÁTICOS,ES,VITORIA,JARDIM DA PENHA,AV. DR. PEDRO FEU ROSA,RESIDÊNCIA
905,57844511,2025-04-17T00:00:00,12:00:00,CRIMES DIVERSOS,CRIMES DIVERSOS: CRIMES INFORMÁTICOS,ES,VITORIA,MORADA DE CAMBURI,AV. PRESIDENTE COSTA E SILVA,AMBIENTE WEB
906,57839267,2025-04-18T00:00:00,18:37:00,CRIMES DIVERSOS,CRIMES DIVERSOS: CRIMES INFORMÁTICOS,ES,ARACRUZ,SAO MARCOS,RUA DÁLIA,OUTRO LOCAL
907,57874095,2025-04-18T00:00:00,Indeterminada,CRIMES DIVERSOS,CRIMES DIVERSOS: CRIMES INFORMÁTICOS,ES,VITORIA,ESTRELINHA,RUA OITO DE JULHO,AMBIENTE WEB
908,57912211,2025-04-18T00:00:00,10:16:00,CRIMES DIVERSOS,CRIMES DIVERSOS: CRIMES INFORMÁTICOS,ES,PINHEIROS,OUTRO LOCAL,S/I,AMBIENTE WEB
909,57826699,2025-04-19T00:00:00,16:08:00,CRIMES DIVERSOS,CRIMES DIVERSOS: CRIMES INFORMÁTICOS,ES,ARACRUZ,SAUACU,RUA PRAIA DE TAPERA,AMBIENTE WEB
910,58279498,2025-04-19T00:00:00,14:11:00,CRIMES DIVERSOS,CRIMES DIVERSOS: CRIMES INFORMÁTICOS,ES,VITORIA,CENTRO,RUA DO VINTEM,AMBIENTE WEB
911,57833152,2025-04-20T00:00:00,15:25:00,CRIMES DIVERSOS,CRIMES DIVERSOS: CRIMES INFORMÁTICOS,ES,ARACRUZ,BELA VISTA,RUA JOSE DUIIR,RESIDÊNCIA
912,57833160,2025-04-20T00:00:00,20:11:00,CRIMES DIVERSOS,CRIMES DIVERSOS: CRIMES INFORMÁTICOS,ES,ARACRUZ,SAUACU,RUA PRAIA  DE TAPERA,AMBIENTE WEB
913,57853012,2025-04-20T00:00:00,10:00:00,CRIMES DIVERSOS,CRIMES DIVERSOS: CRIMES INFORMÁTICOS,ES,COLATINA,SAO SILVANO,RUA JOÃO PRETTI,AMBIENTE WEB
914,58213365,2025-04-20T00:00:00,05:00:00,CRIMES DIVERSOS,CRIMES DIVERSOS: CRIMES INFORMÁTICOS,ES,VITORIA,JARDIM CAMBURI,S/I,OUTRO LOCAL
915,57838723,2025-04-21T00:00:00,11:00:00,CRIMES DIVERSOS,CRIMES DIVERSOS: CRIMES INFORMÁTICOS,ES,COLATINA,NOSSA SENHORA APARECIDA,S/I,AMBIENTE WEB
916,57844665,2025-04-21T00:00:00,22:00:00,CRIMES DIVERSOS,CRIMES DIVERSOS: CRIMES INFORMÁTICOS,ES,SERRA,CIVIT II,RUA TRÊS B,AMBIENTE WEB
917,57846630,2025-04-21T00:00:00,07:00:00,CRIMES DIVERSOS,CRIMES DIVERSOS: CRIMES INFORMÁTICOS,ES,SERRA,SERRA CENTRO,RUA MAESTRO ANTONIO CICERO,AMBIENTE WEB
918,58097223,2025-04-21T00:00:00,15:00:00,CRIMES DIVERSOS,CRIMES DIVERSOS: CRIMES INFORMÁTICOS,ES,ARACRUZ,JEQUITIBA,S/I,AMBIENTE WEB
919,57846976,2025-04-22T00:00:00,Indeterminada,CRIMES DIVERSOS,CRIMES DIVERSOS: CRIMES INFORMÁTICOS,ES,SAO MATEUS,OUTRO LOCAL,S/I,AMBIENTE WEB
920,57847477,2025-04-22T00:00:00,09:54:00,CRIMES DIVERSOS,CRIMES DIVERSOS: CRIMES INFORMÁTICOS,ES,COLATINA,OPERARIO,RAIMUNDO PALHANO,RESIDÊNCIA
921,57852150,2025-04-22T00:00:00,15:19:00,CRIMES DIVERSOS,CRIMES DIVERSOS: CRIMES INFORMÁTICOS,ES,CARIACICA,SAO GERALDO,RUA PAPUSSU,AMBIENTE WEB
922,57856470,2025-04-22T00:00:00,Indeterminada,CRIMES DIVERSOS,CRIMES DIVERSOS: CRIMES INFORMÁTICOS,ES,SERRA,JARDIM LIMOEIRO,RUA NARA LEAO,AMBIENTE WEB
923,57862136,2025-04-22T00:00:00,10:23:00,CRIMES DIVERSOS,CRIMES DIVERSOS: CRIMES INFORMÁTICOS,ES,CASTELO,POUSO ALTO,S/I,AMBIENTE WEB
924,57862467,2025-04-22T00:00:00,14:00:00,CRIMES DIVERSOS,CRIMES DIVERSOS: CRIMES INFORMÁTICOS,ES,SANTA TERESA,SAO LOURENCO,ZONA RURAL,COMÉRCIO
925,57863934,2025-04-22T00:00:00,13:45:00,CRIMES DIVERSOS,CRIMES DIVERSOS: CRIMES INFORMÁTICOS,ES,CARIACICA,SANTO ANDRE,PROX AO FAÇA FÁCIL,AMBIENTE WEB
926,57935278,2025-04-22T00:00:00,10:09:00,CRIMES DIVERSOS,CRIMES DIVERSOS: CRIMES INFORMÁTICOS,ES,VITORIA,JARDIM CAMBURI,S/I,AMBIENTE WEB
927,58187430,2025-04-22T00:00:00,Indeterminada,CRIMES DIVERSOS,CRIMES DIVERSOS: CRIMES INFORMÁTICOS,ES,COLATINA,MARIA DAS GRACAS,AV VITORIA,COMÉRCIO
928,57856191,2025-04-23T00:00:00,10:30:00,CRIMES DIVERSOS,CRIMES DIVERSOS: CRIMES INFORMÁTICOS,ES,COLATINA,CENTRO,RUA ALEXANDRE CALMON,AMBIENTE WEB
929,57857075,2025-04-23T00:00:00,Indeterminada,CRIMES DIVERSOS,CRIMES DIVERSOS: CRIMES INFORMÁTICOS,ES,COLATINA,VISTA DA SERRA,LUIZ MURAD,AMBIENTE WEB
930,57858737,2025-04-23T00:00:00,11:15:00,CRIMES DIVERSOS,CRIMES DIVERSOS: CRIMES INFORMÁTICOS,ES,SERRA,PLANALTO SERRANO,RUA BAHIA,AMBIENTE WEB
931,57861617,2025-04-23T00:00:00,09:40:00,CRIMES DIVERSOS,CRIMES DIVERSOS: CRIMES INFORMÁTICOS,ES,CARIACICA,CAMPO GRANDE,S/I,RESIDÊNCIA
932,57881584,2025-04-23T00:00:00,15:15:00,CRIMES DIVERSOS,CRIMES DIVERSOS: CRIMES INFORMÁTICOS,ES,CARIACICA,OUTRO LOCAL,S/I,OUTRO LOCAL
933,57916996,2025-04-23T00:00:00,14:30:00,CRIMES DIVERSOS,CRIMES DIVERSOS: CRIMES INFORMÁTICOS,ES,VITORIA,REPUBLICA,S/I,AMBIENTE WEB
934,57926236,2025-04-23T00:00:00,11:45:00,CRIMES DIVERSOS,CRIMES DIVERSOS: CRIMES INFORMÁTICOS,ES,SERRA,CIVIT II,AV. TALMA RODRIGUES RIBEIRO,AMBIENTE WEB
935,57960439,2025-04-23T00:00:00,20:06:00,CRIMES DIVERSOS,CRIMES DIVERSOS: CRIMES INFORMÁTICOS,ES,CARIACICA,VILA PALESTINA,RUA DAMASCO,RESIDÊNCIA
936,58038911,2025-04-23T00:00:00,15:17:00,CRIMES DIVERSOS,CRIMES DIVERSOS: CRIMES INFORMÁTICOS,ES,MANTENOPOLIS,ANTUR ARTUR,RUA SÃO JOSÉ,AMBIENTE WEB
937,59209182,2025-04-23T00:00:00,10:57:00,CRIMES DIVERSOS,CRIMES DIVERSOS: CRIMES INFORMÁTICOS,ES,PINHEIROS,OUTRO LOCAL,S/I,AMBIENTE WEB
938,57864263,2025-04-24T00:00:00,12:53:00,CRIMES DIVERSOS,CRIMES DIVERSOS: CRIMES INFORMÁTICOS,ES,CARIACICA,CAMPO GRANDE,S/I,OUTRO LOCAL
939,57865507,2025-04-24T00:00:00,Indeterminada,CRIMES DIVERSOS,CRIMES DIVERSOS: CRIMES INFORMÁTICOS,ES,SAO MATEUS,OUTRO LOCAL,S/I,AMBIENTE WEB
940,57867077,2025-04-24T00:00:00,15:30:00,CRIMES DIVERSOS,CRIMES DIVERSOS: CRIMES INFORMÁTICOS,ES,SERRA,JARDIM LIMOEIRO,AV FLORIANOPOLIS,AMBIENTE WEB
941,57870336,2025-04-24T00:00:00,10:57:00,CRIMES DIVERSOS,CRIMES DIVERSOS: CRIMES INFORMÁTICOS,ES,CARIACICA,BANDEIRANTES,ALFREDO CHAVES,OUTRO LOCAL
942,57870551,2025-04-24T00:00:00,20:00:00,CRIMES DIVERSOS,CRIMES DIVERSOS: CRIMES INFORMÁTICOS,ES,VIANA,MARCILIO DE NORONHA,RUA ARACRUZ,AMBIENTE WEB
943,57880910,2025-04-24T00:00:00,15:00:00,CRIMES DIVERSOS,CRIMES DIVERSOS: CRIMES INFORMÁTICOS,ES,CARIACICA,CAMPINA GRANDE,RUA FRANCISCO ALVES,AMBIENTE WEB
944,57897623,2025-04-24T00:00:00,17:19:00,CRIMES DIVERSOS,CRIMES DIVERSOS: CRIMES INFORMÁTICOS,ES,ICONHA,ILHA DO COCO,BR 101 KM 375,RESIDÊNCIA
945,57918414,2025-04-24T00:00:00,10:00:00,CRIMES DIVERSOS,CRIMES DIVERSOS: CRIMES INFORMÁTICOS,ES,ANCHIETA,PORTO DE CIMA,RUA COSTA PEREIRA,RESIDÊNCIA
946,57935594,2025-04-24T00:00:00,11:36:00,CRIMES DIVERSOS,CRIMES DIVERSOS: CRIMES INFORMÁTICOS,ES,SERRA,CIDADE POMAR,RUA PITANGUEIRA,AMBIENTE WEB
947,58058487,2025-04-24T00:00:00,08:00:00,CRIMES DIVERSOS,CRIMES DIVERSOS: CRIMES INFORMÁTICOS,ES,SANTA TERESA,ZONA RURAL,REBIO ESTRADA GOIAPABA AÇU LOMBARDIA,RESIDÊNCIA
948,57872921,2025-04-25T00:00:00,Indeterminada,CRIMES DIVERSOS,CRIMES DIVERSOS: CRIMES INFORMÁTICOS,ES,SAO MATEUS,AYRTON SENNA,S/I,AMBIENTE WEB
949,57873656,2025-04-25T00:00:00,Indeterminada,CRIMES DIVERSOS,CRIMES DIVERSOS: CRIMES INFORMÁTICOS,ES,SAO MATEUS,OUTRO LOCAL,S/I,AMBIENTE WEB
950,57874189,2025-04-25T00:00:00,12:00:00,CRIMES DIVERSOS,CRIMES DIVERSOS: CRIMES INFORMÁTICOS,ES,MANTENOPOLIS,CENTRO,AV. PRESIDENTE VARGAS,RESIDÊNCIA
951,57875179,2025-04-25T00:00:00,08:54:00,CRIMES DIVERSOS,CRIMES DIVERSOS: CRIMES INFORMÁTICOS,ES,ARACRUZ,JEQUITIBA,S/I,AMBIENTE WEB
952,57881500,2025-04-25T00:00:00,14:30:00,CRIMES DIVERSOS,CRIMES DIVERSOS: CRIMES INFORMÁTICOS,ES,CARIACICA,OUTRO LOCAL,S/I,AMBIENTE WEB
953,57971032,2025-04-25T00:00:00,12:00:00,CRIMES DIVERSOS,CRIMES DIVERSOS: CRIMES INFORMÁTICOS,ES,SERRA,JARDIM LIMOEIRO,S/I,OUTRO LOCAL
954,58264930,2025-04-25T00:00:00,20:29:00,CRIMES DIVERSOS,CRIMES DIVERSOS: CRIMES INFORMÁTICOS,ES,COLATINA,NOSSA SENHORA APARECIDA,RUA ANTONIO BAIÃO,AMBIENTE WEB
955,57901119,2025-04-26T00:00:00,15:00:00,CRIMES DIVERSOS,CRIMES DIVERSOS: CRIMES INFORMÁTICOS,ES,COLATINA,PADRE JOSE DE ANCHIETA,S/I,AMBIENTE WEB
956,57911169,2025-04-26T00:00:00,16:35:00,CRIMES DIVERSOS,CRIMES DIVERSOS: CRIMES INFORMÁTICOS,ES,VITORIA,BONFIM,AV PROFESSOR HERMINIO BLACKMAN,AMBIENTE WEB
957,57918973,2025-04-26T00:00:00,11:31:00,CRIMES DIVERSOS,CRIMES DIVERSOS: CRIMES INFORMÁTICOS,ES,SERRA,MARIA NIOBE,RUA CAMBURI,RESIDÊNCIA
958,57938505,2025-04-26T00:00:00,19:17:00,CRIMES DIVERSOS,CRIMES DIVERSOS: CRIMES INFORMÁTICOS,ES,GUARAPARI,AMARELO,RUA PROJETADA,RESIDÊNCIA
959,57970572,2025-04-26T00:00:00,16:00:00,CRIMES DIVERSOS,CRIMES DIVERSOS: CRIMES INFORMÁTICOS,ES,VITORIA,JARDIM CAMBURI,RUA DESEMBARGADOR EURÍPDES QUEIROZ DO VALLE,COMÉRCIO
960,58230185,2025-04-26T00:00:00,Indeterminada,CRIMES DIVERSOS,CRIMES DIVERSOS: CRIMES INFORMÁTICOS,ES,PINHEIROS,ZONA RURAL,ASSENTAMENTO MARIA OLINDA,AMBIENTE WEB
961,57907346,2025-04-27T00:00:00,10:00:00,CRIMES DIVERSOS,CRIMES DIVERSOS: CRIMES INFORMÁTICOS,ES,CARIACICA,MORADA DE SANTA FE,AV GLAUBER ROCHA,RESIDÊNCIA
962,57917594,2025-04-27T00:00:00,16:00:00,CRIMES DIVERSOS,CRIMES DIVERSOS: CRIMES INFORMÁTICOS,ES,SERRA,SAO MARCOS II,RUA CURITIBA,AMBIENTE WEB
963,57934153,2025-04-27T00:00:00,10:00:00,CRIMES DIVERSOS,CRIMES DIVERSOS: CRIMES INFORMÁTICOS,ES,SERRA,RESIDENCIAL VISTA DO MESTRE,RUA TOPAZIO,REPARTICAO PUBLICA
964,58441303,2025-04-27T00:00:00,Indeterminada,CRIMES DIVERSOS,CRIMES DIVERSOS: CRIMES INFORMÁTICOS,ES,MANTENOPOLIS,CENTRO,RUA DR ELIEZER EDUARDO RIBEIRO,AMBIENTE WEB
965,57905742,2025-04-28T00:00:00,19:40:00,CRIMES DIVERSOS,CRIMES DIVERSOS: CRIMES INFORMÁTICOS,ES,COLATINA,SAO SILVANO,AVENIDA SILVIO AVIDOS,RESIDÊNCIA
966,57905746,2025-04-28T00:00:00,18:49:00,CRIMES DIVERSOS,CRIMES DIVERSOS: CRIMES INFORMÁTICOS,ES,COLATINA,NOSSA SENHORA DA PENHA,XENOCRATES CALMON,RESIDÊNCIA
967,57910819,2025-04-28T00:00:00,Indeterminada,CRIMES DIVERSOS,CRIMES DIVERSOS: CRIMES INFORMÁTICOS,ES,SAO MATEUS,OUTRO LOCAL,S/I,AMBIENTE WEB
968,57934162,2025-04-28T00:00:00,10:00:00,CRIMES DIVERSOS,CRIMES DIVERSOS: CRIMES INFORMÁTICOS,ES,SERRA,ELDORADO,AVENIDA RIO DOCE,VEÍCULO
969,57960653,2025-04-28T00:00:00,18:12:00,CRIMES DIVERSOS,CRIMES DIVERSOS: CRIMES INFORMÁTICOS,ES,CARIACICA,SANTO ANDRE,RUA OURO PRETO,AMBIENTE WEB
970,57907832,2025-04-29T00:00:00,09:03:00,CRIMES DIVERSOS,CRIMES DIVERSOS: CRIMES INFORMÁTICOS,ES,CASTELO,ZONA RURAL,COMUNIDADE FORQUILHA,AMBIENTE WEB
971,57917135,2025-04-29T00:00:00,17:00:00,CRIMES DIVERSOS,CRIMES DIVERSOS: CRIMES INFORMÁTICOS,ES,SERRA,PORTO CANOA,RUA PROJETADA,RESIDÊNCIA
972,57969123,2025-04-29T00:00:00,18:00:00,CRIMES DIVERSOS,CRIMES DIVERSOS: CRIMES INFORMÁTICOS,ES,CARIACICA,SANTA BARBARA,RUA MANOEL FREIRE CORREA,OUTRO LOCAL
973,57979819,2025-04-29T00:00:00,13:00:00,CRIMES DIVERSOS,CRIMES DIVERSOS: CRIMES INFORMÁTICOS,ES,SERRA,CAMARA,S/I,AMBIENTE WEB
974,57916690,2025-04-30T00:00:00,14:00:00,CRIMES DIVERSOS,CRIMES DIVERSOS: CRIMES INFORMÁTICOS,ES,COLATINA,VICENTE SOELA,RUA LINDOMAR CAMPOS,RESIDÊNCIA
975,57918086,2025-04-30T00:00:00,01:00:00,CRIMES DIVERSOS,CRIMES DIVERSOS: CRIMES INFORMÁTICOS,ES,SAO MATEUS,OUTRO LOCAL,S/I,OUTRO LOCAL
976,57919142,2025-04-30T00:00:00,10:15:00,CRIMES DIVERSOS,CRIMES DIVERSOS: CRIMES INFORMÁTICOS,ES,SERRA,CIDADE POMAR,RUA OITI,VIA PÚBLICA
977,57919424,2025-04-30T00:00:00,09:52:00,CRIMES DIVERSOS,CRIMES DIVERSOS: CRIMES INFORMÁTICOS,ES,COLATINA,FRANCISCO SIMONASSI,RUA SEVERINO SIMONASSI,RESIDÊNCIA
978,57920088,2025-04-30T00:00:00,08:02:00,CRIMES DIVERSOS,CRIMES DIVERSOS: CRIMES INFORMÁTICOS,ES,CACHOEIRO DE ITAPEMIRIM,CONDURU,RUA JOAO PINHEIRO PEÇANHA,RESIDÊNCIA
979,57935058,2025-04-30T00:00:00,Indeterminada,CRIMES DIVERSOS,CRIMES DIVERSOS: CRIMES INFORMÁTICOS,ES,SAO MATEUS,OUTRO LOCAL,S/I,AMBIENTE WEB
980,57935096,2025-04-30T00:00:00,11:00:00,CRIMES DIVERSOS,CRIMES DIVERSOS: CRIMES INFORMÁTICOS,ES,VITORIA,JARDIM CAMBURI,TRABALHO,AMBIENTE WEB
981,57935144,2025-04-30T00:00:00,03:00:00,CRIMES DIVERSOS,CRIMES DIVERSOS: CRIMES INFORMÁTICOS,ES,ARACRUZ,OUTRO LOCAL,S/I,AMBIENTE WEB
982,57935256,2025-04-30T00:00:00,18:00:00,CRIMES DIVERSOS,CRIMES DIVERSOS: CRIMES INFORMÁTICOS,ES,VITORIA,JARDIM CAMBURI,RUA AGENOR AMARO DOS SANTOS,AMBIENTE WEB
983,57938494,2025-04-30T00:00:00,14:00:00,CRIMES DIVERSOS,CRIMES DIVERSOS: CRIMES INFORMÁTICOS,ES,GUARAPARI,PRAIA DO MORRO,AV OCEANICA,OUTRO LOCAL
984,57980585,2025-04-30T00:00:00,11:10:00,CRIMES DIVERSOS,CRIMES DIVERSOS: CRIMES INFORMÁTICOS,ES,PINHEIROS,SANTO ANTONIO II,CASA,OUTRO LOCAL
985,58034444,2025-04-30T00:00:00,Indeterminada,CRIMES DIVERSOS,CRIMES DIVERSOS: CRIMES INFORMÁTICOS,ES,VILA VELHA,CRISTOVAO COLOMBO,RUA ANTONIO VIEIRA,AMBIENTE WEB
986,57936638,2025-01-05T00:00:00,23:00:00,CRIMES DIVERSOS,CRIMES DIVERSOS: CRIMES INFORMÁTICOS,ES,SERRA,PLANALTO SERRANO,RUA BAIXO GUANDU,OUTRO LOCAL
987,57943383,2025-01-05T00:00:00,19:00:00,CRIMES DIVERSOS,CRIMES DIVERSOS: CRIMES INFORMÁTICOS,ES,CARIACICA,MORADA DE SANTA FE,EURICO SALLES DE AGUIAR,RESIDÊNCIA
988,58082900,2025-01-05T00:00:00,Indeterminada,CRIMES DIVERSOS,CRIMES DIVERSOS: CRIMES INFORMÁTICOS,ES,ARACRUZ,OUTRO LOCAL,S/I,AMBIENTE WEB
989,57937984,2025-02-05T00:00:00,Indeterminada,CRIMES DIVERSOS,CRIMES DIVERSOS: CRIMES INFORMÁTICOS,ES,PINHEIROS,GALILEIA,S/I,AMBIENTE WEB
990,57938747,2025-02-05T00:00:00,Indeterminada,CRIMES DIVERSOS,CRIMES DIVERSOS: CRIMES INFORMÁTICOS,ES,VITORIA,BONFIM,RUA SILVIO SOARES,AMBIENTE WEB
991,57944102,2025-02-05T00:00:00,16:05:00,CRIMES DIVERSOS,CRIMES DIVERSOS: CRIMES INFORMÁTICOS,ES,ICONHA,MORADA DO SOL,RUA WALTER DE ALMEIDA SERRÃO,INDUSTRIA
992,57960591,2025-02-05T00:00:00,11:25:00,CRIMES DIVERSOS,CRIMES DIVERSOS: CRIMES INFORMÁTICOS,ES,CARIACICA,SANTA BARBARA,RUA FRANCISCA DE PAUNA BONADIMAN,RESIDÊNCIA
993,57964045,2025-02-05T00:00:00,09:00:00,CRIMES DIVERSOS,CRIMES DIVERSOS: CRIMES INFORMÁTICOS,ES,ARACRUZ,OUTRO LOCAL,S/I,OUTRO LOCAL
994,57978125,2025-02-05T00:00:00,10:01:00,CRIMES DIVERSOS,CRIMES DIVERSOS: CRIMES INFORMÁTICOS,ES,SERRA,NOVO HORIZONTE,RUA  DANÇADOR,ESCRITORIO
995,58041450,2025-03-05T00:00:00,04:00:00,CRIMES DIVERSOS,CRIMES DIVERSOS: CRIMES INFORMÁTICOS,ES,SERRA,VALPARAISO,RUA MARATAIZES,AMBIENTE WEB
996,58506288,2025-03-05T00:00:00,15:00:00,CRIMES DIVERSOS,CRIMES DIVERSOS: CRIMES INFORMÁTICOS,ES,COLATINA,MARIA DAS GRACAS,VIRGILIO DIAS,VIA PÚBLICA
997,57951905,2025-04-05T00:00:00,02:10:00,CRIMES DIVERSOS,CRIMES DIVERSOS: CRIMES INFORMÁTICOS,ES,ARACRUZ,IRAJA,BAIRRO IRAJA,RESIDÊNCIA
998,57959784,2025-04-05T00:00:00,18:47:00,CRIMES DIVERSOS,CRIMES DIVERSOS: CRIMES INFORMÁTICOS,ES,PINHEIROS,COLINA,RUA DA CONQUISTA,AMBIENTE WEB
999,57960729,2025-04-05T00:00:00,Indeterminada,CRIMES DIVERSOS,CRIMES DIVERSOS: CRIMES INFORMÁTICOS,ES,SAO MATEUS,OUTRO LOCAL,S/I,AMBIENTE WEB
1000,57967076,2025-05-05T00:00:00,09:17:00,CRIMES DIVERSOS,CRIMES DIVERSOS: CRIMES INFORMÁTICOS,ES,ARACRUZ,PLANALTO,S/I,AMBIENTE WEB
1001,57969300,2025-05-05T00:00:00,00:00:00,CRIMES DIVERSOS,CRIMES DIVERSOS: CRIMES INFORMÁTICOS,ES,PINHEIROS,DOMICIANO,RUA JOAO PESSOA,AMBIENTE WEB
1002,57972087,2025-05-05T00:00:00,10:00:00,CRIMES DIVERSOS,CRIMES DIVERSOS: CRIMES INFORMÁTICOS,ES,VITORIA,MATA DA PRAIA,AVENIDA CONSTRUTOR DAVID TEIXEIRA,RESIDÊNCIA
1003,58022104,2025-05-05T00:00:00,07:00:00,CRIMES DIVERSOS,CRIMES DIVERSOS: CRIMES INFORMÁTICOS,ES,VITORIA,JARDIM CAMBURI,COMPLEXO DE TUBARÃO,INDUSTRIA
1004,57969483,2025-06-05T00:00:00,08:30:00,CRIMES DIVERSOS,CRIMES DIVERSOS: CRIMES INFORMÁTICOS,ES,SAO MATEUS,OUTRO LOCAL,S/I,AMBIENTE WEB
1005,57971864,2025-06-05T00:00:00,Indeterminada,CRIMES DIVERSOS,CRIMES DIVERSOS: CRIMES INFORMÁTICOS,ES,SAO MATEUS,OUTRO LOCAL,S/I,AMBIENTE WEB
1006,57971891,2025-06-05T00:00:00,12:16:00,CRIMES DIVERSOS,CRIMES DIVERSOS: CRIMES INFORMÁTICOS,ES,PINHEIROS,CENTRO,BANESTES,AGÊNCIA BANCÁRIA
1007,57976039,2025-06-05T00:00:00,08:44:00,CRIMES DIVERSOS,CRIMES DIVERSOS: CRIMES INFORMÁTICOS,ES,ARACRUZ,CUPIDO,S/I,AMBIENTE WEB
1008,57977416,2025-06-05T00:00:00,Indeterminada,CRIMES DIVERSOS,CRIMES DIVERSOS: CRIMES INFORMÁTICOS,ES,PINHEIROS,OUTRO LOCAL,S/I,AMBIENTE WEB
1009,57978126,2025-06-05T00:00:00,19:12:00,CRIMES DIVERSOS,CRIMES DIVERSOS: CRIMES INFORMÁTICOS,ES,ARACRUZ,OUTRO LOCAL,S/I,AMBIENTE WEB
1010,57996363,2025-06-05T00:00:00,07:30:00,CRIMES DIVERSOS,CRIMES DIVERSOS: CRIMES INFORMÁTICOS,ES,SANTA TERESA,SANTO ANTONIO DO CANAA,RUA 14 DE JULHO,AMBIENTE WEB
1011,58022233,2025-06-05T00:00:00,08:00:00,CRIMES DIVERSOS,CRIMES DIVERSOS: CRIMES INFORMÁTICOS,ES,MUCURICI,CENTRO,PRAÇA SÃO SEBASTIÃO,REPARTICAO PUBLICA
1012,58022544,2025-06-05T00:00:00,01:59:00,CRIMES DIVERSOS,CRIMES DIVERSOS: CRIMES INFORMÁTICOS,ES,VITORIA,JARDIM CAMBURI,RUA DESEMBARGARDOR EURIPEDES QUEIROS DO VALLE,RESIDÊNCIA
1013,58038648,2025-06-05T00:00:00,Indeterminada,CRIMES DIVERSOS,CRIMES DIVERSOS: CRIMES INFORMÁTICOS,ES,COLATINA,OPERARIO,RUA MONSUETO ZUCCARATTO,RESIDÊNCIA
1014,58093697,2025-06-05T00:00:00,Indeterminada,CRIMES DIVERSOS,CRIMES DIVERSOS: CRIMES INFORMÁTICOS,ES,CACHOEIRO DE ITAPEMIRIM,NOSSA SENHORA DE FATIMA,RUA JOSE ROSA MACHADO,AMBIENTE WEB
1015,58563392,2025-06-05T00:00:00,Indeterminada,CRIMES DIVERSOS,CRIMES DIVERSOS: CRIMES INFORMÁTICOS,ES,VITORIA,DE LOURDES,AV MARECHAL CAMPOS,AMBIENTE WEB
1016,59088796,2025-06-05T00:00:00,09:08:00,CRIMES DIVERSOS,CRIMES DIVERSOS: CRIMES INFORMÁTICOS,ES,ANCHIETA,CENTRO,RUA PROJETADA,AMBIENTE WEB
1017,57979774,2025-07-05T00:00:00,11:30:00,CRIMES DIVERSOS,CRIMES DIVERSOS: CRIMES INFORMÁTICOS,ES,ARACRUZ,OUTRO LOCAL,S/I,AMBIENTE WEB
1018,57980836,2025-07-05T00:00:00,10:12:00,CRIMES DIVERSOS,CRIMES DIVERSOS: CRIMES INFORMÁTICOS,ES,CONCEICAO DO CASTELO,CENTRO,AV JOSE GRILO,AMBIENTE WEB
1019,57980850,2025-07-05T00:00:00,15:16:00,CRIMES DIVERSOS,CRIMES DIVERSOS: CRIMES INFORMÁTICOS,ES,PINHEIROS,DOMICIANO,RUA MONSENHOR LUIZ CLAUDIO,AMBIENTE WEB
1020,57987967,2025-07-05T00:00:00,14:35:00,CRIMES DIVERSOS,CRIMES DIVERSOS: CRIMES INFORMÁTICOS,ES,VILA VELHA,ZONA NAO IDENTIFICADA I,S/I,AMBIENTE WEB
1021,57994568,2025-07-05T00:00:00,17:00:00,CRIMES DIVERSOS,CRIMES DIVERSOS: CRIMES INFORMÁTICOS,ES,CARIACICA,CAMPO GRANDE,EXPEDITO GARCIA,ESCRITORIO
1022,57996788,2025-07-05T00:00:00,11:43:00,CRIMES DIVERSOS,CRIMES DIVERSOS: CRIMES INFORMÁTICOS,ES,SERRA,VILA NOVA DE COLARES,RUA ITAPEVA,AMBIENTE WEB
1023,58026341,2025-07-05T00:00:00,15:12:00,CRIMES DIVERSOS,CRIMES DIVERSOS: CRIMES INFORMÁTICOS,ES,CARIACICA,BOA SORTE,RUA HUNBERTO CONDE,RESIDÊNCIA
1024,58032111,2025-07-05T00:00:00,14:30:00,CRIMES DIVERSOS,CRIMES DIVERSOS: CRIMES INFORMÁTICOS,ES,SERRA,VILA NOVA DE COLARES,RUA DAS MARGARIDAS,OUTRO LOCAL
1025,58187339,2025-07-05T00:00:00,09:43:00,CRIMES DIVERSOS,CRIMES DIVERSOS: CRIMES INFORMÁTICOS,ES,ARACRUZ,COQUEIRAL,HORTÊNSIAS,VIA PÚBLICA
1026,58400858,2025-07-05T00:00:00,07:36:00,CRIMES DIVERSOS,CRIMES DIVERSOS: CRIMES INFORMÁTICOS,ES,VILA VELHA,DIVINO ESPIRITO SANTO,RUA ALAN KARDEC,AMBIENTE WEB
1027,57990053,2025-08-05T00:00:00,14:10:00,CRIMES DIVERSOS,CRIMES DIVERSOS: CRIMES INFORMÁTICOS,ES,CARIACICA,ITACIBA,RUA MANOEL JOAQUIM DOS SANTOS,COMÉRCIO
1028,58041064,2025-08-05T00:00:00,Indeterminada,CRIMES DIVERSOS,CRIMES DIVERSOS: CRIMES INFORMÁTICOS,ES,CONCEICAO DO CASTELO,CENTRO,PCA MATRIZ,OUTRO LOCAL
1029,58247123,2025-08-05T00:00:00,19:00:00,CRIMES DIVERSOS,CRIMES DIVERSOS: CRIMES INFORMÁTICOS,ES,COLATINA,COLUMBIA,RUA AZULÃO,OUTRO LOCAL
1030,57997323,2025-09-05T00:00:00,12:45:00,CRIMES DIVERSOS,CRIMES DIVERSOS: CRIMES INFORMÁTICOS,ES,ARACRUZ,OUTRO LOCAL,S/I,AMBIENTE WEB
1031,58001403,2025-09-05T00:00:00,18:30:00,CRIMES DIVERSOS,CRIMES DIVERSOS: CRIMES INFORMÁTICOS,ES,COLATINA,SAO SILVANO,RUA EMILSON COUTINHO,AMBIENTE WEB
1032,58033491,2025-09-05T00:00:00,11:00:00,CRIMES DIVERSOS,CRIMES DIVERSOS: CRIMES INFORMÁTICOS,ES,SERRA,NOVA CARAPINA I,S/I,AMBIENTE WEB
1033,58034963,2025-09-05T00:00:00,19:00:00,CRIMES DIVERSOS,CRIMES DIVERSOS: CRIMES INFORMÁTICOS,ES,ICONHA,CENTRO,RUA MAJOR VIEIRA,OUTRO LOCAL
1034,58039389,2025-09-05T00:00:00,Indeterminada,CRIMES DIVERSOS,CRIMES DIVERSOS: CRIMES INFORMÁTICOS,ES,PINHEIROS,OUTRO LOCAL,S/I,AMBIENTE WEB
1035,58039787,2025-09-05T00:00:00,09:00:00,CRIMES DIVERSOS,CRIMES DIVERSOS: CRIMES INFORMÁTICOS,ES,CASTELO,CENTRO,RUA MIGUEL DA PAIXAO VASCONCELOS,RESIDÊNCIA
1036,58104149,2025-09-05T00:00:00,Indeterminada,CRIMES DIVERSOS,CRIMES DIVERSOS: CRIMES INFORMÁTICOS,ES,SERRA,HELIO FERRAZ,RUA RIO GUARANI,AMBIENTE WEB
1037,58007604,2025-10-05T00:00:00,11:11:00,CRIMES DIVERSOS,CRIMES DIVERSOS: CRIMES INFORMÁTICOS,ES,COLATINA,SAO PEDRO,RUA SILVERIO COSTA WILL,AMBIENTE WEB
1038,58007877,2025-10-05T00:00:00,15:00:00,CRIMES DIVERSOS,CRIMES DIVERSOS: CRIMES INFORMÁTICOS,ES,AGUIA BRANCA,OUTRO LOCAL,S/I,OUTRO LOCAL
1039,58022633,2025-10-05T00:00:00,12:30:00,CRIMES DIVERSOS,CRIMES DIVERSOS: CRIMES INFORMÁTICOS,ES,CASTELO,CENTRO,AV JOAO BLEY,OUTRO LOCAL
1040,58025185,2025-10-05T00:00:00,16:00:00,CRIMES DIVERSOS,CRIMES DIVERSOS: CRIMES INFORMÁTICOS,ES,SERRA,SANTO ANTONIO,ANTONIO DOS SANTOS,OUTRO LOCAL
1041,58025556,2025-10-05T00:00:00,Indeterminada,CRIMES DIVERSOS,CRIMES DIVERSOS: CRIMES INFORMÁTICOS,ES,BARRA DE SAO FRANCISCO,CENTRO,RUA BRAULINO CABRAL DE SOUZA,AMBIENTE WEB
1042,58040063,2025-10-05T00:00:00,12:17:00,CRIMES DIVERSOS,CRIMES DIVERSOS: CRIMES INFORMÁTICOS,ES,CARIACICA,ROSA DA PENHA,AVENIDA SANTOS RANGEL,AMBIENTE WEB
1043,58201015,2025-10-05T00:00:00,Indeterminada,CRIMES DIVERSOS,CRIMES DIVERSOS: CRIMES INFORMÁTICOS,ES,SERRA,CIDADE CONTINENTAL,S/I,AMBIENTE WEB
1044,59035478,2025-10-05T00:00:00,14:20:00,CRIMES DIVERSOS,CRIMES DIVERSOS: CRIMES INFORMÁTICOS,ES,SERRA,NOVO PORTO CANOA,RUA AGENOR PEREIRA DOS SANTOS,AMBIENTE WEB
1045,58026992,2025-11-05T00:00:00,09:30:00,CRIMES DIVERSOS,CRIMES DIVERSOS: CRIMES INFORMÁTICOS,ES,CASTELO,ARACUI,ROD FUED NEMER,OUTRO LOCAL
1046,58024013,2025-12-05T00:00:00,11:00:00,CRIMES DIVERSOS,CRIMES DIVERSOS: CRIMES INFORMÁTICOS,ES,VENDA NOVA DO IMIGRANTE,ZONA RURAL,ALTO COLINA,AMBIENTE WEB
1047,58030591,2025-12-05T00:00:00,18:00:00,CRIMES DIVERSOS,CRIMES DIVERSOS: CRIMES INFORMÁTICOS,ES,MANTENOPOLIS,IPIRANGA,RUA AYRTON SENNA DA SILVA,OUTRO LOCAL
1048,58030805,2025-12-05T00:00:00,17:00:00,CRIMES DIVERSOS,CRIMES DIVERSOS: CRIMES INFORMÁTICOS,ES,ICONHA,JARDIM JANDYRA,RUA JOSÉ LORENCINI,AMBIENTE WEB
1049,58030907,2025-12-05T00:00:00,14:00:00,CRIMES DIVERSOS,CRIMES DIVERSOS: CRIMES INFORMÁTICOS,ES,ANCHIETA,OUTRO LOCAL,S/I,AMBIENTE WEB
1050,58031459,2025-12-05T00:00:00,Indeterminada,CRIMES DIVERSOS,CRIMES DIVERSOS: CRIMES INFORMÁTICOS,ES,SAO MATEUS,OUTRO LOCAL,S/I,AMBIENTE WEB
1051,58033318,2025-12-05T00:00:00,15:43:00,CRIMES DIVERSOS,CRIMES DIVERSOS: CRIMES INFORMÁTICOS,ES,VITORIA,MATA DA PRAIA,AVENIDA ADALBERTO SIMÃO NADER,AMBIENTE WEB
1052,58033363,2025-12-05T00:00:00,08:00:00,CRIMES DIVERSOS,CRIMES DIVERSOS: CRIMES INFORMÁTICOS,ES,SERRA,SERRA DOURADA II,RUA GARDENIA,OUTRO LOCAL
1053,58033408,2025-12-05T00:00:00,18:09:00,CRIMES DIVERSOS,CRIMES DIVERSOS: CRIMES INFORMÁTICOS,ES,SERRA,CIDADE CONTINENTAL,RUA DOS ESQUIMOS,AMBIENTE WEB
1054,58034303,2025-12-05T00:00:00,20:00:00,CRIMES DIVERSOS,CRIMES DIVERSOS: CRIMES INFORMÁTICOS,ES,CASTELO,BELA VISTA,RUA SIRIEMA,RESIDÊNCIA
1055,58050606,2025-12-05T00:00:00,16:45:00,CRIMES DIVERSOS,CRIMES DIVERSOS: CRIMES INFORMÁTICOS,ES,SERRA,BICANGA,RUA AMAPÁ,AMBIENTE WEB
1056,58115521,2025-12-05T00:00:00,10:57:00,CRIMES DIVERSOS,CRIMES DIVERSOS: CRIMES INFORMÁTICOS,ES,ANCHIETA,OLIVEIRA,S/I,AMBIENTE WEB
1057,58033686,2025-05-13T00:00:00,14:08:00,CRIMES DIVERSOS,CRIMES DIVERSOS: CRIMES INFORMÁTICOS,ES,VITORIA,PRAIA DO CANTO,RUA JOSE TEIXEIRA,AMBIENTE WEB
1058,58040350,2025-05-13T00:00:00,15:28:00,CRIMES DIVERSOS,CRIMES DIVERSOS: CRIMES INFORMÁTICOS,ES,VITORIA,RESISTENCIA,TANCREDO NEVES,AMBIENTE WEB
1059,58040729,2025-05-13T00:00:00,09:00:00,CRIMES DIVERSOS,CRIMES DIVERSOS: CRIMES INFORMÁTICOS,ES,CASTELO,FAZENDA DO CENTRO,ESCOLA INTEGRAL FAZENDA DO CENTRO,ESCOLA
1060,58042810,2025-05-13T00:00:00,Indeterminada,CRIMES DIVERSOS,CRIMES DIVERSOS: CRIMES INFORMÁTICOS,ES,COLATINA,MARIA DAS GRACAS,RUA PROF ANTONIETA,RESIDÊNCIA
1061,58048315,2025-05-13T00:00:00,18:26:00,CRIMES DIVERSOS,CRIMES DIVERSOS: CRIMES INFORMÁTICOS,ES,ANCHIETA,OUTRO LOCAL,RUA PEDRO FRANCISCO ALMEIDA,RESIDÊNCIA
1062,58043681,2025-05-14T00:00:00,12:00:00,CRIMES DIVERSOS,CRIMES DIVERSOS: CRIMES INFORMÁTICOS,ES,VITORIA,JARDIM CAMBURI,RUA JOSE ANCHIETA FONTANA,OUTRO LOCAL
1063,58049660,2025-05-14T00:00:00,11:00:00,CRIMES DIVERSOS,CRIMES DIVERSOS: CRIMES INFORMÁTICOS,ES,ARACRUZ,FATIMA,RUA RIO GUARAREMA,RESIDÊNCIA
1064,58050869,2025-05-14T00:00:00,10:00:00,CRIMES DIVERSOS,CRIMES DIVERSOS: CRIMES INFORMÁTICOS,ES,COLATINA,CENTRO,RUA GERALDO PEREIRA,ESCRITORIO
1065,58053984,2025-05-14T00:00:00,17:30:00,CRIMES DIVERSOS,CRIMES DIVERSOS: CRIMES INFORMÁTICOS,ES,COLATINA,CENTRO,RUA,VEÍCULO
1066,58060005,2025-05-14T00:00:00,Indeterminada,CRIMES DIVERSOS,CRIMES DIVERSOS: CRIMES INFORMÁTICOS,ES,VILA VELHA,NOVA AMERICA,RUA FRANCISCO SEVERO CORTELETTI,AMBIENTE WEB
1067,58093239,2025-05-14T00:00:00,18:38:00,CRIMES DIVERSOS,CRIMES DIVERSOS: CRIMES INFORMÁTICOS,ES,ARACRUZ,DECARLI,ROD LUIZ THEODORO MUSSO,ESCRITORIO
1068,58050626,2025-05-15T00:00:00,09:40:00,CRIMES DIVERSOS,CRIMES DIVERSOS: CRIMES INFORMÁTICOS,ES,CARIACICA,CAMPO GRANDE,AV MARIO GURGEL,AMBIENTE WEB
1069,58050724,2025-05-15T00:00:00,13:15:00,CRIMES DIVERSOS,CRIMES DIVERSOS: CRIMES INFORMÁTICOS,ES,ICONHA,CENTRO,RUA DANILO MONTEIRO CASTRO,AMBIENTE WEB
1070,58054059,2025-05-15T00:00:00,11:30:00,CRIMES DIVERSOS,CRIMES DIVERSOS: CRIMES INFORMÁTICOS,ES,COLATINA,POR DO SOL,RUA PEDRO CHAGAS,RESIDÊNCIA
1071,58057424,2025-05-15T00:00:00,00:00:00,CRIMES DIVERSOS,CRIMES DIVERSOS: CRIMES INFORMÁTICOS,ES,VIANA,MARCILIO DE NORONHA,RUA ROMANOS,AMBIENTE WEB
1072,58084187,2025-05-15T00:00:00,17:44:00,CRIMES DIVERSOS,CRIMES DIVERSOS: CRIMES INFORMÁTICOS,ES,CASTELO,SANTO ANDREZINHO,RUA MANOEL PIRES MARTINS,VIA PÚBLICA
1073,58087050,2025-05-15T00:00:00,20:00:00,CRIMES DIVERSOS,CRIMES DIVERSOS: CRIMES INFORMÁTICOS,ES,VILA VELHA,JOCKEY DE ITAPARICA,RODOVIA DO SOL,AMBIENTE WEB
1074,58084322,2025-05-16T00:00:00,15:00:00,CRIMES DIVERSOS,CRIMES DIVERSOS: CRIMES INFORMÁTICOS,ES,PINHEIROS,CENTRO,AVENIDA SETEMBRINO PELISSARI,AGÊNCIA BANCÁRIA
1075,58084250,2025-05-17T00:00:00,00:00:00,CRIMES DIVERSOS,CRIMES DIVERSOS: CRIMES INFORMÁTICOS,ES,PANCAS,OUTRO LOCAL,NÃO SE APLICA,AMBIENTE WEB
1076,58092642,2025-05-18T00:00:00,22:00:00,CRIMES DIVERSOS,CRIMES DIVERSOS: CRIMES INFORMÁTICOS,ES,VITORIA,CENTRO,S/I,OUTRO LOCAL
1077,58095419,2025-05-18T00:00:00,Indeterminada,CRIMES DIVERSOS,CRIMES DIVERSOS: CRIMES INFORMÁTICOS,ES,SAO MATEUS,OUTRO LOCAL,S/I,AMBIENTE WEB
1078,58187116,2025-05-18T00:00:00,12:06:00,CRIMES DIVERSOS,CRIMES DIVERSOS: CRIMES INFORMÁTICOS,ES,SAO ROQUE DO CANAA,SAO ROQUINHO,RUA LOURENÇO ROLDI,RESIDÊNCIA
1079,58092625,2025-05-19T00:00:00,14:00:00,CRIMES DIVERSOS,CRIMES DIVERSOS: CRIMES INFORMÁTICOS,ES,VITORIA,JARDIM CAMBURI,RUA THEOFILO COSTA,RESIDÊNCIA
1080,58094619,2025-05-19T00:00:00,17:30:00,CRIMES DIVERSOS,CRIMES DIVERSOS: CRIMES INFORMÁTICOS,ES,VITORIA,JARDIM CAMBURI,S/I,AMBIENTE WEB
1081,58096489,2025-05-19T00:00:00,15:50:00,CRIMES DIVERSOS,CRIMES DIVERSOS: CRIMES INFORMÁTICOS,ES,SERRA,NOVA ALMEIDA CENTRO,RUA CONSELHEIRO PENA,OUTRO LOCAL
1082,58148926,2025-05-19T00:00:00,19:00:00,CRIMES DIVERSOS,CRIMES DIVERSOS: CRIMES INFORMÁTICOS,ES,BARRA DE SAO FRANCISCO,BAIRRO CAMPO NOVO,RUA FABIANO PEREIRA,AMBIENTE WEB
1083,58187765,2025-05-19T00:00:00,00:00:00,CRIMES DIVERSOS,CRIMES DIVERSOS: CRIMES INFORMÁTICOS,ES,SERRA,COLINA DE LARANJEIRAS,RUA HERMAN STEIN,AMBIENTE WEB
1084,58095442,2025-05-20T00:00:00,11:05:00,CRIMES DIVERSOS,CRIMES DIVERSOS: CRIMES INFORMÁTICOS,ES,SERRA,TAQUARA II,RUA CEDROLANDIA,AMBIENTE WEB
1085,58101521,2025-05-20T00:00:00,09:37:00,CRIMES DIVERSOS,CRIMES DIVERSOS: CRIMES INFORMÁTICOS,ES,VILA VELHA,OUTRO LOCAL,S/I,OUTRO LOCAL
1086,58150511,2025-05-20T00:00:00,17:30:00,CRIMES DIVERSOS,CRIMES DIVERSOS: CRIMES INFORMÁTICOS,ES,ARACRUZ,OUTRO LOCAL,S/I,AMBIENTE WEB
1087,58195971,2025-05-20T00:00:00,13:38:00,CRIMES DIVERSOS,CRIMES DIVERSOS: CRIMES INFORMÁTICOS,ES,COLATINA,COLUMBIA,RUA RIO DE JANEIRO,AMBIENTE WEB
1088,58111305,2025-05-21T00:00:00,17:41:00,CRIMES DIVERSOS,CRIMES DIVERSOS: CRIMES INFORMÁTICOS,ES,SANTA TERESA,SANTO ANTONIO DO CANAA,CASA,OUTRO LOCAL
1089,58312898,2025-05-21T00:00:00,00:00:00,CRIMES DIVERSOS,CRIMES DIVERSOS: CRIMES INFORMÁTICOS,ES,SAO MATEUS,OUTRO LOCAL,S/I,AMBIENTE WEB
1090,58112779,2025-05-22T00:00:00,08:00:00,CRIMES DIVERSOS,CRIMES DIVERSOS: CRIMES INFORMÁTICOS,ES,CASTELO,ZONA RURAL,LIMOEIRO,RESIDÊNCIA
1091,58116931,2025-05-22T00:00:00,17:00:00,CRIMES DIVERSOS,CRIMES DIVERSOS: CRIMES INFORMÁTICOS,ES,COLATINA,VISTA DA SERRA,RUA GRANADA,AMBIENTE WEB
1092,58151800,2025-05-22T00:00:00,06:40:00,CRIMES DIVERSOS,CRIMES DIVERSOS: CRIMES INFORMÁTICOS,ES,SANTA TERESA,SAO LOURENCO,RUA SÃO LOURENÇO,OUTRO LOCAL
1093,58157675,2025-05-22T00:00:00,15:00:00,CRIMES DIVERSOS,CRIMES DIVERSOS: CRIMES INFORMÁTICOS,ES,VILA VELHA,ALVORADA,S/I,AMBIENTE WEB
1094,58160418,2025-05-22T00:00:00,17:11:00,CRIMES DIVERSOS,CRIMES DIVERSOS: CRIMES INFORMÁTICOS,ES,PINHEIROS,CENTRO,AVENIDA AGENOR LUIZ HERINGER,AMBIENTE WEB
1095,58171075,2025-05-22T00:00:00,00:00:00,CRIMES DIVERSOS,CRIMES DIVERSOS: CRIMES INFORMÁTICOS,ES,COLATINA,NOSSA SENHORA APARECIDA,RUA FIDELIS CASTELO,AMBIENTE WEB
1096,58188614,2025-05-22T00:00:00,17:00:00,CRIMES DIVERSOS,CRIMES DIVERSOS: CRIMES INFORMÁTICOS,ES,SERRA,SANTO ANTONIO,RUA,ESCOLA
1097,58188641,2025-05-22T00:00:00,17:00:00,CRIMES DIVERSOS,CRIMES DIVERSOS: CRIMES INFORMÁTICOS,ES,SERRA,SANTO ANTONIO,RUA DOS ESTUDANTES,ESCOLA
1098,58312241,2025-05-22T00:00:00,14:00:00,CRIMES DIVERSOS,CRIMES DIVERSOS: CRIMES INFORMÁTICOS,ES,COLATINA,HONORIO FRAGA,CASA,AMBIENTE WEB
1099,58123640,2025-05-23T00:00:00,13:50:00,CRIMES DIVERSOS,CRIMES DIVERSOS: CRIMES INFORMÁTICOS,ES,ARACRUZ,COQUEIRAL,S/I,AMBIENTE WEB
1100,58137024,2025-05-23T00:00:00,06:00:00,CRIMES DIVERSOS,CRIMES DIVERSOS: CRIMES INFORMÁTICOS,ES,VILA VELHA,COBILANDIA,RUA JARDIM MIRIM,OUTRO LOCAL
1101,58149291,2025-05-23T00:00:00,13:15:00,CRIMES DIVERSOS,CRIMES DIVERSOS: CRIMES INFORMÁTICOS,ES,VITORIA,CENTRO,S/I,AMBIENTE WEB
1102,58150412,2025-05-23T00:00:00,14:00:00,CRIMES DIVERSOS,CRIMES DIVERSOS: CRIMES INFORMÁTICOS,ES,PINHEIROS,SAO JOAO DO SOBRADO,RUA MILTON CABRAL,AMBIENTE WEB
1103,58166053,2025-05-23T00:00:00,09:42:00,CRIMES DIVERSOS,CRIMES DIVERSOS: CRIMES INFORMÁTICOS,ES,VITORIA,JARDIM CAMBURI,RUA ESTHER OLIVEIRA GALVEAS,AMBIENTE WEB
1104,58168649,2025-05-24T00:00:00,Indeterminada,CRIMES DIVERSOS,CRIMES DIVERSOS: CRIMES INFORMÁTICOS,ES,ARACRUZ,OUTRO LOCAL,S/I,AMBIENTE WEB
1105,58252266,2025-05-24T00:00:00,12:00:00,CRIMES DIVERSOS,CRIMES DIVERSOS: CRIMES INFORMÁTICOS,ES,SERRA,PARQUE RESIDENCIAL LARANJEIRAS,RUA LAVOISIER,RESIDÊNCIA
1106,58412930,2025-05-24T00:00:00,Indeterminada,CRIMES DIVERSOS,CRIMES DIVERSOS: CRIMES INFORMÁTICOS,ES,SAO MATEUS,OUTRO LOCAL,S/I,AMBIENTE WEB
1107,58158778,2025-05-25T00:00:00,22:36:00,CRIMES DIVERSOS,CRIMES DIVERSOS: CRIMES INFORMÁTICOS,ES,CASTELO,BELA VISTA,RUA BEIJA FLOR,RESIDÊNCIA
1108,58179832,2025-05-25T00:00:00,11:50:00,CRIMES DIVERSOS,CRIMES DIVERSOS: CRIMES INFORMÁTICOS,ES,VITORIA,JARDIM DA PENHA,S/I,OUTRO LOCAL
1109,58156651,2025-05-26T00:00:00,16:00:00,CRIMES DIVERSOS,CRIMES DIVERSOS: CRIMES INFORMÁTICOS,ES,ANCHIETA,IRIRI,RUA COMENDADOR BRAGA,OUTRO LOCAL
1110,58161281,2025-05-26T00:00:00,22:00:00,CRIMES DIVERSOS,CRIMES DIVERSOS: CRIMES INFORMÁTICOS,ES,CARIACICA,RIO BRANCO,S/I,AMBIENTE WEB
1111,58164154,2025-05-26T00:00:00,22:00:00,CRIMES DIVERSOS,CRIMES DIVERSOS: CRIMES INFORMÁTICOS,ES,GUARAPARI,CENTRO,LADEIRA SÃO BENEDITO,AMBIENTE WEB
1112,58167111,2025-05-26T00:00:00,12:45:00,CRIMES DIVERSOS,CRIMES DIVERSOS: CRIMES INFORMÁTICOS,ES,CARIACICA,SANTA BARBARA,RUA JOAQUIM DE ARAUJO TORRES,AMBIENTE WEB
1113,58168307,2025-05-26T00:00:00,18:30:00,CRIMES DIVERSOS,CRIMES DIVERSOS: CRIMES INFORMÁTICOS,ES,VITORIA,JARDIM CAMBURI,S/I,AMBIENTE WEB
1114,58176421,2025-05-26T00:00:00,12:10:00,CRIMES DIVERSOS,CRIMES DIVERSOS: CRIMES INFORMÁTICOS,ES,CASTELO,INDEPENDENCIA,RUA ANGELO SCHETTINO,RESIDÊNCIA
1115,58176425,2025-05-26T00:00:00,03:00:00,CRIMES DIVERSOS,CRIMES DIVERSOS: CRIMES INFORMÁTICOS,ES,CASTELO,CASTELO III,S/I,VIA PÚBLICA
1116,58341691,2025-05-26T00:00:00,Indeterminada,CRIMES DIVERSOS,CRIMES DIVERSOS: CRIMES INFORMÁTICOS,ES,SAO MATEUS,OUTRO LOCAL,S/I,AMBIENTE WEB
1117,58162812,2025-05-27T00:00:00,11:30:00,CRIMES DIVERSOS,CRIMES DIVERSOS: CRIMES INFORMÁTICOS,ES,COLATINA,SANTO ANTONIO,RUA GONCALVES DIAS,AMBIENTE WEB
1118,58162932,2025-05-27T00:00:00,16:00:00,CRIMES DIVERSOS,CRIMES DIVERSOS: CRIMES INFORMÁTICOS,ES,COLATINA,SANTO ANTONIO,RUA CLETO NUNES,AMBIENTE WEB
1119,58167927,2025-05-27T00:00:00,12:00:00,CRIMES DIVERSOS,CRIMES DIVERSOS: CRIMES INFORMÁTICOS,ES,VILA VELHA,JARDIM COLORADO,S/I,AMBIENTE WEB
1120,58168681,2025-05-27T00:00:00,00:00:00,CRIMES DIVERSOS,CRIMES DIVERSOS: CRIMES INFORMÁTICOS,ES,VILA PAVAO,OUTRO LOCAL,CORREGO DO VEADINHO,AMBIENTE WEB
1121,58175553,2025-05-27T00:00:00,17:00:00,CRIMES DIVERSOS,CRIMES DIVERSOS: CRIMES INFORMÁTICOS,ES,SANTA TERESA,VILA NOVA,S/I,OUTRO LOCAL
1122,58188975,2025-05-27T00:00:00,22:06:00,CRIMES DIVERSOS,CRIMES DIVERSOS: CRIMES INFORMÁTICOS,ES,CARIACICA,OUTRO LOCAL,"RUA SERGIPE , BAIRRO VALPARAISO",OUTRO LOCAL
1123,58215475,2025-05-27T00:00:00,08:00:00,CRIMES DIVERSOS,CRIMES DIVERSOS: CRIMES INFORMÁTICOS,ES,SANTA TERESA,OUTRO LOCAL,S/I,AMBIENTE WEB
1124,58844568,2025-05-27T00:00:00,18:00:00,CRIMES DIVERSOS,CRIMES DIVERSOS: CRIMES INFORMÁTICOS,ES,ECOPORANGA,CENTRO,RUA CANDIDO MIGUEL DE SOUZA,RESIDÊNCIA
1125,58166836,2025-05-28T00:00:00,10:00:00,CRIMES DIVERSOS,CRIMES DIVERSOS: CRIMES INFORMÁTICOS,ES,PINHEIROS,OUTRO LOCAL,S/I,AMBIENTE WEB
1126,58167398,2025-05-28T00:00:00,00:00:00,CRIMES DIVERSOS,CRIMES DIVERSOS: CRIMES INFORMÁTICOS,ES,VIANA,BOM PASTOR,RUA GARCIA LORCA,AMBIENTE WEB
1127,58168355,2025-05-28T00:00:00,11:30:00,CRIMES DIVERSOS,CRIMES DIVERSOS: CRIMES INFORMÁTICOS,ES,VITORIA,JARDIM CAMBURI,RUA SEBASTIAO DA SILVA RABELO,AMBIENTE WEB
1128,58169858,2025-05-28T00:00:00,14:00:00,CRIMES DIVERSOS,CRIMES DIVERSOS: CRIMES INFORMÁTICOS,ES,COLATINA,MARIA DAS GRACAS,RUA VIRGILIO DIAS,AMBIENTE WEB
1129,58170768,2025-05-28T00:00:00,Indeterminada,CRIMES DIVERSOS,CRIMES DIVERSOS: CRIMES INFORMÁTICOS,ES,COLATINA,ITAPINA,CORREGO ESTRELA,AMBIENTE WEB
1130,58174715,2025-05-28T00:00:00,19:41:00,CRIMES DIVERSOS,CRIMES DIVERSOS: CRIMES INFORMÁTICOS,ES,CONCEICAO DO CASTELO,CENTRO,PRAÇA MATRIZ,RESIDÊNCIA
1131,58175568,2025-05-28T00:00:00,09:00:00,CRIMES DIVERSOS,CRIMES DIVERSOS: CRIMES INFORMÁTICOS,ES,SANTA TERESA,CENTRO,LOJA DELICATTA,AGÊNCIA BANCÁRIA
1132,58184809,2025-05-28T00:00:00,Indeterminada,CRIMES DIVERSOS,CRIMES DIVERSOS: CRIMES INFORMÁTICOS,ES,SAO MATEUS,OUTRO LOCAL,S/I,AMBIENTE WEB
1133,58187377,2025-05-28T00:00:00,22:48:00,CRIMES DIVERSOS,CRIMES DIVERSOS: CRIMES INFORMÁTICOS,ES,ARACRUZ,BELA VISTA,RUA JOSE MODENEZI,AMBIENTE WEB
1134,58213530,2025-05-28T00:00:00,09:30:00,CRIMES DIVERSOS,CRIMES DIVERSOS: CRIMES INFORMÁTICOS,ES,VITORIA,JARDIM CAMBURI,RUA ORLANDO CALIMAN,RESIDÊNCIA
1135,58222263,2025-05-28T00:00:00,Indeterminada,CRIMES DIVERSOS,CRIMES DIVERSOS: CRIMES INFORMÁTICOS,ES,PINHEIROS,OUTRO LOCAL,S/I,AMBIENTE WEB
1136,58253866,2025-05-28T00:00:00,12:00:00,CRIMES DIVERSOS,CRIMES DIVERSOS: CRIMES INFORMÁTICOS,ES,VIANA,VILA BETHANIA,RUA JOAO DEODOLINDO,AMBIENTE WEB
1137,58844597,2025-05-28T00:00:00,11:01:00,CRIMES DIVERSOS,CRIMES DIVERSOS: CRIMES INFORMÁTICOS,ES,ECOPORANGA,CENTRO,S/I,AMBIENTE WEB
1138,58175421,2025-05-29T00:00:00,03:00:00,CRIMES DIVERSOS,CRIMES DIVERSOS: CRIMES INFORMÁTICOS,ES,VITORIA,JARDIM CAMBURI,RUA JOSE ANCHIETA FONTANA,AMBIENTE WEB
1139,58182139,2025-05-29T00:00:00,10:00:00,CRIMES DIVERSOS,CRIMES DIVERSOS: CRIMES INFORMÁTICOS,ES,COLATINA,SAO SILVANO,RUA MARIA CAROLINA MARTINS,AMBIENTE WEB
1140,58185463,2025-05-29T00:00:00,17:45:00,CRIMES DIVERSOS,CRIMES DIVERSOS: CRIMES INFORMÁTICOS,ES,VITORIA,JARDIM CAMBURI,S/I,AMBIENTE WEB
1141,58186940,2025-05-29T00:00:00,11:30:00,CRIMES DIVERSOS,CRIMES DIVERSOS: CRIMES INFORMÁTICOS,ES,ARACRUZ,OUTRO LOCAL,RUA LUCIA BELMIRA PIANCA SCOPEL,AMBIENTE WEB
1142,58188222,2025-05-29T00:00:00,23:00:00,CRIMES DIVERSOS,CRIMES DIVERSOS: CRIMES INFORMÁTICOS,ES,VITORIA,ANTONIO HONORIO,RUA PROF ANTONIO DIAS DE SOUZA,RESIDÊNCIA
1143,58188810,2025-05-29T00:00:00,16:50:00,CRIMES DIVERSOS,CRIMES DIVERSOS: CRIMES INFORMÁTICOS,ES,JOAO NEIVA,OUTRO LOCAL,RUA NATAL POLEZELI,AMBIENTE WEB
1144,58278403,2025-05-29T00:00:00,11:15:00,CRIMES DIVERSOS,CRIMES DIVERSOS: CRIMES INFORMÁTICOS,ES,SERRA,BOULEVARD LAGOA,AV TALMA RODRIGUES RIBEIRO,RESIDÊNCIA
1145,59044734,2025-05-29T00:00:00,11:00:00,CRIMES DIVERSOS,CRIMES DIVERSOS: CRIMES INFORMÁTICOS,ES,SERRA,CIDADE CONTINENTAL,S/I,AGÊNCIA BANCÁRIA
1146,58213501,2025-05-30T00:00:00,10:30:00,CRIMES DIVERSOS,CRIMES DIVERSOS: CRIMES INFORMÁTICOS,ES,VITORIA,JARDIM CAMBURI,DIONISIO ABAURRE,RESIDÊNCIA
1147,58213550,2025-05-30T00:00:00,19:20:00,CRIMES DIVERSOS,CRIMES DIVERSOS: CRIMES INFORMÁTICOS,ES,VITORIA,JARDIM CAMBURI,AVE,AMBIENTE WEB
1148,58215172,2025-05-30T00:00:00,00:00:00,CRIMES DIVERSOS,CRIMES DIVERSOS: CRIMES INFORMÁTICOS,ES,SAO MATEUS,OUTRO LOCAL,S/I,AMBIENTE WEB
1149,58217808,2025-05-30T00:00:00,Indeterminada,CRIMES DIVERSOS,CRIMES DIVERSOS: CRIMES INFORMÁTICOS,ES,LINHARES,OUTRO LOCAL,S/I,AMBIENTE WEB
1150,58215643,2025-05-31T00:00:00,00:00:00,CRIMES DIVERSOS,CRIMES DIVERSOS: CRIMES INFORMÁTICOS,ES,SAO MATEUS,OUTRO LOCAL,S/I,AMBIENTE WEB
1151,58225307,2025-05-31T00:00:00,11:00:00,CRIMES DIVERSOS,CRIMES DIVERSOS: CRIMES INFORMÁTICOS,ES,VILA VELHA,VILA GARRIDO,RUA CAPITAO VIEIRA DE MELO,AMBIENTE WEB
1152,58433418,2025-05-31T00:00:00,12:08:00,CRIMES DIVERSOS,CRIMES DIVERSOS: CRIMES INFORMÁTICOS,ES,VITORIA,JARDIM CAMBURI,RUA CARLOS MARTINS,RESIDÊNCIA
1153,58212859,2025-02-06T00:00:00,06:00:00,CRIMES DIVERSOS,CRIMES DIVERSOS: CRIMES INFORMÁTICOS,ES,ARACRUZ,OUTRO LOCAL,S/I,AMBIENTE WEB
1154,58221106,2025-02-06T00:00:00,Indeterminada,CRIMES DIVERSOS,CRIMES DIVERSOS: CRIMES INFORMÁTICOS,ES,ARACRUZ,OUTRO LOCAL,OUTRO LOCAL,AMBIENTE WEB
1155,58224576,2025-02-06T00:00:00,22:00:00,CRIMES DIVERSOS,CRIMES DIVERSOS: CRIMES INFORMÁTICOS,ES,CARIACICA,NOVO BRASIL,RUA SANTA ANGELA,AMBIENTE WEB
1156,58357819,2025-02-06T00:00:00,06:00:00,CRIMES DIVERSOS,CRIMES DIVERSOS: CRIMES INFORMÁTICOS,ES,VITORIA,JARDIM CAMBURI,RUA ESMERIA BARROS DEORCE,OUTRO LOCAL
1157,58853589,2025-02-06T00:00:00,12:00:00,CRIMES DIVERSOS,CRIMES DIVERSOS: CRIMES INFORMÁTICOS,ES,ECOPORANGA,ZONA RURAL,RUA E. ASSENTA MIRAGEM,RESIDÊNCIA
1158,58240717,2025-03-06T00:00:00,Indeterminada,CRIMES DIVERSOS,CRIMES DIVERSOS: CRIMES INFORMÁTICOS,ES,ARACRUZ,OUTRO LOCAL,S/I,AMBIENTE WEB
1159,58442482,2025-03-06T00:00:00,13:00:00,CRIMES DIVERSOS,CRIMES DIVERSOS: CRIMES INFORMÁTICOS,ES,COLATINA,CENTRO,RUA PEDRO EPICHIN,AMBIENTE WEB
1160,58232680,2025-04-06T00:00:00,11:38:00,CRIMES DIVERSOS,CRIMES DIVERSOS: CRIMES INFORMÁTICOS,ES,VITORIA,CONSOLACAO,RUA DOUTOR AMERICO DE OLIVEIRA,AMBIENTE WEB
1161,58232869,2025-04-06T00:00:00,12:30:00,CRIMES DIVERSOS,CRIMES DIVERSOS: CRIMES INFORMÁTICOS,ES,SERRA,CENTRAL CARAPINA,RUA DISTRITO FEDERAL,AMBIENTE WEB
1162,58239518,2025-04-06T00:00:00,13:20:00,CRIMES DIVERSOS,CRIMES DIVERSOS: CRIMES INFORMÁTICOS,ES,VITORIA,CENTRO,RUA PÉREIRA PINTO,AMBIENTE WEB
1163,58240429,2025-04-06T00:00:00,Indeterminada,CRIMES DIVERSOS,CRIMES DIVERSOS: CRIMES INFORMÁTICOS,ES,PINHEIROS,OUTRO LOCAL,NUBANK,AMBIENTE WEB
1164,58240581,2025-04-06T00:00:00,Indeterminada,CRIMES DIVERSOS,CRIMES DIVERSOS: CRIMES INFORMÁTICOS,ES,PINHEIROS,OUTRO LOCAL,S/I,AMBIENTE WEB
1165,58248363,2025-04-06T00:00:00,22:28:00,CRIMES DIVERSOS,CRIMES DIVERSOS: CRIMES INFORMÁTICOS,ES,VITORIA,JARDIM CAMBURI,S/I,OUTRO LOCAL
1166,58250966,2025-04-06T00:00:00,09:00:00,CRIMES DIVERSOS,CRIMES DIVERSOS: CRIMES INFORMÁTICOS,ES,VITORIA,JARDIM CAMBURI,AVENIDA JUDITH LEAO C RIBEIRO,RESIDÊNCIA
1167,58277832,2025-04-06T00:00:00,12:35:00,CRIMES DIVERSOS,CRIMES DIVERSOS: CRIMES INFORMÁTICOS,ES,CONCEICAO DA BARRA,FLORESTA,RUA LUIS ANGELO FIGUEIREDO,AMBIENTE WEB
1168,58476729,2025-04-06T00:00:00,09:36:00,CRIMES DIVERSOS,CRIMES DIVERSOS: CRIMES INFORMÁTICOS,ES,PINHEIROS,VILA VERDE,RUA GERALDO MONTEIRO,AMBIENTE WEB
1169,58248468,2025-05-06T00:00:00,06:08:00,CRIMES DIVERSOS,CRIMES DIVERSOS: CRIMES INFORMÁTICOS,ES,VITORIA,JARDIM CAMBURI,AV DANTE MICHELINE,AGÊNCIA BANCÁRIA
1170,58248669,2025-05-06T00:00:00,Indeterminada,CRIMES DIVERSOS,CRIMES DIVERSOS: CRIMES INFORMÁTICOS,ES,PINHEIROS,CENTRO,S/I,AMBIENTE WEB
1171,58248899,2025-05-06T00:00:00,22:10:00,CRIMES DIVERSOS,CRIMES DIVERSOS: CRIMES INFORMÁTICOS,ES,VITORIA,JARDIM CAMBURI,S/I,OUTRO LOCAL
1172,58248909,2025-05-06T00:00:00,12:00:00,CRIMES DIVERSOS,CRIMES DIVERSOS: CRIMES INFORMÁTICOS,ES,VITORIA,JARDIM CAMBURI,S/I,AMBIENTE WEB
1173,58250370,2025-05-06T00:00:00,11:00:00,CRIMES DIVERSOS,CRIMES DIVERSOS: CRIMES INFORMÁTICOS,ES,COLATINA,SAO SILVANO,AV. FIDELIS FERRARI,ESCRITORIO
1174,58251237,2025-05-06T00:00:00,16:45:00,CRIMES DIVERSOS,CRIMES DIVERSOS: CRIMES INFORMÁTICOS,ES,VARGEM ALTA,CENTRO,RUA VEREADOR PEDRO ISRAEL DAVID,ESCRITORIO
1175,58252792,2025-05-06T00:00:00,12:00:00,CRIMES DIVERSOS,CRIMES DIVERSOS: CRIMES INFORMÁTICOS,ES,VITORIA,JARDIM CAMBURI,RUA CARLOS MARTINS,AMBIENTE WEB
1176,58277095,2025-05-06T00:00:00,20:57:00,CRIMES DIVERSOS,CRIMES DIVERSOS: CRIMES INFORMÁTICOS,ES,VITORIA,MATA DA PRAIA,AV DANTE MICHELINE,AMBIENTE WEB
1177,58289955,2025-05-06T00:00:00,Indeterminada,CRIMES DIVERSOS,CRIMES DIVERSOS: CRIMES INFORMÁTICOS,ES,VILA VELHA,PRAIA DA COSTA,RUA MARANHAO,AMBIENTE WEB
1178,58341813,2025-05-06T00:00:00,Indeterminada,CRIMES DIVERSOS,CRIMES DIVERSOS: CRIMES INFORMÁTICOS,ES,CARIACICA,CAMPO GRANDE,RUA RUI BARBOSA,AMBIENTE WEB
1179,58503415,2025-05-06T00:00:00,23:00:00,CRIMES DIVERSOS,CRIMES DIVERSOS: CRIMES INFORMÁTICOS,ES,VILA VELHA,PRAIA DA COSTA,RUA EROTHILDES PENNA MEDINA,RESIDÊNCIA
1180,59462364,2025-05-06T00:00:00,08:00:00,CRIMES DIVERSOS,CRIMES DIVERSOS: CRIMES INFORMÁTICOS,ES,SERRA,SAO DOMINGOS,RUA LAUDEMIRO CANUDO,AMBIENTE WEB
1181,58251156,2025-06-06T00:00:00,12:34:00,CRIMES DIVERSOS,CRIMES DIVERSOS: CRIMES INFORMÁTICOS,ES,VITORIA,JARDIM CAMBURI,S/I,OUTRO LOCAL
1182,58254926,2025-06-06T00:00:00,Indeterminada,CRIMES DIVERSOS,CRIMES DIVERSOS: CRIMES INFORMÁTICOS,ES,COLATINA,ZONA RURAL,ITAPINA,RESIDÊNCIA
1183,58295303,2025-06-06T00:00:00,21:00:00,CRIMES DIVERSOS,CRIMES DIVERSOS: CRIMES INFORMÁTICOS,ES,VILA VELHA,ILHA DAS FLORES,JULIO ROSARIO,OUTRO LOCAL
1184,58316914,2025-06-06T00:00:00,17:33:00,CRIMES DIVERSOS,CRIMES DIVERSOS: CRIMES INFORMÁTICOS,ES,SERRA,SERRA CENTRO,S/I,VIA PÚBLICA
1185,58544021,2025-06-06T00:00:00,06:00:00,CRIMES DIVERSOS,CRIMES DIVERSOS: CRIMES INFORMÁTICOS,ES,GOVERNADOR LINDENBERG,CENTRO,RUA SAO JOSE,COMÉRCIO
1186,58286929,2025-07-06T00:00:00,09:00:00,CRIMES DIVERSOS,CRIMES DIVERSOS: CRIMES INFORMÁTICOS,ES,ANCHIETA,OUTRO LOCAL,RUA ALBERTO BARONE,RESIDÊNCIA
1187,59090006,2025-07-06T00:00:00,Indeterminada,CRIMES DIVERSOS,CRIMES DIVERSOS: CRIMES INFORMÁTICOS,ES,VENDA NOVA DO IMIGRANTE,ZONA RURAL,ESTRADA RURAL,RESIDÊNCIA
1188,58283053,2025-08-06T00:00:00,Indeterminada,CRIMES DIVERSOS,CRIMES DIVERSOS: CRIMES INFORMÁTICOS,ES,SERRA,BAIRRO DAS LARANJEIRAS,RUA MINAS GERAIS S/N,RESIDÊNCIA
1189,58279059,2025-09-06T00:00:00,Indeterminada,CRIMES DIVERSOS,CRIMES DIVERSOS: CRIMES INFORMÁTICOS,ES,PINHEIROS,OUTRO LOCAL,S/I,AMBIENTE WEB
1190,58281273,2025-09-06T00:00:00,Indeterminada,CRIMES DIVERSOS,CRIMES DIVERSOS: CRIMES INFORMÁTICOS,ES,VILA VELHA,COCAL,RUA DEZOITO,AMBIENTE WEB
1191,58282267,2025-09-06T00:00:00,12:10:00,CRIMES DIVERSOS,CRIMES DIVERSOS: CRIMES INFORMÁTICOS,ES,SERRA,COLINA DE LARANJEIRAS,AV BRAUNA,RESIDÊNCIA
1192,58285771,2025-09-06T00:00:00,14:00:00,CRIMES DIVERSOS,CRIMES DIVERSOS: CRIMES INFORMÁTICOS,ES,SERRA,COLINA DA SERRA,CASA,AMBIENTE WEB
1193,58285777,2025-09-06T00:00:00,11:30:00,CRIMES DIVERSOS,CRIMES DIVERSOS: CRIMES INFORMÁTICOS,ES,SERRA,JARDIM DA SERRA,RUA AFONSO CLAUDIO,RESIDÊNCIA
1194,58287671,2025-09-06T00:00:00,14:00:00,CRIMES DIVERSOS,CRIMES DIVERSOS: CRIMES INFORMÁTICOS,ES,PEDRO CANARIO,NOVO HORIZONTE,RUA DIMAS ALVES DOS SANTOS,AMBIENTE WEB
1195,58298303,2025-09-06T00:00:00,06:58:00,CRIMES DIVERSOS,CRIMES DIVERSOS: CRIMES INFORMÁTICOS,ES,VILA VELHA,SANTA RITA,S/I,AMBIENTE WEB
1196,58285801,2025-10-06T00:00:00,21:00:00,CRIMES DIVERSOS,CRIMES DIVERSOS: CRIMES INFORMÁTICOS,ES,ANCHIETA,CENTRO,RUA DAS CHACARAS,AMBIENTE WEB
1197,58288537,2025-10-06T00:00:00,11:30:00,CRIMES DIVERSOS,CRIMES DIVERSOS: CRIMES INFORMÁTICOS,ES,CONCEICAO DA BARRA,ANTONIO LOPEZ,AV. BRASIL,RESIDÊNCIA
1198,58296509,2025-10-06T00:00:00,Indeterminada,CRIMES DIVERSOS,CRIMES DIVERSOS: CRIMES INFORMÁTICOS,ES,VITORIA,NOVA PALESTINA,RUA ANTARIO ALEXANDRE THEODORO FILHO,AMBIENTE WEB
1199,58297628,2025-10-06T00:00:00,17:40:00,CRIMES DIVERSOS,CRIMES DIVERSOS: CRIMES INFORMÁTICOS,ES,SAO ROQUE DO CANAA,VILA ESPANHOLA,RUA AYRTON SENNA,AMBIENTE WEB
1200,58616991,2025-10-06T00:00:00,09:07:00,CRIMES DIVERSOS,CRIMES DIVERSOS: CRIMES INFORMÁTICOS,ES,VITORIA,JARDIM CAMBURI,S/I,AGÊNCIA BANCÁRIA
1201,58617006,2025-10-06T00:00:00,09:07:00,CRIMES DIVERSOS,CRIMES DIVERSOS: CRIMES INFORMÁTICOS,ES,VITORIA,JARDIM CAMBURI,S/I,AGÊNCIA BANCÁRIA
1202,58297509,2025-11-06T00:00:00,11:00:00,CRIMES DIVERSOS,CRIMES DIVERSOS: CRIMES INFORMÁTICOS,ES,ALFREDO CHAVES,ARAPONGA,RUA CONSTANTINO DENADAI,AMBIENTE WEB
1203,58299509,2025-11-06T00:00:00,14:30:00,CRIMES DIVERSOS,CRIMES DIVERSOS: CRIMES INFORMÁTICOS,ES,CONCEICAO DA BARRA,NOVA BETHANIA,RUA SÃO LUCAS,RESIDÊNCIA
1204,58300430,2025-11-06T00:00:00,11:53:00,CRIMES DIVERSOS,CRIMES DIVERSOS: CRIMES INFORMÁTICOS,ES,COLATINA,CENTRO,RUA CASSIANO CASTELO,COMÉRCIO
1205,58307647,2025-11-06T00:00:00,22:00:00,CRIMES DIVERSOS,CRIMES DIVERSOS: CRIMES INFORMÁTICOS,ES,VITORIA,SANTA MARTHA,RUA LAURY TAVARES,AMBIENTE WEB
1206,58308396,2025-11-06T00:00:00,12:00:00,CRIMES DIVERSOS,CRIMES DIVERSOS: CRIMES INFORMÁTICOS,ES,CONCEICAO DA BARRA,OUTRO LOCAL,S/I,OUTRO LOCAL
1207,58311929,2025-11-06T00:00:00,14:00:00,CRIMES DIVERSOS,CRIMES DIVERSOS: CRIMES INFORMÁTICOS,ES,PIUMA,CENTRO,AV MARIA GONÇALVES MARVILLA,AMBIENTE WEB
1208,58313131,2025-11-06T00:00:00,08:00:00,CRIMES DIVERSOS,CRIMES DIVERSOS: CRIMES INFORMÁTICOS,ES,CONCEICAO DA BARRA,CENTRO,S/I,OUTRO LOCAL
1209,58313295,2025-11-06T00:00:00,16:30:00,CRIMES DIVERSOS,CRIMES DIVERSOS: CRIMES INFORMÁTICOS,ES,CONCEICAO DA BARRA,CENTRO,RUA BENONIO FALCÃO,OUTRO LOCAL
1210,58309562,2025-12-06T00:00:00,15:40:00,CRIMES DIVERSOS,CRIMES DIVERSOS: CRIMES INFORMÁTICOS,ES,COLATINA,CENTRO,S/I,AMBIENTE WEB
1211,58312237,2025-12-06T00:00:00,18:00:00,CRIMES DIVERSOS,CRIMES DIVERSOS: CRIMES INFORMÁTICOS,ES,COLATINA,CENTRO,S/I,OUTRO LOCAL
1212,58313112,2025-12-06T00:00:00,19:30:00,CRIMES DIVERSOS,CRIMES DIVERSOS: CRIMES INFORMÁTICOS,ES,ANCHIETA,JOAO XXIII,AV. GOVERNADOR DIAS LOPES,AMBIENTE WEB
1213,58315010,2025-12-06T00:00:00,Indeterminada,CRIMES DIVERSOS,CRIMES DIVERSOS: CRIMES INFORMÁTICOS,ES,VILA VELHA,GLORIA,RUA MARANGUAPE,AMBIENTE WEB
1214,58339042,2025-12-06T00:00:00,Indeterminada,CRIMES DIVERSOS,CRIMES DIVERSOS: CRIMES INFORMÁTICOS,ES,VITORIA,MARIA ORTIZ,RUA PROF ODILA SIMOES,AMBIENTE WEB
1215,58560018,2025-12-06T00:00:00,18:58:00,CRIMES DIVERSOS,CRIMES DIVERSOS: CRIMES INFORMÁTICOS,ES,VILA VELHA,COBILANDIA,RUA CAFEZOPOLIS,AMBIENTE WEB
1216,58313620,2025-06-13T00:00:00,04:00:00,CRIMES DIVERSOS,CRIMES DIVERSOS: CRIMES INFORMÁTICOS,ES,CASTELO,ARACUI,S/I,AMBIENTE WEB
1217,58313883,2025-06-13T00:00:00,Indeterminada,CRIMES DIVERSOS,CRIMES DIVERSOS: CRIMES INFORMÁTICOS,ES,VARGEM ALTA,CENTRO,RUA ELISEU GASPARINI,RESIDÊNCIA
1218,58316978,2025-06-13T00:00:00,10:24:00,CRIMES DIVERSOS,CRIMES DIVERSOS: CRIMES INFORMÁTICOS,ES,CARIACICA,CAMPO GRANDE,RUA LUCIANO LUBE,RESIDÊNCIA
1219,58338475,2025-06-13T00:00:00,12:00:00,CRIMES DIVERSOS,CRIMES DIVERSOS: CRIMES INFORMÁTICOS,ES,CASTELO,CENTRO,AV NOSSA SENHORA DA PENHA,AMBIENTE WEB
1220,59231095,2025-06-13T00:00:00,04:00:00,CRIMES DIVERSOS,CRIMES DIVERSOS: CRIMES INFORMÁTICOS,ES,CARIACICA,VILA PALESTINA,S/I,AMBIENTE WEB
1221,58329551,2025-06-14T00:00:00,12:30:00,CRIMES DIVERSOS,CRIMES DIVERSOS: CRIMES INFORMÁTICOS,ES,COLATINA,LUIZ IGLESIAS,CENTRO,COMÉRCIO
1222,58339330,2025-06-15T00:00:00,Indeterminada,CRIMES DIVERSOS,CRIMES DIVERSOS: CRIMES INFORMÁTICOS,ES,VITORIA,MARIA ORTIZ,RUA PROF GERALDO COSTA ALVES,AMBIENTE WEB
1223,58342955,2025-06-15T00:00:00,19:30:00,CRIMES DIVERSOS,CRIMES DIVERSOS: CRIMES INFORMÁTICOS,ES,VITORIA,JARDIM CAMBURI,RUA JULIA LACOURT PENNA,RESIDÊNCIA
1224,58348659,2025-06-15T00:00:00,Indeterminada,CRIMES DIVERSOS,CRIMES DIVERSOS: CRIMES INFORMÁTICOS,ES,VITORIA,SANTO ANTONIO,RUA LAURO PEREIRA COIMBA,AMBIENTE WEB
1225,58404889,2025-06-15T00:00:00,18:30:00,CRIMES DIVERSOS,CRIMES DIVERSOS: CRIMES INFORMÁTICOS,ES,ICONHA,CENTRO,RUA RITA PAULA SERRAO,AMBIENTE WEB
1226,58436904,2025-06-15T00:00:00,12:09:00,CRIMES DIVERSOS,CRIMES DIVERSOS: CRIMES INFORMÁTICOS,ES,VITORIA,UNIVERSITARIO,RUA PRIMAVERA,AMBIENTE WEB
1227,58342323,2025-06-16T00:00:00,09:42:00,CRIMES DIVERSOS,CRIMES DIVERSOS: CRIMES INFORMÁTICOS,ES,VITORIA,JARDIM CAMBURI,AV ARMANDO DUARTE RABELLO,OUTRO LOCAL
1228,58342996,2025-06-16T00:00:00,15:18:00,CRIMES DIVERSOS,CRIMES DIVERSOS: CRIMES INFORMÁTICOS,ES,VITORIA,JARDIM CAMBURI,S/I,RESIDÊNCIA
1229,58351498,2025-06-16T00:00:00,10:00:00,CRIMES DIVERSOS,CRIMES DIVERSOS: CRIMES INFORMÁTICOS,ES,SERRA,BOULEVARD LAGOA,AV TALMA RODRIGUES RIBEIRO,AMBIENTE WEB
1230,58352723,2025-06-16T00:00:00,15:19:00,CRIMES DIVERSOS,CRIMES DIVERSOS: CRIMES INFORMÁTICOS,ES,COLATINA,CORREGO CHAPEU,S/I,OUTRO LOCAL
1231,58355572,2025-06-16T00:00:00,12:06:00,CRIMES DIVERSOS,CRIMES DIVERSOS: CRIMES INFORMÁTICOS,ES,COLATINA,MORADA DO SOL,S/I,AMBIENTE WEB
1232,58411012,2025-06-16T00:00:00,16:30:00,CRIMES DIVERSOS,CRIMES DIVERSOS: CRIMES INFORMÁTICOS,ES,VITORIA,JARDIM CAMBURI,RUA MARIA AUXILIADORA GOMES SALAMÃO,AMBIENTE WEB
1233,58414856,2025-06-16T00:00:00,15:00:00,CRIMES DIVERSOS,CRIMES DIVERSOS: CRIMES INFORMÁTICOS,ES,VILA VELHA,COBILANDIA,RUA JAPERI,ESCOLA
1234,58419308,2025-06-16T00:00:00,23:25:00,CRIMES DIVERSOS,CRIMES DIVERSOS: CRIMES INFORMÁTICOS,ES,VITORIA,JARDIM DA PENHA,RUA EUGENILIO RAMOS,OUTRO LOCAL
1235,58476735,2025-06-16T00:00:00,10:49:00,CRIMES DIVERSOS,CRIMES DIVERSOS: CRIMES INFORMÁTICOS,ES,PINHEIROS,OUTRO LOCAL,S/I,OUTRO LOCAL
1236,58351164,2025-06-17T00:00:00,Indeterminada,CRIMES DIVERSOS,CRIMES DIVERSOS: CRIMES INFORMÁTICOS,ES,SAO MATEUS,OUTRO LOCAL,S/I,AMBIENTE WEB
1237,58352390,2025-06-17T00:00:00,15:15:00,CRIMES DIVERSOS,CRIMES DIVERSOS: CRIMES INFORMÁTICOS,ES,VITORIA,JARDIM CAMBURI,S/I,AMBIENTE WEB
1238,58357340,2025-06-17T00:00:00,Indeterminada,CRIMES DIVERSOS,CRIMES DIVERSOS: CRIMES INFORMÁTICOS,ES,VITORIA,CENTRO,RUA PROF BALTAZAR,AMBIENTE WEB
1239,58359248,2025-06-17T00:00:00,21:00:00,CRIMES DIVERSOS,CRIMES DIVERSOS: CRIMES INFORMÁTICOS,ES,SERRA,HELIO FERRAZ,RUA RIO TAPAJOS,RESIDÊNCIA
1240,58359758,2025-06-17T00:00:00,19:15:00,CRIMES DIVERSOS,CRIMES DIVERSOS: CRIMES INFORMÁTICOS,ES,CARIACICA,ALTO LAGE,RUA DEMOSTENES NUNES VIEIRA,AMBIENTE WEB
1241,58400070,2025-06-17T00:00:00,19:10:00,CRIMES DIVERSOS,CRIMES DIVERSOS: CRIMES INFORMÁTICOS,ES,SERRA,SANTA LUZIA,AV. NORTE SUL,AMBIENTE WEB
1242,58410313,2025-06-17T00:00:00,21:00:00,CRIMES DIVERSOS,CRIMES DIVERSOS: CRIMES INFORMÁTICOS,ES,SERRA,HELIO FERRAZ,RUA RIO TAPAJOS,RESIDÊNCIA
1243,58427799,2025-06-17T00:00:00,20:44:00,CRIMES DIVERSOS,CRIMES DIVERSOS: CRIMES INFORMÁTICOS,ES,ITAPEMIRIM,ITAOCA,RUA FRANCISCO FLORENÇO DO NASCIMENTO,AMBIENTE WEB
1244,58358884,2025-06-18T00:00:00,10:14:00,CRIMES DIVERSOS,CRIMES DIVERSOS: CRIMES INFORMÁTICOS,ES,SANTA MARIA DE JETIBA,GARRAFAO,S/I,AMBIENTE WEB
1245,58399496,2025-06-18T00:00:00,17:00:00,CRIMES DIVERSOS,CRIMES DIVERSOS: CRIMES INFORMÁTICOS,ES,SANTA TERESA,VILA NOVA,S/I,AMBIENTE WEB
1246,58400098,2025-06-18T00:00:00,22:44:00,CRIMES DIVERSOS,CRIMES DIVERSOS: CRIMES INFORMÁTICOS,ES,SERRA,ESTANCIA MONAZITICA,RUA SANTA CATARINA,RESIDÊNCIA
1247,58401016,2025-06-18T00:00:00,13:00:00,CRIMES DIVERSOS,CRIMES DIVERSOS: CRIMES INFORMÁTICOS,ES,VITORIA,JARDIM CAMBURI,S/I,OUTRO LOCAL
1248,58403692,2025-06-18T00:00:00,13:00:00,CRIMES DIVERSOS,CRIMES DIVERSOS: CRIMES INFORMÁTICOS,ES,ANCHIETA,OUTRO LOCAL,S/I,AMBIENTE WEB
1249,58410450,2025-06-18T00:00:00,18:00:00,CRIMES DIVERSOS,CRIMES DIVERSOS: CRIMES INFORMÁTICOS,ES,VITORIA,JARDIM CAMBURI,RUA DR. JOÃO BATISTA MIRANDA DO AMARAL,RESIDÊNCIA
1250,58418455,2025-06-18T00:00:00,20:32:00,CRIMES DIVERSOS,CRIMES DIVERSOS: CRIMES INFORMÁTICOS,ES,COLATINA,BELA VISTA,LINDONOR JOÃO AMORIM,AMBIENTE WEB
1251,58369161,2025-06-19T00:00:00,15:00:00,CRIMES DIVERSOS,CRIMES DIVERSOS: CRIMES INFORMÁTICOS,ES,SERRA,JARDIM LIMOEIRO,RUA ANTONIO FRANCISCO VESSE,RESIDÊNCIA
1252,58400262,2025-06-19T00:00:00,10:00:00,CRIMES DIVERSOS,CRIMES DIVERSOS: CRIMES INFORMÁTICOS,ES,CONCEICAO DA BARRA,OUTRO LOCAL,S/I,OUTRO LOCAL
1253,58439996,2025-06-19T00:00:00,00:00:00,CRIMES DIVERSOS,CRIMES DIVERSOS: CRIMES INFORMÁTICOS,ES,SAO MATEUS,OUTRO LOCAL,S/I,AMBIENTE WEB
1254,58496307,2025-06-19T00:00:00,Indeterminada,CRIMES DIVERSOS,CRIMES DIVERSOS: CRIMES INFORMÁTICOS,ES,VITORIA,SANTA MARTHA,RUA MANOEL SALUSTIANO DE SOUZA,AMBIENTE WEB
1255,58496317,2025-06-19T00:00:00,Indeterminada,CRIMES DIVERSOS,CRIMES DIVERSOS: CRIMES INFORMÁTICOS,ES,VITORIA,SANTA MARTHA,RUA MANUEL SALUSTIANO SOUZA,AMBIENTE WEB
1256,58377287,2025-06-20T00:00:00,05:30:00,CRIMES DIVERSOS,CRIMES DIVERSOS: CRIMES INFORMÁTICOS,ES,ARACRUZ,JEQUITIBA,CASA,OUTRO LOCAL
1257,58377299,2025-06-20T00:00:00,09:33:00,CRIMES DIVERSOS,CRIMES DIVERSOS: CRIMES INFORMÁTICOS,ES,ARACRUZ,COQUEIRAL,S/I,OUTRO LOCAL
1258,58392652,2025-06-20T00:00:00,10:00:00,CRIMES DIVERSOS,CRIMES DIVERSOS: CRIMES INFORMÁTICOS,ES,ANCHIETA,MAIMBA,HELENA MEDEIRO,OUTRO LOCAL
1259,58400033,2025-06-20T00:00:00,14:50:00,CRIMES DIVERSOS,CRIMES DIVERSOS: CRIMES INFORMÁTICOS,ES,SERRA,VISTA DA SERRA I,S/I,AMBIENTE WEB
1260,58400063,2025-06-20T00:00:00,16:00:00,CRIMES DIVERSOS,CRIMES DIVERSOS: CRIMES INFORMÁTICOS,ES,SERRA,SERRA DOURADA II,RUA GARDENIA,RESIDÊNCIA
1261,58400114,2025-06-20T00:00:00,22:20:00,CRIMES DIVERSOS,CRIMES DIVERSOS: CRIMES INFORMÁTICOS,ES,VITORIA,GURIGICA,RUA DO BANANAL,AMBIENTE WEB
1262,58401263,2025-06-20T00:00:00,11:33:00,CRIMES DIVERSOS,CRIMES DIVERSOS: CRIMES INFORMÁTICOS,ES,MANTENOPOLIS,SANTA LUZIA DE MANTENOPOLIS,CORREGO DO CAPIM,AMBIENTE WEB
1263,58408845,2025-06-20T00:00:00,17:10:00,CRIMES DIVERSOS,CRIMES DIVERSOS: CRIMES INFORMÁTICOS,ES,VILA VELHA,ZONA NAO IDENTIFICADA I,S/I,OUTRO LOCAL
1264,58419655,2025-06-20T00:00:00,13:00:00,CRIMES DIVERSOS,CRIMES DIVERSOS: CRIMES INFORMÁTICOS,ES,AFONSO CLAUDIO,ZONA RURAL,RIO TAQUARA,AMBIENTE WEB
1265,58399655,2025-06-21T00:00:00,17:30:00,CRIMES DIVERSOS,CRIMES DIVERSOS: CRIMES INFORMÁTICOS,ES,COLATINA,COLATINA VELHA,AV NACOES,AMBIENTE WEB
1266,58400300,2025-06-21T00:00:00,12:20:00,CRIMES DIVERSOS,CRIMES DIVERSOS: CRIMES INFORMÁTICOS,ES,CONCEICAO DA BARRA,NOVA BETHANIA,CASA,OUTRO LOCAL
1267,58403414,2025-06-21T00:00:00,19:00:00,CRIMES DIVERSOS,CRIMES DIVERSOS: CRIMES INFORMÁTICOS,ES,CARIACICA,CAMPO VERDE,RUA INACIO GOBBI,AMBIENTE WEB
1268,58427940,2025-06-21T00:00:00,14:00:00,CRIMES DIVERSOS,CRIMES DIVERSOS: CRIMES INFORMÁTICOS,ES,CONCEICAO DA BARRA,ZONA RURAL,COMUNIDADE DO LINHARINHO,COMÉRCIO
1269,58956509,2025-06-21T00:00:00,00:00:00,CRIMES DIVERSOS,CRIMES DIVERSOS: CRIMES INFORMÁTICOS,ES,SERRA,ELDORADO,RUA RIO RIBEIRA,AMBIENTE WEB
1270,58400418,2025-06-22T00:00:00,14:00:00,CRIMES DIVERSOS,CRIMES DIVERSOS: CRIMES INFORMÁTICOS,ES,ARACRUZ,OUTRO LOCAL,S/I,AMBIENTE WEB
1271,58402434,2025-06-23T00:00:00,09:00:00,CRIMES DIVERSOS,CRIMES DIVERSOS: CRIMES INFORMÁTICOS,ES,CASTELO,BELA VISTA,RUA ORQUIDEA,RESIDÊNCIA
1272,58402812,2025-06-23T00:00:00,Indeterminada,CRIMES DIVERSOS,CRIMES DIVERSOS: CRIMES INFORMÁTICOS,ES,COLATINA,CARLOS GERMANO NAUMANN,ROD GETHER LOPES DE FARIAS,RESIDÊNCIA
1273,58405251,2025-06-23T00:00:00,13:40:00,CRIMES DIVERSOS,CRIMES DIVERSOS: CRIMES INFORMÁTICOS,ES,MANTENOPOLIS,CENTRO,RUA JUVENIL ALVES DE OLIVEIRA,AMBIENTE WEB
1274,58410007,2025-06-23T00:00:00,16:00:00,CRIMES DIVERSOS,CRIMES DIVERSOS: CRIMES INFORMÁTICOS,ES,SERRA,RESIDENCIAL CENTRO DA SERRA,RUA CASTANHEIRO,AMBIENTE WEB
1275,58410479,2025-06-23T00:00:00,17:38:00,CRIMES DIVERSOS,CRIMES DIVERSOS: CRIMES INFORMÁTICOS,ES,VITORIA,JARDIM CAMBURI,RUA ALIPIO DA COSTA E SILVA,OUTRO LOCAL
1276,58410488,2025-06-23T00:00:00,19:00:00,CRIMES DIVERSOS,CRIMES DIVERSOS: CRIMES INFORMÁTICOS,ES,VITORIA,JARDIM CAMBURI,A RANULPHO BARBOSA DOS SANTOS,AMBIENTE WEB
1277,58411265,2025-06-24T00:00:00,09:50:00,CRIMES DIVERSOS,CRIMES DIVERSOS: CRIMES INFORMÁTICOS,ES,VITORIA,JARDIM CAMBURI,RUA DESEMBARGADOR ANTONIO TAPIAS,AMBIENTE WEB
1278,58413586,2025-06-24T00:00:00,10:40:00,CRIMES DIVERSOS,CRIMES DIVERSOS: CRIMES INFORMÁTICOS,ES,VITORIA,JARDIM CAMBURI,RUA ALCINO PEREIRA NETO,COMÉRCIO
1279,58419018,2025-06-24T00:00:00,14:10:00,CRIMES DIVERSOS,CRIMES DIVERSOS: CRIMES INFORMÁTICOS,ES,VITORIA,JARDIM CAMBURI,AV. ENGENHEIRO CHARLES BITRAN,AMBIENTE WEB
1280,58420892,2025-06-24T00:00:00,14:40:00,CRIMES DIVERSOS,CRIMES DIVERSOS: CRIMES INFORMÁTICOS,ES,SANTA MARIA DE JETIBA,SAO LUIS,CASA ROXA,OUTRO LOCAL
1281,58484925,2025-06-24T00:00:00,08:00:00,CRIMES DIVERSOS,CRIMES DIVERSOS: CRIMES INFORMÁTICOS,ES,ANCHIETA,BAIXO PONGAL,S/I,OUTRO LOCAL
1282,59357110,2025-06-24T00:00:00,10:00:00,CRIMES DIVERSOS,CRIMES DIVERSOS: CRIMES INFORMÁTICOS,ES,SERRA,CARAPINA GRANDE,ROD GOVERNADOR MARIO COVAS 26588,AGÊNCIA BANCÁRIA
1283,58431528,2025-06-25T00:00:00,Indeterminada,CRIMES DIVERSOS,CRIMES DIVERSOS: CRIMES INFORMÁTICOS,ES,VILA VELHA,ILHA DAS FLORES,RUA NICOLINO SOARES,AMBIENTE WEB
1284,58431844,2025-06-25T00:00:00,Indeterminada,CRIMES DIVERSOS,CRIMES DIVERSOS: CRIMES INFORMÁTICOS,ES,VITORIA,ROMAO,BECO JOSE CONSTANTINO FILHO,AMBIENTE WEB
1285,58468480,2025-06-25T00:00:00,Indeterminada,CRIMES DIVERSOS,CRIMES DIVERSOS: CRIMES INFORMÁTICOS,ES,VILA VELHA,PRAIA DE ITAPARICA,AV ANTONIO DE ALMEIDA FILHO,AMBIENTE WEB
1286,58476725,2025-06-25T00:00:00,12:45:00,CRIMES DIVERSOS,CRIMES DIVERSOS: CRIMES INFORMÁTICOS,ES,PINHEIROS,OUTRO LOCAL,S/I,OUTRO LOCAL
1287,58435547,2025-06-26T00:00:00,20:00:00,CRIMES DIVERSOS,CRIMES DIVERSOS: CRIMES INFORMÁTICOS,ES,COLATINA,VILA AMELIA,BRUTOS BURG,AMBIENTE WEB
1288,58436624,2025-06-26T00:00:00,15:15:00,CRIMES DIVERSOS,CRIMES DIVERSOS: CRIMES INFORMÁTICOS,ES,ANCHIETA,CENTRO,S/I,OUTRO LOCAL
1289,58437705,2025-06-26T00:00:00,05:27:00,CRIMES DIVERSOS,CRIMES DIVERSOS: CRIMES INFORMÁTICOS,ES,CARIACICA,CAMPO GRANDE,S/I,AMBIENTE WEB
1290,59302007,2025-06-26T00:00:00,12:17:00,CRIMES DIVERSOS,CRIMES DIVERSOS: CRIMES INFORMÁTICOS,ES,SERRA,COLINA DE LARANJEIRAS,BECO NORTE SUL,AMBIENTE WEB
1291,58443214,2025-06-27T00:00:00,Indeterminada,CRIMES DIVERSOS,CRIMES DIVERSOS: CRIMES INFORMÁTICOS,ES,CARIACICA,BELA AURORA,RUA VITORIA,RESIDÊNCIA
1292,58451402,2025-06-27T00:00:00,14:00:00,CRIMES DIVERSOS,CRIMES DIVERSOS: CRIMES INFORMÁTICOS,ES,ARACRUZ,ITAPUTERA,RUA ROMEU LIMA,AMBIENTE WEB
1293,58456100,2025-06-27T00:00:00,15:55:00,CRIMES DIVERSOS,CRIMES DIVERSOS: CRIMES INFORMÁTICOS,ES,COLATINA,CENTRO,RUA GERALDO PEREIRA,RESIDÊNCIA
1294,58465396,2025-06-27T00:00:00,17:00:00,CRIMES DIVERSOS,CRIMES DIVERSOS: CRIMES INFORMÁTICOS,ES,VITORIA,JARDIM CAMBURI,S/I,COMÉRCIO
1295,58468736,2025-06-27T00:00:00,14:00:00,CRIMES DIVERSOS,CRIMES DIVERSOS: CRIMES INFORMÁTICOS,ES,CONCEICAO DA BARRA,CENTRO,CEL. VINDILINO DE MATOS LIMA,ESCOLA
1296,58475884,2025-06-27T00:00:00,18:28:00,CRIMES DIVERSOS,CRIMES DIVERSOS: CRIMES INFORMÁTICOS,ES,CASTELO,CENTRO,CORONEL FRANCISCO ATAIDE,AGÊNCIA BANCÁRIA
1297,58554893,2025-06-27T00:00:00,15:00:00,CRIMES DIVERSOS,CRIMES DIVERSOS: CRIMES INFORMÁTICOS,ES,PINHEIROS,OUTRO LOCAL,S/I,OUTRO LOCAL
1298,58776069,2025-06-27T00:00:00,Indeterminada,CRIMES DIVERSOS,CRIMES DIVERSOS: CRIMES INFORMÁTICOS,ES,VILA VELHA,ITAPOA,RUA ITAQUARI,AMBIENTE WEB
1299,58456090,2025-06-28T00:00:00,11:55:00,CRIMES DIVERSOS,CRIMES DIVERSOS: CRIMES INFORMÁTICOS,ES,COLATINA,SAO MARCOS,RUA BAIXO GUANDU,AMBIENTE WEB
1300,58464964,2025-06-28T00:00:00,06:00:00,CRIMES DIVERSOS,CRIMES DIVERSOS: CRIMES INFORMÁTICOS,ES,VITORIA,JARDIM CAMBURI,RUA CARLOS CARIELLO,OUTRO LOCAL
1301,58466028,2025-06-28T00:00:00,14:00:00,CRIMES DIVERSOS,CRIMES DIVERSOS: CRIMES INFORMÁTICOS,ES,VILA VELHA,ALECRIM,S/I,AMBIENTE WEB
1302,58479796,2025-06-28T00:00:00,12:00:00,CRIMES DIVERSOS,CRIMES DIVERSOS: CRIMES INFORMÁTICOS,ES,ANCHIETA,OUTRO LOCAL,S/I,RESIDÊNCIA
1303,58467296,2025-06-30T00:00:00,09:30:00,CRIMES DIVERSOS,CRIMES DIVERSOS: CRIMES INFORMÁTICOS,ES,VILA VELHA,PRAIA DE ITAPARICA,RUA ITACIBA,AMBIENTE WEB
1304,58475423,2025-06-30T00:00:00,00:43:00,CRIMES DIVERSOS,CRIMES DIVERSOS: CRIMES INFORMÁTICOS,ES,CARIACICA,MORADA DE SANTA FE,RUA ELBA,AMBIENTE WEB
1305,58476333,2025-06-30T00:00:00,14:00:00,CRIMES DIVERSOS,CRIMES DIVERSOS: CRIMES INFORMÁTICOS,ES,VITORIA,JARDIM CAMBURI,RUA CARLOS LINDEMBERG,OUTRO LOCAL
1306,58478600,2025-06-30T00:00:00,00:00:00,CRIMES DIVERSOS,CRIMES DIVERSOS: CRIMES INFORMÁTICOS,ES,SAO MATEUS,OUTRO LOCAL,S/I,AMBIENTE WEB
1307,58480616,2025-06-30T00:00:00,21:05:00,CRIMES DIVERSOS,CRIMES DIVERSOS: CRIMES INFORMÁTICOS,ES,COLATINA,SAO VICENTE,RUA  EVERALDO RODRIGUES,AMBIENTE WEB
1308,58483512,2025-06-30T00:00:00,Indeterminada,CRIMES DIVERSOS,CRIMES DIVERSOS: CRIMES INFORMÁTICOS,ES,VITORIA,MARIO CYPRESTE,RUA DOS IMIGRANTES,AMBIENTE WEB
1309,58506193,2025-06-30T00:00:00,09:51:00,CRIMES DIVERSOS,CRIMES DIVERSOS: CRIMES INFORMÁTICOS,ES,COLATINA,FAZENDA VITALI,AVENIDA MARIA VITALI VAGO,AMBIENTE WEB
1310,58529349,2025-06-30T00:00:00,00:00:00,CRIMES DIVERSOS,CRIMES DIVERSOS: CRIMES INFORMÁTICOS,ES,SAO MATEUS,OUTRO LOCAL,S/I,AMBIENTE WEB
1311,58549526,2025-06-30T00:00:00,16:00:00,CRIMES DIVERSOS,CRIMES DIVERSOS: CRIMES INFORMÁTICOS,ES,COLATINA,COLUMBIA,AVENIDA TAILANDIA,RESIDÊNCIA
1312,58482446,2025-01-07T00:00:00,09:30:00,CRIMES DIVERSOS,CRIMES DIVERSOS: CRIMES INFORMÁTICOS,ES,COLATINA,COLUMBIA,S/I,AMBIENTE WEB
1313,58483354,2025-01-07T00:00:00,09:00:00,CRIMES DIVERSOS,CRIMES DIVERSOS: CRIMES INFORMÁTICOS,ES,CARIACICA,NOVA ROSA DA PENHA,S/I,AMBIENTE WEB
1314,58486427,2025-01-07T00:00:00,Indeterminada,CRIMES DIVERSOS,CRIMES DIVERSOS: CRIMES INFORMÁTICOS,ES,SANTA MARIA DE JETIBA,CENTRO,RUA FLORIANO BERGER,AMBIENTE WEB
1315,58486523,2025-01-07T00:00:00,00:00:00,CRIMES DIVERSOS,CRIMES DIVERSOS: CRIMES INFORMÁTICOS,ES,SAO MATEUS,OUTRO LOCAL,S/I,AMBIENTE WEB
1316,58561204,2025-01-07T00:00:00,Indeterminada,CRIMES DIVERSOS,CRIMES DIVERSOS: CRIMES INFORMÁTICOS,ES,ICONHA,BOM DESTINO,PEDRA DÁGUA,AMBIENTE WEB
1317,58594528,2025-01-07T00:00:00,00:00:00,CRIMES DIVERSOS,CRIMES DIVERSOS: CRIMES INFORMÁTICOS,ES,NOVA VENECIA,CENTRO,RUA FAUSTO CARDOSO TOSCANO,AMBIENTE WEB
1318,58696306,2025-01-07T00:00:00,Indeterminada,CRIMES DIVERSOS,CRIMES DIVERSOS: CRIMES INFORMÁTICOS,ES,SERRA,PORTO CANOA,RUA PROJETADA DOIS,AMBIENTE WEB
1319,59357087,2025-01-07T00:00:00,21:30:00,CRIMES DIVERSOS,CRIMES DIVERSOS: CRIMES INFORMÁTICOS,ES,SERRA,CONJUNTO CARAPINA I,CASA,AMBIENTE WEB
1320,58484545,2025-02-07T00:00:00,07:00:00,CRIMES DIVERSOS,CRIMES DIVERSOS: CRIMES INFORMÁTICOS,ES,VITORIA,BENTO FERREIRA,RUA CORONEL SCHWAB FILHO,AMBIENTE WEB
1321,58488887,2025-02-07T00:00:00,16:02:00,CRIMES DIVERSOS,CRIMES DIVERSOS: CRIMES INFORMÁTICOS,ES,VITORIA,JARDIM CAMBURI,AV DR HEWAN MODENESE WANDERLEY,AMBIENTE WEB
1322,58496299,2025-02-07T00:00:00,19:00:00,CRIMES DIVERSOS,CRIMES DIVERSOS: CRIMES INFORMÁTICOS,ES,CONCEICAO DO CASTELO,CENTRO,S/I,OUTRO LOCAL
1323,58497085,2025-02-07T00:00:00,13:00:00,CRIMES DIVERSOS,CRIMES DIVERSOS: CRIMES INFORMÁTICOS,ES,ARACRUZ,BELA VISTA,S/I,OUTRO LOCAL
1324,58688929,2025-02-07T00:00:00,Indeterminada,CRIMES DIVERSOS,CRIMES DIVERSOS: CRIMES INFORMÁTICOS,ES,ARACRUZ,GUANABARA,RUA BRILHANTE,RESIDÊNCIA
1325,58693608,2025-02-07T00:00:00,23:45:00,CRIMES DIVERSOS,CRIMES DIVERSOS: CRIMES INFORMÁTICOS,ES,MANTENOPOLIS,CENTRO,RUA ATAIDE ALVES,AMBIENTE WEB
1326,59106637,2025-02-07T00:00:00,16:00:00,CRIMES DIVERSOS,CRIMES DIVERSOS: CRIMES INFORMÁTICOS,ES,SERRA,MARIA NIOBE,AV. GUARAPARI,COMÉRCIO
1327,58496530,2025-03-07T00:00:00,13:00:00,CRIMES DIVERSOS,CRIMES DIVERSOS: CRIMES INFORMÁTICOS,ES,ARACRUZ,BELA VISTA,S/I,OUTRO LOCAL
1328,58497764,2025-03-07T00:00:00,12:00:00,CRIMES DIVERSOS,CRIMES DIVERSOS: CRIMES INFORMÁTICOS,ES,COLATINA,CENTRO,RUA SANTA MARIA,OUTRO LOCAL
1329,58499380,2025-03-07T00:00:00,19:04:00,CRIMES DIVERSOS,CRIMES DIVERSOS: CRIMES INFORMÁTICOS,ES,VILA VELHA,INDUSTRIAL,RUA SOL NASCENTE,OUTRO LOCAL
1330,58499936,2025-03-07T00:00:00,16:00:00,CRIMES DIVERSOS,CRIMES DIVERSOS: CRIMES INFORMÁTICOS,ES,SAO ROQUE DO CANAA,TANCREDO,SITIO BRUNOW,RESIDÊNCIA
1331,58500499,2025-03-07T00:00:00,14:50:00,CRIMES DIVERSOS,CRIMES DIVERSOS: CRIMES INFORMÁTICOS,ES,VITORIA,JARDIM CAMBURI,RUA MILTON RAMALHO SIMÕES,AMBIENTE WEB
1332,58503436,2025-03-07T00:00:00,17:00:00,CRIMES DIVERSOS,CRIMES DIVERSOS: CRIMES INFORMÁTICOS,ES,CARIACICA,SAO GERALDO,RUA HUGO VIOLA,RESIDÊNCIA
1333,58506294,2025-03-07T00:00:00,09:00:00,CRIMES DIVERSOS,CRIMES DIVERSOS: CRIMES INFORMÁTICOS,ES,COLATINA,CENTRO,S/I,AMBIENTE WEB
1334,58893443,2025-03-07T00:00:00,14:20:00,CRIMES DIVERSOS,CRIMES DIVERSOS: CRIMES INFORMÁTICOS,ES,SERRA,ZONA RURAL,MURIBECA,RESIDÊNCIA
1335,59098009,2025-03-07T00:00:00,Indeterminada,CRIMES DIVERSOS,CRIMES DIVERSOS: CRIMES INFORMÁTICOS,ES,VITORIA,TABUAZEIRO,RUA SAO CAMILO,AMBIENTE WEB
1336,58502829,2025-04-07T00:00:00,13:00:00,CRIMES DIVERSOS,CRIMES DIVERSOS: CRIMES INFORMÁTICOS,ES,COLATINA,VILA LENIRA,RUA LUIZ SIGNORELLI,AMBIENTE WEB
1337,58503988,2025-04-07T00:00:00,15:55:00,CRIMES DIVERSOS,CRIMES DIVERSOS: CRIMES INFORMÁTICOS,ES,AFONSO CLAUDIO,CENTRO,RUA JOSE JORGE HADDAD,REPARTICAO PUBLICA
1338,58504399,2025-04-07T00:00:00,14:00:00,CRIMES DIVERSOS,CRIMES DIVERSOS: CRIMES INFORMÁTICOS,ES,VILA VELHA,SOTECO,AV MIN SALGADO FILHO,AMBIENTE WEB
1339,58525284,2025-04-07T00:00:00,14:00:00,CRIMES DIVERSOS,CRIMES DIVERSOS: CRIMES INFORMÁTICOS,ES,SANTA MARIA DE JETIBA,CENTRO,APARTAMENTI,AMBIENTE WEB
1340,58528324,2025-04-07T00:00:00,12:48:00,CRIMES DIVERSOS,CRIMES DIVERSOS: CRIMES INFORMÁTICOS,ES,SERRA,JARDIM TROPICAL,S/I,AMBIENTE WEB
1341,58536955,2025-04-07T00:00:00,18:00:00,CRIMES DIVERSOS,CRIMES DIVERSOS: CRIMES INFORMÁTICOS,ES,CACHOEIRO DE ITAPEMIRIM,BURARAMA,ZONA RURAL BURARAMA,AMBIENTE WEB
1342,58537272,2025-04-07T00:00:00,11:15:00,CRIMES DIVERSOS,CRIMES DIVERSOS: CRIMES INFORMÁTICOS,ES,PINHEIROS,JUNDIA,S/I,OUTRO LOCAL
1343,58623494,2025-04-07T00:00:00,16:00:00,CRIMES DIVERSOS,CRIMES DIVERSOS: CRIMES INFORMÁTICOS,ES,COLATINA,ESPLANADA,S/I,AMBIENTE WEB
1344,59027650,2025-04-07T00:00:00,16:00:00,CRIMES DIVERSOS,CRIMES DIVERSOS: CRIMES INFORMÁTICOS,ES,CONCEICAO DA BARRA,NOSSA SENHORA APARECIDA,RUA VIOLETA,AMBIENTE WEB
1345,58528481,2025-05-07T00:00:00,Indeterminada,CRIMES DIVERSOS,CRIMES DIVERSOS: CRIMES INFORMÁTICOS,ES,COLATINA,CENTRO,AGÊNCIA BANCO ITAÚ CENTRO,AGÊNCIA BANCÁRIA
1346,58553000,2025-05-07T00:00:00,Indeterminada,CRIMES DIVERSOS,CRIMES DIVERSOS: CRIMES INFORMÁTICOS,ES,VITORIA,JARDIM DA PENHA,RUA OSCAR RODRIGUES DE OLIVEIRA,AMBIENTE WEB
1347,58564647,2025-05-07T00:00:00,20:20:00,CRIMES DIVERSOS,CRIMES DIVERSOS: CRIMES INFORMÁTICOS,ES,ANCHIETA,PRAIA DOS CASTELHANOS,RUA NOSSA SENHORA DA PENHA,OUTRO LOCAL
1348,58525793,2025-06-07T00:00:00,20:30:00,CRIMES DIVERSOS,CRIMES DIVERSOS: CRIMES INFORMÁTICOS,ES,VILA VELHA,ALECRIM,RUA JANUARIO,OUTRO LOCAL
1349,58528416,2025-07-07T00:00:00,08:30:00,CRIMES DIVERSOS,CRIMES DIVERSOS: CRIMES INFORMÁTICOS,ES,COLATINA,AYRTON SENNA,S/I,OUTRO LOCAL
1350,58531361,2025-07-07T00:00:00,14:16:00,CRIMES DIVERSOS,CRIMES DIVERSOS: CRIMES INFORMÁTICOS,ES,CACHOEIRO DE ITAPEMIRIM,AEROPORTO,RUA JOSE BARBOSA DE SA,AMBIENTE WEB
1351,58532392,2025-07-07T00:00:00,11:02:00,CRIMES DIVERSOS,CRIMES DIVERSOS: CRIMES INFORMÁTICOS,ES,COLATINA,VILA REAL,R. LUÍS MARANHÃO,ESCOLA
1352,58532447,2025-07-07T00:00:00,15:00:00,CRIMES DIVERSOS,CRIMES DIVERSOS: CRIMES INFORMÁTICOS,ES,COLATINA,NOSSA SENHORA APARECIDA,S/I,AMBIENTE WEB
1353,58551545,2025-07-07T00:00:00,21:00:00,CRIMES DIVERSOS,CRIMES DIVERSOS: CRIMES INFORMÁTICOS,ES,SERRA,NOVA CARAPINA II,RUA POÇOS DE CALDAS,AMBIENTE WEB
1354,58552425,2025-07-07T00:00:00,15:30:00,CRIMES DIVERSOS,CRIMES DIVERSOS: CRIMES INFORMÁTICOS,ES,ANCHIETA,PORTO DE CIMA,S/I,OUTRO LOCAL
1355,58585742,2025-07-07T00:00:00,16:40:00,CRIMES DIVERSOS,CRIMES DIVERSOS: CRIMES INFORMÁTICOS,ES,VITORIA,JARDIM CAMBURI,RUA IZAAC RUBIM,COMÉRCIO
1356,58537025,2025-08-07T00:00:00,00:00:00,CRIMES DIVERSOS,CRIMES DIVERSOS: CRIMES INFORMÁTICOS,ES,SAO MATEUS,OUTRO LOCAL,S/I,AMBIENTE WEB
1357,58542914,2025-08-07T00:00:00,03:48:00,CRIMES DIVERSOS,CRIMES DIVERSOS: CRIMES INFORMÁTICOS,ES,VILA VELHA,PAUL,RUA FERNANDO DE SA,OUTRO LOCAL
1358,58552202,2025-08-07T00:00:00,14:00:00,CRIMES DIVERSOS,CRIMES DIVERSOS: CRIMES INFORMÁTICOS,ES,SERRA,BAIRRO DE FATIMA,AV. JOÃO PALÁCIO,OUTRO LOCAL
1359,58556650,2025-08-07T00:00:00,12:30:00,CRIMES DIVERSOS,CRIMES DIVERSOS: CRIMES INFORMÁTICOS,ES,SERRA,CIDADE CONTINENTAL,RUA JUNTOS NYERERE,AMBIENTE WEB
1360,58560141,2025-08-07T00:00:00,16:00:00,CRIMES DIVERSOS,CRIMES DIVERSOS: CRIMES INFORMÁTICOS,ES,VITORIA,JARDIM CAMBURI,RUA CARLOS ROMERO MARANGONI,AMBIENTE WEB
1361,58594052,2025-08-07T00:00:00,07:40:00,CRIMES DIVERSOS,CRIMES DIVERSOS: CRIMES INFORMÁTICOS,ES,MANTENOPOLIS,CENTRO,S/I,AMBIENTE WEB
1362,58542939,2025-09-07T00:00:00,09:00:00,CRIMES DIVERSOS,CRIMES DIVERSOS: CRIMES INFORMÁTICOS,ES,AGUIA BRANCA,OUTRO LOCAL,CÓRREGO SÃO JOÃO,AMBIENTE WEB
1363,58549541,2025-09-07T00:00:00,12:00:00,CRIMES DIVERSOS,CRIMES DIVERSOS: CRIMES INFORMÁTICOS,ES,COLATINA,CENTRO,P C ALTEMAR DUTRA,COMÉRCIO
1364,58551488,2025-09-07T00:00:00,13:25:00,CRIMES DIVERSOS,CRIMES DIVERSOS: CRIMES INFORMÁTICOS,ES,SERRA,CIDADE CONTINENTAL,S/I,OUTRO LOCAL
1365,58556937,2025-09-07T00:00:00,17:50:00,CRIMES DIVERSOS,CRIMES DIVERSOS: CRIMES INFORMÁTICOS,ES,COLATINA,PERPETUO SOCORRO,BECO SAO LUIZ,RESIDÊNCIA
1366,58560322,2025-10-07T00:00:00,09:40:00,CRIMES DIVERSOS,CRIMES DIVERSOS: CRIMES INFORMÁTICOS,ES,VITORIA,JARDIM CAMBURI,S/I,AMBIENTE WEB
1367,58564569,2025-10-07T00:00:00,13:35:00,CRIMES DIVERSOS,CRIMES DIVERSOS: CRIMES INFORMÁTICOS,ES,ANCHIETA,SAMARCO,RODOVIA DO SOL,OUTRO LOCAL
1368,58662404,2025-10-07T00:00:00,09:57:00,CRIMES DIVERSOS,CRIMES DIVERSOS: CRIMES INFORMÁTICOS,ES,COLATINA,JARDIM PLANALTO,RUA VIOLETA,AMBIENTE WEB
1369,59019522,2025-10-07T00:00:00,04:00:00,CRIMES DIVERSOS,CRIMES DIVERSOS: CRIMES INFORMÁTICOS,ES,SERRA,PARQUE RESIDENCIAL TUBARAO,S/I,AMBIENTE WEB
1370,58562669,2025-11-07T00:00:00,13:30:00,CRIMES DIVERSOS,CRIMES DIVERSOS: CRIMES INFORMÁTICOS,ES,BARRA DE SAO FRANCISCO,BAIRRO IRMAOS FERNANDES,AV PREFEITO MANOEL VILA,COMÉRCIO
1371,58562892,2025-11-07T00:00:00,11:00:00,CRIMES DIVERSOS,CRIMES DIVERSOS: CRIMES INFORMÁTICOS,ES,BARRA DE SAO FRANCISCO,BAIRRO IRMAOS FERNANDES,AV PREF MANOEL VILA,COMÉRCIO
1372,58583759,2025-11-07T00:00:00,10:40:00,CRIMES DIVERSOS,CRIMES DIVERSOS: CRIMES INFORMÁTICOS,ES,ALFREDO CHAVES,URANIA,S/I,OUTRO LOCAL
1373,58585980,2025-11-07T00:00:00,13:00:00,CRIMES DIVERSOS,CRIMES DIVERSOS: CRIMES INFORMÁTICOS,ES,MANTENOPOLIS,SAO GERALDO,CORREGO DAS PALMEIRAS,AMBIENTE WEB
1374,58586316,2025-11-07T00:00:00,00:00:00,CRIMES DIVERSOS,CRIMES DIVERSOS: CRIMES INFORMÁTICOS,ES,VITORIA,GRANDE VITORIA,S/I,OUTRO LOCAL
1375,58592458,2025-11-07T00:00:00,19:00:00,CRIMES DIVERSOS,CRIMES DIVERSOS: CRIMES INFORMÁTICOS,ES,COLATINA,COLUMBIA,S/I,OUTRO LOCAL
1376,58711119,2025-11-07T00:00:00,18:00:00,CRIMES DIVERSOS,CRIMES DIVERSOS: CRIMES INFORMÁTICOS,ES,VITORIA,JARDIM CAMBURI,GOV EURICO REZENDE,OUTRO LOCAL
1377,58571120,2025-12-07T00:00:00,10:20:00,CRIMES DIVERSOS,CRIMES DIVERSOS: CRIMES INFORMÁTICOS,ES,NOVA VENECIA,AEROPORTO,RUA B,AMBIENTE WEB
1378,58573874,2025-12-07T00:00:00,17:20:00,CRIMES DIVERSOS,CRIMES DIVERSOS: CRIMES INFORMÁTICOS,ES,VITORIA,BENTO FERREIRA,RUA AMELIA DA CUNHA ORNELAS,AMBIENTE WEB
1379,58585729,2025-12-07T00:00:00,11:19:00,CRIMES DIVERSOS,CRIMES DIVERSOS: CRIMES INFORMÁTICOS,ES,VITORIA,JARDIM CAMBURI,S/I,OUTRO LOCAL
1380,58771919,2025-12-07T00:00:00,14:00:00,CRIMES DIVERSOS,CRIMES DIVERSOS: CRIMES INFORMÁTICOS,ES,VITORIA,JARDIM CAMBURI,RUA MANOEL BARROS DA COSTA,AMBIENTE WEB
1381,58578691,2025-07-13T00:00:00,12:00:00,CRIMES DIVERSOS,CRIMES DIVERSOS: CRIMES INFORMÁTICOS,ES,CACHOEIRO DE ITAPEMIRIM,VILA RICA,RUA ANTONIO JULIO LIBOA,AMBIENTE WEB
1382,58595813,2025-07-13T00:00:00,06:10:00,CRIMES DIVERSOS,CRIMES DIVERSOS: CRIMES INFORMÁTICOS,ES,PINHEIROS,CENTRO,AVENIDA DOM JOSE DALVIT,VIA PÚBLICA
1383,58606125,2025-07-13T00:00:00,06:00:00,CRIMES DIVERSOS,CRIMES DIVERSOS: CRIMES INFORMÁTICOS,ES,VITORIA,JARDIM DA PENHA,RUA DR MOACYR GONÇALVES,OUTRO LOCAL
1384,58737344,2025-07-13T00:00:00,10:59:00,CRIMES DIVERSOS,CRIMES DIVERSOS: CRIMES INFORMÁTICOS,ES,ANCHIETA,IRIRI,RUA PROJETADA,AMBIENTE WEB
1385,58588957,2025-07-14T00:00:00,Indeterminada,CRIMES DIVERSOS,CRIMES DIVERSOS: CRIMES INFORMÁTICOS,ES,SERRA,FEU ROSA,RUA IREMA,AMBIENTE WEB
1386,58589039,2025-07-14T00:00:00,10:00:00,CRIMES DIVERSOS,CRIMES DIVERSOS: CRIMES INFORMÁTICOS,ES,VILA VELHA,BARRAMARES,RUA MARECHAL CAMPOS,AMBIENTE WEB
1387,58596327,2025-07-14T00:00:00,14:00:00,CRIMES DIVERSOS,CRIMES DIVERSOS: CRIMES INFORMÁTICOS,ES,ANCHIETA,ALTO PONGAL,RUA ADRIANO LORENCINI,COMÉRCIO
1388,58596346,2025-07-14T00:00:00,15:40:00,CRIMES DIVERSOS,CRIMES DIVERSOS: CRIMES INFORMÁTICOS,ES,ANCHIETA,ITAPEUNA,S/I,AMBIENTE WEB
1389,58597444,2025-07-14T00:00:00,19:31:00,CRIMES DIVERSOS,CRIMES DIVERSOS: CRIMES INFORMÁTICOS,ES,SERRA,CARAPINA I,S/I,RESIDÊNCIA
1390,58603445,2025-07-14T00:00:00,10:26:00,CRIMES DIVERSOS,CRIMES DIVERSOS: CRIMES INFORMÁTICOS,ES,VITORIA,JARDIM CAMBURI,R. ALCINO PEREIRA NETO,OUTRO LOCAL
1391,58621031,2025-07-14T00:00:00,09:57:00,CRIMES DIVERSOS,CRIMES DIVERSOS: CRIMES INFORMÁTICOS,ES,VITORIA,JARDIM CAMBURI,RUA VICTORINO CARDOSO,OUTRO LOCAL
1392,58621635,2025-07-14T00:00:00,08:00:00,CRIMES DIVERSOS,CRIMES DIVERSOS: CRIMES INFORMÁTICOS,ES,FUNDAO,CENTRO,RUA MAJOR BLEY,AMBIENTE WEB
1393,58853998,2025-07-14T00:00:00,18:00:00,CRIMES DIVERSOS,CRIMES DIVERSOS: CRIMES INFORMÁTICOS,ES,ECOPORANGA,CENTRO,S/I,AMBIENTE WEB
1394,58595532,2025-07-15T00:00:00,Indeterminada,CRIMES DIVERSOS,CRIMES DIVERSOS: CRIMES INFORMÁTICOS,ES,PINHEIROS,CENTRO,S/I,AGÊNCIA BANCÁRIA
1395,58603314,2025-07-15T00:00:00,Indeterminada,CRIMES DIVERSOS,CRIMES DIVERSOS: CRIMES INFORMÁTICOS,ES,VITORIA,OUTRO LOCAL,S/I,OUTRO LOCAL
1396,58605510,2025-07-15T00:00:00,16:00:00,CRIMES DIVERSOS,CRIMES DIVERSOS: CRIMES INFORMÁTICOS,ES,CASTELO,NITEROI,RUA DOUTOR ADALTON SANTOS,AMBIENTE WEB
1397,59053576,2025-07-15T00:00:00,20:43:00,CRIMES DIVERSOS,CRIMES DIVERSOS: CRIMES INFORMÁTICOS,ES,VITORIA,JARDIM CAMBURI,S/I,OUTRO LOCAL
1398,58608115,2025-07-16T00:00:00,16:00:00,CRIMES DIVERSOS,CRIMES DIVERSOS: CRIMES INFORMÁTICOS,ES,COLATINA,OUTRO LOCAL,WHATSAPP,AMBIENTE WEB
1399,58609991,2025-07-16T00:00:00,10:00:00,CRIMES DIVERSOS,CRIMES DIVERSOS: CRIMES INFORMÁTICOS,ES,GUARAPARI,IGUAPE,RODOVIA GOVERNADOR MÁRIO COVAS,OUTRO LOCAL
1400,58612678,2025-07-16T00:00:00,06:00:00,CRIMES DIVERSOS,CRIMES DIVERSOS: CRIMES INFORMÁTICOS,ES,VITORIA,PRAIA DO CANTO,RUA NOSSA SENHORA DA PENHA,AMBIENTE WEB
1401,58616548,2025-07-17T00:00:00,10:00:00,CRIMES DIVERSOS,CRIMES DIVERSOS: CRIMES INFORMÁTICOS,ES,VITORIA,JARDIM CAMBURI,S/I,AMBIENTE WEB
1402,58622178,2025-07-17T00:00:00,17:30:00,CRIMES DIVERSOS,CRIMES DIVERSOS: CRIMES INFORMÁTICOS,ES,SERRA,SERRA DOURADA III,RUA TIE,RESIDÊNCIA
1403,58623647,2025-07-17T00:00:00,15:30:00,CRIMES DIVERSOS,CRIMES DIVERSOS: CRIMES INFORMÁTICOS,ES,VITORIA,JABOUR,RUA OLYMPIO RODRIGUES PASSOS,RESIDÊNCIA
1404,58676912,2025-07-17T00:00:00,Indeterminada,CRIMES DIVERSOS,CRIMES DIVERSOS: CRIMES INFORMÁTICOS,ES,CARIACICA,ALZIRA RAMOS,RUA PAU BRASIL,RESIDÊNCIA
1405,59327490,2025-07-17T00:00:00,09:00:00,CRIMES DIVERSOS,CRIMES DIVERSOS: CRIMES INFORMÁTICOS,ES,SERRA,VISTA DA SERRA II,S/I,OUTRO LOCAL
1406,59393854,2025-07-17T00:00:00,14:00:00,CRIMES DIVERSOS,CRIMES DIVERSOS: CRIMES INFORMÁTICOS,ES,CARIACICA,CAMPO GRANDE,RUA DOIS IRMAOS,AMBIENTE WEB
1407,58628164,2025-07-18T00:00:00,Indeterminada,CRIMES DIVERSOS,CRIMES DIVERSOS: CRIMES INFORMÁTICOS,ES,CACHOEIRO DE ITAPEMIRIM,INDEPENDENCIA,RUA AGRIPINO DE OLIVEIRA,AMBIENTE WEB
1408,58643189,2025-07-18T00:00:00,19:00:00,CRIMES DIVERSOS,CRIMES DIVERSOS: CRIMES INFORMÁTICOS,ES,ANCHIETA,CENTRO,S/I,AMBIENTE WEB
1409,58648340,2025-07-18T00:00:00,13:37:00,CRIMES DIVERSOS,CRIMES DIVERSOS: CRIMES INFORMÁTICOS,ES,VITORIA,JARDIM CAMBURI,RUA GELU VERVLOET DOS SANTOS,OUTRO LOCAL
1410,58651011,2025-07-18T00:00:00,16:00:00,CRIMES DIVERSOS,CRIMES DIVERSOS: CRIMES INFORMÁTICOS,ES,ARACRUZ,RIACHO,VIA PÚBLICA,COMÉRCIO
1411,58653005,2025-07-18T00:00:00,16:00:00,CRIMES DIVERSOS,CRIMES DIVERSOS: CRIMES INFORMÁTICOS,ES,SERRA,VILA NOVA DE COLARES,RUA FLORIANO PEIXOTO,OUTRO LOCAL
1412,58653235,2025-07-18T00:00:00,12:00:00,CRIMES DIVERSOS,CRIMES DIVERSOS: CRIMES INFORMÁTICOS,ES,SERRA,PARQUE RESIDENCIAL LARANJEIRAS,S/I,AMBIENTE WEB
1413,58647970,2025-07-19T00:00:00,12:30:00,CRIMES DIVERSOS,CRIMES DIVERSOS: CRIMES INFORMÁTICOS,ES,VILA VELHA,OUTRO LOCAL,AVENIDA ANTONIO DE ALMEIDA FILHO,RESIDÊNCIA
1414,58648856,2025-07-19T00:00:00,20:31:00,CRIMES DIVERSOS,CRIMES DIVERSOS: CRIMES INFORMÁTICOS,ES,VITORIA,PARQUE MOSCOSO,AVENIDA MARCOS DE AZEVEDO,AMBIENTE WEB
1415,58647671,2025-07-20T00:00:00,14:04:00,CRIMES DIVERSOS,CRIMES DIVERSOS: CRIMES INFORMÁTICOS,ES,CACHOEIRO DE ITAPEMIRIM,OUTRO LOCAL,S/I,AMBIENTE WEB
1416,58650645,2025-07-20T00:00:00,13:17:00,CRIMES DIVERSOS,CRIMES DIVERSOS: CRIMES INFORMÁTICOS,ES,CASTELO,SANTA BARBARA,RUA DOUTOR ADALTON SANTOS,AMBIENTE WEB
1417,58654612,2025-07-20T00:00:00,00:21:00,CRIMES DIVERSOS,CRIMES DIVERSOS: CRIMES INFORMÁTICOS,ES,GUARAPARI,CENTRO,AV DAVINO MATTOS,VIA PÚBLICA
1418,58688638,2025-07-20T00:00:00,17:00:00,CRIMES DIVERSOS,CRIMES DIVERSOS: CRIMES INFORMÁTICOS,ES,SERRA,FEU ROSA,S/I,OUTRO LOCAL
1419,58651571,2025-07-21T00:00:00,00:00:00,CRIMES DIVERSOS,CRIMES DIVERSOS: CRIMES INFORMÁTICOS,ES,PINHEIROS,AGUA LIMPA,SITIO VENTURA,AMBIENTE WEB
1420,58652287,2025-07-21T00:00:00,Indeterminada,CRIMES DIVERSOS,CRIMES DIVERSOS: CRIMES INFORMÁTICOS,ES,CARIACICA,JARDIM AMERICA,RUA MEXICO,AMBIENTE WEB
1421,58772506,2025-07-21T00:00:00,08:00:00,CRIMES DIVERSOS,CRIMES DIVERSOS: CRIMES INFORMÁTICOS,ES,VARGEM ALTA,PROSPERIDADE,RUA PRINCIPAL,ESCRITORIO
1422,58661519,2025-07-22T00:00:00,12:00:00,CRIMES DIVERSOS,CRIMES DIVERSOS: CRIMES INFORMÁTICOS,ES,CACHOEIRO DE ITAPEMIRIM,CONDURU,RUA RENATO LOUZADA,OUTRO LOCAL
1423,58662609,2025-07-22T00:00:00,Indeterminada,CRIMES DIVERSOS,CRIMES DIVERSOS: CRIMES INFORMÁTICOS,ES,ITAGUACU,ITAIMBE,CORREGO CHAVES,AMBIENTE WEB
1424,58667018,2025-07-22T00:00:00,18:20:00,CRIMES DIVERSOS,CRIMES DIVERSOS: CRIMES INFORMÁTICOS,ES,CASTELO,SANTO ANDREZINHO,RUA ANTONIO JUBINI,AMBIENTE WEB
1425,58672948,2025-07-22T00:00:00,12:00:00,CRIMES DIVERSOS,CRIMES DIVERSOS: CRIMES INFORMÁTICOS,ES,VILA VELHA,VALE ENCANTADO,BOAPABA,RESIDÊNCIA
1426,58711031,2025-07-22T00:00:00,12:00:00,CRIMES DIVERSOS,CRIMES DIVERSOS: CRIMES INFORMÁTICOS,ES,CASTELO,NOSSA SENHORA APARECIDA,RUA BERNARDINO MONTEIRO,AMBIENTE WEB
1427,58730251,2025-07-22T00:00:00,11:13:00,CRIMES DIVERSOS,CRIMES DIVERSOS: CRIMES INFORMÁTICOS,ES,SERRA,NOVO HORIZONTE,S/I,AMBIENTE WEB
1428,58854009,2025-07-22T00:00:00,09:00:00,CRIMES DIVERSOS,CRIMES DIVERSOS: CRIMES INFORMÁTICOS,ES,ECOPORANGA,VILA NOVA,RUA JOAO BATISTA SANTANA,OUTRO LOCAL
1429,58669604,2025-07-23T00:00:00,10:45:00,CRIMES DIVERSOS,CRIMES DIVERSOS: CRIMES INFORMÁTICOS,ES,CASTELO,CENTRO,AV NOSSA SENHORA DA PENHA,OUTRO LOCAL
1430,58673181,2025-07-23T00:00:00,18:44:00,CRIMES DIVERSOS,CRIMES DIVERSOS: CRIMES INFORMÁTICOS,ES,COLATINA,PADRE JOSE DE ANCHIETA,RUA HERMAN BELO,RESIDÊNCIA
1431,58675664,2025-07-23T00:00:00,18:30:00,CRIMES DIVERSOS,CRIMES DIVERSOS: CRIMES INFORMÁTICOS,ES,COLATINA,ZONA RURAL,CORREGO DANTAS,AMBIENTE WEB
1432,58677091,2025-07-23T00:00:00,18:35:00,CRIMES DIVERSOS,CRIMES DIVERSOS: CRIMES INFORMÁTICOS,ES,VITORIA,JARDIM CAMBURI,RUA ALCINO PEREIRA NETO,OUTRO LOCAL
1433,58679431,2025-07-23T00:00:00,12:03:00,CRIMES DIVERSOS,CRIMES DIVERSOS: CRIMES INFORMÁTICOS,ES,COLATINA,ZONA RURAL,SÃO JOÃO GRANDE,AMBIENTE WEB
1434,58679629,2025-07-23T00:00:00,21:46:00,CRIMES DIVERSOS,CRIMES DIVERSOS: CRIMES INFORMÁTICOS,ES,SERRA,MORADA DE LARANJEIRAS,RUA DAS GRAÚNAS,AMBIENTE WEB
1435,58680136,2025-07-23T00:00:00,00:00:00,CRIMES DIVERSOS,CRIMES DIVERSOS: CRIMES INFORMÁTICOS,ES,VITORIA,BARRO VERMELHO,RUA DESEMBARGADOR JOAO MANOEL DE CARVALHO,AMBIENTE WEB
1436,58680866,2025-07-23T00:00:00,Indeterminada,CRIMES DIVERSOS,CRIMES DIVERSOS: CRIMES INFORMÁTICOS,ES,SERRA,CENTRAL CARAPINA,AV BRASIL,AMBIENTE WEB
1437,58715007,2025-07-23T00:00:00,03:30:00,CRIMES DIVERSOS,CRIMES DIVERSOS: CRIMES INFORMÁTICOS,ES,PINHEIROS,DOMICIANO,RUA ATÍLIO VIVACQUA,AMBIENTE WEB
1438,58892952,2025-07-23T00:00:00,15:27:00,CRIMES DIVERSOS,CRIMES DIVERSOS: CRIMES INFORMÁTICOS,ES,SERRA,NOVA CARAPINA I,S/I,REPARTICAO PUBLICA
1439,58681265,2025-07-24T00:00:00,17:00:00,CRIMES DIVERSOS,CRIMES DIVERSOS: CRIMES INFORMÁTICOS,ES,COLATINA,MARIO GIURIZATO,RODOVIA JOÃO CONEGO GUILHERME - ES 248,COMÉRCIO
1440,58684392,2025-07-24T00:00:00,15:10:00,CRIMES DIVERSOS,CRIMES DIVERSOS: CRIMES INFORMÁTICOS,ES,SERRA,JARDIM GUANABARA,RUA AMAPARANA,OUTRO LOCAL
1441,58684416,2025-07-24T00:00:00,14:00:00,CRIMES DIVERSOS,CRIMES DIVERSOS: CRIMES INFORMÁTICOS,ES,SERRA,NOVO PORTO CANOA,ANTONIO FRANCISCO LISBOA,OUTRO LOCAL
1442,58684455,2025-07-24T00:00:00,09:30:00,CRIMES DIVERSOS,CRIMES DIVERSOS: CRIMES INFORMÁTICOS,ES,SERRA,PLANALTO SERRANO,RUA BOA VISTA I,RESIDÊNCIA
1443,58684462,2025-07-24T00:00:00,19:39:00,CRIMES DIVERSOS,CRIMES DIVERSOS: CRIMES INFORMÁTICOS,ES,SERRA,PLANICIE DA SERRA,RUA AMAZONAS,AMBIENTE WEB
1444,58685704,2025-07-24T00:00:00,10:30:00,CRIMES DIVERSOS,CRIMES DIVERSOS: CRIMES INFORMÁTICOS,ES,VILA VELHA,SANTA RITA,CASA,AMBIENTE WEB
1445,58686384,2025-07-24T00:00:00,12:00:00,CRIMES DIVERSOS,CRIMES DIVERSOS: CRIMES INFORMÁTICOS,ES,ARACRUZ,GUARANA,RUA SAMUEL DEL CARO,AMBIENTE WEB
1446,58687246,2025-07-24T00:00:00,00:00:00,CRIMES DIVERSOS,CRIMES DIVERSOS: CRIMES INFORMÁTICOS,ES,SAO MATEUS,OUTRO LOCAL,S/I,AMBIENTE WEB
1447,58700029,2025-07-24T00:00:00,12:41:00,CRIMES DIVERSOS,CRIMES DIVERSOS: CRIMES INFORMÁTICOS,ES,COLATINA,COLUMBIA,S/I,AMBIENTE WEB
1448,58729205,2025-07-24T00:00:00,12:00:00,CRIMES DIVERSOS,CRIMES DIVERSOS: CRIMES INFORMÁTICOS,ES,PONTO BELO,CHAPISCO,S/I,OUTRO LOCAL
1449,58684541,2025-07-25T00:00:00,Indeterminada,CRIMES DIVERSOS,CRIMES DIVERSOS: CRIMES INFORMÁTICOS,ES,PINHEIROS,OUTRO LOCAL,S/I,AMBIENTE WEB
1450,58685114,2025-07-25T00:00:00,07:42:00,CRIMES DIVERSOS,CRIMES DIVERSOS: CRIMES INFORMÁTICOS,ES,COLATINA,LUIZ IGLESIAS,ESTRADA CAFE FILHO,AMBIENTE WEB
1451,58687727,2025-07-25T00:00:00,13:00:00,CRIMES DIVERSOS,CRIMES DIVERSOS: CRIMES INFORMÁTICOS,ES,VILA VELHA,GLORIA,RUA TIRADENTES,AMBIENTE WEB
1452,58688823,2025-07-25T00:00:00,08:46:00,CRIMES DIVERSOS,CRIMES DIVERSOS: CRIMES INFORMÁTICOS,ES,SERRA,NOVO HORIZONTE,S/I,OUTRO LOCAL
1453,58688974,2025-07-25T00:00:00,11:00:00,CRIMES DIVERSOS,CRIMES DIVERSOS: CRIMES INFORMÁTICOS,ES,SERRA,MATA DA SERRA,VALE DA BENÇÃO,AMBIENTE WEB
1454,58696218,2025-07-25T00:00:00,18:00:00,CRIMES DIVERSOS,CRIMES DIVERSOS: CRIMES INFORMÁTICOS,ES,COLATINA,MARIA DAS GRACAS,AV FLORENÇA,AMBIENTE WEB
1455,58699944,2025-07-25T00:00:00,19:00:00,CRIMES DIVERSOS,CRIMES DIVERSOS: CRIMES INFORMÁTICOS,ES,COLATINA,MARIA DAS GRACAS,S/I,OUTRO LOCAL
1456,58706428,2025-07-25T00:00:00,19:05:00,CRIMES DIVERSOS,CRIMES DIVERSOS: CRIMES INFORMÁTICOS,ES,COLATINA,ANTONIO DAMIANI,VINHÁTICO,OUTRO LOCAL
1457,58714474,2025-07-25T00:00:00,Indeterminada,CRIMES DIVERSOS,CRIMES DIVERSOS: CRIMES INFORMÁTICOS,ES,RIO NOVO DO SUL,CENTRO,RUA MAJOR CAETANO,AMBIENTE WEB
1458,58854018,2025-07-25T00:00:00,16:00:00,CRIMES DIVERSOS,CRIMES DIVERSOS: CRIMES INFORMÁTICOS,ES,ECOPORANGA,CENTRO,RUA NOVE DE ABRIL,AMBIENTE WEB
1459,58714652,2025-07-26T00:00:00,16:30:00,CRIMES DIVERSOS,CRIMES DIVERSOS: CRIMES INFORMÁTICOS,ES,ANCHIETA,OUTRO LOCAL,RUA ESPADARTE,OUTRO LOCAL
1460,58750237,2025-07-26T00:00:00,00:00:00,CRIMES DIVERSOS,CRIMES DIVERSOS: CRIMES INFORMÁTICOS,ES,SERRA,HELIO FERRAZ,RUA RIO GUARANI,AMBIENTE WEB
1461,58920964,2025-07-26T00:00:00,Indeterminada,CRIMES DIVERSOS,CRIMES DIVERSOS: CRIMES INFORMÁTICOS,ES,VITORIA,PARQUE MOSCOSO,RUA 23 DE MAIO,AMBIENTE WEB
1462,58718317,2025-07-28T00:00:00,12:00:00,CRIMES DIVERSOS,CRIMES DIVERSOS: CRIMES INFORMÁTICOS,ES,COLATINA,CENTRO,S/I,OUTRO LOCAL
1463,58745925,2025-07-28T00:00:00,Indeterminada,CRIMES DIVERSOS,CRIMES DIVERSOS: CRIMES INFORMÁTICOS,ES,VITORIA,JARDIM CAMBURI,RUA ITALINA PEREIRA MOTTA,AMBIENTE WEB
1464,58746926,2025-07-28T00:00:00,09:59:00,CRIMES DIVERSOS,CRIMES DIVERSOS: CRIMES INFORMÁTICOS,ES,CASTELO,CENTRO,S/I,OUTRO LOCAL
1465,58753807,2025-07-28T00:00:00,17:23:00,CRIMES DIVERSOS,CRIMES DIVERSOS: CRIMES INFORMÁTICOS,ES,COLATINA,MORADA DO SOL,RUA ALTAMIRO GONCALVES,OUTRO LOCAL
1466,58721234,2025-07-29T00:00:00,10:00:00,CRIMES DIVERSOS,CRIMES DIVERSOS: CRIMES INFORMÁTICOS,ES,SERRA,CARAPINA GRANDE,RUA JOAO AVANZA,AMBIENTE WEB
1467,58723610,2025-07-29T00:00:00,14:00:00,CRIMES DIVERSOS,CRIMES DIVERSOS: CRIMES INFORMÁTICOS,ES,CASTELO,SANTA BARBARA,AV NOSSA SENHORA DA PENHA,AMBIENTE WEB
1468,58729266,2025-07-29T00:00:00,23:15:00,CRIMES DIVERSOS,CRIMES DIVERSOS: CRIMES INFORMÁTICOS,ES,COLATINA,SANTOS DUMONT,RUA BRASI,AMBIENTE WEB
1469,58730199,2025-07-29T00:00:00,14:40:00,CRIMES DIVERSOS,CRIMES DIVERSOS: CRIMES INFORMÁTICOS,ES,SERRA,BARCELONA,RUA VALENÇA,AMBIENTE WEB
1470,58730354,2025-07-29T00:00:00,Indeterminada,CRIMES DIVERSOS,CRIMES DIVERSOS: CRIMES INFORMÁTICOS,ES,COLATINA,COLATINA VELHA,RUA SEBASTIAO DEMETRIO SILVA,AMBIENTE WEB
1471,58732045,2025-07-29T00:00:00,00:00:00,CRIMES DIVERSOS,CRIMES DIVERSOS: CRIMES INFORMÁTICOS,ES,SERRA,JARDIM BELA VISTA,RUA DEZESSEIS,AMBIENTE WEB
1472,58853463,2025-07-29T00:00:00,18:02:00,CRIMES DIVERSOS,CRIMES DIVERSOS: CRIMES INFORMÁTICOS,ES,ARACRUZ,JEQUITIBA,RUA AMERICO ANTONIO CRIVILIN,OUTRO LOCAL
1473,59077971,2025-07-29T00:00:00,13:19:00,CRIMES DIVERSOS,CRIMES DIVERSOS: CRIMES INFORMÁTICOS,ES,ANCHIETA,JABAQUARA,RUA SALIM FERRES,OUTRO LOCAL
1474,58729891,2025-07-30T00:00:00,09:00:00,CRIMES DIVERSOS,CRIMES DIVERSOS: CRIMES INFORMÁTICOS,ES,VILA VELHA,JARDIM GUARANHUNS,RUA FERNANDO CARDOSO DE MORAES,AMBIENTE WEB
1475,58734970,2025-07-30T00:00:00,15:20:00,CRIMES DIVERSOS,CRIMES DIVERSOS: CRIMES INFORMÁTICOS,ES,SERRA,RESIDENCIAL VISTA DO MESTRE,AV. CORSANTO,OUTRO LOCAL
1476,58736567,2025-07-30T00:00:00,17:30:00,CRIMES DIVERSOS,CRIMES DIVERSOS: CRIMES INFORMÁTICOS,ES,COLATINA,BELA VISTA,S/I,AMBIENTE WEB
1477,58737745,2025-07-30T00:00:00,00:00:00,CRIMES DIVERSOS,CRIMES DIVERSOS: CRIMES INFORMÁTICOS,ES,SAO MATEUS,OUTRO LOCAL,S/I,AMBIENTE WEB
1478,58738522,2025-07-30T00:00:00,09:45:00,CRIMES DIVERSOS,CRIMES DIVERSOS: CRIMES INFORMÁTICOS,ES,VITORIA,JARDIM CAMBURI,RUA ITALINA PEREIRA MOTTA,RESIDÊNCIA
1479,58738860,2025-07-30T00:00:00,09:00:00,CRIMES DIVERSOS,CRIMES DIVERSOS: CRIMES INFORMÁTICOS,ES,VITORIA,JARDIM CAMBURI,DANTE MICHELINI,ESCRITORIO
1480,58739232,2025-07-30T00:00:00,11:20:00,CRIMES DIVERSOS,CRIMES DIVERSOS: CRIMES INFORMÁTICOS,ES,CASTELO,ESTRELA DO NORTE,RODOVIA ES 491,AMBIENTE WEB
1481,58740545,2025-07-30T00:00:00,00:00:00,CRIMES DIVERSOS,CRIMES DIVERSOS: CRIMES INFORMÁTICOS,ES,SAO MATEUS,OUTRO LOCAL,S/I,AMBIENTE WEB
1482,58781738,2025-07-30T00:00:00,17:40:00,CRIMES DIVERSOS,CRIMES DIVERSOS: CRIMES INFORMÁTICOS,ES,SERRA,CARAPINA GRANDE,RUA DOS SABIAS,RESIDÊNCIA
1483,58854132,2025-07-30T00:00:00,09:00:00,CRIMES DIVERSOS,CRIMES DIVERSOS: CRIMES INFORMÁTICOS,ES,ECOPORANGA,OUTRO LOCAL,RUA SELENA DA SILVA VITAL,AMBIENTE WEB
1484,58745436,2025-07-31T00:00:00,18:07:00,CRIMES DIVERSOS,CRIMES DIVERSOS: CRIMES INFORMÁTICOS,ES,COLATINA,CENTRO,RUA GERALDO PEREIRA,OUTRO LOCAL
1485,58745473,2025-07-31T00:00:00,13:00:00,CRIMES DIVERSOS,CRIMES DIVERSOS: CRIMES INFORMÁTICOS,ES,COLATINA,MARIA DAS GRACAS,TV JOSE CAMPOS DALL ORTO,OUTRO LOCAL
1486,58751329,2025-07-31T00:00:00,18:00:00,CRIMES DIVERSOS,CRIMES DIVERSOS: CRIMES INFORMÁTICOS,ES,ANCHIETA,JARDIM ANCHIETA,RUA DAS ACACIAS,RESIDÊNCIA
1487,58783598,2025-07-31T00:00:00,04:00:00,CRIMES DIVERSOS,CRIMES DIVERSOS: CRIMES INFORMÁTICOS,ES,VILA VELHA,ULISSES GUIMARAES,AV PEDRO I,AMBIENTE WEB
1488,58748565,2025-01-08T00:00:00,Indeterminada,CRIMES DIVERSOS,CRIMES DIVERSOS: CRIMES INFORMÁTICOS,ES,VILA VELHA,VISTA DA PENHA,RUA MERCURIO,AMBIENTE WEB
1489,58751353,2025-01-08T00:00:00,18:30:00,CRIMES DIVERSOS,CRIMES DIVERSOS: CRIMES INFORMÁTICOS,ES,ANCHIETA,IRIRI,S/I,AMBIENTE WEB
1490,58771907,2025-01-08T00:00:00,12:00:00,CRIMES DIVERSOS,CRIMES DIVERSOS: CRIMES INFORMÁTICOS,ES,VITORIA,SAO PEDRO,S/I,VIA PÚBLICA
1491,58850680,2025-01-08T00:00:00,15:51:00,CRIMES DIVERSOS,CRIMES DIVERSOS: CRIMES INFORMÁTICOS,ES,SERRA,HELIO FERRAZ,RUA RIO TROBETAS,AGÊNCIA BANCÁRIA
1492,58947174,2025-01-08T00:00:00,Indeterminada,CRIMES DIVERSOS,CRIMES DIVERSOS: CRIMES INFORMÁTICOS,ES,SERRA,CARAPINA GRANDE,RUA DA FELICIDADE,AMBIENTE WEB
1493,58966371,2025-01-08T00:00:00,08:31:00,CRIMES DIVERSOS,CRIMES DIVERSOS: CRIMES INFORMÁTICOS,ES,SERRA,PLANALTO SERRANO,S/I,RESIDÊNCIA
1494,59054094,2025-01-08T00:00:00,23:00:00,CRIMES DIVERSOS,CRIMES DIVERSOS: CRIMES INFORMÁTICOS,ES,VITORIA,JARDIM CAMBURI,ADEMAR LUIZ NEPOMOCENO,AMBIENTE WEB
1495,59271320,2025-01-08T00:00:00,Indeterminada,CRIMES DIVERSOS,CRIMES DIVERSOS: CRIMES INFORMÁTICOS,ES,VITORIA,BARRO VERMELHO,RUA DR JOAO CARLOS DE SOUZA,AMBIENTE WEB
1496,58776781,2025-02-08T00:00:00,13:29:00,CRIMES DIVERSOS,CRIMES DIVERSOS: CRIMES INFORMÁTICOS,ES,CACHOEIRO DE ITAPEMIRIM,CORAMARA,DR. EDIMAR SOARES DA SILVA,OUTRO LOCAL
1497,58781670,2025-02-08T00:00:00,11:50:00,CRIMES DIVERSOS,CRIMES DIVERSOS: CRIMES INFORMÁTICOS,ES,SERRA,CARAPINA GRANDE,AV ALPHEU RIBEIRO,AMBIENTE WEB
1498,58784095,2025-02-08T00:00:00,Indeterminada,CRIMES DIVERSOS,CRIMES DIVERSOS: CRIMES INFORMÁTICOS,ES,COLATINA,SAO MARCOS,RUA CASTELO,RESIDÊNCIA
1499,58781279,2025-03-08T00:00:00,14:08:00,CRIMES DIVERSOS,CRIMES DIVERSOS: CRIMES INFORMÁTICOS,ES,SERRA,LARANJEIRAS VELHA,RUA AUGUSTO RUSCHI,AMBIENTE WEB
1500,58774838,2025-04-08T00:00:00,06:40:00,CRIMES DIVERSOS,CRIMES DIVERSOS: CRIMES INFORMÁTICOS,ES,VIANA,PEROBAS,ROD GOVERNADOR MARIO COVAS,ESCRITORIO
1501,58775826,2025-04-08T00:00:00,10:30:00,CRIMES DIVERSOS,CRIMES DIVERSOS: CRIMES INFORMÁTICOS,ES,VILA VELHA,OUTRO LOCAL,S/I,AMBIENTE WEB
1502,58776296,2025-04-08T00:00:00,08:00:00,CRIMES DIVERSOS,CRIMES DIVERSOS: CRIMES INFORMÁTICOS,ES,COLATINA,VILA NOVA,RUA BARTOVINO COSTA,AMBIENTE WEB
1503,58778859,2025-04-08T00:00:00,14:00:00,CRIMES DIVERSOS,CRIMES DIVERSOS: CRIMES INFORMÁTICOS,ES,COLATINA,COLUMBIA,RUA ARAPONGA,RESIDÊNCIA
1504,58781639,2025-04-08T00:00:00,10:27:00,CRIMES DIVERSOS,CRIMES DIVERSOS: CRIMES INFORMÁTICOS,ES,SERRA,RESIDENCIAL CENTRO DA SERRA,RUA,AMBIENTE WEB
1505,58807267,2025-04-08T00:00:00,09:15:00,CRIMES DIVERSOS,CRIMES DIVERSOS: CRIMES INFORMÁTICOS,ES,CASTELO,SAO MIGUEL,RUA JOCARLY GARCIA,AMBIENTE WEB
1506,58809490,2025-04-08T00:00:00,15:37:00,CRIMES DIVERSOS,CRIMES DIVERSOS: CRIMES INFORMÁTICOS,ES,SERRA,PARQUE RESIDENCIAL MESTRE ALVARO,S/I,RESIDÊNCIA
1507,58901449,2025-04-08T00:00:00,12:30:00,CRIMES DIVERSOS,CRIMES DIVERSOS: CRIMES INFORMÁTICOS,ES,SERRA,CIDADE CONTINENTAL,S/I,AMBIENTE WEB
1508,58780155,2025-05-08T00:00:00,18:00:00,CRIMES DIVERSOS,CRIMES DIVERSOS: CRIMES INFORMÁTICOS,ES,COLATINA,ADELIA GIUBERTTI,AV RIO DOCE,COMÉRCIO
1509,58784502,2025-05-08T00:00:00,11:18:00,CRIMES DIVERSOS,CRIMES DIVERSOS: CRIMES INFORMÁTICOS,ES,SERRA,JARDIM LIMOEIRO,RUA BASÍLIO DA GAMA,AMBIENTE WEB
1510,58787202,2025-05-08T00:00:00,00:00:00,CRIMES DIVERSOS,CRIMES DIVERSOS: CRIMES INFORMÁTICOS,ES,COLATINA,MORADA DO SOL,RUA BRAUNA,RESIDÊNCIA
1511,58789484,2025-05-08T00:00:00,09:05:00,CRIMES DIVERSOS,CRIMES DIVERSOS: CRIMES INFORMÁTICOS,ES,CARIACICA,MORADA DE SANTA FE,S/I,AMBIENTE WEB
1512,58789531,2025-05-08T00:00:00,14:45:00,CRIMES DIVERSOS,CRIMES DIVERSOS: CRIMES INFORMÁTICOS,ES,SERRA,ELDORADO,S/I,OUTRO LOCAL
1513,58789576,2025-05-08T00:00:00,16:00:00,CRIMES DIVERSOS,CRIMES DIVERSOS: CRIMES INFORMÁTICOS,ES,SERRA,VISTA DA SERRA II,S/I,AMBIENTE WEB
1514,58789582,2025-05-08T00:00:00,10:30:00,CRIMES DIVERSOS,CRIMES DIVERSOS: CRIMES INFORMÁTICOS,ES,SERRA,PORTO CANOA,S/I,OUTRO LOCAL
1515,58789702,2025-05-08T00:00:00,15:10:00,CRIMES DIVERSOS,CRIMES DIVERSOS: CRIMES INFORMÁTICOS,ES,CARIACICA,CRUZEIRO DO SUL,RUA JOÃO BUBACH,AMBIENTE WEB
1516,58800303,2025-05-08T00:00:00,00:00:00,CRIMES DIVERSOS,CRIMES DIVERSOS: CRIMES INFORMÁTICOS,ES,SAO MATEUS,OUTRO LOCAL,S/I,AMBIENTE WEB
1517,58802640,2025-05-08T00:00:00,07:38:00,CRIMES DIVERSOS,CRIMES DIVERSOS: CRIMES INFORMÁTICOS,ES,GOVERNADOR LINDENBERG,BARRA DE NOVO BRASIL,RUA ALVINO PAULO PEREIRA,AMBIENTE WEB
1518,58809529,2025-05-08T00:00:00,15:30:00,CRIMES DIVERSOS,CRIMES DIVERSOS: CRIMES INFORMÁTICOS,ES,SERRA,CARAPINA,ALAMEDA NADORINEHA,AMBIENTE WEB
1519,58841313,2025-05-08T00:00:00,08:24:00,CRIMES DIVERSOS,CRIMES DIVERSOS: CRIMES INFORMÁTICOS,ES,SERRA,BOA VISTA I,S/I,OUTRO LOCAL
1520,58858443,2025-05-08T00:00:00,00:00:00,CRIMES DIVERSOS,CRIMES DIVERSOS: CRIMES INFORMÁTICOS,ES,SAO MATEUS,OUTRO LOCAL,S/I,AMBIENTE WEB
1521,58867676,2025-05-08T00:00:00,00:32:00,CRIMES DIVERSOS,CRIMES DIVERSOS: CRIMES INFORMÁTICOS,ES,SERRA,SERRA DOURADA III,CASA,RESIDÊNCIA
1522,59236967,2025-05-08T00:00:00,Indeterminada,CRIMES DIVERSOS,CRIMES DIVERSOS: CRIMES INFORMÁTICOS,ES,SERRA,JARDIM LIMOEIRO,RUA BASILIO DA GAMA,AMBIENTE WEB
1523,58789887,2025-06-08T00:00:00,09:00:00,CRIMES DIVERSOS,CRIMES DIVERSOS: CRIMES INFORMÁTICOS,ES,CARIACICA,OUTRO LOCAL,S/I,AMBIENTE WEB
1524,58792869,2025-06-08T00:00:00,13:30:00,CRIMES DIVERSOS,CRIMES DIVERSOS: CRIMES INFORMÁTICOS,ES,CARIACICA,NOVA ESPERANCA,AV UNIÃO,OUTRO LOCAL
1525,58793608,2025-06-08T00:00:00,13:00:00,CRIMES DIVERSOS,CRIMES DIVERSOS: CRIMES INFORMÁTICOS,ES,PINHEIROS,SAO JOAO DO SOBRADO,SITIO SÕMBRA DA TARDE,AMBIENTE WEB
1526,58833761,2025-06-08T00:00:00,16:30:00,CRIMES DIVERSOS,CRIMES DIVERSOS: CRIMES INFORMÁTICOS,ES,PINHEIROS,ZONA RURAL,RODOVIA PINHEIROS A BOA ESPERANÇA,COMÉRCIO
1527,58841592,2025-06-08T00:00:00,18:20:00,CRIMES DIVERSOS,CRIMES DIVERSOS: CRIMES INFORMÁTICOS,ES,SERRA,CARAPINA I,AVENIDA JOSE MOREIRA RATO,AMBIENTE WEB
1528,58841617,2025-06-08T00:00:00,11:00:00,CRIMES DIVERSOS,CRIMES DIVERSOS: CRIMES INFORMÁTICOS,ES,SERRA,BOA VISTA I,RODOVIA GOVERNADOR MARIO COVAS,COMÉRCIO
1529,58964255,2025-06-08T00:00:00,20:23:00,CRIMES DIVERSOS,CRIMES DIVERSOS: CRIMES INFORMÁTICOS,ES,SERRA,JARDIM CARAPINA,AV CASTRO ALVES,OUTRO LOCAL
1530,58806990,2025-07-08T00:00:00,13:10:00,CRIMES DIVERSOS,CRIMES DIVERSOS: CRIMES INFORMÁTICOS,ES,SERRA,JARDIM CARAPINA,RUA PEDRO CANARIO,AMBIENTE WEB
1531,58807359,2025-07-08T00:00:00,13:50:00,CRIMES DIVERSOS,CRIMES DIVERSOS: CRIMES INFORMÁTICOS,ES,COLATINA,ITAPINA,ESTRADA DA TORRE - KM 6,AMBIENTE WEB
1532,58834828,2025-07-08T00:00:00,14:00:00,CRIMES DIVERSOS,CRIMES DIVERSOS: CRIMES INFORMÁTICOS,ES,SERRA,PLANALTO SERRANO,RUA RIO DE JANEIRO,RESIDÊNCIA
1533,58849873,2025-07-08T00:00:00,21:56:00,CRIMES DIVERSOS,CRIMES DIVERSOS: CRIMES INFORMÁTICOS,ES,VITORIA,INHANGUETA,RODOVIA SERAFIM DE DERENZI,AMBIENTE WEB
1534,58849885,2025-07-08T00:00:00,21:56:00,CRIMES DIVERSOS,CRIMES DIVERSOS: CRIMES INFORMÁTICOS,ES,VITORIA,INHANGUETA,RODOVIA SERAFIM DERENZI,AMBIENTE WEB
1535,58813638,2025-08-08T00:00:00,04:33:00,CRIMES DIVERSOS,CRIMES DIVERSOS: CRIMES INFORMÁTICOS,ES,COLATINA,CENTRO,RUA EXPEDICIONÁRIO ABILIO DOS SANTOS,AGÊNCIA BANCÁRIA
1536,58832621,2025-08-08T00:00:00,11:30:00,CRIMES DIVERSOS,CRIMES DIVERSOS: CRIMES INFORMÁTICOS,ES,SERRA,NOVO PORTO CANOA,RUA LUIZA GRIMALDI,OUTRO LOCAL
1537,58832871,2025-08-08T00:00:00,14:00:00,CRIMES DIVERSOS,CRIMES DIVERSOS: CRIMES INFORMÁTICOS,ES,VITORIA,JARDIM CAMBURI,RUA JOSÉ CELSO CLÁUDIO,RESIDÊNCIA
1538,58832895,2025-08-08T00:00:00,20:27:00,CRIMES DIVERSOS,CRIMES DIVERSOS: CRIMES INFORMÁTICOS,ES,VITORIA,JARDIM CAMBURI,APARTAMENTO,RESIDÊNCIA
1539,58833532,2025-08-08T00:00:00,14:00:00,CRIMES DIVERSOS,CRIMES DIVERSOS: CRIMES INFORMÁTICOS,ES,MANTENOPOLIS,SAO JOSE DE MANTENOPOLIS,RUA IPÊ ROXO,AMBIENTE WEB
1540,58834613,2025-08-08T00:00:00,11:59:00,CRIMES DIVERSOS,CRIMES DIVERSOS: CRIMES INFORMÁTICOS,ES,SERRA,COLINA DE LARANJEIRAS,RUA KLAUS,AMBIENTE WEB
1541,58834687,2025-08-08T00:00:00,09:00:00,CRIMES DIVERSOS,CRIMES DIVERSOS: CRIMES INFORMÁTICOS,ES,VITORIA,JARDIM CAMBURI,S/I,AMBIENTE WEB
1542,58850051,2025-08-08T00:00:00,14:00:00,CRIMES DIVERSOS,CRIMES DIVERSOS: CRIMES INFORMÁTICOS,ES,SERRA,JARDIM TROPICAL,BAIRRO,OUTRO LOCAL
1543,58832773,2025-09-08T00:00:00,21:00:00,CRIMES DIVERSOS,CRIMES DIVERSOS: CRIMES INFORMÁTICOS,ES,SERRA,PORTO CANOA,RUA DAS GARÇAS,OUTRO LOCAL
1544,58833028,2025-09-08T00:00:00,14:30:00,CRIMES DIVERSOS,CRIMES DIVERSOS: CRIMES INFORMÁTICOS,ES,MANTENOPOLIS,IPIRANGA,RUA ANTONIO DA SILVA,AMBIENTE WEB
1545,58834130,2025-09-08T00:00:00,10:00:00,CRIMES DIVERSOS,CRIMES DIVERSOS: CRIMES INFORMÁTICOS,ES,CASTELO,ARACUI,PANTANAL,AMBIENTE WEB
1546,58834142,2025-09-08T00:00:00,23:30:00,CRIMES DIVERSOS,CRIMES DIVERSOS: CRIMES INFORMÁTICOS,ES,VITORIA,JARDIM CAMBURI,AVENIDA MANOEL NUNES DO AMARAL PEREIRA,AMBIENTE WEB
1547,58835393,2025-09-08T00:00:00,09:16:00,CRIMES DIVERSOS,CRIMES DIVERSOS: CRIMES INFORMÁTICOS,ES,CONCEICAO DA BARRA,ITAUNAS,S/I,OUTRO LOCAL
1548,58852426,2025-09-08T00:00:00,09:54:00,CRIMES DIVERSOS,CRIMES DIVERSOS: CRIMES INFORMÁTICOS,ES,COLATINA,MARIA DAS GRACAS,AVENIDA MONTE CARLO,RESIDÊNCIA
1549,58832887,2025-10-08T00:00:00,05:30:00,CRIMES DIVERSOS,CRIMES DIVERSOS: CRIMES INFORMÁTICOS,ES,SERRA,CIDADE POMAR,RUA GRAVIOLA,CASA DE SHOW/EVENTOS
1550,59081356,2025-10-08T00:00:00,Indeterminada,CRIMES DIVERSOS,CRIMES DIVERSOS: CRIMES INFORMÁTICOS,ES,GUARAPARI,MUQUICABA,RUA ALARICO DOS SANTOS,AMBIENTE WEB
1551,59147077,2025-10-08T00:00:00,Indeterminada,CRIMES DIVERSOS,CRIMES DIVERSOS: CRIMES INFORMÁTICOS,ES,VITORIA,JARDIM CAMBURI,RUA ALICE BUMACHAR NEFFA,AMBIENTE WEB
1552,58835070,2025-11-08T00:00:00,09:30:00,CRIMES DIVERSOS,CRIMES DIVERSOS: CRIMES INFORMÁTICOS,ES,ANCHIETA,IRIRI,RUA LOURIVAL SERRÃO,AMBIENTE WEB
1553,58841336,2025-11-08T00:00:00,10:00:00,CRIMES DIVERSOS,CRIMES DIVERSOS: CRIMES INFORMÁTICOS,ES,VITORIA,JARDIM CAMBURI,RUA ELZIRA VIVACQUA,OUTRO LOCAL
1554,58841582,2025-11-08T00:00:00,17:30:00,CRIMES DIVERSOS,CRIMES DIVERSOS: CRIMES INFORMÁTICOS,ES,BARRA DE SAO FRANCISCO,BAIRRO BAMBE,RUA DOUTORA RITA DE CASSIA A MELGACO,AMBIENTE WEB
1555,58842992,2025-11-08T00:00:00,09:40:00,CRIMES DIVERSOS,CRIMES DIVERSOS: CRIMES INFORMÁTICOS,ES,VITORIA,JARDIM CAMBURI,S/I,AMBIENTE WEB
1556,58850256,2025-11-08T00:00:00,12:05:00,CRIMES DIVERSOS,CRIMES DIVERSOS: CRIMES INFORMÁTICOS,ES,SERRA,DIAMANTINA,FILIPINAS,OUTRO LOCAL
1557,58850321,2025-11-08T00:00:00,13:00:00,CRIMES DIVERSOS,CRIMES DIVERSOS: CRIMES INFORMÁTICOS,ES,SERRA,RESIDENCIAL CENTRO DA SERRA,CONDOMINIO VISTA DO BOSQUE,RESIDÊNCIA
1558,58850386,2025-11-08T00:00:00,14:30:00,CRIMES DIVERSOS,CRIMES DIVERSOS: CRIMES INFORMÁTICOS,ES,SERRA,CARAPINA GRANDE,RUA DAS CRIANÇAS,AMBIENTE WEB
1559,58853237,2025-11-08T00:00:00,21:33:00,CRIMES DIVERSOS,CRIMES DIVERSOS: CRIMES INFORMÁTICOS,ES,LINHARES,BEBEDOURO,AV TUBIAS JOSÉ DE ANDRADE,AMBIENTE WEB
1560,58843593,2025-12-08T00:00:00,09:02:00,CRIMES DIVERSOS,CRIMES DIVERSOS: CRIMES INFORMÁTICOS,ES,SERRA,BARCELONA,RUA FEIRA DE SANTANA,AMBIENTE WEB
1561,58849721,2025-12-08T00:00:00,09:59:00,CRIMES DIVERSOS,CRIMES DIVERSOS: CRIMES INFORMÁTICOS,ES,VITORIA,JARDIM CAMBURI,RUA CARLOS MARTINS,AMBIENTE WEB
1562,58849735,2025-12-08T00:00:00,15:45:00,CRIMES DIVERSOS,CRIMES DIVERSOS: CRIMES INFORMÁTICOS,ES,ECOPORANGA,CENTRO,RU PASTOR OSVALDO ALVES BATISTA,RESIDÊNCIA
1563,58851499,2025-12-08T00:00:00,15:30:00,CRIMES DIVERSOS,CRIMES DIVERSOS: CRIMES INFORMÁTICOS,ES,VILA VELHA,SAO CONRADO,RUA ITA,AMBIENTE WEB
1564,58852099,2025-12-08T00:00:00,20:44:00,CRIMES DIVERSOS,CRIMES DIVERSOS: CRIMES INFORMÁTICOS,ES,VITORIA,JARDIM CAMBURI,RUA JOSE DE ANCHIETA FONTANA,AMBIENTE WEB
1565,58852103,2025-12-08T00:00:00,00:11:00,CRIMES DIVERSOS,CRIMES DIVERSOS: CRIMES INFORMÁTICOS,ES,PINHEIROS,NITEROI,LUIZ ALVES,AMBIENTE WEB
1566,58853507,2025-12-08T00:00:00,17:40:00,CRIMES DIVERSOS,CRIMES DIVERSOS: CRIMES INFORMÁTICOS,ES,ARACRUZ,FATIMA,RUA RIO COMBOIOS,RESIDÊNCIA
1567,58853543,2025-12-08T00:00:00,17:00:00,CRIMES DIVERSOS,CRIMES DIVERSOS: CRIMES INFORMÁTICOS,ES,ARACRUZ,COQUEIRAL,S/I,AMBIENTE WEB
1568,58854239,2025-12-08T00:00:00,12:00:00,CRIMES DIVERSOS,CRIMES DIVERSOS: CRIMES INFORMÁTICOS,ES,SERRA,NOVO HORIZONTE,RUA GATURAMA,OUTRO LOCAL
1569,58892526,2025-12-08T00:00:00,08:30:00,CRIMES DIVERSOS,CRIMES DIVERSOS: CRIMES INFORMÁTICOS,ES,MONTANHA,OUTRO LOCAL,S/I,AMBIENTE WEB
1570,58895863,2025-12-08T00:00:00,13:00:00,CRIMES DIVERSOS,CRIMES DIVERSOS: CRIMES INFORMÁTICOS,ES,SERRA,CIDADE CONTINENTAL,AV HO SHI MIN,ESCOLA
1571,59106641,2025-12-08T00:00:00,Indeterminada,CRIMES DIVERSOS,CRIMES DIVERSOS: CRIMES INFORMÁTICOS,ES,GUARAPARI,RECANTO DA SEREIA,RUA VINHATICO,AMBIENTE WEB
1572,59291129,2025-12-08T00:00:00,22:04:00,CRIMES DIVERSOS,CRIMES DIVERSOS: CRIMES INFORMÁTICOS,ES,SERRA,CIDADE CONTINENTAL,S/I,RESIDÊNCIA
1573,58858258,2025-08-13T00:00:00,14:40:00,CRIMES DIVERSOS,CRIMES DIVERSOS: CRIMES INFORMÁTICOS,ES,SERRA,SANTO ANTONIO,RUA VITORIA,RESIDÊNCIA
1574,58858433,2025-08-13T00:00:00,17:56:00,CRIMES DIVERSOS,CRIMES DIVERSOS: CRIMES INFORMÁTICOS,ES,SERRA,NOVA CARAPINA I,RUA UBERLANDIA,AGÊNCIA BANCÁRIA
1575,58858465,2025-08-13T00:00:00,20:20:00,CRIMES DIVERSOS,CRIMES DIVERSOS: CRIMES INFORMÁTICOS,ES,SERRA,PITANGA,RUA MANOEL BENTO DE JESUS,RESIDÊNCIA
1576,58867815,2025-08-13T00:00:00,19:30:00,CRIMES DIVERSOS,CRIMES DIVERSOS: CRIMES INFORMÁTICOS,ES,VITORIA,JARDIM CAMBURI,AV ARMANDO DUARTE RABELLO,OUTRO LOCAL
1577,58868269,2025-08-13T00:00:00,20:21:00,CRIMES DIVERSOS,CRIMES DIVERSOS: CRIMES INFORMÁTICOS,ES,SERRA,RESIDENCIAL CENTRO DA SERRA,S/I,AMBIENTE WEB
1578,58893371,2025-08-13T00:00:00,14:00:00,CRIMES DIVERSOS,CRIMES DIVERSOS: CRIMES INFORMÁTICOS,ES,SERRA,SAO JUDAS TADEU,RUA ANTONIO PEREIRA MADRUGA,AMBIENTE WEB
1579,58894416,2025-08-13T00:00:00,17:30:00,CRIMES DIVERSOS,CRIMES DIVERSOS: CRIMES INFORMÁTICOS,ES,CARIACICA,BOA SORTE,RUA DUQUE DE CAXIAS,OUTRO LOCAL
1580,59479688,2025-08-13T00:00:00,08:00:00,CRIMES DIVERSOS,CRIMES DIVERSOS: CRIMES INFORMÁTICOS,ES,VITORIA,JARDIM CAMBURI,RUA ALIPIO DA COSTA E SILVA,AMBIENTE WEB
1581,58861826,2025-08-14T00:00:00,Indeterminada,CRIMES DIVERSOS,CRIMES DIVERSOS: CRIMES INFORMÁTICOS,ES,VITORIA,SANTA LUCIA,RUA CONSTANTE SODRÉ,AMBIENTE WEB
1582,58862299,2025-08-14T00:00:00,09:54:00,CRIMES DIVERSOS,CRIMES DIVERSOS: CRIMES INFORMÁTICOS,ES,ANCHIETA,ANCHIETA,RUA TRAJANO VIANA,AMBIENTE WEB
1583,58868214,2025-08-14T00:00:00,14:26:00,CRIMES DIVERSOS,CRIMES DIVERSOS: CRIMES INFORMÁTICOS,ES,SERRA,CARAPINA,RUA DA MATINHA,AMBIENTE WEB
1584,58868259,2025-08-14T00:00:00,13:48:00,CRIMES DIVERSOS,CRIMES DIVERSOS: CRIMES INFORMÁTICOS,ES,SERRA,LARANJEIRAS VELHA,RUA SANTOS DIAS,AMBIENTE WEB
1585,58969290,2025-08-14T00:00:00,16:00:00,CRIMES DIVERSOS,CRIMES DIVERSOS: CRIMES INFORMÁTICOS,ES,COLATINA,MARIA DAS GRACAS,AV BRASIL,OUTRO LOCAL
1586,58869042,2025-08-15T00:00:00,08:00:00,CRIMES DIVERSOS,CRIMES DIVERSOS: CRIMES INFORMÁTICOS,ES,VITORIA,JARDIM CAMBURI,AV AUGUSTO EMILIO ESTELITA LINS,OUTRO LOCAL
1587,58869337,2025-08-15T00:00:00,03:57:00,CRIMES DIVERSOS,CRIMES DIVERSOS: CRIMES INFORMÁTICOS,ES,VITORIA,JARDIM CAMBURI,S/I,AMBIENTE WEB
1588,58877853,2025-08-15T00:00:00,08:00:00,CRIMES DIVERSOS,CRIMES DIVERSOS: CRIMES INFORMÁTICOS,ES,SERRA,PARQUE RESIDENCIAL LARANJEIRAS,RUA MIGUEL ANGELO,AMBIENTE WEB
1589,58882921,2025-08-15T00:00:00,12:40:00,CRIMES DIVERSOS,CRIMES DIVERSOS: CRIMES INFORMÁTICOS,ES,COLATINA,CARLOS GERMANO NAUMANN,RUA OSCAR SCHAIDE,AMBIENTE WEB
1590,58892899,2025-08-15T00:00:00,11:00:00,CRIMES DIVERSOS,CRIMES DIVERSOS: CRIMES INFORMÁTICOS,ES,SERRA,ELDORADO,RUA RIO PARANÁ,AGÊNCIA BANCÁRIA
1591,58893431,2025-08-15T00:00:00,17:35:00,CRIMES DIVERSOS,CRIMES DIVERSOS: CRIMES INFORMÁTICOS,ES,SERRA,PORTO CANOA,S/I,RESIDÊNCIA
1592,58927264,2025-08-15T00:00:00,16:00:00,CRIMES DIVERSOS,CRIMES DIVERSOS: CRIMES INFORMÁTICOS,ES,SERRA,CIDADE CONTINENTAL,RUA DESERTO DO SAARA,RESIDÊNCIA
1593,58969419,2025-08-15T00:00:00,Indeterminada,CRIMES DIVERSOS,CRIMES DIVERSOS: CRIMES INFORMÁTICOS,ES,COLATINA,VILA LENIRA,ESC SAO CARLOS,AMBIENTE WEB
1594,59056486,2025-08-15T00:00:00,12:00:00,CRIMES DIVERSOS,CRIMES DIVERSOS: CRIMES INFORMÁTICOS,ES,SERRA,SAO MARCOS II,S/I,AMBIENTE WEB
1595,58888589,2025-08-16T00:00:00,17:10:00,CRIMES DIVERSOS,CRIMES DIVERSOS: CRIMES INFORMÁTICOS,ES,CACHOEIRO DE ITAPEMIRIM,BOA ESPERANCA,RUA PAULO RIBEIRO DA SILVA,RESIDÊNCIA
1596,58889751,2025-08-16T00:00:00,07:45:00,CRIMES DIVERSOS,CRIMES DIVERSOS: CRIMES INFORMÁTICOS,ES,VARGEM ALTA,ARDSON,ZONA RURAL,AMBIENTE WEB
1597,58892691,2025-08-16T00:00:00,13:00:00,CRIMES DIVERSOS,CRIMES DIVERSOS: CRIMES INFORMÁTICOS,ES,SERRA,NOVA CARAPINA I,RUA TEOFILO OTONI,RESIDÊNCIA
1598,58895893,2025-08-16T00:00:00,08:30:00,CRIMES DIVERSOS,CRIMES DIVERSOS: CRIMES INFORMÁTICOS,ES,SERRA,PORTO CANOA,S/I,AMBIENTE WEB
1599,58901498,2025-08-16T00:00:00,14:23:00,CRIMES DIVERSOS,CRIMES DIVERSOS: CRIMES INFORMÁTICOS,ES,SERRA,PLANALTO SERRANO,S/I,RESIDÊNCIA
1600,58892717,2025-08-17T00:00:00,11:00:00,CRIMES DIVERSOS,CRIMES DIVERSOS: CRIMES INFORMÁTICOS,ES,ARACRUZ,BARRA DO RIACHO,RUA TEODORO AGNER,AMBIENTE WEB
1601,58895577,2025-08-18T00:00:00,10:46:00,CRIMES DIVERSOS,CRIMES DIVERSOS: CRIMES INFORMÁTICOS,ES,COLATINA,SAO SILVANO,AVENIDA SILVIO AVIDOS,ESCRITORIO
1602,58895908,2025-08-18T00:00:00,09:57:00,CRIMES DIVERSOS,CRIMES DIVERSOS: CRIMES INFORMÁTICOS,ES,SAO MATEUS,OUTRO LOCAL,S/I,AMBIENTE WEB
1603,58895931,2025-08-18T00:00:00,10:25:00,CRIMES DIVERSOS,CRIMES DIVERSOS: CRIMES INFORMÁTICOS,ES,SERRA,CENTRO DA SERRA,S/I,VIA PÚBLICA
1604,58909317,2025-08-18T00:00:00,21:40:00,CRIMES DIVERSOS,CRIMES DIVERSOS: CRIMES INFORMÁTICOS,ES,SERRA,PLANICIE DA SERRA,.,AMBIENTE WEB
1605,59088637,2025-08-18T00:00:00,07:30:00,CRIMES DIVERSOS,CRIMES DIVERSOS: CRIMES INFORMÁTICOS,ES,VITORIA,DO QUADRO,RUA SÃO BARTOLOMEU,AMBIENTE WEB
1606,58903884,2025-08-19T00:00:00,10:40:00,CRIMES DIVERSOS,CRIMES DIVERSOS: CRIMES INFORMÁTICOS,ES,ANCHIETA,ALVORADA,S/I,OUTRO LOCAL
1607,58906699,2025-08-19T00:00:00,14:30:00,CRIMES DIVERSOS,CRIMES DIVERSOS: CRIMES INFORMÁTICOS,ES,CACHOEIRO DE ITAPEMIRIM,ITAOCA,RODOVIA DO MARMORE,AMBIENTE WEB
1608,58908963,2025-08-19T00:00:00,12:00:00,CRIMES DIVERSOS,CRIMES DIVERSOS: CRIMES INFORMÁTICOS,ES,MANTENOPOLIS,IRMAOS PAIZANTE,S/I,AMBIENTE WEB
1609,58910070,2025-08-19T00:00:00,17:30:00,CRIMES DIVERSOS,CRIMES DIVERSOS: CRIMES INFORMÁTICOS,ES,VITORIA,JARDIM CAMBURI,RUA PEDRO BUSATTO,AMBIENTE WEB
1610,58913180,2025-08-19T00:00:00,Indeterminada,CRIMES DIVERSOS,CRIMES DIVERSOS: CRIMES INFORMÁTICOS,ES,COLATINA,COLUMBIA,RUA TOCANTINS,AMBIENTE WEB
1611,58918241,2025-08-19T00:00:00,13:00:00,CRIMES DIVERSOS,CRIMES DIVERSOS: CRIMES INFORMÁTICOS,ES,SERRA,LARANJEIRAS VELHA,S/I,AMBIENTE WEB
1612,58938231,2025-08-19T00:00:00,19:00:00,CRIMES DIVERSOS,CRIMES DIVERSOS: CRIMES INFORMÁTICOS,ES,ARACRUZ,BARRA DO RIACHO,S/I,OUTRO LOCAL
1613,58974317,2025-08-19T00:00:00,22:00:00,CRIMES DIVERSOS,CRIMES DIVERSOS: CRIMES INFORMÁTICOS,ES,VITORIA,JARDIM CAMBURI,RUA MILTON MANOEL DOS SANTOS,RESIDÊNCIA
1614,59578130,2025-08-19T00:00:00,17:03:00,CRIMES DIVERSOS,CRIMES DIVERSOS: CRIMES INFORMÁTICOS,ES,SERRA,OUTRO LOCAL,RUA LINHARES,OUTRO LOCAL
1615,58919055,2025-08-20T00:00:00,16:20:00,CRIMES DIVERSOS,CRIMES DIVERSOS: CRIMES INFORMÁTICOS,ES,PINHEIROS,CANARIO,RUA CARLOS CASTRO,AMBIENTE WEB
1616,58919067,2025-08-20T00:00:00,18:30:00,CRIMES DIVERSOS,CRIMES DIVERSOS: CRIMES INFORMÁTICOS,ES,LINHARES,OUTRO LOCAL,RUA DAVID LECCHI,RESIDÊNCIA
1617,58921371,2025-08-20T00:00:00,07:30:00,CRIMES DIVERSOS,CRIMES DIVERSOS: CRIMES INFORMÁTICOS,ES,VILA VELHA,ITAPOA,RUA UMBUZEIRO,AMBIENTE WEB
1618,58924525,2025-08-20T00:00:00,09:45:00,CRIMES DIVERSOS,CRIMES DIVERSOS: CRIMES INFORMÁTICOS,ES,COLATINA,FIORAVANTE MARINO,S/I,AMBIENTE WEB
1619,58977929,2025-08-20T00:00:00,Indeterminada,CRIMES DIVERSOS,CRIMES DIVERSOS: CRIMES INFORMÁTICOS,ES,SAO MATEUS,MORADA DO RIBEIRAO,S/I,AMBIENTE WEB
1620,59035515,2025-08-20T00:00:00,14:36:00,CRIMES DIVERSOS,CRIMES DIVERSOS: CRIMES INFORMÁTICOS,ES,SERRA,CENTRO DA SERRA,PRAÇA  JOÃO MIGUEL,RESIDÊNCIA
1621,58918682,2025-08-21T00:00:00,08:30:00,CRIMES DIVERSOS,CRIMES DIVERSOS: CRIMES INFORMÁTICOS,ES,SERRA,NOVO PORTO CANOA,RIO BUBU,AMBIENTE WEB
1622,58922867,2025-08-21T00:00:00,13:00:00,CRIMES DIVERSOS,CRIMES DIVERSOS: CRIMES INFORMÁTICOS,ES,VITORIA,JARDIM CAMBURI,AV. ENGENHEIRO CHARLES BITRAN,AMBIENTE WEB
1623,58954658,2025-08-21T00:00:00,18:00:00,CRIMES DIVERSOS,CRIMES DIVERSOS: CRIMES INFORMÁTICOS,ES,SERRA,OUTRO LOCAL,S/I,AMBIENTE WEB
1624,59087042,2025-08-21T00:00:00,14:00:00,CRIMES DIVERSOS,CRIMES DIVERSOS: CRIMES INFORMÁTICOS,ES,CACHOEIRO DE ITAPEMIRIM,VILA RICA,S/I,HOSPITAL
1625,58926902,2025-08-22T00:00:00,Indeterminada,CRIMES DIVERSOS,CRIMES DIVERSOS: CRIMES INFORMÁTICOS,ES,AGUIA BRANCA,OUTRO LOCAL,COMUNIDADE SÃO PEDRO,AMBIENTE WEB
1626,58931107,2025-08-22T00:00:00,15:00:00,CRIMES DIVERSOS,CRIMES DIVERSOS: CRIMES INFORMÁTICOS,ES,VITORIA,CENTRO,S/I,AMBIENTE WEB
1627,58954663,2025-08-22T00:00:00,19:50:00,CRIMES DIVERSOS,CRIMES DIVERSOS: CRIMES INFORMÁTICOS,ES,SERRA,SERRA DOURADA II,RUA ROUXINOL,OUTRO LOCAL
1628,58955913,2025-08-22T00:00:00,19:55:00,CRIMES DIVERSOS,CRIMES DIVERSOS: CRIMES INFORMÁTICOS,ES,VITORIA,MATA DA PRAIA,S/I,OUTRO LOCAL
1629,58958535,2025-08-22T00:00:00,20:03:00,CRIMES DIVERSOS,CRIMES DIVERSOS: CRIMES INFORMÁTICOS,ES,SERRA,CARAPINA GRANDE,S/I,RESIDÊNCIA
1630,58982390,2025-08-22T00:00:00,23:12:00,CRIMES DIVERSOS,CRIMES DIVERSOS: CRIMES INFORMÁTICOS,ES,SERRA,ELDORADO,S/I,AMBIENTE WEB
1631,59171175,2025-08-22T00:00:00,08:50:00,CRIMES DIVERSOS,CRIMES DIVERSOS: CRIMES INFORMÁTICOS,ES,SERRA,CENTRO DA SERRA,S/I,OUTRO LOCAL
1632,59466121,2025-08-22T00:00:00,Indeterminada,CRIMES DIVERSOS,CRIMES DIVERSOS: CRIMES INFORMÁTICOS,ES,SAO MATEUS,OUTRO LOCAL,S/I,AMBIENTE WEB
1633,58942502,2025-08-23T00:00:00,09:40:00,CRIMES DIVERSOS,CRIMES DIVERSOS: CRIMES INFORMÁTICOS,ES,ANCHIETA,PRAIA DE GUANABARA,RUA DAS GAIVOTAS,AMBIENTE WEB
1634,58942919,2025-08-23T00:00:00,17:00:00,CRIMES DIVERSOS,CRIMES DIVERSOS: CRIMES INFORMÁTICOS,ES,GUARAPARI,SAMAMBAIA,RUA MONTE DAS OLIVEIRAS CASA 224,RESIDÊNCIA
1635,58956695,2025-08-23T00:00:00,18:52:00,CRIMES DIVERSOS,CRIMES DIVERSOS: CRIMES INFORMÁTICOS,ES,SERRA,BARCELONA,S/I,AMBIENTE WEB
1636,58964265,2025-08-23T00:00:00,14:00:00,CRIMES DIVERSOS,CRIMES DIVERSOS: CRIMES INFORMÁTICOS,ES,SERRA,SERRA DOURADA II,AVENIDA BRASÍLIA,VIA PÚBLICA
1637,59393964,2025-08-23T00:00:00,12:35:00,CRIMES DIVERSOS,CRIMES DIVERSOS: CRIMES INFORMÁTICOS,ES,CASTELO,MONTE ALVERNE,COMUNIDADE MONTE ALVERNE,AMBIENTE WEB
1638,58954766,2025-08-24T00:00:00,16:00:00,CRIMES DIVERSOS,CRIMES DIVERSOS: CRIMES INFORMÁTICOS,ES,SERRA,CIDADE CONTINENTAL,RUA CONGO,RESIDÊNCIA
1639,58956744,2025-08-24T00:00:00,14:35:00,CRIMES DIVERSOS,CRIMES DIVERSOS: CRIMES INFORMÁTICOS,ES,SERRA,CHACARA PARREIRAL,RUA AUGUSTO DOS ANJOS,AMBIENTE WEB
1640,58964246,2025-08-24T00:00:00,07:29:00,CRIMES DIVERSOS,CRIMES DIVERSOS: CRIMES INFORMÁTICOS,ES,SERRA,JOSE DE ANCHIETA,S/I,AMBIENTE WEB
1641,59017785,2025-08-24T00:00:00,17:06:00,CRIMES DIVERSOS,CRIMES DIVERSOS: CRIMES INFORMÁTICOS,ES,ARACRUZ,CENTRO,RUA THEODORICO LEAL,OUTRO LOCAL
1642,58956196,2025-08-25T00:00:00,08:51:00,CRIMES DIVERSOS,CRIMES DIVERSOS: CRIMES INFORMÁTICOS,ES,MANTENOPOLIS,BELA VISTA,RUA PROJETADA,AMBIENTE WEB
1643,58958661,2025-08-25T00:00:00,14:13:00,CRIMES DIVERSOS,CRIMES DIVERSOS: CRIMES INFORMÁTICOS,ES,ANCHIETA,MAIMBA,RUA HELENA DE MEDEIROS,AMBIENTE WEB
1644,58959017,2025-08-25T00:00:00,Indeterminada,CRIMES DIVERSOS,CRIMES DIVERSOS: CRIMES INFORMÁTICOS,ES,VILA VELHA,PRAIA DA COSTA,RUA SÃO PAULO,AMBIENTE WEB
1645,58959871,2025-08-25T00:00:00,17:00:00,CRIMES DIVERSOS,CRIMES DIVERSOS: CRIMES INFORMÁTICOS,ES,PINHEIROS,CENTRO,AVENIDA AGENOR LUIZ HERINGER,AMBIENTE WEB
1646,58963945,2025-08-25T00:00:00,13:30:00,CRIMES DIVERSOS,CRIMES DIVERSOS: CRIMES INFORMÁTICOS,ES,VITORIA,PARQUE INDUSTRIAL,USINA,INDUSTRIA
1647,58964525,2025-08-25T00:00:00,20:00:00,CRIMES DIVERSOS,CRIMES DIVERSOS: CRIMES INFORMÁTICOS,ES,SERRA,NOVA CARAPINA II,RUA CORONEL FABRÍCIANO,RESIDÊNCIA
1648,58965636,2025-08-25T00:00:00,19:24:00,CRIMES DIVERSOS,CRIMES DIVERSOS: CRIMES INFORMÁTICOS,ES,ALFREDO CHAVES,CACHOEIRA ALTA,RUA PRINCIPAL,RESIDÊNCIA
1649,58966002,2025-08-25T00:00:00,18:20:00,CRIMES DIVERSOS,CRIMES DIVERSOS: CRIMES INFORMÁTICOS,ES,ANCHIETA,ALVORADA,CASA,AMBIENTE WEB
1650,58969275,2025-08-25T00:00:00,19:00:00,CRIMES DIVERSOS,CRIMES DIVERSOS: CRIMES INFORMÁTICOS,ES,COLATINA,FAZENDA VITALI,AVENIDA TOM JOBIM,AGÊNCIA BANCÁRIA
1651,58973403,2025-08-25T00:00:00,17:18:00,CRIMES DIVERSOS,CRIMES DIVERSOS: CRIMES INFORMÁTICOS,ES,SERRA,JARDIM TROPICAL,S/I,AMBIENTE WEB
1652,58973792,2025-08-25T00:00:00,00:00:00,CRIMES DIVERSOS,CRIMES DIVERSOS: CRIMES INFORMÁTICOS,ES,AGUIA BRANCA,JOAO PAULO II,RUA NOSSA SENHORA APARECIDA,AMBIENTE WEB
1653,59055616,2025-08-25T00:00:00,12:00:00,CRIMES DIVERSOS,CRIMES DIVERSOS: CRIMES INFORMÁTICOS,ES,CARIACICA,NOVA CAMPO GRANDE,RUA JERUZALÉM,AMBIENTE WEB
1654,58965893,2025-08-26T00:00:00,09:00:00,CRIMES DIVERSOS,CRIMES DIVERSOS: CRIMES INFORMÁTICOS,ES,VITORIA,JARDIM CAMBURI,S/I,AMBIENTE WEB
1655,58966628,2025-08-26T00:00:00,11:26:00,CRIMES DIVERSOS,CRIMES DIVERSOS: CRIMES INFORMÁTICOS,ES,ANCHIETA,CENTRO,RUA MARESHAL DEODORO DA FONSECA,AMBIENTE WEB
1656,58966928,2025-08-26T00:00:00,12:30:00,CRIMES DIVERSOS,CRIMES DIVERSOS: CRIMES INFORMÁTICOS,ES,COLATINA,RESIDENCIAL NOBRE,RUA LUIZ BOELONI,AMBIENTE WEB
1657,58968246,2025-08-26T00:00:00,15:42:00,CRIMES DIVERSOS,CRIMES DIVERSOS: CRIMES INFORMÁTICOS,ES,CARIACICA,ROSA DA PENHA,AV COSTA BRANDAO,AMBIENTE WEB
1658,58968467,2025-08-26T00:00:00,13:00:00,CRIMES DIVERSOS,CRIMES DIVERSOS: CRIMES INFORMÁTICOS,ES,ALFREDO CHAVES,PARQUE RESIDENCIAL ALFREDO CHAVES,RUA VITORINO BRUNORO,AMBIENTE WEB
1659,58968530,2025-08-26T00:00:00,15:00:00,CRIMES DIVERSOS,CRIMES DIVERSOS: CRIMES INFORMÁTICOS,ES,ANCHIETA,OUTRO LOCAL,RUA DOS NAMORADOS,AMBIENTE WEB
1660,58968685,2025-08-26T00:00:00,14:00:00,CRIMES DIVERSOS,CRIMES DIVERSOS: CRIMES INFORMÁTICOS,ES,VITORIA,JARDIM CAMBURI,AVENIDA DESEMBARGADOR EURÍPDES QUEIROZ DO VALLE,RESIDÊNCIA
1661,58973019,2025-08-26T00:00:00,10:45:00,CRIMES DIVERSOS,CRIMES DIVERSOS: CRIMES INFORMÁTICOS,ES,SERRA,CIDADE CONTINENTAL,S/I,AMBIENTE WEB
1662,58973173,2025-08-26T00:00:00,14:00:00,CRIMES DIVERSOS,CRIMES DIVERSOS: CRIMES INFORMÁTICOS,ES,SERRA,SAO MARCOS II,RUA SÃO LUIZ,RESIDÊNCIA
1663,58973200,2025-08-26T00:00:00,18:14:00,CRIMES DIVERSOS,CRIMES DIVERSOS: CRIMES INFORMÁTICOS,ES,SERRA,SERRA DOURADA II,RUA XINGU,AMBIENTE WEB
1664,58973305,2025-08-26T00:00:00,15:54:00,CRIMES DIVERSOS,CRIMES DIVERSOS: CRIMES INFORMÁTICOS,ES,VITORIA,JARDIM CAMBURI,4B,RESIDÊNCIA
1665,58973696,2025-08-26T00:00:00,13:20:00,CRIMES DIVERSOS,CRIMES DIVERSOS: CRIMES INFORMÁTICOS,ES,SERRA,EURICO SALLES,RUA DAS AGUIAS,RESIDÊNCIA
1666,58974920,2025-08-26T00:00:00,19:00:00,CRIMES DIVERSOS,CRIMES DIVERSOS: CRIMES INFORMÁTICOS,ES,CARIACICA,OUTRO LOCAL,RUA RESPLENDOR,AMBIENTE WEB
1667,58975222,2025-08-26T00:00:00,18:00:00,CRIMES DIVERSOS,CRIMES DIVERSOS: CRIMES INFORMÁTICOS,ES,VILA VELHA,PRAIA DE ITAPARICA,AV SATURNINO RANGEL MAURO,AMBIENTE WEB
1668,58977439,2025-08-26T00:00:00,17:00:00,CRIMES DIVERSOS,CRIMES DIVERSOS: CRIMES INFORMÁTICOS,ES,ANCHIETA,ALVORADA,RUA MARESHAL FLOREANO PEIXOTO,AMBIENTE WEB
1669,58977967,2025-08-26T00:00:00,16:30:00,CRIMES DIVERSOS,CRIMES DIVERSOS: CRIMES INFORMÁTICOS,ES,ANCHIETA,PRAIA DE UBU,RUA 17,AMBIENTE WEB
1670,58982919,2025-08-26T00:00:00,09:00:00,CRIMES DIVERSOS,CRIMES DIVERSOS: CRIMES INFORMÁTICOS,ES,SERRA,CARAPINA GRANDE,S/I,AMBIENTE WEB
1671,59018975,2025-08-26T00:00:00,19:00:00,CRIMES DIVERSOS,CRIMES DIVERSOS: CRIMES INFORMÁTICOS,ES,SERRA,PLANICIE DA SERRA,S/I,AMBIENTE WEB
1672,59027220,2025-08-26T00:00:00,16:01:00,CRIMES DIVERSOS,CRIMES DIVERSOS: CRIMES INFORMÁTICOS,ES,SERRA,VISTA DA SERRA II,RUA GOIABEIRAS,RESIDÊNCIA
1673,59035474,2025-08-26T00:00:00,14:39:00,CRIMES DIVERSOS,CRIMES DIVERSOS: CRIMES INFORMÁTICOS,ES,SERRA,ELDORADO,CASA,AMBIENTE WEB
1674,59145854,2025-08-26T00:00:00,13:00:00,CRIMES DIVERSOS,CRIMES DIVERSOS: CRIMES INFORMÁTICOS,ES,SERRA,OUTRO LOCAL,S/I,VIA PÚBLICA
1675,58975769,2025-08-27T00:00:00,12:00:00,CRIMES DIVERSOS,CRIMES DIVERSOS: CRIMES INFORMÁTICOS,ES,ANCHIETA,DOIS IRMAOS,ESTRADA PRINCIPAL,AMBIENTE WEB
1676,58976149,2025-08-27T00:00:00,07:28:00,CRIMES DIVERSOS,CRIMES DIVERSOS: CRIMES INFORMÁTICOS,ES,SERRA,CIDADE CONTINENTAL,RUA TIMOR,RESIDÊNCIA
1677,58976339,2025-08-27T00:00:00,12:00:00,CRIMES DIVERSOS,CRIMES DIVERSOS: CRIMES INFORMÁTICOS,ES,CARIACICA,JARDIM CAMPO GRANDE,RUA SAO LUIZ,RESIDÊNCIA
1678,58977009,2025-08-27T00:00:00,11:00:00,CRIMES DIVERSOS,CRIMES DIVERSOS: CRIMES INFORMÁTICOS,ES,SAO MATEUS,OUTRO LOCAL,S/I,AMBIENTE WEB
1679,58977153,2025-08-27T00:00:00,15:00:00,CRIMES DIVERSOS,CRIMES DIVERSOS: CRIMES INFORMÁTICOS,ES,PINHEIROS,CENTRO,CAIXA TEM,AMBIENTE WEB
1680,58980602,2025-08-27T00:00:00,Indeterminada,CRIMES DIVERSOS,CRIMES DIVERSOS: CRIMES INFORMÁTICOS,ES,GUARAPARI,SANTA MONICA,RUA MONTE CARLO,AMBIENTE WEB
1681,58982506,2025-08-27T00:00:00,17:56:00,CRIMES DIVERSOS,CRIMES DIVERSOS: CRIMES INFORMÁTICOS,ES,SERRA,NOVA CARAPINA I,AVENIDA MONTES CLAROS,AMBIENTE WEB
1682,58983062,2025-08-27T00:00:00,09:00:00,CRIMES DIVERSOS,CRIMES DIVERSOS: CRIMES INFORMÁTICOS,ES,SERRA,OURIMAR,RUA DOMINEU RODY SANTANA,RESIDÊNCIA
1683,58984118,2025-08-27T00:00:00,20:00:00,CRIMES DIVERSOS,CRIMES DIVERSOS: CRIMES INFORMÁTICOS,ES,VILA VELHA,PRIMEIRO DE MAIO,RUA RAMON MARTINS,AMBIENTE WEB
1684,58992076,2025-08-27T00:00:00,Indeterminada,CRIMES DIVERSOS,CRIMES DIVERSOS: CRIMES INFORMÁTICOS,ES,COLATINA,SANTA TEREZINHA,RUA VITORIO DAMIANI,AMBIENTE WEB
1685,58992797,2025-08-27T00:00:00,15:17:00,CRIMES DIVERSOS,CRIMES DIVERSOS: CRIMES INFORMÁTICOS,ES,SERRA,JOSE DE ANCHIETA,S/I,AMBIENTE WEB
1686,59038439,2025-08-27T00:00:00,Indeterminada,CRIMES DIVERSOS,CRIMES DIVERSOS: CRIMES INFORMÁTICOS,ES,CARIACICA,SANTA LUZIA,RUA GENERAL OSORIO,AMBIENTE WEB
1687,59145344,2025-08-27T00:00:00,20:32:00,CRIMES DIVERSOS,CRIMES DIVERSOS: CRIMES INFORMÁTICOS,ES,SERRA,CIDADE POMAR,RUA,AMBIENTE WEB
1688,58992769,2025-08-28T00:00:00,11:30:00,CRIMES DIVERSOS,CRIMES DIVERSOS: CRIMES INFORMÁTICOS,ES,SERRA,RESIDENCIAL CENTRO DA SERRA,RUA AMBAIBATINGA,RESIDÊNCIA
1689,58992894,2025-08-28T00:00:00,19:00:00,CRIMES DIVERSOS,CRIMES DIVERSOS: CRIMES INFORMÁTICOS,ES,VILA VELHA,NORMILIA DA CUNHA,RUA PARA,RESIDÊNCIA
1690,58993888,2025-08-28T00:00:00,Indeterminada,CRIMES DIVERSOS,CRIMES DIVERSOS: CRIMES INFORMÁTICOS,ES,COLATINA,SANTO ANTONIO,RUA GONCALVES LEDO,RESIDÊNCIA
1691,58994246,2025-08-28T00:00:00,Indeterminada,CRIMES DIVERSOS,CRIMES DIVERSOS: CRIMES INFORMÁTICOS,ES,CARIACICA,NOVA ROSA DA PENHA,RUA SEIS,RESIDÊNCIA
1692,59018535,2025-08-28T00:00:00,13:10:00,CRIMES DIVERSOS,CRIMES DIVERSOS: CRIMES INFORMÁTICOS,ES,SERRA,NOVA CARAPINA II,RUA ALTAMIRA,OUTRO LOCAL
1693,59018802,2025-08-28T00:00:00,00:10:00,CRIMES DIVERSOS,CRIMES DIVERSOS: CRIMES INFORMÁTICOS,ES,SERRA,JARDIM CARAPINA,RUA SANTA TERESA,AMBIENTE WEB
1694,59021317,2025-08-28T00:00:00,21:49:00,CRIMES DIVERSOS,CRIMES DIVERSOS: CRIMES INFORMÁTICOS,ES,VILA VELHA,RIO MARINHO,S/I,AMBIENTE WEB
1695,59029846,2025-08-28T00:00:00,19:08:00,CRIMES DIVERSOS,CRIMES DIVERSOS: CRIMES INFORMÁTICOS,ES,SERRA,ELDORADO,2,AMBIENTE WEB
1696,58995027,2025-08-29T00:00:00,10:41:00,CRIMES DIVERSOS,CRIMES DIVERSOS: CRIMES INFORMÁTICOS,ES,COLATINA,HONORIO FRAGA,RUA ARLINDO ROSSINI,AMBIENTE WEB
1697,58995276,2025-08-29T00:00:00,10:41:00,CRIMES DIVERSOS,CRIMES DIVERSOS: CRIMES INFORMÁTICOS,ES,CASTELO,CENTRO,AV NOSSA SENHORA DA PENHA,AMBIENTE WEB
1698,59010919,2025-08-29T00:00:00,Indeterminada,CRIMES DIVERSOS,CRIMES DIVERSOS: CRIMES INFORMÁTICOS,ES,CARIACICA,SANTA LUZIA,RUA DOMICIO COELHO,RESIDÊNCIA
1699,59014832,2025-08-29T00:00:00,12:30:00,CRIMES DIVERSOS,CRIMES DIVERSOS: CRIMES INFORMÁTICOS,ES,COLATINA,NOSSA SENHORA DA PENHA,RUA HERMILIANO TREVISANI,RESIDÊNCIA
1700,59018740,2025-08-29T00:00:00,10:00:00,CRIMES DIVERSOS,CRIMES DIVERSOS: CRIMES INFORMÁTICOS,ES,SERRA,CARAPINA GRANDE,S/I,COMÉRCIO
1701,59018869,2025-08-29T00:00:00,17:34:00,CRIMES DIVERSOS,CRIMES DIVERSOS: CRIMES INFORMÁTICOS,ES,SERRA,SANTA LUZIA,RUA DOS IPÊS,RESIDÊNCIA
1702,59018955,2025-08-29T00:00:00,22:00:00,CRIMES DIVERSOS,CRIMES DIVERSOS: CRIMES INFORMÁTICOS,ES,SERRA,CIDADE POMAR,S/I,RESIDÊNCIA
1703,59019201,2025-08-29T00:00:00,20:00:00,CRIMES DIVERSOS,CRIMES DIVERSOS: CRIMES INFORMÁTICOS,ES,SERRA,BAIRRO DE FATIMA,S/I,AMBIENTE WEB
1704,59020530,2025-08-29T00:00:00,12:20:00,CRIMES DIVERSOS,CRIMES DIVERSOS: CRIMES INFORMÁTICOS,ES,VARGEM ALTA,BOA ESPERANCA,S/I,AMBIENTE WEB
1705,59027277,2025-08-29T00:00:00,14:29:00,CRIMES DIVERSOS,CRIMES DIVERSOS: CRIMES INFORMÁTICOS,ES,SERRA,NOVA CARAPINA I,S/I,AMBIENTE WEB
1706,59080147,2025-08-29T00:00:00,18:30:00,CRIMES DIVERSOS,CRIMES DIVERSOS: CRIMES INFORMÁTICOS,ES,SERRA,SAO MARCOS II,RUA BRASILIA,AMBIENTE WEB
1707,59091808,2025-08-29T00:00:00,00:00:00,CRIMES DIVERSOS,CRIMES DIVERSOS: CRIMES INFORMÁTICOS,ES,VITORIA,VILA RUBIM,RUA SANTO ANDRE,AMBIENTE WEB
1708,59391973,2025-08-29T00:00:00,20:50:00,CRIMES DIVERSOS,CRIMES DIVERSOS: CRIMES INFORMÁTICOS,ES,VITORIA,JARDIM CAMBURI,R. HERWAN MODENESE WANDERLEI,AMBIENTE WEB
1709,59019597,2025-01-09T00:00:00,08:00:00,CRIMES DIVERSOS,CRIMES DIVERSOS: CRIMES INFORMÁTICOS,ES,SERRA,EURICO SALLES,RUA DAS GARÇAS,AMBIENTE WEB
1710,59020761,2025-01-09T00:00:00,08:35:00,CRIMES DIVERSOS,CRIMES DIVERSOS: CRIMES INFORMÁTICOS,ES,GOVERNADOR LINDENBERG,NOVO BRASIL,S/I,AMBIENTE WEB
1711,59022433,2025-01-09T00:00:00,Indeterminada,CRIMES DIVERSOS,CRIMES DIVERSOS: CRIMES INFORMÁTICOS,ES,VILA VELHA,ILHA DA CONCEICAO,RUA NOVA,AMBIENTE WEB
1712,59027212,2025-01-09T00:00:00,01:20:00,CRIMES DIVERSOS,CRIMES DIVERSOS: CRIMES INFORMÁTICOS,ES,SERRA,SERRA DOURADA II,RUA,AMBIENTE WEB
1713,59027333,2025-01-09T00:00:00,16:00:00,CRIMES DIVERSOS,CRIMES DIVERSOS: CRIMES INFORMÁTICOS,ES,SERRA,MARIA NIOBE,RUA CÂMARA,OUTRO LOCAL
1714,59029773,2025-01-09T00:00:00,02:00:00,CRIMES DIVERSOS,CRIMES DIVERSOS: CRIMES INFORMÁTICOS,ES,SERRA,FEU ROSA,RUA PA,AMBIENTE WEB
1715,59035644,2025-01-09T00:00:00,07:00:00,CRIMES DIVERSOS,CRIMES DIVERSOS: CRIMES INFORMÁTICOS,ES,VITORIA,JARDIM CAMBURI,AV DR HERWAN MODENESI WANDERLEY,RESIDÊNCIA
1716,59036037,2025-01-09T00:00:00,19:20:00,CRIMES DIVERSOS,CRIMES DIVERSOS: CRIMES INFORMÁTICOS,ES,SERRA,RESIDENCIAL CENTRO DA SERRA,CANFOREIRA,AMBIENTE WEB
1717,59173117,2025-01-09T00:00:00,22:00:00,CRIMES DIVERSOS,CRIMES DIVERSOS: CRIMES INFORMÁTICOS,ES,SERRA,CAMPINHO DA SERRA I,AVENIDA VITÓRIA RÉGIA,OUTRO LOCAL
1718,59326966,2025-01-09T00:00:00,11:11:00,CRIMES DIVERSOS,CRIMES DIVERSOS: CRIMES INFORMÁTICOS,ES,SERRA,SERRA DOURADA III,S/I,RESIDÊNCIA
1719,59032387,2025-02-09T00:00:00,17:00:00,CRIMES DIVERSOS,CRIMES DIVERSOS: CRIMES INFORMÁTICOS,ES,MANTENOPOLIS,SAO JOSE DE MANTENOPOLIS,RUA PROJETADA,AMBIENTE WEB
1720,59035994,2025-02-09T00:00:00,11:00:00,CRIMES DIVERSOS,CRIMES DIVERSOS: CRIMES INFORMÁTICOS,ES,SERRA,ROSARIO DE FATIMA,RODOVIA GOVERNADOR MARIO COVAS,OUTRO LOCAL
1721,59038303,2025-02-09T00:00:00,12:34:00,CRIMES DIVERSOS,CRIMES DIVERSOS: CRIMES INFORMÁTICOS,ES,SERRA,RESIDENCIAL CENTRO DA SERRA,S/I,OUTRO LOCAL
1722,59046126,2025-02-09T00:00:00,Indeterminada,CRIMES DIVERSOS,CRIMES DIVERSOS: CRIMES INFORMÁTICOS,ES,SERRA,SERRA DOURADA I,RUA FLORIDA,AMBIENTE WEB
1723,59047272,2025-02-09T00:00:00,00:00:00,CRIMES DIVERSOS,CRIMES DIVERSOS: CRIMES INFORMÁTICOS,ES,SAO MATEUS,OUTRO LOCAL,S/I,AMBIENTE WEB
1724,59048607,2025-02-09T00:00:00,11:14:00,CRIMES DIVERSOS,CRIMES DIVERSOS: CRIMES INFORMÁTICOS,ES,GUARAPARI,ADALBERTO SIMAO NADER,S/I,AMBIENTE WEB
1725,59054008,2025-02-09T00:00:00,14:03:00,CRIMES DIVERSOS,CRIMES DIVERSOS: CRIMES INFORMÁTICOS,ES,VITORIA,JARDIM CAMBURI,S/I,AMBIENTE WEB
1726,59057671,2025-02-09T00:00:00,16:30:00,CRIMES DIVERSOS,CRIMES DIVERSOS: CRIMES INFORMÁTICOS,ES,CASTELO,ZONA RURAL,COMUNIDADE CONQUISTA,AMBIENTE WEB
1727,59171422,2025-02-09T00:00:00,16:00:00,CRIMES DIVERSOS,CRIMES DIVERSOS: CRIMES INFORMÁTICOS,ES,VILA VELHA,PRAIA DA COSTA,AV ANTONIO GIL VELOSO,AMBIENTE WEB
1728,59174468,2025-02-09T00:00:00,06:52:00,CRIMES DIVERSOS,CRIMES DIVERSOS: CRIMES INFORMÁTICOS,ES,VITORIA,MATA DA PRAIA,AV ROZENDO SERAPIAO DE SOUZA FILHO,AMBIENTE WEB
1729,59040489,2025-03-09T00:00:00,Indeterminada,CRIMES DIVERSOS,CRIMES DIVERSOS: CRIMES INFORMÁTICOS,ES,SAO MATEUS,OUTRO LOCAL,S/I,AMBIENTE WEB
1730,59044459,2025-03-09T00:00:00,19:00:00,CRIMES DIVERSOS,CRIMES DIVERSOS: CRIMES INFORMÁTICOS,ES,COLATINA,AEROPORTO,RUA CRISTAL,AMBIENTE WEB
1731,59044732,2025-03-09T00:00:00,18:00:00,CRIMES DIVERSOS,CRIMES DIVERSOS: CRIMES INFORMÁTICOS,ES,SERRA,PLANALTO SERRANO,S/I,AMBIENTE WEB
1732,59045714,2025-03-09T00:00:00,08:50:00,CRIMES DIVERSOS,CRIMES DIVERSOS: CRIMES INFORMÁTICOS,ES,SERRA,VALPARAISO,AV GUARAPARI,OUTRO LOCAL
1733,59046299,2025-03-09T00:00:00,07:00:00,CRIMES DIVERSOS,CRIMES DIVERSOS: CRIMES INFORMÁTICOS,ES,CONCEICAO DA BARRA,CENTRO,AV. PAI JOÃO,AMBIENTE WEB
1734,59046753,2025-03-09T00:00:00,22:29:00,CRIMES DIVERSOS,CRIMES DIVERSOS: CRIMES INFORMÁTICOS,ES,VITORIA,JARDIM CAMBURI,AV AUGUSTO EMILIO ESTELITA LINS,AMBIENTE WEB
1735,59048229,2025-03-09T00:00:00,Indeterminada,CRIMES DIVERSOS,CRIMES DIVERSOS: CRIMES INFORMÁTICOS,ES,VITORIA,SANTA CLARA,RUA MAXIMO BORGO,AMBIENTE WEB
1736,59048927,2025-03-09T00:00:00,00:00:00,CRIMES DIVERSOS,CRIMES DIVERSOS: CRIMES INFORMÁTICOS,ES,SAO MATEUS,OUTRO LOCAL,S/I,AMBIENTE WEB
1737,59145172,2025-03-09T00:00:00,Indeterminada,CRIMES DIVERSOS,CRIMES DIVERSOS: CRIMES INFORMÁTICOS,ES,VILA VELHA,PRAIA DA COSTA,AVENIDA SAO PAULO,AMBIENTE WEB
1738,59164097,2025-03-09T00:00:00,18:00:00,CRIMES DIVERSOS,CRIMES DIVERSOS: CRIMES INFORMÁTICOS,ES,IBIRACU,COHAB,ANTONIO LANSCHI,AMBIENTE WEB
1739,59212969,2025-03-09T00:00:00,15:00:00,CRIMES DIVERSOS,CRIMES DIVERSOS: CRIMES INFORMÁTICOS,ES,COLATINA,OUTRO LOCAL,ITAPINA - RIO SANTA JOANA,AMBIENTE WEB
1740,59271317,2025-03-09T00:00:00,06:00:00,CRIMES DIVERSOS,CRIMES DIVERSOS: CRIMES INFORMÁTICOS,ES,SERRA,BAIRRO NOVO,RUA MANOEL BERMUDES DA SILVA,AMBIENTE WEB
1741,59424157,2025-03-09T00:00:00,13:12:00,CRIMES DIVERSOS,CRIMES DIVERSOS: CRIMES INFORMÁTICOS,ES,SERRA,CENTRO DA SERRA,RUA MAURILIO MIRANDA,AMBIENTE WEB
1742,59045233,2025-04-09T00:00:00,17:47:00,CRIMES DIVERSOS,CRIMES DIVERSOS: CRIMES INFORMÁTICOS,ES,SERRA,PLANICIE DA SERRA,S/I,AMBIENTE WEB
1743,59045960,2025-04-09T00:00:00,Indeterminada,CRIMES DIVERSOS,CRIMES DIVERSOS: CRIMES INFORMÁTICOS,ES,VILA VELHA,NOVO MEXICO,RUA PASTOR ANIZIO FRANCISCO DE FREITAS,AMBIENTE WEB
1744,59047063,2025-04-09T00:00:00,Indeterminada,CRIMES DIVERSOS,CRIMES DIVERSOS: CRIMES INFORMÁTICOS,ES,VITORIA,ANTONIO HONORIO,RUA PROF CLARA LIMA,RESIDÊNCIA
1745,59048013,2025-04-09T00:00:00,08:58:00,CRIMES DIVERSOS,CRIMES DIVERSOS: CRIMES INFORMÁTICOS,ES,COLATINA,ANTONIO DAMIANI,RUA PEROBAS,AMBIENTE WEB
1746,59049007,2025-04-09T00:00:00,00:00:00,CRIMES DIVERSOS,CRIMES DIVERSOS: CRIMES INFORMÁTICOS,ES,SAO MATEUS,OUTRO LOCAL,S/I,AMBIENTE WEB
1747,59050441,2025-04-09T00:00:00,18:30:00,CRIMES DIVERSOS,CRIMES DIVERSOS: CRIMES INFORMÁTICOS,ES,COLATINA,SAO VICENTE,RUA JOSE FERDINANDO CHISTE,RESIDÊNCIA
1748,59053138,2025-04-09T00:00:00,17:25:00,CRIMES DIVERSOS,CRIMES DIVERSOS: CRIMES INFORMÁTICOS,ES,ANCHIETA,PRAIA DE UBU,RUA LAUDELINO NEVES,OUTRO LOCAL
1749,59053142,2025-04-09T00:00:00,14:40:00,CRIMES DIVERSOS,CRIMES DIVERSOS: CRIMES INFORMÁTICOS,ES,ANCHIETA,ANCHIETA,S/I,REPARTICAO PUBLICA
1750,59054272,2025-04-09T00:00:00,16:52:00,CRIMES DIVERSOS,CRIMES DIVERSOS: CRIMES INFORMÁTICOS,ES,VITORIA,CENTRO,CENTRO DE VITORIA,OUTRO LOCAL
1751,59054525,2025-04-09T00:00:00,16:52:00,CRIMES DIVERSOS,CRIMES DIVERSOS: CRIMES INFORMÁTICOS,ES,VITORIA,JARDIM CAMBURI,RUA JOSE DE ANCHIETA FONTANA,VIA PÚBLICA
1752,59054558,2025-04-09T00:00:00,11:30:00,CRIMES DIVERSOS,CRIMES DIVERSOS: CRIMES INFORMÁTICOS,ES,CASTELO,CENTRO,AV NOSSA SENHORA DA PENHA,AMBIENTE WEB
1753,59055054,2025-04-09T00:00:00,21:11:00,CRIMES DIVERSOS,CRIMES DIVERSOS: CRIMES INFORMÁTICOS,ES,VITORIA,JARDIM CAMBURI,RUA JOAO BATISTA DE MIRANA AMARAL,AMBIENTE WEB
1754,59080157,2025-04-09T00:00:00,08:24:00,CRIMES DIVERSOS,CRIMES DIVERSOS: CRIMES INFORMÁTICOS,ES,SERRA,PALMEIRAS,AV JOÃO MIGUEL,AMBIENTE WEB
1755,59087707,2025-04-09T00:00:00,11:44:00,CRIMES DIVERSOS,CRIMES DIVERSOS: CRIMES INFORMÁTICOS,ES,VITORIA,JARDIM CAMBURI,AV. RANULPHO BARBOSA DOS SANTOS,AMBIENTE WEB
1756,59098884,2025-04-09T00:00:00,21:20:00,CRIMES DIVERSOS,CRIMES DIVERSOS: CRIMES INFORMÁTICOS,ES,SERRA,VISTA DA SERRA II,RUA GOIABEIRAS,AMBIENTE WEB
1757,59056763,2025-05-09T00:00:00,11:00:00,CRIMES DIVERSOS,CRIMES DIVERSOS: CRIMES INFORMÁTICOS,ES,CASTELO,ESTRELA DO NORTE,ESCOLA PEDRA LISA,AMBIENTE WEB
1758,59058062,2025-05-09T00:00:00,16:37:00,CRIMES DIVERSOS,CRIMES DIVERSOS: CRIMES INFORMÁTICOS,ES,CASTELO,ESPLANADA,AV NOSSA SENHORA DA PENHA,AMBIENTE WEB
1759,59082273,2025-05-09T00:00:00,12:00:00,CRIMES DIVERSOS,CRIMES DIVERSOS: CRIMES INFORMÁTICOS,ES,VARGEM ALTA,CENTRO,RUA WILLAN ROSE,OUTRO LOCAL
1760,59088434,2025-05-09T00:00:00,10:58:00,CRIMES DIVERSOS,CRIMES DIVERSOS: CRIMES INFORMÁTICOS,ES,VITORIA,JARDIM DA PENHA,AV SATURNINO RANGEL MAURO,AMBIENTE WEB
1761,59097250,2025-05-09T00:00:00,07:00:00,CRIMES DIVERSOS,CRIMES DIVERSOS: CRIMES INFORMÁTICOS,ES,VITORIA,JARDIM CAMBURI,RUA DES EURIPEDES QUEIROZ DO VALLE,AMBIENTE WEB
1762,59145843,2025-05-09T00:00:00,11:34:00,CRIMES DIVERSOS,CRIMES DIVERSOS: CRIMES INFORMÁTICOS,ES,SERRA,PLANALTO SERRANO,RUA MUQUI,ESCRITORIO
1763,59170425,2025-05-09T00:00:00,11:00:00,CRIMES DIVERSOS,CRIMES DIVERSOS: CRIMES INFORMÁTICOS,ES,PIUMA,PRAIA DE ACAIACA,AVENIDA BEIRA RIO,RESIDÊNCIA
1764,59529088,2025-05-09T00:00:00,16:33:00,CRIMES DIVERSOS,CRIMES DIVERSOS: CRIMES INFORMÁTICOS,ES,SERRA,SAO JUDAS TADEU,RUA FLORIANO PEIXOTO,AMBIENTE WEB
1765,59600613,2025-05-09T00:00:00,13:32:00,CRIMES DIVERSOS,CRIMES DIVERSOS: CRIMES INFORMÁTICOS,ES,SERRA,MARIA NIOBE,RUA CAMBURI,OUTRO LOCAL
1766,59064137,2025-06-09T00:00:00,08:40:00,CRIMES DIVERSOS,CRIMES DIVERSOS: CRIMES INFORMÁTICOS,ES,COLATINA,VILA AMELIA,RUA ELISEU DA SILVA NUNES,RESIDÊNCIA
1767,59080225,2025-06-09T00:00:00,12:30:00,CRIMES DIVERSOS,CRIMES DIVERSOS: CRIMES INFORMÁTICOS,ES,SERRA,SERRA DOURADA I,S/I,AMBIENTE WEB
1768,59089748,2025-06-09T00:00:00,10:44:00,CRIMES DIVERSOS,CRIMES DIVERSOS: CRIMES INFORMÁTICOS,ES,SERRA,NOVA CARAPINA II,S/I,AMBIENTE WEB
1769,59220424,2025-07-09T00:00:00,10:54:00,CRIMES DIVERSOS,CRIMES DIVERSOS: CRIMES INFORMÁTICOS,ES,VITORIA,JABOUR,RUA EDNA SIQUEIRA GAUDIO,OUTRO LOCAL
1770,59265083,2025-07-09T00:00:00,15:00:00,CRIMES DIVERSOS,CRIMES DIVERSOS: CRIMES INFORMÁTICOS,ES,COLATINA,LUIZ IGLESIAS,RUA MARCELO DE AUGUSTO DA SILVA ANTOLINI,AMBIENTE WEB
1771,59080180,2025-08-09T00:00:00,Indeterminada,CRIMES DIVERSOS,CRIMES DIVERSOS: CRIMES INFORMÁTICOS,ES,LINHARES,OUTRO LOCAL,S/I,AMBIENTE WEB
1772,59081141,2025-08-09T00:00:00,12:30:00,CRIMES DIVERSOS,CRIMES DIVERSOS: CRIMES INFORMÁTICOS,ES,GUARAPARI,OLARIA,RUA EUGENIO CARDOSO BODART,AMBIENTE WEB
1773,59086304,2025-08-09T00:00:00,13:00:00,CRIMES DIVERSOS,CRIMES DIVERSOS: CRIMES INFORMÁTICOS,ES,COLATINA,NOSSA SENHORA APARECIDA,S/I,AMBIENTE WEB
1774,59086554,2025-08-09T00:00:00,14:00:00,CRIMES DIVERSOS,CRIMES DIVERSOS: CRIMES INFORMÁTICOS,ES,CACHOEIRO DE ITAPEMIRIM,VARGEM GRANDE DO SOTURNO,S/I,RESIDÊNCIA
1775,59086983,2025-08-09T00:00:00,01:00:00,CRIMES DIVERSOS,CRIMES DIVERSOS: CRIMES INFORMÁTICOS,ES,CACHOEIRO DE ITAPEMIRIM,NOVO PARQUE,RUA LUIZ DE PAULO AZEREDO,RESIDÊNCIA
1776,59087211,2025-08-09T00:00:00,15:20:00,CRIMES DIVERSOS,CRIMES DIVERSOS: CRIMES INFORMÁTICOS,ES,CACHOEIRO DE ITAPEMIRIM,JARDIM AMERICA,RUA DULCINO JOSE BERNARDO,AMBIENTE WEB
1777,59089758,2025-08-09T00:00:00,18:30:00,CRIMES DIVERSOS,CRIMES DIVERSOS: CRIMES INFORMÁTICOS,ES,SERRA,CIDADE CONTINENTAL,S/I,VIA PÚBLICA
1778,59091083,2025-08-09T00:00:00,18:00:00,CRIMES DIVERSOS,CRIMES DIVERSOS: CRIMES INFORMÁTICOS,ES,VENDA NOVA DO IMIGRANTE,TAPERA,RUA ANGELO DELPUPO,AMBIENTE WEB
1779,59171349,2025-08-09T00:00:00,20:15:00,CRIMES DIVERSOS,CRIMES DIVERSOS: CRIMES INFORMÁTICOS,ES,SERRA,VISTA DA SERRA I,RUA ITARANA,OUTRO LOCAL
1780,59217685,2025-08-09T00:00:00,20:52:00,CRIMES DIVERSOS,CRIMES DIVERSOS: CRIMES INFORMÁTICOS,ES,VITORIA,JARDIM CAMBURI,RUA ARQUITETO DECIO THEVENARD,OUTRO LOCAL
1781,59090829,2025-09-09T00:00:00,10:00:00,CRIMES DIVERSOS,CRIMES DIVERSOS: CRIMES INFORMÁTICOS,ES,VILA VELHA,ITAPOA,AV ESTUDANTE JOSÉ JÚLIO DE SOUZA,AMBIENTE WEB
1782,59108061,2025-09-09T00:00:00,05:00:00,CRIMES DIVERSOS,CRIMES DIVERSOS: CRIMES INFORMÁTICOS,ES,VITORIA,JARDIM CAMBURI,RUA FORTUNATO ABREU GAGNO,RESIDÊNCIA
1783,59142927,2025-09-09T00:00:00,11:31:00,CRIMES DIVERSOS,CRIMES DIVERSOS: CRIMES INFORMÁTICOS,ES,SERRA,JARDIM CARAPINA,O MESMO,VIA PÚBLICA
1784,59154813,2025-09-09T00:00:00,Indeterminada,CRIMES DIVERSOS,CRIMES DIVERSOS: CRIMES INFORMÁTICOS,ES,SAO MATEUS,OUTRO LOCAL,S/I,AMBIENTE WEB
1785,59161646,2025-09-09T00:00:00,Indeterminada,CRIMES DIVERSOS,CRIMES DIVERSOS: CRIMES INFORMÁTICOS,ES,COLATINA,PERPETUO SOCORRO,RUA PEDRO CHAGAS,AMBIENTE WEB
1786,59390291,2025-09-09T00:00:00,04:00:00,CRIMES DIVERSOS,CRIMES DIVERSOS: CRIMES INFORMÁTICOS,ES,SERRA,SANTA LUZIA,S/I,OUTRO LOCAL
1787,59106329,2025-10-09T00:00:00,Indeterminada,CRIMES DIVERSOS,CRIMES DIVERSOS: CRIMES INFORMÁTICOS,ES,SERRA,PLANALTO SERRANO,RUA SANTO ANTONIO,AMBIENTE WEB
1788,59106552,2025-10-09T00:00:00,09:00:00,CRIMES DIVERSOS,CRIMES DIVERSOS: CRIMES INFORMÁTICOS,ES,SERRA,NOVA CARAPINA I,S/I,OUTRO LOCAL
1789,59108330,2025-10-09T00:00:00,17:00:00,CRIMES DIVERSOS,CRIMES DIVERSOS: CRIMES INFORMÁTICOS,ES,ARACRUZ,VILA RICA,"RUA ILHA GRANDE,",OUTRO LOCAL
1790,59108365,2025-10-09T00:00:00,01:00:00,CRIMES DIVERSOS,CRIMES DIVERSOS: CRIMES INFORMÁTICOS,ES,VITORIA,DE LOURDES,RUA GABRIEL ABAURRE,RESIDÊNCIA
1791,59117596,2025-10-09T00:00:00,Indeterminada,CRIMES DIVERSOS,CRIMES DIVERSOS: CRIMES INFORMÁTICOS,ES,CARIACICA,VERA CRUZ,AV SANTOS DRUMONT,AMBIENTE WEB
1792,59119952,2025-10-09T00:00:00,20:00:00,CRIMES DIVERSOS,CRIMES DIVERSOS: CRIMES INFORMÁTICOS,ES,CONCEICAO DA BARRA,QUILOMBO NOVO,RUA TICUMBI,AMBIENTE WEB
1793,59137369,2025-10-09T00:00:00,16:10:00,CRIMES DIVERSOS,CRIMES DIVERSOS: CRIMES INFORMÁTICOS,ES,VILA VELHA,JARDIM MARILANDIA,RUA CRISOPOLIS,AMBIENTE WEB
1794,59110502,2025-11-09T00:00:00,13:00:00,CRIMES DIVERSOS,CRIMES DIVERSOS: CRIMES INFORMÁTICOS,ES,CONCEICAO DA BARRA,NOSSA SENHORA APARECIDA,"RUA CANADA, S/N",RESIDÊNCIA
1795,59111324,2025-11-09T00:00:00,16:00:00,CRIMES DIVERSOS,CRIMES DIVERSOS: CRIMES INFORMÁTICOS,ES,ANCHIETA,OUTRO LOCAL,S/I,AMBIENTE WEB
1796,59115620,2025-11-09T00:00:00,20:40:00,CRIMES DIVERSOS,CRIMES DIVERSOS: CRIMES INFORMÁTICOS,ES,ANCHIETA,ANCHIETA,RUA JOÃO DE ASSIS NUNES VIEIRA,RESIDÊNCIA
1797,59116655,2025-11-09T00:00:00,18:05:00,CRIMES DIVERSOS,CRIMES DIVERSOS: CRIMES INFORMÁTICOS,ES,SERRA,OUTRO LOCAL,S/I,AMBIENTE WEB
1798,59119776,2025-11-09T00:00:00,18:30:00,CRIMES DIVERSOS,CRIMES DIVERSOS: CRIMES INFORMÁTICOS,ES,CARIACICA,SAO BENEDITO,RUA BOA VISTA,AMBIENTE WEB
1799,59126727,2025-11-09T00:00:00,Indeterminada,CRIMES DIVERSOS,CRIMES DIVERSOS: CRIMES INFORMÁTICOS,ES,CARIACICA,BELA AURORA,RUA COLATINA,RESIDÊNCIA
1800,59142448,2025-11-09T00:00:00,21:03:00,CRIMES DIVERSOS,CRIMES DIVERSOS: CRIMES INFORMÁTICOS,ES,VITORIA,JARDIM CAMBURI,RUA OSWALDO BASTOS DE SOUZA FREITAS,OUTRO LOCAL
1801,59142647,2025-11-09T00:00:00,18:08:00,CRIMES DIVERSOS,CRIMES DIVERSOS: CRIMES INFORMÁTICOS,ES,VITORIA,JARDIM CAMBURI,S/I,AMBIENTE WEB
1802,59145638,2025-11-09T00:00:00,15:00:00,CRIMES DIVERSOS,CRIMES DIVERSOS: CRIMES INFORMÁTICOS,ES,SERRA,JARDIM TROPICAL,S/I,ESCOLA
1803,59263567,2025-11-09T00:00:00,10:15:00,CRIMES DIVERSOS,CRIMES DIVERSOS: CRIMES INFORMÁTICOS,ES,SERRA,OUTRO LOCAL,S/I,OUTRO LOCAL
1804,59117360,2025-12-09T00:00:00,11:00:00,CRIMES DIVERSOS,CRIMES DIVERSOS: CRIMES INFORMÁTICOS,ES,VITORIA,MATA DA PRAIA,RUA GENSERICO ENCARNACAO,AMBIENTE WEB
1805,59118247,2025-12-09T00:00:00,12:00:00,CRIMES DIVERSOS,CRIMES DIVERSOS: CRIMES INFORMÁTICOS,ES,SERRA,ESTANCIA MONAZITICA,RUA,AMBIENTE WEB
1806,59119921,2025-12-09T00:00:00,13:00:00,CRIMES DIVERSOS,CRIMES DIVERSOS: CRIMES INFORMÁTICOS,ES,VILA VELHA,ARACAS,CASA,AMBIENTE WEB
1807,59122412,2025-12-09T00:00:00,14:53:00,CRIMES DIVERSOS,CRIMES DIVERSOS: CRIMES INFORMÁTICOS,ES,ARACRUZ,PRAIA SAUE,RUA ALEXANDRE ROSSONI,RESIDÊNCIA
1808,59123372,2025-12-09T00:00:00,08:44:00,CRIMES DIVERSOS,CRIMES DIVERSOS: CRIMES INFORMÁTICOS,ES,COLATINA,ESPLANADA,RUA DOM PEDRO II,ESCOLA
1809,59124657,2025-12-09T00:00:00,20:00:00,CRIMES DIVERSOS,CRIMES DIVERSOS: CRIMES INFORMÁTICOS,ES,VILA VELHA,JARDIM DO VALE,RUA CRISTALINA,RESIDÊNCIA
1810,59142549,2025-12-09T00:00:00,16:50:00,CRIMES DIVERSOS,CRIMES DIVERSOS: CRIMES INFORMÁTICOS,ES,SERRA,SAO MARCOS II,CASA,OUTRO LOCAL
1811,59143135,2025-12-09T00:00:00,13:09:00,CRIMES DIVERSOS,CRIMES DIVERSOS: CRIMES INFORMÁTICOS,ES,SERRA,NOVO PORTO CANOA,RUA MESTRE VALETIM,RESIDÊNCIA
1812,59143476,2025-12-09T00:00:00,16:50:00,CRIMES DIVERSOS,CRIMES DIVERSOS: CRIMES INFORMÁTICOS,ES,SERRA,ESTANCIA MONAZITICA,RUA MATO GROSSO,AMBIENTE WEB
1813,59143944,2025-12-09T00:00:00,20:53:00,CRIMES DIVERSOS,CRIMES DIVERSOS: CRIMES INFORMÁTICOS,ES,SERRA,VILA NOVA DE COLARES,RESIDENCIA,AMBIENTE WEB
1814,59152868,2025-12-09T00:00:00,16:04:00,CRIMES DIVERSOS,CRIMES DIVERSOS: CRIMES INFORMÁTICOS,ES,COLATINA,MARIO GIURIZATO,RUA PEDRO GOTARDO,RESIDÊNCIA
1815,59154979,2025-12-09T00:00:00,12:00:00,CRIMES DIVERSOS,CRIMES DIVERSOS: CRIMES INFORMÁTICOS,ES,SERRA,ANDRE CARLONI,RUA WAGNER RUAN DE ALMEIDA GOMES,AMBIENTE WEB
1816,59172142,2025-12-09T00:00:00,21:30:00,CRIMES DIVERSOS,CRIMES DIVERSOS: CRIMES INFORMÁTICOS,ES,CARIACICA,NOVA ROSA DA PENHA,RUA SETENTA,RESIDÊNCIA
1817,59184783,2025-12-09T00:00:00,19:00:00,CRIMES DIVERSOS,CRIMES DIVERSOS: CRIMES INFORMÁTICOS,ES,VITORIA,MORADA DE CAMBURI,RUA VERA DULCE DE CAMPOS BARROS,OUTRO LOCAL
1818,59184804,2025-12-09T00:00:00,19:00:00,CRIMES DIVERSOS,CRIMES DIVERSOS: CRIMES INFORMÁTICOS,ES,VITORIA,MORADA DE CAMBURI,RUA VERA DULCE DE CAMPOS BARROS,OUTRO LOCAL
1819,59575017,2025-12-09T00:00:00,15:20:00,CRIMES DIVERSOS,CRIMES DIVERSOS: CRIMES INFORMÁTICOS,ES,SERRA,CACAROCA,PITANGA,AGÊNCIA BANCÁRIA
1820,59142982,2025-09-13T00:00:00,19:00:00,CRIMES DIVERSOS,CRIMES DIVERSOS: CRIMES INFORMÁTICOS,ES,ANCHIETA,OUTRO LOCAL,S/I,AMBIENTE WEB
1821,59143184,2025-09-13T00:00:00,10:12:00,CRIMES DIVERSOS,CRIMES DIVERSOS: CRIMES INFORMÁTICOS,ES,SERRA,PORTO CANOA,RUA PINTASSILGOS,RESIDÊNCIA
1822,59143459,2025-09-13T00:00:00,04:00:00,CRIMES DIVERSOS,CRIMES DIVERSOS: CRIMES INFORMÁTICOS,ES,SERRA,BOA VISTA II,AVENIDA BOA VISTA,AMBIENTE WEB
1823,59143972,2025-09-13T00:00:00,07:11:00,CRIMES DIVERSOS,CRIMES DIVERSOS: CRIMES INFORMÁTICOS,ES,PINHEIROS,VILA NOVA,RUA AMELIO FAVARO,AMBIENTE WEB
1824,59170872,2025-09-13T00:00:00,17:48:00,CRIMES DIVERSOS,CRIMES DIVERSOS: CRIMES INFORMÁTICOS,ES,SERRA,JARDIM TROPICAL,S/I,OUTRO LOCAL
1825,59151825,2025-09-14T00:00:00,10:00:00,CRIMES DIVERSOS,CRIMES DIVERSOS: CRIMES INFORMÁTICOS,ES,SERRA,PLANALTO SERRANO,S/I,OUTRO LOCAL
1826,59154295,2025-09-14T00:00:00,19:54:00,CRIMES DIVERSOS,CRIMES DIVERSOS: CRIMES INFORMÁTICOS,ES,SERRA,JARDIM CARAPINA,RUA RUI BARBOSA,AMBIENTE WEB
1827,59362917,2025-09-14T00:00:00,20:00:00,CRIMES DIVERSOS,CRIMES DIVERSOS: CRIMES INFORMÁTICOS,ES,SERRA,ELDORADO,RUA RIO SÃO FRANCISCO,COMÉRCIO
1828,59145793,2025-09-15T00:00:00,12:09:00,CRIMES DIVERSOS,CRIMES DIVERSOS: CRIMES INFORMÁTICOS,ES,SERRA,OUTRO LOCAL,S/I,OUTRO LOCAL
1829,59150352,2025-09-15T00:00:00,12:30:00,CRIMES DIVERSOS,CRIMES DIVERSOS: CRIMES INFORMÁTICOS,ES,COLATINA,CENTRO,S/I,OUTRO LOCAL
1830,59153177,2025-09-15T00:00:00,14:00:00,CRIMES DIVERSOS,CRIMES DIVERSOS: CRIMES INFORMÁTICOS,ES,VITORIA,SANTO ANDRE,RUA JOSE RODRIGUES DOS SANTOS,AMBIENTE WEB
1831,59160722,2025-09-15T00:00:00,09:00:00,CRIMES DIVERSOS,CRIMES DIVERSOS: CRIMES INFORMÁTICOS,ES,ANCHIETA,IRIRI,AV DOM HELVECIO GOMES DE OLIVEIRA,COMÉRCIO
1832,59165069,2025-09-15T00:00:00,18:00:00,CRIMES DIVERSOS,CRIMES DIVERSOS: CRIMES INFORMÁTICOS,ES,VITORIA,JARDIM CAMBURI,AV. ARMANDO DUARTE RABELLO,OUTRO LOCAL
1833,59174792,2025-09-15T00:00:00,Indeterminada,CRIMES DIVERSOS,CRIMES DIVERSOS: CRIMES INFORMÁTICOS,ES,PINHEIROS,OUTRO LOCAL,NAO INFORMADO,AMBIENTE WEB
1834,59210150,2025-09-15T00:00:00,14:00:00,CRIMES DIVERSOS,CRIMES DIVERSOS: CRIMES INFORMÁTICOS,ES,VITORIA,JARDIM DA PENHA,"RUA JOSE NEVES CYPRESTES,",AMBIENTE WEB
1835,59151949,2025-09-16T00:00:00,Indeterminada,CRIMES DIVERSOS,CRIMES DIVERSOS: CRIMES INFORMÁTICOS,ES,LINHARES,OUTRO LOCAL,S/I,AMBIENTE WEB
1836,59153879,2025-09-16T00:00:00,10:15:00,CRIMES DIVERSOS,CRIMES DIVERSOS: CRIMES INFORMÁTICOS,ES,SERRA,SAO MARCOS II,S/I,AMBIENTE WEB
1837,59154822,2025-09-16T00:00:00,Indeterminada,CRIMES DIVERSOS,CRIMES DIVERSOS: CRIMES INFORMÁTICOS,ES,COLATINA,COLUMBIA,RUA AVE DO PARAISO,AMBIENTE WEB
1838,59155374,2025-09-16T00:00:00,07:24:00,CRIMES DIVERSOS,CRIMES DIVERSOS: CRIMES INFORMÁTICOS,ES,COLATINA,MARIA DAS GRACAS,RUA HENRIQUE DE ALMEIDA,AMBIENTE WEB
1839,59157729,2025-09-16T00:00:00,13:00:00,CRIMES DIVERSOS,CRIMES DIVERSOS: CRIMES INFORMÁTICOS,ES,COLATINA,MORADA DO SOL,RUA PROJETADA,AMBIENTE WEB
1840,59162581,2025-09-16T00:00:00,13:30:00,CRIMES DIVERSOS,CRIMES DIVERSOS: CRIMES INFORMÁTICOS,ES,VITORIA,JARDIM DA PENHA,AVENIDA FRANCISCO GENEROSO DA FONSECA,AGÊNCIA BANCÁRIA
1841,59180568,2025-09-16T00:00:00,12:40:00,CRIMES DIVERSOS,CRIMES DIVERSOS: CRIMES INFORMÁTICOS,ES,COLATINA,CENTRO,S/I,OUTRO LOCAL
1842,59183973,2025-09-16T00:00:00,09:00:00,CRIMES DIVERSOS,CRIMES DIVERSOS: CRIMES INFORMÁTICOS,ES,VITORIA,MATA DA PRAIA,AV DANTE MICHELINI,RESIDÊNCIA
1843,59288239,2025-09-16T00:00:00,Indeterminada,CRIMES DIVERSOS,CRIMES DIVERSOS: CRIMES INFORMÁTICOS,ES,VILA VELHA,BALNEARIO PONTA DA FRUTA,RUA RIO DE JANEIRO,RESIDÊNCIA
1844,59170404,2025-09-17T00:00:00,15:30:00,CRIMES DIVERSOS,CRIMES DIVERSOS: CRIMES INFORMÁTICOS,ES,COLATINA,CARLOS GERMANO NAUMANN,RUA ZILMA MARIA COSTA,AMBIENTE WEB
1845,59171498,2025-09-17T00:00:00,Indeterminada,CRIMES DIVERSOS,CRIMES DIVERSOS: CRIMES INFORMÁTICOS,ES,VITORIA,SANTO ANTONIO,RUA ERNESTO BASSINI,AMBIENTE WEB
1846,59173548,2025-09-17T00:00:00,10:00:00,CRIMES DIVERSOS,CRIMES DIVERSOS: CRIMES INFORMÁTICOS,ES,CONCEICAO DA BARRA,OUTRO LOCAL,RUA DEZESSEIS,OUTRO LOCAL
1847,59175230,2025-09-17T00:00:00,20:47:00,CRIMES DIVERSOS,CRIMES DIVERSOS: CRIMES INFORMÁTICOS,ES,COLATINA,RIVIERA,RUA MARCELHA,AMBIENTE WEB
1848,59185328,2025-09-17T00:00:00,14:00:00,CRIMES DIVERSOS,CRIMES DIVERSOS: CRIMES INFORMÁTICOS,ES,ANCHIETA,PONTA DOS CASTELHANOS,RUA DOS NAVEGANTES,OUTRO LOCAL
1849,59454686,2025-09-17T00:00:00,19:00:00,CRIMES DIVERSOS,CRIMES DIVERSOS: CRIMES INFORMÁTICOS,ES,SERRA,JACUHY,S/I,AMBIENTE WEB
1850,59173340,2025-09-18T00:00:00,08:00:00,CRIMES DIVERSOS,CRIMES DIVERSOS: CRIMES INFORMÁTICOS,ES,VITORIA,SANTA HELENA,AVENIDA NOSSA SENHORA DA PENHA,AMBIENTE WEB
1851,59174965,2025-09-18T00:00:00,12:00:00,CRIMES DIVERSOS,CRIMES DIVERSOS: CRIMES INFORMÁTICOS,ES,COLATINA,MARIA DAS GRACAS,RUA JOAO BORGHI,AMBIENTE WEB
1852,59180788,2025-09-18T00:00:00,18:00:00,CRIMES DIVERSOS,CRIMES DIVERSOS: CRIMES INFORMÁTICOS,ES,ANCHIETA,OUTRO LOCAL,CONDOMINIO CIDADE JARDIM,OUTRO LOCAL
1853,59180889,2025-09-18T00:00:00,17:00:00,CRIMES DIVERSOS,CRIMES DIVERSOS: CRIMES INFORMÁTICOS,ES,ANCHIETA,OUTRO LOCAL,S/I,AMBIENTE WEB
1854,59208548,2025-09-18T00:00:00,12:05:00,CRIMES DIVERSOS,CRIMES DIVERSOS: CRIMES INFORMÁTICOS,ES,SERRA,JARDIM CARAPINA,ICONHA,OUTRO LOCAL
1855,59217544,2025-09-18T00:00:00,09:25:00,CRIMES DIVERSOS,CRIMES DIVERSOS: CRIMES INFORMÁTICOS,ES,COLATINA,CARLOS GERMANO NAUMANN,RUA GENESIO PEREIRRA JACQUES,AMBIENTE WEB
1856,59182384,2025-09-19T00:00:00,17:00:00,CRIMES DIVERSOS,CRIMES DIVERSOS: CRIMES INFORMÁTICOS,ES,ANCHIETA,OUTRO LOCAL,S/I,AMBIENTE WEB
1857,59184138,2025-09-19T00:00:00,Indeterminada,CRIMES DIVERSOS,CRIMES DIVERSOS: CRIMES INFORMÁTICOS,ES,VITORIA,CENTRO,S/I,AMBIENTE WEB
1858,59184967,2025-09-19T00:00:00,09:00:00,CRIMES DIVERSOS,CRIMES DIVERSOS: CRIMES INFORMÁTICOS,ES,ANCHIETA,CENTRO,RUA BEIJAMIN CONSTANTE,AMBIENTE WEB
1859,59185112,2025-09-19T00:00:00,00:00:00,CRIMES DIVERSOS,CRIMES DIVERSOS: CRIMES INFORMÁTICOS,ES,SERRA,SOLAR DE ANCHIETA,RUA CUIABA,AMBIENTE WEB
1860,59185729,2025-09-19T00:00:00,Indeterminada,CRIMES DIVERSOS,CRIMES DIVERSOS: CRIMES INFORMÁTICOS,ES,SAO MATEUS,OUTRO LOCAL,S/I,AMBIENTE WEB
1861,59185883,2025-09-19T00:00:00,02:20:00,CRIMES DIVERSOS,CRIMES DIVERSOS: CRIMES INFORMÁTICOS,ES,VILA VELHA,SANTA RITA,RUA ARMANDO DE ABREU,AMBIENTE WEB
1862,59192816,2025-09-19T00:00:00,Indeterminada,CRIMES DIVERSOS,CRIMES DIVERSOS: CRIMES INFORMÁTICOS,ES,COLATINA,OUTRO LOCAL,S/I,AMBIENTE WEB
1863,59192929,2025-09-19T00:00:00,Indeterminada,CRIMES DIVERSOS,CRIMES DIVERSOS: CRIMES INFORMÁTICOS,ES,COLATINA,OUTRO LOCAL,S/I,AMBIENTE WEB
1864,59208682,2025-09-19T00:00:00,18:20:00,CRIMES DIVERSOS,CRIMES DIVERSOS: CRIMES INFORMÁTICOS,ES,SERRA,ROSARIO DE FATIMA,R. EDISON POMPERMAYER,VEÍCULO
1865,59230327,2025-09-19T00:00:00,Indeterminada,CRIMES DIVERSOS,CRIMES DIVERSOS: CRIMES INFORMÁTICOS,ES,SAO MATEUS,OUTRO LOCAL,S/I,AMBIENTE WEB
1866,59242770,2025-09-19T00:00:00,19:00:00,CRIMES DIVERSOS,CRIMES DIVERSOS: CRIMES INFORMÁTICOS,ES,SERRA,NOVA CARAPINA II,AVENIDA TUMIRITINGA,AMBIENTE WEB
1867,59200848,2025-09-20T00:00:00,15:30:00,CRIMES DIVERSOS,CRIMES DIVERSOS: CRIMES INFORMÁTICOS,ES,SERRA,RESIDENCIAL JACARAIPE,RUA PRUDENTE DE MORAIS,AMBIENTE WEB
1868,59208291,2025-09-20T00:00:00,19:00:00,CRIMES DIVERSOS,CRIMES DIVERSOS: CRIMES INFORMÁTICOS,ES,VITORIA,JARDIM CAMBURI,R RUI PINTO BANDEIRA,RESIDÊNCIA
1869,59208726,2025-09-20T00:00:00,Indeterminada,CRIMES DIVERSOS,CRIMES DIVERSOS: CRIMES INFORMÁTICOS,ES,AGUIA BRANCA,APARECIDA,RUA FRANCISCO ALVES COUTO,AMBIENTE WEB
1870,59210784,2025-09-20T00:00:00,Indeterminada,CRIMES DIVERSOS,CRIMES DIVERSOS: CRIMES INFORMÁTICOS,ES,SERRA,FEU ROSA,AV AVENCAS,AMBIENTE WEB
1871,59245709,2025-09-20T00:00:00,Indeterminada,CRIMES DIVERSOS,CRIMES DIVERSOS: CRIMES INFORMÁTICOS,ES,VILA VELHA,ARGOLAS,RUA VASCO COUTINHO,AMBIENTE WEB
1872,59218204,2025-09-21T00:00:00,17:30:00,CRIMES DIVERSOS,CRIMES DIVERSOS: CRIMES INFORMÁTICOS,ES,CARIACICA,CAMPO BELO,RUA PINHEIRO,RESIDÊNCIA
1873,59211760,2025-09-22T00:00:00,00:00:00,CRIMES DIVERSOS,CRIMES DIVERSOS: CRIMES INFORMÁTICOS,ES,SERRA,FEU ROSA,RUA FLOR DE CACTUS,AMBIENTE WEB
1874,59218023,2025-09-22T00:00:00,00:00:00,CRIMES DIVERSOS,CRIMES DIVERSOS: CRIMES INFORMÁTICOS,ES,SAO MATEUS,OUTRO LOCAL,S/I,AMBIENTE WEB
1875,59218794,2025-09-22T00:00:00,14:00:00,CRIMES DIVERSOS,CRIMES DIVERSOS: CRIMES INFORMÁTICOS,ES,ANCHIETA,OUTRO LOCAL,S/I,AMBIENTE WEB
1876,59226816,2025-09-22T00:00:00,15:53:00,CRIMES DIVERSOS,CRIMES DIVERSOS: CRIMES INFORMÁTICOS,ES,SERRA,NOVO PORTO CANOA,RUA JURUVA,RESIDÊNCIA
1877,59227510,2025-09-22T00:00:00,00:00:00,CRIMES DIVERSOS,CRIMES DIVERSOS: CRIMES INFORMÁTICOS,ES,SAO MATEUS,OUTRO LOCAL,S/I,AMBIENTE WEB
1878,59230185,2025-09-22T00:00:00,00:00:00,CRIMES DIVERSOS,CRIMES DIVERSOS: CRIMES INFORMÁTICOS,ES,VILA VELHA,SANTA MONICA,RUA 35,AMBIENTE WEB
1879,59336152,2025-09-22T00:00:00,16:00:00,CRIMES DIVERSOS,CRIMES DIVERSOS: CRIMES INFORMÁTICOS,ES,ANCHIETA,ALVORADA,S/I,OUTRO LOCAL
1880,59221041,2025-09-23T00:00:00,Indeterminada,CRIMES DIVERSOS,CRIMES DIVERSOS: CRIMES INFORMÁTICOS,ES,COLATINA,NOSSA SENHORA APARECIDA,RUA PIO,AMBIENTE WEB
1881,59227493,2025-09-23T00:00:00,10:30:00,CRIMES DIVERSOS,CRIMES DIVERSOS: CRIMES INFORMÁTICOS,ES,VILA VELHA,ARACAS,RODOVIA DARLI SANTOS,ESCOLA
1882,59230001,2025-09-23T00:00:00,Indeterminada,CRIMES DIVERSOS,CRIMES DIVERSOS: CRIMES INFORMÁTICOS,ES,SAO MATEUS,OUTRO LOCAL,S/I,AMBIENTE WEB
1883,59235150,2025-09-23T00:00:00,18:00:00,CRIMES DIVERSOS,CRIMES DIVERSOS: CRIMES INFORMÁTICOS,ES,SERRA,ELDORADO,RUA RIO TOCANTINS,AMBIENTE WEB
1884,59242302,2025-09-23T00:00:00,22:11:00,CRIMES DIVERSOS,CRIMES DIVERSOS: CRIMES INFORMÁTICOS,ES,COLATINA,HONORIO FRAGA,RUA THEODORO VAGO,AMBIENTE WEB
1885,59277447,2025-09-23T00:00:00,15:00:00,CRIMES DIVERSOS,CRIMES DIVERSOS: CRIMES INFORMÁTICOS,ES,SERRA,JARDIM GUANABARA,RUA JACAREPAGUÁ,OUTRO LOCAL
1886,59294852,2025-09-23T00:00:00,16:24:00,CRIMES DIVERSOS,CRIMES DIVERSOS: CRIMES INFORMÁTICOS,ES,ANCHIETA,CENTRO,CENTRO,COMÉRCIO
1887,59230080,2025-09-24T00:00:00,14:48:00,CRIMES DIVERSOS,CRIMES DIVERSOS: CRIMES INFORMÁTICOS,ES,ARACRUZ,OUTRO LOCAL,S/I,AMBIENTE WEB
1888,59235261,2025-09-24T00:00:00,09:00:00,CRIMES DIVERSOS,CRIMES DIVERSOS: CRIMES INFORMÁTICOS,ES,SERRA,NOVA CARAPINA I,RUA PONTE NOVA,RESIDÊNCIA
1889,59235276,2025-09-24T00:00:00,00:00:00,CRIMES DIVERSOS,CRIMES DIVERSOS: CRIMES INFORMÁTICOS,ES,SERRA,OUTRO LOCAL,S/I,OUTRO LOCAL
1890,59235286,2025-09-24T00:00:00,16:21:00,CRIMES DIVERSOS,CRIMES DIVERSOS: CRIMES INFORMÁTICOS,ES,SERRA,RESIDENCIAL VISTA DO MESTRE,CONDOMÍNIO,OUTRO LOCAL
1891,59235303,2025-09-24T00:00:00,19:00:00,CRIMES DIVERSOS,CRIMES DIVERSOS: CRIMES INFORMÁTICOS,ES,SERRA,NOVA CARAPINA I,CASA,AMBIENTE WEB
1892,59236619,2025-09-24T00:00:00,09:00:00,CRIMES DIVERSOS,CRIMES DIVERSOS: CRIMES INFORMÁTICOS,ES,SERRA,NOVA CARAPINA I,S/I,AMBIENTE WEB
1893,59238946,2025-09-24T00:00:00,Indeterminada,CRIMES DIVERSOS,CRIMES DIVERSOS: CRIMES INFORMÁTICOS,ES,CARIACICA,FLEXAL II,AV NOSSA SENHORA DA PENHA,AMBIENTE WEB
1894,59242512,2025-09-24T00:00:00,16:30:00,CRIMES DIVERSOS,CRIMES DIVERSOS: CRIMES INFORMÁTICOS,ES,SERRA,CIDADE CONTINENTAL,S/I,AMBIENTE WEB
1895,59284419,2025-09-24T00:00:00,09:00:00,CRIMES DIVERSOS,CRIMES DIVERSOS: CRIMES INFORMÁTICOS,ES,SERRA,OUTRO LOCAL,S/I,AMBIENTE WEB
1896,59236433,2025-09-25T00:00:00,Indeterminada,CRIMES DIVERSOS,CRIMES DIVERSOS: CRIMES INFORMÁTICOS,ES,PINHEIROS,OUTRO LOCAL,S/I,AMBIENTE WEB
1897,59236888,2025-09-25T00:00:00,Indeterminada,CRIMES DIVERSOS,CRIMES DIVERSOS: CRIMES INFORMÁTICOS,ES,LINHARES,INTERLAGOS,AV VASCO FERNANDES COUTINHO,RESIDÊNCIA
1898,59237608,2025-09-25T00:00:00,09:30:00,CRIMES DIVERSOS,CRIMES DIVERSOS: CRIMES INFORMÁTICOS,ES,ARACRUZ,OUTRO LOCAL,S/I,AMBIENTE WEB
1899,59237957,2025-09-25T00:00:00,13:30:00,CRIMES DIVERSOS,CRIMES DIVERSOS: CRIMES INFORMÁTICOS,ES,SAO MATEUS,OUTRO LOCAL,S/I,AMBIENTE WEB
1900,59238163,2025-09-25T00:00:00,10:48:00,CRIMES DIVERSOS,CRIMES DIVERSOS: CRIMES INFORMÁTICOS,ES,SERRA,CENTRAL CARAPINA,S/I,AMBIENTE WEB
1901,59238595,2025-09-25T00:00:00,14:30:00,CRIMES DIVERSOS,CRIMES DIVERSOS: CRIMES INFORMÁTICOS,ES,SAO MATEUS,OUTRO LOCAL,S/I,AMBIENTE WEB
1902,59242315,2025-09-25T00:00:00,12:30:00,CRIMES DIVERSOS,CRIMES DIVERSOS: CRIMES INFORMÁTICOS,ES,COLATINA,VILA LENIRA,S/I,OUTRO LOCAL
1903,59242456,2025-09-25T00:00:00,14:00:00,CRIMES DIVERSOS,CRIMES DIVERSOS: CRIMES INFORMÁTICOS,ES,SERRA,SERRA DOURADA I,S/I,OUTRO LOCAL
1904,59242581,2025-09-25T00:00:00,16:00:00,CRIMES DIVERSOS,CRIMES DIVERSOS: CRIMES INFORMÁTICOS,ES,SERRA,GUARACIABA,S/I,AMBIENTE WEB
1905,59262859,2025-09-25T00:00:00,20:00:00,CRIMES DIVERSOS,CRIMES DIVERSOS: CRIMES INFORMÁTICOS,ES,SERRA,DIVINOPOLIS,RUA ABAETE,AMBIENTE WEB
1906,59262900,2025-09-25T00:00:00,20:30:00,CRIMES DIVERSOS,CRIMES DIVERSOS: CRIMES INFORMÁTICOS,ES,SERRA,CACAROCA,RUA DALILA,OUTRO LOCAL
1907,59286380,2025-09-25T00:00:00,Indeterminada,CRIMES DIVERSOS,CRIMES DIVERSOS: CRIMES INFORMÁTICOS,ES,SERRA,CONJUNTO CARAPINA I,RUA C 13,AMBIENTE WEB
1908,59413366,2025-09-25T00:00:00,16:41:00,CRIMES DIVERSOS,CRIMES DIVERSOS: CRIMES INFORMÁTICOS,ES,PINHEIROS,OUTRO LOCAL,S/I,OUTRO LOCAL
1909,59255708,2025-09-26T00:00:00,17:00:00,CRIMES DIVERSOS,CRIMES DIVERSOS: CRIMES INFORMÁTICOS,ES,VARGEM ALTA,SOSSEGO,ZONA RURAL,OUTRO LOCAL
1910,59262848,2025-09-26T00:00:00,11:00:00,CRIMES DIVERSOS,CRIMES DIVERSOS: CRIMES INFORMÁTICOS,ES,SERRA,PORTO CANOA,RUA DOS PARDAIS,RESIDÊNCIA
1911,59262915,2025-09-26T00:00:00,10:30:00,CRIMES DIVERSOS,CRIMES DIVERSOS: CRIMES INFORMÁTICOS,ES,SERRA,VISTA DA SERRA I,RUA BOA ESPERANÇA,RESIDÊNCIA
1912,59276654,2025-09-26T00:00:00,16:37:00,CRIMES DIVERSOS,CRIMES DIVERSOS: CRIMES INFORMÁTICOS,ES,SERRA,CIDADE CONTINENTAL,RUA TASMNIA,OUTRO LOCAL
1913,59277351,2025-09-26T00:00:00,00:00:00,CRIMES DIVERSOS,CRIMES DIVERSOS: CRIMES INFORMÁTICOS,ES,SAO MATEUS,OUTRO LOCAL,S/I,AMBIENTE WEB
1914,59393371,2025-09-26T00:00:00,Indeterminada,CRIMES DIVERSOS,CRIMES DIVERSOS: CRIMES INFORMÁTICOS,ES,VITORIA,BARRO VERMELHO,RUA DR JOAO CARLOS DE SOUZA,AMBIENTE WEB
1915,59258394,2025-09-27T00:00:00,14:00:00,CRIMES DIVERSOS,CRIMES DIVERSOS: CRIMES INFORMÁTICOS,ES,COLATINA,MARIA DAS GRACAS,TRAVESSA JOSE ARREBOLA,OUTRO LOCAL
1916,59263851,2025-09-27T00:00:00,19:51:00,CRIMES DIVERSOS,CRIMES DIVERSOS: CRIMES INFORMÁTICOS,ES,SERRA,SERRA DOURADA III,S/I,OUTRO LOCAL
1917,59263927,2025-09-27T00:00:00,16:30:00,CRIMES DIVERSOS,CRIMES DIVERSOS: CRIMES INFORMÁTICOS,ES,SERRA,SERRA DOURADA II,S/I,AMBIENTE WEB
1918,59286242,2025-09-27T00:00:00,10:00:00,CRIMES DIVERSOS,CRIMES DIVERSOS: CRIMES INFORMÁTICOS,ES,VITORIA,JARDIM DA PENHA,S/I,AMBIENTE WEB
1919,59430322,2025-09-27T00:00:00,03:34:00,CRIMES DIVERSOS,CRIMES DIVERSOS: CRIMES INFORMÁTICOS,ES,VILA VELHA,PRAIA DE ITAPARICA,RODOVIA DO SOL,AMBIENTE WEB
1920,59267612,2025-09-28T00:00:00,10:00:00,CRIMES DIVERSOS,CRIMES DIVERSOS: CRIMES INFORMÁTICOS,ES,CACHOEIRO DE ITAPEMIRIM,NOSSA SENHORA DE FATIMA,JOSE ROSA MACHADO,COMÉRCIO
1921,59328100,2025-09-28T00:00:00,10:00:00,CRIMES DIVERSOS,CRIMES DIVERSOS: CRIMES INFORMÁTICOS,ES,SERRA,JOSE DE ANCHIETA,RUA CEDRO,OUTRO LOCAL
1922,59390482,2025-09-28T00:00:00,13:00:00,CRIMES DIVERSOS,CRIMES DIVERSOS: CRIMES INFORMÁTICOS,ES,SERRA,SERRA DOURADA III,RUA TIÊ,RESIDÊNCIA
1923,59270940,2025-09-29T00:00:00,12:40:00,CRIMES DIVERSOS,CRIMES DIVERSOS: CRIMES INFORMÁTICOS,ES,ARACRUZ,OUTRO LOCAL,S/I,AMBIENTE WEB
1924,59274103,2025-09-29T00:00:00,17:00:00,CRIMES DIVERSOS,CRIMES DIVERSOS: CRIMES INFORMÁTICOS,ES,VITORIA,GURIGICA,S/I,AMBIENTE WEB
1925,59277135,2025-09-29T00:00:00,15:00:00,CRIMES DIVERSOS,CRIMES DIVERSOS: CRIMES INFORMÁTICOS,ES,ANCHIETA,ALTO PONGAL,RUA VIRGILIO LORENCINI,AMBIENTE WEB
1926,59277989,2025-09-29T00:00:00,00:00:00,CRIMES DIVERSOS,CRIMES DIVERSOS: CRIMES INFORMÁTICOS,ES,SAO MATEUS,OUTRO LOCAL,S/I,AMBIENTE WEB
1927,59278941,2025-09-29T00:00:00,18:00:00,CRIMES DIVERSOS,CRIMES DIVERSOS: CRIMES INFORMÁTICOS,ES,MANTENOPOLIS,CORREGO MANTENINHA,S/I,AMBIENTE WEB
1928,59282351,2025-09-29T00:00:00,11:10:00,CRIMES DIVERSOS,CRIMES DIVERSOS: CRIMES INFORMÁTICOS,ES,SERRA,PLANALTO SERRANO,RUA RIO DE JANEIRO,AMBIENTE WEB
1929,59284507,2025-09-29T00:00:00,17:40:00,CRIMES DIVERSOS,CRIMES DIVERSOS: CRIMES INFORMÁTICOS,ES,SERRA,ELDORADO,RUA RIO JURUÁ,OUTRO LOCAL
1930,59299990,2025-09-29T00:00:00,14:33:00,CRIMES DIVERSOS,CRIMES DIVERSOS: CRIMES INFORMÁTICOS,ES,SERRA,PITANGA,RUA ARISTIDES CORREIA,OUTRO LOCAL
1931,59323926,2025-09-29T00:00:00,16:05:00,CRIMES DIVERSOS,CRIMES DIVERSOS: CRIMES INFORMÁTICOS,ES,COLATINA,OUTRO LOCAL,RUA FLORESTA,AMBIENTE WEB
1932,59340650,2025-09-29T00:00:00,00:00:00,CRIMES DIVERSOS,CRIMES DIVERSOS: CRIMES INFORMÁTICOS,ES,VITORIA,JARDIM CAMBURI,RUA CARLOS DELGADO GUERRA PINTO,AMBIENTE WEB
1933,59472357,2025-09-29T00:00:00,20:58:00,CRIMES DIVERSOS,CRIMES DIVERSOS: CRIMES INFORMÁTICOS,ES,VARGEM ALTA,CENTRO,RUA WILLIAN ROSE,RESIDÊNCIA
1934,59281446,2025-09-30T00:00:00,11:00:00,CRIMES DIVERSOS,CRIMES DIVERSOS: CRIMES INFORMÁTICOS,ES,SERRA,PORTO CANOA,RUA INHAMBUS,OUTRO LOCAL
1935,59282244,2025-09-30T00:00:00,15:00:00,CRIMES DIVERSOS,CRIMES DIVERSOS: CRIMES INFORMÁTICOS,ES,SERRA,CIDADE CONTINENTAL,RUA AMILCAR CABRAL,AMBIENTE WEB
1936,59282985,2025-09-30T00:00:00,Indeterminada,CRIMES DIVERSOS,CRIMES DIVERSOS: CRIMES INFORMÁTICOS,ES,SERRA,VALPARAISO,RUA SANTOS DUMONT,AMBIENTE WEB
1937,59284688,2025-09-30T00:00:00,11:30:00,CRIMES DIVERSOS,CRIMES DIVERSOS: CRIMES INFORMÁTICOS,ES,ANCHIETA,CENTRO,RUA MANOEL VIANA,OUTRO LOCAL
1938,59294314,2025-09-30T00:00:00,Indeterminada,CRIMES DIVERSOS,CRIMES DIVERSOS: CRIMES INFORMÁTICOS,ES,ANCHIETA,PORTAL DE ANCHIETA,AVENIDA THEONILA ANTUNES NOGUEIRA,AMBIENTE WEB
1939,59295027,2025-09-30T00:00:00,Indeterminada,CRIMES DIVERSOS,CRIMES DIVERSOS: CRIMES INFORMÁTICOS,ES,COLATINA,ALTO VILA NOVA,RUA JOAO DA MATA VENTURA,AMBIENTE WEB
1940,59390285,2025-09-30T00:00:00,14:00:00,CRIMES DIVERSOS,CRIMES DIVERSOS: CRIMES INFORMÁTICOS,ES,SERRA,JARDIM PRIMAVERA,RUA ACÁCIA ROXA,AMBIENTE WEB
1941,59286664,2025-01-10T00:00:00,00:30:00,CRIMES DIVERSOS,CRIMES DIVERSOS: CRIMES INFORMÁTICOS,ES,VITORIA,MATA DA PRAIA,RUA ARTACERCE BROTTO,OUTRO LOCAL
1942,59286822,2025-01-10T00:00:00,Indeterminada,CRIMES DIVERSOS,CRIMES DIVERSOS: CRIMES INFORMÁTICOS,ES,PINHEIROS,SANTO ANTONIO,RUA EDUARDO PINHEIRO,AMBIENTE WEB
1943,59290910,2025-01-10T00:00:00,15:00:00,CRIMES DIVERSOS,CRIMES DIVERSOS: CRIMES INFORMÁTICOS,ES,ANCHIETA,CENTRO,RUA JAIRO PIMENTEL,OUTRO LOCAL
1944,59291124,2025-01-10T00:00:00,14:00:00,CRIMES DIVERSOS,CRIMES DIVERSOS: CRIMES INFORMÁTICOS,ES,SERRA,CIDADE CONTINENTAL,RUA TANOMAMI,AMBIENTE WEB
1945,59291180,2025-01-10T00:00:00,00:00:00,CRIMES DIVERSOS,CRIMES DIVERSOS: CRIMES INFORMÁTICOS,ES,SAO MATEUS,OUTRO LOCAL,S/I,AMBIENTE WEB
1946,59292763,2025-01-10T00:00:00,21:57:00,CRIMES DIVERSOS,CRIMES DIVERSOS: CRIMES INFORMÁTICOS,ES,IRUPI,ZONA RURAL,VILA DO DEVAIR,AMBIENTE WEB
1947,59297114,2025-01-10T00:00:00,18:20:00,CRIMES DIVERSOS,CRIMES DIVERSOS: CRIMES INFORMÁTICOS,ES,COLATINA,OUTRO LOCAL,AVENIDA VIRGÍLIO DA COSTA TEIXEIRA,RESIDÊNCIA
1948,59299953,2025-01-10T00:00:00,15:25:00,CRIMES DIVERSOS,CRIMES DIVERSOS: CRIMES INFORMÁTICOS,ES,SERRA,PORTO CANOA,S/I,AMBIENTE WEB
1949,59299973,2025-01-10T00:00:00,16:30:00,CRIMES DIVERSOS,CRIMES DIVERSOS: CRIMES INFORMÁTICOS,ES,SERRA,CENTRO DA SERRA,S/I,OUTRO LOCAL
1950,59300290,2025-01-10T00:00:00,Indeterminada,CRIMES DIVERSOS,CRIMES DIVERSOS: CRIMES INFORMÁTICOS,ES,ARACRUZ,OUTRO LOCAL,S/I,AMBIENTE WEB
1951,59338961,2025-01-10T00:00:00,00:00:00,CRIMES DIVERSOS,CRIMES DIVERSOS: CRIMES INFORMÁTICOS,ES,ANCHIETA,ALVORADA,RUA MARECHAL FLORIANO PEIXOTO,AMBIENTE WEB
1952,59400072,2025-01-10T00:00:00,15:59:00,CRIMES DIVERSOS,CRIMES DIVERSOS: CRIMES INFORMÁTICOS,ES,SERRA,JARDIM CARAPINA,CARAPINA,OUTRO LOCAL
1953,59400231,2025-01-10T00:00:00,10:56:00,CRIMES DIVERSOS,CRIMES DIVERSOS: CRIMES INFORMÁTICOS,ES,SERRA,ANDRE CARLONI,RUA SANTA TEREZINHA,AMBIENTE WEB
1954,59431593,2025-01-10T00:00:00,Indeterminada,CRIMES DIVERSOS,CRIMES DIVERSOS: CRIMES INFORMÁTICOS,ES,PINHEIROS,ZONA RURAL,FAZENDA MEGA SENA,AMBIENTE WEB
1955,59575501,2025-01-10T00:00:00,Indeterminada,CRIMES DIVERSOS,CRIMES DIVERSOS: CRIMES INFORMÁTICOS,ES,SERRA,SAO DOMINGOS,RUA SAO LUCAS,AMBIENTE WEB
1956,59290928,2025-02-10T00:00:00,05:57:00,CRIMES DIVERSOS,CRIMES DIVERSOS: CRIMES INFORMÁTICOS,ES,ANCHIETA,OUTRO LOCAL,S/I,AMBIENTE WEB
1957,59292446,2025-02-10T00:00:00,Indeterminada,CRIMES DIVERSOS,CRIMES DIVERSOS: CRIMES INFORMÁTICOS,ES,PINHEIROS,CENTRO,PRAÇA BAIANA,COMÉRCIO
1958,59293375,2025-02-10T00:00:00,07:00:00,CRIMES DIVERSOS,CRIMES DIVERSOS: CRIMES INFORMÁTICOS,ES,SERRA,SERRA DOURADA III,RUA CARCARÁ,OUTRO LOCAL
1959,59296240,2025-02-10T00:00:00,10:23:00,CRIMES DIVERSOS,CRIMES DIVERSOS: CRIMES INFORMÁTICOS,ES,VILA VELHA,OUTRO LOCAL,S/I,AMBIENTE WEB
1960,59300012,2025-02-10T00:00:00,21:31:00,CRIMES DIVERSOS,CRIMES DIVERSOS: CRIMES INFORMÁTICOS,ES,SERRA,CAMPINHO DA SERRA II,S/I,AMBIENTE WEB
1961,59300060,2025-02-10T00:00:00,18:00:00,CRIMES DIVERSOS,CRIMES DIVERSOS: CRIMES INFORMÁTICOS,ES,SERRA,PORTO CANOA,RUA DOS PERIQUITOS,OUTRO LOCAL
1962,59300315,2025-02-10T00:00:00,18:34:00,CRIMES DIVERSOS,CRIMES DIVERSOS: CRIMES INFORMÁTICOS,ES,SANTA MARIA DE JETIBA,GARRAFAO,PREDIO,RESIDÊNCIA
1963,59300410,2025-02-10T00:00:00,17:00:00,CRIMES DIVERSOS,CRIMES DIVERSOS: CRIMES INFORMÁTICOS,ES,VITORIA,SANTA CLARA,RUA SÃO JOÃO,AMBIENTE WEB
1964,59300733,2025-02-10T00:00:00,20:00:00,CRIMES DIVERSOS,CRIMES DIVERSOS: CRIMES INFORMÁTICOS,ES,VITORIA,SANTA MARTHA,ESCADA,OUTRO LOCAL
1965,59329855,2025-02-10T00:00:00,07:00:00,CRIMES DIVERSOS,CRIMES DIVERSOS: CRIMES INFORMÁTICOS,ES,VARGEM ALTA,CENTRO,RUA PEDRO ISRAEL DAVID,REPARTICAO PUBLICA
1966,59346423,2025-02-10T00:00:00,15:26:00,CRIMES DIVERSOS,CRIMES DIVERSOS: CRIMES INFORMÁTICOS,ES,CONCEICAO DA BARRA,NOSSA SENHORA APARECIDA,RUA VINTE E DOIS DE NOVEMBRO,AMBIENTE WEB
1967,59394686,2025-02-10T00:00:00,00:00:00,CRIMES DIVERSOS,CRIMES DIVERSOS: CRIMES INFORMÁTICOS,ES,SERRA,SERRA DOURADA II,RUA XINGU,AMBIENTE WEB
1968,59300694,2025-03-10T00:00:00,08:10:00,CRIMES DIVERSOS,CRIMES DIVERSOS: CRIMES INFORMÁTICOS,ES,CASTELO,CENTRO,RUA FREI MANOEL,AMBIENTE WEB
1969,59301097,2025-03-10T00:00:00,Indeterminada,CRIMES DIVERSOS,CRIMES DIVERSOS: CRIMES INFORMÁTICOS,ES,PINHEIROS,CENTRO,FARMACIA DO TRABALHADOR E DO APOSENTADO,COMÉRCIO
1970,59302985,2025-03-10T00:00:00,12:00:00,CRIMES DIVERSOS,CRIMES DIVERSOS: CRIMES INFORMÁTICOS,ES,VITORIA,MATA DA PRAIA,AV CARLOS GOMES DE SA,AMBIENTE WEB
1971,59303673,2025-03-10T00:00:00,12:50:00,CRIMES DIVERSOS,CRIMES DIVERSOS: CRIMES INFORMÁTICOS,ES,VILA VELHA,VILA GARRIDO,RUA CAP VIEIRA DE MELO,AMBIENTE WEB
1972,59303741,2025-03-10T00:00:00,14:00:00,CRIMES DIVERSOS,CRIMES DIVERSOS: CRIMES INFORMÁTICOS,ES,ALFREDO CHAVES,CENTRO,ALAMEDA JOSE SEME,AMBIENTE WEB
1973,59303882,2025-03-10T00:00:00,10:52:00,CRIMES DIVERSOS,CRIMES DIVERSOS: CRIMES INFORMÁTICOS,ES,SANTA MARIA DE JETIBA,SAO LUIS,RUA FERNANDO HAESE,OUTRO LOCAL
1974,59309404,2025-03-10T00:00:00,08:00:00,CRIMES DIVERSOS,CRIMES DIVERSOS: CRIMES INFORMÁTICOS,ES,COLATINA,MARIA DAS GRACAS,AVENIDA BRASIL,COMÉRCIO
1975,59326708,2025-03-10T00:00:00,13:10:00,CRIMES DIVERSOS,CRIMES DIVERSOS: CRIMES INFORMÁTICOS,ES,SERRA,COLINA DA SERRA,S/I,AMBIENTE WEB
1976,59326821,2025-03-10T00:00:00,08:12:00,CRIMES DIVERSOS,CRIMES DIVERSOS: CRIMES INFORMÁTICOS,ES,SERRA,OUTRO LOCAL,S/I,AMBIENTE WEB
1977,59326920,2025-03-10T00:00:00,08:12:00,CRIMES DIVERSOS,CRIMES DIVERSOS: CRIMES INFORMÁTICOS,ES,SERRA,OUTRO LOCAL,S/I,AMBIENTE WEB
1978,59327204,2025-03-10T00:00:00,13:08:00,CRIMES DIVERSOS,CRIMES DIVERSOS: CRIMES INFORMÁTICOS,ES,SANTA TERESA,CENTRO,AV. DARLY NERTY VERVLOET,AMBIENTE WEB
1979,59327250,2025-03-10T00:00:00,15:00:00,CRIMES DIVERSOS,CRIMES DIVERSOS: CRIMES INFORMÁTICOS,ES,SERRA,NOVO PORTO CANOA,S/I,AMBIENTE WEB
1980,59340830,2025-03-10T00:00:00,15:21:00,CRIMES DIVERSOS,CRIMES DIVERSOS: CRIMES INFORMÁTICOS,ES,VITORIA,JARDIM CAMBURI,NÃO SE APLICA - GOLPE FOI EM AMBIENTE VIRTUAL,OUTRO LOCAL
1981,59417932,2025-03-10T00:00:00,13:00:00,CRIMES DIVERSOS,CRIMES DIVERSOS: CRIMES INFORMÁTICOS,ES,SERRA,JARDIM TROPICAL,S/I,OUTRO LOCAL
1982,59522109,2025-03-10T00:00:00,14:00:00,CRIMES DIVERSOS,CRIMES DIVERSOS: CRIMES INFORMÁTICOS,ES,SERRA,SAO DOMINGOS,S/I,AMBIENTE WEB
1983,59327797,2025-04-10T00:00:00,09:04:00,CRIMES DIVERSOS,CRIMES DIVERSOS: CRIMES INFORMÁTICOS,ES,CASTELO,INDEPENDENCIA,RUA WARLEY COSTA,RESIDÊNCIA
1984,59346586,2025-04-10T00:00:00,03:12:00,CRIMES DIVERSOS,CRIMES DIVERSOS: CRIMES INFORMÁTICOS,ES,SERRA,CIDADE CONTINENTAL,RUA DOS TIGRES,AMBIENTE WEB
1985,59415531,2025-04-10T00:00:00,04:46:00,CRIMES DIVERSOS,CRIMES DIVERSOS: CRIMES INFORMÁTICOS,ES,SERRA,BAIRRO NOVO,RUA MANOEL BERMUDES DA SILVA,ESCRITORIO
1986,59424818,2025-04-10T00:00:00,04:00:00,CRIMES DIVERSOS,CRIMES DIVERSOS: CRIMES INFORMÁTICOS,ES,SERRA,VISTA DA SERRA II,S/I,OUTRO LOCAL
1987,59327285,2025-05-10T00:00:00,09:00:00,CRIMES DIVERSOS,CRIMES DIVERSOS: CRIMES INFORMÁTICOS,ES,SERRA,CASCATA,RUA MARGARIDAS,RESIDÊNCIA
1988,59354247,2025-05-10T00:00:00,Indeterminada,CRIMES DIVERSOS,CRIMES DIVERSOS: CRIMES INFORMÁTICOS,ES,SERRA,SERRA DOURADA II,RUA MOÇAMBIQUE,AMBIENTE WEB
1989,59363016,2025-05-10T00:00:00,23:12:00,CRIMES DIVERSOS,CRIMES DIVERSOS: CRIMES INFORMÁTICOS,ES,SERRA,VISTA DA SERRA I,S/I,AGÊNCIA BANCÁRIA
1990,59329872,2025-06-10T00:00:00,10:20:00,CRIMES DIVERSOS,CRIMES DIVERSOS: CRIMES INFORMÁTICOS,ES,CASTELO,ZONA RURAL,COMUNIDADE PONTE DE SÃO JOÃO,AMBIENTE WEB
1991,59336821,2025-06-10T00:00:00,11:00:00,CRIMES DIVERSOS,CRIMES DIVERSOS: CRIMES INFORMÁTICOS,ES,SERRA,SANTA LUZIA,ROD NORTE SUL,RESIDÊNCIA
1992,59340891,2025-06-10T00:00:00,15:00:00,CRIMES DIVERSOS,CRIMES DIVERSOS: CRIMES INFORMÁTICOS,ES,VITORIA,JARDIM CAMBURI,AVENIDA EURICO REZENDE,AMBIENTE WEB
1993,59345442,2025-06-10T00:00:00,12:00:00,CRIMES DIVERSOS,CRIMES DIVERSOS: CRIMES INFORMÁTICOS,ES,SERRA,VISTA DA SERRA I,AVENIDA GUARAPARI,RESIDÊNCIA
1994,59345798,2025-06-10T00:00:00,18:07:00,CRIMES DIVERSOS,CRIMES DIVERSOS: CRIMES INFORMÁTICOS,ES,SAO ROQUE DO CANAA,VILA VERDE,S/I,AMBIENTE WEB
1995,59363035,2025-06-10T00:00:00,14:19:00,CRIMES DIVERSOS,CRIMES DIVERSOS: CRIMES INFORMÁTICOS,ES,SERRA,ESTANCIA MONAZITICA,RUA RIO GRANDE DO SUL,AMBIENTE WEB
1996,59402082,2025-06-10T00:00:00,Indeterminada,CRIMES DIVERSOS,CRIMES DIVERSOS: CRIMES INFORMÁTICOS,ES,VILA VELHA,JARDIM GUADALAJARA,RUA TUIUTI,AMBIENTE WEB
1997,59416844,2025-06-10T00:00:00,13:25:00,CRIMES DIVERSOS,CRIMES DIVERSOS: CRIMES INFORMÁTICOS,ES,COLATINA,HONORIO FRAGA,RUA ANTONIO PERUTTI,ESCRITORIO
1998,59340971,2025-07-10T00:00:00,11:59:00,CRIMES DIVERSOS,CRIMES DIVERSOS: CRIMES INFORMÁTICOS,ES,VITORIA,JARDIM CAMBURI,S/I,AMBIENTE WEB
1999,59341526,2025-07-10T00:00:00,14:30:00,CRIMES DIVERSOS,CRIMES DIVERSOS: CRIMES INFORMÁTICOS,ES,CARIACICA,SANTA LUZIA,S/I,OUTRO LOCAL
2000,59345113,2025-07-10T00:00:00,12:00:00,CRIMES DIVERSOS,CRIMES DIVERSOS: CRIMES INFORMÁTICOS,ES,COLATINA,VILA NOVA,RUA VIRGILIO GOMES BARRETO,AMBIENTE WEB
2001,59346299,2025-07-10T00:00:00,16:30:00,CRIMES DIVERSOS,CRIMES DIVERSOS: CRIMES INFORMÁTICOS,ES,VILA VELHA,PRAIA DE ITAPARICA,AV SATUNITO RANGEL,AMBIENTE WEB
2002,59346654,2025-07-10T00:00:00,12:00:00,CRIMES DIVERSOS,CRIMES DIVERSOS: CRIMES INFORMÁTICOS,ES,SERRA,MARINGA,S/I,OUTRO LOCAL
2003,59349726,2025-07-10T00:00:00,Indeterminada,CRIMES DIVERSOS,CRIMES DIVERSOS: CRIMES INFORMÁTICOS,ES,PINHEIROS,OUTRO LOCAL,S/I,AMBIENTE WEB
2004,59350057,2025-07-10T00:00:00,18:30:00,CRIMES DIVERSOS,CRIMES DIVERSOS: CRIMES INFORMÁTICOS,ES,VILA VELHA,GUARANHUNS,RUA FERNANDO CARDOSO MORAES,RESIDÊNCIA
2005,59353518,2025-07-10T00:00:00,18:40:00,CRIMES DIVERSOS,CRIMES DIVERSOS: CRIMES INFORMÁTICOS,ES,COLATINA,MARIA DAS GRACAS,RUA HENRIQUE DE ALMEIDA,OUTRO LOCAL
2006,59354344,2025-07-10T00:00:00,22:00:00,CRIMES DIVERSOS,CRIMES DIVERSOS: CRIMES INFORMÁTICOS,ES,SERRA,SERRA DOURADA I,RUA ISTAMBUL,AMBIENTE WEB
2007,59354359,2025-07-10T00:00:00,14:00:00,CRIMES DIVERSOS,CRIMES DIVERSOS: CRIMES INFORMÁTICOS,ES,SERRA,OUTRO LOCAL,S/I,AMBIENTE WEB
2008,59354458,2025-07-10T00:00:00,11:20:00,CRIMES DIVERSOS,CRIMES DIVERSOS: CRIMES INFORMÁTICOS,ES,VITORIA,JARDIM CAMBURI,AV. DOS EXPEDICIONARIOS,RESIDÊNCIA
2009,59429075,2025-07-10T00:00:00,19:00:00,CRIMES DIVERSOS,CRIMES DIVERSOS: CRIMES INFORMÁTICOS,ES,FUNDAO,PRAIA GRANDE,AV LINHARES,RESIDÊNCIA
2010,59438395,2025-07-10T00:00:00,Indeterminada,CRIMES DIVERSOS,CRIMES DIVERSOS: CRIMES INFORMÁTICOS,ES,SERRA,OUTRO LOCAL,S/I,AMBIENTE WEB
2011,59585979,2025-07-10T00:00:00,00:00:00,CRIMES DIVERSOS,CRIMES DIVERSOS: CRIMES INFORMÁTICOS,ES,SERRA,RESIDENCIAL CENTRO DA SERRA,RUA BACUMIXA,AMBIENTE WEB
2012,59587102,2025-07-10T00:00:00,22:00:00,CRIMES DIVERSOS,CRIMES DIVERSOS: CRIMES INFORMÁTICOS,ES,COLATINA,NOSSA SENHORA APARECIDA,S/I,AMBIENTE WEB
2013,59349186,2025-08-10T00:00:00,13:00:00,CRIMES DIVERSOS,CRIMES DIVERSOS: CRIMES INFORMÁTICOS,ES,PINHEIROS,CENTRO,AV JOAO EMANUEL GAGNO,AMBIENTE WEB
2014,59351440,2025-08-10T00:00:00,12:00:00,CRIMES DIVERSOS,CRIMES DIVERSOS: CRIMES INFORMÁTICOS,ES,COLATINA,BELA VISTA,RUA ANTONIO FOLHAGEM,AMBIENTE WEB
2015,59351955,2025-08-10T00:00:00,Indeterminada,CRIMES DIVERSOS,CRIMES DIVERSOS: CRIMES INFORMÁTICOS,ES,GUARAPARI,MUQUICABA,S/I,AMBIENTE WEB
2016,59354365,2025-08-10T00:00:00,12:00:00,CRIMES DIVERSOS,CRIMES DIVERSOS: CRIMES INFORMÁTICOS,ES,SERRA,CAMPINHO DA SERRA II,EMPRESA,COMÉRCIO
2017,59354523,2025-08-10T00:00:00,20:37:00,CRIMES DIVERSOS,CRIMES DIVERSOS: CRIMES INFORMÁTICOS,ES,SERRA,ESTANCIA MONAZITICA,ORLA DA PRAIA,VIA PÚBLICA
2018,59356907,2025-08-10T00:00:00,15:00:00,CRIMES DIVERSOS,CRIMES DIVERSOS: CRIMES INFORMÁTICOS,ES,VITORIA,JARDIM CAMBURI,RUA ORLANDO CALIMAN,RESIDÊNCIA
2019,59357047,2025-08-10T00:00:00,10:23:00,CRIMES DIVERSOS,CRIMES DIVERSOS: CRIMES INFORMÁTICOS,ES,SERRA,JARDIM TROPICAL,S/I,AMBIENTE WEB
2020,59358379,2025-08-10T00:00:00,17:00:00,CRIMES DIVERSOS,CRIMES DIVERSOS: CRIMES INFORMÁTICOS,ES,PINHEIROS,OUTRO LOCAL,S/I,AMBIENTE WEB
2021,59362895,2025-08-10T00:00:00,01:04:00,CRIMES DIVERSOS,CRIMES DIVERSOS: CRIMES INFORMÁTICOS,ES,SERRA,CIDADE CONTINENTAL,S/I,COMÉRCIO
2022,59363008,2025-08-10T00:00:00,00:00:00,CRIMES DIVERSOS,CRIMES DIVERSOS: CRIMES INFORMÁTICOS,ES,SERRA,CIDADE CONTINENTAL,RUA MADRI,AMBIENTE WEB
2023,59393387,2025-08-10T00:00:00,08:00:00,CRIMES DIVERSOS,CRIMES DIVERSOS: CRIMES INFORMÁTICOS,ES,VITORIA,MATA DA PRAIA,RUA PETROLINO CESAR DE MORAES,OUTRO LOCAL
2024,59488381,2025-08-10T00:00:00,00:06:00,CRIMES DIVERSOS,CRIMES DIVERSOS: CRIMES INFORMÁTICOS,ES,SERRA,OUTRO LOCAL,S/I,OUTRO LOCAL
2025,59356814,2025-09-10T00:00:00,09:30:00,CRIMES DIVERSOS,CRIMES DIVERSOS: CRIMES INFORMÁTICOS,ES,CARIACICA,VASCO DA GAMA,RUA LOUREIRO,AMBIENTE WEB
2026,59362907,2025-09-10T00:00:00,09:00:00,CRIMES DIVERSOS,CRIMES DIVERSOS: CRIMES INFORMÁTICOS,ES,SERRA,OUTRO LOCAL,S/I,OUTRO LOCAL
2027,59362945,2025-09-10T00:00:00,12:30:00,CRIMES DIVERSOS,CRIMES DIVERSOS: CRIMES INFORMÁTICOS,ES,SERRA,SERRA DOURADA I,S/I,VIA PÚBLICA
2028,59365307,2025-09-10T00:00:00,19:28:00,CRIMES DIVERSOS,CRIMES DIVERSOS: CRIMES INFORMÁTICOS,ES,SERRA,NOVA CARAPINA I,RUA TRÊS CORAÇÕES,OUTRO LOCAL
2029,59365777,2025-09-10T00:00:00,18:58:00,CRIMES DIVERSOS,CRIMES DIVERSOS: CRIMES INFORMÁTICOS,ES,CASTELO,SANTA BARBARA,RECANTO PATI CASTELO,AMBIENTE WEB
2030,59393417,2025-09-10T00:00:00,00:00:00,CRIMES DIVERSOS,CRIMES DIVERSOS: CRIMES INFORMÁTICOS,ES,VITORIA,JOANA DARC,RUA LEOPOLDO N AMARAL PEREIRA,AMBIENTE WEB
2031,59420989,2025-09-10T00:00:00,08:02:00,CRIMES DIVERSOS,CRIMES DIVERSOS: CRIMES INFORMÁTICOS,ES,SERRA,ELDORADO,RUA ITABAPOANA,AMBIENTE WEB
2032,59366766,2025-10-10T00:00:00,13:35:00,CRIMES DIVERSOS,CRIMES DIVERSOS: CRIMES INFORMÁTICOS,ES,CASTELO,SANTO ANDREZINHO,RUA JOSÉ ALVES RANGEL,AMBIENTE WEB
2033,59388033,2025-10-10T00:00:00,16:00:00,CRIMES DIVERSOS,CRIMES DIVERSOS: CRIMES INFORMÁTICOS,ES,VARGEM ALTA,TAQUARACU,TAQUARUSSU,RESIDÊNCIA
2034,59390298,2025-10-10T00:00:00,11:00:00,CRIMES DIVERSOS,CRIMES DIVERSOS: CRIMES INFORMÁTICOS,ES,SERRA,NOVA CARAPINA I,RUA CAXAMBÚ,COMÉRCIO
2035,59390423,2025-10-10T00:00:00,14:00:00,CRIMES DIVERSOS,CRIMES DIVERSOS: CRIMES INFORMÁTICOS,ES,SERRA,OUTRO LOCAL,S/I,AMBIENTE WEB
2036,59390508,2025-10-10T00:00:00,11:00:00,CRIMES DIVERSOS,CRIMES DIVERSOS: CRIMES INFORMÁTICOS,ES,SERRA,ESTANCIA MONAZITICA,RUA MARILIA REZENDE COUTINHO,AMBIENTE WEB
2037,59390529,2025-10-10T00:00:00,17:00:00,CRIMES DIVERSOS,CRIMES DIVERSOS: CRIMES INFORMÁTICOS,ES,VITORIA,DE LOURDES,S/I,OUTRO LOCAL
2038,59391199,2025-10-10T00:00:00,13:00:00,CRIMES DIVERSOS,CRIMES DIVERSOS: CRIMES INFORMÁTICOS,ES,VILA VELHA,SAO TORQUATO,S/I,AMBIENTE WEB
2039,59395006,2025-10-10T00:00:00,15:19:00,CRIMES DIVERSOS,CRIMES DIVERSOS: CRIMES INFORMÁTICOS,ES,ANCHIETA,PORTAL DE ANCHIETA,AV OLIVEIRA,OUTRO LOCAL
2040,59400119,2025-10-10T00:00:00,15:00:00,CRIMES DIVERSOS,CRIMES DIVERSOS: CRIMES INFORMÁTICOS,ES,SERRA,JOSE DE ANCHIETA II,S/I,COMÉRCIO
2041,59431846,2025-10-10T00:00:00,20:50:00,CRIMES DIVERSOS,CRIMES DIVERSOS: CRIMES INFORMÁTICOS,ES,VITORIA,PONTAL DE CAMBURI,RUA VINICIUS DE MORAES,AMBIENTE WEB
2042,59470963,2025-10-10T00:00:00,11:00:00,CRIMES DIVERSOS,CRIMES DIVERSOS: CRIMES INFORMÁTICOS,ES,SERRA,BAIRRO NOVO,RUA MANOEL BERMUDES DA SILVA,ESCRITORIO
2043,59390417,2025-11-10T00:00:00,13:20:00,CRIMES DIVERSOS,CRIMES DIVERSOS: CRIMES INFORMÁTICOS,ES,SERRA,CIDADE POMAR,S/I,AMBIENTE WEB
2044,59390584,2025-11-10T00:00:00,17:00:00,CRIMES DIVERSOS,CRIMES DIVERSOS: CRIMES INFORMÁTICOS,ES,CARIACICA,SAO FRANCISCO,S/I,RESIDÊNCIA
2045,59391663,2025-11-10T00:00:00,12:42:00,CRIMES DIVERSOS,CRIMES DIVERSOS: CRIMES INFORMÁTICOS,ES,VITORIA,JARDIM CAMBURI,S/I,AMBIENTE WEB
2046,59402502,2025-11-10T00:00:00,10:47:00,CRIMES DIVERSOS,CRIMES DIVERSOS: CRIMES INFORMÁTICOS,ES,SERRA,JARDIM TROPICAL,RUA SANTA LUZIA,AMBIENTE WEB
2047,59384154,2025-12-10T00:00:00,16:30:00,CRIMES DIVERSOS,CRIMES DIVERSOS: CRIMES INFORMÁTICOS,ES,COLATINA,SANTOS DUMONT,RUA JASMIN,RESIDÊNCIA
2048,59392457,2025-12-10T00:00:00,09:00:00,CRIMES DIVERSOS,CRIMES DIVERSOS: CRIMES INFORMÁTICOS,ES,CONCEICAO DA BARRA,BRACO DO RIO,"RUA SEBASTIÃO JOSE FERNANDES, S/N",AMBIENTE WEB
2049,59393040,2025-12-10T00:00:00,20:30:00,CRIMES DIVERSOS,CRIMES DIVERSOS: CRIMES INFORMÁTICOS,ES,SERRA,DIVINOPOLIS,RUA BETIM,AMBIENTE WEB
2050,59395525,2025-12-10T00:00:00,11:00:00,CRIMES DIVERSOS,CRIMES DIVERSOS: CRIMES INFORMÁTICOS,ES,ANCHIETA,JUSTICA,RUA FRANKLIN VON DOELINGER,AMBIENTE WEB
2051,59400028,2025-12-10T00:00:00,19:14:00,CRIMES DIVERSOS,CRIMES DIVERSOS: CRIMES INFORMÁTICOS,ES,VITORIA,SANTA TEREZA,RUA PROF FEU ROSA,VEÍCULO
2052,59422659,2025-12-10T00:00:00,14:36:00,CRIMES DIVERSOS,CRIMES DIVERSOS: CRIMES INFORMÁTICOS,ES,ANCHIETA,ALVORADA,S/I,AMBIENTE WEB
2053,59395729,2025-10-13T00:00:00,12:00:00,CRIMES DIVERSOS,CRIMES DIVERSOS: CRIMES INFORMÁTICOS,ES,COLATINA,ZONA RURAL,SAO JOÃO PEQUENO,RESIDÊNCIA
2054,59399616,2025-10-13T00:00:00,16:55:00,CRIMES DIVERSOS,CRIMES DIVERSOS: CRIMES INFORMÁTICOS,ES,SERRA,CACAROCA,RUA ROGERIO NORBIM,AMBIENTE WEB
2055,59399621,2025-10-13T00:00:00,15:34:00,CRIMES DIVERSOS,CRIMES DIVERSOS: CRIMES INFORMÁTICOS,ES,SERRA,CIDADE CONTINENTAL,S/I,OUTRO LOCAL
2056,59408755,2025-10-13T00:00:00,15:40:00,CRIMES DIVERSOS,CRIMES DIVERSOS: CRIMES INFORMÁTICOS,ES,SERRA,DIVINOPOLIS,RUA REALEZA,AMBIENTE WEB
2057,59413433,2025-10-13T00:00:00,12:52:00,CRIMES DIVERSOS,CRIMES DIVERSOS: CRIMES INFORMÁTICOS,ES,PINHEIROS,ZONA RURAL,S/I,ESCOLA
2058,59529072,2025-10-13T00:00:00,12:40:00,CRIMES DIVERSOS,CRIMES DIVERSOS: CRIMES INFORMÁTICOS,ES,SERRA,SAO MARCOS II,S/I,RESIDÊNCIA
2059,59402798,2025-10-14T00:00:00,00:00:00,CRIMES DIVERSOS,CRIMES DIVERSOS: CRIMES INFORMÁTICOS,ES,VILA VELHA,SANTA PAULA II,RUA NOSSA SENHORA DO ROSARIO,AMBIENTE WEB
2060,59403632,2025-10-14T00:00:00,Indeterminada,CRIMES DIVERSOS,CRIMES DIVERSOS: CRIMES INFORMÁTICOS,ES,SAO MATEUS,OUTRO LOCAL,S/I,AMBIENTE WEB
2061,59408791,2025-10-14T00:00:00,12:01:00,CRIMES DIVERSOS,CRIMES DIVERSOS: CRIMES INFORMÁTICOS,ES,SERRA,OUTRO LOCAL,S/I,AMBIENTE WEB
2062,59408811,2025-10-14T00:00:00,21:43:00,CRIMES DIVERSOS,CRIMES DIVERSOS: CRIMES INFORMÁTICOS,ES,SERRA,VISTA DA SERRA I,RUA MARATAIZES,RESIDÊNCIA
2063,59408842,2025-10-14T00:00:00,13:00:00,CRIMES DIVERSOS,CRIMES DIVERSOS: CRIMES INFORMÁTICOS,ES,SERRA,VISTA DA SERRA II,RUA FIGUEIRAS,AMBIENTE WEB
2064,59408859,2025-10-14T00:00:00,14:00:00,CRIMES DIVERSOS,CRIMES DIVERSOS: CRIMES INFORMÁTICOS,ES,SERRA,ESTANCIA MONAZITICA,RUA MARANHAO,OUTRO LOCAL
2065,59410066,2025-10-14T00:00:00,19:00:00,CRIMES DIVERSOS,CRIMES DIVERSOS: CRIMES INFORMÁTICOS,ES,SAO MATEUS,OUTRO LOCAL,S/I,AMBIENTE WEB
2066,59418125,2025-10-14T00:00:00,Indeterminada,CRIMES DIVERSOS,CRIMES DIVERSOS: CRIMES INFORMÁTICOS,ES,SAO MATEUS,OUTRO LOCAL,S/I,AMBIENTE WEB
2067,59421998,2025-10-14T00:00:00,Indeterminada,CRIMES DIVERSOS,CRIMES DIVERSOS: CRIMES INFORMÁTICOS,ES,VITORIA,REPUBLICA,RUA NEREU RAMOS,AMBIENTE WEB
2068,59424836,2025-10-14T00:00:00,07:00:00,CRIMES DIVERSOS,CRIMES DIVERSOS: CRIMES INFORMÁTICOS,ES,SERRA,CIDADE CONTINENTAL,QUADRA 2,AMBIENTE WEB
2069,59427319,2025-10-14T00:00:00,10:00:00,CRIMES DIVERSOS,CRIMES DIVERSOS: CRIMES INFORMÁTICOS,ES,SERRA,PLANALTO SERRANO,S/I,OUTRO LOCAL
2070,59430151,2025-10-14T00:00:00,06:00:00,CRIMES DIVERSOS,CRIMES DIVERSOS: CRIMES INFORMÁTICOS,ES,SERRA,CACAROCA,S/I,AMBIENTE WEB
2071,59529079,2025-10-14T00:00:00,19:00:00,CRIMES DIVERSOS,CRIMES DIVERSOS: CRIMES INFORMÁTICOS,ES,SERRA,CIDADE POMAR,S/I,OUTRO LOCAL
2072,59410816,2025-10-15T00:00:00,Indeterminada,CRIMES DIVERSOS,CRIMES DIVERSOS: CRIMES INFORMÁTICOS,ES,VILA VELHA,VALE ENCANTADO,RUA CORREGO GRANDE,RESIDÊNCIA
2073,59413227,2025-10-15T00:00:00,16:00:00,CRIMES DIVERSOS,CRIMES DIVERSOS: CRIMES INFORMÁTICOS,ES,COLATINA,VILA LENIRA,RUA DAVID TOREZANI,RESIDÊNCIA
2074,59415465,2025-10-15T00:00:00,11:50:00,CRIMES DIVERSOS,CRIMES DIVERSOS: CRIMES INFORMÁTICOS,ES,SERRA,PLANALTO SERRANO,AVENIDA SÃO PAULO,AMBIENTE WEB
2075,59416903,2025-10-15T00:00:00,15:00:00,CRIMES DIVERSOS,CRIMES DIVERSOS: CRIMES INFORMÁTICOS,ES,COLATINA,ALTO VILA NOVA,S/I,OUTRO LOCAL
2076,59416905,2025-10-15T00:00:00,17:40:00,CRIMES DIVERSOS,CRIMES DIVERSOS: CRIMES INFORMÁTICOS,ES,COLATINA,MARIA DAS GRACAS,AVENIDA VITÓRIA,OUTRO LOCAL
2077,59417850,2025-10-15T00:00:00,18:00:00,CRIMES DIVERSOS,CRIMES DIVERSOS: CRIMES INFORMÁTICOS,ES,ANCHIETA,OUTRO LOCAL,S/I,AMBIENTE WEB
2078,59418214,2025-10-15T00:00:00,00:00:00,CRIMES DIVERSOS,CRIMES DIVERSOS: CRIMES INFORMÁTICOS,ES,SAO MATEUS,OUTRO LOCAL,S/I,AMBIENTE WEB
2079,59422578,2025-10-15T00:00:00,12:38:00,CRIMES DIVERSOS,CRIMES DIVERSOS: CRIMES INFORMÁTICOS,ES,VITORIA,JARDIM CAMBURI,RUA MANOEL BARROS DA COSTA,RESIDÊNCIA
2080,59424224,2025-10-15T00:00:00,12:06:00,CRIMES DIVERSOS,CRIMES DIVERSOS: CRIMES INFORMÁTICOS,ES,SERRA,VISTA DA SERRA I,RUA TUPINIQUINS,OUTRO LOCAL
2081,59424827,2025-10-15T00:00:00,14:30:00,CRIMES DIVERSOS,CRIMES DIVERSOS: CRIMES INFORMÁTICOS,ES,SERRA,RESIDENCIAL VISTA DO MESTRE,RUA PEROLA,RESIDÊNCIA
2082,59427357,2025-10-15T00:00:00,23:09:00,CRIMES DIVERSOS,CRIMES DIVERSOS: CRIMES INFORMÁTICOS,ES,SERRA,NOVO PORTO CANOA,RUA MESTRE VALENTIM,AMBIENTE WEB
2083,59429864,2025-10-15T00:00:00,19:30:00,CRIMES DIVERSOS,CRIMES DIVERSOS: CRIMES INFORMÁTICOS,ES,SERRA,OURIMAR,S/I,OUTRO LOCAL
2084,59430493,2025-10-15T00:00:00,10:00:00,CRIMES DIVERSOS,CRIMES DIVERSOS: CRIMES INFORMÁTICOS,ES,COLATINA,VILA NOVA,ETORY DELMASIO,CONSULTORIO
2085,59462239,2025-10-15T00:00:00,07:54:00,CRIMES DIVERSOS,CRIMES DIVERSOS: CRIMES INFORMÁTICOS,ES,SERRA,SAO DOMINGOS,RUA SÃO DOMINGOS,COMÉRCIO
2086,59495517,2025-10-15T00:00:00,17:00:00,CRIMES DIVERSOS,CRIMES DIVERSOS: CRIMES INFORMÁTICOS,ES,COLATINA,FAZENDA VITALI,RUA MADRE TEREZA DE CALCUTÁ,AMBIENTE WEB
2087,59520104,2025-10-15T00:00:00,08:00:00,CRIMES DIVERSOS,CRIMES DIVERSOS: CRIMES INFORMÁTICOS,ES,COLATINA,SAO SILVANO,S/I,OUTRO LOCAL
2088,59636451,2025-10-15T00:00:00,19:28:00,CRIMES DIVERSOS,CRIMES DIVERSOS: CRIMES INFORMÁTICOS,ES,SERRA,SAO MARCOS II,RUA RIO DE JANEIRO,RESIDÊNCIA
2089,59421969,2025-10-16T00:00:00,10:00:00,CRIMES DIVERSOS,CRIMES DIVERSOS: CRIMES INFORMÁTICOS,ES,PINHEIROS,OUTRO LOCAL,S/I,AMBIENTE WEB
2090,59424685,2025-10-16T00:00:00,13:14:00,CRIMES DIVERSOS,CRIMES DIVERSOS: CRIMES INFORMÁTICOS,ES,SERRA,ELDORADO,RUA RIO NEGRO,AMBIENTE WEB
2091,59427547,2025-10-16T00:00:00,Indeterminada,CRIMES DIVERSOS,CRIMES DIVERSOS: CRIMES INFORMÁTICOS,ES,SAO MATEUS,OUTRO LOCAL,S/I,AMBIENTE WEB
2092,59427776,2025-10-16T00:00:00,Indeterminada,CRIMES DIVERSOS,CRIMES DIVERSOS: CRIMES INFORMÁTICOS,ES,SAO MATEUS,OUTRO LOCAL,S/I,AMBIENTE WEB
2093,59428726,2025-10-16T00:00:00,09:15:00,CRIMES DIVERSOS,CRIMES DIVERSOS: CRIMES INFORMÁTICOS,ES,CASTELO,VILA BARBOSA,RUA LAURO PENA BARBOSA,AMBIENTE WEB
2094,59429238,2025-10-16T00:00:00,18:04:00,CRIMES DIVERSOS,CRIMES DIVERSOS: CRIMES INFORMÁTICOS,ES,CASTELO,SANTO ANDREZINHO,RUA MACHADO DE ASSIS,RESIDÊNCIA
2095,59429760,2025-10-16T00:00:00,15:19:00,CRIMES DIVERSOS,CRIMES DIVERSOS: CRIMES INFORMÁTICOS,ES,ICONHA,CENTRO,S/I,OUTRO LOCAL
2096,59453643,2025-10-16T00:00:00,11:30:00,CRIMES DIVERSOS,CRIMES DIVERSOS: CRIMES INFORMÁTICOS,ES,SERRA,CIDADE CONTINENTAL,SETOR AFRICA,RESIDÊNCIA
2097,59471244,2025-10-16T00:00:00,23:15:00,CRIMES DIVERSOS,CRIMES DIVERSOS: CRIMES INFORMÁTICOS,ES,VITORIA,JARDIM CAMBURI,RUA ARQUITETO DECIO THEVENARD,AMBIENTE WEB
2098,59488245,2025-10-16T00:00:00,17:46:00,CRIMES DIVERSOS,CRIMES DIVERSOS: CRIMES INFORMÁTICOS,ES,SERRA,OUTRO LOCAL,"V. ROZA HELENA SCHORLING ALBUQUERQUE, AEROPORTO, VITÓRIA",OUTRO LOCAL
2099,59430509,2025-10-17T00:00:00,08:11:00,CRIMES DIVERSOS,CRIMES DIVERSOS: CRIMES INFORMÁTICOS,ES,COLATINA,SAO SILVANO,S/I,AMBIENTE WEB
2100,59437285,2025-10-17T00:00:00,14:00:00,CRIMES DIVERSOS,CRIMES DIVERSOS: CRIMES INFORMÁTICOS,ES,COLATINA,SAO SILVANO,RUA EUGENIO MENEGUELLI,AMBIENTE WEB
2101,59447936,2025-10-17T00:00:00,12:20:00,CRIMES DIVERSOS,CRIMES DIVERSOS: CRIMES INFORMÁTICOS,ES,ANCHIETA,CENTRO,RODOVIA DO SOL,RODOVIA ESTADUAL
2102,59453654,2025-10-17T00:00:00,08:00:00,CRIMES DIVERSOS,CRIMES DIVERSOS: CRIMES INFORMÁTICOS,ES,SERRA,CAMPINHO DA SERRA II,RUA LAJINHA T,OUTRO LOCAL
2103,59453725,2025-10-17T00:00:00,21:13:00,CRIMES DIVERSOS,CRIMES DIVERSOS: CRIMES INFORMÁTICOS,ES,SERRA,SAO MARCOS I,RUA GOIÂNIA,RESIDÊNCIA
2104,59455722,2025-10-17T00:00:00,13:00:00,CRIMES DIVERSOS,CRIMES DIVERSOS: CRIMES INFORMÁTICOS,ES,VITORIA,JARDIM CAMBURI,AV ENGE CHARLES BITRAN,OUTRO LOCAL
2105,59456350,2025-10-17T00:00:00,15:00:00,CRIMES DIVERSOS,CRIMES DIVERSOS: CRIMES INFORMÁTICOS,ES,SERRA,CIDADE CONTINENTAL,S/I,RESIDÊNCIA
2106,59465273,2025-10-17T00:00:00,00:00:00,CRIMES DIVERSOS,CRIMES DIVERSOS: CRIMES INFORMÁTICOS,ES,PANCAS,SAO BENTO,LAJINHA-PANCAS,RESIDÊNCIA
2107,59481997,2025-10-17T00:00:00,20:40:00,CRIMES DIVERSOS,CRIMES DIVERSOS: CRIMES INFORMÁTICOS,ES,SERRA,CARAPINA,S/I,AMBIENTE WEB
2108,59543345,2025-10-17T00:00:00,14:32:00,CRIMES DIVERSOS,CRIMES DIVERSOS: CRIMES INFORMÁTICOS,ES,COLATINA,SAO BRAZ,XXXXXXXXXXXXXXX,OUTRO LOCAL
2109,59445928,2025-10-18T00:00:00,23:30:00,CRIMES DIVERSOS,CRIMES DIVERSOS: CRIMES INFORMÁTICOS,ES,COLATINA,SAO VICENTE,RUA MANOEL ANTUNES MOREIRA,RESIDÊNCIA
2110,59454402,2025-10-18T00:00:00,18:50:00,CRIMES DIVERSOS,CRIMES DIVERSOS: CRIMES INFORMÁTICOS,ES,SERRA,NOVA CARAPINA I,S/I,AMBIENTE WEB
2111,59491321,2025-10-18T00:00:00,18:35:00,CRIMES DIVERSOS,CRIMES DIVERSOS: CRIMES INFORMÁTICOS,ES,VITORIA,OUTRO LOCAL,S/I,OUTRO LOCAL
2112,59529111,2025-10-18T00:00:00,05:33:00,CRIMES DIVERSOS,CRIMES DIVERSOS: CRIMES INFORMÁTICOS,ES,SERRA,SERRA DOURADA II,S/I,OUTRO LOCAL
2113,59549695,2025-10-18T00:00:00,Indeterminada,CRIMES DIVERSOS,CRIMES DIVERSOS: CRIMES INFORMÁTICOS,ES,SERRA,COLINA DE LARANJEIRAS,AV CENTRAL,AMBIENTE WEB
2114,59456131,2025-10-19T00:00:00,13:00:00,CRIMES DIVERSOS,CRIMES DIVERSOS: CRIMES INFORMÁTICOS,ES,COLATINA,MARTINELI,S/I,AMBIENTE WEB
2115,59456149,2025-10-19T00:00:00,13:00:00,CRIMES DIVERSOS,CRIMES DIVERSOS: CRIMES INFORMÁTICOS,ES,COLATINA,COLUMBIA,RUA ARAPONGA,AMBIENTE WEB
2116,59462718,2025-10-19T00:00:00,06:11:00,CRIMES DIVERSOS,CRIMES DIVERSOS: CRIMES INFORMÁTICOS,ES,SERRA,BAIRRO DE FATIMA,BAIRRO DE FATIMA,AMBIENTE WEB
2117,59463700,2025-10-19T00:00:00,Indeterminada,CRIMES DIVERSOS,CRIMES DIVERSOS: CRIMES INFORMÁTICOS,ES,ANCHIETA,OUTRO LOCAL,S/I,AMBIENTE WEB
2118,59471994,2025-10-19T00:00:00,16:30:00,CRIMES DIVERSOS,CRIMES DIVERSOS: CRIMES INFORMÁTICOS,ES,VITORIA,SANTA MARTHA,APARTAMENTO 101/ BLOCO 3,AMBIENTE WEB
2119,59488772,2025-10-19T00:00:00,20:00:00,CRIMES DIVERSOS,CRIMES DIVERSOS: CRIMES INFORMÁTICOS,ES,SERRA,LAGOA DE JACARAIPE,RUA AMERICANA,RESIDÊNCIA
2120,59515750,2025-10-19T00:00:00,Indeterminada,CRIMES DIVERSOS,CRIMES DIVERSOS: CRIMES INFORMÁTICOS,ES,SERRA,CACAROCA,RUA PUTIRI,AMBIENTE WEB
2121,59461092,2025-10-20T00:00:00,16:30:00,CRIMES DIVERSOS,CRIMES DIVERSOS: CRIMES INFORMÁTICOS,ES,COLATINA,CARLOS GERMANO NAUMANN,RODOVIA GETLER LOPES DE FARIA,RESIDÊNCIA
2122,59462209,2025-10-20T00:00:00,10:00:00,CRIMES DIVERSOS,CRIMES DIVERSOS: CRIMES INFORMÁTICOS,ES,SERRA,SERRA DOURADA III,AV. SÃO PAULO,OUTRO LOCAL
2123,59579047,2025-10-20T00:00:00,23:36:00,CRIMES DIVERSOS,CRIMES DIVERSOS: CRIMES INFORMÁTICOS,ES,VITORIA,JARDIM CAMBURI,RUA ELZIRA VIVACQUA,AMBIENTE WEB
2124,59464947,2025-10-21T00:00:00,09:36:00,CRIMES DIVERSOS,CRIMES DIVERSOS: CRIMES INFORMÁTICOS,ES,SERRA,VISTA DA SERRA I,RUA PANCAS,RESIDÊNCIA
2125,59465345,2025-10-21T00:00:00,00:00:00,CRIMES DIVERSOS,CRIMES DIVERSOS: CRIMES INFORMÁTICOS,ES,SAO MATEUS,OUTRO LOCAL,S/I,AMBIENTE WEB
2126,59465497,2025-10-21T00:00:00,09:23:00,CRIMES DIVERSOS,CRIMES DIVERSOS: CRIMES INFORMÁTICOS,ES,CASTELO,CENTRO,RUA DOUTOR GASTAO CORREIA DE LIMA,AMBIENTE WEB
2127,59466189,2025-10-21T00:00:00,10:00:00,CRIMES DIVERSOS,CRIMES DIVERSOS: CRIMES INFORMÁTICOS,ES,VILA VELHA,OUTRO LOCAL,S/I,OUTRO LOCAL
2128,59469038,2025-10-21T00:00:00,14:21:00,CRIMES DIVERSOS,CRIMES DIVERSOS: CRIMES INFORMÁTICOS,ES,CACHOEIRO DE ITAPEMIRIM,CENTRO,S/I,AMBIENTE WEB
2129,59470793,2025-10-21T00:00:00,10:00:00,CRIMES DIVERSOS,CRIMES DIVERSOS: CRIMES INFORMÁTICOS,ES,SERRA,NOVA CARAPINA I,RUA JUIZ DE FORA,OUTRO LOCAL
2130,59470822,2025-10-21T00:00:00,14:00:00,CRIMES DIVERSOS,CRIMES DIVERSOS: CRIMES INFORMÁTICOS,ES,SERRA,CIDADE POMAR,RUA LIMA,AMBIENTE WEB
2131,59470835,2025-10-21T00:00:00,15:00:00,CRIMES DIVERSOS,CRIMES DIVERSOS: CRIMES INFORMÁTICOS,ES,SERRA,SERRA DOURADA II,RUA CASSIA,AMBIENTE WEB
2132,59470897,2025-10-21T00:00:00,14:00:00,CRIMES DIVERSOS,CRIMES DIVERSOS: CRIMES INFORMÁTICOS,ES,ANCHIETA,IRIRI,DESEMBARGADOR ANTONIO JOSE,RESIDÊNCIA
2133,59470912,2025-10-21T00:00:00,18:00:00,CRIMES DIVERSOS,CRIMES DIVERSOS: CRIMES INFORMÁTICOS,ES,ANCHIETA,ALVORADA,RUA MANOEL LISBOA,RESIDÊNCIA
2134,59471100,2025-10-21T00:00:00,00:00:00,CRIMES DIVERSOS,CRIMES DIVERSOS: CRIMES INFORMÁTICOS,ES,SAO MATEUS,OUTRO LOCAL,S/I,AMBIENTE WEB
2135,59471281,2025-10-21T00:00:00,08:00:00,CRIMES DIVERSOS,CRIMES DIVERSOS: CRIMES INFORMÁTICOS,ES,SERRA,RESIDENCIAL CENTRO DA SERRA,S/I,VIA PÚBLICA
2136,59471514,2025-10-21T00:00:00,16:30:00,CRIMES DIVERSOS,CRIMES DIVERSOS: CRIMES INFORMÁTICOS,ES,VITORIA,GRANDE VITORIA,RUA OITO DE JULHO,AMBIENTE WEB
2137,59471644,2025-10-21T00:00:00,11:30:00,CRIMES DIVERSOS,CRIMES DIVERSOS: CRIMES INFORMÁTICOS,ES,SERRA,PLANICIE DA SERRA,S/I,AMBIENTE WEB
2138,59473333,2025-10-21T00:00:00,18:37:00,CRIMES DIVERSOS,CRIMES DIVERSOS: CRIMES INFORMÁTICOS,ES,SERRA,OUTRO LOCAL,S/I,AMBIENTE WEB
2139,59474038,2025-10-21T00:00:00,10:20:00,CRIMES DIVERSOS,CRIMES DIVERSOS: CRIMES INFORMÁTICOS,ES,CARIACICA,OUTRO LOCAL,AVENIDA DOS CAMRAS,OUTRO LOCAL
2140,59479720,2025-10-21T00:00:00,13:00:00,CRIMES DIVERSOS,CRIMES DIVERSOS: CRIMES INFORMÁTICOS,ES,VITORIA,GOIABEIRAS,AVENIDA FERNANDO FERRARI,AMBIENTE WEB
2141,59480218,2025-10-21T00:00:00,01:00:00,CRIMES DIVERSOS,CRIMES DIVERSOS: CRIMES INFORMÁTICOS,ES,SERRA,PARQUE RESIDENCIAL TUBARAO,RUA VITORIA DA CONQUISTA,OUTRO LOCAL
2142,59481243,2025-10-21T00:00:00,09:48:00,CRIMES DIVERSOS,CRIMES DIVERSOS: CRIMES INFORMÁTICOS,ES,VITORIA,TABUAZEIRO,RUA SEBASTIAO SIMPLICIO ALVES,AMBIENTE WEB
2143,59474130,2025-10-22T00:00:00,10:08:00,CRIMES DIVERSOS,CRIMES DIVERSOS: CRIMES INFORMÁTICOS,ES,COLATINA,OPERARIO,S/I,OUTRO LOCAL
2144,59474187,2025-10-22T00:00:00,12:03:00,CRIMES DIVERSOS,CRIMES DIVERSOS: CRIMES INFORMÁTICOS,ES,COLATINA,SANTA MONICA,RUA JOSE DA SILVA MORAES,OUTRO LOCAL
2145,59479589,2025-10-22T00:00:00,16:18:00,CRIMES DIVERSOS,CRIMES DIVERSOS: CRIMES INFORMÁTICOS,ES,SERRA,OUTRO LOCAL,RUA CAYMANS,OUTRO LOCAL
2146,59479977,2025-10-22T00:00:00,13:00:00,CRIMES DIVERSOS,CRIMES DIVERSOS: CRIMES INFORMÁTICOS,ES,SAO MATEUS,OUTRO LOCAL,S/I,AMBIENTE WEB
2147,59481050,2025-10-22T00:00:00,17:10:00,CRIMES DIVERSOS,CRIMES DIVERSOS: CRIMES INFORMÁTICOS,ES,VITORIA,GURIGICA,BECO DOS MILAGRES,AMBIENTE WEB
2148,59487821,2025-10-22T00:00:00,23:59:00,CRIMES DIVERSOS,CRIMES DIVERSOS: CRIMES INFORMÁTICOS,ES,CARIACICA,ROSA DA PENHA,RUA COMUNIDADE,OUTRO LOCAL
2149,59488227,2025-10-22T00:00:00,14:00:00,CRIMES DIVERSOS,CRIMES DIVERSOS: CRIMES INFORMÁTICOS,ES,SERRA,SAO MARCOS I,RUA TREZE DE MAIO,RESIDÊNCIA
2150,59522096,2025-10-22T00:00:00,14:23:00,CRIMES DIVERSOS,CRIMES DIVERSOS: CRIMES INFORMÁTICOS,ES,SERRA,OUTRO LOCAL,S/I,AMBIENTE WEB
2151,59525385,2025-10-22T00:00:00,12:07:00,CRIMES DIVERSOS,CRIMES DIVERSOS: CRIMES INFORMÁTICOS,ES,VITORIA,BONFIM,RUA LUDJERO CAVALCANTI,AMBIENTE WEB
2152,59483885,2025-10-23T00:00:00,16:00:00,CRIMES DIVERSOS,CRIMES DIVERSOS: CRIMES INFORMÁTICOS,ES,ANCHIETA,JUSTICA II,RODOVIA DR MOACYR DE ABREU JUNQUEIRA,AMBIENTE WEB
2153,59488343,2025-10-23T00:00:00,15:48:00,CRIMES DIVERSOS,CRIMES DIVERSOS: CRIMES INFORMÁTICOS,ES,SERRA,CENTRO DA SERRA,RUA MAJOR PISSARA,RESIDÊNCIA
2154,59491107,2025-10-23T00:00:00,18:23:00,CRIMES DIVERSOS,CRIMES DIVERSOS: CRIMES INFORMÁTICOS,ES,VITORIA,JARDIM CAMBURI,RUA DOMINGOS POVOA LEMOS,OUTRO LOCAL
2155,59514088,2025-10-23T00:00:00,17:24:00,CRIMES DIVERSOS,CRIMES DIVERSOS: CRIMES INFORMÁTICOS,ES,AGUIA BRANCA,OUTRO LOCAL,S/I,AMBIENTE WEB
2156,59532325,2025-10-23T00:00:00,10:00:00,CRIMES DIVERSOS,CRIMES DIVERSOS: CRIMES INFORMÁTICOS,ES,CASTELO,INDEPENDENCIA,AV.SCAANDAR NEMER,OUTRO LOCAL
2157,59532333,2025-10-23T00:00:00,11:00:00,CRIMES DIVERSOS,CRIMES DIVERSOS: CRIMES INFORMÁTICOS,ES,CASTELO,OUTRO LOCAL,S/I,AMBIENTE WEB
2158,59543331,2025-10-23T00:00:00,07:58:00,CRIMES DIVERSOS,CRIMES DIVERSOS: CRIMES INFORMÁTICOS,ES,COLATINA,CENTRO,RUA GERMANO NAUMANN FILHO,OUTRO LOCAL
2159,59497592,2025-10-24T00:00:00,00:00:00,CRIMES DIVERSOS,CRIMES DIVERSOS: CRIMES INFORMÁTICOS,ES,COLATINA,OPERARIO,RUA HUMBERTO DE CAMPOS,AMBIENTE WEB
2160,59520021,2025-10-24T00:00:00,13:00:00,CRIMES DIVERSOS,CRIMES DIVERSOS: CRIMES INFORMÁTICOS,ES,COLATINA,SAO PEDRO,RUA LUIZ MARANHÃO,AMBIENTE WEB
2161,59521334,2025-10-24T00:00:00,13:27:00,CRIMES DIVERSOS,CRIMES DIVERSOS: CRIMES INFORMÁTICOS,ES,SERRA,CIDADE CONTINENTAL,RUA TIMOR,RESIDÊNCIA
2162,59521548,2025-10-24T00:00:00,22:40:00,CRIMES DIVERSOS,CRIMES DIVERSOS: CRIMES INFORMÁTICOS,ES,SERRA,NOVA CARAPINA I,S/I,AMBIENTE WEB
2163,59535164,2025-10-24T00:00:00,14:34:00,CRIMES DIVERSOS,CRIMES DIVERSOS: CRIMES INFORMÁTICOS,ES,VITORIA,MATA DA PRAIA,AV FERNANDO FERRARI,REPARTICAO PUBLICA
2164,59521433,2025-10-25T00:00:00,15:15:00,CRIMES DIVERSOS,CRIMES DIVERSOS: CRIMES INFORMÁTICOS,ES,SERRA,SERRA DOURADA I,SERRA,RESIDÊNCIA
2165,59521582,2025-10-25T00:00:00,13:07:00,CRIMES DIVERSOS,CRIMES DIVERSOS: CRIMES INFORMÁTICOS,ES,SERRA,ELDORADO,RUA RIO GUAMÁ,RESIDÊNCIA
2166,59525934,2025-10-25T00:00:00,04:30:00,CRIMES DIVERSOS,CRIMES DIVERSOS: CRIMES INFORMÁTICOS,ES,VILA VELHA,JARDIM MARILANDIA,VILA VELHA,AMBIENTE WEB
2167,59541484,2025-10-25T00:00:00,Indeterminada,CRIMES DIVERSOS,CRIMES DIVERSOS: CRIMES INFORMÁTICOS,ES,COLATINA,LACE,RUA AMERICO FERRARI,AMBIENTE WEB
2168,59521657,2025-10-26T00:00:00,19:00:00,CRIMES DIVERSOS,CRIMES DIVERSOS: CRIMES INFORMÁTICOS,ES,SERRA,JARDIM GUANABARA,RUA DO CASTELINHO,OUTRO LOCAL
2169,59522263,2025-10-26T00:00:00,Indeterminada,CRIMES DIVERSOS,CRIMES DIVERSOS: CRIMES INFORMÁTICOS,ES,VITORIA,JARDIM CAMBURI,AV ARMANDO DUARTE RABELLO,AMBIENTE WEB
2170,59529040,2025-10-26T00:00:00,22:17:00,CRIMES DIVERSOS,CRIMES DIVERSOS: CRIMES INFORMÁTICOS,ES,SERRA,PLANALTO SERRANO,RUA BOA VISTA,AMBIENTE WEB
2171,59541581,2025-10-26T00:00:00,00:45:00,CRIMES DIVERSOS,CRIMES DIVERSOS: CRIMES INFORMÁTICOS,ES,SERRA,BAIRRO DE FATIMA,S/I,AMBIENTE WEB
2172,59522083,2025-10-27T00:00:00,13:11:00,CRIMES DIVERSOS,CRIMES DIVERSOS: CRIMES INFORMÁTICOS,ES,SERRA,SERRA DOURADA II,S/I,AMBIENTE WEB
2173,59522627,2025-10-27T00:00:00,10:10:00,CRIMES DIVERSOS,CRIMES DIVERSOS: CRIMES INFORMÁTICOS,ES,VITORIA,JARDIM DA PENHA,RUA AMELIA TARTUCE NASSER,RESIDÊNCIA
2174,59525637,2025-10-27T00:00:00,08:34:00,CRIMES DIVERSOS,CRIMES DIVERSOS: CRIMES INFORMÁTICOS,ES,VITORIA,BELA VISTA,RUA MARIO ROSENDO,OUTRO LOCAL
2175,59525907,2025-10-27T00:00:00,Indeterminada,CRIMES DIVERSOS,CRIMES DIVERSOS: CRIMES INFORMÁTICOS,ES,SERRA,JACUHY,ALAMEDA GIRASOL,AMBIENTE WEB
2176,59526126,2025-10-27T00:00:00,13:00:00,CRIMES DIVERSOS,CRIMES DIVERSOS: CRIMES INFORMÁTICOS,ES,VITORIA,SAO PEDRO,RUA DA CHÁCARA,AMBIENTE WEB
2177,59544463,2025-10-27T00:00:00,13:00:00,CRIMES DIVERSOS,CRIMES DIVERSOS: CRIMES INFORMÁTICOS,ES,VILA VELHA,RIO MARINHO,S/I,AMBIENTE WEB
2178,59549068,2025-10-27T00:00:00,08:00:00,CRIMES DIVERSOS,CRIMES DIVERSOS: CRIMES INFORMÁTICOS,ES,SERRA,SAO MARCOS II,RUA DAS HORTÊNSIAS,AMBIENTE WEB
2179,59575920,2025-10-27T00:00:00,18:03:00,CRIMES DIVERSOS,CRIMES DIVERSOS: CRIMES INFORMÁTICOS,ES,SERRA,JARDIM BELA VISTA,RUA 17,RESIDÊNCIA
2180,59531895,2025-10-28T00:00:00,14:00:00,CRIMES DIVERSOS,CRIMES DIVERSOS: CRIMES INFORMÁTICOS,ES,CASTELO,SANTO ANDREZINHO,RUA AUREO MACHADO,AMBIENTE WEB
2181,59533991,2025-10-28T00:00:00,00:00:00,CRIMES DIVERSOS,CRIMES DIVERSOS: CRIMES INFORMÁTICOS,ES,SAO MATEUS,OUTRO LOCAL,S/I,AMBIENTE WEB
2182,59535007,2025-10-28T00:00:00,00:00:00,CRIMES DIVERSOS,CRIMES DIVERSOS: CRIMES INFORMÁTICOS,ES,SAO MATEUS,LITORANEO,S/I,AMBIENTE WEB
2183,59537177,2025-10-28T00:00:00,Indeterminada,CRIMES DIVERSOS,CRIMES DIVERSOS: CRIMES INFORMÁTICOS,ES,BARRA DE SAO FRANCISCO,OUTRO LOCAL,RUA DELICIA MARIA ANTONIA,AMBIENTE WEB
2184,59542191,2025-10-28T00:00:00,09:00:00,CRIMES DIVERSOS,CRIMES DIVERSOS: CRIMES INFORMÁTICOS,ES,SERRA,PARQUE RESIDENCIAL LARANJEIRAS,AV NORTE SUL,AMBIENTE WEB
2185,59550104,2025-10-28T00:00:00,13:00:00,CRIMES DIVERSOS,CRIMES DIVERSOS: CRIMES INFORMÁTICOS,ES,PINHEIROS,OUTRO LOCAL,S/I,OUTRO LOCAL
2186,59535635,2025-10-29T00:00:00,15:00:00,CRIMES DIVERSOS,CRIMES DIVERSOS: CRIMES INFORMÁTICOS,ES,MANTENOPOLIS,SAO GERALDO,CORREGO BOA SORTE,AMBIENTE WEB
2187,59535722,2025-10-29T00:00:00,00:00:00,CRIMES DIVERSOS,CRIMES DIVERSOS: CRIMES INFORMÁTICOS,ES,SAO MATEUS,OUTRO LOCAL,S/I,AMBIENTE WEB
2188,59540531,2025-10-29T00:00:00,12:33:00,CRIMES DIVERSOS,CRIMES DIVERSOS: CRIMES INFORMÁTICOS,ES,SERRA,CAMPINHO DA SERRA I,RUA PINGO DE OURO,AMBIENTE WEB
2189,59540588,2025-10-29T00:00:00,Indeterminada,CRIMES DIVERSOS,CRIMES DIVERSOS: CRIMES INFORMÁTICOS,ES,VITORIA,JARDIM DA PENHA,AV HUGO VIOLA,AMBIENTE WEB
2190,59541239,2025-10-29T00:00:00,Indeterminada,CRIMES DIVERSOS,CRIMES DIVERSOS: CRIMES INFORMÁTICOS,ES,COLATINA,VICENTE SOELA,RUA ORLANDO ZANETTI,AMBIENTE WEB
2191,59541370,2025-10-29T00:00:00,00:00:00,CRIMES DIVERSOS,CRIMES DIVERSOS: CRIMES INFORMÁTICOS,ES,SAO MATEUS,OUTRO LOCAL,S/I,AMBIENTE WEB
2192,59541512,2025-10-29T00:00:00,17:00:00,CRIMES DIVERSOS,CRIMES DIVERSOS: CRIMES INFORMÁTICOS,ES,SAO MATEUS,OUTRO LOCAL,S/I,AMBIENTE WEB
2193,59541842,2025-10-29T00:00:00,20:18:00,CRIMES DIVERSOS,CRIMES DIVERSOS: CRIMES INFORMÁTICOS,ES,SERRA,ELDORADO,S/I,AMBIENTE WEB
2194,59543402,2025-10-29T00:00:00,03:00:00,CRIMES DIVERSOS,CRIMES DIVERSOS: CRIMES INFORMÁTICOS,ES,SERRA,SAO MARCOS II,S/I,AMBIENTE WEB
2195,59544409,2025-10-29T00:00:00,00:00:00,CRIMES DIVERSOS,CRIMES DIVERSOS: CRIMES INFORMÁTICOS,ES,SAO MATEUS,OUTRO LOCAL,S/I,AMBIENTE WEB
2196,59545242,2025-10-29T00:00:00,15:00:00,CRIMES DIVERSOS,CRIMES DIVERSOS: CRIMES INFORMÁTICOS,ES,AGUIA BRANCA,OUTRO LOCAL,EUCLIDES PIMENTA,AMBIENTE WEB
2197,59545360,2025-10-29T00:00:00,13:00:00,CRIMES DIVERSOS,CRIMES DIVERSOS: CRIMES INFORMÁTICOS,ES,COLATINA,OUTRO LOCAL,S/I,AMBIENTE WEB
2198,59549355,2025-10-29T00:00:00,14:00:00,CRIMES DIVERSOS,CRIMES DIVERSOS: CRIMES INFORMÁTICOS,ES,CONCEICAO DA BARRA,BRACO DO RIO,RUA AMAZONAS,AMBIENTE WEB
2199,59550126,2025-10-29T00:00:00,17:34:00,CRIMES DIVERSOS,CRIMES DIVERSOS: CRIMES INFORMÁTICOS,ES,PINHEIROS,PINHEIRINHO,AV VEREADOR JONAS ORLETTI,AMBIENTE WEB
2200,59574960,2025-10-29T00:00:00,12:06:00,CRIMES DIVERSOS,CRIMES DIVERSOS: CRIMES INFORMÁTICOS,ES,SERRA,CIDADE CONTINENTAL,RUA MANOÉ,AMBIENTE WEB
2201,59575583,2025-10-29T00:00:00,05:00:00,CRIMES DIVERSOS,CRIMES DIVERSOS: CRIMES INFORMÁTICOS,ES,MONTANHA,ALCEBIADES,AV NOSSA SENHORA APARECIDA,ESCRITORIO
2202,59545054,2025-10-30T00:00:00,09:00:00,CRIMES DIVERSOS,CRIMES DIVERSOS: CRIMES INFORMÁTICOS,ES,CONCEICAO DA BARRA,CENTRO,RUA NOVA VENECIA,OUTRO LOCAL
2203,59547131,2025-10-30T00:00:00,11:08:00,CRIMES DIVERSOS,CRIMES DIVERSOS: CRIMES INFORMÁTICOS,ES,SERRA,SAO DOMINGOS,S/I,AMBIENTE WEB
2204,59547150,2025-10-30T00:00:00,14:57:00,CRIMES DIVERSOS,CRIMES DIVERSOS: CRIMES INFORMÁTICOS,ES,SERRA,COLINA DA SERRA,RUA D,OUTRO LOCAL
2205,59549843,2025-10-30T00:00:00,00:00:00,CRIMES DIVERSOS,CRIMES DIVERSOS: CRIMES INFORMÁTICOS,ES,SAO MATEUS,OUTRO LOCAL,S/I,AMBIENTE WEB
2206,59551182,2025-10-30T00:00:00,16:29:00,CRIMES DIVERSOS,CRIMES DIVERSOS: CRIMES INFORMÁTICOS,ES,SERRA,OUTRO LOCAL,S/I,OUTRO LOCAL
2207,59553038,2025-10-30T00:00:00,09:40:00,CRIMES DIVERSOS,CRIMES DIVERSOS: CRIMES INFORMÁTICOS,ES,VARGEM ALTA,OUTRO LOCAL,CENTRO,RESIDÊNCIA
2208,59558402,2025-10-31T00:00:00,16:50:00,CRIMES DIVERSOS,CRIMES DIVERSOS: CRIMES INFORMÁTICOS,ES,AGUIA BRANCA,OUTRO LOCAL,RUA PADRE CAETANO LOMONACO,RESIDÊNCIA
2209,59560438,2025-10-31T00:00:00,17:00:00,CRIMES DIVERSOS,CRIMES DIVERSOS: CRIMES INFORMÁTICOS,ES,COLATINA,ANTONIO DAMIANI,RUA VINH,AMBIENTE WEB
2210,59575027,2025-10-31T00:00:00,00:00:00,CRIMES DIVERSOS,CRIMES DIVERSOS: CRIMES INFORMÁTICOS,ES,SERRA,OUTRO LOCAL,S/I,AMBIENTE WEB
2211,59575159,2025-10-31T00:00:00,20:00:00,CRIMES DIVERSOS,CRIMES DIVERSOS: CRIMES INFORMÁTICOS,ES,SERRA,NOVA CARAPINA II,RUA BAGUARI,OUTRO LOCAL
2212,59575263,2025-10-31T00:00:00,17:00:00,CRIMES DIVERSOS,CRIMES DIVERSOS: CRIMES INFORMÁTICOS,ES,SERRA,PLANALTO SERRANO,NOVA ALMEIDA,RESIDÊNCIA
2213,59575463,2025-10-31T00:00:00,16:16:00,CRIMES DIVERSOS,CRIMES DIVERSOS: CRIMES INFORMÁTICOS,ES,CONCEICAO DA BARRA,SANTANA,RUA BRAÇO DO RIO,AMBIENTE WEB
2214,59591028,2025-10-31T00:00:00,16:00:00,CRIMES DIVERSOS,CRIMES DIVERSOS: CRIMES INFORMÁTICOS,ES,SERRA,OUTRO LOCAL,S/I,OUTRO LOCAL
2215,59631947,2025-10-31T00:00:00,17:00:00,CRIMES DIVERSOS,CRIMES DIVERSOS: CRIMES INFORMÁTICOS,ES,SERRA,COLINA DA SERRA,S/I,RESIDÊNCIA
