_id,Nº OCORRENCIA,DATA DO FATO,HORA DO FATO,GRUPO DE INCIDENTE,TIPO DE INCIDENTE,UF,IDADE,GENERO,COR,MUNICIPIO,BAIRRO,LOGRADOURO,TIPO LOCAL
1,56767335,2025-01-01T00:00:00,09:04,CRIMES CONTRA A PESSOA,Homicídio Doloso,ES,45,1 - Masculino,Parda,VILA VELHA,JARDIM GUARANHUNS,RUA SETE,Domicílio
2,56766901,2025-01-01T00:00:00,07:31,CRIMES CONTRA A PESSOA,Homicídio Doloso,ES,39,1 - Masculino,Parda,LINHARES,PONTAL DO IPIRANGA,RUA DO SOL,Terreno Baldio / Construção / Mata
3,56765845,2025-01-01T00:00:00,04:17,CRIMES CONTRA A PESSOA,Homicídio Doloso,ES,44,1 - Masculino,Parda,VILA VELHA,BARRAMARES,AV SAO JOSE,Via Pública
4,56764736,2025-01-01T00:00:00,01:08,CRIMES CONTRA A PESSOA,Homicídio Doloso,ES,17,1 - Masculino,Parda,DIVINO DE SAO LOURENCO,PATRIMONIO DA PENHA,RUA NÃO CADASTRADA,Via Pública
5,56775700,2025-02-01T00:00:00,08:09,CRIMES CONTRA A PESSOA,Homicídio Doloso,ES,21,1 - Masculino,Parda,VIANA,SOTECO,RUA MARIA SOARES DE JESUS,Via Pública
6,56794431,2025-03-01T00:00:00,22:32,CRIMES CONTRA A PESSOA,Homicídio Doloso,ES,43,1 - Masculino,Branca,SERRA,VILA NOVA DE COLARES,RUA JAU,Via Pública
7,56793875,2025-03-01T00:00:00,22:35,CRIMES CONTRA A PESSOA,Homicídio Doloso,ES,40,2 - Feminino,Negra,SERRA,CENTRAL CARAPINA,RUA NÃO CADASTRADA,Via Pública
8,56784813,2025-03-01T00:00:00,01:04,CRIMES CONTRA A PESSOA,Homicídio Doloso,ES,44,1 - Masculino,Parda,BOA ESPERANÇA,ZONA RURAL,RUA NÃO CADASTRADA,Estabelecimento Comercial
9,56813270,2025-05-01T00:00:00,23:25,CRIMES CONTRA A PESSOA,Feminicídio,ES,19,2 - Feminino,Parda,SERRA,JOSE DE ANCHIETA,AV CORSANTO,Domicílio
10,56812147,2025-05-01T00:00:00,20:44,CRIMES CONTRA A PESSOA,Homicídio Doloso,ES,22,1 - Masculino,Branca,SOORETAMA,CENTRO,AV VISTA ALEGRE,Estabelecimento Comercial
11,56802341,2025-05-01T00:00:00,19:30,CRIMES CONTRA A PESSOA,Homicídio Doloso,ES,36,1 - Masculino,Parda,CARIACICA,JARDIM BOTANICO,RUA ANCHIETA,Estabelecimento Comercial
12,56807241,2025-05-01T00:00:00,10:10,CRIMES CONTRA A PESSOA,Homicídio Doloso,ES,49,1 - Masculino,Branca,FUNDAO,CENTRO,RUA CANDIDO VIEIRA,Domicílio
13,56806690,2025-05-01T00:00:00,08:10,CRIMES CONTRA A PESSOA,Homicídio Doloso,ES,51,2 - Feminino,Parda,SERRA,LARANJEIRAS VELHA,AV CEL MANOEL NUNES,Estabelecimento Industrial
14,56817365,2025-06-01T00:00:00,12:19,CRIMES CONTRA A PESSOA,Homicídio Doloso,ES,17,2 - Feminino,Branca,CARIACICA,PADRE GABRIEL,RUA DOS TRABALHADORES,Via Pública
15,56814802,2025-06-01T00:00:00,08:09,CRIMES CONTRA A PESSOA,Homicídio Doloso,ES,26,1 - Masculino,Parda,CARIACICA,RETIRO SAUDOSO,RUA SANTA ROSA,Via Pública
16,56844279,2025-09-01T00:00:00,00:57,CRIMES CONTRA A PESSOA,Homicídio Doloso,ES,22,1 - Masculino,Parda,LINHARES,NOVA BETHANIA,AV MARIA DEOCLECIO BARBOSA,Via Pública
17,56860264,2025-10-01T00:00:00,15:56,CRIMES CONTRA A PESSOA,Homicídio Doloso,ES,22,1 - Masculino,Parda,VILA VELHA,RIO MARINHO,RUA REGENCIA,Via Pública
18,56854928,2025-10-01T00:00:00,06:30,CRIMES CONTRA A PESSOA,Homicídio Doloso,ES,30,1 - Masculino,Parda,MARATAIZES,ACAPULCO,AV ESPINHA DE PEIXE,Unidade Prisional
19,56873705,2025-11-01T00:00:00,22:23,CRIMES CONTRA A PESSOA,Homicídio Doloso,ES,35,1 - Masculino,Parda,VITORIA,ESTRELINHA,RUA OITO DE JULHO,Domicílio
20,56865617,2025-11-01T00:00:00,02:39,CRIMES CONTRA A PESSOA,Homicídio Doloso,ES,18,1 - Masculino,Parda,ALEGRE,RIVE,BR 482,Estabelecimento Comercial
21,56879402,2025-12-01T00:00:00,14:54,CRIMES CONTRA A PESSOA,Homicídio Doloso,ES,51,1 - Masculino,Parda,VITORIA,CONQUISTA,RUA MANOEL MARTINS DE OLVIEIRA,Terreno Baldio / Construção / Mata
22,56876860,2025-12-01T00:00:00,09:09,CRIMES CONTRA A PESSOA,Homicídio Doloso,ES,19,1 - Masculino,Parda,SERRA,BALNEARIO DE CARAPEBUS,RUA IPE,Terreno Baldio / Construção / Mata
23,56891956,2025-01-13T00:00:00,19:32,CRIMES CONTRA A PESSOA,Homicídio Doloso,ES,41,1 - Masculino,Branca,VITORIA,ROMAO,ESC CHRISTOVAO XIMENES,Via Pública
24,56890197,2025-01-13T00:00:00,16:22,CRIMES CONTRA A PESSOA,Homicídio Doloso,ES,37,1 - Masculino,Branca,JAGUARE,SAO ROQUE,RUA NÃO CADASTRADA,Domicílio
25,56884341,2025-01-13T00:00:00,04:34,CRIMES CONTRA A PESSOA,Homicídio Doloso,ES,35,1 - Masculino,Branca,CARIACICA,PORTO BELO,RUA DAS ACACIAS,Via Pública
26,56884078,2025-01-13T00:00:00,02:09,CRIMES CONTRA A PESSOA,Homicídio Doloso,ES,22,1 - Masculino,Parda,COLATINA,QUINZE DE OUTUBRO,ES 080,Via Pública
27,56902652,2025-01-14T00:00:00,23:19,CRIMES CONTRA A PESSOA,Homicídio Doloso,ES,37,1 - Masculino,Parda,BAIXO GUANDU,MASCARENHAS,AVENIDA GETULIO VARGAS,Domicílio
28,56901808,2025-01-14T00:00:00,20:58,CRIMES CONTRA A PESSOA,Homicídio Doloso,ES,32,1 - Masculino,Parda,VITORIA,JUCUTUQUARA,AV PAULINO MULLER,Via Pública
29,56901604,2025-01-14T00:00:00,20:15,CRIMES CONTRA A PESSOA,Homicídio Doloso,ES,30,1 - Masculino,Parda,GOVERNADOR LINDENBERG,NOVA BRASILIA,RUA MANUEL PAULINO,Domicílio
30,56901604,2025-01-14T00:00:00,20:15,CRIMES CONTRA A PESSOA,Homicídio Doloso,ES,27,1 - Masculino,Parda,GOVERNADOR LINDENBERG,NOVA BRASILIA,RUA MANUEL PAULINO,Domicílio
31,56909666,2025-01-15T00:00:00,18:05,CRIMES CONTRA A PESSOA,Homicídio Doloso,ES,48,1 - Masculino,Parda,SAO MATEUS,GURIRI,RUA BOA ESPERANCA,Via Pública
32,56912861,2025-01-16T00:00:00,04:54,CRIMES CONTRA A PESSOA,Homicídio Doloso,ES,42,1 - Masculino,Parda,VITORIA,VILA RUBIM,RUA DR JOAO DOS SANTOS NEVES,Via Pública
33,56929106,2025-01-17T00:00:00,17:42,CRIMES CONTRA A PESSOA,Homicídio Doloso,ES,39,1 - Masculino,Branca,VITORIA,GRANDE VITORIA,RUA PRESIDENTE,Via Pública
34,56928490,2025-01-17T00:00:00,16:43,CRIMES CONTRA A PESSOA,Homicídio Doloso,ES,22,1 - Masculino,Branca,SERRA,CENTRAL CARAPINA,RUA NÃO CADASTRADA,Terreno Baldio / Construção / Mata
35,56940857,2025-01-18T00:00:00,22:10,CRIMES CONTRA A PESSOA,Homicídio Doloso,ES,36,1 - Masculino,Parda,VITORIA,COMDUSA,RUA CLERIO FALCAO,Domicílio
36,56939651,2025-01-18T00:00:00,21:32,CRIMES CONTRA A PESSOA,Homicídio Doloso,ES,28,1 - Masculino,Parda,VITORIA,SAO JOSE,RUA CENTRAL,Via Pública
37,56930808,2025-01-18T00:00:00,21:23,CRIMES CONTRA A PESSOA,Homicídio Doloso,ES,42,1 - Masculino,Parda,CACHOEIRO DE ITAPEMIRIM,AEROPORTO,RUA JOAO PANCIN,Domicílio
38,56939610,2025-01-18T00:00:00,19:47,CRIMES CONTRA A PESSOA,Feminicídio,ES,40,2 - Feminino,Parda,COLATINA,NOSSA SENHORA APARECIDA,RUA ADALBERTO RIBEIRO,Domicílio
39,56939571,2025-01-18T00:00:00,19:42,CRIMES CONTRA A PESSOA,Homicídio Doloso,ES,40,1 - Masculino,Parda,SAO JOSE DO CALCADO,ALTO CALCADO,RUA ACENDINO NUNES DE CARVALHO,Via Pública
40,56937529,2025-01-18T00:00:00,16:07,CRIMES CONTRA A PESSOA,Homicídio Doloso,ES,25,1 - Masculino,Negra,RIO BANANAL,SANTA HELENA,RUA NÃO CADASTRADA,Via Pública
41,56950610,2025-01-19T00:00:00,22:39,CRIMES CONTRA A PESSOA,Homicídio Doloso,ES,25,1 - Masculino,Parda,ARACRUZ,SEGATO,RUA WILSON ROGERIO S LOUREIRO,Via Pública
42,56947417,2025-01-19T00:00:00,17:00,CRIMES CONTRA A PESSOA,Homicídio Doloso,ES,24,1 - Masculino,Parda,CARIACICA,CAMPO VERDE,RUA ESMERALDAS,Via Pública
43,56947417,2025-01-19T00:00:00,17:00,CRIMES CONTRA A PESSOA,Homicídio Doloso,ES,22,1 - Masculino,Parda,CARIACICA,CAMPO VERDE,RUA ESMERALDAS,Via Pública
44,56947262,2025-01-19T00:00:00,16:13,CRIMES CONTRA A PESSOA,Homicídio Doloso,ES,49,1 - Masculino,Parda,LINHARES,RIO QUARTEL,RUA NÃO CADASTRADA,Terreno Baldio / Construção / Mata
45,56945209,2025-01-19T00:00:00,12:11,CRIMES CONTRA A PESSOA,Homicídio Doloso,ES,47,1 - Masculino,Parda,VILA VELHA,RESIDENCIAL JABAETE,AV SILAS CRESPO,Terreno Baldio / Construção / Mata
46,56944574,2025-01-19T00:00:00,10:40,CRIMES CONTRA A PESSOA,Homicídio Doloso,ES,41,1 - Masculino,Branca,VIANA,MARCILIO DE NORONHA,AV SAO PAULO,Estabelecimento Comercial
47,56944595,2025-01-19T00:00:00,10:39,CRIMES CONTRA A PESSOA,Feminicídio,ES,50,2 - Feminino,Parda,MARECHAL FLORIANO,SOÍDO DE BAIXO,x,Domicílio
48,56942331,2025-01-19T00:00:00,01:48,CRIMES CONTRA A PESSOA,Homicídio Doloso,ES,18,1 - Masculino,Parda,FUNDAO,CENTRO,RUA ANTONIO PINTO LOUREIRO,Praça / Parques / Área Pública
49,56956123,2025-01-20T00:00:00,14:08,CRIMES CONTRA A PESSOA,Homicídio Doloso,ES,37,1 - Masculino,Parda,LINHARES,SANTA CRUZ,RUA NÃO CADASTRADA,Terreno Baldio / Construção / Mata
50,56955955,2025-01-20T00:00:00,13:53,CRIMES CONTRA A PESSOA,Homicídio Doloso,ES,49,1 - Masculino,Parda,ITARANA,ZONA RURAL,ROD ES261,Via Pública
51,56952123,2025-01-20T00:00:00,07:00,CRIMES CONTRA A PESSOA,Homicídio Doloso,ES,22,1 - Masculino,Negra,ARACRUZ,CUPIDO,RUA NÃO CADASTRADA,Terreno Baldio / Construção / Mata
52,56951788,2025-01-20T00:00:00,04:51,CRIMES CONTRA A PESSOA,Homicídio Doloso,ES,47,1 - Masculino,Negra,ARACRUZ,CAIEIRA VELHA,RUA NÃO CADASTRADA,Via Pública
53,56970979,2025-01-21T00:00:00,23:10,CRIMES CONTRA A PESSOA,Homicídio Doloso,ES,30,1 - Masculino,Parda,BARRA DE SAO FRANCISCO,IRMAOS FERNANDES,AV JONES SANTOS NEVES,Via Pública
54,56969867,2025-01-21T00:00:00,20:44,CRIMES CONTRA A PESSOA,Homicídio Doloso,ES,21,1 - Masculino,Negra,COLATINA,VILA AMELIA,RUA CRISTOVAO COLOMBO,Via Pública
55,56969239,2025-01-21T00:00:00,19:27,CRIMES CONTRA A PESSOA,Homicídio Doloso,ES,16,1 - Masculino,Negra,SAO MATEUS,SAO BENEDITO,RUA SANTA EFIGENIA,Via Pública
56,56965044,2025-01-21T00:00:00,12:40,CRIMES CONTRA A PESSOA,Homicídio Doloso,ES,45,1 - Masculino,Branca,VILA VELHA,COBI DE BAIXO,RUA PRINCIPAL,Via Pública
57,56981450,2025-01-22T00:00:00,21:10,CRIMES CONTRA A PESSOA,Homicídio Doloso,ES,26,1 - Masculino,Parda,MONTANHA,SAO SEBASTIAO DO NORTE,RUA SAO SEBASTIAO,Domicílio
58,56979199,2025-01-22T00:00:00,17:40,CRIMES CONTRA A PESSOA,Homicídio Doloso,ES,37,1 - Masculino,Branca,SAO MATEUS,ZONA RURAL,RUA NÃO CADASTRADA,Via Pública
59,56983205,2025-01-23T00:00:00,03:10,CRIMES CONTRA A PESSOA,Homicídio Doloso,ES,43,1 - Masculino,Negra,VILA VELHA,GUARANHUNS,RUA ONZE,Via Pública
60,57002351,2025-01-24T00:00:00,16:31,CRIMES CONTRA A PESSOA,Feminicídio,ES,44,2 - Feminino,Parda,SERRA,DAS LARANJEIRAS,RUA SAO LUCAS,Domicílio
61,56994184,2025-01-24T00:00:00,00:38,CRIMES CONTRA A PESSOA,Homicídio Doloso,ES,27,1 - Masculino,Parda,LINHARES,SANTA CRUZ,RUA FABRIZIO BARBOSA GONCALVES,Domicílio
62,57011710,2025-01-25T00:00:00,16:37,CRIMES CONTRA A PESSOA,Homicídio Doloso,ES,24,1 - Masculino,Parda,SOORETAMA,SALVADOR,RUA IPE AMARELO,Domicílio
63,57007405,2025-01-25T00:00:00,08:22,CRIMES CONTRA A PESSOA,Feminicídio,ES,49,2 - Feminino,Parda,ITAPEMIRIM,ROSA MEIRELES,X,Domicílio
64,57024737,2025-01-26T00:00:00,23:07,CRIMES CONTRA A PESSOA,Homicídio Doloso,ES,42,1 - Masculino,Parda,SAO MATEUS,SAO BENEDITO,AV. INDUSTRIAL STERWESSON BIGOSSI DE OLI,Terreno Baldio / Construção / Mata
65,57024510,2025-01-26T00:00:00,22:32,CRIMES CONTRA A PESSOA,Homicídio Doloso,ES,24,1 - Masculino,Branca,VILA VELHA,PONTA DA FRUTA,AV JUDITE GOMES COUTINHO,Via Pública
66,57018123,2025-01-26T00:00:00,09:29,CRIMES CONTRA A PESSOA,Homicídio Doloso,ES,30,1 - Masculino,Branca,SAO MATEUS,VITORIA,AV SOL,Via Pública
67,57018585,2025-01-26T00:00:00,10:29,CRIMES CONTRA A PESSOA,Homicídio Doloso,ES,0,2 - Feminino,Parda,LINHARES,SANTA CRUZ,RUA GUILHERME BARONE NETTO,Via Pública
68,57015723,2025-01-26T00:00:00,00:16,CRIMES CONTRA A PESSOA,Homicídio Doloso,ES,17,1 - Masculino,Parda,LINHARES,SANTA CRUZ,RUA ESTEVAO FRINHAN,Via Pública
69,57015723,2025-01-26T00:00:00,00:16,CRIMES CONTRA A PESSOA,Homicídio Doloso,ES,26,1 - Masculino,Parda,LINHARES,SANTA CRUZ,RUA ESTEVAO FRINHAN,Via Pública
70,57026069,2025-01-27T00:00:00,06:31,CRIMES CONTRA A PESSOA,Homicídio Doloso,ES,53,1 - Masculino,Parda,NOVA VENECIA,MUNICIPAL,RUA MIGUEL SALVADOR,Domicílio
71,57025666,2025-01-27T00:00:00,03:15,CRIMES CONTRA A PESSOA,Homicídio Doloso,ES,35,1 - Masculino,Negra,SERRA,ALTEROSAS,RUA NATAL,Domicílio
72,57025412,2025-01-27T00:00:00,01:27,CRIMES CONTRA A PESSOA,Homicídio Doloso,ES,22,1 - Masculino,Branca,CARIACICA,JARDIM BOTANICO,RUA VOLTA REDONDA,Via Pública
73,57043973,2025-01-28T00:00:00,19:42,CRIMES CONTRA A PESSOA,Homicídio Doloso,ES,42,1 - Masculino,Parda,AGUA DOCE DO NORTE,VILA ESPERANCA,RUA DE PAULA BRETAS,Via Pública
74,57041496,2025-01-28T00:00:00,15:47,CRIMES CONTRA A PESSOA,Homicídio Doloso,ES,16,2 - Feminino,Parda,LINHARES,NOVA ESPERANCA,RUA TIPUANA,Via Pública
75,57041131,2025-01-28T00:00:00,10:45,CRIMES CONTRA A PESSOA,Homicídio Doloso,ES, ,1 - Masculino,Negra,SERRA,JACARAIPE,RUA NÃO CADASTRADA,Via Pública
76,57039770,2025-01-28T00:00:00,12:55,CRIMES CONTRA A PESSOA,Feminicídio,ES,29,2 - Feminino,Parda,GUARAPARI,ADALBERTO SIMAO NADER,RUA S, 
77,57046156,2025-01-29T00:00:00,02:00,CRIMES CONTRA A PESSOA,Homicídio Doloso,ES,27,1 - Masculino,Parda,BARRA DE SAO FRANCISCO,COLINA,RUA JOAO PESSOA,Via Pública
78,57050960,2025-01-29T00:00:00,18:49,CRIMES CONTRA A PESSOA,Homicídio Doloso,ES,31,1 - Masculino,Parda,SOORETAMA,SALVADOR,RUA IPE AMARELO,Via Pública
79,57065038,2025-01-30T00:00:00,18:00,CRIMES CONTRA A PESSOA,Homicídio Doloso,ES,6,1 - Masculino,Parda,VILA VELHA,RESIDENCIAL JABAETE,AV FRANCO,Domicílio
80,57086889,2025-01-02T00:00:00,20:38,CRIMES CONTRA A PESSOA,Homicídio Doloso,ES,23,1 - Masculino,Negra,SAO GABRIEL DA PALHA,GUSTAVO BOONE,RUA MAXIMILIANO DA SILVA COSTA,Via Pública
81,57089315,2025-02-02T00:00:00,02:01,CRIMES CONTRA A PESSOA,Homicídio Doloso,ES,17,2 - Feminino,Parda,SERRA,SAO GERALDO,RUA NÃO CADASTRADA,Via Pública
82,57088559,2025-02-02T00:00:00,00:03,CRIMES CONTRA A PESSOA,Homicídio Doloso,ES,23,1 - Masculino,Parda,CARIACICA,SANTO ANTONIO,AV PRINCIPAL,Via Pública
83,57088559,2025-02-02T00:00:00,23:57,CRIMES CONTRA A PESSOA,Homicídio Doloso,ES,26,1 - Masculino,Parda,CARIACICA,SANTO ANTONIO,AV PRINCIPAL,Via Pública
84,57107842,2025-03-02T00:00:00,21:59,CRIMES CONTRA A PESSOA,Homicídio Doloso,ES,33,1 - Masculino,Parda,VITORIA,SANTO ANTONIO,AV DARIO LOURENCO DE SOUZA,Via Pública
85,57107842,2025-03-02T00:00:00,21:59,CRIMES CONTRA A PESSOA,Homicídio Doloso,ES,29,2 - Feminino,Negra,VITORIA,SANTO ANTONIO,AV DARIO LOURENCO DE SOUZA,Via Pública
86,57116097,2025-04-02T00:00:00,18:06,CRIMES CONTRA A PESSOA,Homicídio Doloso,ES,43,1 - Masculino,Branca,COLATINA,AYRTON SENNA,RUA JOAO BATISTA DO VALE,Praça / Parques / Área Pública
87,57115594,2025-04-02T00:00:00,17:13,CRIMES CONTRA A PESSOA,Homicídio Doloso,ES,34,1 - Masculino,Parda,VIANA,MARCILIO DE NORONHA,RUA CAMPOS DOO JORDAO,Domicílio
88,57109756,2025-04-02T00:00:00,07:16,CRIMES CONTRA A PESSOA,Homicídio Doloso,ES, ,1 - Masculino,Branca,VARGEM ALTA,SUMIDOURO,RUA NÃO CADASTRADA,Terreno Baldio / Construção / Mata
89,57127793,2025-05-02T00:00:00,21:14,CRIMES CONTRA A PESSOA,Homicídio Doloso,ES,3,1 - Masculino,Parda,CARIACICA,ORIENTE,RIA JOSE VIEIRA DE MORAIS,Domicílio
90,57126828,2025-05-02T00:00:00,19:19,CRIMES CONTRA A PESSOA,Homicídio Doloso,ES,31,1 - Masculino,Parda,VILA VELHA,COBI DE CIMA,TRAVESSA PINARE,Via Pública
91,57076858,2025-05-02T00:00:00,10:24,CRIMES CONTRA A PESSOA,Homicídio Doloso,ES,35,1 - Masculino,Branca,SERRA,VISTA DA SERRA II,RUA FIGUEIRAS,Via Pública
92,57119145,2025-05-02T00:00:00,02:06,CRIMES CONTRA A PESSOA,Homicídio Doloso,ES, ,1 - Masculino, ,SAO MATEUS,CENTRO,AV JOSE TOZZI,Via Pública
93,57129931,2025-06-02T00:00:00,07:49,CRIMES CONTRA A PESSOA,Homicídio Doloso,ES, ,2 - Feminino,Parda,SAO MATEUS,GURIRI,RUA SETE,Terreno Baldio / Construção / Mata
94,57129554,2025-06-02T00:00:00,06:16,CRIMES CONTRA A PESSOA,Homicídio Doloso,ES,21,1 - Masculino,Branca,IBIRACU,ELIAS BRAGATO,RUA SEBASTIAO ANTONIO ARAUJO,Via Pública
95,57129256,2025-06-02T00:00:00,03:44,CRIMES CONTRA A PESSOA,Homicídio Doloso,ES,48,1 - Masculino,Parda,CARIACICA,NOVO BRASIL,RUA RIO GRANDE DO NORTE,Via Pública
96,57129195,2025-06-02T00:00:00,03:16,CRIMES CONTRA A PESSOA,Homicídio Doloso,ES,33,1 - Masculino,Amarela,PIUMA,CENTRO,RUA NÃO CADASTRADA,Outros Locais
97,57157726,2025-08-02T00:00:00,20:56,CRIMES CONTRA A PESSOA,Homicídio Doloso,ES,32,1 - Masculino,Negra,NOVA VENECIA,ZONA RURAL,RUA NÃO CADASTRADA,Via Pública
98,57166940,2025-09-02T00:00:00,21:53,CRIMES CONTRA A PESSOA,Homicídio Doloso,ES,20,1 - Masculino,Parda,VILA VELHA,ILHA DOS AYRES,RUA ARISTIDES LOBO,Domicílio
99,57166476,2025-09-02T00:00:00,20:55,CRIMES CONTRA A PESSOA,Homicídio Doloso,ES,31,1 - Masculino,Parda,CARIACICA,NOVA ROSA DA PENHA II,RUA SETENTA E SETE,Via Pública
100,57160877,2025-09-02T00:00:00,07:22,CRIMES CONTRA A PESSOA,Homicídio Doloso,ES,43,1 - Masculino,Branca,CACHOEIRO DE ITAPEMIRIM,SANTO ANTONIO,RUA MARECHAL MASCARENHAS DE MORAES,Via Pública
101,57169018,2025-10-02T00:00:00,07:50,CRIMES CONTRA A PESSOA,Homicídio Doloso,ES,29,1 - Masculino,Parda,SERRA,RESIDENCIAL CENTRO DA SERRA,RUA PAU DALHO,Via Pública
102,57169891,2025-10-02T00:00:00,06:31,CRIMES CONTRA A PESSOA,Homicídio Doloso,ES,49,1 - Masculino,Parda,SERRA,CIDADE POMAR,RUA NÃO CADASTRADA,Terreno Baldio / Construção / Mata
103,57167194,2025-10-02T00:00:00,01:45,CRIMES CONTRA A PESSOA,Homicídio Doloso,ES,36,2 - Feminino,Parda,GOVERNADOR LINDENBERG,NOVO BASIL,x,Domicílio
104,57179904,2025-11-02T00:00:00,10:23,CRIMES CONTRA A PESSOA,Homicídio Doloso,ES,25,1 - Masculino,Parda,SERRA,PRAIA DE CARAPEBUS,RUA FRANCISCO ANTONIO ALMEIDA,Via Pública
105,57196275,2025-12-02T00:00:00,21:36,CRIMES CONTRA A PESSOA,Homicídio Doloso,ES,25,1 - Masculino,Parda,ANCHIETA,JERUSALEM,RUA PROJETADA,Via Pública
106,57187759,2025-12-02T00:00:00,17:40,CRIMES CONTRA A PESSOA,Homicídio Doloso,ES,38,1 - Masculino,Negra,CARIACICA,CAMPINA GRANDE,RUA DOM PEDRO II,Via Pública
107,57226589,2025-02-15T00:00:00,22:42,CRIMES CONTRA A PESSOA,Homicídio Doloso,ES,17,1 - Masculino,Parda,LINHARES,SANTA CRUZ,RUA ANTONIO SOARES,Praça / Parques / Área Pública
108,57221248,2025-02-15T00:00:00,12:19,CRIMES CONTRA A PESSOA,Homicídio Doloso,ES,55,1 - Masculino,Parda,JAGUARE,NOVO TEMPO,RUA HENRIQUETA CALIMAN SOCIT,Via Pública
109,57218425,2025-02-15T00:00:00,03:54,CRIMES CONTRA A PESSOA,Homicídio Doloso,ES,33,2 - Feminino,Parda,PEDRO CANARIO,CRISTAL DO NORTE,X,Via Pública
110,57235690,2025-02-16T00:00:00,22:38,CRIMES CONTRA A PESSOA,Homicídio Doloso,ES,19,1 - Masculino,Parda,BAIXO GUANDU,SAO PEDRO,RUA GERMANDO FICK,Via Pública
111,57235580,2025-02-16T00:00:00,22:11,CRIMES CONTRA A PESSOA,Homicídio Doloso,ES,19,1 - Masculino,Parda,JAGUARE,ZONA RURAL,RUA NÃO CADASTRADA,Domicílio
112,57231505,2025-02-16T00:00:00,02:20,CRIMES CONTRA A PESSOA,Homicídio Doloso,ES,43,1 - Masculino,Parda,VITORIA,SANTO ANDRE,RUA NÃO CADASTRADA,Via Pública
113,57231753,2025-02-16T00:00:00,16:39,CRIMES CONTRA A PESSOA,Homicídio Doloso,ES,82,1 - Masculino,Parda,MIMOSO DO SUL,ZONA RURAL,RUA NÃO CADASTRADA,Terreno Baldio / Construção / Mata
114,57232632,2025-02-16T00:00:00,16:17,CRIMES CONTRA A PESSOA,Homicídio Doloso,ES,37,1 - Masculino,Parda,GUARAPARI,VILLAGE DO SOL,RUA NÃO CADASTRADA,Via Pública
115,57228196,2025-02-16T00:00:00,03:18,CRIMES CONTRA A PESSOA,Homicídio Doloso,ES,29,1 - Masculino,Parda,LINHARES,PONTAL DO IPIRANGA,RUA MOROBA,Domicílio
116,57228019,2025-02-16T00:00:00,02:20,CRIMES CONTRA A PESSOA,Homicídio Doloso,ES,22,1 - Masculino,Parda,VITORIA,SANTO ANDRE,RUA 23 DE ABRIL,Domicílio
117,57227464,2025-02-16T00:00:00,00:35,CRIMES CONTRA A PESSOA,Homicídio Doloso,ES,30,1 - Masculino,Parda,BOA ESPERANÇA,VILA FERNANDES,RUA GERACINA DA SILVA LA,Via Pública
118,57237791,2025-02-17T00:00:00,08:45,CRIMES CONTRA A PESSOA,Homicídio Doloso,ES,36,1 - Masculino,Parda,VILA VELHA,COBI DE BAIXO,AV BRASIL,Via Pública
119,57236387,2025-02-17T00:00:00,01:13,CRIMES CONTRA A PESSOA,Homicídio Doloso,ES,27,1 - Masculino,Branca,GUARAPARI,MEAIPE,RUA JUIZ DE FORA,Domicílio
120,57194520,2025-02-18T00:00:00,11:37,CRIMES CONTRA A PESSOA,Homicídio Doloso,ES,57,1 - Masculino,Parda,VILA VELHA,CRISTOVAO COLOMBO,RUA SAO BENTO,Via Pública
121,57246313,2025-02-18T00:00:00,04:42,CRIMES CONTRA A PESSOA,Homicídio Doloso,ES,29,1 - Masculino,Parda,CONCEICAO DO CASTELO,NICOLAU DE VARGAS E SILVA,RUA AMERICO MOREIRA,Via Pública
122,57263872,2025-02-19T00:00:00,22:08,CRIMES CONTRA A PESSOA,Feminicídio,ES,34,2 - Feminino,Negra,PIUMA,CEU AZUL,MARILIA UM,Domicílio
123,57260457,2025-02-19T00:00:00,15:26,CRIMES CONTRA A PESSOA,Homicídio Doloso,ES,17,1 - Masculino,Branca,CARIACICA,PORTO DE SANTANA,RUA NÃO CADASTRADA,Mar
124,57257241,2025-02-19T00:00:00,09:49,CRIMES CONTRA A PESSOA,Homicídio Doloso,ES,52,1 - Masculino,Negra,VILA VELHA,ITAPOA,RUA SANTA TEREZINHA,Domicílio
125,57257370,2025-02-19T00:00:00,09:15,CRIMES CONTRA A PESSOA,Homicídio Doloso,ES,34,1 - Masculino,Branca,VILA VELHA,SAO TORQUATO,RUA BEDIAS FERREIRA DA SILVA,Via Pública
126,57269266,2025-02-20T00:00:00,14:19,CRIMES CONTRA A PESSOA,Homicídio Doloso,ES,54,1 - Masculino,Parda,ALEGRE,CENTRO,RUA TREZE DE MAIO,Via Pública
127,57264918,2025-02-20T00:00:00,03:54,CRIMES CONTRA A PESSOA,Homicídio Doloso,ES,23,1 - Masculino,Parda,COLATINA,NOVO HORIZONTE,RUA AMBIENTAL,Domicílio
128,57235448,2025-02-21T00:00:00,20:45,CRIMES CONTRA A PESSOA,Homicídio Doloso,ES,25,1 - Masculino,Branca,ARACRUZ,POLIVALENTE,RUA JANETE PASSOS,Via Pública
129,57289026,2025-02-22T00:00:00,18:06,CRIMES CONTRA A PESSOA,Feminicídio,ES,25,2 - Feminino,Parda,GUARAPARI,BARRO BRANCO,RUA SANTO FRAGA,Via Pública
130,57292098,2025-02-22T00:00:00,17:00,CRIMES CONTRA A PESSOA,Homicídio Doloso,ES,34,1 - Masculino,Parda,ECOPORANGA,DIVINO ESPIRITO SANTO,RUA AMELIA POUBEL,Via Pública
131,57283494,2025-02-22T00:00:00,09:11,CRIMES CONTRA A PESSOA,Homicídio Doloso,ES,43,1 - Masculino,Branca,IBATIBA,CENTRO,AV MARIO ANDREAZZA,Via Pública
132,57287612,2025-02-22T00:00:00,03:00,CRIMES CONTRA A PESSOA,Homicídio Doloso,ES,20,1 - Masculino,Parda,GUACUI,CENTRO,RUA NÃO CADASTRADA,Praça / Parques / Área Pública
133,57300465,2025-02-23T00:00:00,22:42,CRIMES CONTRA A PESSOA,Homicídio Doloso,ES,25,1 - Masculino,Parda,VILA VELHA,BRISAMAR,RUA JASMIN,Via Pública
134,57298332,2025-02-23T00:00:00,18:05,CRIMES CONTRA A PESSOA,Homicídio Doloso,ES,39,1 - Masculino,Negra,SERRA,VISTA DA SERRA I,RUA ITAGUAÇU,Domicílio
135,57298268,2025-02-23T00:00:00,17:52,CRIMES CONTRA A PESSOA,Homicídio Doloso,ES,21,1 - Masculino,Parda,CARIACICA,FLEXAL II,RUA BOA VISTA,Via Pública
136,57297997,2025-02-23T00:00:00,17:20,CRIMES CONTRA A PESSOA,Homicídio Doloso,ES,28,1 - Masculino,Parda,BREJETUBA,ZONA RURAL,RUA NÃO CADASTRADA,Domicílio
137,57295724,2025-02-23T00:00:00,12:33,CRIMES CONTRA A PESSOA,Feminicídio,ES,20,2 - Feminino,Parda,CARIACICA,ORIENTE,RUA FRANCISCO ESPERIDIAO PINTO,Domicílio
138,57293930,2025-02-23T00:00:00,07:42,CRIMES CONTRA A PESSOA,Homicídio Doloso,ES,52,1 - Masculino,Branca,MONTANHA,CENTRO,RUA NÃO CADASTRADA,Praça / Parques / Área Pública
139,56866138,2025-02-24T00:00:00,06:46,CRIMES CONTRA A PESSOA,Homicídio Doloso,ES,32,1 - Masculino,Parda,SAO GABRIEL DA PALHA,JOAO COLOMBI,RUA ADELIO AGOSTINI,Via Pública
140,57338020,2025-02-27T00:00:00,20:34,CRIMES CONTRA A PESSOA,Homicídio Doloso,ES,19,1 - Masculino,Parda,MUCURICI,AGUA BOA,RUA NÃO CADASTRADA,Via Pública
141,57338020,2025-02-27T00:00:00,20:34,CRIMES CONTRA A PESSOA,Homicídio Doloso,ES,17,1 - Masculino,Parda,MUCURICI,AGUA BOA,RUA NÃO CADASTRADA,Via Pública
142,57337865,2025-02-27T00:00:00,20:25,CRIMES CONTRA A PESSOA,Homicídio Doloso,ES,21,1 - Masculino,Parda,VILA VELHA,JOAO GOULART,RUA NÃO CADASTRADA,Via Pública
143,57332748,2025-02-27T00:00:00,11:49,CRIMES CONTRA A PESSOA,Homicídio Doloso,ES,39,1 - Masculino,Parda,SERRA,NOVA ALMEIDA,RUA NÃO CADASTRADA,Via Pública
144,57340765,2025-02-28T00:00:00,08:25,CRIMES CONTRA A PESSOA,Homicídio Doloso,ES,27,1 - Masculino,Parda,VILA VELHA,NORMILIA DA CUNHA,RUA RIO DE JANEIRO,Via Pública
145,57340663,2025-02-28T00:00:00,07:54,CRIMES CONTRA A PESSOA,Homicídio Doloso,ES,37,2 - Feminino,Parda,BARRA DE SAO FRANCISCO,ZONA RURAL,ROD ES 320,Via Pública
146,57340494,2025-02-28T00:00:00,07:34,CRIMES CONTRA A PESSOA,Homicídio Doloso,ES,48,1 - Masculino,Branca,VILA VELHA,ARAÇAS,RUA NÃO CADASTRADA,Praça / Parques / Área Pública
147,57340424,2025-02-28T00:00:00,07:10,CRIMES CONTRA A PESSOA,Homicídio Doloso,ES,15,1 - Masculino,Negra,VILA VELHA,ULISSES GUIMARAES,RUA RAUL SEIXAS,Via Pública
148,57340106,2025-02-28T00:00:00,05:32,CRIMES CONTRA A PESSOA,Homicídio Doloso,ES,31,1 - Masculino,Parda,COLATINA,BENJAMIM CARLOS DOS SANTOS,AV DAS NAÇÕES,Via Pública
149,57355367,2025-01-03T00:00:00,16:42,CRIMES CONTRA A PESSOA,Homicídio Doloso,ES,77,2 - Feminino,Branca,VILA VELHA,ITAPOA,AV ANTONIO GIL VELOSO,Domicílio
150,57350847,2025-01-03T00:00:00,06:33,CRIMES CONTRA A PESSOA,Homicídio Doloso,ES,18,1 - Masculino,Negra,VILA VELHA,COBI DE BAIXO,RUA NÃO CADASTRADA,Terreno Baldio / Construção / Mata
151,57367649,2025-02-03T00:00:00,20:47,CRIMES CONTRA A PESSOA,Homicídio Doloso,ES, ,1 - Masculino,Parda,SOORETAMA,SALVADOR,RUA ESMERALDINA SIMPLICIO,Via Pública
152,57358044,2025-02-03T00:00:00,10:56,CRIMES CONTRA A PESSOA,Homicídio Doloso,ES,18,1 - Masculino,Parda,CARIACICA,NOVA ROSA DA PENHA,RUA VINTE E TRES,Domicílio
153,57361373,2025-02-03T00:00:00,07:55,CRIMES CONTRA A PESSOA,Homicídio Doloso,ES,19,1 - Masculino,Branca,AFONSO CLAUDIO,SAO FRANCISCO,RUA NÃO CADASTRADA,Domicílio
154,57371665,2025-03-03T00:00:00,09:54,CRIMES CONTRA A PESSOA,Homicídio Doloso,ES,16,1 - Masculino,Parda,SAO MATEUS,GURIRI,ESTRADA DE BARRA NOVA,Terreno Baldio / Construção / Mata
155,57379869,2025-04-03T00:00:00,07:12,CRIMES CONTRA A PESSOA,Homicídio Doloso,ES,22,1 - Masculino,Parda,VILA VELHA,SAO TORQUATO,RUA LEPOLDINA,Via Pública
156,57378554,2025-04-03T00:00:00,00:10,CRIMES CONTRA A PESSOA,Homicídio Doloso,ES,19,1 - Masculino,Parda,VITORIA,MARIO CYPRESTE,AV DARIO LOURENÇO DE SOUZA,Praça / Parques / Área Pública
157,57416461,2025-07-03T00:00:00,22:25,CRIMES CONTRA A PESSOA,Homicídio Doloso,ES,22,1 - Masculino,Parda,SERRA,COSTA DOURADA,RUA NÃO CADASTRADA,Via Pública
158,57426124,2025-08-03T00:00:00,22:32,CRIMES CONTRA A PESSOA,Homicídio Doloso,ES,40,1 - Masculino,Parda,ITAPEMIRIM,CAMPO ACIMA,RUA NÃO CADASTRADA,Via Pública
159,57424010,2025-08-03T00:00:00,20:59,CRIMES CONTRA A PESSOA,Homicídio Doloso,ES,48,1 - Masculino,Negra,VITORIA, ,RUA NÃO CADASTRADA,Estabelecimento de Saúde
160,57420021,2025-08-03T00:00:00,12:50,CRIMES CONTRA A PESSOA,Homicídio Doloso,ES,29,1 - Masculino,Parda,SANTA MARIA DE JETIBA,ZONA RURAL,RUA NÃO CADASTRADA,Domicílio
161,57417390,2025-08-03T00:00:00,00:19,CRIMES CONTRA A PESSOA,Homicídio Doloso,ES,19,1 - Masculino,Negra,FUNDAO,CAMPESTRE,RUA FLORESTA,Via Pública
162,57434898,2025-09-03T00:00:00,22:07,CRIMES CONTRA A PESSOA,Homicídio Doloso,ES,14,1 - Masculino,Parda,VITORIA,GRANDE VITORIA,RUA DA PRAINHA,Via Pública
163,57434394,2025-09-03T00:00:00,22:00,CRIMES CONTRA A PESSOA,Homicídio Doloso,ES,23,1 - Masculino,Negra,ITAGUACU,SANTA FE,AV HENRIQUE FRIZERA,Via Pública
164,57436669,2025-10-03T00:00:00,07:28,CRIMES CONTRA A PESSOA,Homicídio Doloso,ES,49,1 - Masculino,Parda,ITAPEMIRIM,GOMES,RUA NÃO CADASTRADA,Via Pública
165,57327808,2025-11-03T00:00:00,09:53,CRIMES CONTRA A PESSOA,Homicídio Doloso,ES,20,1 - Masculino,Parda,LINHARES,INTERLAGOS,AV CLAUDIO MANOEL DA COSTA,Via Pública
166,57441952,2025-11-03T00:00:00,03:57,CRIMES CONTRA A PESSOA,Feminicídio,ES,25,2 - Feminino,Parda,VILA VELHA,GLORIA,RUA SANTA ROSA,Estabelecimento Comercial
167,57445408,2025-11-03T00:00:00,00:41,CRIMES CONTRA A PESSOA,Homicídio Doloso,ES,47,1 - Masculino,Parda,COLATINA,BELA VISTA,RUA JORCELINO FERREIRA,Domicílio
168,57456032,2025-12-03T00:00:00,15:09,CRIMES CONTRA A PESSOA,Homicídio Doloso,ES,23,1 - Masculino,Parda,SERRA,VISTA DA SERRA I,RUA MIMOSO DO SUL,Domicílio
169,57455320,2025-12-03T00:00:00,06:28,CRIMES CONTRA A PESSOA,Homicídio Doloso,ES,37,1 - Masculino,Parda,ITAPEMIRIM,GARRAFAO,RUA NÃO CADASTRADA,Outros Locais
170,57473620,2025-03-13T00:00:00,23:03,CRIMES CONTRA A PESSOA,Homicídio Doloso,ES,1,2 - Feminino,Branca,COLATINA,AYRTON SENNA,RUA EMILIO PAULO DE OLIVEIRA,Domicílio
171,57482590,2025-03-14T00:00:00,22:48,CRIMES CONTRA A PESSOA,Homicídio Doloso,ES,29,1 - Masculino,Negra,GUARAPARI,OLARIA,RUA DO BERTELI,Via Pública
172,57490969,2025-03-15T00:00:00,21:00,CRIMES CONTRA A PESSOA,Homicídio Doloso,ES,30,1 - Masculino,Parda,LINHARES,NOVA ESPERANÇA,AV LAGOA DO ENCANTO,Domicílio
173,57490838,2025-03-15T00:00:00,20:48,CRIMES CONTRA A PESSOA,Homicídio Doloso,ES,26,1 - Masculino,Parda,CACHOEIRO DE ITAPEMIRIM,DOUTOR GILSON CARONE,RUA ELZA DE SOUZA MACHADO,Via Pública
174,57488259,2025-03-15T00:00:00,16:05,CRIMES CONTRA A PESSOA,Homicídio Doloso,ES,27,1 - Masculino,Negra,LINHARES,ARAÇA,ALAMEDA OSVALDO SILVA PRATTI,Via Pública
175,57483741,2025-03-15T00:00:00,08:35,CRIMES CONTRA A PESSOA,Homicídio Doloso,ES,18,1 - Masculino,Negra,CACHOEIRO DE ITAPEMIRIM,DOUTOR GILSON CARONE,RUA DJALMA MANOEL DA SILVA,Ignorado
176,57484112,2025-03-15T00:00:00,04:37,CRIMES CONTRA A PESSOA,Homicídio Doloso,ES,25,1 - Masculino,Negra,VITORIA,JARDIM DA PENHA,RUA ARTHUR CZARTORYSKI,Via Pública
177,57483786,2025-03-15T00:00:00,02:37,CRIMES CONTRA A PESSOA,Homicídio Doloso,ES,37,1 - Masculino,Negra,VILA VALERIO,SANTA RITA,RUA NÃO CADASTRADA,Via Pública
178,57499401,2025-03-16T00:00:00,23:51,CRIMES CONTRA A PESSOA,Homicídio Doloso,ES,31,1 - Masculino,Branca,CACHOEIRO DE ITAPEMIRIM,AEROPORTO,RUA APOSTOLO TOME,Via Pública
179,57500045,2025-03-16T00:00:00,21:07,CRIMES CONTRA A PESSOA,Homicídio Doloso,ES,44,1 - Masculino,Parda,VILA VELHA,COBI DE BAIXO,AV BRASIL,Via Pública
180,57429428,2025-03-16T00:00:00,16:07,CRIMES CONTRA A PESSOA,Homicídio Doloso,ES,16,1 - Masculino,Parda,LINHARES,RIO QUARTEL,ROD LAGOA DE AGUIAR,Domicílio
181,57502544,2025-03-17T00:00:00,08:13,CRIMES CONTRA A PESSOA,Homicídio Doloso,ES,34,1 - Masculino,Parda,VITORIA,GURIGICA,RUA JOSE BARROSO,Via Pública
182,57501531,2025-03-17T00:00:00,01:19,CRIMES CONTRA A PESSOA,Homicídio Doloso,ES, ,1 - Masculino,Parda,CARIACICA,VASCO DA GAMA,AV LEOPOLDINA,Via Pública
183,57493055,2025-03-17T00:00:00,01:06,CRIMES CONTRA A PESSOA,Homicídio Doloso,ES,22,1 - Masculino,Parda,PONTO BELO,CENTRO,RUA IBICARAI,Via Pública
184,57547232,2025-03-21T00:00:00,21:57,CRIMES CONTRA A PESSOA,Homicídio Doloso,ES,20,1 - Masculino,Parda,CARIACICA,JARDIM BOTANICO,RUA VITORIA,Estabelecimento Comercial
185,57547232,2025-03-21T00:00:00,21:57,CRIMES CONTRA A PESSOA,Homicídio Doloso,ES,18,1 - Masculino,Parda,CARIACICA,JARDIM BOTANICO,RUA VITORIA,Estabelecimento Comercial
186,57557854,2025-03-22T00:00:00,23:36,CRIMES CONTRA A PESSOA,Homicídio Doloso,ES,20,1 - Masculino,Negra,CARIACICA,FLEXAL II,AV NOSSA SENHORA DA PENHA,Praça / Parques / Área Pública
187,57554048,2025-03-22T00:00:00,16:54,CRIMES CONTRA A PESSOA,Homicídio Doloso,ES,26,1 - Masculino,Parda,PEDRO CANARIO,CAMATA,RUA NÃO CADASTRADA,Terreno Baldio / Construção / Mata
188,57553013,2025-03-22T00:00:00,14:44,CRIMES CONTRA A PESSOA,Homicídio Doloso,ES,7,1 - Masculino,Parda,SERRA,MORADA DE LARANJEIRAS,RUA MINAS GERAIS,Domicílio
189,57387763,2025-03-23T00:00:00,10:38,CRIMES CONTRA A PESSOA,Homicídio Doloso,ES,29,1 - Masculino,Negra,JAGUARE,JIRAU,RUA NÃO CADASTRADA,Via Pública
190,57559697,2025-03-23T00:00:00,06:13,CRIMES CONTRA A PESSOA,Homicídio Doloso,ES,26,1 - Masculino,Parda,VILA VELHA,SANTA RITA,RUA DO VALAO,Via Pública
191,57578705,2025-03-25T00:00:00,06:01,CRIMES CONTRA A PESSOA,Homicídio Doloso,ES,21,1 - Masculino,Parda,VILA VELHA,SOTECO,RUA ALVARO AZAVEDO,Via Pública
192,57596077,2025-03-26T00:00:00,21:43,CRIMES CONTRA A PESSOA,Homicídio Doloso,ES,21,1 - Masculino,Parda,CARIACICA,JARDIM DE ALAH,RUA AUGUSTA CAMPOS,Via Pública
193,57591548,2025-03-26T00:00:00,13:28,CRIMES CONTRA A PESSOA,Feminicídio,ES,27,2 - Feminino,Parda,BAIXO GUANDU,ROSARIO I,RUA DUQUE DE CAXIAS,Domicílio
194,57590158,2025-03-26T00:00:00,11:09,CRIMES CONTRA A PESSOA,Homicídio Doloso,ES,39,1 - Masculino,Parda,SAO MATEUS,MORADA DO LAGO,RUA SAO JOAO,Domicílio
195,57578515,2025-03-26T00:00:00,03:52,CRIMES CONTRA A PESSOA,Homicídio Doloso,ES,35,1 - Masculino,Negra,VILA VELHA,TERRA VERMELHA,RUA NÃO CADASTRADA,Terreno Baldio / Construção / Mata
196,57597594,2025-03-27T00:00:00,06:30,CRIMES CONTRA A PESSOA,Homicídio Doloso,ES,42,1 - Masculino,Parda,VILA VELHA,ATAIDE,EST JERONIMO MONTEIRO,Via Pública
197,57596898,2025-03-27T00:00:00,00:10,CRIMES CONTRA A PESSOA,Homicídio Doloso,ES,30,2 - Feminino, ,LINHARES,AVISO,AV MARIA FRANCISCA GABRIEL VICENTINI,Domicílio
198,57623298,2025-03-29T00:00:00,19:02,CRIMES CONTRA A PESSOA,Homicídio Doloso,ES,49,1 - Masculino,Parda,BAIXO GUANDU,VILA KENNEDY,RUA TIRADENTES,Via Pública
199,57622685,2025-03-29T00:00:00,17:58,CRIMES CONTRA A PESSOA,Homicídio Doloso,ES,19,1 - Masculino,Parda,ARACRUZ,MAR AZUL,RUA NÃO CADASTRADA,Terreno Baldio / Construção / Mata
200,57617729,2025-03-29T00:00:00,07:23,CRIMES CONTRA A PESSOA,Homicídio Doloso,ES,21,1 - Masculino,Branca,VARGEM ALTA,CASTELINHO,RUA EUGENIO PASSARELA,Via Pública
201,57617070,2025-03-29T00:00:00,03:22,CRIMES CONTRA A PESSOA,Homicídio Doloso,ES,37,1 - Masculino,Parda,BARRA DE SAO FRANCISCO,COLINA,ESC 7 DE SETEMBRO,Via Pública
202,57631589,2025-03-30T00:00:00,17:31,CRIMES CONTRA A PESSOA,Homicídio Doloso,ES,23,1 - Masculino,Negra,LINHARES,NOVA ESPERANCA,RUA NÃO CADASTRADA,Lago / Lagoa / Represa
203,57630140,2025-03-30T00:00:00,14:31,CRIMES CONTRA A PESSOA,Homicídio Doloso,ES,23,1 - Masculino,Branca,LINHARES,INTERLAGOS,AV QUINTINO BOCAIUVA,Praça / Parques / Área Pública
204,57629589,2025-03-30T00:00:00,13:08,CRIMES CONTRA A PESSOA,Homicídio Doloso,ES,24,1 - Masculino,Parda,GUACUI,ZONA RURAL,RUA NÃO CADASTRADA,Via Pública
205,57629380,2025-03-30T00:00:00,12:32,CRIMES CONTRA A PESSOA,Homicídio Doloso,ES,27,1 - Masculino,Negra,CARIACICA,CAMPO GRANDE,AV EXPEDITO GARCIA,Via Pública
206,57628427,2025-03-30T00:00:00,10:22,CRIMES CONTRA A PESSOA,Homicídio Doloso,ES, ,1 - Masculino,Prejudicado,IBIRACU,PENDAGA,ROD BR 101,Via Pública
207,57627121,2025-03-30T00:00:00,05:41,CRIMES CONTRA A PESSOA,Homicídio Doloso,ES,15,1 - Masculino,Parda,PINHEIROS,SANTO ANTONIO,RUA VEREADOR ELPIDIO ROSA,Via Pública
208,57643483,2025-03-31T00:00:00,20:09,CRIMES CONTRA A PESSOA,Homicídio Doloso,ES,25,1 - Masculino,Parda,LINHARES,SANTA CRUZ,RUA ANTONIO SILVA ARAUJO,Domicílio
209,57634393,2025-03-31T00:00:00,23:17,CRIMES CONTRA A PESSOA,Homicídio Doloso,ES,34,1 - Masculino,Negra,LINHARES,RESIDENCIAL RIO DOCE,RUA MARIA DE OLIVEIRA DE SOUSA,Domicílio
210,57664332,2025-02-04T00:00:00,22:26,CRIMES CONTRA A PESSOA,Homicídio Doloso,ES,19,1 - Masculino,Parda,AGUA DOCE DO NORTE,CORREGO DO CEDRO,RUA IRACY MARQUES,Via Pública
211,57666465,2025-03-04T00:00:00,09:12,CRIMES CONTRA A PESSOA,Homicídio Doloso,ES,19,1 - Masculino,Parda,VILA VELHA,COBI DE CIMA,AV CARLOS LINDENBERG,Via Pública
212,57695190,2025-05-04T00:00:00,22:41,CRIMES CONTRA A PESSOA,Homicídio Doloso,ES,46,1 - Masculino,Negra,AFONSO CLAUDIO,CENTRO,RUA JOSE MARTINS DA SILVA,Via Pública
213,57688971,2025-05-04T00:00:00,16:30,CRIMES CONTRA A PESSOA,Homicídio Doloso,ES, ,1 - Masculino,Prejudicado,VILA VELHA,XURY,ROD BR 101,Unidade Prisional
214,57690190,2025-05-04T00:00:00,14:02,CRIMES CONTRA A PESSOA,Homicídio Doloso,ES,33,1 - Masculino,Parda,SERRA,BAIRRO DAS LARANJEIRAS,RUA PRIMAVERA,Via Pública
215,57687369,2025-05-04T00:00:00,08:42,CRIMES CONTRA A PESSOA,Feminicídio,ES,38,2 - Feminino,Branca,CARIACICA,BOA SORTE,RUA ROLINHA,Curso D'água
216,57701325,2025-06-04T00:00:00,18:31,CRIMES CONTRA A PESSOA,Homicídio Doloso,ES,26,1 - Masculino,Parda,ECOPORANGA,VILA NOVA,RUA NÃO CADASTRADA,Via Pública
217,57701303,2025-06-04T00:00:00,18:26,CRIMES CONTRA A PESSOA,Homicídio Doloso,ES,50,1 - Masculino,Parda,LINHARES,NOVA ESPERANÇA,RUA NÃO CADASTRADA,Via Pública
218,57699210,2025-06-04T00:00:00,12:30,CRIMES CONTRA A PESSOA,Homicídio Doloso,ES,27,1 - Masculino,Parda,VILA VELHA,JABURUNA,ESC MARIA VALADARES,Via Pública
219,57710889,2025-07-04T00:00:00,20:39,CRIMES CONTRA A PESSOA,Homicídio Doloso,ES,65,1 - Masculino,Parda,LINHARES,AVISO,RUA LASTENIO CALMON,Via Pública
220,57714108,2025-08-04T00:00:00,10:18,CRIMES CONTRA A PESSOA,Homicídio Doloso,ES, ,1 - Masculino,Prejudicado,VILA VELHA,CENTRO,RUA DR ANTONIO ATAIDE,Terreno Baldio / Construção / Mata
221,57721572,2025-09-04T00:00:00,02:14,CRIMES CONTRA A PESSOA,Homicídio Doloso,ES,24,1 - Masculino,Branca,VIANA,BOM PASTOR,RUA SUMARE,Domicílio
222,57721572,2025-09-04T00:00:00,02:14,CRIMES CONTRA A PESSOA,Homicídio Doloso,ES,33,1 - Masculino,Parda,VIANA,BOM PASTOR,RUA SUMARE,Domicílio
223,57730890,2025-10-04T00:00:00,00:36,CRIMES CONTRA A PESSOA,Homicídio Doloso,ES,26,1 - Masculino,Parda,ECOPORANGA,CENTRO,RUA SANTA RITA,Estabelecimento Comercial
224,57749428,2025-11-04T00:00:00,23:08,CRIMES CONTRA A PESSOA,Homicídio Doloso,ES,36,1 - Masculino,Negra,LINHARES,SAO RAFAEL,RUA NÃO CADASTRADA,Domicílio
225,57749214,2025-11-04T00:00:00,22:35,CRIMES CONTRA A PESSOA,Feminicídio,ES,8,2 - Feminino,Parda,CARIACICA,ITAQUARI,RUA FERNANDO DE SÁ,Domicílio
226,57747213,2025-11-04T00:00:00,18:40,CRIMES CONTRA A PESSOA,Homicídio Doloso,ES,54,1 - Masculino,Parda,JAGUARE,NOSSA SENHORA DE FATIMA,RUA NÃO CADASTRADA,Via Pública
227,57743709,2025-11-04T00:00:00,14:00,CRIMES CONTRA A PESSOA,Homicídio Doloso,ES,36,1 - Masculino,Parda,MARATAIZES,BARRA DE ITAPEMIRIM,RUA NAO CADASTRADA,Via Pública
228,57756704,2025-12-04T00:00:00,22:49,CRIMES CONTRA A PESSOA,Homicídio Doloso,ES,40,1 - Masculino,Parda,SAO MATEUS,VITORIA,RUA PLUTAO,Via Pública
229,57758403,2025-12-04T00:00:00,21:58,CRIMES CONTRA A PESSOA,Homicídio Doloso,ES,62,1 - Masculino,Branca,PINHEIROS,PINHEIRINHO,RUA NÃO CADASTRADA,Via Pública
230,57760744,2025-04-13T00:00:00,06:38,CRIMES CONTRA A PESSOA,Homicídio Doloso,ES,25,1 - Masculino,Parda,SERRA,RESIDENCIAL VISTA DO MESTRE,AV SALVADOR,Domicílio
231,57760492,2025-04-13T00:00:00,05:01,CRIMES CONTRA A PESSOA,Homicídio Doloso,ES,45,1 - Masculino,Parda,SERRA,RESIDENCIAL JACARAIPE,RUA PRESIDENTE COSTA E SILVA,Via Pública
232,57782734,2025-04-15T00:00:00,15:34,CRIMES CONTRA A PESSOA,Homicídio Doloso,ES,55,1 - Masculino,Não Informado,SERRA,CHACARA PARREIRAL,RUA LEONCIO MONJARDIM,Via Pública
233,57781239,2025-04-15T00:00:00,13:09,CRIMES CONTRA A PESSOA,Homicídio Doloso,ES,40,1 - Masculino,Parda,VILA VELHA,GLORIA,RUA DOMINGOS MARTINS,Domicílio
234,57779162,2025-04-15T00:00:00,09:37,CRIMES CONTRA A PESSOA,Homicídio Doloso,ES,46,1 - Masculino,Parda,SAO MATEUS,GURIRI,RUA 08,Domicílio
235,57804985,2025-04-17T00:00:00,21:09,CRIMES CONTRA A PESSOA,Homicídio Doloso,ES,25,1 - Masculino,Branca,BARRA DE SAO FRANCISCO,VILA LANDINHA,RUA GOIANIA,Via Pública
236,57814524,2025-04-18T00:00:00,21:47,CRIMES CONTRA A PESSOA,Homicídio Doloso,ES,25,1 - Masculino,Parda,MUCURICI,AGUA BOA,RUA MARTA BARBOSA,Domicílio
237,57814217,2025-04-18T00:00:00,21:07,CRIMES CONTRA A PESSOA,Homicídio Doloso,ES,25,1 - Masculino,Parda,CARIACICA,PADRE GABRIEL,RUA JOSE CARLOS LOPES DE OLIVEIRA,Via Pública
238,57731297,2025-04-18T00:00:00,10:43,CRIMES CONTRA A PESSOA,Homicídio Doloso,ES,51,1 - Masculino,Branca,BARRA DE SAO FRANCISCO,VILA VICENTE,RUA AGNALDO MARTINS,Domicílio
239,57808108,2025-04-18T00:00:00,08:10,CRIMES CONTRA A PESSOA,Homicídio Doloso,ES, ,1 - Masculino,Parda,VILA VELHA,COBI DE BAIXO,RUA ANA MERETO STEFANON,Via Pública
240,57807137,2025-04-18T00:00:00,03:04,CRIMES CONTRA A PESSOA,Homicídio Doloso,ES,24,1 - Masculino,Branca,VILA VELHA,JARDIM MARILANDIA,RUA ALVIM PEREIRA RAMIS,Via Pública
241,57822962,2025-04-19T00:00:00,19:43,CRIMES CONTRA A PESSOA,Homicídio Doloso,ES,32,2 - Feminino,Parda,BARRA DE SAO FRANCISCO,ZONA RURAL,X,Via Pública
242,57822962,2025-04-19T00:00:00,19:37,CRIMES CONTRA A PESSOA,Homicídio Doloso,ES,20,1 - Masculino,Branca,BARRA DE SAO FRANCISCO,ZONA RURAL,RUA NÃO CADASTRADA,Via Pública
243,57816055,2025-04-19T00:00:00,11:07,CRIMES CONTRA A PESSOA,Homicídio Doloso,ES,33,1 - Masculino,Parda,VILA VELHA,GLORIA,RUA DOM PEDRO II,Via Pública
244,57817699,2025-04-19T00:00:00,09:12,CRIMES CONTRA A PESSOA,Homicídio Doloso,ES,30,1 - Masculino,Parda,SERRA,SAO DOMINGOS,RUA NÃO CADASTRADA,Via Pública
245,57834606,2025-04-21T00:00:00,07:09,CRIMES CONTRA A PESSOA,Homicídio Doloso,ES,36,1 - Masculino,Parda,VIANA,CANTO GRANDE,RUA NÃO CADASTRADA,Domicílio
246,57850721,2025-04-22T00:00:00,22:39,CRIMES CONTRA A PESSOA,Homicídio Doloso,ES,38,1 - Masculino,Parda,ARACRUZ,NOVA ESPERANÇA,RUA PROJETADA,Domicílio
247,57848467,2025-04-22T00:00:00,17:35,CRIMES CONTRA A PESSOA,Homicídio Doloso,ES,14,1 - Masculino,Parda,SOORETAMA,SAYONARA,RUA JUERANA,Via Pública
248,57847833,2025-04-22T00:00:00,16:41,CRIMES CONTRA A PESSOA,Homicídio Doloso,ES,19,1 - Masculino,Branca,CARIACICA,JARDIM BOTANICO,RUA TANQUE,Terreno Baldio / Construção / Mata
249,57843727,2025-04-22T00:00:00,10:21,CRIMES CONTRA A PESSOA,Homicídio Doloso,ES,36,1 - Masculino,Parda,SAO MATEUS,CORREGO DA AREIA,RUA NÃO CADASTRADA,Lago / Lagoa / Represa
250,57842289,2025-04-22T00:00:00,07:12,CRIMES CONTRA A PESSOA,Homicídio Doloso,ES,43,1 - Masculino,Parda,NOVA VENECIA,PERDIDO,RUA NÃO CADASTRADA,Domicílio
251,57855603,2025-04-23T00:00:00,14:33,CRIMES CONTRA A PESSOA,Homicídio Doloso,ES,38,1 - Masculino,Negra,VIANA,CABRAL,RUA NÃO CADASTRADA,Unidade Prisional
252,57860757,2025-04-24T00:00:00,07:02,CRIMES CONTRA A PESSOA,Homicídio Doloso,ES, ,1 - Masculino, ,CACHOEIRO DE ITAPEMIRIM,CORONEL BORGES,RUA FERNANDO MELO PORTINHO,Via Pública
253,57872376,2025-04-25T00:00:00,12:06,CRIMES CONTRA A PESSOA,Homicídio Doloso,ES,52,1 - Masculino,Parda,BREJETUBA,ZONA RURAL,RUA NÃO CADASTRADA,Terreno Baldio / Construção / Mata
254,57835183,2025-04-25T00:00:00,05:15,CRIMES CONTRA A PESSOA,Homicídio Doloso,ES,46,1 - Masculino,Parda,IRUPI,SANTA CRUZ,ROD ES 379,Via Pública
255,57884284,2025-04-26T00:00:00,16:21,CRIMES CONTRA A PESSOA,Homicídio Doloso,ES,21,1 - Masculino,Branca,CARIACICA,FLEXAL II,RUA DA LIBERDADE,Via Pública
256,57893579,2025-04-27T00:00:00,17:31,CRIMES CONTRA A PESSOA,Homicídio Doloso,ES,24,1 - Masculino,Parda,MONTANHA,SAO SEBASTIAO DO NORTE,RUA NÃO CADASTRADA,Lago / Lagoa / Represa
257,57893365,2025-04-27T00:00:00,17:04,CRIMES CONTRA A PESSOA,Homicídio Doloso,ES,21,1 - Masculino,Parda,CARIACICA,CASTELO BRANCO,RUA FRANCISCO JOSE LOMBA,Via Pública
258,57893365,2025-04-27T00:00:00,17:04,CRIMES CONTRA A PESSOA,Homicídio Doloso,ES,29,1 - Masculino,Parda,CARIACICA,CASTELO BRANCO,RUA FRANCISCO JOSE LOMBA,Via Pública
259,57889528,2025-04-27T00:00:00,05:06,CRIMES CONTRA A PESSOA,Homicídio Doloso,ES,30,1 - Masculino,Branca,CARIACICA,CAMPO GRANDE,RUA CORONEL OLIMPIO CUNHA,Domicílio
260,57895551,2025-04-28T00:00:00,14:27,CRIMES CONTRA A PESSOA,Homicídio Doloso,ES,46,1 - Masculino,Parda,CACHOEIRO DE ITAPEMIRIM,VILAGE DA LUZ,ROD JOAO DE DEUS MADUREIRA,Via Pública
261,57897958,2025-04-29T00:00:00,07:38,CRIMES CONTRA A PESSOA,Homicídio Doloso,ES,36,1 - Masculino,Parda,VILA VELHA,COBI DE CIMA,RUA NÃO CADASTRADA,Via Pública
262,57921018,2025-04-30T00:00:00,15:49,CRIMES CONTRA A PESSOA,Homicídio Doloso,ES,65,1 - Masculino,Branca,CARIACICA,VILA CAPIXABA,RUA NÃO INFORMADA,Terreno Baldio / Construção / Mata
263,57916353,2025-04-30T00:00:00,07:40,CRIMES CONTRA A PESSOA,Homicídio Doloso,ES,28,2 - Feminino,Parda,MIMOSO DO SUL,PONTE DE ITABAPOANA,X,Via Pública
264,57931509,2025-01-05T00:00:00,21:23,CRIMES CONTRA A PESSOA,Homicídio Doloso,ES,23,1 - Masculino,Parda,ITAPEMIRIM,ITAOCA,RUA NÃO CADASTRADA,Outros Locais
265,57929275,2025-01-05T00:00:00,16:14,CRIMES CONTRA A PESSOA,Homicídio Doloso,ES,26,1 - Masculino,Parda,CONCEICAO DA BARRA,BRAÇO DO RIO,RUA NÃO CADASTRADA,Praça / Parques / Área Pública
266,57928677,2025-01-05T00:00:00,15:16,CRIMES CONTRA A PESSOA,Homicídio Doloso,ES,25,1 - Masculino,Negra,SERRA,SERRA CENTRO,AV JONES SANTOS NEVES,Via Pública
267,57927344,2025-01-05T00:00:00,12:16,CRIMES CONTRA A PESSOA,Homicídio Doloso,ES,21,1 - Masculino,Parda,VILA VELHA,VILA GARRIDO,RUA JOSE DE SOUZA,Via Pública
268,57926276,2025-01-05T00:00:00,09:18,CRIMES CONTRA A PESSOA,Homicídio Doloso,ES,66,2 - Feminino,Parda,VILA VELHA,VALE ENCANTADO,RUA MONTE SINAI,Terreno Baldio / Construção / Mata
269,57941359,2025-02-05T00:00:00,21:56,CRIMES CONTRA A PESSOA,Homicídio Doloso,ES,45,1 - Masculino,Negra,CARIACICA,CASTELO BRANCO,RUA NÃO CADASTRADA,Via Pública
270,57941173,2025-02-05T00:00:00,21:50,CRIMES CONTRA A PESSOA,Homicídio Doloso,ES,53,1 - Masculino,Negra,CARIACICA,JARDIM AMERICA,RUA JOSE SERTA,Via Pública
271,57940902,2025-02-05T00:00:00,21:01,CRIMES CONTRA A PESSOA,Homicídio Doloso,ES,40,1 - Masculino,Parda,PANCAS,ZONA RURAL,RUA NÃO CADASTRADA,Via Pública
272,57932816,2025-02-05T00:00:00,01:00,CRIMES CONTRA A PESSOA,Homicídio Doloso,ES,20,1 - Masculino,Parda,SERRA,JARDIM DA SERRA,RUA DOUTOR ALMYR NEVES,Via Pública
273,57945795,2025-03-05T00:00:00,20:15,CRIMES CONTRA A PESSOA,Homicídio Doloso,ES,21,2 - Feminino,Parda,SOORETAMA,SAYONARA,RUA JUERANA,Via Pública
274,57953112,2025-04-05T00:00:00,11:11,CRIMES CONTRA A PESSOA,Homicídio Doloso,ES,30,1 - Masculino,Parda,BOA ESPERANÇA,VILA TAVARES,RUA RIO DE JANEIRO,Via Pública
275,57951570,2025-04-05T00:00:00,03:24,CRIMES CONTRA A PESSOA,Homicídio Doloso,ES,27,1 - Masculino,Parda,LINHARES,BREJO GRANDE,RUA NÃO CADASTRADA,Outros Locais
276,57951361,2025-04-05T00:00:00,02:27,CRIMES CONTRA A PESSOA,Homicídio Doloso,ES,30,1 - Masculino,Parda,CONCEICAO DA BARRA,BRAÇO DO RIO,RUA ALAILDES ALVES RAINHA,Via Pública
277,57951144,2025-04-05T00:00:00,01:35,CRIMES CONTRA A PESSOA,Homicídio Doloso,ES,49,1 - Masculino,Branca,IUNA,QUILOMBO,RUA ARMINDO APOLINARIO LEMOS,Domicílio
278,57960085,2025-05-05T00:00:00,09:21,CRIMES CONTRA A PESSOA,Homicídio Doloso,ES,36,1 - Masculino,Negra,SERRA,FEU ROSA,RUA EUCALIPTOS,Terreno Baldio / Construção / Mata
279,57958367,2025-05-05T00:00:00,00:24,CRIMES CONTRA A PESSOA,Homicídio Doloso,ES,35,1 - Masculino,Parda,GUARAPARI,SAO GABRIEL,RUA MINAS GERAIS,Via Pública
280,57974969,2025-06-05T00:00:00,20:45,CRIMES CONTRA A PESSOA,Homicídio Doloso,ES,39,1 - Masculino,Parda,PINHEIROS,SAO JOAO DO SOBRADO,ROD ES 313,Domicílio
281,57949176,2025-06-05T00:00:00,09:56,CRIMES CONTRA A PESSOA,Homicídio Doloso,ES,23,1 - Masculino,Parda,SERRA,JARDIM BELA VISTA,RUA QUATRO,Via Pública
282,57968426,2025-06-05T00:00:00,07:57,CRIMES CONTRA A PESSOA,Homicídio Doloso,ES,37,1 - Masculino,Parda,CACHOEIRO DE ITAPEMIRIM,NOSSA SENHORA APARECIDA,RUA JOSE PAULINO CIRPIANO,Via Pública
283,57968267,2025-06-05T00:00:00,07:21,CRIMES CONTRA A PESSOA,Homicídio Doloso,ES,26,1 - Masculino,Branca,BAIXO GUANDU,ZONA RURAL,ROD ES 446,Via Pública
284,57978674,2025-07-05T00:00:00,17:03,CRIMES CONTRA A PESSOA,Homicídio Doloso,ES,57,1 - Masculino,Branca,CARIACICA,VILA CAPIXABA,ROD BR 101,Ponte / Viaduto
285,57978674,2025-07-05T00:00:00,11:09,CRIMES CONTRA A PESSOA,Homicídio Doloso,ES,40,1 - Masculino,Branca,CARIACICA,VILA CAPIXABA,ROD BR 101,Ponte / Viaduto
286,58001388,2025-09-05T00:00:00,21:05,CRIMES CONTRA A PESSOA,Homicídio Doloso,ES,39,1 - Masculino,Branca,ITAGUACU,CENTRO,RUA HENRIQUE NOVAIS,Estabelecimento Comercial
287,57978674,2025-10-05T00:00:00,23:29,CRIMES CONTRA A PESSOA,Homicídio Doloso,ES,58,1 - Masculino,Parda,CARIACICA,VILA CAPIXABA,ROD BR 101,Ponte / Viaduto
288,58006995,2025-10-05T00:00:00,14:17,CRIMES CONTRA A PESSOA,Homicídio Doloso,ES,45,1 - Masculino,Parda,VILA VELHA,ALECRIM,RUA GUARAPARI,Estabelecimento Comercial
289,58002902,2025-10-05T00:00:00,00:47,CRIMES CONTRA A PESSOA,Homicídio Doloso,ES,29,1 - Masculino,Parda,RIO BANANAL,CORREGO LACRIMAL,RUA NÃO CADASTRADA,Domicílio
290,58013134,2025-11-05T00:00:00,04:36,CRIMES CONTRA A PESSOA,Homicídio Doloso,ES,26,1 - Masculino,Parda,CARIACICA,FLEXAL II,RUA NÃO CADASTRADA,Praça / Parques / Área Pública
291,58012270,2025-11-05T00:00:00,00:44,CRIMES CONTRA A PESSOA,Homicídio Doloso,ES,21,1 - Masculino,Parda,VILA VELHA,PEDRA DOS BUZIOS,RUA LEPOLDO FONSECA,Domicílio
292,58025002,2025-12-05T00:00:00,05:55,CRIMES CONTRA A PESSOA,Feminicídio,ES,46,2 - Feminino,Parda,DOMINGOS MARTINS,SOIDO,X,Domicílio
293,58029443,2025-12-05T00:00:00,22:46,CRIMES CONTRA A PESSOA,Homicídio Doloso,ES,29,1 - Masculino,Parda,CARIACICA,SOTELANDIA,RUA FERNANDO ANTONIO,Via Pública
294,58020863,2025-12-05T00:00:00,02:31,CRIMES CONTRA A PESSOA,Homicídio Doloso,ES,33,1 - Masculino,Parda,GUARAPARI,SAO GABRIEL,RUA ECOPORANGA,Domicílio
295,58037614,2025-05-13T00:00:00,23:05,CRIMES CONTRA A PESSOA,Homicídio Doloso,ES,24,1 - Masculino,Parda,COLATINA,QUINZE DE OUTUBRO,ROD GETHER LOPES DE FARIAS,Estabelecimento Comercial
296,58063553,2025-05-16T00:00:00,23:47,CRIMES CONTRA A PESSOA,Homicídio Doloso,ES,29,1 - Masculino,Parda,BAIXO GUANDU,VILA KENNEDY,RUA DONA AMALIA,Via Pública
297,58061273,2025-05-16T00:00:00,18:47,CRIMES CONTRA A PESSOA,Homicídio Doloso,ES,26,1 - Masculino,Parda,CARIACICA,CASTELO BRANCO,RUA JOAQUIM DE SOUZA,Via Pública
298,58056506,2025-05-16T00:00:00,09:46,CRIMES CONTRA A PESSOA,Homicídio Doloso,ES,21,1 - Masculino,Parda,VILA VELHA,SAO TORQUATO,RUA BOM JESUS,Terreno Baldio / Construção / Mata
299,58070274,2025-05-17T00:00:00,18:19,CRIMES CONTRA A PESSOA,Feminicídio,ES,1,2 - Feminino,Branca,CARIACICA,PORTO DE CARIACICA,RUA DOS LIRIOS,Domicílio
300,58069598,2025-05-17T00:00:00,17:07,CRIMES CONTRA A PESSOA,Homicídio Doloso,ES,39,1 - Masculino,Negra,SERRA,BAIRRO DAS LARANJEIRAS,RUA SAO PAULO,Via Pública
301,58064657,2025-05-17T00:00:00,03:12,CRIMES CONTRA A PESSOA,Homicídio Doloso,ES,38,1 - Masculino,Parda,SAO MATEUS,VILA NOVA,RUA PERU,Domicílio
302,58064580,2025-05-17T00:00:00,02:53,CRIMES CONTRA A PESSOA,Homicídio Doloso,ES,20,1 - Masculino,Parda,ARACRUZ,SAO MARCOS,RUA LIRIO DA PAZ,Via Pública
303,58078391,2025-05-18T00:00:00,17:27,CRIMES CONTRA A PESSOA,Homicídio Doloso,ES,29,1 - Masculino,Parda,SAO MATEUS,CARAPINA,RUA NÃO CADASTRADA,Via Pública
304,58074674,2025-05-18T00:00:00,07:40,CRIMES CONTRA A PESSOA,Homicídio Doloso,ES,16,2 - Feminino,Negra,VILA VELHA,BARRAMARES,RUA ABRIL,Via Pública
305,58087402,2025-05-19T00:00:00,16:28,CRIMES CONTRA A PESSOA,Homicídio Doloso,ES,26,1 - Masculino,Parda,SERRA,PARQUE RESIDENCIAL TUBARAO,RUA SAO PAULO,Via Pública
306,58107168,2025-05-21T00:00:00,18:16,CRIMES CONTRA A PESSOA,Homicídio Doloso,ES,39,1 - Masculino,Parda,SERRA,NOVA ALMEIDA,RUA NÃO CADASTRADA,Terreno Baldio / Construção / Mata
307,58106284,2025-05-21T00:00:00,17:02,CRIMES CONTRA A PESSOA,Homicídio Doloso,ES,39,1 - Masculino,Parda,ATILIO VIVACQUA,SAO PEDRO,RUA NÃO CADASTRADA,Via Pública
308,58106284,2025-05-21T00:00:00,17:02,CRIMES CONTRA A PESSOA,Homicídio Doloso,ES,36,1 - Masculino,Parda,ATILIO VIVACQUA,SAO PEDRO,RUA NÃO CADASTRADA,Via Pública
309,58099979,2025-05-21T00:00:00,01:46,CRIMES CONTRA A PESSOA,Homicídio Doloso,ES,41,1 - Masculino,Parda,VILA VELHA,ZUMBI DOS PALMARES,RUA MANGUEIRA,Via Pública
310,58117121,2025-05-22T00:00:00,18:54,CRIMES CONTRA A PESSOA,Homicídio Doloso,ES,68,1 - Masculino,Parda,LINHARES,SANTA CRUZ,RUA ANTONIO SILVA ARAUJO,Domicílio
311,58127713,2025-05-23T00:00:00,22:10,CRIMES CONTRA A PESSOA,Homicídio Doloso,ES,23,1 - Masculino,Negra,SERRA,BAIRRO DAS LARANJEIRAS,RUA QUATORZE,Via Pública
312,58119722,2025-05-23T00:00:00,06:30,CRIMES CONTRA A PESSOA,Homicídio Doloso,ES,24,1 - Masculino,Parda,ARACRUZ,BARRA DO SAHY,RUA BERILO,Via Pública
313,58137342,2025-05-24T00:00:00,22:22,CRIMES CONTRA A PESSOA,Homicídio Doloso,ES,34,1 - Masculino,Parda,LINHARES,HUMAITA,RUA PRINCIPAL,Via Pública
314,58136120,2025-05-24T00:00:00,19:55,CRIMES CONTRA A PESSOA,Homicídio Doloso,ES,35,1 - Masculino,Branca,VILA VELHA,JARDIM MARILANDIA,RUA DULCINOPOLIS,Estabelecimento Comercial
315,58136120,2025-05-25T00:00:00,16:21,CRIMES CONTRA A PESSOA,Homicídio Doloso,ES,56,1 - Masculino,Branca,VILA VELHA,JARDIM MARILANDIA,RUA DULCINOPOLIS,Estabelecimento Comercial
316,58146960,2025-05-26T00:00:00,03:17,CRIMES CONTRA A PESSOA,Homicídio Doloso,ES,26,1 - Masculino,Negra,SERRA,ROSARIO DE FATIMA,TRAVESSA CARIOCA,Via Pública
317,58156443,2025-05-27T00:00:00,07:45,CRIMES CONTRA A PESSOA,Homicídio Doloso,ES,18,1 - Masculino,Branca,VILA VELHA,VINTE E TRES DE MAIO,RUA BELA VISTA,Via Pública
318,58156443,2025-05-27T00:00:00,07:45,CRIMES CONTRA A PESSOA,Homicídio Doloso,ES,22,1 - Masculino,Parda,VILA VELHA,VINTE E TRES DE MAIO,RUA BELA VISTA,Via Pública
319,58155600,2025-05-27T00:00:00,00:23,CRIMES CONTRA A PESSOA,Homicídio Doloso,ES,31,1 - Masculino,Parda,PANCAS,ZONA RURAL,RUA NÃO CADASTRADA,Domicílio
320,58167528,2025-05-28T00:00:00,11:05,CRIMES CONTRA A PESSOA,Homicídio Doloso,ES,43,1 - Masculino,Parda,VITORIA,GURIGICA,RUA MARIA DA PAIXAO SANTOS,Domicílio
321,58174137,2025-05-29T00:00:00,01:58,CRIMES CONTRA A PESSOA,Homicídio Doloso,ES,24,1 - Masculino,Parda,VILA VELHA,BARRA DO JUCU,RUA JOAQUIM CALAZAN,Via Pública
322,58174014,2025-05-29T00:00:00,00:59,CRIMES CONTRA A PESSOA,Feminicídio,ES,28,2 - Feminino,Parda,VIANA,ARLINDO ANGELO VILLASCHI,RUA SAO MATEUS,Domicílio
323,58173401,2025-05-29T00:00:00,22:32,CRIMES CONTRA A PESSOA,Homicídio Doloso,ES,18,1 - Masculino,Parda,CARIACICA,APARECIDA,RUA SANTO AGOSTINHO,Via Pública
324,58172927,2025-05-29T00:00:00,21:10,CRIMES CONTRA A PESSOA,Homicídio Doloso,ES,23,2 - Feminino,Parda,SAO MATEUS,AROEIRA,AV DOM JOSE DALVIT,Via Pública
325,58186488,2025-05-30T00:00:00,12:15,CRIMES CONTRA A PESSOA,Homicídio Doloso,ES,50,1 - Masculino,Parda,LINHARES,REGENCIA,ROD ES 010,Via Pública
326,58185819,2025-05-30T00:00:00,10:55,CRIMES CONTRA A PESSOA,Homicídio Doloso,ES,20,1 - Masculino,Negra,VILA VELHA,SANTA RITA,RUA FERNANDO ANTONIO SILVEIRA,Via Pública
327,58195989,2025-05-31T00:00:00,12:15,CRIMES CONTRA A PESSOA,Homicídio Doloso,ES,38,1 - Masculino,Parda,COLATINA,SANTO ANTONIO,RUA PEDRO BARBOSA FILHO,Domicílio
328,58205263,2025-01-06T00:00:00,11:31,CRIMES CONTRA A PESSOA,Homicídio Doloso,ES,20,1 - Masculino,Branca,VILA VELHA,JABURUNA,RUA NÃO CADASTRADA,Via Pública
329,58214490,2025-02-06T00:00:00,11:43,CRIMES CONTRA A PESSOA,Homicídio Doloso,ES,21,1 - Masculino,Parda,GUARAPARI,PATURA,RUA JOÃO FERREIRA DOS SANTOS,Praça / Parques / Área Pública
330,58235303,2025-04-06T00:00:00,18:44,CRIMES CONTRA A PESSOA,Homicídio Doloso,ES,20,1 - Masculino,Parda,VITORIA,SANTO ANTONIO,ESC MONTE SIAO,Via Pública
331,58246628,2025-05-06T00:00:00,23:09,CRIMES CONTRA A PESSOA,Homicídio Doloso,ES,34,1 - Masculino,Parda,CARIACICA,VILA PRUDENCIO,RUA RESPLENDOR,Via Pública
332,58256342,2025-06-06T00:00:00,23:09,CRIMES CONTRA A PESSOA,Homicídio Doloso,ES,46,1 - Masculino,Parda,CONCEICAO DO CASTELO,CENTRO,RUA FERNANDO ANTONIO LOPES,Domicílio
333,58265294,2025-07-06T00:00:00,22:30,CRIMES CONTRA A PESSOA,Homicídio Doloso,ES,25,1 - Masculino,Parda,SOORETAMA,CENTRO,RUA JOAQUIM MARQUES,Via Pública
334,58265294,2025-07-06T00:00:00,22:30,CRIMES CONTRA A PESSOA,Homicídio Doloso,ES,25,1 - Masculino,Parda,SOORETAMA,CENTRO,RUA JOAQUIM MARQUES,Via Pública
335,58261797,2025-07-06T00:00:00,15:36,CRIMES CONTRA A PESSOA,Homicídio Doloso,ES,17,1 - Masculino,Parda,SAO MATEUS,ZONA RURAL,ROD BR 101,Terreno Baldio / Construção / Mata
336,58260139,2025-07-06T00:00:00,12:04,CRIMES CONTRA A PESSOA,Homicídio Doloso,ES,32,1 - Masculino,Parda,VIANA,PEDRA MULATA,RUA MANTEIGA,Domicílio
337,58258505,2025-07-06T00:00:00,07:59,CRIMES CONTRA A PESSOA,Homicídio Doloso,ES,17,1 - Masculino,Parda,SERRA,VILA NOVA DE COALRES,AV COLARES JUNIOR,Praça / Parques / Área Pública
338,58272360,2025-08-06T00:00:00,18:27,CRIMES CONTRA A PESSOA,Homicídio Doloso,ES,19,1 - Masculino,Parda,VILA VELHA,DOM JOAO BATISTA,RUA SÃO JOSE,Via Pública
339,58270928,2025-08-06T00:00:00,15:51,CRIMES CONTRA A PESSOA,Homicídio Doloso,ES,37,1 - Masculino,Branca,VILA VELHA,COBILANDIA,AV PRIMEIRA AVENIDA,Via Pública
340,58267724,2025-08-06T00:00:00,07:30,CRIMES CONTRA A PESSOA,Homicídio Doloso,ES,23,1 - Masculino,Negra,CARIACICA,JARDIM DE ALAH,RUA J,Praça / Parques / Área Pública
341,58266947,2025-08-06T00:00:00,03:05,CRIMES CONTRA A PESSOA,Homicídio Doloso,ES,29,1 - Masculino,Parda,CARIACICA,JARDIM BOTANICO,RUA VOLTA REDONDA,Via Pública
342,58284327,2025-09-06T00:00:00,23:15,CRIMES CONTRA A PESSOA,Homicídio Doloso,ES,38,1 - Masculino,Parda,MONTANHA,LAJEDO,RUA BEIRA RIO,Domicílio
343,58282801,2025-09-06T00:00:00,19:06,CRIMES CONTRA A PESSOA,Homicídio Doloso,ES,33,1 - Masculino,Branca,CARIACICA,SAO FRANCISCO,RUA SANTA HELENA,Via Pública
344,58281533,2025-09-06T00:00:00,16:47,CRIMES CONTRA A PESSOA,Homicídio Doloso,ES,42,1 - Masculino,Parda,VILA VELHA,PRAIA DA COSTA,AV CHAMPAGNAT,Via Pública
345,58280818,2025-09-06T00:00:00,15:38,CRIMES CONTRA A PESSOA,Homicídio Doloso,ES,35,1 - Masculino,Parda,CARIACICA,SANTO ANDRE,RUA AIMORES,Via Pública
346,58277214,2025-09-06T00:00:00,10:04,CRIMES CONTRA A PESSOA,Homicídio Doloso,ES,47,1 - Masculino,Negra,SERRA,TAQUARA,RUA DOUTOR ARNALDO ANDRADE,Via Pública
347,58275124,2025-09-06T00:00:00,02:09,CRIMES CONTRA A PESSOA,Homicídio Doloso,ES,31,2 - Feminino,Parda,PANCAS,OPERARIO,RUA VIRGINIA MOREIRA,Domicílio
348,58291305,2025-10-06T00:00:00,18:54,CRIMES CONTRA A PESSOA,Homicídio Doloso,ES,69,1 - Masculino,Parda,IRUPI,SANTA CLARA,RUA NÃO CADASTRADA,Domicílio
349,58288458,2025-10-06T00:00:00,12:41,CRIMES CONTRA A PESSOA,Homicídio Doloso,ES,15,1 - Masculino,Parda,LINHARES,PLANALTO,RUA WILSON MONTOVANELLI,Terreno Baldio / Construção / Mata
350,58306696,2025-12-06T00:00:00,13:03,CRIMES CONTRA A PESSOA,Homicídio Doloso,ES,25,1 - Masculino,Parda,VILA VELHA,SAO TORQUATO,RUA NÃO CADASTRADA,Terreno Baldio / Construção / Mata
351,58318086,2025-06-13T00:00:00,18:59,CRIMES CONTRA A PESSOA,Homicídio Doloso,ES,30,1 - Masculino,Negra,CARIACICA,SOTELANDIA,AV IRACI CORTELETI,Via Pública
352,58318086,2025-06-13T00:00:00,18:59,CRIMES CONTRA A PESSOA,Homicídio Doloso,ES,25,1 - Masculino,Negra,CARIACICA,SOTELANDIA,AV IRACI CORTELETI,Via Pública
353,58317346,2025-06-13T00:00:00,17:37,CRIMES CONTRA A PESSOA,Homicídio Doloso,ES,31,1 - Masculino,Branca,SERRA,RESIDENCIAL MESTRE ALVARO,RUA CONSELHEIRO PENA,Via Pública
354,58316416,2025-06-13T00:00:00,15:48,CRIMES CONTRA A PESSOA,Homicídio Doloso,ES,24,1 - Masculino,Parda,JAGUARE,SAO BRAS,RUA NÃO CADASTRADA,Domicílio
355,58334323,2025-06-15T00:00:00,17:39,CRIMES CONTRA A PESSOA,Homicídio Doloso,ES,23,1 - Masculino,Negra,SANTA TERESA,CENTENARIO,EST CORREGO SUJO,Via Pública
356,58344028,2025-06-16T00:00:00,19:02,CRIMES CONTRA A PESSOA,Homicídio Doloso,ES,36,1 - Masculino,Negra,ALEGRE,VILA DO SUL,RUA GODOFREDO COSTA MENEZES,Domicílio
357,58336874,2025-06-16T00:00:00,00:01,CRIMES CONTRA A PESSOA,Homicídio Doloso,ES,24,1 - Masculino,Parda,BARRA DE SAO FRANCISCO,COLINA,RUA NÃO CADASTRADA,Via Pública
358,58348157,2025-06-17T00:00:00,08:42,CRIMES CONTRA A PESSOA,Homicídio Doloso,ES,20,1 - Masculino,Parda,VILA VELHA,ULISSES GUIMARAES,AV EVALDO BRAGA,Estabelecimento Comercial
359,58347081,2025-06-17T00:00:00,01:16,CRIMES CONTRA A PESSOA,Homicídio Doloso,ES,18,1 - Masculino,Parda,VILA VELHA,NORMILIA DA CUNHA,RUA SAPUCAIA,Via Pública
360,58346954,2025-06-17T00:00:00,00:37,CRIMES CONTRA A PESSOA,Homicídio Doloso,ES,19,1 - Masculino,Parda,VILA VELHA,NORMILIA DA CUNHA,AV ALAGOAS,Via Pública
361,58364491,2025-06-18T00:00:00,23:56,CRIMES CONTRA A PESSOA,Homicídio Doloso,ES,35,2 - Feminino,Parda,CACHOEIRO DE ITAPEMIRIM,BNH,RUA ALAN KARDEC,Via Pública
362,58358418,2025-06-18T00:00:00,11:45,CRIMES CONTRA A PESSOA,Homicídio Doloso,ES,23,1 - Masculino,Parda,SAO MATEUS,ZONA RURAL,ROD BR 101,Via Pública
363,58357566,2025-06-18T00:00:00,10:23,CRIMES CONTRA A PESSOA,Homicídio Doloso,ES,17,1 - Masculino,Parda,SAO MATEUS,ZONA RURAL,ROD BR 101,Via Pública
364,58356792,2025-06-18T00:00:00,08:52,CRIMES CONTRA A PESSOA,Homicídio Doloso,ES,17,1 - Masculino,Parda,VILA VELHA,ULISSES GUIMARAES,RUA ELIS REGINA,Via Pública
365,58355827,2025-06-18T00:00:00,03:31,CRIMES CONTRA A PESSOA,Homicídio Doloso,ES,37,1 - Masculino,Parda,VITORIA,ENSEADA DO SUA,RUA NÃO CADASTRADA,Via Pública
366,58371210,2025-06-19T00:00:00,20:12,CRIMES CONTRA A PESSOA,Homicídio Doloso,ES,17,1 - Masculino,Negra,BAIXO GUANDU,SAPUCAIA,RUA QUINTINO BOCAIUVA,Via Pública
367,58367120,2025-06-19T00:00:00,11:41,CRIMES CONTRA A PESSOA,Homicídio Doloso,ES,23,1 - Masculino,Parda,VITORIA,CONQUISTA,RUA SAO SEBASTIAO,Terreno Baldio / Construção / Mata
368,58365237,2025-06-19T00:00:00,03:28,CRIMES CONTRA A PESSOA,Homicídio Doloso,ES,32,1 - Masculino,Parda,VILA VELHA,RIVIERA DA BARRA,ROD ES 060,Via Pública
369,58379572,2025-06-20T00:00:00,21:31,CRIMES CONTRA A PESSOA,Homicídio Doloso,ES,38,1 - Masculino,Branca,SERRA,JACUHY,ROD BR 101,Estabelecimento Comercial
370,58372461,2025-06-20T00:00:00,05:20,CRIMES CONTRA A PESSOA,Homicídio Doloso,ES,33,1 - Masculino,Branca,AGUIA BRANCA,ZONA RURAL,RUA NÃO CADASTRADA,Via Pública
371,58381540,2025-06-21T00:00:00,01:29,CRIMES CONTRA A PESSOA,Homicídio Doloso,ES,23,1 - Masculino,Parda,VILA VELHA,GLORIA,AV CARLOS LINDEMBERG,Via Pública
372,58391203,2025-06-22T00:00:00,04:15,CRIMES CONTRA A PESSOA,Homicídio Doloso,ES,39,1 - Masculino,Parda,AFONSO CLAUDIO,SAO VICENTE,RUA DELZA TEIXEIRA DA SILVA,Via Pública
373,58408139,2025-06-23T00:00:00,22:48,CRIMES CONTRA A PESSOA,Homicídio Doloso,ES,32,1 - Masculino,Negra,VILA VELHA,COBILANDIA,AV RIO MARINHO,Via Pública
374,58398583,2025-06-23T00:00:00,00:38,CRIMES CONTRA A PESSOA,Homicídio Doloso,ES,18,1 - Masculino,Parda,VILA VELHA,PONTA DA FRUTA,AV ANTONIO LEITE,Via Pública
375,57825743,2025-06-24T00:00:00,23:43,CRIMES CONTRA A PESSOA,Homicídio Doloso,ES,16,1 - Masculino,Parda,VIANA,VALE DO SOL,RUA DUQUE DE CAXIAS,Domicílio
376,58420552,2025-06-25T00:00:00,11:47,CRIMES CONTRA A PESSOA,Homicídio Doloso,ES,21,1 - Masculino,Não Informado,CONCEICAO DA BARRA,ZONA RURAL,ROD ES 209,Via Pública
377,58426850,2025-06-26T00:00:00,07:10,CRIMES CONTRA A PESSOA,Homicídio Doloso,ES,30,1 - Masculino,Parda,ITAPEMIRIM,ITAIPAVA,RUA PROJETADA,Terreno Baldio / Construção / Mata
378,58454143,2025-06-28T00:00:00,23:00,CRIMES CONTRA A PESSOA,Homicídio Doloso,ES,19,1 - Masculino,Parda,CARIACICA,CAMPINA GRANDE,RUA NÃO CADASTRADA,Praça / Parques / Área Pública
379,58449024,2025-06-28T00:00:00,12:26,CRIMES CONTRA A PESSOA,Homicídio Doloso,ES,30,1 - Masculino,Branca,CARIACICA,VILA CAJUEIRO,RUA DEMERVAL VANZO,Via Pública
380,58446868,2025-06-28T00:00:00,06:40,CRIMES CONTRA A PESSOA,Homicídio Doloso,ES,32,1 - Masculino,Parda,PEDRO CANARIO,CENTRO,RUA VITORIA,Domicílio
381,58446317,2025-06-28T00:00:00,04:03,CRIMES CONTRA A PESSOA,Homicídio Doloso,ES,39,1 - Masculino,Parda,VILA VELHA,ULISSES GUIMARAES,RUA ADOLFO DE OLIVEIRA,Via Pública
382,58472030,2025-06-30T00:00:00,20:20,CRIMES CONTRA A PESSOA,Homicídio Doloso,ES,20,1 - Masculino,Branca,VILA VELHA,ATAIDE,BECO ILHA DAS FLORES,Via Pública
383,58480356,2025-01-07T00:00:00,18:48,CRIMES CONTRA A PESSOA,Homicídio Doloso,ES,36,1 - Masculino,Negra,CARIACICA,FLEXAL I,RUA NÃO CADASTRADA,Terreno Baldio / Construção / Mata
384,58492244,2025-03-07T00:00:00,08:23,CRIMES CONTRA A PESSOA,Homicídio Doloso,ES,22,1 - Masculino,Negra,VILA VELHA,SANTA RITA,RUA IDALECIO CARONE,Via Pública
385,58503569,2025-04-07T00:00:00,14:56,CRIMES CONTRA A PESSOA,Homicídio Doloso,ES,17,1 - Masculino,Negra,SAO MATEUS,GURIRI,ESTRADA DE BARRA SUL,Terreno Baldio / Construção / Mata
386,58515872,2025-05-07T00:00:00,23:27,CRIMES CONTRA A PESSOA,Homicídio Doloso,ES,36,1 - Masculino,Parda,COLATINA,VILA LENIRA,RUA ANOTONIO FAUSTO,Domicílio
387,58511497,2025-05-07T00:00:00,13:51,CRIMES CONTRA A PESSOA,Homicídio Doloso,ES,35,1 - Masculino,Parda,NOVA VENECIA,BEIRA RIO,RUA PARANA,Via Pública
388,58507209,2025-05-07T00:00:00,10:53,CRIMES CONTRA A PESSOA,Homicídio Doloso,ES,36,1 - Masculino,Negra,CARIACICA,CARIACICA SEDE,RUA NÃO CADASTRADA,Estabelecimento Comercial
389,58508286,2025-05-07T00:00:00,02:45,CRIMES CONTRA A PESSOA,Homicídio Doloso,ES,18,2 - Feminino,Parda,GUARAPARI,"SAO JOSE,",RUA SAO JORGE,Terreno Baldio / Construção / Mata
390,58538966,2025-08-07T00:00:00,18:10,CRIMES CONTRA A PESSOA,Homicídio Doloso,ES,26,1 - Masculino,Parda,SOORETAMA,SAYONARA,RUA NÃO CADASTRADA,Via Pública
391,58455719,2025-08-07T00:00:00,02:31,CRIMES CONTRA A PESSOA,Homicídio Doloso,ES,47,1 - Masculino,Negra,GOVERNADOR LINDENBERG,NOVA BRASILIA,RUA SEBASTIÃO TEIXEIRA,Domicílio
392,58549466,2025-09-07T00:00:00,23:17,CRIMES CONTRA A PESSOA,Homicídio Doloso,ES,21,1 - Masculino,Parda,MARATAIZES,BARRA DE ITAPEMIRIM,RUA PEDRO MARVILA,Via Pública
393,58552550,2025-10-07T00:00:00,11:16,CRIMES CONTRA A PESSOA,Homicídio Doloso,ES,29,1 - Masculino,Parda,GUARAPARI,VARZEA NOVA,RODOVIA DO SOL,Unidade Prisional
394,58551218,2025-10-07T00:00:00,09:13,CRIMES CONTRA A PESSOA,Homicídio Doloso,ES,41,1 - Masculino,Parda,VILA VELHA,ZUMBI DOS PALMARES,RUA MARGARIDA,Via Pública
395,58550508,2025-10-07T00:00:00,07:33,CRIMES CONTRA A PESSOA,Homicídio Doloso,ES,20,1 - Masculino,Branca,VILA VELHA,SAO CONRADO,AV RADIUM,Via Pública
396,58550474,2025-10-07T00:00:00,07:23,CRIMES CONTRA A PESSOA,Homicídio Doloso,ES,22,1 - Masculino,Negra,VILA VELHA,BARRAMARES,RUA NÃO CADASTRADA,Via Pública
397,58566880,2025-11-07T00:00:00,22:52,CRIMES CONTRA A PESSOA,Homicídio Doloso,ES,35,1 - Masculino,Parda,SERRA,NOVO HORIZONTE,RUA NÃO CADASTRADA,Praça / Parques / Área Pública
398,58566880,2025-11-07T00:00:00,22:52,CRIMES CONTRA A PESSOA,Homicídio Doloso,ES,18,1 - Masculino,Parda,SERRA,NOVO HORIZONTE,RUA NÃO CADASTRADA,Praça / Parques / Área Pública
399,58566880,2025-11-07T00:00:00,22:52,CRIMES CONTRA A PESSOA,Homicídio Doloso,ES,35,1 - Masculino,Negra,SERRA,NOVO HORIZONTE,RUA NÃO CADASTRADA,Praça / Parques / Área Pública
400,58565563,2025-11-07T00:00:00,19:55,CRIMES CONTRA A PESSOA,Homicídio Doloso,ES,24,1 - Masculino,Parda,PONTO BELO,CENTRO,AV CAPIXABA,Estabelecimento Comercial
401,58572181,2025-12-07T00:00:00,16:10,CRIMES CONTRA A PESSOA,Homicídio Doloso,ES,24,1 - Masculino,Negra,ITAPEMIRIM,LIMAO,RUA NÃO CADASTRADA,Curso D'água
402,58570462,2025-12-07T00:00:00,12:09,CRIMES CONTRA A PESSOA,Homicídio Doloso,ES,37,1 - Masculino,Parda,RIO BANANAL,ZONA RURAL,RUA NÃO CADASTRADA,Terreno Baldio / Construção / Mata
403,58568464,2025-12-07T00:00:00,05:37,CRIMES CONTRA A PESSOA,Homicídio Doloso,ES,26,1 - Masculino,Parda,SAO MATEUS,NOVO HORIZONTE,RUA NÃO CADASTRADA,Via Pública
404,58568145,2025-12-07T00:00:00,03:18,CRIMES CONTRA A PESSOA,Homicídio Doloso,ES,23,1 - Masculino,Parda,JAGUARE,SEAC,RUA DA JAPIRA,Estabelecimento Comercial
405,58579647,2025-07-13T00:00:00,12:43,CRIMES CONTRA A PESSOA,Homicídio Doloso,ES,54,1 - Masculino,Negra,SERRA,SERRA DOURADA II,RUA GARDENIA,Terreno Baldio / Construção / Mata
406,58543569,2025-07-13T00:00:00,18:57,CRIMES CONTRA A PESSOA,Homicídio Doloso,ES,29,1 - Masculino,Parda,PEDRO CANARIO,BOA VISTA,RUA NÃO CADASTRADA,Via Pública
407,58577532,2025-07-13T00:00:00,05:04,CRIMES CONTRA A PESSOA,Homicídio Doloso,ES,47,1 - Masculino,Negra,VILA VELHA,BARRAMARES,AV BOA VISTA,Estabelecimento Comercial
408,58577161,2025-07-13T00:00:00,03:15,CRIMES CONTRA A PESSOA,Homicídio Doloso,ES,23,1 - Masculino,Parda,VILA VELHA,JOAO GOULART,RUA ERNESTO DINIZ,Via Pública
409,58576034,2025-07-13T00:00:00,00:24,CRIMES CONTRA A PESSOA,Homicídio Doloso,ES,19,1 - Masculino,Parda,SAO MATEUS,VILA NOVA,AV BRASIL,Via Pública
410,58592048,2025-07-14T00:00:00,20:19,CRIMES CONTRA A PESSOA,Homicídio Doloso,ES,25,1 - Masculino,Parda,VILA VELHA,ULISSES GUIMARAES,RUA PRES JOAO GOULART,Via Pública
411,58583151,2025-07-14T00:00:00,20:47,CRIMES CONTRA A PESSOA,Homicídio Doloso,ES,32,1 - Masculino,Parda,VITORIA,JESUS DE NAZARETH,RUA EUGENIO JOSE XAVIER,Domicílio
412,58601255,2025-07-15T00:00:00,21:44,CRIMES CONTRA A PESSOA,Homicídio Doloso,ES,64,2 - Feminino,Parda,PEDRO CANARIO,EXPLANADA,ARTUR GUEDES ALCOFORADO,Estabelecimento Comercial
413,58606569,2025-07-16T00:00:00,14:56,CRIMES CONTRA A PESSOA,Homicídio Doloso,ES,26,1 - Masculino,Parda,SERRA,PARQUE JACARAIPE,RUA VITORIA, 
414,58609656,2025-07-16T00:00:00,21:18,CRIMES CONTRA A PESSOA,Homicídio Doloso,ES,22,1 - Masculino,Parda,VITORIA,ILHA DO PRINCIPE,RUA FENELOM GOMES,Estabelecimento Comercial
415,58609024,2025-07-16T00:00:00,19:38,CRIMES CONTRA A PESSOA,Homicídio Doloso,ES,26,1 - Masculino,Parda,SERRA,BAIRRO DAS LARANJEIRAS,RUA DA CONSTITUINTE,Via Pública
416,58612556,2025-07-17T00:00:00,09:11,CRIMES CONTRA A PESSOA,Homicídio Doloso,ES,21,1 - Masculino,Parda,NOVA VENECIA,VILA BETANIA,RUA NÃO CADASTRADA,Via Pública
417,58611247,2025-07-17T00:00:00,04:04,CRIMES CONTRA A PESSOA,Feminicídio,ES,88,2 - Feminino,Branca,AGUIA BRANCA,CENTRO,RUA SAO GABRIEL,Domicílio
418,58627373,2025-07-18T00:00:00,20:09,CRIMES CONTRA A PESSOA,Homicídio Doloso,ES,14,1 - Masculino,Parda,SERRA,NOVA CARAPINA I,AV CATAGUASES,Via Pública
419,58626929,2025-07-18T00:00:00,19:19,CRIMES CONTRA A PESSOA,Homicídio Doloso,ES,20,1 - Masculino,Parda,SERRA,CASTELANDIA,RUA NÃO CADASTRADA,Ponte / Viaduto
420,58624837,2025-07-18T00:00:00,15:37,CRIMES CONTRA A PESSOA,Homicídio Doloso,ES,43,1 - Masculino,Parda,VILA VELHA,RIO MARINHO,AV GUARANA,Terreno Baldio / Construção / Mata
421,58624559,2025-07-18T00:00:00,11:41,CRIMES CONTRA A PESSOA,Feminicídio,ES,58,2 - Feminino,Negra,BOA ESPERANÇA,ZONA RURAL,ROD ES 315,Via Pública
422,58646259,2025-07-20T00:00:00,22:27,CRIMES CONTRA A PESSOA,Homicídio Doloso,ES,39,1 - Masculino,Parda,VILA VELHA,SANTA PAULA I,ROD ES 060,Via Pública
423,58635045,2025-07-20T00:00:00,20:00,CRIMES CONTRA A PESSOA,Homicídio Doloso,ES,22,1 - Masculino,Negra,VITORIA,RESISTENCIA,RUA TANCREDO NEVES,Via Pública
424,58639365,2025-07-20T00:00:00,01:51,CRIMES CONTRA A PESSOA,Homicídio Doloso,ES,32,1 - Masculino,Negra,LINHARES,PONTAL DO IPIRANGA,RUA CASTANHEIRA,Via Pública
425,58657133,2025-07-22T00:00:00,07:53,CRIMES CONTRA A PESSOA,Homicídio Doloso,ES,53,1 - Masculino,Parda,VIANA,CENTRO,ROD BR 262,Unidade Prisional
426,58656475,2025-07-22T00:00:00,03:07,CRIMES CONTRA A PESSOA,Homicídio Doloso,ES,32,1 - Masculino,Negra,GUARAPARI,SANTA MONICA,RUA ESPIRITO SANTO,Via Pública
427,58670344,2025-07-23T00:00:00,15:29,CRIMES CONTRA A PESSOA,Homicídio Doloso,ES,15,1 - Masculino,Negra,SERRA,BAIRRO DAS LARANJEIRAS,RUA 6,Via Pública
428,58670344,2025-07-23T00:00:00,15:29,CRIMES CONTRA A PESSOA,Homicídio Doloso,ES,14,1 - Masculino,Parda,SERRA,BAIRRO DAS LARANJEIRAS,RUA 6,Via Pública
429,58668056,2025-07-23T00:00:00,11:19,CRIMES CONTRA A PESSOA,Homicídio Doloso,ES,19,1 - Masculino,Parda,GUARAPARI,SANTA ROSA,RUA NÃO CADASTRADA,Terreno Baldio / Construção / Mata
430,58681677,2025-07-24T00:00:00,20:22,CRIMES CONTRA A PESSOA,Homicídio Doloso,ES,15,1 - Masculino,Parda,ARACRUZ,BARRA DO RIACHO,RUA NÃO CADASTRADA,Domicílio
431,58684400,2025-07-25T00:00:00,08:55,CRIMES CONTRA A PESSOA,Homicídio Doloso,ES,18,1 - Masculino,Parda,PANCAS,MONTES CLAROS,RUA NÃO CADASTRADA,Lago / Lagoa / Represa
432,58690336,2025-07-25T00:00:00,08:44,CRIMES CONTRA A PESSOA,Homicídio Doloso,ES,36,1 - Masculino,Negra,GOVERNADOR LINDENBERG,NOVO BRASIL,RUA SEBASTIAO COVRE,Via Pública
433,58690271,2025-07-25T00:00:00,08:43,CRIMES CONTRA A PESSOA,Homicídio Doloso,ES,16,1 - Masculino,Branca,COLATINA,VILA LENIRA,RUA SAO CARLOS,Via Pública
434,58700660,2025-07-26T00:00:00,22:40,CRIMES CONTRA A PESSOA,Homicídio Doloso,ES,21,1 - Masculino,Branca,VILA VELHA,BALNEARIO PONTA DA FRUTA,RUA NÃO CADASTRADA,Outros Locais
435,58695000,2025-07-26T00:00:00,10:48,CRIMES CONTRA A PESSOA,Homicídio Doloso,ES,36,1 - Masculino,Parda,LINHARES,PONTAL DO IPIRANGA,RUA NÃO CADASTRADA,Via Pública
436,58693995,2025-07-26T00:00:00,07:41,CRIMES CONTRA A PESSOA,Homicídio Doloso,ES,22,1 - Masculino,Negra,VILA VALERIO,CORREGO LAMBARI,RUA NÃO CADASTRADA,Terreno Baldio / Construção / Mata
437,58705464,2025-07-27T00:00:00,14:47,CRIMES CONTRA A PESSOA,Homicídio Doloso,ES,42,1 - Masculino,Parda,BREJETUBA,ZONA RURAL,RUA NÃO CADASTRADA,Via Pública
438,58701310,2025-07-27T00:00:00,00:14,CRIMES CONTRA A PESSOA,Homicídio Doloso,ES,30,1 - Masculino,Parda,SAO MATEUS,BARRA NOVA,RUA NÃO CADASTRADA,Via Pública
439,58701277,2025-07-27T00:00:00,00:08,CRIMES CONTRA A PESSOA,Homicídio Doloso,ES,23,1 - Masculino,Parda,ALEGRE,MORRO DO QUEROSENE,RUA NÃO CADASTRADA,Via Pública
440,58711470,2025-07-28T00:00:00,09:46,CRIMES CONTRA A PESSOA,Homicídio Doloso,ES,23,1 - Masculino,Parda,JOAO NEIVA,SANTO AFONSO,AV PEDRO NARDE,Via Pública
441,58709630,2025-07-28T00:00:00,01:45,CRIMES CONTRA A PESSOA,Homicídio Doloso,ES,33,1 - Masculino,Parda,GUARAPARI,JABARAI,AV SANTA CRUZ,Via Pública
442,58732432,2025-07-30T00:00:00,15:28,CRIMES CONTRA A PESSOA,Homicídio Doloso,ES,50,1 - Masculino,Branca,GUARAPARI,SANTA MONICA,RUA ANDALUZITA,Via Pública
443,58730044,2025-07-30T00:00:00,10:36,CRIMES CONTRA A PESSOA,Homicídio Doloso,ES,45,1 - Masculino,Negra,SERRA,PLANALTO SERRANO,AV SAO FRANCISCO,Via Pública
444,58702612,2025-07-30T00:00:00,08:11,CRIMES CONTRA A PESSOA,Homicídio Doloso,ES,34,1 - Masculino,Branca,SERRA,CENTRO DA SERRA,ROD AUDIFAX BARCELOS,Terreno Baldio / Construção / Mata
445,58728377,2025-07-30T00:00:00,04:40,CRIMES CONTRA A PESSOA,Homicídio Doloso,ES,38,1 - Masculino,Negra,VILA VELHA,JABAETE,RUA TRINTA E CINCO,Domicílio
446,58728321,2025-07-30T00:00:00,03:36,CRIMES CONTRA A PESSOA,Homicídio Doloso,ES,43,1 - Masculino,Parda,SERRA,JARDIM LIMOEIRO,RUA ANTONIO VELOZO DE AZEVEDO,Via Pública
447,58743746,2025-07-31T00:00:00,21:37,CRIMES CONTRA A PESSOA,Homicídio Doloso,ES,26,1 - Masculino,Parda,SERRA,BALNEARIO DE CARAPEBUS,RUA DO VINHATICO,Via Pública
448,58736070,2025-07-31T00:00:00,00:02,CRIMES CONTRA A PESSOA,Homicídio Doloso,ES,21,1 - Masculino,Parda,PIUMA,CEU AZUL,RUA BELMONTE,Domicílio
449,58751335,2025-01-08T00:00:00,19:06,CRIMES CONTRA A PESSOA,Homicídio Doloso,ES,20,1 - Masculino,Branca,SERRA,PLANALTO SERRANO,AV BELA VISTA,Via Pública
450,58760206,2025-02-08T00:00:00,22:33,CRIMES CONTRA A PESSOA,Homicídio Doloso,ES,39,1 - Masculino,Parda,SAO MATEUS,RESEDENCIAL PARQUE WASHIGTON,RUA NÃO CADASTRADA,Estabelecimento de Saúde
451,58759528,2025-02-08T00:00:00,18:06,CRIMES CONTRA A PESSOA,Homicídio Doloso,ES,38,1 - Masculino,Negra,VITORIA,SAO JOSE,RUA WILSON TOLEDO,Via Pública
452,58758204,2025-02-08T00:00:00,15:32,CRIMES CONTRA A PESSOA,Homicídio Doloso,ES,61,1 - Masculino,Parda,SERRA,JARDIM CARAPINA,RUA NESTOR GUISSO,Via Pública
453,58758204,2025-02-08T00:00:00,15:32,CRIMES CONTRA A PESSOA,Homicídio Doloso,ES,28,1 - Masculino,Parda,SERRA,JARDIM CARAPINA,RUA PORTO SEGURO,Via Pública
454,58754664,2025-02-08T00:00:00,04:48,CRIMES CONTRA A PESSOA,Homicídio Doloso,ES,27,1 - Masculino,Parda,PRESIDENTE KENNEDY,JAQUEIRA,RUA NÃO CADASTRADA,Domicílio
455,58768993,2025-03-08T00:00:00,19:56,CRIMES CONTRA A PESSOA,Homicídio Doloso,ES,56,1 - Masculino,Branca,BREJETUBA,SAO JORGE,RUA PEDRO QUIRINO,Estabelecimento Comercial
456,58767184,2025-03-08T00:00:00,15:49,CRIMES CONTRA A PESSOA,Homicídio Doloso,ES,27,1 - Masculino,Parda,JAGUARE,BOA VISTA,RUA NÃO CADASTRADA,Lago / Lagoa / Represa
457,58717293,2025-03-08T00:00:00,06:23,CRIMES CONTRA A PESSOA,Homicídio Doloso,ES,20,1 - Masculino,Parda,SERRA,CIDADE POMAR,RUA NÃO CADASTRADA,Via Pública
458,58762269,2025-03-08T00:00:00,00:31,CRIMES CONTRA A PESSOA,Homicídio Doloso,ES,45,1 - Masculino,Parda,SANTA LEOPOLDINA,CENTRO,RUA CEZAR MULLER,Estabelecimento Comercial
459,58761541,2025-03-08T00:00:00,00:30,CRIMES CONTRA A PESSOA,Homicídio Doloso,ES,34,1 - Masculino,Parda,SAO GABRIEL DA PALHA,BOA VISTA,RUA BOA VISTA,Via Pública
460,58773084,2025-04-08T00:00:00,10:39,CRIMES CONTRA A PESSOA,Homicídio Doloso,ES,37,1 - Masculino,Negra,VILA VELHA,GLORIA,RUA MARAJOARA,Via Pública
461,58771210,2025-04-08T00:00:00,04:16,CRIMES CONTRA A PESSOA,Homicídio Doloso,ES,24,1 - Masculino,Negra,LINHARES,AVISO,RUA MARIA FRANCISCA GABRIEL,Via Pública
462,58787378,2025-05-08T00:00:00,21:45,CRIMES CONTRA A PESSOA,Homicídio Doloso,ES,33,1 - Masculino,Parda,LINHARES,SANTA CRUZ,RUA ANTONIO CARLOS LOUREIRO,Via Pública
463,58787276,2025-05-08T00:00:00,21:25,CRIMES CONTRA A PESSOA,Homicídio Doloso,ES,18,1 - Masculino,Parda,VILA VELHA,ALECRIM,RUA AMERICO BERNARDES,Via Pública
464,58795590,2025-06-08T00:00:00,20:50,CRIMES CONTRA A PESSOA,Homicídio Doloso,ES,47,1 - Masculino,Negra,CARIACICA,ITANGUA,RUA CLARICO ALVES RIBEIRO,Via Pública
465,58791311,2025-06-08T00:00:00,12:12,CRIMES CONTRA A PESSOA,Feminicídio,ES,64,2 - Feminino,Branca,SAO JOSE DO CALCADO,ZONA RURAL,X,Domicílio
466,58797116,2025-07-08T00:00:00,04:09,CRIMES CONTRA A PESSOA,Homicídio Doloso,ES,54,1 - Masculino,Parda,MONTANHA,TRINTA DE MAIO,RUA NÃO CADASTRADA,Domicílio
467,58652433,2025-08-08T00:00:00,11:30,CRIMES CONTRA A PESSOA,Homicídio Doloso,ES,18,1 - Masculino,Parda,SERRA,BAIRRO DAS LARANJEIRAS,RUA SAO PAULO,Estabelecimento de Saúde
468,58808412,2025-08-08T00:00:00,11:06,CRIMES CONTRA A PESSOA,Homicídio Doloso,ES,19,1 - Masculino,Parda,BAIXO GUANDU,SAO VICENTE,RUA CARLOS GOMES,Via Pública
469,58806152,2025-08-08T00:00:00,04:59,CRIMES CONTRA A PESSOA,Homicídio Doloso,ES,37,1 - Masculino,Parda,GOVERNADOR LINDENBERG,NOVO BRASIL,RUA NÃO CADASTRADA,Via Pública
470,58805902,2025-08-08T00:00:00,02:28,CRIMES CONTRA A PESSOA,Homicídio Doloso,ES,33,1 - Masculino,Negra,VIANA,MORADA DE VILA BETHANIA,RUA DOMINGOS MARTINS,Estabelecimento Comercial
471,58820400,2025-09-08T00:00:00,18:25,CRIMES CONTRA A PESSOA,Homicídio Doloso,ES,20,1 - Masculino,Negra,VITORIA,GOIABEIRAS,RUA HERMINIO COELHO DE SOUZA,Praça / Parques / Área Pública
472,58818430,2025-09-08T00:00:00,12:36,CRIMES CONTRA A PESSOA,Homicídio Doloso,ES,15,2 - Feminino,Parda,VILA VELHA,PRIMEIRO DE MAIO,Rua Adolfino Zamprogno,Via Pública
473,58818430,2025-09-08T00:00:00,15:07,CRIMES CONTRA A PESSOA,Homicídio Doloso,ES,31,2 - Feminino,Negra,VILA VELHA,PRIMEIRO DE MAIO,Rua Adolfino Zamprogno,Via Pública
474,58812606,2025-09-08T00:00:00,10:06,CRIMES CONTRA A PESSOA,Homicídio Doloso,ES,43,1 - Masculino,Parda,FUNDAO,ZONA RURAL,RUA NÃO CADASTRADA,Via Pública
475,58816473,2025-09-08T00:00:00,07:08,CRIMES CONTRA A PESSOA,Homicídio Doloso,ES,45,1 - Masculino,Parda,VIANA,CAMPO VERDE,RUA SANTA HELENA,Domicílio
476,58830612,2025-10-08T00:00:00,20:39,CRIMES CONTRA A PESSOA,Homicídio Doloso,ES,40,1 - Masculino,Parda,VILA VELHA,DIVINO ESPIRITO SANTO,RUA EUROPA,Terreno Baldio / Construção / Mata
477,58829843,2025-10-08T00:00:00,17:28,CRIMES CONTRA A PESSOA,Homicídio Doloso,ES,44,1 - Masculino,Negra,SERRA,JARDIM CARAPINA,RUA BARRA DE SAO FRANCISCO,Via Pública
478,58824957,2025-10-08T00:00:00,02:34,CRIMES CONTRA A PESSOA,Homicídio Doloso,ES,31,1 - Masculino,Parda,AGUIA BRANCA,CORREGO BOA VISTA DO ROCHEDO,RUA NÃO CADASTRADA,Domicílio
479,58832661,2025-11-08T00:00:00,08:40,CRIMES CONTRA A PESSOA,Feminicídio,ES,27,2 - Feminino,Branca,SERRA,VISTA DA SERRA I,AV MANOEL JACINTO DA SILVA,Domicílio
480,58830457,2025-11-08T00:00:00,20:20,CRIMES CONTRA A PESSOA,Homicídio Doloso,ES,62,1 - Masculino,Negra,CARIACICA,SANTO ANDRE,RUA SAO JOAO,Domicílio
481,58845226,2025-12-08T00:00:00,15:55,CRIMES CONTRA A PESSOA,Homicídio Doloso,ES,26,1 - Masculino,Negra,ARACRUZ,VILA DO RIACHO,RUA PEDRO ARAUJO LEAL,Via Pública
482,58878549,2025-08-15T00:00:00,09:53,CRIMES CONTRA A PESSOA,Homicídio Doloso,ES,22,1 - Masculino,Parda,AFONSO CLAUDIO,SAO VICENTE,RUA FELICIO PEREIRA DE SOUZA,Domicílio
483,58881193,2025-08-16T00:00:00,18:55,CRIMES CONTRA A PESSOA,Homicídio Doloso,ES,60,1 - Masculino,Parda,MUQUI,ALTO BOA ESPERANCA,RUA MANOEL MONTEIRO LOBATO,Via Pública
484,58880834,2025-08-16T00:00:00,18:11,CRIMES CONTRA A PESSOA,Homicídio Doloso,ES,49,1 - Masculino,Parda,SANTA LEOPOLDINA,VILA NOVA,RUA ADALBERTO FACCO,Domicílio
485,58883771,2025-08-17T00:00:00,00:24,CRIMES CONTRA A PESSOA,Homicídio Doloso,ES,16,1 - Masculino,Parda,CARIACICA,ITAQUARI,AV FLORIANO VAREJAO,Via Pública
486,58896697,2025-08-18T00:00:00,15:48,CRIMES CONTRA A PESSOA,Homicídio Doloso,ES,43,1 - Masculino,Parda,SANTA TERESA,ALTO SANTO ANTONIO,RUA NÃO CADASTRADA,Via Pública
487,58915266,2025-08-20T00:00:00,19:43,CRIMES CONTRA A PESSOA,Homicídio Doloso,ES,44,1 - Masculino,Negra,CARIACICA,CRUZEIRO DO SUL,RUA NÃO CADASTRADA,Terminal Rodoviário
488,58909776,2025-08-20T00:00:00,08:46,CRIMES CONTRA A PESSOA,Feminicídio,ES,24,2 - Feminino,Parda,PEDRO CANARIO,CAMATA,RUA PORTO AZUL,Domicílio
489,58917671,2025-08-21T00:00:00,07:55,CRIMES CONTRA A PESSOA,Homicídio Doloso,ES,53,1 - Masculino,Negra,AFONSO CLAUDIO,SAO DOMINGOS DE BICABA,ESTRADA DE SAO DOMINGOS,Via Pública
490,58934448,2025-08-22T00:00:00,22:41,CRIMES CONTRA A PESSOA,Homicídio Doloso,ES,28,1 - Masculino,Parda,SERRA,BALNEARIO DE CARAPEBUS,RUA DAS ACACIAS,Via Pública
491,58934279,2025-08-22T00:00:00,22:22,CRIMES CONTRA A PESSOA,Homicídio Doloso,ES,30,1 - Masculino,Parda,SAO MATEUS,VITORIA,RUA SATURNO,Via Pública
492,58933199,2025-08-22T00:00:00,20:14,CRIMES CONTRA A PESSOA,Homicídio Doloso,ES,27,1 - Masculino,Branca,SERRA,RESIDENCIAL JACARAIPE,RUA NELSON MONTEIRO,Via Pública
493,58932447,2025-08-22T00:00:00,18:34,CRIMES CONTRA A PESSOA,Homicídio Doloso,ES,20,1 - Masculino,Branca,VILA VALERIO,BOA VISTA,RUA INDUSTRIAL,Domicílio
494,58930088,2025-08-22T00:00:00,14:22,CRIMES CONTRA A PESSOA,Homicídio Doloso,ES,17,1 - Masculino,Parda,SERRA,LAGOA DE CARAPEBUS,RUA BEIJA FLOR,Via Pública
495,58940539,2025-08-23T00:00:00,16:09,CRIMES CONTRA A PESSOA,Homicídio Doloso,ES,21,1 - Masculino,Parda,VILA VELHA,COBILANDIA,AV JOAO FRANCISCO GONCALVES,Via Pública
496,58932820,2025-08-23T00:00:00,14:39,CRIMES CONTRA A PESSOA,Homicídio Doloso,ES,38,1 - Masculino,Parda,NOVA VENECIA,RUBIA,RUA CANAVIEIRAS,Via Pública
497,58936147,2025-08-23T00:00:00,04:03,CRIMES CONTRA A PESSOA,Homicídio Doloso,ES,27,1 - Masculino,Parda,CARIACICA,CASTELO BRANCO,RUA NOVA CINTRA,Via Pública
498,58950273,2025-08-24T00:00:00,18:34,CRIMES CONTRA A PESSOA,Homicídio Doloso,ES,6,2 - Feminino,Parda,SERRA,CIDADE CONTINENTAL,x,Via Pública
499,58945412,2025-08-24T00:00:00,03:49,CRIMES CONTRA A PESSOA,Homicídio Doloso,ES,25,1 - Masculino,Parda,MUCURICI,ALTO BONITO,RUA SAO PEDRO,Via Pública
500,58961164,2025-08-25T00:00:00,19:46,CRIMES CONTRA A PESSOA,Homicídio Doloso,ES,42,2 - Feminino,Parda,CARIACICA,NOVO BRASIL,x,Domicílio
501,58954426,2025-08-25T00:00:00,08:05,CRIMES CONTRA A PESSOA,Homicídio Doloso,ES,26,1 - Masculino,Negra,ECOPORANGA,SANTA TEREZINHA,RUA PRINCIPAL,Estabelecimento de Saúde
502,58971687,2025-08-26T00:00:00,22:38,CRIMES CONTRA A PESSOA,Homicídio Doloso,ES,33,1 - Masculino,Branca,VIANA,NOVA BETAHNIA,AV VESUVIO,Via Pública
503,58965842,2025-08-26T00:00:00,11:29,CRIMES CONTRA A PESSOA,Homicídio Doloso,ES,21,1 - Masculino,Parda,SERRA,CENTRAL CARAPINA,RUA NÃO CADASTRADA,Via Pública
504,58965512,2025-08-26T00:00:00,10:52,CRIMES CONTRA A PESSOA,Homicídio Doloso,ES,31,1 - Masculino,Branca,VILA VELHA,SAO TORQUATO,RUA CRESCENCIO LIRIO,Via Pública
505,58977877,2025-08-27T00:00:00,16:15,CRIMES CONTRA A PESSOA,Homicídio Doloso,ES,16,1 - Masculino,Parda,VITORIA,ILHA DO PRINCIPE,RUA ANTONIO MUNIZ,Via Pública
506,58972756,2025-08-27T00:00:00,06:14,CRIMES CONTRA A PESSOA,Homicídio Doloso,ES,25,1 - Masculino,Parda,CARIACICA,PORTO ENGENHO,ROD GOV MARIO COVAS,Via Pública
507,58987837,2025-08-28T00:00:00,17:23,CRIMES CONTRA A PESSOA,Homicídio Doloso,ES,48,2 - Feminino,Parda,ALTO RIO NOVO,CORREGO AGUA LIMPA,RUA NÃO CADASTRADA,Via Pública
508,58987837,2025-08-28T00:00:00,17:23,CRIMES CONTRA A PESSOA,Homicídio Doloso,ES,44,1 - Masculino,Parda,ALTO RIO NOVO,CORREGO AGUA LIMPA,X,Via Pública
509,58983690,2025-08-28T00:00:00,10:22,CRIMES CONTRA A PESSOA,Homicídio Doloso,ES, ,1 - Masculino,Parda,SERRA,VILA NOVA DE COLARES,RUA ALFREDO GALENO,Terreno Baldio / Construção / Mata
510,58998238,2025-08-29T00:00:00,19:20,CRIMES CONTRA A PESSOA,Homicídio Doloso,ES,33,1 - Masculino,Parda,VILA VELHA,JABURUNA,AV VISTA LINDA,Via Pública
511,58990703,2025-08-29T00:00:00,00:15,CRIMES CONTRA A PESSOA,Homicídio Doloso,ES,53,1 - Masculino,Parda,NOVA VENECIA,CENTRO,RUA RIACHO,Via Pública
512,59009034,2025-08-30T00:00:00,23:26,CRIMES CONTRA A PESSOA,Homicídio Doloso,ES,38,1 - Masculino,Negra,MONTANHA,FUNDAO,RUA SANTA LEOPOLDINA,Domicílio
513,59015542,2025-08-31T00:00:00,20:50,CRIMES CONTRA A PESSOA,Homicídio Doloso,ES,57,1 - Masculino,Parda,LINHARES,AVISO,RUA SERGIPE,Via Pública
514,59011441,2025-08-31T00:00:00,10:59,CRIMES CONTRA A PESSOA,Feminicídio,ES,20,2 - Feminino,Branca,COLATINA,QUINZE DE OUTUBRO,X,Via Pública
515,59016897,2025-01-09T00:00:00,00:36,CRIMES CONTRA A PESSOA,Homicídio Doloso,ES,37,1 - Masculino,Parda,SERRA,NOVA CARAPINA I,AV BELO HORIZONTE,Domicílio
516,59051130,2025-04-09T00:00:00,20:40,CRIMES CONTRA A PESSOA,Homicídio Doloso,ES,41,1 - Masculino,Negra,CARIACICA,NOVA ROSA DA PENHA,RUA VINTE E QUATRO,Domicílio
517,59070152,2025-06-09T00:00:00,22:16,CRIMES CONTRA A PESSOA,Homicídio Doloso,ES,46,1 - Masculino,Parda,LINHARES,ZONA RURAL,ROD ES 245,Via Pública
518,59063136,2025-06-09T00:00:00,07:28,CRIMES CONTRA A PESSOA,Homicídio Doloso,ES,50,1 - Masculino,Amarela,PIUMA,CEU AZUL,RUA PRINCIPAL,Via Pública
519,59062335,2025-06-09T00:00:00,02:29,CRIMES CONTRA A PESSOA,Homicídio Doloso,ES,38,1 - Masculino,Parda,SERRA,VILA NOVA DE COLARES,AV PRESIDENTE MEDICE,Domicílio
520,59078172,2025-07-09T00:00:00,20:39,CRIMES CONTRA A PESSOA,Feminicídio,ES,43,2 - Feminino,Parda,CARIACICA,BUBU,RUA SAO LUIZ,Domicílio
521,59078095,2025-07-09T00:00:00,20:28,CRIMES CONTRA A PESSOA,Homicídio Doloso,ES,41,1 - Masculino,Branca,BARRA DE SAO FRANCISCO,CAMPO NOVO,RUA FILOMENA DOS ANJOS,Via Pública
522,59072126,2025-07-09T00:00:00,04:08,CRIMES CONTRA A PESSOA,Homicídio Doloso,ES,44,1 - Masculino,Branca,SERRA,SERRA DOURADA II,RUA RODRIGUES TAVARES,Via Pública
523,59071607,2025-07-09T00:00:00,01:44,CRIMES CONTRA A PESSOA,Homicídio Doloso,ES,22,1 - Masculino,Branca,SAO GABRIEL DA PALHA,CACHOEIRA DA ONCA,AV FRANCISCO RONDELLI,Estabelecimento Comercial
524,59071213,2025-07-09T00:00:00,00:34,CRIMES CONTRA A PESSOA,Homicídio Doloso,ES,23,1 - Masculino,Parda,VITORIA,REDENCAO,RUA PASTOR DANIEL FELIPE,Via Pública
525,59085078,2025-08-09T00:00:00,21:26,CRIMES CONTRA A PESSOA,Homicídio Doloso,ES,25,1 - Masculino,Parda,NOVA VENECIA,SANTO ANTONI DO QUINZE,NA ESTRADA DE PATRIMONIO DO XV,Via Pública
526,59084779,2025-08-09T00:00:00,20:35,CRIMES CONTRA A PESSOA,Homicídio Doloso,ES,48,1 - Masculino,Negra,IUNA,ZONA RURAL,RUA NÃO CADASTRADA,Domicílio
527,59080920,2025-08-09T00:00:00,12:27,CRIMES CONTRA A PESSOA,Homicídio Doloso,ES,20,1 - Masculino,Parda,CARIACICA,TUCUM,AV FLORENTINO AVIDOS,Via Pública
528,59080920,2025-08-09T00:00:00,12:27,CRIMES CONTRA A PESSOA,Homicídio Doloso,ES,27,2 - Feminino,Parda,CARIACICA,TUCUM,AV FLORENTINO AVIDOS,Via Pública
529,59080332,2025-08-09T00:00:00,09:18,CRIMES CONTRA A PESSOA,Homicídio Doloso,ES,37,1 - Masculino,Parda,CARIACICA,CARIACICA SEDE,RUA SANTA CATARINA,Via Pública
530,59080127,2025-08-09T00:00:00,08:25,CRIMES CONTRA A PESSOA,Homicídio Doloso,ES,42,1 - Masculino,Parda,RIO BANANAL,ZONA RURAL,ROD ES 245,Via Pública
531,59089990,2025-09-09T00:00:00,13:19,CRIMES CONTRA A PESSOA,Homicídio Doloso,ES,32,1 - Masculino,Parda,SERRA,ZONA RURAL,AV AUDIFAX BARCELOS,Terreno Baldio / Construção / Mata
532,59104253,2025-10-09T00:00:00,22:11,CRIMES CONTRA A PESSOA,Homicídio Doloso,ES,25,1 - Masculino,Parda,GUARAPARI,BELA VISTA,RUA JARDIM DO EDEM,Via Pública
533,59113713,2025-11-09T00:00:00,22:33,CRIMES CONTRA A PESSOA,Homicídio Doloso,ES,30,1 - Masculino,Parda,SERRA,BALNEARIO DE CARAPEBUS,RUA DA ACACIA,Via Pública
534,59110747,2025-11-09T00:00:00,16:38,CRIMES CONTRA A PESSOA,Homicídio Doloso,ES,36,1 - Masculino,Negra,VIANA,AREINHA,AV GUARAPARI,Via Pública
535,59116633,2025-12-09T00:00:00,10:16,CRIMES CONTRA A PESSOA,Homicídio Doloso,ES,27,1 - Masculino,Parda,SAO MATEUS,SANTA MARIA,RUA DO CAMPO,Via Pública
536,59115509,2025-12-09T00:00:00,08:00,CRIMES CONTRA A PESSOA,Homicídio Doloso,ES,49,1 - Masculino,Parda,CONCEICAO DO CASTELO,FORMOSA,ESTRADA FORMOSA,Via Pública
537,59129268,2025-09-13T00:00:00,16:49,CRIMES CONTRA A PESSOA,Homicídio Doloso,ES,42,1 - Masculino,Parda,LINHARES,CENTRO,AV GOVERNADOR LINDEMBERG,Via Pública
538,59128524,2025-09-13T00:00:00,15:07,CRIMES CONTRA A PESSOA,Homicídio Doloso,ES,26,1 - Masculino,Parda,SAO MATEUS,MORADA DO LAGO,AV SAO JOAO,Via Pública
539,59127994,2025-09-13T00:00:00,13:50,CRIMES CONTRA A PESSOA,Homicídio Doloso,ES,47,1 - Masculino,Parda,SAO MATEUS,MORADA DO LAGO,RUA SAO MARCOS,Via Pública
540,59124596,2025-09-13T00:00:00,02:56,CRIMES CONTRA A PESSOA,Homicídio Doloso,ES,54,1 - Masculino,Negra,SAO DOMINGOS DO NORTE,NITEROI,RUA NÃO CADASTRADA,Via Pública
541,59139723,2025-09-14T00:00:00,20:35,CRIMES CONTRA A PESSOA,Feminicídio,ES,33,2 - Feminino,Negra,CONCEICAO DO CASTELO,BOA ESPERANÇA,X,Domicílio
542,59139666,2025-09-14T00:00:00,20:31,CRIMES CONTRA A PESSOA,Homicídio Doloso,ES,44,1 - Masculino,Branca,VILA VELHA,VALE ENCANTADO,RUA NÃO CADASTRADA,Via Pública
543,59138687,2025-09-14T00:00:00,18:31,CRIMES CONTRA A PESSOA,Homicídio Doloso,ES,31,1 - Masculino,Parda,ARACRUZ,SEGATO,RUA TEREZA ZANCHETTA,Via Pública
544,59136792,2025-09-14T00:00:00,14:53,CRIMES CONTRA A PESSOA,Homicídio Doloso,ES,29,1 - Masculino,Parda,ITAPEMIRIM,CENTRO,RUA NÃO CADASTRADA,Via Pública
545,59133368,2025-09-14T00:00:00,03:20,CRIMES CONTRA A PESSOA,Homicídio Doloso,ES,38,1 - Masculino,Parda,SERRA,CIDADE POMAR,RUA LARANJEIRAS,Via Pública
546,59133368,2025-09-14T00:00:00,03:20,CRIMES CONTRA A PESSOA,Homicídio Doloso,ES,41,1 - Masculino,Negra,SERRA,CIDADE POMAR,RUA PARAJU,Via Pública
547,59158004,2025-09-16T00:00:00,19:15,CRIMES CONTRA A PESSOA,Homicídio Doloso,ES,25,1 - Masculino,Parda,VILA VELHA,RIO MARINHO,RUA PIABINHA,Via Pública
548,59151364,2025-09-16T00:00:00,06:12,CRIMES CONTRA A PESSOA,Homicídio Doloso,ES,38,1 - Masculino,Parda,VILA VELHA,PONTAL DAS GARCAS,EST DO DIQUE,Via Pública
549,59165768,2025-09-17T00:00:00,16:51,CRIMES CONTRA A PESSOA,Homicídio Doloso,ES,29,1 - Masculino,Parda,ARACRUZ,CENTRO,RUA PADRE LUIZ PARENZI,Praça / Parques / Área Pública
550,59165682,2025-09-17T00:00:00,16:42,CRIMES CONTRA A PESSOA,Homicídio Doloso,ES,28,1 - Masculino,Parda,CARIACICA,SANTO ANDRE,RUA CAMPINAS,Via Pública
551,59129430,2025-09-18T00:00:00,17:11,CRIMES CONTRA A PESSOA,Homicídio Doloso,ES,23,1 - Masculino,Parda,COLATINA,HONORIO FRAGA,RUA THEODORO FRAGA,Via Pública
552,59174947,2025-09-18T00:00:00,16:35,CRIMES CONTRA A PESSOA,Homicídio Doloso,ES,40,1 - Masculino,Negra,SERRA,RESIDENCIAL VISTA DO MESTRE,RUA ALBERTO BARBOSA,Terreno Baldio / Construção / Mata
553,59172867,2025-09-18T00:00:00,13:05,CRIMES CONTRA A PESSOA,Homicídio Doloso,ES,73,1 - Masculino,Branca,GUARAPARI,SETIBA,RUA OCARLINA LOPES PEREIRA,Domicílio
554,59186782,2025-09-19T00:00:00,18:09,CRIMES CONTRA A PESSOA,Homicídio Doloso,ES,22,1 - Masculino,Parda,GUARAPARI,COROADO,AV ELIZIARIO LOURENCO DIAS,Via Pública
555,59179704,2025-09-19T00:00:00,05:20,CRIMES CONTRA A PESSOA,Homicídio Doloso,ES,40,1 - Masculino,Negra,LINHARES,SANTA CRUZ,AV ABIGAIL FERREIRA LIMA,Via Pública
556,59179014,2025-09-19T00:00:00,00:58,CRIMES CONTRA A PESSOA,Homicídio Doloso,ES,21,1 - Masculino,Parda,SERRA,NOVA CARAPINA,AV BELO HORIZONTE,Via Pública
557,59196102,2025-09-20T00:00:00,19:12,CRIMES CONTRA A PESSOA,Homicídio Doloso,ES,24,1 - Masculino,Parda,SAO MATEUS,FATIMA,RUA JOSE DAHER,Via Pública
558,59194507,2025-09-20T00:00:00,15:57,CRIMES CONTRA A PESSOA,Homicídio Doloso,ES,33,1 - Masculino,Branca,AFONSO CLAUDIO,PIRACEMA,RUA NÃO CADASTRADA,Via Pública
559,59190174,2025-09-20T00:00:00,02:34,CRIMES CONTRA A PESSOA,Homicídio Doloso,ES,57,1 - Masculino,Branca,LINHARES,SANTA CRUZ,ROD BR 101,Estabelecimento Comercial
560,59204083,2025-09-21T00:00:00,17:30,CRIMES CONTRA A PESSOA,Homicídio Doloso,ES,56,1 - Masculino,Parda,VILA VELHA,ILHA DA CONCEICAO,EST CAPUABA,Via Pública
561,59216312,2025-09-22T00:00:00,22:33,CRIMES CONTRA A PESSOA,Homicídio Doloso,ES,27,1 - Masculino,Parda,CONCEICAO DA BARRA,FLORESTA,AV ANISIO DA CUNHA,Via Pública
562,59229204,2025-09-24T00:00:00,13:25,CRIMES CONTRA A PESSOA,Homicídio Doloso,ES,17,1 - Masculino,Negra,GUARAPARI,ADALBERTO SIMAO NADER,RUA OSCAR,Terreno Baldio / Construção / Mata
563,59226159,2025-09-24T00:00:00,06:34,CRIMES CONTRA A PESSOA,Homicídio Doloso,ES,31,1 - Masculino,Parda,SAO MATEUS,SANTA MARIA,RUA PROJETADA,Domicílio
564,59242041,2025-09-25T00:00:00,22:32,CRIMES CONTRA A PESSOA,Homicídio Doloso,ES,25,1 - Masculino,Parda,VILA VELHA,VALE ENCANTADO,AV SAO GABRIEL DA PALHA,Via Pública
565,59246387,2025-09-26T00:00:00,15:42,CRIMES CONTRA A PESSOA,Homicídio Doloso,ES,43,1 - Masculino,Parda,VILA VELHA,SANTA CLARA,RUA ALICE NUNES KULL,Via Pública
566,59245937,2025-09-26T00:00:00,14:57,CRIMES CONTRA A PESSOA,Homicídio Doloso,ES,46,1 - Masculino,Parda,COLATINA,SAO SILVANO,ROD DO CAFE,Via Pública
567,59250788,2025-09-27T00:00:00,01:23,CRIMES CONTRA A PESSOA,Homicídio Doloso,ES,37,1 - Masculino,Parda,SERRA,BICANGA,AV MERIDIONAL,Via Pública
568,59263703,2025-09-28T00:00:00,15:44,CRIMES CONTRA A PESSOA,Homicídio Doloso,ES,15,1 - Masculino,Parda,IBIRACU,BELA VISTA,RUA RAIMUNDO ALGOSTINI LOCATELLI,Via Pública
569,59263450,2025-09-28T00:00:00,15:05,CRIMES CONTRA A PESSOA,Homicídio Doloso,ES,35,1 - Masculino,Branca,CACHOEIRO DE ITAPEMIRIM,BURARAMA,RUA NÃO CADASTRADA,Outros Locais
570,59262059,2025-09-28T00:00:00,11:37,CRIMES CONTRA A PESSOA,Homicídio Doloso,ES,16,1 - Masculino,Parda,LINHARES,AVISO,RUA NÃO CADASTRADA,Via Pública
571,59259948,2025-09-28T00:00:00,02:19,CRIMES CONTRA A PESSOA,Homicídio Doloso,ES,40,1 - Masculino,Parda,ARACRUZ,CUPIDO,AV GERALDO MATIAS,Via Pública
572,59271701,2025-09-29T00:00:00,14:19,CRIMES CONTRA A PESSOA,Homicídio Doloso,ES,26,1 - Masculino,Parda,SERRA,PARQUE JACARAIPE,AV NOSSA SENHORA DOS NAVEGANTES,Ponte / Viaduto
573,59267636,2025-09-29T00:00:00,04:39,CRIMES CONTRA A PESSOA,Homicídio Doloso,ES,26,1 - Masculino,Parda,SERRA,BALNEARIO DE CARAPEBUS,RUA NÃO CADASTRADA,Domicílio
574,59267636,2025-09-29T00:00:00,04:39,CRIMES CONTRA A PESSOA,Homicídio Doloso,ES,17,1 - Masculino,Parda,SERRA,BALNEARIO DE CARAPEBUS,RUA NÃO CADASTRADA,Domicílio
575,59283617,2025-01-10T00:00:00,11:27,CRIMES CONTRA A PESSOA,Homicídio Doloso,ES,31,1 - Masculino,Parda,VILA VELHA,ALECRIM,RUA REPUBLICA,Via Pública
576,59280141,2025-01-10T00:00:00,00:51,CRIMES CONTRA A PESSOA,Feminicídio,ES,29,2 - Feminino,Parda,RIO BANANAL,ZONA RURAL,x,Domicílio
577,59297308,2025-02-10T00:00:00,20:48,CRIMES CONTRA A PESSOA,Homicídio Doloso,ES,25,1 - Masculino,Parda,CARIACICA,GRAUNA,RUA PRIMEIRO DE MAIO,Praça / Parques / Área Pública
578,59297184,2025-02-10T00:00:00,20:29,CRIMES CONTRA A PESSOA,Homicídio Doloso,ES,19,1 - Masculino,Parda,LINHARES,AVISO,AV MIGUEL TEIXEIRA DE SA,Via Pública
579,59299221,2025-03-10T00:00:00,05:13,CRIMES CONTRA A PESSOA,Homicídio Doloso,ES,36,1 - Masculino,Parda,VIANA,MORADA DE VILA BETHANIA,RUA NÃO CADASTRADA,Terreno Baldio / Construção / Mata
580,59299108,2025-03-10T00:00:00,04:04,CRIMES CONTRA A PESSOA,Homicídio Doloso,ES,28,1 - Masculino,Parda,VILA VELHA,JARDIM MARILANDIA,RUA GRANDE VITORIA,Estabelecimento Comercial
581,59316265,2025-04-10T00:00:00,22:01,CRIMES CONTRA A PESSOA,Homicídio Doloso,ES,29,1 - Masculino,Negra,LINHARES,SANTA CRUZ,AV ADEMAR LUIZ PIANA,Estabelecimento Comercial
582,59315321,2025-04-10T00:00:00,20:09,CRIMES CONTRA A PESSOA,Homicídio Doloso,ES,36,1 - Masculino,Parda,GUARAPARI,PEROCAO,RUA ENGENHEIRO MOREIRA CALDAS,Via Pública
583,59315069,2025-04-10T00:00:00,19:33,CRIMES CONTRA A PESSOA,Homicídio Doloso,ES,25,1 - Masculino,Branca,SANTA MARIA DE JETIBA,SAO LUIS,RUA HENRIQUE JOAO JULIO KUSTER,Via Pública
584,59312981,2025-04-10T00:00:00,15:52,CRIMES CONTRA A PESSOA,Homicídio Doloso,ES,41,1 - Masculino,Parda,ARACRUZ,VILA DO RIACHO,RUA PEDRI ARAUJO LEAL,Via Pública
585,59308972,2025-04-10T00:00:00,06:26,CRIMES CONTRA A PESSOA,Homicídio Doloso,ES,23,1 - Masculino,Parda,CARIACICA,PORTO BELO,ROD BR 101,Terreno Baldio / Construção / Mata
586,59323370,2025-05-10T00:00:00,18:26,CRIMES CONTRA A PESSOA,Homicídio Doloso,ES,48,1 - Masculino,Branca,SERRA,SERRA DOURADA II,AV GOIANIA,Via Pública
587,59318320,2025-05-10T00:00:00,05:41,CRIMES CONTRA A PESSOA,Feminicídio,ES,20,2 - Feminino,Parda,CARIACICA,ROSA DA PENHA,RUA DOM PEDRO II,Domicílio
588,59299108,2025-05-10T00:00:00,04:04,CRIMES CONTRA A PESSOA,Homicídio Doloso,ES,49,1 - Masculino,Parda,VILA VELHA,JARDIM MARILANDIA,RUA GRANDE VITORIA,Via Pública
589,59326131,2025-06-10T00:00:00,03:53,CRIMES CONTRA A PESSOA,Homicídio Doloso,ES,24,1 - Masculino,Parda,MARILANDIA,ZONA RURAL,RUA NÃO CADASTRADA,Via Pública
590,59342075,2025-07-10T00:00:00,18:33,CRIMES CONTRA A PESSOA,Homicídio Doloso,ES,26,1 - Masculino,Parda,ANCHIETA,ZONA RURAL,RUA NÃO CADASTRADA,Domicílio
591,59352457,2025-08-10T00:00:00,21:44,CRIMES CONTRA A PESSOA,Homicídio Doloso,ES,39,1 - Masculino,Parda,JAGUARE,VARGEM GRANDE,RUA NÃO CADASTRADA,Domicílio
592,59344900,2025-08-10T00:00:00,06:11,CRIMES CONTRA A PESSOA,Homicídio Doloso,ES,47,1 - Masculino,Parda,VILA VELHA,PRAIA DAS GAIVOTAS,RUA SILVIA DE OLVIEIRA SIMOES,Praça / Parques / Área Pública
593,59369220,2025-10-10T00:00:00,19:52,CRIMES CONTRA A PESSOA,Homicídio Doloso,ES,34,1 - Masculino,Branca,VENDA NOVA DO IMIGRANTE,ZONA RURAL,RUA TRANSVERSAL,Via Pública
594,59365224,2025-10-10T00:00:00,12:16,CRIMES CONTRA A PESSOA,Homicídio Doloso,ES,49,1 - Masculino,Branca,IBITIRAMA,ZONA RURAL,X,Via Pública
595,59363462,2025-10-10T00:00:00,08:48,CRIMES CONTRA A PESSOA,Feminicídio,ES,80,2 - Feminino,Branca,GUARAPARI,SANTA MONICA,RUA ANTONIO FERREIRA DE ARAUJO,Domicílio
596,59343817,2025-10-10T00:00:00,03:02,CRIMES CONTRA A PESSOA,Homicídio Doloso,ES,29,1 - Masculino,Parda,VILA VELHA,RESIDENCIAL JABAETE,RUA NÃO CADASTRADA,Via Pública
597,59380053,2025-11-10T00:00:00,23:31,CRIMES CONTRA A PESSOA,Homicídio Doloso,ES,21,1 - Masculino,Parda,PINHEIROS,VILA NOVA,RUA CARLOS CASTRO,Via Pública
598,59379176,2025-11-10T00:00:00,21:43,CRIMES CONTRA A PESSOA,Homicídio Doloso,ES,27,1 - Masculino,Parda,VIANA,IPANEMA,RUA DIAMANTINA,Via Pública
599,59372462,2025-11-10T00:00:00,07:02,CRIMES CONTRA A PESSOA,Homicídio Doloso,ES,27,1 - Masculino,Parda,CARIACICA,SANTA LUZIA,RUA NÃO CADASTRADA,Via Pública
600,59370116,2025-11-10T00:00:00,00:33,CRIMES CONTRA A PESSOA,Homicídio Doloso,ES,33,1 - Masculino,Negra,CONCEICAO DA BARRA,SAO JORGE,RUA ERIVALDO BARBOSA,Domicílio
601,59386766,2025-12-10T00:00:00,19:02,CRIMES CONTRA A PESSOA,Homicídio Doloso,ES,42,1 - Masculino,Parda,COLATINA,AYRTON SENNA,RUA JOSE PAIVA,Via Pública
602,59382765,2025-12-10T00:00:00,10:43,CRIMES CONTRA A PESSOA,Homicídio Doloso,ES,33,1 - Masculino,Parda,VILA VELHA,BOA VISTA I,RUA JOSE DE ALENCAR,Via Pública
603,59380980,2025-12-10T00:00:00,02:39,CRIMES CONTRA A PESSOA,Homicídio Doloso,ES,20,1 - Masculino,Parda,MONTANHA,ZONA RURAL,ROD EDSON ANTONIO TEIXEIRA REZENDE,Via Pública
604,59380690,2025-12-10T00:00:00,01:22,CRIMES CONTRA A PESSOA,Homicídio Doloso,ES,32,1 - Masculino,Branca,IRUPI,ZONA RURAL,RUA NÃO CADASTRADA,Domicílio
605,59380663,2025-12-10T00:00:00,00:56,CRIMES CONTRA A PESSOA,Homicídio Doloso,ES,22,1 - Masculino,Parda,VILA VELHA,SANTA RITA,RUA SANTO ANDRE,Praça / Parques / Área Pública
606,59380330,2025-12-10T00:00:00,00:01,CRIMES CONTRA A PESSOA,Homicídio Doloso,ES,42,1 - Masculino,Prejudicado,VARGEM ALTA,CENTRO,RUA ANTONIO JOSE COELHO,Via Pública
607,59393031,2025-10-13T00:00:00,12:28,CRIMES CONTRA A PESSOA,Homicídio Doloso,ES,48,1 - Masculino,Parda,LINHARES,ZONA RURAL,ROD ES 440,Domicílio
608,59402869,2025-10-14T00:00:00,13:55,CRIMES CONTRA A PESSOA,Homicídio Doloso,ES,25,1 - Masculino,Parda,SAO MATEUS,VITORIA,RUA GALAXIA,Domicílio
609,59407946,2025-10-15T00:00:00,02:33,CRIMES CONTRA A PESSOA,Homicídio Doloso,ES,43,1 - Masculino,Parda,VILA VELHA,JARDIM MARILANDIA,RUA ARARE,Domicílio
610,59406175,2025-10-15T00:00:00,19:53,CRIMES CONTRA A PESSOA,Homicídio Doloso,ES,41,1 - Masculino,Parda,LINHARES,CENTRO,ROD BR 101,Via Pública
611,59412316,2025-10-16T00:00:00,17:57,CRIMES CONTRA A PESSOA,Homicídio Doloso,ES,43,1 - Masculino,Negra,BARRA DE SAO FRANCISCO,PAULISTA,RUA NÃO CADASTRADA,Via Pública
612,59416584,2025-10-16T00:00:00,00:23,CRIMES CONTRA A PESSOA,Homicídio Doloso,ES,29,1 - Masculino,Parda,LINHARES,ZONA RURAL,ROD ES 248,Via Pública
613,59442771,2025-10-18T00:00:00,19:05,CRIMES CONTRA A PESSOA,Homicídio Doloso,ES,24,1 - Masculino,Branca,SAO GABRIEL DA PALHA,JOAO COLOMBI,RUA MARCELINO CHAGAS,Via Pública
614,59441779,2025-10-18T00:00:00,17:21,CRIMES CONTRA A PESSOA,Homicídio Doloso,ES,19,1 - Masculino,Parda,SAO MATEUS,NESTOR GOMES,ROD BR 381,Via Pública
615,59441059,2025-10-18T00:00:00,15:53,CRIMES CONTRA A PESSOA,Homicídio Doloso,ES,25,1 - Masculino,Parda,LINHARES,ZONA RURAL,RUA NÃO CADASTRADA,Terreno Baldio / Construção / Mata
616,59437096,2025-10-18T00:00:00,05:58,CRIMES CONTRA A PESSOA,Homicídio Doloso,ES,20,1 - Masculino,Parda,CARIACICA,BELA AURORA,RUA AUGUSTO CAMPOS COGO,Via Pública
617,59435769,2025-10-18T00:00:00,00:09,CRIMES CONTRA A PESSOA,Homicídio Doloso,ES,24,1 - Masculino,Parda,SAO GABRIEL DA PALHA,ZONA RURAL,RUA NÃO CADASTRADA,Estabelecimento Comercial
618,59446597,2025-10-19T00:00:00,06:30,CRIMES CONTRA A PESSOA,Homicídio Doloso,ES,25,1 - Masculino,Parda,ITAPEMIRIM,ITAIPAVA,RUA NÃO CADASTRADA,Via Pública
619,59458404,2025-10-20T00:00:00,16:43,CRIMES CONTRA A PESSOA,Homicídio Doloso,ES,24,1 - Masculino,Branca,SERRA,BALNEARIO DE CARAPEBUS,RUA ALFREDO RODRIGUES DOS SANTOS,Via Pública
620,59468965,2025-10-21T00:00:00,21:19,CRIMES CONTRA A PESSOA,Homicídio Doloso,ES,16,1 - Masculino,Parda,LINHARES,NOVA ESPERANCA,RUA SANTA RITA,Via Pública
621,59467703,2025-10-21T00:00:00,17:56,CRIMES CONTRA A PESSOA,Homicídio Doloso,ES,33,1 - Masculino,Branca,VILA VELHA,ARACAS,RUA DACAR,Via Pública
622,59461229,2025-10-21T00:00:00,00:21,CRIMES CONTRA A PESSOA,Homicídio Doloso,ES,32,1 - Masculino,Parda,CARIACICA,SANTA BARBARA,RUA NÃO INFORMADA,Via Pública
623,59461175,2025-10-21T00:00:00,00:04,CRIMES CONTRA A PESSOA,Homicídio Doloso,ES,28,1 - Masculino,Parda,CARIACICA,CAMPINA GRANDE,RUA BOM PASTOR,Via Pública
624,59476909,2025-10-22T00:00:00,23:03,CRIMES CONTRA A PESSOA,Homicídio Doloso,ES,17,1 - Masculino,Parda,MANTENOPOLIS,IPIRANGA,RUA NÃO CADASTRADA,Via Pública
625,59477785,2025-10-22T00:00:00,23:02,CRIMES CONTRA A PESSOA,Homicídio Doloso,ES,40,2 - Feminino,Parda,SERRA,BAIRRO DAS LARANJEIRAS,RUA SAO PAULO,Estabelecimento Comercial
626,59476625,2025-10-22T00:00:00,19:33,CRIMES CONTRA A PESSOA,Homicídio Doloso,ES,34,1 - Masculino,Branca,SERRA,MARINGA,RUA PERIMETRAL,Estabelecimento Comercial
627,59477785,2025-10-23T00:00:00,17:54,CRIMES CONTRA A PESSOA,Homicídio Doloso,ES,36,1 - Masculino,Negra,SERRA,BAIRRO DAS LARANJEIRAS,RUA SAO PAULO,Estabelecimento Comercial
628,59478369,2025-10-23T00:00:00,00:12,CRIMES CONTRA A PESSOA,Homicídio Doloso,ES,32,1 - Masculino,Parda,SAO MATEUS,RESIDENCIAL COLINA,RUA MACHADO DE ASSIS,Via Pública
629,59490765,2025-10-24T00:00:00,14:15,CRIMES CONTRA A PESSOA,Homicídio Doloso,ES, , , ,VILA VELHA,PRAIA DA COSTA,RUA SAO PAULO,Curso D'água
630,59487264,2025-10-24T00:00:00,05:49,CRIMES CONTRA A PESSOA,Homicídio Doloso,ES,46,1 - Masculino,Parda,SERRA,NOVO HORIZONTE,AV BRASIL,Via Pública
631,59499167,2025-10-25T00:00:00,13:58,CRIMES CONTRA A PESSOA,Homicídio Doloso,ES, , , ,AFONSO CLAUDIO,VISTA ALEGRE,RUA NÃO CADASTRADA,Terreno Baldio / Construção / Mata
632,59512069,2025-10-26T00:00:00,22:48,CRIMES CONTRA A PESSOA,Homicídio Doloso,ES,41,1 - Masculino, ,ITAPEMIRIM,CAMPO ACIMA,RUA ONESIO PINTO,Via Pública
633,59511986,2025-10-26T00:00:00,22:36,CRIMES CONTRA A PESSOA,Homicídio Doloso,ES,34,1 - Masculino,Parda,CARIACICA,CARIACICA SEDE,ROD GOV JOSE SETTE,Estabelecimento Comercial
634,59511986,2025-10-26T00:00:00,22:36,CRIMES CONTRA A PESSOA,Homicídio Doloso,ES,22,1 - Masculino,Parda,CARIACICA,CARIACICA SEDE,ROD GOV JOSE SETTE,Estabelecimento Comercial
635,59510555,2025-10-26T00:00:00,22:02,CRIMES CONTRA A PESSOA,Homicídio Doloso,ES,71,1 - Masculino,Branca,SAO ROQUE DO CANAA,SAGRADO,RUA NÃO CADASTRADA,Estabelecimento Comercial
636,59510910,2025-10-26T00:00:00,20:04,CRIMES CONTRA A PESSOA,Homicídio Doloso,ES,24,1 - Masculino,Parda,VIANA,NOVA BETHANIA,RUA SAO CRISTOVAO,Domicílio
637,59508920,2025-10-26T00:00:00,16:13,CRIMES CONTRA A PESSOA,Homicídio Doloso,ES,17,1 - Masculino,Parda,ARACRUZ,SEGATO,RUA WILSON ROGERIO LOUREIRO,Estabelecimento Comercial
638,59519032,2025-10-27T00:00:00,20:00,CRIMES CONTRA A PESSOA,Homicídio Doloso,ES,20,1 - Masculino,Branca,VILA VELHA,ILHA DOS AYRES,AV GONÇAVES LEDO,Via Pública
639,59517869,2025-10-27T00:00:00,17:33,CRIMES CONTRA A PESSOA,Homicídio Doloso,ES,17,1 - Masculino,Parda,CARIACICA,NOVA ROSA DA PENHA,RUA NOVENTA E DOIS,Via Pública
640,59515970,2025-10-27T00:00:00,13:22,CRIMES CONTRA A PESSOA,Homicídio Doloso,ES,46,1 - Masculino,Parda,VILA VELHA,ARACAS,RUA LIMA,Via Pública
641,59513581,2025-10-27T00:00:00,07:39,CRIMES CONTRA A PESSOA,Homicídio Doloso,ES,19,1 - Masculino,Negra,CARIACICA,RETIRO SAUDOSO,RUA VINTE E CINCO DE DEZEMBRO,Via Pública
642,59537868,2025-10-29T00:00:00,19:58,CRIMES CONTRA A PESSOA,Homicídio Doloso,ES, ,1 - Masculino,Parda,VILA VELHA,CAVALIERE,RUA SAO SALVADOR,Via Pública
643,59537783,2025-10-29T00:00:00,19:48,CRIMES CONTRA A PESSOA,Homicídio Doloso,ES,31,1 - Masculino,Parda,SAO GABRIEL DA PALHA,CACHOEIRA DA ONCA,RUA AMANCIO PEREIRA,Domicílio
644,59537030,2025-10-29T00:00:00,18:21,CRIMES CONTRA A PESSOA,Homicídio Doloso,ES,66,2 - Feminino,Parda,VILA VELHA,DIVINO ESPIRITO SANTO,RUA EMILIA ESPIRITO SANTO,Domicílio
645,59535426,2025-10-29T00:00:00,14:54,CRIMES CONTRA A PESSOA,Homicídio Doloso,ES,24,1 - Masculino,Parda,CARIACICA,SANTA BARBARA,RUA LUIS PAULINO,Via Pública
646,59545887,2025-10-30T00:00:00,18:09,CRIMES CONTRA A PESSOA,Homicídio Doloso,ES,20,1 - Masculino,Negra,CARIACICA,JARDIM BOTANICO,RUA DA PAZ,Via Pública
647,59545887,2025-10-30T00:00:00,18:09,CRIMES CONTRA A PESSOA,Homicídio Doloso,ES,19,1 - Masculino,Parda,CARIACICA,JARDIM BOTANICO,RUA DA PAZ,Via Pública
648,59540854,2025-10-30T00:00:00,08:43,CRIMES CONTRA A PESSOA,Homicídio Doloso,ES,37,1 - Masculino,Parda,SAO MATEUS,SEAC,RUA RBC,Terreno Baldio / Construção / Mata
649,59556365,2025-10-31T00:00:00,23:03,CRIMES CONTRA A PESSOA,Homicídio Doloso,ES,41,1 - Masculino,Parda,VILA VELHA,XURY,RUA NÃO CADASTRADA,Unidade Prisional
650,59554452,2025-10-31T00:00:00,18:57,CRIMES CONTRA A PESSOA,Homicídio Doloso,ES,47,1 - Masculino,Parda,ARACRUZ,COQUEIRAL,RUA NÃO CADASTRADA,Unidade Prisional
651,59553105,2025-10-31T00:00:00,16:24,CRIMES CONTRA A PESSOA,Homicídio Doloso,ES,34,1 - Masculino,Parda,VILA VELHA,VALE ENCANTADO,RUA VITORIA DA CONQUISTA,Via Pública
