data_fato,hora_fato,grupo_incidente,tipo_incidente,uf,municipio,bairro,tipo_local,fonte_dados,categoria_macro,ano,mes,mes_nome,data_mes,dia_da_semana_num,dia_da_semana,fim_de_semana,hora_num,periodo_dia
2025-01-01,15:40:00,CRIMES DIVERSOS,CRIMES DIVERSOS: CRIMES INFORMÁTICOS,ES,MANTENOPOLIS,SAO JOSE DE MANTENOPOLIS,AMBIENTE WEB,crimes_informaticos,digital,2025.0,1.0,JAN,2025-01-01,2.0,QUA,False,15.0,TARDE
2025-01-01,Indeterminada,CRIMES DIVERSOS,CRIMES DIVERSOS: CRIMES INFORMÁTICOS,ES,SERRA,SAO LOURENCO,AMBIENTE WEB,crimes_informaticos,digital,2025.0,1.0,JAN,2025-01-01,2.0,QUA,False,,
2025-01-02,07:00:00,CRIMES DIVERSOS,CRIMES DIVERSOS: CRIMES INFORMÁTICOS,ES,ANCHIETA,JUSTICA II,AMBIENTE WEB,crimes_informaticos,digital,2025.0,1.0,JAN,2025-01-01,3.0,QUI,False,7.0,MANHA
2025-01-02,21:07:00,CRIMES DIVERSOS,CRIMES DIVERSOS: CRIMES INFORMÁTICOS,ES,VENDA NOVA DO IMIGRANTE,VILA DA MATA,AMBIENTE WEB,crimes_informaticos,digital,2025.0,1.0,JAN,2025-01-01,3.0,QUI,False,21.0,NOITE
2025-01-02,08:00:00,CRIMES DIVERSOS,CRIMES DIVERSOS: CRIMES INFORMÁTICOS,ES,VITORIA,MATA DA PRAIA,RESIDÊNCIA,crimes_informaticos,digital,2025.0,1.0,JAN,2025-01-01,3.0,QUI,False,8.0,MANHA
2025-01-02,Indeterminada,CRIMES DIVERSOS,CRIMES DIVERSOS: CRIMES INFORMÁTICOS,ES,VITORIA,PRAIA DO CANTO,AMBIENTE WEB,crimes_informaticos,digital,2025.0,1.0,JAN,2025-01-01,3.0,QUI,False,,
2025-01-02,08:50:00,CRIMES DIVERSOS,CRIMES DIVERSOS: CRIMES INFORMÁTICOS,ES,COLATINA,SAO SILVANO,COMÉRCIO,crimes_informaticos,digital,2025.0,1.0,JAN,2025-01-01,3.0,QUI,False,8.0,MANHA
2025-01-03,10:00:00,CRIMES DIVERSOS,CRIMES DIVERSOS: CRIMES INFORMÁTICOS,ES,VILA VELHA,ITAPOA,AMBIENTE WEB,crimes_informaticos,digital,2025.0,1.0,JAN,2025-01-01,4.0,SEX,False,10.0,MANHA
2025-01-03,16:30:00,CRIMES DIVERSOS,CRIMES DIVERSOS: CRIMES INFORMÁTICOS,ES,VILA VELHA,PRAIA DA COSTA,AMBIENTE WEB,crimes_informaticos,digital,2025.0,1.0,JAN,2025-01-01,4.0,SEX,False,16.0,TARDE
2025-01-03,Indeterminada,CRIMES DIVERSOS,CRIMES DIVERSOS: CRIMES INFORMÁTICOS,ES,SERRA,CASCATA,AMBIENTE WEB,crimes_informaticos,digital,2025.0,1.0,JAN,2025-01-01,4.0,SEX,False,,
2025-01-03,15:30:00,CRIMES DIVERSOS,CRIMES DIVERSOS: CRIMES INFORMÁTICOS,ES,VITORIA,JARDIM CAMBURI,OUTRO LOCAL,crimes_informaticos,digital,2025.0,1.0,JAN,2025-01-01,4.0,SEX,False,15.0,TARDE
2025-01-03,16:00:00,CRIMES DIVERSOS,CRIMES DIVERSOS: CRIMES INFORMÁTICOS,ES,VITORIA,JARDIM CAMBURI,AMBIENTE WEB,crimes_informaticos,digital,2025.0,1.0,JAN,2025-01-01,4.0,SEX,False,16.0,TARDE
2025-01-03,13:50:00,CRIMES DIVERSOS,CRIMES DIVERSOS: CRIMES INFORMÁTICOS,ES,VITORIA,JARDIM DA PENHA,OUTRO LOCAL,crimes_informaticos,digital,2025.0,1.0,JAN,2025-01-01,4.0,SEX,False,13.0,TARDE
2025-01-03,23:00:00,CRIMES DIVERSOS,CRIMES DIVERSOS: CRIMES INFORMÁTICOS,ES,VILA VELHA,VILA BATISTA,AMBIENTE WEB,crimes_informaticos,digital,2025.0,1.0,JAN,2025-01-01,4.0,SEX,False,23.0,NOITE
2025-01-03,09:00:00,CRIMES DIVERSOS,CRIMES DIVERSOS: CRIMES INFORMÁTICOS,ES,VILA VELHA,VALE ENCANTADO,AMBIENTE WEB,crimes_informaticos,digital,2025.0,1.0,JAN,2025-01-01,4.0,SEX,False,9.0,MANHA
2025-01-04,17:05:00,CRIMES DIVERSOS,CRIMES DIVERSOS: CRIMES INFORMÁTICOS,ES,ALFREDO CHAVES,OURO BRANCO,AMBIENTE WEB,crimes_informaticos,digital,2025.0,1.0,JAN,2025-01-01,5.0,SAB,True,17.0,TARDE
2025-01-04,21:30:00,CRIMES DIVERSOS,CRIMES DIVERSOS: CRIMES INFORMÁTICOS,ES,CARIACICA,NOVA VALVERDE,RESIDÊNCIA,crimes_informaticos,digital,2025.0,1.0,JAN,2025-01-01,5.0,SAB,True,21.0,NOITE
2025-01-05,Indeterminada,CRIMES DIVERSOS,CRIMES DIVERSOS: CRIMES INFORMÁTICOS,ES,SAO MATEUS,OUTRO LOCAL,AMBIENTE WEB,crimes_informaticos,digital,2025.0,1.0,JAN,2025-01-01,6.0,DOM,True,,
2025-01-05,Indeterminada,CRIMES DIVERSOS,CRIMES DIVERSOS: CRIMES INFORMÁTICOS,ES,SAO MATEUS,OUTRO LOCAL,AMBIENTE WEB,crimes_informaticos,digital,2025.0,1.0,JAN,2025-01-01,6.0,DOM,True,,
2025-01-05,20:00:00,CRIMES DIVERSOS,CRIMES DIVERSOS: CRIMES INFORMÁTICOS,ES,CARIACICA,VERA CRUZ,OUTRO LOCAL,crimes_informaticos,digital,2025.0,1.0,JAN,2025-01-01,6.0,DOM,True,20.0,NOITE
2025-01-05,00:42:00,CRIMES DIVERSOS,CRIMES DIVERSOS: CRIMES INFORMÁTICOS,ES,VITORIA,JARDIM CAMBURI,OUTRO LOCAL,crimes_informaticos,digital,2025.0,1.0,JAN,2025-01-01,6.0,DOM,True,0.0,MADRUGADA
2025-01-05,21:49:00,CRIMES DIVERSOS,CRIMES DIVERSOS: CRIMES INFORMÁTICOS,ES,VITORIA,JARDIM CAMBURI,OUTRO LOCAL,crimes_informaticos,digital,2025.0,1.0,JAN,2025-01-01,6.0,DOM,True,21.0,NOITE
2025-01-06,08:30:00,CRIMES DIVERSOS,CRIMES DIVERSOS: CRIMES INFORMÁTICOS,ES,VITORIA,MATA DA PRAIA,AMBIENTE WEB,crimes_informaticos,digital,2025.0,1.0,JAN,2025-01-01,0.0,SEG,False,8.0,MANHA
2025-01-06,Indeterminada,CRIMES DIVERSOS,CRIMES DIVERSOS: CRIMES INFORMÁTICOS,ES,SAO MATEUS,OUTRO LOCAL,AMBIENTE WEB,crimes_informaticos,digital,2025.0,1.0,JAN,2025-01-01,0.0,SEG,False,,
2025-01-06,18:00:00,CRIMES DIVERSOS,CRIMES DIVERSOS: CRIMES INFORMÁTICOS,ES,GUARAPARI,NOVA GUARAPARI,AMBIENTE WEB,crimes_informaticos,digital,2025.0,1.0,JAN,2025-01-01,0.0,SEG,False,18.0,NOITE
2025-01-06,13:00:00,CRIMES DIVERSOS,CRIMES DIVERSOS: CRIMES INFORMÁTICOS,ES,VITORIA,JARDIM DA PENHA,AMBIENTE WEB,crimes_informaticos,digital,2025.0,1.0,JAN,2025-01-01,0.0,SEG,False,13.0,TARDE
2025-01-06,13:53:00,CRIMES DIVERSOS,CRIMES DIVERSOS: CRIMES INFORMÁTICOS,ES,VITORIA,JARDIM DA PENHA,OUTRO LOCAL,crimes_informaticos,digital,2025.0,1.0,JAN,2025-01-01,0.0,SEG,False,13.0,TARDE
2025-01-06,16:31:00,CRIMES DIVERSOS,CRIMES DIVERSOS: CRIMES INFORMÁTICOS,ES,VIANA,VALE DO SOL,AMBIENTE WEB,crimes_informaticos,digital,2025.0,1.0,JAN,2025-01-01,0.0,SEG,False,16.0,TARDE
2025-01-06,10:00:00,CRIMES DIVERSOS,CRIMES DIVERSOS: CRIMES INFORMÁTICOS,ES,SERRA,JARDIM LIMOEIRO,AMBIENTE WEB,crimes_informaticos,digital,2025.0,1.0,JAN,2025-01-01,0.0,SEG,False,10.0,MANHA
2025-01-06,11:00:00,CRIMES DIVERSOS,CRIMES DIVERSOS: CRIMES INFORMÁTICOS,ES,COLATINA,PONTE DO PANCAS,AMBIENTE WEB,crimes_informaticos,digital,2025.0,1.0,JAN,2025-01-01,0.0,SEG,False,11.0,MANHA
2025-01-06,13:00:00,CRIMES DIVERSOS,CRIMES DIVERSOS: CRIMES INFORMÁTICOS,ES,CASTELO,NOSSA SENHORA APARECIDA,AMBIENTE WEB,crimes_informaticos,digital,2025.0,1.0,JAN,2025-01-01,0.0,SEG,False,13.0,TARDE
2025-01-06,17:00:00,CRIMES DIVERSOS,CRIMES DIVERSOS: CRIMES INFORMÁTICOS,ES,VARGEM ALTA,BELEM,AMBIENTE WEB,crimes_informaticos,digital,2025.0,1.0,JAN,2025-01-01,0.0,SEG,False,17.0,TARDE
2025-01-06,17:00:00,CRIMES DIVERSOS,CRIMES DIVERSOS: CRIMES INFORMÁTICOS,ES,VARGEM ALTA,BELEM,AMBIENTE WEB,crimes_informaticos,digital,2025.0,1.0,JAN,2025-01-01,0.0,SEG,False,17.0,TARDE
2025-01-06,11:00:00,CRIMES DIVERSOS,CRIMES DIVERSOS: CRIMES INFORMÁTICOS,ES,SAO ROQUE DO CANAA,VILA VERDE,AMBIENTE WEB,crimes_informaticos,digital,2025.0,1.0,JAN,2025-01-01,0.0,SEG,False,11.0,MANHA
2025-01-07,07:50:00,CRIMES DIVERSOS,CRIMES DIVERSOS: CRIMES INFORMÁTICOS,ES,VILA VELHA,PRAIA DA COSTA,AMBIENTE WEB,crimes_informaticos,digital,2025.0,1.0,JAN,2025-01-01,1.0,TER,False,7.0,MANHA
2025-01-07,Indeterminada,CRIMES DIVERSOS,CRIMES DIVERSOS: CRIMES INFORMÁTICOS,ES,PRESIDENTE KENNEDY,SAO EDUARDO,AMBIENTE WEB,crimes_informaticos,digital,2025.0,1.0,JAN,2025-01-01,1.0,TER,False,,
2025-01-07,22:24:00,CRIMES DIVERSOS,CRIMES DIVERSOS: CRIMES INFORMÁTICOS,ES,PINHEIROS,OUTRO LOCAL,AMBIENTE WEB,crimes_informaticos,digital,2025.0,1.0,JAN,2025-01-01,1.0,TER,False,22.0,NOITE
2025-01-07,17:44:00,CRIMES DIVERSOS,CRIMES DIVERSOS: CRIMES INFORMÁTICOS,ES,COLATINA,SANTOS DUMONT,AMBIENTE WEB,crimes_informaticos,digital,2025.0,1.0,JAN,2025-01-01,1.0,TER,False,17.0,TARDE
2025-01-07,13:30:00,CRIMES DIVERSOS,CRIMES DIVERSOS: CRIMES INFORMÁTICOS,ES,CARIACICA,SAO FRANCISCO,OUTRO LOCAL,crimes_informaticos,digital,2025.0,1.0,JAN,2025-01-01,1.0,TER,False,13.0,TARDE
2025-01-07,13:47:00,CRIMES DIVERSOS,CRIMES DIVERSOS: CRIMES INFORMÁTICOS,ES,VITORIA,REPUBLICA,OUTRO LOCAL,crimes_informaticos,digital,2025.0,1.0,JAN,2025-01-01,1.0,TER,False,13.0,TARDE
2025-01-07,11:30:00,CRIMES DIVERSOS,CRIMES DIVERSOS: CRIMES INFORMÁTICOS,ES,VILA VELHA,COBI DE CIMA,AMBIENTE WEB,crimes_informaticos,digital,2025.0,1.0,JAN,2025-01-01,1.0,TER,False,11.0,MANHA
2025-01-07,16:09:00,CRIMES DIVERSOS,CRIMES DIVERSOS: CRIMES INFORMÁTICOS,ES,CARIACICA,JARDIM BOTANICO,AMBIENTE WEB,crimes_informaticos,digital,2025.0,1.0,JAN,2025-01-01,1.0,TER,False,16.0,TARDE
2025-01-07,18:50:00,CRIMES DIVERSOS,CRIMES DIVERSOS: CRIMES INFORMÁTICOS,ES,VIANA,UNIVERSAL,RESIDÊNCIA,crimes_informaticos,digital,2025.0,1.0,JAN,2025-01-01,1.0,TER,False,18.0,NOITE
2025-01-07,22:00:00,CRIMES DIVERSOS,CRIMES DIVERSOS: CRIMES INFORMÁTICOS,ES,VITORIA,JARDIM CAMBURI,OUTRO LOCAL,crimes_informaticos,digital,2025.0,1.0,JAN,2025-01-01,1.0,TER,False,22.0,NOITE
2025-01-08,07:30:00,CRIMES DIVERSOS,CRIMES DIVERSOS: CRIMES INFORMÁTICOS,ES,SERRA,BAIRRO DAS LARANJEIRAS,AMBIENTE WEB,crimes_informaticos,digital,2025.0,1.0,JAN,2025-01-01,2.0,QUA,False,7.0,MANHA
2025-01-08,Indeterminada,CRIMES DIVERSOS,CRIMES DIVERSOS: CRIMES INFORMÁTICOS,ES,COLATINA,SAO PEDRO,RESIDÊNCIA,crimes_informaticos,digital,2025.0,1.0,JAN,2025-01-01,2.0,QUA,False,,
2025-01-08,Indeterminada,CRIMES DIVERSOS,CRIMES DIVERSOS: CRIMES INFORMÁTICOS,ES,COLATINA,SAO PEDRO,RESIDÊNCIA,crimes_informaticos,digital,2025.0,1.0,JAN,2025-01-01,2.0,QUA,False,,
2025-01-08,10:47:00,CRIMES DIVERSOS,CRIMES DIVERSOS: CRIMES INFORMÁTICOS,ES,SAO MATEUS,OUTRO LOCAL,AMBIENTE WEB,crimes_informaticos,digital,2025.0,1.0,JAN,2025-01-01,2.0,QUA,False,10.0,MANHA
2025-01-08,15:30:00,CRIMES DIVERSOS,CRIMES DIVERSOS: CRIMES INFORMÁTICOS,ES,SAO MATEUS,OUTRO LOCAL,AMBIENTE WEB,crimes_informaticos,digital,2025.0,1.0,JAN,2025-01-01,2.0,QUA,False,15.0,TARDE
2025-01-08,19:00:00,CRIMES DIVERSOS,CRIMES DIVERSOS: CRIMES INFORMÁTICOS,ES,VITORIA,JARDIM DA PENHA,AMBIENTE WEB,crimes_informaticos,digital,2025.0,1.0,JAN,2025-01-01,2.0,QUA,False,19.0,NOITE
2025-01-08,15:30:00,CRIMES DIVERSOS,CRIMES DIVERSOS: CRIMES INFORMÁTICOS,ES,CARIACICA,SAO FRANCISCO,AMBIENTE WEB,crimes_informaticos,digital,2025.0,1.0,JAN,2025-01-01,2.0,QUA,False,15.0,TARDE
2025-01-08,Indeterminada,CRIMES DIVERSOS,CRIMES DIVERSOS: CRIMES INFORMÁTICOS,ES,CARIACICA,MORADA DE SANTA FE,AGÊNCIA BANCÁRIA,crimes_informaticos,digital,2025.0,1.0,JAN,2025-01-01,2.0,QUA,False,,
2025-01-08,09:48:00,CRIMES DIVERSOS,CRIMES DIVERSOS: CRIMES INFORMÁTICOS,ES,VIANA,ANTARTICA,AMBIENTE WEB,crimes_informaticos,digital,2025.0,1.0,JAN,2025-01-01,2.0,QUA,False,9.0,MANHA
2025-01-08,19:07:00,CRIMES DIVERSOS,CRIMES DIVERSOS: CRIMES INFORMÁTICOS,ES,VIANA,VALE DO SOL,RESIDÊNCIA,crimes_informaticos,digital,2025.0,1.0,JAN,2025-01-01,2.0,QUA,False,19.0,NOITE
2025-01-08,Indeterminada,CRIMES DIVERSOS,CRIMES DIVERSOS: CRIMES INFORMÁTICOS,ES,CONCEICAO DA BARRA,MARCILIO DIAS I,AMBIENTE WEB,crimes_informaticos,digital,2025.0,1.0,JAN,2025-01-01,2.0,QUA,False,,
2025-01-09,Indeterminada,CRIMES DIVERSOS,CRIMES DIVERSOS: CRIMES INFORMÁTICOS,ES,CARIACICA,MORADA DE SANTA FE,AGÊNCIA BANCÁRIA,crimes_informaticos,digital,2025.0,1.0,JAN,2025-01-01,3.0,QUI,False,,
2025-01-09,08:40:00,CRIMES DIVERSOS,CRIMES DIVERSOS: CRIMES INFORMÁTICOS,ES,CARIACICA,CAMPINA GRANDE,AMBIENTE WEB,crimes_informaticos,digital,2025.0,1.0,JAN,2025-01-01,3.0,QUI,False,8.0,MANHA
2025-01-09,Indeterminada,CRIMES DIVERSOS,CRIMES DIVERSOS: CRIMES INFORMÁTICOS,ES,VITORIA,JARDIM CAMBURI,AMBIENTE WEB,crimes_informaticos,digital,2025.0,1.0,JAN,2025-01-01,3.0,QUI,False,,
2025-01-09,13:24:00,CRIMES DIVERSOS,CRIMES DIVERSOS: CRIMES INFORMÁTICOS,ES,SERRA,PLANALTO SERRANO,AMBIENTE WEB,crimes_informaticos,digital,2025.0,1.0,JAN,2025-01-01,3.0,QUI,False,13.0,TARDE
2025-01-09,21:00:00,CRIMES DIVERSOS,CRIMES DIVERSOS: CRIMES INFORMÁTICOS,ES,VITORIA,JARDIM CAMBURI,AMBIENTE WEB,crimes_informaticos,digital,2025.0,1.0,JAN,2025-01-01,3.0,QUI,False,21.0,NOITE
2025-01-09,22:00:00,CRIMES DIVERSOS,CRIMES DIVERSOS: CRIMES INFORMÁTICOS,ES,VILA VELHA,COQUEIRAL DE ITAPARICA,AMBIENTE WEB,crimes_informaticos,digital,2025.0,1.0,JAN,2025-01-01,3.0,QUI,False,22.0,NOITE
2025-01-09,10:00:00,CRIMES DIVERSOS,CRIMES DIVERSOS: CRIMES INFORMÁTICOS,ES,VITORIA,SANTO ANTONIO,OUTRO LOCAL,crimes_informaticos,digital,2025.0,1.0,JAN,2025-01-01,3.0,QUI,False,10.0,MANHA
2025-01-09,16:00:00,CRIMES DIVERSOS,CRIMES DIVERSOS: CRIMES INFORMÁTICOS,ES,CARIACICA,CACAROCA,VEÍCULO,crimes_informaticos,digital,2025.0,1.0,JAN,2025-01-01,3.0,QUI,False,16.0,TARDE
2025-01-09,11:00:00,CRIMES DIVERSOS,CRIMES DIVERSOS: CRIMES INFORMÁTICOS,ES,COLATINA,OUTRO LOCAL,AMBIENTE WEB,crimes_informaticos,digital,2025.0,1.0,JAN,2025-01-01,3.0,QUI,False,11.0,MANHA
2025-01-09,22:00:00,CRIMES DIVERSOS,CRIMES DIVERSOS: CRIMES INFORMÁTICOS,ES,VILA VELHA,GUARANHUNS,AMBIENTE WEB,crimes_informaticos,digital,2025.0,1.0,JAN,2025-01-01,3.0,QUI,False,22.0,NOITE
2025-01-09,Indeterminada,CRIMES DIVERSOS,CRIMES DIVERSOS: CRIMES INFORMÁTICOS,ES,CARIACICA,SANTO ANDRE,AMBIENTE WEB,crimes_informaticos,digital,2025.0,1.0,JAN,2025-01-01,3.0,QUI,False,,
2025-01-09,18:30:00,CRIMES DIVERSOS,CRIMES DIVERSOS: CRIMES INFORMÁTICOS,ES,VITORIA,JARDIM CAMBURI,OUTRO LOCAL,crimes_informaticos,digital,2025.0,1.0,JAN,2025-01-01,3.0,QUI,False,18.0,NOITE
2025-01-09,13:00:00,CRIMES DIVERSOS,CRIMES DIVERSOS: CRIMES INFORMÁTICOS,ES,VILA VELHA,OUTRO LOCAL,AMBIENTE WEB,crimes_informaticos,digital,2025.0,1.0,JAN,2025-01-01,3.0,QUI,False,13.0,TARDE
2025-01-10,09:00:00,CRIMES DIVERSOS,CRIMES DIVERSOS: CRIMES INFORMÁTICOS,ES,SERRA,CIDADE CONTINENTAL,AMBIENTE WEB,crimes_informaticos,digital,2025.0,1.0,JAN,2025-01-01,4.0,SEX,False,9.0,MANHA
2025-01-10,16:30:00,CRIMES DIVERSOS,CRIMES DIVERSOS: CRIMES INFORMÁTICOS,ES,SERRA,BICANGA,RESIDÊNCIA,crimes_informaticos,digital,2025.0,1.0,JAN,2025-01-01,4.0,SEX,False,16.0,TARDE
2025-01-10,14:31:00,CRIMES DIVERSOS,CRIMES DIVERSOS: CRIMES INFORMÁTICOS,ES,CARIACICA,VILA CAPIXABA,OUTRO LOCAL,crimes_informaticos,digital,2025.0,1.0,JAN,2025-01-01,4.0,SEX,False,14.0,TARDE
2025-01-10,17:00:00,CRIMES DIVERSOS,CRIMES DIVERSOS: CRIMES INFORMÁTICOS,ES,COLATINA,OUTRO LOCAL,AMBIENTE WEB,crimes_informaticos,digital,2025.0,1.0,JAN,2025-01-01,4.0,SEX,False,17.0,TARDE
2025-01-10,18:45:00,CRIMES DIVERSOS,CRIMES DIVERSOS: CRIMES INFORMÁTICOS,ES,CARIACICA,RIO MARINHO,AMBIENTE WEB,crimes_informaticos,digital,2025.0,1.0,JAN,2025-01-01,4.0,SEX,False,18.0,NOITE
2025-01-10,16:30:00,CRIMES DIVERSOS,CRIMES DIVERSOS: CRIMES INFORMÁTICOS,ES,CONCEICAO DA BARRA,NOVA BETHANIA,RESIDÊNCIA,crimes_informaticos,digital,2025.0,1.0,JAN,2025-01-01,4.0,SEX,False,16.0,TARDE
2025-01-10,10:00:00,CRIMES DIVERSOS,CRIMES DIVERSOS: CRIMES INFORMÁTICOS,ES,VARGEM ALTA,PROSPERIDADE,AMBIENTE WEB,crimes_informaticos,digital,2025.0,1.0,JAN,2025-01-01,4.0,SEX,False,10.0,MANHA
2025-01-10,19:30:00,CRIMES DIVERSOS,CRIMES DIVERSOS: CRIMES INFORMÁTICOS,ES,VARGEM ALTA,SANTO ANTONIO,RESIDÊNCIA,crimes_informaticos,digital,2025.0,1.0,JAN,2025-01-01,4.0,SEX,False,19.0,NOITE
2025-01-10,Indeterminada,CRIMES DIVERSOS,CRIMES DIVERSOS: CRIMES INFORMÁTICOS,ES,CARIACICA,SANTO ANDRE,AMBIENTE WEB,crimes_informaticos,digital,2025.0,1.0,JAN,2025-01-01,4.0,SEX,False,,
2025-01-10,18:44:00,CRIMES DIVERSOS,CRIMES DIVERSOS: CRIMES INFORMÁTICOS,ES,CARIACICA,ITAPEMIRIM,AMBIENTE WEB,crimes_informaticos,digital,2025.0,1.0,JAN,2025-01-01,4.0,SEX,False,18.0,NOITE
2025-01-10,Indeterminada,CRIMES DIVERSOS,CRIMES DIVERSOS: CRIMES INFORMÁTICOS,ES,VITORIA,JARDIM CAMBURI,AMBIENTE WEB,crimes_informaticos,digital,2025.0,1.0,JAN,2025-01-01,4.0,SEX,False,,
2025-01-11,Indeterminada,CRIMES DIVERSOS,CRIMES DIVERSOS: CRIMES INFORMÁTICOS,ES,BARRA DE SAO FRANCISCO,BAIRRO CRUZEIRO,AMBIENTE WEB,crimes_informaticos,digital,2025.0,1.0,JAN,2025-01-01,5.0,SAB,True,,
2025-01-11,Indeterminada,CRIMES DIVERSOS,CRIMES DIVERSOS: CRIMES INFORMÁTICOS,ES,GUARAPARI,PRAIA DO MORRO,AMBIENTE WEB,crimes_informaticos,digital,2025.0,1.0,JAN,2025-01-01,5.0,SAB,True,,
2025-01-11,22:00:00,CRIMES DIVERSOS,CRIMES DIVERSOS: CRIMES INFORMÁTICOS,ES,VILA VELHA,ALVORADA,OUTRO LOCAL,crimes_informaticos,digital,2025.0,1.0,JAN,2025-01-01,5.0,SAB,True,22.0,NOITE
2025-01-11,Indeterminada,CRIMES DIVERSOS,CRIMES DIVERSOS: CRIMES INFORMÁTICOS,ES,VITORIA,DO QUADRO,AMBIENTE WEB,crimes_informaticos,digital,2025.0,1.0,JAN,2025-01-01,5.0,SAB,True,,
2025-01-11,13:00:00,CRIMES DIVERSOS,CRIMES DIVERSOS: CRIMES INFORMÁTICOS,ES,SANTA TERESA,OUTRO LOCAL,OUTRO LOCAL,crimes_informaticos,digital,2025.0,1.0,JAN,2025-01-01,5.0,SAB,True,13.0,TARDE
2025-01-12,15:27:00,CRIMES DIVERSOS,CRIMES DIVERSOS: CRIMES INFORMÁTICOS,ES,VILA VELHA,INDUSTRIAL,OUTRO LOCAL,crimes_informaticos,digital,2025.0,1.0,JAN,2025-01-01,6.0,DOM,True,15.0,TARDE
2025-01-12,13:20:00,CRIMES DIVERSOS,CRIMES DIVERSOS: CRIMES INFORMÁTICOS,ES,VILA VELHA,COBI DE CIMA,OUTRO LOCAL,crimes_informaticos,digital,2025.0,1.0,JAN,2025-01-01,6.0,DOM,True,13.0,TARDE
2025-01-12,07:00:00,CRIMES DIVERSOS,CRIMES DIVERSOS: CRIMES INFORMÁTICOS,ES,VITORIA,JARDIM CAMBURI,AMBIENTE WEB,crimes_informaticos,digital,2025.0,1.0,JAN,2025-01-01,6.0,DOM,True,7.0,MANHA
2025-01-12,16:33:00,CRIMES DIVERSOS,CRIMES DIVERSOS: CRIMES INFORMÁTICOS,ES,CARIACICA,ROSA DA PENHA,AMBIENTE WEB,crimes_informaticos,digital,2025.0,1.0,JAN,2025-01-01,6.0,DOM,True,16.0,TARDE
2025-01-12,03:09:00,CRIMES DIVERSOS,CRIMES DIVERSOS: CRIMES INFORMÁTICOS,ES,SERRA,PARQUE RESIDENCIAL TUBARAO,OUTRO LOCAL,crimes_informaticos,digital,2025.0,1.0,JAN,2025-01-01,6.0,DOM,True,3.0,MADRUGADA
2025-01-12,15:00:00,CRIMES DIVERSOS,CRIMES DIVERSOS: CRIMES INFORMÁTICOS,ES,VITORIA,JARDIM DA PENHA,AMBIENTE WEB,crimes_informaticos,digital,2025.0,1.0,JAN,2025-01-01,6.0,DOM,True,15.0,TARDE
2025-01-12,Indeterminada,CRIMES DIVERSOS,CRIMES DIVERSOS: CRIMES INFORMÁTICOS,ES,VILA VELHA,PRAIA DE ITAPARICA,AMBIENTE WEB,crimes_informaticos,digital,2025.0,1.0,JAN,2025-01-01,6.0,DOM,True,,
2025-01-12,Indeterminada,CRIMES DIVERSOS,CRIMES DIVERSOS: CRIMES INFORMÁTICOS,ES,SAO MATEUS,OUTRO LOCAL,AMBIENTE WEB,crimes_informaticos,digital,2025.0,1.0,JAN,2025-01-01,6.0,DOM,True,,
2025-02-01,14:00:00,CRIMES DIVERSOS,CRIMES DIVERSOS: CRIMES INFORMÁTICOS,ES,VITORIA,JARDIM CAMBURI,OUTRO LOCAL,crimes_informaticos,digital,2025.0,2.0,FEV,2025-02-01,5.0,SAB,True,14.0,TARDE
2025-02-01,14:00:00,CRIMES DIVERSOS,CRIMES DIVERSOS: CRIMES INFORMÁTICOS,ES,VITORIA,JARDIM CAMBURI,AMBIENTE WEB,crimes_informaticos,digital,2025.0,2.0,FEV,2025-02-01,5.0,SAB,True,14.0,TARDE
2025-02-01,01:02:00,CRIMES DIVERSOS,CRIMES DIVERSOS: CRIMES INFORMÁTICOS,ES,CARIACICA,OPERARIO,AMBIENTE WEB,crimes_informaticos,digital,2025.0,2.0,FEV,2025-02-01,5.0,SAB,True,1.0,MADRUGADA
2025-02-01,22:00:00,CRIMES DIVERSOS,CRIMES DIVERSOS: CRIMES INFORMÁTICOS,ES,VITORIA,OUTRO LOCAL,OUTRO LOCAL,crimes_informaticos,digital,2025.0,2.0,FEV,2025-02-01,5.0,SAB,True,22.0,NOITE
2025-02-01,19:30:00,CRIMES DIVERSOS,CRIMES DIVERSOS: CRIMES INFORMÁTICOS,ES,VITORIA,JARDIM DA PENHA,AMBIENTE WEB,crimes_informaticos,digital,2025.0,2.0,FEV,2025-02-01,5.0,SAB,True,19.0,NOITE
2025-02-01,10:00:00,CRIMES DIVERSOS,CRIMES DIVERSOS: CRIMES INFORMÁTICOS,ES,COLATINA,HONORIO FRAGA,AMBIENTE WEB,crimes_informaticos,digital,2025.0,2.0,FEV,2025-02-01,5.0,SAB,True,10.0,MANHA
2025-02-01,15:29:00,CRIMES DIVERSOS,CRIMES DIVERSOS: CRIMES INFORMÁTICOS,ES,ARACRUZ,COQUEIRAL,OUTRO LOCAL,crimes_informaticos,digital,2025.0,2.0,FEV,2025-02-01,5.0,SAB,True,15.0,TARDE
2025-02-01,Indeterminada,CRIMES DIVERSOS,CRIMES DIVERSOS: CRIMES INFORMÁTICOS,ES,VILA VELHA,ALECRIM,AMBIENTE WEB,crimes_informaticos,digital,2025.0,2.0,FEV,2025-02-01,5.0,SAB,True,,
2025-02-01,11:00:00,CRIMES DIVERSOS,CRIMES DIVERSOS: CRIMES INFORMÁTICOS,ES,CASTELO,ARACUI,COMÉRCIO,crimes_informaticos,digital,2025.0,2.0,FEV,2025-02-01,5.0,SAB,True,11.0,MANHA
2025-02-01,05:52:00,CRIMES DIVERSOS,CRIMES DIVERSOS: CRIMES INFORMÁTICOS,ES,CARIACICA,PORTO DE SANTANA,AMBIENTE WEB,crimes_informaticos,digital,2025.0,2.0,FEV,2025-02-01,5.0,SAB,True,5.0,MADRUGADA
2025-02-01,Indeterminada,CRIMES DIVERSOS,CRIMES DIVERSOS: CRIMES INFORMÁTICOS,ES,SAO MATEUS,OUTRO LOCAL,OUTRO LOCAL,crimes_informaticos,digital,2025.0,2.0,FEV,2025-02-01,5.0,SAB,True,,
2025-02-02,Indeterminada,CRIMES DIVERSOS,CRIMES DIVERSOS: CRIMES INFORMÁTICOS,ES,VITORIA,SAO PEDRO,AMBIENTE WEB,crimes_informaticos,digital,2025.0,2.0,FEV,2025-02-01,6.0,DOM,True,,
2025-02-02,07:42:00,CRIMES DIVERSOS,CRIMES DIVERSOS: CRIMES INFORMÁTICOS,ES,VITORIA,JARDIM CAMBURI,RESIDÊNCIA,crimes_informaticos,digital,2025.0,2.0,FEV,2025-02-01,6.0,DOM,True,7.0,MANHA
2025-02-03,13:20:00,CRIMES DIVERSOS,CRIMES DIVERSOS: CRIMES INFORMÁTICOS,ES,ALFREDO CHAVES,IMIGRANTE,AMBIENTE WEB,crimes_informaticos,digital,2025.0,2.0,FEV,2025-02-01,0.0,SEG,False,13.0,TARDE
2025-02-03,12:26:00,CRIMES DIVERSOS,CRIMES DIVERSOS: CRIMES INFORMÁTICOS,ES,VITORIA,SANTA LUCIA,AMBIENTE WEB,crimes_informaticos,digital,2025.0,2.0,FEV,2025-02-01,0.0,SEG,False,12.0,TARDE
2025-02-03,Indeterminada,CRIMES DIVERSOS,CRIMES DIVERSOS: CRIMES INFORMÁTICOS,ES,VILA VELHA,COBI DE BAIXO,AMBIENTE WEB,crimes_informaticos,digital,2025.0,2.0,FEV,2025-02-01,0.0,SEG,False,,
2025-02-03,15:00:00,CRIMES DIVERSOS,CRIMES DIVERSOS: CRIMES INFORMÁTICOS,ES,VITORIA,JARDIM CAMBURI,OUTRO LOCAL,crimes_informaticos,digital,2025.0,2.0,FEV,2025-02-01,0.0,SEG,False,15.0,TARDE
2025-02-03,21:00:00,CRIMES DIVERSOS,CRIMES DIVERSOS: CRIMES INFORMÁTICOS,ES,VILA VELHA,ILHA DAS FLORES,AMBIENTE WEB,crimes_informaticos,digital,2025.0,2.0,FEV,2025-02-01,0.0,SEG,False,21.0,NOITE
2025-02-03,19:43:00,CRIMES DIVERSOS,CRIMES DIVERSOS: CRIMES INFORMÁTICOS,ES,COLATINA,COLUMBIA,RESIDÊNCIA,crimes_informaticos,digital,2025.0,2.0,FEV,2025-02-01,0.0,SEG,False,19.0,NOITE
2025-02-03,Indeterminada,CRIMES DIVERSOS,CRIMES DIVERSOS: CRIMES INFORMÁTICOS,ES,VILA VELHA,CENTRO VILA VELHA,AMBIENTE WEB,crimes_informaticos,digital,2025.0,2.0,FEV,2025-02-01,0.0,SEG,False,,
2025-02-03,00:00:00,CRIMES DIVERSOS,CRIMES DIVERSOS: CRIMES INFORMÁTICOS,ES,VIANA,MARCILIO DE NORONHA,AMBIENTE WEB,crimes_informaticos,digital,2025.0,2.0,FEV,2025-02-01,0.0,SEG,False,0.0,MADRUGADA
2025-02-03,18:20:00,CRIMES DIVERSOS,CRIMES DIVERSOS: CRIMES INFORMÁTICOS,ES,VILA VELHA,SANTA RITA,AMBIENTE WEB,crimes_informaticos,digital,2025.0,2.0,FEV,2025-02-01,0.0,SEG,False,18.0,NOITE
2025-02-03,Indeterminada,CRIMES DIVERSOS,CRIMES DIVERSOS: CRIMES INFORMÁTICOS,ES,SAO MATEUS,OUTRO LOCAL,OUTRO LOCAL,crimes_informaticos,digital,2025.0,2.0,FEV,2025-02-01,0.0,SEG,False,,
2025-02-03,Indeterminada,CRIMES DIVERSOS,CRIMES DIVERSOS: CRIMES INFORMÁTICOS,ES,SAO MATEUS,OUTRO LOCAL,AMBIENTE WEB,crimes_informaticos,digital,2025.0,2.0,FEV,2025-02-01,0.0,SEG,False,,
2025-02-03,Indeterminada,CRIMES DIVERSOS,CRIMES DIVERSOS: CRIMES INFORMÁTICOS,ES,VITORIA,SAO PEDRO,VIA PÚBLICA,crimes_informaticos,digital,2025.0,2.0,FEV,2025-02-01,0.0,SEG,False,,
2025-02-03,10:00:00,CRIMES DIVERSOS,CRIMES DIVERSOS: CRIMES INFORMÁTICOS,ES,CARIACICA,SANTA BARBARA,OUTRO LOCAL,crimes_informaticos,digital,2025.0,2.0,FEV,2025-02-01,0.0,SEG,False,10.0,MANHA
2025-02-04,Indeterminada,CRIMES DIVERSOS,CRIMES DIVERSOS: CRIMES INFORMÁTICOS,ES,SAO MATEUS,GURIRI,AMBIENTE WEB,crimes_informaticos,digital,2025.0,2.0,FEV,2025-02-01,1.0,TER,False,,
2025-02-04,Indeterminada,CRIMES DIVERSOS,CRIMES DIVERSOS: CRIMES INFORMÁTICOS,ES,VITORIA,GOIABEIRAS,AMBIENTE WEB,crimes_informaticos,digital,2025.0,2.0,FEV,2025-02-01,1.0,TER,False,,
2025-02-04,22:00:00,CRIMES DIVERSOS,CRIMES DIVERSOS: CRIMES INFORMÁTICOS,ES,BAIXO GUANDU,ZONA RURAL,RESIDÊNCIA,crimes_informaticos,digital,2025.0,2.0,FEV,2025-02-01,1.0,TER,False,22.0,NOITE
2025-02-04,16:30:00,CRIMES DIVERSOS,CRIMES DIVERSOS: CRIMES INFORMÁTICOS,ES,COLATINA,OUTRO LOCAL,OUTRO LOCAL,crimes_informaticos,digital,2025.0,2.0,FEV,2025-02-01,1.0,TER,False,16.0,TARDE
2025-02-04,Indeterminada,CRIMES DIVERSOS,CRIMES DIVERSOS: CRIMES INFORMÁTICOS,ES,SERRA,MORADA DE LARANJEIRAS,AMBIENTE WEB,crimes_informaticos,digital,2025.0,2.0,FEV,2025-02-01,1.0,TER,False,,
2025-02-04,07:00:00,CRIMES DIVERSOS,CRIMES DIVERSOS: CRIMES INFORMÁTICOS,ES,VITORIA,JARDIM CAMBURI,AMBIENTE WEB,crimes_informaticos,digital,2025.0,2.0,FEV,2025-02-01,1.0,TER,False,7.0,MANHA
2025-02-04,01:00:00,CRIMES DIVERSOS,CRIMES DIVERSOS: CRIMES INFORMÁTICOS,ES,SERRA,COLINA DE LARANJEIRAS,AMBIENTE WEB,crimes_informaticos,digital,2025.0,2.0,FEV,2025-02-01,1.0,TER,False,1.0,MADRUGADA
2025-02-04,10:56:00,CRIMES DIVERSOS,CRIMES DIVERSOS: CRIMES INFORMÁTICOS,ES,VITORIA,ENSEADA DO SUA,AMBIENTE WEB,crimes_informaticos,digital,2025.0,2.0,FEV,2025-02-01,1.0,TER,False,10.0,MANHA
2025-02-05,00:11:00,CRIMES DIVERSOS,CRIMES DIVERSOS: CRIMES INFORMÁTICOS,ES,ARACRUZ,JARDINS,OUTRO LOCAL,crimes_informaticos,digital,2025.0,2.0,FEV,2025-02-01,2.0,QUA,False,0.0,MADRUGADA
2025-02-05,10:20:00,CRIMES DIVERSOS,CRIMES DIVERSOS: CRIMES INFORMÁTICOS,ES,COLATINA,HONORIO FRAGA,RESIDÊNCIA,crimes_informaticos,digital,2025.0,2.0,FEV,2025-02-01,2.0,QUA,False,10.0,MANHA
2025-02-05,14:20:00,CRIMES DIVERSOS,CRIMES DIVERSOS: CRIMES INFORMÁTICOS,ES,COLATINA,FRANCISCO SIMONASSI,RESIDÊNCIA,crimes_informaticos,digital,2025.0,2.0,FEV,2025-02-01,2.0,QUA,False,14.0,TARDE
2025-02-05,Indeterminada,CRIMES DIVERSOS,CRIMES DIVERSOS: CRIMES INFORMÁTICOS,ES,VITORIA,JARDIM CAMBURI,AMBIENTE WEB,crimes_informaticos,digital,2025.0,2.0,FEV,2025-02-01,2.0,QUA,False,,
2025-02-05,Indeterminada,CRIMES DIVERSOS,CRIMES DIVERSOS: CRIMES INFORMÁTICOS,ES,VITORIA,SAO PEDRO,AMBIENTE WEB,crimes_informaticos,digital,2025.0,2.0,FEV,2025-02-01,2.0,QUA,False,,
2025-02-05,Indeterminada,CRIMES DIVERSOS,CRIMES DIVERSOS: CRIMES INFORMÁTICOS,ES,VITORIA,CONQUISTA,AMBIENTE WEB,crimes_informaticos,digital,2025.0,2.0,FEV,2025-02-01,2.0,QUA,False,,
2025-02-05,20:30:00,CRIMES DIVERSOS,CRIMES DIVERSOS: CRIMES INFORMÁTICOS,ES,CACHOEIRO DE ITAPEMIRIM,CAICARA,AMBIENTE WEB,crimes_informaticos,digital,2025.0,2.0,FEV,2025-02-01,2.0,QUA,False,20.0,NOITE
2025-02-05,Indeterminada,CRIMES DIVERSOS,CRIMES DIVERSOS: CRIMES INFORMÁTICOS,ES,VITORIA,BONFIM,AMBIENTE WEB,crimes_informaticos,digital,2025.0,2.0,FEV,2025-02-01,2.0,QUA,False,,
2025-02-05,16:00:00,CRIMES DIVERSOS,CRIMES DIVERSOS: CRIMES INFORMÁTICOS,ES,CASTELO,VILA NOVA,AMBIENTE WEB,crimes_informaticos,digital,2025.0,2.0,FEV,2025-02-01,2.0,QUA,False,16.0,TARDE
2025-02-05,14:42:00,CRIMES DIVERSOS,CRIMES DIVERSOS: CRIMES INFORMÁTICOS,ES,CARIACICA,FLEXAL I,RESIDÊNCIA,crimes_informaticos,digital,2025.0,2.0,FEV,2025-02-01,2.0,QUA,False,14.0,TARDE
2025-02-05,14:00:00,CRIMES DIVERSOS,CRIMES DIVERSOS: CRIMES INFORMÁTICOS,ES,SERRA,JARDIM DA SERRA,COMÉRCIO,crimes_informaticos,digital,2025.0,2.0,FEV,2025-02-01,2.0,QUA,False,14.0,TARDE
2025-02-05,12:00:00,CRIMES DIVERSOS,CRIMES DIVERSOS: CRIMES INFORMÁTICOS,ES,SERRA,JOSE DE ANCHIETA,AMBIENTE WEB,crimes_informaticos,digital,2025.0,2.0,FEV,2025-02-01,2.0,QUA,False,12.0,TARDE
2025-02-05,17:00:00,CRIMES DIVERSOS,CRIMES DIVERSOS: CRIMES INFORMÁTICOS,ES,COLATINA,HONORIO FRAGA,RESIDÊNCIA,crimes_informaticos,digital,2025.0,2.0,FEV,2025-02-01,2.0,QUA,False,17.0,TARDE
2025-02-05,Indeterminada,CRIMES DIVERSOS,CRIMES DIVERSOS: CRIMES INFORMÁTICOS,ES,VITORIA,REPUBLICA,AMBIENTE WEB,crimes_informaticos,digital,2025.0,2.0,FEV,2025-02-01,2.0,QUA,False,,
2025-02-05,Indeterminada,CRIMES DIVERSOS,CRIMES DIVERSOS: CRIMES INFORMÁTICOS,ES,VITORIA,ENSEADA DO SUA,AMBIENTE WEB,crimes_informaticos,digital,2025.0,2.0,FEV,2025-02-01,2.0,QUA,False,,
2025-02-05,20:00:00,CRIMES DIVERSOS,CRIMES DIVERSOS: CRIMES INFORMÁTICOS,ES,VILA VELHA,OUTRO LOCAL,OUTRO LOCAL,crimes_informaticos,digital,2025.0,2.0,FEV,2025-02-01,2.0,QUA,False,20.0,NOITE
2025-02-05,13:49:00,CRIMES DIVERSOS,CRIMES DIVERSOS: CRIMES INFORMÁTICOS,ES,VITORIA,CONQUISTA,AMBIENTE WEB,crimes_informaticos,digital,2025.0,2.0,FEV,2025-02-01,2.0,QUA,False,13.0,TARDE
2025-02-05,15:45:00,CRIMES DIVERSOS,CRIMES DIVERSOS: CRIMES INFORMÁTICOS,ES,SERRA,CIDADE CONTINENTAL,COMÉRCIO,crimes_informaticos,digital,2025.0,2.0,FEV,2025-02-01,2.0,QUA,False,15.0,TARDE
2025-02-06,15:00:00,CRIMES DIVERSOS,CRIMES DIVERSOS: CRIMES INFORMÁTICOS,ES,VILA VELHA,OUTRO LOCAL,AMBIENTE WEB,crimes_informaticos,digital,2025.0,2.0,FEV,2025-02-01,3.0,QUI,False,15.0,TARDE
2025-02-06,19:00:00,CRIMES DIVERSOS,CRIMES DIVERSOS: CRIMES INFORMÁTICOS,ES,VITORIA,JARDIM CAMBURI,AMBIENTE WEB,crimes_informaticos,digital,2025.0,2.0,FEV,2025-02-01,3.0,QUI,False,19.0,NOITE
2025-02-06,11:00:00,CRIMES DIVERSOS,CRIMES DIVERSOS: CRIMES INFORMÁTICOS,ES,SAO MATEUS,OUTRO LOCAL,AMBIENTE WEB,crimes_informaticos,digital,2025.0,2.0,FEV,2025-02-01,3.0,QUI,False,11.0,MANHA
2025-02-06,Indeterminada,CRIMES DIVERSOS,CRIMES DIVERSOS: CRIMES INFORMÁTICOS,ES,CARIACICA,SAO GERALDO,RESIDÊNCIA,crimes_informaticos,digital,2025.0,2.0,FEV,2025-02-01,3.0,QUI,False,,
2025-02-06,18:05:00,CRIMES DIVERSOS,CRIMES DIVERSOS: CRIMES INFORMÁTICOS,ES,VITORIA,JARDIM CAMBURI,AMBIENTE WEB,crimes_informaticos,digital,2025.0,2.0,FEV,2025-02-01,3.0,QUI,False,18.0,NOITE
2025-02-06,16:30:00,CRIMES DIVERSOS,CRIMES DIVERSOS: CRIMES INFORMÁTICOS,ES,SERRA,COLINA DE LARANJEIRAS,AMBIENTE WEB,crimes_informaticos,digital,2025.0,2.0,FEV,2025-02-01,3.0,QUI,False,16.0,TARDE
2025-02-06,12:50:00,CRIMES DIVERSOS,CRIMES DIVERSOS: CRIMES INFORMÁTICOS,ES,VILA VELHA,VILA BATISTA,ESCOLA,crimes_informaticos,digital,2025.0,2.0,FEV,2025-02-01,3.0,QUI,False,12.0,TARDE
2025-02-06,17:30:00,CRIMES DIVERSOS,CRIMES DIVERSOS: CRIMES INFORMÁTICOS,ES,VILA VELHA,ALECRIM,OUTRO LOCAL,crimes_informaticos,digital,2025.0,2.0,FEV,2025-02-01,3.0,QUI,False,17.0,TARDE
2025-02-06,10:00:00,CRIMES DIVERSOS,CRIMES DIVERSOS: CRIMES INFORMÁTICOS,ES,VILA VELHA,ITAPOA,AMBIENTE WEB,crimes_informaticos,digital,2025.0,2.0,FEV,2025-02-01,3.0,QUI,False,10.0,MANHA
2025-02-06,10:00:00,CRIMES DIVERSOS,CRIMES DIVERSOS: CRIMES INFORMÁTICOS,ES,ICONHA,CENTRO,OUTRO LOCAL,crimes_informaticos,digital,2025.0,2.0,FEV,2025-02-01,3.0,QUI,False,10.0,MANHA
2025-02-06,16:00:00,CRIMES DIVERSOS,CRIMES DIVERSOS: CRIMES INFORMÁTICOS,ES,VILA VELHA,OUTRO LOCAL,AMBIENTE WEB,crimes_informaticos,digital,2025.0,2.0,FEV,2025-02-01,3.0,QUI,False,16.0,TARDE
2025-02-07,11:30:00,CRIMES DIVERSOS,CRIMES DIVERSOS: CRIMES INFORMÁTICOS,ES,VITORIA,JARDIM CAMBURI,AMBIENTE WEB,crimes_informaticos,digital,2025.0,2.0,FEV,2025-02-01,4.0,SEX,False,11.0,MANHA
2025-02-07,Indeterminada,CRIMES DIVERSOS,CRIMES DIVERSOS: CRIMES INFORMÁTICOS,ES,VITORIA,PRAIA DO CANTO,AMBIENTE WEB,crimes_informaticos,digital,2025.0,2.0,FEV,2025-02-01,4.0,SEX,False,,
2025-02-07,Indeterminada,CRIMES DIVERSOS,CRIMES DIVERSOS: CRIMES INFORMÁTICOS,ES,PINHEIROS,CENTRO,AMBIENTE WEB,crimes_informaticos,digital,2025.0,2.0,FEV,2025-02-01,4.0,SEX,False,,
2025-02-07,11:00:00,CRIMES DIVERSOS,CRIMES DIVERSOS: CRIMES INFORMÁTICOS,ES,CARIACICA,VASCO DA GAMA,OUTRO LOCAL,crimes_informaticos,digital,2025.0,2.0,FEV,2025-02-01,4.0,SEX,False,11.0,MANHA
2025-02-07,11:50:00,CRIMES DIVERSOS,CRIMES DIVERSOS: CRIMES INFORMÁTICOS,ES,SERRA,BICANGA,AMBIENTE WEB,crimes_informaticos,digital,2025.0,2.0,FEV,2025-02-01,4.0,SEX,False,11.0,MANHA
2025-02-07,Indeterminada,CRIMES DIVERSOS,CRIMES DIVERSOS: CRIMES INFORMÁTICOS,ES,VILA VELHA,COQUEIRAL DE ITAPARICA,AMBIENTE WEB,crimes_informaticos,digital,2025.0,2.0,FEV,2025-02-01,4.0,SEX,False,,
2025-02-08,10:00:00,CRIMES DIVERSOS,CRIMES DIVERSOS: CRIMES INFORMÁTICOS,ES,ARACRUZ,COQUEIRAL,RESIDÊNCIA,crimes_informaticos,digital,2025.0,2.0,FEV,2025-02-01,5.0,SAB,True,10.0,MANHA
2025-02-08,Indeterminada,CRIMES DIVERSOS,CRIMES DIVERSOS: CRIMES INFORMÁTICOS,ES,VITORIA,FONTE GRANDE,AMBIENTE WEB,crimes_informaticos,digital,2025.0,2.0,FEV,2025-02-01,5.0,SAB,True,,
2025-02-08,15:00:00,CRIMES DIVERSOS,CRIMES DIVERSOS: CRIMES INFORMÁTICOS,ES,VITORIA,JARDIM CAMBURI,RESIDÊNCIA,crimes_informaticos,digital,2025.0,2.0,FEV,2025-02-01,5.0,SAB,True,15.0,TARDE
2025-02-08,Indeterminada,CRIMES DIVERSOS,CRIMES DIVERSOS: CRIMES INFORMÁTICOS,ES,VITORIA,ITARARE,AMBIENTE WEB,crimes_informaticos,digital,2025.0,2.0,FEV,2025-02-01,5.0,SAB,True,,
2025-02-08,Indeterminada,CRIMES DIVERSOS,CRIMES DIVERSOS: CRIMES INFORMÁTICOS,ES,SAO MATEUS,OUTRO LOCAL,AMBIENTE WEB,crimes_informaticos,digital,2025.0,2.0,FEV,2025-02-01,5.0,SAB,True,,
2025-02-09,Indeterminada,CRIMES DIVERSOS,CRIMES DIVERSOS: CRIMES INFORMÁTICOS,ES,VITORIA,MARUIPE,AMBIENTE WEB,crimes_informaticos,digital,2025.0,2.0,FEV,2025-02-01,6.0,DOM,True,,
2025-02-09,17:29:00,CRIMES DIVERSOS,CRIMES DIVERSOS: CRIMES INFORMÁTICOS,ES,ANCHIETA,ZONA RURAL,AMBIENTE WEB,crimes_informaticos,digital,2025.0,2.0,FEV,2025-02-01,6.0,DOM,True,17.0,TARDE
2025-02-09,02:16:00,CRIMES DIVERSOS,CRIMES DIVERSOS: CRIMES INFORMÁTICOS,ES,SANTA TERESA,DOIS PINHEIROS,AMBIENTE WEB,crimes_informaticos,digital,2025.0,2.0,FEV,2025-02-01,6.0,DOM,True,2.0,MADRUGADA
2025-02-09,21:04:00,CRIMES DIVERSOS,CRIMES DIVERSOS: CRIMES INFORMÁTICOS,ES,MONTANHA,CENTRO,AMBIENTE WEB,crimes_informaticos,digital,2025.0,2.0,FEV,2025-02-01,6.0,DOM,True,21.0,NOITE
2025-02-09,07:00:00,CRIMES DIVERSOS,CRIMES DIVERSOS: CRIMES INFORMÁTICOS,ES,VILA VELHA,OUTRO LOCAL,OUTRO LOCAL,crimes_informaticos,digital,2025.0,2.0,FEV,2025-02-01,6.0,DOM,True,7.0,MANHA
2025-02-10,11:30:00,CRIMES DIVERSOS,CRIMES DIVERSOS: CRIMES INFORMÁTICOS,ES,COLATINA,SANTO ANTONIO,AMBIENTE WEB,crimes_informaticos,digital,2025.0,2.0,FEV,2025-02-01,0.0,SEG,False,11.0,MANHA
2025-02-10,19:00:00,CRIMES DIVERSOS,CRIMES DIVERSOS: CRIMES INFORMÁTICOS,ES,PANCAS,CENTRO,AMBIENTE WEB,crimes_informaticos,digital,2025.0,2.0,FEV,2025-02-01,0.0,SEG,False,19.0,NOITE
2025-02-10,15:00:00,CRIMES DIVERSOS,CRIMES DIVERSOS: CRIMES INFORMÁTICOS,ES,PANCAS,LIRIO DOS VALES,AMBIENTE WEB,crimes_informaticos,digital,2025.0,2.0,FEV,2025-02-01,0.0,SEG,False,15.0,TARDE
2025-02-10,08:50:00,CRIMES DIVERSOS,CRIMES DIVERSOS: CRIMES INFORMÁTICOS,ES,VITORIA,JARDIM CAMBURI,RESIDÊNCIA,crimes_informaticos,digital,2025.0,2.0,FEV,2025-02-01,0.0,SEG,False,8.0,MANHA
2025-02-10,21:06:00,CRIMES DIVERSOS,CRIMES DIVERSOS: CRIMES INFORMÁTICOS,ES,VITORIA,JARDIM CAMBURI,AMBIENTE WEB,crimes_informaticos,digital,2025.0,2.0,FEV,2025-02-01,0.0,SEG,False,21.0,NOITE
2025-02-10,20:50:00,CRIMES DIVERSOS,CRIMES DIVERSOS: CRIMES INFORMÁTICOS,ES,SERRA,BELVEDERE,AMBIENTE WEB,crimes_informaticos,digital,2025.0,2.0,FEV,2025-02-01,0.0,SEG,False,20.0,NOITE
2025-02-10,Indeterminada,CRIMES DIVERSOS,CRIMES DIVERSOS: CRIMES INFORMÁTICOS,ES,CARIACICA,NOVA ROSA DA PENHA,AMBIENTE WEB,crimes_informaticos,digital,2025.0,2.0,FEV,2025-02-01,0.0,SEG,False,,
2025-02-10,Indeterminada,CRIMES DIVERSOS,CRIMES DIVERSOS: CRIMES INFORMÁTICOS,ES,VITORIA,DA PENHA,AMBIENTE WEB,crimes_informaticos,digital,2025.0,2.0,FEV,2025-02-01,0.0,SEG,False,,
2025-02-10,11:00:00,CRIMES DIVERSOS,CRIMES DIVERSOS: CRIMES INFORMÁTICOS,ES,VITORIA,SANTA MARTHA,AMBIENTE WEB,crimes_informaticos,digital,2025.0,2.0,FEV,2025-02-01,0.0,SEG,False,11.0,MANHA
2025-02-10,14:20:00,CRIMES DIVERSOS,CRIMES DIVERSOS: CRIMES INFORMÁTICOS,ES,VILA VELHA,VALE ENCANTADO,OUTRO LOCAL,crimes_informaticos,digital,2025.0,2.0,FEV,2025-02-01,0.0,SEG,False,14.0,TARDE
2025-02-10,08:39:00,CRIMES DIVERSOS,CRIMES DIVERSOS: CRIMES INFORMÁTICOS,ES,CARIACICA,EXPEDITO,AMBIENTE WEB,crimes_informaticos,digital,2025.0,2.0,FEV,2025-02-01,0.0,SEG,False,8.0,MANHA
2025-02-10,17:58:00,CRIMES DIVERSOS,CRIMES DIVERSOS: CRIMES INFORMÁTICOS,ES,MANTENOPOLIS,CENTRO,AMBIENTE WEB,crimes_informaticos,digital,2025.0,2.0,FEV,2025-02-01,0.0,SEG,False,17.0,TARDE
2025-02-10,Indeterminada,CRIMES DIVERSOS,CRIMES DIVERSOS: CRIMES INFORMÁTICOS,ES,SAO MATEUS,OUTRO LOCAL,AMBIENTE WEB,crimes_informaticos,digital,2025.0,2.0,FEV,2025-02-01,0.0,SEG,False,,
2025-02-11,09:30:00,CRIMES DIVERSOS,CRIMES DIVERSOS: CRIMES INFORMÁTICOS,ES,VITORIA,JARDIM CAMBURI,RESIDÊNCIA,crimes_informaticos,digital,2025.0,2.0,FEV,2025-02-01,1.0,TER,False,9.0,MANHA
2025-02-11,12:00:00,CRIMES DIVERSOS,CRIMES DIVERSOS: CRIMES INFORMÁTICOS,ES,BARRA DE SAO FRANCISCO,PAULISTA,AMBIENTE WEB,crimes_informaticos,digital,2025.0,2.0,FEV,2025-02-01,1.0,TER,False,12.0,TARDE
2025-02-11,10:30:00,CRIMES DIVERSOS,CRIMES DIVERSOS: CRIMES INFORMÁTICOS,ES,ANCHIETA,OUTRO LOCAL,AMBIENTE WEB,crimes_informaticos,digital,2025.0,2.0,FEV,2025-02-01,1.0,TER,False,10.0,MANHA
2025-02-11,Indeterminada,CRIMES DIVERSOS,CRIMES DIVERSOS: CRIMES INFORMÁTICOS,ES,VITORIA,CONQUISTA,AMBIENTE WEB,crimes_informaticos,digital,2025.0,2.0,FEV,2025-02-01,1.0,TER,False,,
2025-02-11,12:20:00,CRIMES DIVERSOS,CRIMES DIVERSOS: CRIMES INFORMÁTICOS,ES,COLATINA,SAO SILVANO,COMÉRCIO,crimes_informaticos,digital,2025.0,2.0,FEV,2025-02-01,1.0,TER,False,12.0,TARDE
2025-02-11,17:04:00,CRIMES DIVERSOS,CRIMES DIVERSOS: CRIMES INFORMÁTICOS,ES,VITORIA,JARDIM DA PENHA,AMBIENTE WEB,crimes_informaticos,digital,2025.0,2.0,FEV,2025-02-01,1.0,TER,False,17.0,TARDE
2025-02-11,09:02:00,CRIMES DIVERSOS,CRIMES DIVERSOS: CRIMES INFORMÁTICOS,ES,ANCHIETA,JUSTICA,RESIDÊNCIA,crimes_informaticos,digital,2025.0,2.0,FEV,2025-02-01,1.0,TER,False,9.0,MANHA
2025-02-11,Indeterminada,CRIMES DIVERSOS,CRIMES DIVERSOS: CRIMES INFORMÁTICOS,ES,CARIACICA,SAO CONRADO,AMBIENTE WEB,crimes_informaticos,digital,2025.0,2.0,FEV,2025-02-01,1.0,TER,False,,
2025-02-11,17:00:00,CRIMES DIVERSOS,CRIMES DIVERSOS: CRIMES INFORMÁTICOS,ES,SERRA,RESIDENCIAL CENTRO DA SERRA,AMBIENTE WEB,crimes_informaticos,digital,2025.0,2.0,FEV,2025-02-01,1.0,TER,False,17.0,TARDE
2025-02-11,21:00:00,CRIMES DIVERSOS,CRIMES DIVERSOS: CRIMES INFORMÁTICOS,ES,CARIACICA,VERA CRUZ,AMBIENTE WEB,crimes_informaticos,digital,2025.0,2.0,FEV,2025-02-01,1.0,TER,False,21.0,NOITE
2025-02-11,17:00:00,CRIMES DIVERSOS,CRIMES DIVERSOS: CRIMES INFORMÁTICOS,ES,SERRA,RESIDENCIAL CENTRO DA SERRA,AMBIENTE WEB,crimes_informaticos,digital,2025.0,2.0,FEV,2025-02-01,1.0,TER,False,17.0,TARDE
2025-02-12,Indeterminada,CRIMES DIVERSOS,CRIMES DIVERSOS: CRIMES INFORMÁTICOS,ES,VITORIA,DA PENHA,AMBIENTE WEB,crimes_informaticos,digital,2025.0,2.0,FEV,2025-02-01,2.0,QUA,False,,
2025-02-12,Indeterminada,CRIMES DIVERSOS,CRIMES DIVERSOS: CRIMES INFORMÁTICOS,ES,VITORIA,DA PENHA,AMBIENTE WEB,crimes_informaticos,digital,2025.0,2.0,FEV,2025-02-01,2.0,QUA,False,,
2025-02-12,14:00:00,CRIMES DIVERSOS,CRIMES DIVERSOS: CRIMES INFORMÁTICOS,ES,VILA VELHA,PRAIA DAS GAIVOTAS,OUTRO LOCAL,crimes_informaticos,digital,2025.0,2.0,FEV,2025-02-01,2.0,QUA,False,14.0,TARDE
2025-02-12,14:00:00,CRIMES DIVERSOS,CRIMES DIVERSOS: CRIMES INFORMÁTICOS,ES,VITORIA,JARDIM CAMBURI,AMBIENTE WEB,crimes_informaticos,digital,2025.0,2.0,FEV,2025-02-01,2.0,QUA,False,14.0,TARDE
2025-02-12,21:30:00,CRIMES DIVERSOS,CRIMES DIVERSOS: CRIMES INFORMÁTICOS,ES,SAO MATEUS,OUTRO LOCAL,AMBIENTE WEB,crimes_informaticos,digital,2025.0,2.0,FEV,2025-02-01,2.0,QUA,False,21.0,NOITE
2025-02-12,17:00:00,CRIMES DIVERSOS,CRIMES DIVERSOS: CRIMES INFORMÁTICOS,ES,VILA VELHA,COBILANDIA,ESCRITORIO,crimes_informaticos,digital,2025.0,2.0,FEV,2025-02-01,2.0,QUA,False,17.0,TARDE
2025-02-12,11:57:00,CRIMES DIVERSOS,CRIMES DIVERSOS: CRIMES INFORMÁTICOS,ES,VITORIA,MATA DA PRAIA,AMBIENTE WEB,crimes_informaticos,digital,2025.0,2.0,FEV,2025-02-01,2.0,QUA,False,11.0,MANHA
2025-02-12,16:06:00,CRIMES DIVERSOS,CRIMES DIVERSOS: CRIMES INFORMÁTICOS,ES,VITORIA,JARDIM DA PENHA,RESIDÊNCIA,crimes_informaticos,digital,2025.0,2.0,FEV,2025-02-01,2.0,QUA,False,16.0,TARDE
2025-02-12,17:57:00,CRIMES DIVERSOS,CRIMES DIVERSOS: CRIMES INFORMÁTICOS,ES,VITORIA,MATA DA PRAIA,AMBIENTE WEB,crimes_informaticos,digital,2025.0,2.0,FEV,2025-02-01,2.0,QUA,False,17.0,TARDE
2025-02-12,17:20:00,CRIMES DIVERSOS,CRIMES DIVERSOS: CRIMES INFORMÁTICOS,ES,VITORIA,JARDIM CAMBURI,AMBIENTE WEB,crimes_informaticos,digital,2025.0,2.0,FEV,2025-02-01,2.0,QUA,False,17.0,TARDE
2025-02-12,07:00:00,CRIMES DIVERSOS,CRIMES DIVERSOS: CRIMES INFORMÁTICOS,ES,SERRA,PORTO CANOA,AMBIENTE WEB,crimes_informaticos,digital,2025.0,2.0,FEV,2025-02-01,2.0,QUA,False,7.0,MANHA
2025-02-12,12:49:00,CRIMES DIVERSOS,CRIMES DIVERSOS: CRIMES INFORMÁTICOS,ES,VITORIA,JARDIM CAMBURI,AGÊNCIA BANCÁRIA,crimes_informaticos,digital,2025.0,2.0,FEV,2025-02-01,2.0,QUA,False,12.0,TARDE
2025-03-01,09:00:00,CRIMES DIVERSOS,CRIMES DIVERSOS: CRIMES INFORMÁTICOS,ES,SAO GABRIEL DA PALHA,BARRA SECA,AMBIENTE WEB,crimes_informaticos,digital,2025.0,3.0,MAR,2025-03-01,5.0,SAB,True,9.0,MANHA
2025-03-01,20:33:00,CRIMES DIVERSOS,CRIMES DIVERSOS: CRIMES INFORMÁTICOS,ES,CARIACICA,NOVA BRASILIA,AMBIENTE WEB,crimes_informaticos,digital,2025.0,3.0,MAR,2025-03-01,5.0,SAB,True,20.0,NOITE
2025-03-01,12:07:00,CRIMES DIVERSOS,CRIMES DIVERSOS: CRIMES INFORMÁTICOS,ES,VILA VELHA,VILA GARRIDO,AMBIENTE WEB,crimes_informaticos,digital,2025.0,3.0,MAR,2025-03-01,5.0,SAB,True,12.0,TARDE
2025-03-01,18:00:00,CRIMES DIVERSOS,CRIMES DIVERSOS: CRIMES INFORMÁTICOS,ES,VILA VELHA,ARGOLAS,RESIDÊNCIA,crimes_informaticos,digital,2025.0,3.0,MAR,2025-03-01,5.0,SAB,True,18.0,NOITE
2025-03-01,Indeterminada,CRIMES DIVERSOS,CRIMES DIVERSOS: CRIMES INFORMÁTICOS,ES,ALFREDO CHAVES,OURO BRANCO,AMBIENTE WEB,crimes_informaticos,digital,2025.0,3.0,MAR,2025-03-01,5.0,SAB,True,,
2025-03-01,23:00:00,CRIMES DIVERSOS,CRIMES DIVERSOS: CRIMES INFORMÁTICOS,ES,VITORIA,JARDIM CAMBURI,OUTRO LOCAL,crimes_informaticos,digital,2025.0,3.0,MAR,2025-03-01,5.0,SAB,True,23.0,NOITE
2025-03-01,15:09:00,CRIMES DIVERSOS,CRIMES DIVERSOS: CRIMES INFORMÁTICOS,ES,GUARAPARI,IPIRANGA,OUTRO LOCAL,crimes_informaticos,digital,2025.0,3.0,MAR,2025-03-01,5.0,SAB,True,15.0,TARDE
2025-03-01,Indeterminada,CRIMES DIVERSOS,CRIMES DIVERSOS: CRIMES INFORMÁTICOS,ES,VITORIA,NOVA PALESTINA,AMBIENTE WEB,crimes_informaticos,digital,2025.0,3.0,MAR,2025-03-01,5.0,SAB,True,,
2025-03-02,11:50:00,CRIMES DIVERSOS,CRIMES DIVERSOS: CRIMES INFORMÁTICOS,ES,CARIACICA,PORTO DE SANTANA,AMBIENTE WEB,crimes_informaticos,digital,2025.0,3.0,MAR,2025-03-01,6.0,DOM,True,11.0,MANHA
2025-03-02,14:00:00,CRIMES DIVERSOS,CRIMES DIVERSOS: CRIMES INFORMÁTICOS,ES,ANCHIETA,PRAIA DOS CASTELHANOS,AMBIENTE WEB,crimes_informaticos,digital,2025.0,3.0,MAR,2025-03-01,6.0,DOM,True,14.0,TARDE
2025-03-03,12:00:00,CRIMES DIVERSOS,CRIMES DIVERSOS: CRIMES INFORMÁTICOS,ES,VITORIA,JARDIM CAMBURI,RESIDÊNCIA,crimes_informaticos,digital,2025.0,3.0,MAR,2025-03-01,0.0,SEG,False,12.0,TARDE
2025-03-03,21:00:00,CRIMES DIVERSOS,CRIMES DIVERSOS: CRIMES INFORMÁTICOS,ES,ALFREDO CHAVES,OUTRO LOCAL,AMBIENTE WEB,crimes_informaticos,digital,2025.0,3.0,MAR,2025-03-01,0.0,SEG,False,21.0,NOITE
2025-03-03,Indeterminada,CRIMES DIVERSOS,CRIMES DIVERSOS: CRIMES INFORMÁTICOS,ES,SAO MATEUS,OUTRO LOCAL,OUTRO LOCAL,crimes_informaticos,digital,2025.0,3.0,MAR,2025-03-01,0.0,SEG,False,,
2025-03-04,11:00:00,CRIMES DIVERSOS,CRIMES DIVERSOS: CRIMES INFORMÁTICOS,ES,BARRA DE SAO FRANCISCO,BAIRRO NOVA BARRA,AMBIENTE WEB,crimes_informaticos,digital,2025.0,3.0,MAR,2025-03-01,1.0,TER,False,11.0,MANHA
2025-03-04,18:00:00,CRIMES DIVERSOS,CRIMES DIVERSOS: CRIMES INFORMÁTICOS,ES,ALFREDO CHAVES,CENTRO,OUTRO LOCAL,crimes_informaticos,digital,2025.0,3.0,MAR,2025-03-01,1.0,TER,False,18.0,NOITE
2025-03-04,10:00:00,CRIMES DIVERSOS,CRIMES DIVERSOS: CRIMES INFORMÁTICOS,ES,COLATINA,ADELIA GIUBERTTI,AMBIENTE WEB,crimes_informaticos,digital,2025.0,3.0,MAR,2025-03-01,1.0,TER,False,10.0,MANHA
2025-03-04,20:51:00,CRIMES DIVERSOS,CRIMES DIVERSOS: CRIMES INFORMÁTICOS,ES,VITORIA,REPUBLICA,AMBIENTE WEB,crimes_informaticos,digital,2025.0,3.0,MAR,2025-03-01,1.0,TER,False,20.0,NOITE
2025-03-04,15:00:00,CRIMES DIVERSOS,CRIMES DIVERSOS: CRIMES INFORMÁTICOS,ES,SANTA TERESA,CORREGO SECO DE SAO JOAO,AMBIENTE WEB,crimes_informaticos,digital,2025.0,3.0,MAR,2025-03-01,1.0,TER,False,15.0,TARDE
2025-03-04,08:30:00,CRIMES DIVERSOS,CRIMES DIVERSOS: CRIMES INFORMÁTICOS,ES,VARGEM ALTA,PAMBAL DE BAIXO,ESCRITORIO,crimes_informaticos,digital,2025.0,3.0,MAR,2025-03-01,1.0,TER,False,8.0,MANHA
2025-03-04,Indeterminada,CRIMES DIVERSOS,CRIMES DIVERSOS: CRIMES INFORMÁTICOS,ES,SERRA,RESIDENCIAL CENTRO DA SERRA,AMBIENTE WEB,crimes_informaticos,digital,2025.0,3.0,MAR,2025-03-01,1.0,TER,False,,
2025-03-04,09:31:00,CRIMES DIVERSOS,CRIMES DIVERSOS: CRIMES INFORMÁTICOS,ES,MANTENOPOLIS,BELA VISTA,AMBIENTE WEB,crimes_informaticos,digital,2025.0,3.0,MAR,2025-03-01,1.0,TER,False,9.0,MANHA
2025-03-05,13:00:00,CRIMES DIVERSOS,CRIMES DIVERSOS: CRIMES INFORMÁTICOS,ES,COLATINA,VILA AMELIA,RESIDÊNCIA,crimes_informaticos,digital,2025.0,3.0,MAR,2025-03-01,2.0,QUA,False,13.0,TARDE
2025-03-05,10:00:00,CRIMES DIVERSOS,CRIMES DIVERSOS: CRIMES INFORMÁTICOS,ES,ARACRUZ,VILA NOVA,AMBIENTE WEB,crimes_informaticos,digital,2025.0,3.0,MAR,2025-03-01,2.0,QUA,False,10.0,MANHA
2025-03-05,14:50:00,CRIMES DIVERSOS,CRIMES DIVERSOS: CRIMES INFORMÁTICOS,ES,ALFREDO CHAVES,PARQUE RESIDENCIAL ALFREDO CHAVES,AMBIENTE WEB,crimes_informaticos,digital,2025.0,3.0,MAR,2025-03-01,2.0,QUA,False,14.0,TARDE
2025-03-05,19:30:00,CRIMES DIVERSOS,CRIMES DIVERSOS: CRIMES INFORMÁTICOS,ES,ALFREDO CHAVES,OUTRO LOCAL,AMBIENTE WEB,crimes_informaticos,digital,2025.0,3.0,MAR,2025-03-01,2.0,QUA,False,19.0,NOITE
2025-03-05,11:50:00,CRIMES DIVERSOS,CRIMES DIVERSOS: CRIMES INFORMÁTICOS,ES,CARIACICA,CAMPO GRANDE,AMBIENTE WEB,crimes_informaticos,digital,2025.0,3.0,MAR,2025-03-01,2.0,QUA,False,11.0,MANHA
2025-03-05,13:00:00,CRIMES DIVERSOS,CRIMES DIVERSOS: CRIMES INFORMÁTICOS,ES,ARACRUZ,CENTRO EMPRESARIAL,AMBIENTE WEB,crimes_informaticos,digital,2025.0,3.0,MAR,2025-03-01,2.0,QUA,False,13.0,TARDE
2025-03-06,10:00:00,CRIMES DIVERSOS,CRIMES DIVERSOS: CRIMES INFORMÁTICOS,ES,COLATINA,CENTRO,RESIDÊNCIA,crimes_informaticos,digital,2025.0,3.0,MAR,2025-03-01,3.0,QUI,False,10.0,MANHA
2025-03-06,09:30:00,CRIMES DIVERSOS,CRIMES DIVERSOS: CRIMES INFORMÁTICOS,ES,COLATINA,COLUMBIA,RESIDÊNCIA,crimes_informaticos,digital,2025.0,3.0,MAR,2025-03-01,3.0,QUI,False,9.0,MANHA
2025-03-06,12:00:00,CRIMES DIVERSOS,CRIMES DIVERSOS: CRIMES INFORMÁTICOS,ES,ARACRUZ,DECARLI,OUTRO LOCAL,crimes_informaticos,digital,2025.0,3.0,MAR,2025-03-01,3.0,QUI,False,12.0,TARDE
2025-03-06,10:19:00,CRIMES DIVERSOS,CRIMES DIVERSOS: CRIMES INFORMÁTICOS,ES,MANTENOPOLIS,SANTA LUZIA DE MANTENOPOLIS,AMBIENTE WEB,crimes_informaticos,digital,2025.0,3.0,MAR,2025-03-01,3.0,QUI,False,10.0,MANHA
2025-03-06,18:46:00,CRIMES DIVERSOS,CRIMES DIVERSOS: CRIMES INFORMÁTICOS,ES,SERRA,BICANGA,AMBIENTE WEB,crimes_informaticos,digital,2025.0,3.0,MAR,2025-03-01,3.0,QUI,False,18.0,NOITE
2025-03-06,09:00:00,CRIMES DIVERSOS,CRIMES DIVERSOS: CRIMES INFORMÁTICOS,ES,SERRA,PARQUE RESIDENCIAL LARANJEIRAS,OUTRO LOCAL,crimes_informaticos,digital,2025.0,3.0,MAR,2025-03-01,3.0,QUI,False,9.0,MANHA
2025-03-07,13:00:00,CRIMES DIVERSOS,CRIMES DIVERSOS: CRIMES INFORMÁTICOS,ES,ARACRUZ,OUTRO LOCAL,AMBIENTE WEB,crimes_informaticos,digital,2025.0,3.0,MAR,2025-03-01,4.0,SEX,False,13.0,TARDE
2025-03-07,11:35:00,CRIMES DIVERSOS,CRIMES DIVERSOS: CRIMES INFORMÁTICOS,ES,VITORIA,PARQUE MOSCOSO,OUTRO LOCAL,crimes_informaticos,digital,2025.0,3.0,MAR,2025-03-01,4.0,SEX,False,11.0,MANHA
2025-03-07,15:30:00,CRIMES DIVERSOS,CRIMES DIVERSOS: CRIMES INFORMÁTICOS,ES,CARIACICA,ALTO LAGE,AMBIENTE WEB,crimes_informaticos,digital,2025.0,3.0,MAR,2025-03-01,4.0,SEX,False,15.0,TARDE
2025-03-07,09:15:00,CRIMES DIVERSOS,CRIMES DIVERSOS: CRIMES INFORMÁTICOS,ES,CARIACICA,CASTELO BRANCO,RESIDÊNCIA,crimes_informaticos,digital,2025.0,3.0,MAR,2025-03-01,4.0,SEX,False,9.0,MANHA
2025-03-07,14:00:00,CRIMES DIVERSOS,CRIMES DIVERSOS: CRIMES INFORMÁTICOS,ES,GUACUI,QUINCAS MACHADO,AMBIENTE WEB,crimes_informaticos,digital,2025.0,3.0,MAR,2025-03-01,4.0,SEX,False,14.0,TARDE
2025-03-07,15:55:00,CRIMES DIVERSOS,CRIMES DIVERSOS: CRIMES INFORMÁTICOS,ES,CASTELO,SAO MIGUEL,RESIDÊNCIA,crimes_informaticos,digital,2025.0,3.0,MAR,2025-03-01,4.0,SEX,False,15.0,TARDE
2025-03-07,Indeterminada,CRIMES DIVERSOS,CRIMES DIVERSOS: CRIMES INFORMÁTICOS,ES,PINHEIROS,OUTRO LOCAL,AMBIENTE WEB,crimes_informaticos,digital,2025.0,3.0,MAR,2025-03-01,4.0,SEX,False,,
2025-03-07,Indeterminada,CRIMES DIVERSOS,CRIMES DIVERSOS: CRIMES INFORMÁTICOS,ES,SAO MATEUS,OUTRO LOCAL,AMBIENTE WEB,crimes_informaticos,digital,2025.0,3.0,MAR,2025-03-01,4.0,SEX,False,,
2025-03-07,12:00:00,CRIMES DIVERSOS,CRIMES DIVERSOS: CRIMES INFORMÁTICOS,ES,SERRA,JARDIM CARAPINA,AMBIENTE WEB,crimes_informaticos,digital,2025.0,3.0,MAR,2025-03-01,4.0,SEX,False,12.0,TARDE
2025-03-08,12:15:00,CRIMES DIVERSOS,CRIMES DIVERSOS: CRIMES INFORMÁTICOS,ES,COLATINA,VILA LENIRA,AMBIENTE WEB,crimes_informaticos,digital,2025.0,3.0,MAR,2025-03-01,5.0,SAB,True,12.0,TARDE
2025-03-09,09:00:00,CRIMES DIVERSOS,CRIMES DIVERSOS: CRIMES INFORMÁTICOS,ES,ALFREDO CHAVES,SANTA TEREZINHA,RESIDÊNCIA,crimes_informaticos,digital,2025.0,3.0,MAR,2025-03-01,6.0,DOM,True,9.0,MANHA
2025-03-09,09:10:00,CRIMES DIVERSOS,CRIMES DIVERSOS: CRIMES INFORMÁTICOS,ES,CASTELO,SANTA CLARA,OUTRO LOCAL,crimes_informaticos,digital,2025.0,3.0,MAR,2025-03-01,6.0,DOM,True,9.0,MANHA
2025-03-09,14:00:00,CRIMES DIVERSOS,CRIMES DIVERSOS: CRIMES INFORMÁTICOS,ES,ARACRUZ,OUTRO LOCAL,OUTRO LOCAL,crimes_informaticos,digital,2025.0,3.0,MAR,2025-03-01,6.0,DOM,True,14.0,TARDE
2025-03-10,10:41:00,CRIMES DIVERSOS,CRIMES DIVERSOS: CRIMES INFORMÁTICOS,ES,MANTENOPOLIS,CENTRO,OUTRO LOCAL,crimes_informaticos,digital,2025.0,3.0,MAR,2025-03-01,0.0,SEG,False,10.0,MANHA
2025-03-10,13:00:00,CRIMES DIVERSOS,CRIMES DIVERSOS: CRIMES INFORMÁTICOS,ES,COLATINA,MARIA DAS GRACAS II,AMBIENTE WEB,crimes_informaticos,digital,2025.0,3.0,MAR,2025-03-01,0.0,SEG,False,13.0,TARDE
2025-03-10,Indeterminada,CRIMES DIVERSOS,CRIMES DIVERSOS: CRIMES INFORMÁTICOS,ES,SAO MATEUS,OUTRO LOCAL,AMBIENTE WEB,crimes_informaticos,digital,2025.0,3.0,MAR,2025-03-01,0.0,SEG,False,,
2025-03-10,12:46:00,CRIMES DIVERSOS,CRIMES DIVERSOS: CRIMES INFORMÁTICOS,ES,VITORIA,JARDIM CAMBURI,AMBIENTE WEB,crimes_informaticos,digital,2025.0,3.0,MAR,2025-03-01,0.0,SEG,False,12.0,TARDE
2025-03-10,11:00:00,CRIMES DIVERSOS,CRIMES DIVERSOS: CRIMES INFORMÁTICOS,ES,CARIACICA,EXPEDITO,AMBIENTE WEB,crimes_informaticos,digital,2025.0,3.0,MAR,2025-03-01,0.0,SEG,False,11.0,MANHA
2025-03-10,13:00:00,CRIMES DIVERSOS,CRIMES DIVERSOS: CRIMES INFORMÁTICOS,ES,CARIACICA,CAMPO GRANDE,RESIDÊNCIA,crimes_informaticos,digital,2025.0,3.0,MAR,2025-03-01,0.0,SEG,False,13.0,TARDE
2025-03-10,17:05:00,CRIMES DIVERSOS,CRIMES DIVERSOS: CRIMES INFORMÁTICOS,ES,VITORIA,JARDIM CAMBURI,RESIDÊNCIA,crimes_informaticos,digital,2025.0,3.0,MAR,2025-03-01,0.0,SEG,False,17.0,TARDE
2025-03-10,20:23:00,CRIMES DIVERSOS,CRIMES DIVERSOS: CRIMES INFORMÁTICOS,ES,SERRA,OURIMAR,AMBIENTE WEB,crimes_informaticos,digital,2025.0,3.0,MAR,2025-03-01,0.0,SEG,False,20.0,NOITE
2025-03-10,21:00:00,CRIMES DIVERSOS,CRIMES DIVERSOS: CRIMES INFORMÁTICOS,ES,SERRA,HELIO FERRAZ,AMBIENTE WEB,crimes_informaticos,digital,2025.0,3.0,MAR,2025-03-01,0.0,SEG,False,21.0,NOITE
2025-03-10,08:00:00,CRIMES DIVERSOS,CRIMES DIVERSOS: CRIMES INFORMÁTICOS,ES,SANTA TERESA,VARZEA ALEGRE,OUTRO LOCAL,crimes_informaticos,digital,2025.0,3.0,MAR,2025-03-01,0.0,SEG,False,8.0,MANHA
2025-03-10,17:05:00,CRIMES DIVERSOS,CRIMES DIVERSOS: CRIMES INFORMÁTICOS,ES,VITORIA,JARDIM CAMBURI,RESIDÊNCIA,crimes_informaticos,digital,2025.0,3.0,MAR,2025-03-01,0.0,SEG,False,17.0,TARDE
2025-03-10,09:00:00,CRIMES DIVERSOS,CRIMES DIVERSOS: CRIMES INFORMÁTICOS,ES,VITORIA,CENTRO,OUTRO LOCAL,crimes_informaticos,digital,2025.0,3.0,MAR,2025-03-01,0.0,SEG,False,9.0,MANHA
2025-03-10,11:00:00,CRIMES DIVERSOS,CRIMES DIVERSOS: CRIMES INFORMÁTICOS,ES,CACHOEIRO DE ITAPEMIRIM,GILBERTO MACHADO,AMBIENTE WEB,crimes_informaticos,digital,2025.0,3.0,MAR,2025-03-01,0.0,SEG,False,11.0,MANHA
2025-03-11,16:00:00,CRIMES DIVERSOS,CRIMES DIVERSOS: CRIMES INFORMÁTICOS,ES,CASTELO,ZONA RURAL,RESIDÊNCIA,crimes_informaticos,digital,2025.0,3.0,MAR,2025-03-01,1.0,TER,False,16.0,TARDE
2025-03-11,12:59:00,CRIMES DIVERSOS,CRIMES DIVERSOS: CRIMES INFORMÁTICOS,ES,CARIACICA,CAMPO GRANDE,AMBIENTE WEB,crimes_informaticos,digital,2025.0,3.0,MAR,2025-03-01,1.0,TER,False,12.0,TARDE
2025-03-11,16:00:00,CRIMES DIVERSOS,CRIMES DIVERSOS: CRIMES INFORMÁTICOS,ES,SERRA,CAMPINHO DA SERRA I,OUTRO LOCAL,crimes_informaticos,digital,2025.0,3.0,MAR,2025-03-01,1.0,TER,False,16.0,TARDE
2025-03-11,23:56:00,CRIMES DIVERSOS,CRIMES DIVERSOS: CRIMES INFORMÁTICOS,ES,CARIACICA,ALZIRA RAMOS,RESIDÊNCIA,crimes_informaticos,digital,2025.0,3.0,MAR,2025-03-01,1.0,TER,False,23.0,NOITE
2025-03-11,16:00:00,CRIMES DIVERSOS,CRIMES DIVERSOS: CRIMES INFORMÁTICOS,ES,CARIACICA,JARDIM AMERICA,AMBIENTE WEB,crimes_informaticos,digital,2025.0,3.0,MAR,2025-03-01,1.0,TER,False,16.0,TARDE
2025-03-11,17:54:00,CRIMES DIVERSOS,CRIMES DIVERSOS: CRIMES INFORMÁTICOS,ES,PIUMA,CENTRO,ESCOLA,crimes_informaticos,digital,2025.0,3.0,MAR,2025-03-01,1.0,TER,False,17.0,TARDE
2025-03-11,14:03:00,CRIMES DIVERSOS,CRIMES DIVERSOS: CRIMES INFORMÁTICOS,ES,SERRA,CIDADE CONTINENTAL,AMBIENTE WEB,crimes_informaticos,digital,2025.0,3.0,MAR,2025-03-01,1.0,TER,False,14.0,TARDE
2025-03-11,00:00:00,CRIMES DIVERSOS,CRIMES DIVERSOS: CRIMES INFORMÁTICOS,ES,VITORIA,JARDIM CAMBURI,AMBIENTE WEB,crimes_informaticos,digital,2025.0,3.0,MAR,2025-03-01,1.0,TER,False,0.0,MADRUGADA
2025-03-11,Indeterminada,CRIMES DIVERSOS,CRIMES DIVERSOS: CRIMES INFORMÁTICOS,ES,COLATINA,VILA AMELIA,RESIDÊNCIA,crimes_informaticos,digital,2025.0,3.0,MAR,2025-03-01,1.0,TER,False,,
2025-03-12,Indeterminada,CRIMES DIVERSOS,CRIMES DIVERSOS: CRIMES INFORMÁTICOS,ES,GUARAPARI,BALNEARIO MEAIPE,RESIDÊNCIA,crimes_informaticos,digital,2025.0,3.0,MAR,2025-03-01,2.0,QUA,False,,
2025-03-12,10:34:00,CRIMES DIVERSOS,CRIMES DIVERSOS: CRIMES INFORMÁTICOS,ES,SANTA TERESA,RIO SALTINHO,AMBIENTE WEB,crimes_informaticos,digital,2025.0,3.0,MAR,2025-03-01,2.0,QUA,False,10.0,MANHA
2025-03-12,Indeterminada,CRIMES DIVERSOS,CRIMES DIVERSOS: CRIMES INFORMÁTICOS,ES,SAO MATEUS,OUTRO LOCAL,AMBIENTE WEB,crimes_informaticos,digital,2025.0,3.0,MAR,2025-03-01,2.0,QUA,False,,
2025-04-01,08:20:00,CRIMES DIVERSOS,CRIMES DIVERSOS: CRIMES INFORMÁTICOS,ES,VITORIA,VILA RUBIM,OUTRO LOCAL,crimes_informaticos,digital,2025.0,4.0,ABR,2025-04-01,1.0,TER,False,8.0,MANHA
2025-04-01,08:30:00,CRIMES DIVERSOS,CRIMES DIVERSOS: CRIMES INFORMÁTICOS,ES,ALFREDO CHAVES,SANTA TEREZINHA,OUTRO LOCAL,crimes_informaticos,digital,2025.0,4.0,ABR,2025-04-01,1.0,TER,False,8.0,MANHA
2025-04-01,Indeterminada,CRIMES DIVERSOS,CRIMES DIVERSOS: CRIMES INFORMÁTICOS,ES,VIANA,NOVA BETHANIA,RESIDÊNCIA,crimes_informaticos,digital,2025.0,4.0,ABR,2025-04-01,1.0,TER,False,,
2025-04-01,10:00:00,CRIMES DIVERSOS,CRIMES DIVERSOS: CRIMES INFORMÁTICOS,ES,VITORIA,BENTO FERREIRA,RESIDÊNCIA,crimes_informaticos,digital,2025.0,4.0,ABR,2025-04-01,1.0,TER,False,10.0,MANHA
2025-04-01,Indeterminada,CRIMES DIVERSOS,CRIMES DIVERSOS: CRIMES INFORMÁTICOS,ES,COLATINA,RIVIERA,RESIDÊNCIA,crimes_informaticos,digital,2025.0,4.0,ABR,2025-04-01,1.0,TER,False,,
2025-04-01,13:31:00,CRIMES DIVERSOS,CRIMES DIVERSOS: CRIMES INFORMÁTICOS,ES,CARIACICA,ALZIRA RAMOS,RESIDÊNCIA,crimes_informaticos,digital,2025.0,4.0,ABR,2025-04-01,1.0,TER,False,13.0,TARDE
2025-04-01,17:55:00,CRIMES DIVERSOS,CRIMES DIVERSOS: CRIMES INFORMÁTICOS,ES,CARIACICA,VERA CRUZ,AMBIENTE WEB,crimes_informaticos,digital,2025.0,4.0,ABR,2025-04-01,1.0,TER,False,17.0,TARDE
2025-04-01,19:00:00,CRIMES DIVERSOS,CRIMES DIVERSOS: CRIMES INFORMÁTICOS,ES,SERRA,PLANICIE DA SERRA,AMBIENTE WEB,crimes_informaticos,digital,2025.0,4.0,ABR,2025-04-01,1.0,TER,False,19.0,NOITE
2025-04-01,16:00:00,CRIMES DIVERSOS,CRIMES DIVERSOS: CRIMES INFORMÁTICOS,ES,SANTA TERESA,VILA NOVA,AMBIENTE WEB,crimes_informaticos,digital,2025.0,4.0,ABR,2025-04-01,1.0,TER,False,16.0,TARDE
2025-04-01,09:00:00,CRIMES DIVERSOS,CRIMES DIVERSOS: CRIMES INFORMÁTICOS,ES,VITORIA,JARDIM CAMBURI,RESIDÊNCIA,crimes_informaticos,digital,2025.0,4.0,ABR,2025-04-01,1.0,TER,False,9.0,MANHA
2025-04-01,Indeterminada,CRIMES DIVERSOS,CRIMES DIVERSOS: CRIMES INFORMÁTICOS,ES,VITORIA,ILHA DE SANTA MARIA,AMBIENTE WEB,crimes_informaticos,digital,2025.0,4.0,ABR,2025-04-01,1.0,TER,False,,
2025-04-01,Indeterminada,CRIMES DIVERSOS,CRIMES DIVERSOS: CRIMES INFORMÁTICOS,ES,VITORIA,SANTA MARTHA,AMBIENTE WEB,crimes_informaticos,digital,2025.0,4.0,ABR,2025-04-01,1.0,TER,False,,
2025-04-02,15:00:00,CRIMES DIVERSOS,CRIMES DIVERSOS: CRIMES INFORMÁTICOS,ES,ARACRUZ,OUTRO LOCAL,AMBIENTE WEB,crimes_informaticos,digital,2025.0,4.0,ABR,2025-04-01,2.0,QUA,False,15.0,TARDE
2025-04-02,Indeterminada,CRIMES DIVERSOS,CRIMES DIVERSOS: CRIMES INFORMÁTICOS,ES,ARACRUZ,CENTRO,RESIDÊNCIA,crimes_informaticos,digital,2025.0,4.0,ABR,2025-04-01,2.0,QUA,False,,
2025-04-02,18:25:00,CRIMES DIVERSOS,CRIMES DIVERSOS: CRIMES INFORMÁTICOS,ES,GUARAPARI,RECANTO DA SEREIA,AMBIENTE WEB,crimes_informaticos,digital,2025.0,4.0,ABR,2025-04-01,2.0,QUA,False,18.0,NOITE
2025-04-02,14:30:00,CRIMES DIVERSOS,CRIMES DIVERSOS: CRIMES INFORMÁTICOS,ES,GUARAPARI,OUTRO LOCAL,AMBIENTE WEB,crimes_informaticos,digital,2025.0,4.0,ABR,2025-04-01,2.0,QUA,False,14.0,TARDE
2025-04-02,14:30:00,CRIMES DIVERSOS,CRIMES DIVERSOS: CRIMES INFORMÁTICOS,ES,COLATINA,MARISTA,RESIDÊNCIA,crimes_informaticos,digital,2025.0,4.0,ABR,2025-04-01,2.0,QUA,False,14.0,TARDE
2025-04-02,07:42:00,CRIMES DIVERSOS,CRIMES DIVERSOS: CRIMES INFORMÁTICOS,ES,VIANA,CAXIAS DO SUL,AMBIENTE WEB,crimes_informaticos,digital,2025.0,4.0,ABR,2025-04-01,2.0,QUA,False,7.0,MANHA
2025-04-02,16:30:00,CRIMES DIVERSOS,CRIMES DIVERSOS: CRIMES INFORMÁTICOS,ES,COLATINA,OUTRO LOCAL,OUTRO LOCAL,crimes_informaticos,digital,2025.0,4.0,ABR,2025-04-01,2.0,QUA,False,16.0,TARDE
2025-04-02,16:00:00,CRIMES DIVERSOS,CRIMES DIVERSOS: CRIMES INFORMÁTICOS,ES,VITORIA,JARDIM CAMBURI,OUTRO LOCAL,crimes_informaticos,digital,2025.0,4.0,ABR,2025-04-01,2.0,QUA,False,16.0,TARDE
2025-04-02,15:00:00,CRIMES DIVERSOS,CRIMES DIVERSOS: CRIMES INFORMÁTICOS,ES,BARRA DE SAO FRANCISCO,CENTRO,COMÉRCIO,crimes_informaticos,digital,2025.0,4.0,ABR,2025-04-01,2.0,QUA,False,15.0,TARDE
2025-04-02,09:45:00,CRIMES DIVERSOS,CRIMES DIVERSOS: CRIMES INFORMÁTICOS,ES,PINHEIROS,PINHEIRINHO,OUTRO LOCAL,crimes_informaticos,digital,2025.0,4.0,ABR,2025-04-01,2.0,QUA,False,9.0,MANHA
2025-04-03,07:48:00,CRIMES DIVERSOS,CRIMES DIVERSOS: CRIMES INFORMÁTICOS,ES,CARIACICA,SAO GERALDO,AMBIENTE WEB,crimes_informaticos,digital,2025.0,4.0,ABR,2025-04-01,3.0,QUI,False,7.0,MANHA
2025-04-03,Indeterminada,CRIMES DIVERSOS,CRIMES DIVERSOS: CRIMES INFORMÁTICOS,ES,SAO MATEUS,OUTRO LOCAL,AMBIENTE WEB,crimes_informaticos,digital,2025.0,4.0,ABR,2025-04-01,3.0,QUI,False,,
2025-04-03,14:50:00,CRIMES DIVERSOS,CRIMES DIVERSOS: CRIMES INFORMÁTICOS,ES,ARACRUZ,GUARANA,RESIDÊNCIA,crimes_informaticos,digital,2025.0,4.0,ABR,2025-04-01,3.0,QUI,False,14.0,TARDE
2025-04-03,00:00:00,CRIMES DIVERSOS,CRIMES DIVERSOS: CRIMES INFORMÁTICOS,ES,COLATINA,COLATINA VELHA,RESIDÊNCIA,crimes_informaticos,digital,2025.0,4.0,ABR,2025-04-01,3.0,QUI,False,0.0,MADRUGADA
2025-04-03,08:30:00,CRIMES DIVERSOS,CRIMES DIVERSOS: CRIMES INFORMÁTICOS,ES,VITORIA,JARDIM CAMBURI,AMBIENTE WEB,crimes_informaticos,digital,2025.0,4.0,ABR,2025-04-01,3.0,QUI,False,8.0,MANHA
2025-04-03,Indeterminada,CRIMES DIVERSOS,CRIMES DIVERSOS: CRIMES INFORMÁTICOS,ES,PINHEIROS,OUTRO LOCAL,AMBIENTE WEB,crimes_informaticos,digital,2025.0,4.0,ABR,2025-04-01,3.0,QUI,False,,
2025-04-03,14:36:00,CRIMES DIVERSOS,CRIMES DIVERSOS: CRIMES INFORMÁTICOS,ES,ARACRUZ,OUTRO LOCAL,AMBIENTE WEB,crimes_informaticos,digital,2025.0,4.0,ABR,2025-04-01,3.0,QUI,False,14.0,TARDE
2025-04-03,17:20:00,CRIMES DIVERSOS,CRIMES DIVERSOS: CRIMES INFORMÁTICOS,ES,COLATINA,VILA AMELIA,AMBIENTE WEB,crimes_informaticos,digital,2025.0,4.0,ABR,2025-04-01,3.0,QUI,False,17.0,TARDE
2025-04-03,12:20:00,CRIMES DIVERSOS,CRIMES DIVERSOS: CRIMES INFORMÁTICOS,ES,CASTELO,CENTRO,OUTRO LOCAL,crimes_informaticos,digital,2025.0,4.0,ABR,2025-04-01,3.0,QUI,False,12.0,TARDE
2025-04-03,Indeterminada,CRIMES DIVERSOS,CRIMES DIVERSOS: CRIMES INFORMÁTICOS,ES,VIANA,CENTRO,AMBIENTE WEB,crimes_informaticos,digital,2025.0,4.0,ABR,2025-04-01,3.0,QUI,False,,
2025-04-04,Indeterminada,CRIMES DIVERSOS,CRIMES DIVERSOS: CRIMES INFORMÁTICOS,ES,VILA VELHA,ILHA DOS AYRES,AMBIENTE WEB,crimes_informaticos,digital,2025.0,4.0,ABR,2025-04-01,4.0,SEX,False,,
2025-04-04,Indeterminada,CRIMES DIVERSOS,CRIMES DIVERSOS: CRIMES INFORMÁTICOS,ES,CACHOEIRO DE ITAPEMIRIM,AEROPORTO,AMBIENTE WEB,crimes_informaticos,digital,2025.0,4.0,ABR,2025-04-01,4.0,SEX,False,,
2025-04-04,10:27:00,CRIMES DIVERSOS,CRIMES DIVERSOS: CRIMES INFORMÁTICOS,ES,COLATINA,HONORIO FRAGA,AMBIENTE WEB,crimes_informaticos,digital,2025.0,4.0,ABR,2025-04-01,4.0,SEX,False,10.0,MANHA
2025-04-04,15:30:00,CRIMES DIVERSOS,CRIMES DIVERSOS: CRIMES INFORMÁTICOS,ES,ICONHA,DUAS BARRAS,OUTRO LOCAL,crimes_informaticos,digital,2025.0,4.0,ABR,2025-04-01,4.0,SEX,False,15.0,TARDE
2025-04-04,13:00:00,CRIMES DIVERSOS,CRIMES DIVERSOS: CRIMES INFORMÁTICOS,ES,CARIACICA,CAMPO GRANDE,OUTRO LOCAL,crimes_informaticos,digital,2025.0,4.0,ABR,2025-04-01,4.0,SEX,False,13.0,TARDE
2025-04-04,16:05:00,CRIMES DIVERSOS,CRIMES DIVERSOS: CRIMES INFORMÁTICOS,ES,SERRA,CENTRO DA SERRA,RESIDÊNCIA,crimes_informaticos,digital,2025.0,4.0,ABR,2025-04-01,4.0,SEX,False,16.0,TARDE
2025-04-04,20:18:00,CRIMES DIVERSOS,CRIMES DIVERSOS: CRIMES INFORMÁTICOS,ES,SERRA,PLANALTO SERRANO,RESIDÊNCIA,crimes_informaticos,digital,2025.0,4.0,ABR,2025-04-01,4.0,SEX,False,20.0,NOITE
2025-04-04,08:40:00,CRIMES DIVERSOS,CRIMES DIVERSOS: CRIMES INFORMÁTICOS,ES,SERRA,NOVA CARAPINA I,AMBIENTE WEB,crimes_informaticos,digital,2025.0,4.0,ABR,2025-04-01,4.0,SEX,False,8.0,MANHA
2025-04-05,17:00:00,CRIMES DIVERSOS,CRIMES DIVERSOS: CRIMES INFORMÁTICOS,ES,CARIACICA,CAMPINA GRANDE,OUTRO LOCAL,crimes_informaticos,digital,2025.0,4.0,ABR,2025-04-01,5.0,SAB,True,17.0,TARDE
2025-04-05,23:40:00,CRIMES DIVERSOS,CRIMES DIVERSOS: CRIMES INFORMÁTICOS,ES,VITORIA,JARDIM CAMBURI,AMBIENTE WEB,crimes_informaticos,digital,2025.0,4.0,ABR,2025-04-01,5.0,SAB,True,23.0,NOITE
2025-04-05,13:00:00,CRIMES DIVERSOS,CRIMES DIVERSOS: CRIMES INFORMÁTICOS,ES,VILA VELHA,OUTRO LOCAL,OUTRO LOCAL,crimes_informaticos,digital,2025.0,4.0,ABR,2025-04-01,5.0,SAB,True,13.0,TARDE
2025-04-05,13:30:00,CRIMES DIVERSOS,CRIMES DIVERSOS: CRIMES INFORMÁTICOS,ES,SERRA,CASCATA,AMBIENTE WEB,crimes_informaticos,digital,2025.0,4.0,ABR,2025-04-01,5.0,SAB,True,13.0,TARDE
2025-04-05,06:30:00,CRIMES DIVERSOS,CRIMES DIVERSOS: CRIMES INFORMÁTICOS,ES,SERRA,JARDIM LIMOEIRO,AMBIENTE WEB,crimes_informaticos,digital,2025.0,4.0,ABR,2025-04-01,5.0,SAB,True,6.0,MANHA
2025-04-05,18:24:00,CRIMES DIVERSOS,CRIMES DIVERSOS: CRIMES INFORMÁTICOS,ES,SANTA TERESA,CENTRO,AMBIENTE WEB,crimes_informaticos,digital,2025.0,4.0,ABR,2025-04-01,5.0,SAB,True,18.0,NOITE
2025-04-06,Indeterminada,CRIMES DIVERSOS,CRIMES DIVERSOS: CRIMES INFORMÁTICOS,ES,VILA VELHA,SOTECO,AMBIENTE WEB,crimes_informaticos,digital,2025.0,4.0,ABR,2025-04-01,6.0,DOM,True,,
2025-04-06,23:00:00,CRIMES DIVERSOS,CRIMES DIVERSOS: CRIMES INFORMÁTICOS,ES,VITORIA,ILHA DAS CAIEIRAS,AMBIENTE WEB,crimes_informaticos,digital,2025.0,4.0,ABR,2025-04-01,6.0,DOM,True,23.0,NOITE
2025-04-06,15:40:00,CRIMES DIVERSOS,CRIMES DIVERSOS: CRIMES INFORMÁTICOS,ES,VILA VELHA,JARDIM MARILANDIA,OUTRO LOCAL,crimes_informaticos,digital,2025.0,4.0,ABR,2025-04-01,6.0,DOM,True,15.0,TARDE
2025-04-07,Indeterminada,CRIMES DIVERSOS,CRIMES DIVERSOS: CRIMES INFORMÁTICOS,ES,SAO MATEUS,OUTRO LOCAL,AMBIENTE WEB,crimes_informaticos,digital,2025.0,4.0,ABR,2025-04-01,0.0,SEG,False,,
2025-04-07,14:00:00,CRIMES DIVERSOS,CRIMES DIVERSOS: CRIMES INFORMÁTICOS,ES,GUARAPARI,AEROPORTO,AMBIENTE WEB,crimes_informaticos,digital,2025.0,4.0,ABR,2025-04-01,0.0,SEG,False,14.0,TARDE
2025-04-07,Indeterminada,CRIMES DIVERSOS,CRIMES DIVERSOS: CRIMES INFORMÁTICOS,ES,SAO MATEUS,OUTRO LOCAL,AMBIENTE WEB,crimes_informaticos,digital,2025.0,4.0,ABR,2025-04-01,0.0,SEG,False,,
2025-04-07,18:16:00,CRIMES DIVERSOS,CRIMES DIVERSOS: CRIMES INFORMÁTICOS,ES,SANTA TERESA,SAO LOURENCO,AMBIENTE WEB,crimes_informaticos,digital,2025.0,4.0,ABR,2025-04-01,0.0,SEG,False,18.0,NOITE
2025-04-07,21:59:00,CRIMES DIVERSOS,CRIMES DIVERSOS: CRIMES INFORMÁTICOS,ES,SERRA,PLANICIE DA SERRA,AMBIENTE WEB,crimes_informaticos,digital,2025.0,4.0,ABR,2025-04-01,0.0,SEG,False,21.0,NOITE
2025-04-07,10:58:00,CRIMES DIVERSOS,CRIMES DIVERSOS: CRIMES INFORMÁTICOS,ES,SERRA,CIDADE CONTINENTAL,RESIDÊNCIA,crimes_informaticos,digital,2025.0,4.0,ABR,2025-04-01,0.0,SEG,False,10.0,MANHA
2025-04-07,Indeterminada,CRIMES DIVERSOS,CRIMES DIVERSOS: CRIMES INFORMÁTICOS,ES,SAO MATEUS,OUTRO LOCAL,AMBIENTE WEB,crimes_informaticos,digital,2025.0,4.0,ABR,2025-04-01,0.0,SEG,False,,
2025-04-07,20:40:00,CRIMES DIVERSOS,CRIMES DIVERSOS: CRIMES INFORMÁTICOS,ES,VITORIA,JARDIM CAMBURI,VIA PÚBLICA,crimes_informaticos,digital,2025.0,4.0,ABR,2025-04-01,0.0,SEG,False,20.0,NOITE
2025-04-07,10:00:00,CRIMES DIVERSOS,CRIMES DIVERSOS: CRIMES INFORMÁTICOS,ES,VITORIA,JARDIM CAMBURI,RESIDÊNCIA,crimes_informaticos,digital,2025.0,4.0,ABR,2025-04-01,0.0,SEG,False,10.0,MANHA
2025-04-07,13:00:00,CRIMES DIVERSOS,CRIMES DIVERSOS: CRIMES INFORMÁTICOS,ES,CARIACICA,VILA PALESTINA,COMÉRCIO,crimes_informaticos,digital,2025.0,4.0,ABR,2025-04-01,0.0,SEG,False,13.0,TARDE
2025-04-08,00:00:00,CRIMES DIVERSOS,CRIMES DIVERSOS: CRIMES INFORMÁTICOS,ES,CASTELO,CENTRO,RESIDÊNCIA,crimes_informaticos,digital,2025.0,4.0,ABR,2025-04-01,1.0,TER,False,0.0,MADRUGADA
2025-04-08,10:00:00,CRIMES DIVERSOS,CRIMES DIVERSOS: CRIMES INFORMÁTICOS,ES,SANTA MARIA DE JETIBA,CARAMURU II,AMBIENTE WEB,crimes_informaticos,digital,2025.0,4.0,ABR,2025-04-01,1.0,TER,False,10.0,MANHA
2025-04-08,12:30:00,CRIMES DIVERSOS,CRIMES DIVERSOS: CRIMES INFORMÁTICOS,ES,SERRA,ELDORADO,OUTRO LOCAL,crimes_informaticos,digital,2025.0,4.0,ABR,2025-04-01,1.0,TER,False,12.0,TARDE
2025-04-08,21:00:00,CRIMES DIVERSOS,CRIMES DIVERSOS: CRIMES INFORMÁTICOS,ES,VITORIA,JARDIM CAMBURI,RESIDÊNCIA,crimes_informaticos,digital,2025.0,4.0,ABR,2025-04-01,1.0,TER,False,21.0,NOITE
2025-04-08,20:10:00,CRIMES DIVERSOS,CRIMES DIVERSOS: CRIMES INFORMÁTICOS,ES,SERRA,SERRA DOURADA I,AMBIENTE WEB,crimes_informaticos,digital,2025.0,4.0,ABR,2025-04-01,1.0,TER,False,20.0,NOITE
2025-04-08,15:00:00,CRIMES DIVERSOS,CRIMES DIVERSOS: CRIMES INFORMÁTICOS,ES,ARACRUZ,OUTRO LOCAL,AMBIENTE WEB,crimes_informaticos,digital,2025.0,4.0,ABR,2025-04-01,1.0,TER,False,15.0,TARDE
2025-04-08,Indeterminada,CRIMES DIVERSOS,CRIMES DIVERSOS: CRIMES INFORMÁTICOS,ES,PEDRO CANARIO,CENTRO,AMBIENTE WEB,crimes_informaticos,digital,2025.0,4.0,ABR,2025-04-01,1.0,TER,False,,
2025-04-08,11:54:00,CRIMES DIVERSOS,CRIMES DIVERSOS: CRIMES INFORMÁTICOS,ES,CASTELO,INDEPENDENCIA,OUTRO LOCAL,crimes_informaticos,digital,2025.0,4.0,ABR,2025-04-01,1.0,TER,False,11.0,MANHA
2025-04-08,14:00:00,CRIMES DIVERSOS,CRIMES DIVERSOS: CRIMES INFORMÁTICOS,ES,SERRA,SAO DOMINGOS,RESIDÊNCIA,crimes_informaticos,digital,2025.0,4.0,ABR,2025-04-01,1.0,TER,False,14.0,TARDE
2025-04-09,19:30:00,CRIMES DIVERSOS,CRIMES DIVERSOS: CRIMES INFORMÁTICOS,ES,SANTA TERESA,VILA NOVA,RESIDÊNCIA,crimes_informaticos,digital,2025.0,4.0,ABR,2025-04-01,2.0,QUA,False,19.0,NOITE
2025-04-09,Indeterminada,CRIMES DIVERSOS,CRIMES DIVERSOS: CRIMES INFORMÁTICOS,ES,SAO MATEUS,OUTRO LOCAL,AMBIENTE WEB,crimes_informaticos,digital,2025.0,4.0,ABR,2025-04-01,2.0,QUA,False,,
2025-04-09,12:00:00,CRIMES DIVERSOS,CRIMES DIVERSOS: CRIMES INFORMÁTICOS,ES,COLATINA,CENTRO,AMBIENTE WEB,crimes_informaticos,digital,2025.0,4.0,ABR,2025-04-01,2.0,QUA,False,12.0,TARDE
2025-04-09,19:00:00,CRIMES DIVERSOS,CRIMES DIVERSOS: CRIMES INFORMÁTICOS,ES,CARIACICA,CAMPO GRANDE,AMBIENTE WEB,crimes_informaticos,digital,2025.0,4.0,ABR,2025-04-01,2.0,QUA,False,19.0,NOITE
2025-04-09,13:00:00,CRIMES DIVERSOS,CRIMES DIVERSOS: CRIMES INFORMÁTICOS,ES,COLATINA,SANTOS DUMONT,OUTRO LOCAL,crimes_informaticos,digital,2025.0,4.0,ABR,2025-04-01,2.0,QUA,False,13.0,TARDE
2025-04-09,20:36:00,CRIMES DIVERSOS,CRIMES DIVERSOS: CRIMES INFORMÁTICOS,ES,CARIACICA,MORADA DE SANTA FE,RESIDÊNCIA,crimes_informaticos,digital,2025.0,4.0,ABR,2025-04-01,2.0,QUA,False,20.0,NOITE
2025-04-10,Indeterminada,CRIMES DIVERSOS,CRIMES DIVERSOS: CRIMES INFORMÁTICOS,ES,COLATINA,NOSSA SENHORA DA PENHA,RESIDÊNCIA,crimes_informaticos,digital,2025.0,4.0,ABR,2025-04-01,3.0,QUI,False,,
2025-04-10,14:59:00,CRIMES DIVERSOS,CRIMES DIVERSOS: CRIMES INFORMÁTICOS,ES,COLATINA,SAO SILVANO,RESIDÊNCIA,crimes_informaticos,digital,2025.0,4.0,ABR,2025-04-01,3.0,QUI,False,14.0,TARDE
2025-04-10,Indeterminada,CRIMES DIVERSOS,CRIMES DIVERSOS: CRIMES INFORMÁTICOS,ES,SAO MATEUS,OUTRO LOCAL,OUTRO LOCAL,crimes_informaticos,digital,2025.0,4.0,ABR,2025-04-01,3.0,QUI,False,,
2025-04-10,15:30:00,CRIMES DIVERSOS,CRIMES DIVERSOS: CRIMES INFORMÁTICOS,ES,COLATINA,CENTRO,COMÉRCIO,crimes_informaticos,digital,2025.0,4.0,ABR,2025-04-01,3.0,QUI,False,15.0,TARDE
2025-04-10,12:00:00,CRIMES DIVERSOS,CRIMES DIVERSOS: CRIMES INFORMÁTICOS,ES,PINHEIROS,CENTRO,AMBIENTE WEB,crimes_informaticos,digital,2025.0,4.0,ABR,2025-04-01,3.0,QUI,False,12.0,TARDE
2025-04-10,Indeterminada,CRIMES DIVERSOS,CRIMES DIVERSOS: CRIMES INFORMÁTICOS,ES,SERRA,JARDIM BELA VISTA,RESIDÊNCIA,crimes_informaticos,digital,2025.0,4.0,ABR,2025-04-01,3.0,QUI,False,,
2025-04-10,14:35:00,CRIMES DIVERSOS,CRIMES DIVERSOS: CRIMES INFORMÁTICOS,ES,VITORIA,JARDIM CAMBURI,RESIDÊNCIA,crimes_informaticos,digital,2025.0,4.0,ABR,2025-04-01,3.0,QUI,False,14.0,TARDE
2025-04-10,11:43:00,CRIMES DIVERSOS,CRIMES DIVERSOS: CRIMES INFORMÁTICOS,ES,CARIACICA,SAO FRANCISCO,AMBIENTE WEB,crimes_informaticos,digital,2025.0,4.0,ABR,2025-04-01,3.0,QUI,False,11.0,MANHA
2025-04-10,01:05:00,CRIMES DIVERSOS,CRIMES DIVERSOS: CRIMES INFORMÁTICOS,ES,VITORIA,JARDIM CAMBURI,AMBIENTE WEB,crimes_informaticos,digital,2025.0,4.0,ABR,2025-04-01,3.0,QUI,False,1.0,MADRUGADA
2025-04-10,12:13:00,CRIMES DIVERSOS,CRIMES DIVERSOS: CRIMES INFORMÁTICOS,ES,CARIACICA,SAO GERALDO,AMBIENTE WEB,crimes_informaticos,digital,2025.0,4.0,ABR,2025-04-01,3.0,QUI,False,12.0,TARDE
2025-04-11,13:39:00,CRIMES DIVERSOS,CRIMES DIVERSOS: CRIMES INFORMÁTICOS,ES,MANTENOPOLIS,SAO JOSE DE MANTENOPOLIS,AMBIENTE WEB,crimes_informaticos,digital,2025.0,4.0,ABR,2025-04-01,4.0,SEX,False,13.0,TARDE
2025-04-11,08:54:00,CRIMES DIVERSOS,CRIMES DIVERSOS: CRIMES INFORMÁTICOS,ES,VITORIA,JARDIM CAMBURI,AMBIENTE WEB,crimes_informaticos,digital,2025.0,4.0,ABR,2025-04-01,4.0,SEX,False,8.0,MANHA
2025-04-11,12:55:00,CRIMES DIVERSOS,CRIMES DIVERSOS: CRIMES INFORMÁTICOS,ES,CONCEICAO DA BARRA,CHACARA DO ATLANTICO,OUTRO LOCAL,crimes_informaticos,digital,2025.0,4.0,ABR,2025-04-01,4.0,SEX,False,12.0,TARDE
2025-04-11,12:00:00,CRIMES DIVERSOS,CRIMES DIVERSOS: CRIMES INFORMÁTICOS,ES,PIUMA,MONTE AGHA,COMÉRCIO,crimes_informaticos,digital,2025.0,4.0,ABR,2025-04-01,4.0,SEX,False,12.0,TARDE
2025-04-11,12:40:00,CRIMES DIVERSOS,CRIMES DIVERSOS: CRIMES INFORMÁTICOS,ES,COLATINA,MOACYR BROTAS,OUTRO LOCAL,crimes_informaticos,digital,2025.0,4.0,ABR,2025-04-01,4.0,SEX,False,12.0,TARDE
2025-04-11,18:35:00,CRIMES DIVERSOS,CRIMES DIVERSOS: CRIMES INFORMÁTICOS,ES,CARIACICA,CAMPO GRANDE,AMBIENTE WEB,crimes_informaticos,digital,2025.0,4.0,ABR,2025-04-01,4.0,SEX,False,18.0,NOITE
2025-04-12,05:00:00,CRIMES DIVERSOS,CRIMES DIVERSOS: CRIMES INFORMÁTICOS,ES,ARACRUZ,SANTA CRUZ,RESIDÊNCIA,crimes_informaticos,digital,2025.0,4.0,ABR,2025-04-01,5.0,SAB,True,5.0,MADRUGADA
2025-04-12,22:00:00,CRIMES DIVERSOS,CRIMES DIVERSOS: CRIMES INFORMÁTICOS,ES,VILA VELHA,OUTRO LOCAL,AMBIENTE WEB,crimes_informaticos,digital,2025.0,4.0,ABR,2025-04-01,5.0,SAB,True,22.0,NOITE
2025-04-12,00:00:00,CRIMES DIVERSOS,CRIMES DIVERSOS: CRIMES INFORMÁTICOS,ES,VIANA,MARCILIO DE NORONHA,AMBIENTE WEB,crimes_informaticos,digital,2025.0,4.0,ABR,2025-04-01,5.0,SAB,True,0.0,MADRUGADA
2025-05-01,23:00:00,CRIMES DIVERSOS,CRIMES DIVERSOS: CRIMES INFORMÁTICOS,ES,SERRA,PLANALTO SERRANO,OUTRO LOCAL,crimes_informaticos,digital,2025.0,5.0,MAI,2025-05-01,3.0,QUI,False,23.0,NOITE
2025-05-01,19:00:00,CRIMES DIVERSOS,CRIMES DIVERSOS: CRIMES INFORMÁTICOS,ES,CARIACICA,MORADA DE SANTA FE,RESIDÊNCIA,crimes_informaticos,digital,2025.0,5.0,MAI,2025-05-01,3.0,QUI,False,19.0,NOITE
2025-05-01,Indeterminada,CRIMES DIVERSOS,CRIMES DIVERSOS: CRIMES INFORMÁTICOS,ES,ARACRUZ,OUTRO LOCAL,AMBIENTE WEB,crimes_informaticos,digital,2025.0,5.0,MAI,2025-05-01,3.0,QUI,False,,
2025-05-02,Indeterminada,CRIMES DIVERSOS,CRIMES DIVERSOS: CRIMES INFORMÁTICOS,ES,PINHEIROS,GALILEIA,AMBIENTE WEB,crimes_informaticos,digital,2025.0,5.0,MAI,2025-05-01,4.0,SEX,False,,
2025-05-02,Indeterminada,CRIMES DIVERSOS,CRIMES DIVERSOS: CRIMES INFORMÁTICOS,ES,VITORIA,BONFIM,AMBIENTE WEB,crimes_informaticos,digital,2025.0,5.0,MAI,2025-05-01,4.0,SEX,False,,
2025-05-02,16:05:00,CRIMES DIVERSOS,CRIMES DIVERSOS: CRIMES INFORMÁTICOS,ES,ICONHA,MORADA DO SOL,INDUSTRIA,crimes_informaticos,digital,2025.0,5.0,MAI,2025-05-01,4.0,SEX,False,16.0,TARDE
2025-05-02,11:25:00,CRIMES DIVERSOS,CRIMES DIVERSOS: CRIMES INFORMÁTICOS,ES,CARIACICA,SANTA BARBARA,RESIDÊNCIA,crimes_informaticos,digital,2025.0,5.0,MAI,2025-05-01,4.0,SEX,False,11.0,MANHA
2025-05-02,09:00:00,CRIMES DIVERSOS,CRIMES DIVERSOS: CRIMES INFORMÁTICOS,ES,ARACRUZ,OUTRO LOCAL,OUTRO LOCAL,crimes_informaticos,digital,2025.0,5.0,MAI,2025-05-01,4.0,SEX,False,9.0,MANHA
2025-05-02,10:01:00,CRIMES DIVERSOS,CRIMES DIVERSOS: CRIMES INFORMÁTICOS,ES,SERRA,NOVO HORIZONTE,ESCRITORIO,crimes_informaticos,digital,2025.0,5.0,MAI,2025-05-01,4.0,SEX,False,10.0,MANHA
2025-05-03,04:00:00,CRIMES DIVERSOS,CRIMES DIVERSOS: CRIMES INFORMÁTICOS,ES,SERRA,VALPARAISO,AMBIENTE WEB,crimes_informaticos,digital,2025.0,5.0,MAI,2025-05-01,5.0,SAB,True,4.0,MADRUGADA
2025-05-03,15:00:00,CRIMES DIVERSOS,CRIMES DIVERSOS: CRIMES INFORMÁTICOS,ES,COLATINA,MARIA DAS GRACAS,VIA PÚBLICA,crimes_informaticos,digital,2025.0,5.0,MAI,2025-05-01,5.0,SAB,True,15.0,TARDE
2025-05-04,02:10:00,CRIMES DIVERSOS,CRIMES DIVERSOS: CRIMES INFORMÁTICOS,ES,ARACRUZ,IRAJA,RESIDÊNCIA,crimes_informaticos,digital,2025.0,5.0,MAI,2025-05-01,6.0,DOM,True,2.0,MADRUGADA
2025-05-04,18:47:00,CRIMES DIVERSOS,CRIMES DIVERSOS: CRIMES INFORMÁTICOS,ES,PINHEIROS,COLINA,AMBIENTE WEB,crimes_informaticos,digital,2025.0,5.0,MAI,2025-05-01,6.0,DOM,True,18.0,NOITE
2025-05-04,Indeterminada,CRIMES DIVERSOS,CRIMES DIVERSOS: CRIMES INFORMÁTICOS,ES,SAO MATEUS,OUTRO LOCAL,AMBIENTE WEB,crimes_informaticos,digital,2025.0,5.0,MAI,2025-05-01,6.0,DOM,True,,
2025-05-05,09:17:00,CRIMES DIVERSOS,CRIMES DIVERSOS: CRIMES INFORMÁTICOS,ES,ARACRUZ,PLANALTO,AMBIENTE WEB,crimes_informaticos,digital,2025.0,5.0,MAI,2025-05-01,0.0,SEG,False,9.0,MANHA
2025-05-05,00:00:00,CRIMES DIVERSOS,CRIMES DIVERSOS: CRIMES INFORMÁTICOS,ES,PINHEIROS,DOMICIANO,AMBIENTE WEB,crimes_informaticos,digital,2025.0,5.0,MAI,2025-05-01,0.0,SEG,False,0.0,MADRUGADA
2025-05-05,10:00:00,CRIMES DIVERSOS,CRIMES DIVERSOS: CRIMES INFORMÁTICOS,ES,VITORIA,MATA DA PRAIA,RESIDÊNCIA,crimes_informaticos,digital,2025.0,5.0,MAI,2025-05-01,0.0,SEG,False,10.0,MANHA
2025-05-05,07:00:00,CRIMES DIVERSOS,CRIMES DIVERSOS: CRIMES INFORMÁTICOS,ES,VITORIA,JARDIM CAMBURI,INDUSTRIA,crimes_informaticos,digital,2025.0,5.0,MAI,2025-05-01,0.0,SEG,False,7.0,MANHA
2025-05-06,08:30:00,CRIMES DIVERSOS,CRIMES DIVERSOS: CRIMES INFORMÁTICOS,ES,SAO MATEUS,OUTRO LOCAL,AMBIENTE WEB,crimes_informaticos,digital,2025.0,5.0,MAI,2025-05-01,1.0,TER,False,8.0,MANHA
2025-05-06,Indeterminada,CRIMES DIVERSOS,CRIMES DIVERSOS: CRIMES INFORMÁTICOS,ES,SAO MATEUS,OUTRO LOCAL,AMBIENTE WEB,crimes_informaticos,digital,2025.0,5.0,MAI,2025-05-01,1.0,TER,False,,
2025-05-06,12:16:00,CRIMES DIVERSOS,CRIMES DIVERSOS: CRIMES INFORMÁTICOS,ES,PINHEIROS,CENTRO,AGÊNCIA BANCÁRIA,crimes_informaticos,digital,2025.0,5.0,MAI,2025-05-01,1.0,TER,False,12.0,TARDE
2025-05-06,08:44:00,CRIMES DIVERSOS,CRIMES DIVERSOS: CRIMES INFORMÁTICOS,ES,ARACRUZ,CUPIDO,AMBIENTE WEB,crimes_informaticos,digital,2025.0,5.0,MAI,2025-05-01,1.0,TER,False,8.0,MANHA
2025-05-06,Indeterminada,CRIMES DIVERSOS,CRIMES DIVERSOS: CRIMES INFORMÁTICOS,ES,PINHEIROS,OUTRO LOCAL,AMBIENTE WEB,crimes_informaticos,digital,2025.0,5.0,MAI,2025-05-01,1.0,TER,False,,
2025-05-06,19:12:00,CRIMES DIVERSOS,CRIMES DIVERSOS: CRIMES INFORMÁTICOS,ES,ARACRUZ,OUTRO LOCAL,AMBIENTE WEB,crimes_informaticos,digital,2025.0,5.0,MAI,2025-05-01,1.0,TER,False,19.0,NOITE
2025-05-06,07:30:00,CRIMES DIVERSOS,CRIMES DIVERSOS: CRIMES INFORMÁTICOS,ES,SANTA TERESA,SANTO ANTONIO DO CANAA,AMBIENTE WEB,crimes_informaticos,digital,2025.0,5.0,MAI,2025-05-01,1.0,TER,False,7.0,MANHA
2025-05-06,08:00:00,CRIMES DIVERSOS,CRIMES DIVERSOS: CRIMES INFORMÁTICOS,ES,MUCURICI,CENTRO,REPARTICAO PUBLICA,crimes_informaticos,digital,2025.0,5.0,MAI,2025-05-01,1.0,TER,False,8.0,MANHA
2025-05-06,01:59:00,CRIMES DIVERSOS,CRIMES DIVERSOS: CRIMES INFORMÁTICOS,ES,VITORIA,JARDIM CAMBURI,RESIDÊNCIA,crimes_informaticos,digital,2025.0,5.0,MAI,2025-05-01,1.0,TER,False,1.0,MADRUGADA
2025-05-06,Indeterminada,CRIMES DIVERSOS,CRIMES DIVERSOS: CRIMES INFORMÁTICOS,ES,COLATINA,OPERARIO,RESIDÊNCIA,crimes_informaticos,digital,2025.0,5.0,MAI,2025-05-01,1.0,TER,False,,
2025-05-06,Indeterminada,CRIMES DIVERSOS,CRIMES DIVERSOS: CRIMES INFORMÁTICOS,ES,CACHOEIRO DE ITAPEMIRIM,NOSSA SENHORA DE FATIMA,AMBIENTE WEB,crimes_informaticos,digital,2025.0,5.0,MAI,2025-05-01,1.0,TER,False,,
2025-05-06,Indeterminada,CRIMES DIVERSOS,CRIMES DIVERSOS: CRIMES INFORMÁTICOS,ES,VITORIA,DE LOURDES,AMBIENTE WEB,crimes_informaticos,digital,2025.0,5.0,MAI,2025-05-01,1.0,TER,False,,
2025-05-06,09:08:00,CRIMES DIVERSOS,CRIMES DIVERSOS: CRIMES INFORMÁTICOS,ES,ANCHIETA,CENTRO,AMBIENTE WEB,crimes_informaticos,digital,2025.0,5.0,MAI,2025-05-01,1.0,TER,False,9.0,MANHA
2025-05-07,11:30:00,CRIMES DIVERSOS,CRIMES DIVERSOS: CRIMES INFORMÁTICOS,ES,ARACRUZ,OUTRO LOCAL,AMBIENTE WEB,crimes_informaticos,digital,2025.0,5.0,MAI,2025-05-01,2.0,QUA,False,11.0,MANHA
2025-05-07,10:12:00,CRIMES DIVERSOS,CRIMES DIVERSOS: CRIMES INFORMÁTICOS,ES,CONCEICAO DO CASTELO,CENTRO,AMBIENTE WEB,crimes_informaticos,digital,2025.0,5.0,MAI,2025-05-01,2.0,QUA,False,10.0,MANHA
2025-05-07,15:16:00,CRIMES DIVERSOS,CRIMES DIVERSOS: CRIMES INFORMÁTICOS,ES,PINHEIROS,DOMICIANO,AMBIENTE WEB,crimes_informaticos,digital,2025.0,5.0,MAI,2025-05-01,2.0,QUA,False,15.0,TARDE
2025-05-07,14:35:00,CRIMES DIVERSOS,CRIMES DIVERSOS: CRIMES INFORMÁTICOS,ES,VILA VELHA,ZONA NAO IDENTIFICADA I,AMBIENTE WEB,crimes_informaticos,digital,2025.0,5.0,MAI,2025-05-01,2.0,QUA,False,14.0,TARDE
2025-05-07,17:00:00,CRIMES DIVERSOS,CRIMES DIVERSOS: CRIMES INFORMÁTICOS,ES,CARIACICA,CAMPO GRANDE,ESCRITORIO,crimes_informaticos,digital,2025.0,5.0,MAI,2025-05-01,2.0,QUA,False,17.0,TARDE
2025-05-07,11:43:00,CRIMES DIVERSOS,CRIMES DIVERSOS: CRIMES INFORMÁTICOS,ES,SERRA,VILA NOVA DE COLARES,AMBIENTE WEB,crimes_informaticos,digital,2025.0,5.0,MAI,2025-05-01,2.0,QUA,False,11.0,MANHA
2025-05-07,15:12:00,CRIMES DIVERSOS,CRIMES DIVERSOS: CRIMES INFORMÁTICOS,ES,CARIACICA,BOA SORTE,RESIDÊNCIA,crimes_informaticos,digital,2025.0,5.0,MAI,2025-05-01,2.0,QUA,False,15.0,TARDE
2025-05-07,14:30:00,CRIMES DIVERSOS,CRIMES DIVERSOS: CRIMES INFORMÁTICOS,ES,SERRA,VILA NOVA DE COLARES,OUTRO LOCAL,crimes_informaticos,digital,2025.0,5.0,MAI,2025-05-01,2.0,QUA,False,14.0,TARDE
2025-05-07,09:43:00,CRIMES DIVERSOS,CRIMES DIVERSOS: CRIMES INFORMÁTICOS,ES,ARACRUZ,COQUEIRAL,VIA PÚBLICA,crimes_informaticos,digital,2025.0,5.0,MAI,2025-05-01,2.0,QUA,False,9.0,MANHA
2025-05-07,07:36:00,CRIMES DIVERSOS,CRIMES DIVERSOS: CRIMES INFORMÁTICOS,ES,VILA VELHA,DIVINO ESPIRITO SANTO,AMBIENTE WEB,crimes_informaticos,digital,2025.0,5.0,MAI,2025-05-01,2.0,QUA,False,7.0,MANHA
2025-05-08,14:10:00,CRIMES DIVERSOS,CRIMES DIVERSOS: CRIMES INFORMÁTICOS,ES,CARIACICA,ITACIBA,COMÉRCIO,crimes_informaticos,digital,2025.0,5.0,MAI,2025-05-01,3.0,QUI,False,14.0,TARDE
2025-05-08,Indeterminada,CRIMES DIVERSOS,CRIMES DIVERSOS: CRIMES INFORMÁTICOS,ES,CONCEICAO DO CASTELO,CENTRO,OUTRO LOCAL,crimes_informaticos,digital,2025.0,5.0,MAI,2025-05-01,3.0,QUI,False,,
2025-05-08,19:00:00,CRIMES DIVERSOS,CRIMES DIVERSOS: CRIMES INFORMÁTICOS,ES,COLATINA,COLUMBIA,OUTRO LOCAL,crimes_informaticos,digital,2025.0,5.0,MAI,2025-05-01,3.0,QUI,False,19.0,NOITE
2025-05-09,12:45:00,CRIMES DIVERSOS,CRIMES DIVERSOS: CRIMES INFORMÁTICOS,ES,ARACRUZ,OUTRO LOCAL,AMBIENTE WEB,crimes_informaticos,digital,2025.0,5.0,MAI,2025-05-01,4.0,SEX,False,12.0,TARDE
2025-05-09,18:30:00,CRIMES DIVERSOS,CRIMES DIVERSOS: CRIMES INFORMÁTICOS,ES,COLATINA,SAO SILVANO,AMBIENTE WEB,crimes_informaticos,digital,2025.0,5.0,MAI,2025-05-01,4.0,SEX,False,18.0,NOITE
2025-05-09,11:00:00,CRIMES DIVERSOS,CRIMES DIVERSOS: CRIMES INFORMÁTICOS,ES,SERRA,NOVA CARAPINA I,AMBIENTE WEB,crimes_informaticos,digital,2025.0,5.0,MAI,2025-05-01,4.0,SEX,False,11.0,MANHA
2025-05-09,19:00:00,CRIMES DIVERSOS,CRIMES DIVERSOS: CRIMES INFORMÁTICOS,ES,ICONHA,CENTRO,OUTRO LOCAL,crimes_informaticos,digital,2025.0,5.0,MAI,2025-05-01,4.0,SEX,False,19.0,NOITE
2025-05-09,Indeterminada,CRIMES DIVERSOS,CRIMES DIVERSOS: CRIMES INFORMÁTICOS,ES,PINHEIROS,OUTRO LOCAL,AMBIENTE WEB,crimes_informaticos,digital,2025.0,5.0,MAI,2025-05-01,4.0,SEX,False,,
2025-05-09,09:00:00,CRIMES DIVERSOS,CRIMES DIVERSOS: CRIMES INFORMÁTICOS,ES,CASTELO,CENTRO,RESIDÊNCIA,crimes_informaticos,digital,2025.0,5.0,MAI,2025-05-01,4.0,SEX,False,9.0,MANHA
2025-05-09,Indeterminada,CRIMES DIVERSOS,CRIMES DIVERSOS: CRIMES INFORMÁTICOS,ES,SERRA,HELIO FERRAZ,AMBIENTE WEB,crimes_informaticos,digital,2025.0,5.0,MAI,2025-05-01,4.0,SEX,False,,
2025-05-10,11:11:00,CRIMES DIVERSOS,CRIMES DIVERSOS: CRIMES INFORMÁTICOS,ES,COLATINA,SAO PEDRO,AMBIENTE WEB,crimes_informaticos,digital,2025.0,5.0,MAI,2025-05-01,5.0,SAB,True,11.0,MANHA
2025-05-10,15:00:00,CRIMES DIVERSOS,CRIMES DIVERSOS: CRIMES INFORMÁTICOS,ES,AGUIA BRANCA,OUTRO LOCAL,OUTRO LOCAL,crimes_informaticos,digital,2025.0,5.0,MAI,2025-05-01,5.0,SAB,True,15.0,TARDE
2025-05-10,12:30:00,CRIMES DIVERSOS,CRIMES DIVERSOS: CRIMES INFORMÁTICOS,ES,CASTELO,CENTRO,OUTRO LOCAL,crimes_informaticos,digital,2025.0,5.0,MAI,2025-05-01,5.0,SAB,True,12.0,TARDE
2025-05-10,16:00:00,CRIMES DIVERSOS,CRIMES DIVERSOS: CRIMES INFORMÁTICOS,ES,SERRA,SANTO ANTONIO,OUTRO LOCAL,crimes_informaticos,digital,2025.0,5.0,MAI,2025-05-01,5.0,SAB,True,16.0,TARDE
2025-05-10,Indeterminada,CRIMES DIVERSOS,CRIMES DIVERSOS: CRIMES INFORMÁTICOS,ES,BARRA DE SAO FRANCISCO,CENTRO,AMBIENTE WEB,crimes_informaticos,digital,2025.0,5.0,MAI,2025-05-01,5.0,SAB,True,,
2025-05-10,12:17:00,CRIMES DIVERSOS,CRIMES DIVERSOS: CRIMES INFORMÁTICOS,ES,CARIACICA,ROSA DA PENHA,AMBIENTE WEB,crimes_informaticos,digital,2025.0,5.0,MAI,2025-05-01,5.0,SAB,True,12.0,TARDE
2025-05-10,Indeterminada,CRIMES DIVERSOS,CRIMES DIVERSOS: CRIMES INFORMÁTICOS,ES,SERRA,CIDADE CONTINENTAL,AMBIENTE WEB,crimes_informaticos,digital,2025.0,5.0,MAI,2025-05-01,5.0,SAB,True,,
2025-05-10,14:20:00,CRIMES DIVERSOS,CRIMES DIVERSOS: CRIMES INFORMÁTICOS,ES,SERRA,NOVO PORTO CANOA,AMBIENTE WEB,crimes_informaticos,digital,2025.0,5.0,MAI,2025-05-01,5.0,SAB,True,14.0,TARDE
2025-05-11,09:30:00,CRIMES DIVERSOS,CRIMES DIVERSOS: CRIMES INFORMÁTICOS,ES,CASTELO,ARACUI,OUTRO LOCAL,crimes_informaticos,digital,2025.0,5.0,MAI,2025-05-01,6.0,DOM,True,9.0,MANHA
2025-05-12,11:00:00,CRIMES DIVERSOS,CRIMES DIVERSOS: CRIMES INFORMÁTICOS,ES,VENDA NOVA DO IMIGRANTE,ZONA RURAL,AMBIENTE WEB,crimes_informaticos,digital,2025.0,5.0,MAI,2025-05-01,0.0,SEG,False,11.0,MANHA
2025-05-12,18:00:00,CRIMES DIVERSOS,CRIMES DIVERSOS: CRIMES INFORMÁTICOS,ES,MANTENOPOLIS,IPIRANGA,OUTRO LOCAL,crimes_informaticos,digital,2025.0,5.0,MAI,2025-05-01,0.0,SEG,False,18.0,NOITE
2025-05-12,17:00:00,CRIMES DIVERSOS,CRIMES DIVERSOS: CRIMES INFORMÁTICOS,ES,ICONHA,JARDIM JANDYRA,AMBIENTE WEB,crimes_informaticos,digital,2025.0,5.0,MAI,2025-05-01,0.0,SEG,False,17.0,TARDE
2025-05-12,14:00:00,CRIMES DIVERSOS,CRIMES DIVERSOS: CRIMES INFORMÁTICOS,ES,ANCHIETA,OUTRO LOCAL,AMBIENTE WEB,crimes_informaticos,digital,2025.0,5.0,MAI,2025-05-01,0.0,SEG,False,14.0,TARDE
2025-05-12,Indeterminada,CRIMES DIVERSOS,CRIMES DIVERSOS: CRIMES INFORMÁTICOS,ES,SAO MATEUS,OUTRO LOCAL,AMBIENTE WEB,crimes_informaticos,digital,2025.0,5.0,MAI,2025-05-01,0.0,SEG,False,,
2025-05-12,15:43:00,CRIMES DIVERSOS,CRIMES DIVERSOS: CRIMES INFORMÁTICOS,ES,VITORIA,MATA DA PRAIA,AMBIENTE WEB,crimes_informaticos,digital,2025.0,5.0,MAI,2025-05-01,0.0,SEG,False,15.0,TARDE
2025-05-12,08:00:00,CRIMES DIVERSOS,CRIMES DIVERSOS: CRIMES INFORMÁTICOS,ES,SERRA,SERRA DOURADA II,OUTRO LOCAL,crimes_informaticos,digital,2025.0,5.0,MAI,2025-05-01,0.0,SEG,False,8.0,MANHA
2025-05-12,18:09:00,CRIMES DIVERSOS,CRIMES DIVERSOS: CRIMES INFORMÁTICOS,ES,SERRA,CIDADE CONTINENTAL,AMBIENTE WEB,crimes_informaticos,digital,2025.0,5.0,MAI,2025-05-01,0.0,SEG,False,18.0,NOITE
2025-05-12,20:00:00,CRIMES DIVERSOS,CRIMES DIVERSOS: CRIMES INFORMÁTICOS,ES,CASTELO,BELA VISTA,RESIDÊNCIA,crimes_informaticos,digital,2025.0,5.0,MAI,2025-05-01,0.0,SEG,False,20.0,NOITE
2025-05-12,16:45:00,CRIMES DIVERSOS,CRIMES DIVERSOS: CRIMES INFORMÁTICOS,ES,SERRA,BICANGA,AMBIENTE WEB,crimes_informaticos,digital,2025.0,5.0,MAI,2025-05-01,0.0,SEG,False,16.0,TARDE
2025-05-12,10:57:00,CRIMES DIVERSOS,CRIMES DIVERSOS: CRIMES INFORMÁTICOS,ES,ANCHIETA,OLIVEIRA,AMBIENTE WEB,crimes_informaticos,digital,2025.0,5.0,MAI,2025-05-01,0.0,SEG,False,10.0,MANHA
2025-06-02,06:00:00,CRIMES DIVERSOS,CRIMES DIVERSOS: CRIMES INFORMÁTICOS,ES,ARACRUZ,OUTRO LOCAL,AMBIENTE WEB,crimes_informaticos,digital,2025.0,6.0,JUN,2025-06-01,0.0,SEG,False,6.0,MANHA
2025-06-02,Indeterminada,CRIMES DIVERSOS,CRIMES DIVERSOS: CRIMES INFORMÁTICOS,ES,ARACRUZ,OUTRO LOCAL,AMBIENTE WEB,crimes_informaticos,digital,2025.0,6.0,JUN,2025-06-01,0.0,SEG,False,,
2025-06-02,22:00:00,CRIMES DIVERSOS,CRIMES DIVERSOS: CRIMES INFORMÁTICOS,ES,CARIACICA,NOVO BRASIL,AMBIENTE WEB,crimes_informaticos,digital,2025.0,6.0,JUN,2025-06-01,0.0,SEG,False,22.0,NOITE
2025-06-02,06:00:00,CRIMES DIVERSOS,CRIMES DIVERSOS: CRIMES INFORMÁTICOS,ES,VITORIA,JARDIM CAMBURI,OUTRO LOCAL,crimes_informaticos,digital,2025.0,6.0,JUN,2025-06-01,0.0,SEG,False,6.0,MANHA
2025-06-02,12:00:00,CRIMES DIVERSOS,CRIMES DIVERSOS: CRIMES INFORMÁTICOS,ES,ECOPORANGA,ZONA RURAL,RESIDÊNCIA,crimes_informaticos,digital,2025.0,6.0,JUN,2025-06-01,0.0,SEG,False,12.0,TARDE
2025-06-03,Indeterminada,CRIMES DIVERSOS,CRIMES DIVERSOS: CRIMES INFORMÁTICOS,ES,ARACRUZ,OUTRO LOCAL,AMBIENTE WEB,crimes_informaticos,digital,2025.0,6.0,JUN,2025-06-01,1.0,TER,False,,
2025-06-03,13:00:00,CRIMES DIVERSOS,CRIMES DIVERSOS: CRIMES INFORMÁTICOS,ES,COLATINA,CENTRO,AMBIENTE WEB,crimes_informaticos,digital,2025.0,6.0,JUN,2025-06-01,1.0,TER,False,13.0,TARDE
2025-06-04,11:38:00,CRIMES DIVERSOS,CRIMES DIVERSOS: CRIMES INFORMÁTICOS,ES,VITORIA,CONSOLACAO,AMBIENTE WEB,crimes_informaticos,digital,2025.0,6.0,JUN,2025-06-01,2.0,QUA,False,11.0,MANHA
2025-06-04,12:30:00,CRIMES DIVERSOS,CRIMES DIVERSOS: CRIMES INFORMÁTICOS,ES,SERRA,CENTRAL CARAPINA,AMBIENTE WEB,crimes_informaticos,digital,2025.0,6.0,JUN,2025-06-01,2.0,QUA,False,12.0,TARDE
2025-06-04,13:20:00,CRIMES DIVERSOS,CRIMES DIVERSOS: CRIMES INFORMÁTICOS,ES,VITORIA,CENTRO,AMBIENTE WEB,crimes_informaticos,digital,2025.0,6.0,JUN,2025-06-01,2.0,QUA,False,13.0,TARDE
2025-06-04,Indeterminada,CRIMES DIVERSOS,CRIMES DIVERSOS: CRIMES INFORMÁTICOS,ES,PINHEIROS,OUTRO LOCAL,AMBIENTE WEB,crimes_informaticos,digital,2025.0,6.0,JUN,2025-06-01,2.0,QUA,False,,
2025-06-04,Indeterminada,CRIMES DIVERSOS,CRIMES DIVERSOS: CRIMES INFORMÁTICOS,ES,PINHEIROS,OUTRO LOCAL,AMBIENTE WEB,crimes_informaticos,digital,2025.0,6.0,JUN,2025-06-01,2.0,QUA,False,,
2025-06-04,22:28:00,CRIMES DIVERSOS,CRIMES DIVERSOS: CRIMES INFORMÁTICOS,ES,VITORIA,JARDIM CAMBURI,OUTRO LOCAL,crimes_informaticos,digital,2025.0,6.0,JUN,2025-06-01,2.0,QUA,False,22.0,NOITE
2025-06-04,09:00:00,CRIMES DIVERSOS,CRIMES DIVERSOS: CRIMES INFORMÁTICOS,ES,VITORIA,JARDIM CAMBURI,RESIDÊNCIA,crimes_informaticos,digital,2025.0,6.0,JUN,2025-06-01,2.0,QUA,False,9.0,MANHA
2025-06-04,12:35:00,CRIMES DIVERSOS,CRIMES DIVERSOS: CRIMES INFORMÁTICOS,ES,CONCEICAO DA BARRA,FLORESTA,AMBIENTE WEB,crimes_informaticos,digital,2025.0,6.0,JUN,2025-06-01,2.0,QUA,False,12.0,TARDE
2025-06-04,09:36:00,CRIMES DIVERSOS,CRIMES DIVERSOS: CRIMES INFORMÁTICOS,ES,PINHEIROS,VILA VERDE,AMBIENTE WEB,crimes_informaticos,digital,2025.0,6.0,JUN,2025-06-01,2.0,QUA,False,9.0,MANHA
2025-06-05,06:08:00,CRIMES DIVERSOS,CRIMES DIVERSOS: CRIMES INFORMÁTICOS,ES,VITORIA,JARDIM CAMBURI,AGÊNCIA BANCÁRIA,crimes_informaticos,digital,2025.0,6.0,JUN,2025-06-01,3.0,QUI,False,6.0,MANHA
2025-06-05,Indeterminada,CRIMES DIVERSOS,CRIMES DIVERSOS: CRIMES INFORMÁTICOS,ES,PINHEIROS,CENTRO,AMBIENTE WEB,crimes_informaticos,digital,2025.0,6.0,JUN,2025-06-01,3.0,QUI,False,,
2025-06-05,22:10:00,CRIMES DIVERSOS,CRIMES DIVERSOS: CRIMES INFORMÁTICOS,ES,VITORIA,JARDIM CAMBURI,OUTRO LOCAL,crimes_informaticos,digital,2025.0,6.0,JUN,2025-06-01,3.0,QUI,False,22.0,NOITE
2025-06-05,12:00:00,CRIMES DIVERSOS,CRIMES DIVERSOS: CRIMES INFORMÁTICOS,ES,VITORIA,JARDIM CAMBURI,AMBIENTE WEB,crimes_informaticos,digital,2025.0,6.0,JUN,2025-06-01,3.0,QUI,False,12.0,TARDE
2025-06-05,11:00:00,CRIMES DIVERSOS,CRIMES DIVERSOS: CRIMES INFORMÁTICOS,ES,COLATINA,SAO SILVANO,ESCRITORIO,crimes_informaticos,digital,2025.0,6.0,JUN,2025-06-01,3.0,QUI,False,11.0,MANHA
2025-06-05,16:45:00,CRIMES DIVERSOS,CRIMES DIVERSOS: CRIMES INFORMÁTICOS,ES,VARGEM ALTA,CENTRO,ESCRITORIO,crimes_informaticos,digital,2025.0,6.0,JUN,2025-06-01,3.0,QUI,False,16.0,TARDE
2025-06-05,12:00:00,CRIMES DIVERSOS,CRIMES DIVERSOS: CRIMES INFORMÁTICOS,ES,VITORIA,JARDIM CAMBURI,AMBIENTE WEB,crimes_informaticos,digital,2025.0,6.0,JUN,2025-06-01,3.0,QUI,False,12.0,TARDE
2025-06-05,20:57:00,CRIMES DIVERSOS,CRIMES DIVERSOS: CRIMES INFORMÁTICOS,ES,VITORIA,MATA DA PRAIA,AMBIENTE WEB,crimes_informaticos,digital,2025.0,6.0,JUN,2025-06-01,3.0,QUI,False,20.0,NOITE
2025-06-05,Indeterminada,CRIMES DIVERSOS,CRIMES DIVERSOS: CRIMES INFORMÁTICOS,ES,VILA VELHA,PRAIA DA COSTA,AMBIENTE WEB,crimes_informaticos,digital,2025.0,6.0,JUN,2025-06-01,3.0,QUI,False,,
2025-06-05,Indeterminada,CRIMES DIVERSOS,CRIMES DIVERSOS: CRIMES INFORMÁTICOS,ES,CARIACICA,CAMPO GRANDE,AMBIENTE WEB,crimes_informaticos,digital,2025.0,6.0,JUN,2025-06-01,3.0,QUI,False,,
2025-06-05,23:00:00,CRIMES DIVERSOS,CRIMES DIVERSOS: CRIMES INFORMÁTICOS,ES,VILA VELHA,PRAIA DA COSTA,RESIDÊNCIA,crimes_informaticos,digital,2025.0,6.0,JUN,2025-06-01,3.0,QUI,False,23.0,NOITE
2025-06-05,08:00:00,CRIMES DIVERSOS,CRIMES DIVERSOS: CRIMES INFORMÁTICOS,ES,SERRA,SAO DOMINGOS,AMBIENTE WEB,crimes_informaticos,digital,2025.0,6.0,JUN,2025-06-01,3.0,QUI,False,8.0,MANHA
2025-06-06,12:34:00,CRIMES DIVERSOS,CRIMES DIVERSOS: CRIMES INFORMÁTICOS,ES,VITORIA,JARDIM CAMBURI,OUTRO LOCAL,crimes_informaticos,digital,2025.0,6.0,JUN,2025-06-01,4.0,SEX,False,12.0,TARDE
2025-06-06,Indeterminada,CRIMES DIVERSOS,CRIMES DIVERSOS: CRIMES INFORMÁTICOS,ES,COLATINA,ZONA RURAL,RESIDÊNCIA,crimes_informaticos,digital,2025.0,6.0,JUN,2025-06-01,4.0,SEX,False,,
2025-06-06,21:00:00,CRIMES DIVERSOS,CRIMES DIVERSOS: CRIMES INFORMÁTICOS,ES,VILA VELHA,ILHA DAS FLORES,OUTRO LOCAL,crimes_informaticos,digital,2025.0,6.0,JUN,2025-06-01,4.0,SEX,False,21.0,NOITE
2025-06-06,17:33:00,CRIMES DIVERSOS,CRIMES DIVERSOS: CRIMES INFORMÁTICOS,ES,SERRA,SERRA CENTRO,VIA PÚBLICA,crimes_informaticos,digital,2025.0,6.0,JUN,2025-06-01,4.0,SEX,False,17.0,TARDE
2025-06-06,06:00:00,CRIMES DIVERSOS,CRIMES DIVERSOS: CRIMES INFORMÁTICOS,ES,GOVERNADOR LINDENBERG,CENTRO,COMÉRCIO,crimes_informaticos,digital,2025.0,6.0,JUN,2025-06-01,4.0,SEX,False,6.0,MANHA
2025-06-07,09:00:00,CRIMES DIVERSOS,CRIMES DIVERSOS: CRIMES INFORMÁTICOS,ES,ANCHIETA,OUTRO LOCAL,RESIDÊNCIA,crimes_informaticos,digital,2025.0,6.0,JUN,2025-06-01,5.0,SAB,True,9.0,MANHA
2025-06-07,Indeterminada,CRIMES DIVERSOS,CRIMES DIVERSOS: CRIMES INFORMÁTICOS,ES,VENDA NOVA DO IMIGRANTE,ZONA RURAL,RESIDÊNCIA,crimes_informaticos,digital,2025.0,6.0,JUN,2025-06-01,5.0,SAB,True,,
2025-06-08,Indeterminada,CRIMES DIVERSOS,CRIMES DIVERSOS: CRIMES INFORMÁTICOS,ES,SERRA,BAIRRO DAS LARANJEIRAS,RESIDÊNCIA,crimes_informaticos,digital,2025.0,6.0,JUN,2025-06-01,6.0,DOM,True,,
2025-06-09,Indeterminada,CRIMES DIVERSOS,CRIMES DIVERSOS: CRIMES INFORMÁTICOS,ES,PINHEIROS,OUTRO LOCAL,AMBIENTE WEB,crimes_informaticos,digital,2025.0,6.0,JUN,2025-06-01,0.0,SEG,False,,
2025-06-09,Indeterminada,CRIMES DIVERSOS,CRIMES DIVERSOS: CRIMES INFORMÁTICOS,ES,VILA VELHA,COCAL,AMBIENTE WEB,crimes_informaticos,digital,2025.0,6.0,JUN,2025-06-01,0.0,SEG,False,,
2025-06-09,12:10:00,CRIMES DIVERSOS,CRIMES DIVERSOS: CRIMES INFORMÁTICOS,ES,SERRA,COLINA DE LARANJEIRAS,RESIDÊNCIA,crimes_informaticos,digital,2025.0,6.0,JUN,2025-06-01,0.0,SEG,False,12.0,TARDE
2025-06-09,14:00:00,CRIMES DIVERSOS,CRIMES DIVERSOS: CRIMES INFORMÁTICOS,ES,SERRA,COLINA DA SERRA,AMBIENTE WEB,crimes_informaticos,digital,2025.0,6.0,JUN,2025-06-01,0.0,SEG,False,14.0,TARDE
2025-06-09,11:30:00,CRIMES DIVERSOS,CRIMES DIVERSOS: CRIMES INFORMÁTICOS,ES,SERRA,JARDIM DA SERRA,RESIDÊNCIA,crimes_informaticos,digital,2025.0,6.0,JUN,2025-06-01,0.0,SEG,False,11.0,MANHA
2025-06-09,14:00:00,CRIMES DIVERSOS,CRIMES DIVERSOS: CRIMES INFORMÁTICOS,ES,PEDRO CANARIO,NOVO HORIZONTE,AMBIENTE WEB,crimes_informaticos,digital,2025.0,6.0,JUN,2025-06-01,0.0,SEG,False,14.0,TARDE
2025-06-09,06:58:00,CRIMES DIVERSOS,CRIMES DIVERSOS: CRIMES INFORMÁTICOS,ES,VILA VELHA,SANTA RITA,AMBIENTE WEB,crimes_informaticos,digital,2025.0,6.0,JUN,2025-06-01,0.0,SEG,False,6.0,MANHA
2025-06-10,21:00:00,CRIMES DIVERSOS,CRIMES DIVERSOS: CRIMES INFORMÁTICOS,ES,ANCHIETA,CENTRO,AMBIENTE WEB,crimes_informaticos,digital,2025.0,6.0,JUN,2025-06-01,1.0,TER,False,21.0,NOITE
2025-06-10,11:30:00,CRIMES DIVERSOS,CRIMES DIVERSOS: CRIMES INFORMÁTICOS,ES,CONCEICAO DA BARRA,ANTONIO LOPEZ,RESIDÊNCIA,crimes_informaticos,digital,2025.0,6.0,JUN,2025-06-01,1.0,TER,False,11.0,MANHA
2025-06-10,Indeterminada,CRIMES DIVERSOS,CRIMES DIVERSOS: CRIMES INFORMÁTICOS,ES,VITORIA,NOVA PALESTINA,AMBIENTE WEB,crimes_informaticos,digital,2025.0,6.0,JUN,2025-06-01,1.0,TER,False,,
2025-06-10,17:40:00,CRIMES DIVERSOS,CRIMES DIVERSOS: CRIMES INFORMÁTICOS,ES,SAO ROQUE DO CANAA,VILA ESPANHOLA,AMBIENTE WEB,crimes_informaticos,digital,2025.0,6.0,JUN,2025-06-01,1.0,TER,False,17.0,TARDE
2025-06-10,09:07:00,CRIMES DIVERSOS,CRIMES DIVERSOS: CRIMES INFORMÁTICOS,ES,VITORIA,JARDIM CAMBURI,AGÊNCIA BANCÁRIA,crimes_informaticos,digital,2025.0,6.0,JUN,2025-06-01,1.0,TER,False,9.0,MANHA
2025-06-10,09:07:00,CRIMES DIVERSOS,CRIMES DIVERSOS: CRIMES INFORMÁTICOS,ES,VITORIA,JARDIM CAMBURI,AGÊNCIA BANCÁRIA,crimes_informaticos,digital,2025.0,6.0,JUN,2025-06-01,1.0,TER,False,9.0,MANHA
2025-06-11,11:00:00,CRIMES DIVERSOS,CRIMES DIVERSOS: CRIMES INFORMÁTICOS,ES,ALFREDO CHAVES,ARAPONGA,AMBIENTE WEB,crimes_informaticos,digital,2025.0,6.0,JUN,2025-06-01,2.0,QUA,False,11.0,MANHA
2025-06-11,14:30:00,CRIMES DIVERSOS,CRIMES DIVERSOS: CRIMES INFORMÁTICOS,ES,CONCEICAO DA BARRA,NOVA BETHANIA,RESIDÊNCIA,crimes_informaticos,digital,2025.0,6.0,JUN,2025-06-01,2.0,QUA,False,14.0,TARDE
2025-06-11,11:53:00,CRIMES DIVERSOS,CRIMES DIVERSOS: CRIMES INFORMÁTICOS,ES,COLATINA,CENTRO,COMÉRCIO,crimes_informaticos,digital,2025.0,6.0,JUN,2025-06-01,2.0,QUA,False,11.0,MANHA
2025-06-11,22:00:00,CRIMES DIVERSOS,CRIMES DIVERSOS: CRIMES INFORMÁTICOS,ES,VITORIA,SANTA MARTHA,AMBIENTE WEB,crimes_informaticos,digital,2025.0,6.0,JUN,2025-06-01,2.0,QUA,False,22.0,NOITE
2025-06-11,12:00:00,CRIMES DIVERSOS,CRIMES DIVERSOS: CRIMES INFORMÁTICOS,ES,CONCEICAO DA BARRA,OUTRO LOCAL,OUTRO LOCAL,crimes_informaticos,digital,2025.0,6.0,JUN,2025-06-01,2.0,QUA,False,12.0,TARDE
2025-06-11,14:00:00,CRIMES DIVERSOS,CRIMES DIVERSOS: CRIMES INFORMÁTICOS,ES,PIUMA,CENTRO,AMBIENTE WEB,crimes_informaticos,digital,2025.0,6.0,JUN,2025-06-01,2.0,QUA,False,14.0,TARDE
2025-06-11,08:00:00,CRIMES DIVERSOS,CRIMES DIVERSOS: CRIMES INFORMÁTICOS,ES,CONCEICAO DA BARRA,CENTRO,OUTRO LOCAL,crimes_informaticos,digital,2025.0,6.0,JUN,2025-06-01,2.0,QUA,False,8.0,MANHA
2025-06-11,16:30:00,CRIMES DIVERSOS,CRIMES DIVERSOS: CRIMES INFORMÁTICOS,ES,CONCEICAO DA BARRA,CENTRO,OUTRO LOCAL,crimes_informaticos,digital,2025.0,6.0,JUN,2025-06-01,2.0,QUA,False,16.0,TARDE
2025-06-12,15:40:00,CRIMES DIVERSOS,CRIMES DIVERSOS: CRIMES INFORMÁTICOS,ES,COLATINA,CENTRO,AMBIENTE WEB,crimes_informaticos,digital,2025.0,6.0,JUN,2025-06-01,3.0,QUI,False,15.0,TARDE
2025-06-12,18:00:00,CRIMES DIVERSOS,CRIMES DIVERSOS: CRIMES INFORMÁTICOS,ES,COLATINA,CENTRO,OUTRO LOCAL,crimes_informaticos,digital,2025.0,6.0,JUN,2025-06-01,3.0,QUI,False,18.0,NOITE
2025-06-12,19:30:00,CRIMES DIVERSOS,CRIMES DIVERSOS: CRIMES INFORMÁTICOS,ES,ANCHIETA,JOAO XXIII,AMBIENTE WEB,crimes_informaticos,digital,2025.0,6.0,JUN,2025-06-01,3.0,QUI,False,19.0,NOITE
2025-06-12,Indeterminada,CRIMES DIVERSOS,CRIMES DIVERSOS: CRIMES INFORMÁTICOS,ES,VILA VELHA,GLORIA,AMBIENTE WEB,crimes_informaticos,digital,2025.0,6.0,JUN,2025-06-01,3.0,QUI,False,,
2025-06-12,Indeterminada,CRIMES DIVERSOS,CRIMES DIVERSOS: CRIMES INFORMÁTICOS,ES,VITORIA,MARIA ORTIZ,AMBIENTE WEB,crimes_informaticos,digital,2025.0,6.0,JUN,2025-06-01,3.0,QUI,False,,
2025-06-12,18:58:00,CRIMES DIVERSOS,CRIMES DIVERSOS: CRIMES INFORMÁTICOS,ES,VILA VELHA,COBILANDIA,AMBIENTE WEB,crimes_informaticos,digital,2025.0,6.0,JUN,2025-06-01,3.0,QUI,False,18.0,NOITE
2025-07-01,09:30:00,CRIMES DIVERSOS,CRIMES DIVERSOS: CRIMES INFORMÁTICOS,ES,COLATINA,COLUMBIA,AMBIENTE WEB,crimes_informaticos,digital,2025.0,7.0,JUL,2025-07-01,1.0,TER,False,9.0,MANHA
2025-07-01,09:00:00,CRIMES DIVERSOS,CRIMES DIVERSOS: CRIMES INFORMÁTICOS,ES,CARIACICA,NOVA ROSA DA PENHA,AMBIENTE WEB,crimes_informaticos,digital,2025.0,7.0,JUL,2025-07-01,1.0,TER,False,9.0,MANHA
2025-07-01,Indeterminada,CRIMES DIVERSOS,CRIMES DIVERSOS: CRIMES INFORMÁTICOS,ES,SANTA MARIA DE JETIBA,CENTRO,AMBIENTE WEB,crimes_informaticos,digital,2025.0,7.0,JUL,2025-07-01,1.0,TER,False,,
2025-07-01,00:00:00,CRIMES DIVERSOS,CRIMES DIVERSOS: CRIMES INFORMÁTICOS,ES,SAO MATEUS,OUTRO LOCAL,AMBIENTE WEB,crimes_informaticos,digital,2025.0,7.0,JUL,2025-07-01,1.0,TER,False,0.0,MADRUGADA
2025-07-01,Indeterminada,CRIMES DIVERSOS,CRIMES DIVERSOS: CRIMES INFORMÁTICOS,ES,ICONHA,BOM DESTINO,AMBIENTE WEB,crimes_informaticos,digital,2025.0,7.0,JUL,2025-07-01,1.0,TER,False,,
2025-07-01,00:00:00,CRIMES DIVERSOS,CRIMES DIVERSOS: CRIMES INFORMÁTICOS,ES,NOVA VENECIA,CENTRO,AMBIENTE WEB,crimes_informaticos,digital,2025.0,7.0,JUL,2025-07-01,1.0,TER,False,0.0,MADRUGADA
2025-07-01,Indeterminada,CRIMES DIVERSOS,CRIMES DIVERSOS: CRIMES INFORMÁTICOS,ES,SERRA,PORTO CANOA,AMBIENTE WEB,crimes_informaticos,digital,2025.0,7.0,JUL,2025-07-01,1.0,TER,False,,
2025-07-01,21:30:00,CRIMES DIVERSOS,CRIMES DIVERSOS: CRIMES INFORMÁTICOS,ES,SERRA,CONJUNTO CARAPINA I,AMBIENTE WEB,crimes_informaticos,digital,2025.0,7.0,JUL,2025-07-01,1.0,TER,False,21.0,NOITE
2025-07-02,07:00:00,CRIMES DIVERSOS,CRIMES DIVERSOS: CRIMES INFORMÁTICOS,ES,VITORIA,BENTO FERREIRA,AMBIENTE WEB,crimes_informaticos,digital,2025.0,7.0,JUL,2025-07-01,2.0,QUA,False,7.0,MANHA
2025-07-02,16:02:00,CRIMES DIVERSOS,CRIMES DIVERSOS: CRIMES INFORMÁTICOS,ES,VITORIA,JARDIM CAMBURI,AMBIENTE WEB,crimes_informaticos,digital,2025.0,7.0,JUL,2025-07-01,2.0,QUA,False,16.0,TARDE
2025-07-02,19:00:00,CRIMES DIVERSOS,CRIMES DIVERSOS: CRIMES INFORMÁTICOS,ES,CONCEICAO DO CASTELO,CENTRO,OUTRO LOCAL,crimes_informaticos,digital,2025.0,7.0,JUL,2025-07-01,2.0,QUA,False,19.0,NOITE
2025-07-02,13:00:00,CRIMES DIVERSOS,CRIMES DIVERSOS: CRIMES INFORMÁTICOS,ES,ARACRUZ,BELA VISTA,OUTRO LOCAL,crimes_informaticos,digital,2025.0,7.0,JUL,2025-07-01,2.0,QUA,False,13.0,TARDE
2025-07-02,Indeterminada,CRIMES DIVERSOS,CRIMES DIVERSOS: CRIMES INFORMÁTICOS,ES,ARACRUZ,GUANABARA,RESIDÊNCIA,crimes_informaticos,digital,2025.0,7.0,JUL,2025-07-01,2.0,QUA,False,,
2025-07-02,23:45:00,CRIMES DIVERSOS,CRIMES DIVERSOS: CRIMES INFORMÁTICOS,ES,MANTENOPOLIS,CENTRO,AMBIENTE WEB,crimes_informaticos,digital,2025.0,7.0,JUL,2025-07-01,2.0,QUA,False,23.0,NOITE
2025-07-02,16:00:00,CRIMES DIVERSOS,CRIMES DIVERSOS: CRIMES INFORMÁTICOS,ES,SERRA,MARIA NIOBE,COMÉRCIO,crimes_informaticos,digital,2025.0,7.0,JUL,2025-07-01,2.0,QUA,False,16.0,TARDE
2025-07-03,13:00:00,CRIMES DIVERSOS,CRIMES DIVERSOS: CRIMES INFORMÁTICOS,ES,ARACRUZ,BELA VISTA,OUTRO LOCAL,crimes_informaticos,digital,2025.0,7.0,JUL,2025-07-01,3.0,QUI,False,13.0,TARDE
2025-07-03,12:00:00,CRIMES DIVERSOS,CRIMES DIVERSOS: CRIMES INFORMÁTICOS,ES,COLATINA,CENTRO,OUTRO LOCAL,crimes_informaticos,digital,2025.0,7.0,JUL,2025-07-01,3.0,QUI,False,12.0,TARDE
2025-07-03,19:04:00,CRIMES DIVERSOS,CRIMES DIVERSOS: CRIMES INFORMÁTICOS,ES,VILA VELHA,INDUSTRIAL,OUTRO LOCAL,crimes_informaticos,digital,2025.0,7.0,JUL,2025-07-01,3.0,QUI,False,19.0,NOITE
2025-07-03,16:00:00,CRIMES DIVERSOS,CRIMES DIVERSOS: CRIMES INFORMÁTICOS,ES,SAO ROQUE DO CANAA,TANCREDO,RESIDÊNCIA,crimes_informaticos,digital,2025.0,7.0,JUL,2025-07-01,3.0,QUI,False,16.0,TARDE
2025-07-03,14:50:00,CRIMES DIVERSOS,CRIMES DIVERSOS: CRIMES INFORMÁTICOS,ES,VITORIA,JARDIM CAMBURI,AMBIENTE WEB,crimes_informaticos,digital,2025.0,7.0,JUL,2025-07-01,3.0,QUI,False,14.0,TARDE
2025-07-03,17:00:00,CRIMES DIVERSOS,CRIMES DIVERSOS: CRIMES INFORMÁTICOS,ES,CARIACICA,SAO GERALDO,RESIDÊNCIA,crimes_informaticos,digital,2025.0,7.0,JUL,2025-07-01,3.0,QUI,False,17.0,TARDE
2025-07-03,09:00:00,CRIMES DIVERSOS,CRIMES DIVERSOS: CRIMES INFORMÁTICOS,ES,COLATINA,CENTRO,AMBIENTE WEB,crimes_informaticos,digital,2025.0,7.0,JUL,2025-07-01,3.0,QUI,False,9.0,MANHA
2025-07-03,14:20:00,CRIMES DIVERSOS,CRIMES DIVERSOS: CRIMES INFORMÁTICOS,ES,SERRA,ZONA RURAL,RESIDÊNCIA,crimes_informaticos,digital,2025.0,7.0,JUL,2025-07-01,3.0,QUI,False,14.0,TARDE
2025-07-03,Indeterminada,CRIMES DIVERSOS,CRIMES DIVERSOS: CRIMES INFORMÁTICOS,ES,VITORIA,TABUAZEIRO,AMBIENTE WEB,crimes_informaticos,digital,2025.0,7.0,JUL,2025-07-01,3.0,QUI,False,,
2025-07-04,13:00:00,CRIMES DIVERSOS,CRIMES DIVERSOS: CRIMES INFORMÁTICOS,ES,COLATINA,VILA LENIRA,AMBIENTE WEB,crimes_informaticos,digital,2025.0,7.0,JUL,2025-07-01,4.0,SEX,False,13.0,TARDE
2025-07-04,15:55:00,CRIMES DIVERSOS,CRIMES DIVERSOS: CRIMES INFORMÁTICOS,ES,AFONSO CLAUDIO,CENTRO,REPARTICAO PUBLICA,crimes_informaticos,digital,2025.0,7.0,JUL,2025-07-01,4.0,SEX,False,15.0,TARDE
2025-07-04,14:00:00,CRIMES DIVERSOS,CRIMES DIVERSOS: CRIMES INFORMÁTICOS,ES,VILA VELHA,SOTECO,AMBIENTE WEB,crimes_informaticos,digital,2025.0,7.0,JUL,2025-07-01,4.0,SEX,False,14.0,TARDE
2025-07-04,14:00:00,CRIMES DIVERSOS,CRIMES DIVERSOS: CRIMES INFORMÁTICOS,ES,SANTA MARIA DE JETIBA,CENTRO,AMBIENTE WEB,crimes_informaticos,digital,2025.0,7.0,JUL,2025-07-01,4.0,SEX,False,14.0,TARDE
2025-07-04,12:48:00,CRIMES DIVERSOS,CRIMES DIVERSOS: CRIMES INFORMÁTICOS,ES,SERRA,JARDIM TROPICAL,AMBIENTE WEB,crimes_informaticos,digital,2025.0,7.0,JUL,2025-07-01,4.0,SEX,False,12.0,TARDE
2025-07-04,18:00:00,CRIMES DIVERSOS,CRIMES DIVERSOS: CRIMES INFORMÁTICOS,ES,CACHOEIRO DE ITAPEMIRIM,BURARAMA,AMBIENTE WEB,crimes_informaticos,digital,2025.0,7.0,JUL,2025-07-01,4.0,SEX,False,18.0,NOITE
2025-07-04,11:15:00,CRIMES DIVERSOS,CRIMES DIVERSOS: CRIMES INFORMÁTICOS,ES,PINHEIROS,JUNDIA,OUTRO LOCAL,crimes_informaticos,digital,2025.0,7.0,JUL,2025-07-01,4.0,SEX,False,11.0,MANHA
2025-07-04,16:00:00,CRIMES DIVERSOS,CRIMES DIVERSOS: CRIMES INFORMÁTICOS,ES,COLATINA,ESPLANADA,AMBIENTE WEB,crimes_informaticos,digital,2025.0,7.0,JUL,2025-07-01,4.0,SEX,False,16.0,TARDE
2025-07-04,16:00:00,CRIMES DIVERSOS,CRIMES DIVERSOS: CRIMES INFORMÁTICOS,ES,CONCEICAO DA BARRA,NOSSA SENHORA APARECIDA,AMBIENTE WEB,crimes_informaticos,digital,2025.0,7.0,JUL,2025-07-01,4.0,SEX,False,16.0,TARDE
2025-07-05,Indeterminada,CRIMES DIVERSOS,CRIMES DIVERSOS: CRIMES INFORMÁTICOS,ES,COLATINA,CENTRO,AGÊNCIA BANCÁRIA,crimes_informaticos,digital,2025.0,7.0,JUL,2025-07-01,5.0,SAB,True,,
2025-07-05,Indeterminada,CRIMES DIVERSOS,CRIMES DIVERSOS: CRIMES INFORMÁTICOS,ES,VITORIA,JARDIM DA PENHA,AMBIENTE WEB,crimes_informaticos,digital,2025.0,7.0,JUL,2025-07-01,5.0,SAB,True,,
2025-07-05,20:20:00,CRIMES DIVERSOS,CRIMES DIVERSOS: CRIMES INFORMÁTICOS,ES,ANCHIETA,PRAIA DOS CASTELHANOS,OUTRO LOCAL,crimes_informaticos,digital,2025.0,7.0,JUL,2025-07-01,5.0,SAB,True,20.0,NOITE
2025-07-06,20:30:00,CRIMES DIVERSOS,CRIMES DIVERSOS: CRIMES INFORMÁTICOS,ES,VILA VELHA,ALECRIM,OUTRO LOCAL,crimes_informaticos,digital,2025.0,7.0,JUL,2025-07-01,6.0,DOM,True,20.0,NOITE
2025-07-07,08:30:00,CRIMES DIVERSOS,CRIMES DIVERSOS: CRIMES INFORMÁTICOS,ES,COLATINA,AYRTON SENNA,OUTRO LOCAL,crimes_informaticos,digital,2025.0,7.0,JUL,2025-07-01,0.0,SEG,False,8.0,MANHA
2025-07-07,14:16:00,CRIMES DIVERSOS,CRIMES DIVERSOS: CRIMES INFORMÁTICOS,ES,CACHOEIRO DE ITAPEMIRIM,AEROPORTO,AMBIENTE WEB,crimes_informaticos,digital,2025.0,7.0,JUL,2025-07-01,0.0,SEG,False,14.0,TARDE
2025-07-07,11:02:00,CRIMES DIVERSOS,CRIMES DIVERSOS: CRIMES INFORMÁTICOS,ES,COLATINA,VILA REAL,ESCOLA,crimes_informaticos,digital,2025.0,7.0,JUL,2025-07-01,0.0,SEG,False,11.0,MANHA
2025-07-07,15:00:00,CRIMES DIVERSOS,CRIMES DIVERSOS: CRIMES INFORMÁTICOS,ES,COLATINA,NOSSA SENHORA APARECIDA,AMBIENTE WEB,crimes_informaticos,digital,2025.0,7.0,JUL,2025-07-01,0.0,SEG,False,15.0,TARDE
2025-07-07,21:00:00,CRIMES DIVERSOS,CRIMES DIVERSOS: CRIMES INFORMÁTICOS,ES,SERRA,NOVA CARAPINA II,AMBIENTE WEB,crimes_informaticos,digital,2025.0,7.0,JUL,2025-07-01,0.0,SEG,False,21.0,NOITE
2025-07-07,15:30:00,CRIMES DIVERSOS,CRIMES DIVERSOS: CRIMES INFORMÁTICOS,ES,ANCHIETA,PORTO DE CIMA,OUTRO LOCAL,crimes_informaticos,digital,2025.0,7.0,JUL,2025-07-01,0.0,SEG,False,15.0,TARDE
2025-07-07,16:40:00,CRIMES DIVERSOS,CRIMES DIVERSOS: CRIMES INFORMÁTICOS,ES,VITORIA,JARDIM CAMBURI,COMÉRCIO,crimes_informaticos,digital,2025.0,7.0,JUL,2025-07-01,0.0,SEG,False,16.0,TARDE
2025-07-08,00:00:00,CRIMES DIVERSOS,CRIMES DIVERSOS: CRIMES INFORMÁTICOS,ES,SAO MATEUS,OUTRO LOCAL,AMBIENTE WEB,crimes_informaticos,digital,2025.0,7.0,JUL,2025-07-01,1.0,TER,False,0.0,MADRUGADA
2025-07-08,03:48:00,CRIMES DIVERSOS,CRIMES DIVERSOS: CRIMES INFORMÁTICOS,ES,VILA VELHA,PAUL,OUTRO LOCAL,crimes_informaticos,digital,2025.0,7.0,JUL,2025-07-01,1.0,TER,False,3.0,MADRUGADA
2025-07-08,14:00:00,CRIMES DIVERSOS,CRIMES DIVERSOS: CRIMES INFORMÁTICOS,ES,SERRA,BAIRRO DE FATIMA,OUTRO LOCAL,crimes_informaticos,digital,2025.0,7.0,JUL,2025-07-01,1.0,TER,False,14.0,TARDE
2025-07-08,12:30:00,CRIMES DIVERSOS,CRIMES DIVERSOS: CRIMES INFORMÁTICOS,ES,SERRA,CIDADE CONTINENTAL,AMBIENTE WEB,crimes_informaticos,digital,2025.0,7.0,JUL,2025-07-01,1.0,TER,False,12.0,TARDE
2025-07-08,16:00:00,CRIMES DIVERSOS,CRIMES DIVERSOS: CRIMES INFORMÁTICOS,ES,VITORIA,JARDIM CAMBURI,AMBIENTE WEB,crimes_informaticos,digital,2025.0,7.0,JUL,2025-07-01,1.0,TER,False,16.0,TARDE
2025-07-08,07:40:00,CRIMES DIVERSOS,CRIMES DIVERSOS: CRIMES INFORMÁTICOS,ES,MANTENOPOLIS,CENTRO,AMBIENTE WEB,crimes_informaticos,digital,2025.0,7.0,JUL,2025-07-01,1.0,TER,False,7.0,MANHA
2025-07-09,09:00:00,CRIMES DIVERSOS,CRIMES DIVERSOS: CRIMES INFORMÁTICOS,ES,AGUIA BRANCA,OUTRO LOCAL,AMBIENTE WEB,crimes_informaticos,digital,2025.0,7.0,JUL,2025-07-01,2.0,QUA,False,9.0,MANHA
2025-07-09,12:00:00,CRIMES DIVERSOS,CRIMES DIVERSOS: CRIMES INFORMÁTICOS,ES,COLATINA,CENTRO,COMÉRCIO,crimes_informaticos,digital,2025.0,7.0,JUL,2025-07-01,2.0,QUA,False,12.0,TARDE
2025-07-09,13:25:00,CRIMES DIVERSOS,CRIMES DIVERSOS: CRIMES INFORMÁTICOS,ES,SERRA,CIDADE CONTINENTAL,OUTRO LOCAL,crimes_informaticos,digital,2025.0,7.0,JUL,2025-07-01,2.0,QUA,False,13.0,TARDE
2025-07-09,17:50:00,CRIMES DIVERSOS,CRIMES DIVERSOS: CRIMES INFORMÁTICOS,ES,COLATINA,PERPETUO SOCORRO,RESIDÊNCIA,crimes_informaticos,digital,2025.0,7.0,JUL,2025-07-01,2.0,QUA,False,17.0,TARDE
2025-07-10,09:40:00,CRIMES DIVERSOS,CRIMES DIVERSOS: CRIMES INFORMÁTICOS,ES,VITORIA,JARDIM CAMBURI,AMBIENTE WEB,crimes_informaticos,digital,2025.0,7.0,JUL,2025-07-01,3.0,QUI,False,9.0,MANHA
2025-07-10,13:35:00,CRIMES DIVERSOS,CRIMES DIVERSOS: CRIMES INFORMÁTICOS,ES,ANCHIETA,SAMARCO,OUTRO LOCAL,crimes_informaticos,digital,2025.0,7.0,JUL,2025-07-01,3.0,QUI,False,13.0,TARDE
2025-07-10,09:57:00,CRIMES DIVERSOS,CRIMES DIVERSOS: CRIMES INFORMÁTICOS,ES,COLATINA,JARDIM PLANALTO,AMBIENTE WEB,crimes_informaticos,digital,2025.0,7.0,JUL,2025-07-01,3.0,QUI,False,9.0,MANHA
2025-07-10,04:00:00,CRIMES DIVERSOS,CRIMES DIVERSOS: CRIMES INFORMÁTICOS,ES,SERRA,PARQUE RESIDENCIAL TUBARAO,AMBIENTE WEB,crimes_informaticos,digital,2025.0,7.0,JUL,2025-07-01,3.0,QUI,False,4.0,MADRUGADA
2025-07-11,13:30:00,CRIMES DIVERSOS,CRIMES DIVERSOS: CRIMES INFORMÁTICOS,ES,BARRA DE SAO FRANCISCO,BAIRRO IRMAOS FERNANDES,COMÉRCIO,crimes_informaticos,digital,2025.0,7.0,JUL,2025-07-01,4.0,SEX,False,13.0,TARDE
2025-07-11,11:00:00,CRIMES DIVERSOS,CRIMES DIVERSOS: CRIMES INFORMÁTICOS,ES,BARRA DE SAO FRANCISCO,BAIRRO IRMAOS FERNANDES,COMÉRCIO,crimes_informaticos,digital,2025.0,7.0,JUL,2025-07-01,4.0,SEX,False,11.0,MANHA
2025-07-11,10:40:00,CRIMES DIVERSOS,CRIMES DIVERSOS: CRIMES INFORMÁTICOS,ES,ALFREDO CHAVES,URANIA,OUTRO LOCAL,crimes_informaticos,digital,2025.0,7.0,JUL,2025-07-01,4.0,SEX,False,10.0,MANHA
2025-07-11,13:00:00,CRIMES DIVERSOS,CRIMES DIVERSOS: CRIMES INFORMÁTICOS,ES,MANTENOPOLIS,SAO GERALDO,AMBIENTE WEB,crimes_informaticos,digital,2025.0,7.0,JUL,2025-07-01,4.0,SEX,False,13.0,TARDE
2025-07-11,00:00:00,CRIMES DIVERSOS,CRIMES DIVERSOS: CRIMES INFORMÁTICOS,ES,VITORIA,GRANDE VITORIA,OUTRO LOCAL,crimes_informaticos,digital,2025.0,7.0,JUL,2025-07-01,4.0,SEX,False,0.0,MADRUGADA
2025-07-11,19:00:00,CRIMES DIVERSOS,CRIMES DIVERSOS: CRIMES INFORMÁTICOS,ES,COLATINA,COLUMBIA,OUTRO LOCAL,crimes_informaticos,digital,2025.0,7.0,JUL,2025-07-01,4.0,SEX,False,19.0,NOITE
2025-07-11,18:00:00,CRIMES DIVERSOS,CRIMES DIVERSOS: CRIMES INFORMÁTICOS,ES,VITORIA,JARDIM CAMBURI,OUTRO LOCAL,crimes_informaticos,digital,2025.0,7.0,JUL,2025-07-01,4.0,SEX,False,18.0,NOITE
2025-07-12,10:20:00,CRIMES DIVERSOS,CRIMES DIVERSOS: CRIMES INFORMÁTICOS,ES,NOVA VENECIA,AEROPORTO,AMBIENTE WEB,crimes_informaticos,digital,2025.0,7.0,JUL,2025-07-01,5.0,SAB,True,10.0,MANHA
2025-07-12,17:20:00,CRIMES DIVERSOS,CRIMES DIVERSOS: CRIMES INFORMÁTICOS,ES,VITORIA,BENTO FERREIRA,AMBIENTE WEB,crimes_informaticos,digital,2025.0,7.0,JUL,2025-07-01,5.0,SAB,True,17.0,TARDE
2025-07-12,11:19:00,CRIMES DIVERSOS,CRIMES DIVERSOS: CRIMES INFORMÁTICOS,ES,VITORIA,JARDIM CAMBURI,OUTRO LOCAL,crimes_informaticos,digital,2025.0,7.0,JUL,2025-07-01,5.0,SAB,True,11.0,MANHA
2025-07-12,14:00:00,CRIMES DIVERSOS,CRIMES DIVERSOS: CRIMES INFORMÁTICOS,ES,VITORIA,JARDIM CAMBURI,AMBIENTE WEB,crimes_informaticos,digital,2025.0,7.0,JUL,2025-07-01,5.0,SAB,True,14.0,TARDE
2025-08-01,Indeterminada,CRIMES DIVERSOS,CRIMES DIVERSOS: CRIMES INFORMÁTICOS,ES,VILA VELHA,VISTA DA PENHA,AMBIENTE WEB,crimes_informaticos,digital,2025.0,8.0,AGO,2025-08-01,4.0,SEX,False,,
2025-08-01,18:30:00,CRIMES DIVERSOS,CRIMES DIVERSOS: CRIMES INFORMÁTICOS,ES,ANCHIETA,IRIRI,AMBIENTE WEB,crimes_informaticos,digital,2025.0,8.0,AGO,2025-08-01,4.0,SEX,False,18.0,NOITE
2025-08-01,12:00:00,CRIMES DIVERSOS,CRIMES DIVERSOS: CRIMES INFORMÁTICOS,ES,VITORIA,SAO PEDRO,VIA PÚBLICA,crimes_informaticos,digital,2025.0,8.0,AGO,2025-08-01,4.0,SEX,False,12.0,TARDE
2025-08-01,15:51:00,CRIMES DIVERSOS,CRIMES DIVERSOS: CRIMES INFORMÁTICOS,ES,SERRA,HELIO FERRAZ,AGÊNCIA BANCÁRIA,crimes_informaticos,digital,2025.0,8.0,AGO,2025-08-01,4.0,SEX,False,15.0,TARDE
2025-08-01,Indeterminada,CRIMES DIVERSOS,CRIMES DIVERSOS: CRIMES INFORMÁTICOS,ES,SERRA,CARAPINA GRANDE,AMBIENTE WEB,crimes_informaticos,digital,2025.0,8.0,AGO,2025-08-01,4.0,SEX,False,,
2025-08-01,08:31:00,CRIMES DIVERSOS,CRIMES DIVERSOS: CRIMES INFORMÁTICOS,ES,SERRA,PLANALTO SERRANO,RESIDÊNCIA,crimes_informaticos,digital,2025.0,8.0,AGO,2025-08-01,4.0,SEX,False,8.0,MANHA
2025-08-01,23:00:00,CRIMES DIVERSOS,CRIMES DIVERSOS: CRIMES INFORMÁTICOS,ES,VITORIA,JARDIM CAMBURI,AMBIENTE WEB,crimes_informaticos,digital,2025.0,8.0,AGO,2025-08-01,4.0,SEX,False,23.0,NOITE
2025-08-01,Indeterminada,CRIMES DIVERSOS,CRIMES DIVERSOS: CRIMES INFORMÁTICOS,ES,VITORIA,BARRO VERMELHO,AMBIENTE WEB,crimes_informaticos,digital,2025.0,8.0,AGO,2025-08-01,4.0,SEX,False,,
2025-08-02,13:29:00,CRIMES DIVERSOS,CRIMES DIVERSOS: CRIMES INFORMÁTICOS,ES,CACHOEIRO DE ITAPEMIRIM,CORAMARA,OUTRO LOCAL,crimes_informaticos,digital,2025.0,8.0,AGO,2025-08-01,5.0,SAB,True,13.0,TARDE
2025-08-02,11:50:00,CRIMES DIVERSOS,CRIMES DIVERSOS: CRIMES INFORMÁTICOS,ES,SERRA,CARAPINA GRANDE,AMBIENTE WEB,crimes_informaticos,digital,2025.0,8.0,AGO,2025-08-01,5.0,SAB,True,11.0,MANHA
2025-08-02,Indeterminada,CRIMES DIVERSOS,CRIMES DIVERSOS: CRIMES INFORMÁTICOS,ES,COLATINA,SAO MARCOS,RESIDÊNCIA,crimes_informaticos,digital,2025.0,8.0,AGO,2025-08-01,5.0,SAB,True,,
2025-08-03,14:08:00,CRIMES DIVERSOS,CRIMES DIVERSOS: CRIMES INFORMÁTICOS,ES,SERRA,LARANJEIRAS VELHA,AMBIENTE WEB,crimes_informaticos,digital,2025.0,8.0,AGO,2025-08-01,6.0,DOM,True,14.0,TARDE
2025-08-04,06:40:00,CRIMES DIVERSOS,CRIMES DIVERSOS: CRIMES INFORMÁTICOS,ES,VIANA,PEROBAS,ESCRITORIO,crimes_informaticos,digital,2025.0,8.0,AGO,2025-08-01,0.0,SEG,False,6.0,MANHA
2025-08-04,10:30:00,CRIMES DIVERSOS,CRIMES DIVERSOS: CRIMES INFORMÁTICOS,ES,VILA VELHA,OUTRO LOCAL,AMBIENTE WEB,crimes_informaticos,digital,2025.0,8.0,AGO,2025-08-01,0.0,SEG,False,10.0,MANHA
2025-08-04,08:00:00,CRIMES DIVERSOS,CRIMES DIVERSOS: CRIMES INFORMÁTICOS,ES,COLATINA,VILA NOVA,AMBIENTE WEB,crimes_informaticos,digital,2025.0,8.0,AGO,2025-08-01,0.0,SEG,False,8.0,MANHA
2025-08-04,14:00:00,CRIMES DIVERSOS,CRIMES DIVERSOS: CRIMES INFORMÁTICOS,ES,COLATINA,COLUMBIA,RESIDÊNCIA,crimes_informaticos,digital,2025.0,8.0,AGO,2025-08-01,0.0,SEG,False,14.0,TARDE
2025-08-04,10:27:00,CRIMES DIVERSOS,CRIMES DIVERSOS: CRIMES INFORMÁTICOS,ES,SERRA,RESIDENCIAL CENTRO DA SERRA,AMBIENTE WEB,crimes_informaticos,digital,2025.0,8.0,AGO,2025-08-01,0.0,SEG,False,10.0,MANHA
2025-08-04,09:15:00,CRIMES DIVERSOS,CRIMES DIVERSOS: CRIMES INFORMÁTICOS,ES,CASTELO,SAO MIGUEL,AMBIENTE WEB,crimes_informaticos,digital,2025.0,8.0,AGO,2025-08-01,0.0,SEG,False,9.0,MANHA
2025-08-04,15:37:00,CRIMES DIVERSOS,CRIMES DIVERSOS: CRIMES INFORMÁTICOS,ES,SERRA,PARQUE RESIDENCIAL MESTRE ALVARO,RESIDÊNCIA,crimes_informaticos,digital,2025.0,8.0,AGO,2025-08-01,0.0,SEG,False,15.0,TARDE
2025-08-04,12:30:00,CRIMES DIVERSOS,CRIMES DIVERSOS: CRIMES INFORMÁTICOS,ES,SERRA,CIDADE CONTINENTAL,AMBIENTE WEB,crimes_informaticos,digital,2025.0,8.0,AGO,2025-08-01,0.0,SEG,False,12.0,TARDE
2025-08-05,18:00:00,CRIMES DIVERSOS,CRIMES DIVERSOS: CRIMES INFORMÁTICOS,ES,COLATINA,ADELIA GIUBERTTI,COMÉRCIO,crimes_informaticos,digital,2025.0,8.0,AGO,2025-08-01,1.0,TER,False,18.0,NOITE
2025-08-05,11:18:00,CRIMES DIVERSOS,CRIMES DIVERSOS: CRIMES INFORMÁTICOS,ES,SERRA,JARDIM LIMOEIRO,AMBIENTE WEB,crimes_informaticos,digital,2025.0,8.0,AGO,2025-08-01,1.0,TER,False,11.0,MANHA
2025-08-05,00:00:00,CRIMES DIVERSOS,CRIMES DIVERSOS: CRIMES INFORMÁTICOS,ES,COLATINA,MORADA DO SOL,RESIDÊNCIA,crimes_informaticos,digital,2025.0,8.0,AGO,2025-08-01,1.0,TER,False,0.0,MADRUGADA
2025-08-05,09:05:00,CRIMES DIVERSOS,CRIMES DIVERSOS: CRIMES INFORMÁTICOS,ES,CARIACICA,MORADA DE SANTA FE,AMBIENTE WEB,crimes_informaticos,digital,2025.0,8.0,AGO,2025-08-01,1.0,TER,False,9.0,MANHA
2025-08-05,14:45:00,CRIMES DIVERSOS,CRIMES DIVERSOS: CRIMES INFORMÁTICOS,ES,SERRA,ELDORADO,OUTRO LOCAL,crimes_informaticos,digital,2025.0,8.0,AGO,2025-08-01,1.0,TER,False,14.0,TARDE
2025-08-05,16:00:00,CRIMES DIVERSOS,CRIMES DIVERSOS: CRIMES INFORMÁTICOS,ES,SERRA,VISTA DA SERRA II,AMBIENTE WEB,crimes_informaticos,digital,2025.0,8.0,AGO,2025-08-01,1.0,TER,False,16.0,TARDE
2025-08-05,10:30:00,CRIMES DIVERSOS,CRIMES DIVERSOS: CRIMES INFORMÁTICOS,ES,SERRA,PORTO CANOA,OUTRO LOCAL,crimes_informaticos,digital,2025.0,8.0,AGO,2025-08-01,1.0,TER,False,10.0,MANHA
2025-08-05,15:10:00,CRIMES DIVERSOS,CRIMES DIVERSOS: CRIMES INFORMÁTICOS,ES,CARIACICA,CRUZEIRO DO SUL,AMBIENTE WEB,crimes_informaticos,digital,2025.0,8.0,AGO,2025-08-01,1.0,TER,False,15.0,TARDE
2025-08-05,00:00:00,CRIMES DIVERSOS,CRIMES DIVERSOS: CRIMES INFORMÁTICOS,ES,SAO MATEUS,OUTRO LOCAL,AMBIENTE WEB,crimes_informaticos,digital,2025.0,8.0,AGO,2025-08-01,1.0,TER,False,0.0,MADRUGADA
2025-08-05,07:38:00,CRIMES DIVERSOS,CRIMES DIVERSOS: CRIMES INFORMÁTICOS,ES,GOVERNADOR LINDENBERG,BARRA DE NOVO BRASIL,AMBIENTE WEB,crimes_informaticos,digital,2025.0,8.0,AGO,2025-08-01,1.0,TER,False,7.0,MANHA
2025-08-05,15:30:00,CRIMES DIVERSOS,CRIMES DIVERSOS: CRIMES INFORMÁTICOS,ES,SERRA,CARAPINA,AMBIENTE WEB,crimes_informaticos,digital,2025.0,8.0,AGO,2025-08-01,1.0,TER,False,15.0,TARDE
2025-08-05,08:24:00,CRIMES DIVERSOS,CRIMES DIVERSOS: CRIMES INFORMÁTICOS,ES,SERRA,BOA VISTA I,OUTRO LOCAL,crimes_informaticos,digital,2025.0,8.0,AGO,2025-08-01,1.0,TER,False,8.0,MANHA
2025-08-05,00:00:00,CRIMES DIVERSOS,CRIMES DIVERSOS: CRIMES INFORMÁTICOS,ES,SAO MATEUS,OUTRO LOCAL,AMBIENTE WEB,crimes_informaticos,digital,2025.0,8.0,AGO,2025-08-01,1.0,TER,False,0.0,MADRUGADA
2025-08-05,00:32:00,CRIMES DIVERSOS,CRIMES DIVERSOS: CRIMES INFORMÁTICOS,ES,SERRA,SERRA DOURADA III,RESIDÊNCIA,crimes_informaticos,digital,2025.0,8.0,AGO,2025-08-01,1.0,TER,False,0.0,MADRUGADA
2025-08-05,Indeterminada,CRIMES DIVERSOS,CRIMES DIVERSOS: CRIMES INFORMÁTICOS,ES,SERRA,JARDIM LIMOEIRO,AMBIENTE WEB,crimes_informaticos,digital,2025.0,8.0,AGO,2025-08-01,1.0,TER,False,,
2025-08-06,09:00:00,CRIMES DIVERSOS,CRIMES DIVERSOS: CRIMES INFORMÁTICOS,ES,CARIACICA,OUTRO LOCAL,AMBIENTE WEB,crimes_informaticos,digital,2025.0,8.0,AGO,2025-08-01,2.0,QUA,False,9.0,MANHA
2025-08-06,13:30:00,CRIMES DIVERSOS,CRIMES DIVERSOS: CRIMES INFORMÁTICOS,ES,CARIACICA,NOVA ESPERANCA,OUTRO LOCAL,crimes_informaticos,digital,2025.0,8.0,AGO,2025-08-01,2.0,QUA,False,13.0,TARDE
2025-08-06,13:00:00,CRIMES DIVERSOS,CRIMES DIVERSOS: CRIMES INFORMÁTICOS,ES,PINHEIROS,SAO JOAO DO SOBRADO,AMBIENTE WEB,crimes_informaticos,digital,2025.0,8.0,AGO,2025-08-01,2.0,QUA,False,13.0,TARDE
2025-08-06,16:30:00,CRIMES DIVERSOS,CRIMES DIVERSOS: CRIMES INFORMÁTICOS,ES,PINHEIROS,ZONA RURAL,COMÉRCIO,crimes_informaticos,digital,2025.0,8.0,AGO,2025-08-01,2.0,QUA,False,16.0,TARDE
2025-08-06,18:20:00,CRIMES DIVERSOS,CRIMES DIVERSOS: CRIMES INFORMÁTICOS,ES,SERRA,CARAPINA I,AMBIENTE WEB,crimes_informaticos,digital,2025.0,8.0,AGO,2025-08-01,2.0,QUA,False,18.0,NOITE
2025-08-06,11:00:00,CRIMES DIVERSOS,CRIMES DIVERSOS: CRIMES INFORMÁTICOS,ES,SERRA,BOA VISTA I,COMÉRCIO,crimes_informaticos,digital,2025.0,8.0,AGO,2025-08-01,2.0,QUA,False,11.0,MANHA
2025-08-06,20:23:00,CRIMES DIVERSOS,CRIMES DIVERSOS: CRIMES INFORMÁTICOS,ES,SERRA,JARDIM CARAPINA,OUTRO LOCAL,crimes_informaticos,digital,2025.0,8.0,AGO,2025-08-01,2.0,QUA,False,20.0,NOITE
2025-08-07,13:10:00,CRIMES DIVERSOS,CRIMES DIVERSOS: CRIMES INFORMÁTICOS,ES,SERRA,JARDIM CARAPINA,AMBIENTE WEB,crimes_informaticos,digital,2025.0,8.0,AGO,2025-08-01,3.0,QUI,False,13.0,TARDE
2025-08-07,13:50:00,CRIMES DIVERSOS,CRIMES DIVERSOS: CRIMES INFORMÁTICOS,ES,COLATINA,ITAPINA,AMBIENTE WEB,crimes_informaticos,digital,2025.0,8.0,AGO,2025-08-01,3.0,QUI,False,13.0,TARDE
2025-08-07,14:00:00,CRIMES DIVERSOS,CRIMES DIVERSOS: CRIMES INFORMÁTICOS,ES,SERRA,PLANALTO SERRANO,RESIDÊNCIA,crimes_informaticos,digital,2025.0,8.0,AGO,2025-08-01,3.0,QUI,False,14.0,TARDE
2025-08-07,21:56:00,CRIMES DIVERSOS,CRIMES DIVERSOS: CRIMES INFORMÁTICOS,ES,VITORIA,INHANGUETA,AMBIENTE WEB,crimes_informaticos,digital,2025.0,8.0,AGO,2025-08-01,3.0,QUI,False,21.0,NOITE
2025-08-07,21:56:00,CRIMES DIVERSOS,CRIMES DIVERSOS: CRIMES INFORMÁTICOS,ES,VITORIA,INHANGUETA,AMBIENTE WEB,crimes_informaticos,digital,2025.0,8.0,AGO,2025-08-01,3.0,QUI,False,21.0,NOITE
2025-08-08,04:33:00,CRIMES DIVERSOS,CRIMES DIVERSOS: CRIMES INFORMÁTICOS,ES,COLATINA,CENTRO,AGÊNCIA BANCÁRIA,crimes_informaticos,digital,2025.0,8.0,AGO,2025-08-01,4.0,SEX,False,4.0,MADRUGADA
2025-08-08,11:30:00,CRIMES DIVERSOS,CRIMES DIVERSOS: CRIMES INFORMÁTICOS,ES,SERRA,NOVO PORTO CANOA,OUTRO LOCAL,crimes_informaticos,digital,2025.0,8.0,AGO,2025-08-01,4.0,SEX,False,11.0,MANHA
2025-08-08,14:00:00,CRIMES DIVERSOS,CRIMES DIVERSOS: CRIMES INFORMÁTICOS,ES,VITORIA,JARDIM CAMBURI,RESIDÊNCIA,crimes_informaticos,digital,2025.0,8.0,AGO,2025-08-01,4.0,SEX,False,14.0,TARDE
2025-08-08,20:27:00,CRIMES DIVERSOS,CRIMES DIVERSOS: CRIMES INFORMÁTICOS,ES,VITORIA,JARDIM CAMBURI,RESIDÊNCIA,crimes_informaticos,digital,2025.0,8.0,AGO,2025-08-01,4.0,SEX,False,20.0,NOITE
2025-08-08,14:00:00,CRIMES DIVERSOS,CRIMES DIVERSOS: CRIMES INFORMÁTICOS,ES,MANTENOPOLIS,SAO JOSE DE MANTENOPOLIS,AMBIENTE WEB,crimes_informaticos,digital,2025.0,8.0,AGO,2025-08-01,4.0,SEX,False,14.0,TARDE
2025-08-08,11:59:00,CRIMES DIVERSOS,CRIMES DIVERSOS: CRIMES INFORMÁTICOS,ES,SERRA,COLINA DE LARANJEIRAS,AMBIENTE WEB,crimes_informaticos,digital,2025.0,8.0,AGO,2025-08-01,4.0,SEX,False,11.0,MANHA
2025-08-08,09:00:00,CRIMES DIVERSOS,CRIMES DIVERSOS: CRIMES INFORMÁTICOS,ES,VITORIA,JARDIM CAMBURI,AMBIENTE WEB,crimes_informaticos,digital,2025.0,8.0,AGO,2025-08-01,4.0,SEX,False,9.0,MANHA
2025-08-08,14:00:00,CRIMES DIVERSOS,CRIMES DIVERSOS: CRIMES INFORMÁTICOS,ES,SERRA,JARDIM TROPICAL,OUTRO LOCAL,crimes_informaticos,digital,2025.0,8.0,AGO,2025-08-01,4.0,SEX,False,14.0,TARDE
2025-08-09,21:00:00,CRIMES DIVERSOS,CRIMES DIVERSOS: CRIMES INFORMÁTICOS,ES,SERRA,PORTO CANOA,OUTRO LOCAL,crimes_informaticos,digital,2025.0,8.0,AGO,2025-08-01,5.0,SAB,True,21.0,NOITE
2025-08-09,14:30:00,CRIMES DIVERSOS,CRIMES DIVERSOS: CRIMES INFORMÁTICOS,ES,MANTENOPOLIS,IPIRANGA,AMBIENTE WEB,crimes_informaticos,digital,2025.0,8.0,AGO,2025-08-01,5.0,SAB,True,14.0,TARDE
2025-08-09,10:00:00,CRIMES DIVERSOS,CRIMES DIVERSOS: CRIMES INFORMÁTICOS,ES,CASTELO,ARACUI,AMBIENTE WEB,crimes_informaticos,digital,2025.0,8.0,AGO,2025-08-01,5.0,SAB,True,10.0,MANHA
2025-08-09,23:30:00,CRIMES DIVERSOS,CRIMES DIVERSOS: CRIMES INFORMÁTICOS,ES,VITORIA,JARDIM CAMBURI,AMBIENTE WEB,crimes_informaticos,digital,2025.0,8.0,AGO,2025-08-01,5.0,SAB,True,23.0,NOITE
2025-08-09,09:16:00,CRIMES DIVERSOS,CRIMES DIVERSOS: CRIMES INFORMÁTICOS,ES,CONCEICAO DA BARRA,ITAUNAS,OUTRO LOCAL,crimes_informaticos,digital,2025.0,8.0,AGO,2025-08-01,5.0,SAB,True,9.0,MANHA
2025-08-09,09:54:00,CRIMES DIVERSOS,CRIMES DIVERSOS: CRIMES INFORMÁTICOS,ES,COLATINA,MARIA DAS GRACAS,RESIDÊNCIA,crimes_informaticos,digital,2025.0,8.0,AGO,2025-08-01,5.0,SAB,True,9.0,MANHA
2025-08-10,05:30:00,CRIMES DIVERSOS,CRIMES DIVERSOS: CRIMES INFORMÁTICOS,ES,SERRA,CIDADE POMAR,CASA DE SHOW/EVENTOS,crimes_informaticos,digital,2025.0,8.0,AGO,2025-08-01,6.0,DOM,True,5.0,MADRUGADA
2025-08-10,Indeterminada,CRIMES DIVERSOS,CRIMES DIVERSOS: CRIMES INFORMÁTICOS,ES,GUARAPARI,MUQUICABA,AMBIENTE WEB,crimes_informaticos,digital,2025.0,8.0,AGO,2025-08-01,6.0,DOM,True,,
2025-08-10,Indeterminada,CRIMES DIVERSOS,CRIMES DIVERSOS: CRIMES INFORMÁTICOS,ES,VITORIA,JARDIM CAMBURI,AMBIENTE WEB,crimes_informaticos,digital,2025.0,8.0,AGO,2025-08-01,6.0,DOM,True,,
2025-08-11,09:30:00,CRIMES DIVERSOS,CRIMES DIVERSOS: CRIMES INFORMÁTICOS,ES,ANCHIETA,IRIRI,AMBIENTE WEB,crimes_informaticos,digital,2025.0,8.0,AGO,2025-08-01,0.0,SEG,False,9.0,MANHA
2025-08-11,10:00:00,CRIMES DIVERSOS,CRIMES DIVERSOS: CRIMES INFORMÁTICOS,ES,VITORIA,JARDIM CAMBURI,OUTRO LOCAL,crimes_informaticos,digital,2025.0,8.0,AGO,2025-08-01,0.0,SEG,False,10.0,MANHA
2025-08-11,17:30:00,CRIMES DIVERSOS,CRIMES DIVERSOS: CRIMES INFORMÁTICOS,ES,BARRA DE SAO FRANCISCO,BAIRRO BAMBE,AMBIENTE WEB,crimes_informaticos,digital,2025.0,8.0,AGO,2025-08-01,0.0,SEG,False,17.0,TARDE
2025-08-11,09:40:00,CRIMES DIVERSOS,CRIMES DIVERSOS: CRIMES INFORMÁTICOS,ES,VITORIA,JARDIM CAMBURI,AMBIENTE WEB,crimes_informaticos,digital,2025.0,8.0,AGO,2025-08-01,0.0,SEG,False,9.0,MANHA
2025-08-11,12:05:00,CRIMES DIVERSOS,CRIMES DIVERSOS: CRIMES INFORMÁTICOS,ES,SERRA,DIAMANTINA,OUTRO LOCAL,crimes_informaticos,digital,2025.0,8.0,AGO,2025-08-01,0.0,SEG,False,12.0,TARDE
2025-08-11,13:00:00,CRIMES DIVERSOS,CRIMES DIVERSOS: CRIMES INFORMÁTICOS,ES,SERRA,RESIDENCIAL CENTRO DA SERRA,RESIDÊNCIA,crimes_informaticos,digital,2025.0,8.0,AGO,2025-08-01,0.0,SEG,False,13.0,TARDE
2025-08-11,14:30:00,CRIMES DIVERSOS,CRIMES DIVERSOS: CRIMES INFORMÁTICOS,ES,SERRA,CARAPINA GRANDE,AMBIENTE WEB,crimes_informaticos,digital,2025.0,8.0,AGO,2025-08-01,0.0,SEG,False,14.0,TARDE
2025-08-11,21:33:00,CRIMES DIVERSOS,CRIMES DIVERSOS: CRIMES INFORMÁTICOS,ES,LINHARES,BEBEDOURO,AMBIENTE WEB,crimes_informaticos,digital,2025.0,8.0,AGO,2025-08-01,0.0,SEG,False,21.0,NOITE
2025-08-12,09:02:00,CRIMES DIVERSOS,CRIMES DIVERSOS: CRIMES INFORMÁTICOS,ES,SERRA,BARCELONA,AMBIENTE WEB,crimes_informaticos,digital,2025.0,8.0,AGO,2025-08-01,1.0,TER,False,9.0,MANHA
2025-08-12,09:59:00,CRIMES DIVERSOS,CRIMES DIVERSOS: CRIMES INFORMÁTICOS,ES,VITORIA,JARDIM CAMBURI,AMBIENTE WEB,crimes_informaticos,digital,2025.0,8.0,AGO,2025-08-01,1.0,TER,False,9.0,MANHA
2025-08-12,15:45:00,CRIMES DIVERSOS,CRIMES DIVERSOS: CRIMES INFORMÁTICOS,ES,ECOPORANGA,CENTRO,RESIDÊNCIA,crimes_informaticos,digital,2025.0,8.0,AGO,2025-08-01,1.0,TER,False,15.0,TARDE
2025-08-12,15:30:00,CRIMES DIVERSOS,CRIMES DIVERSOS: CRIMES INFORMÁTICOS,ES,VILA VELHA,SAO CONRADO,AMBIENTE WEB,crimes_informaticos,digital,2025.0,8.0,AGO,2025-08-01,1.0,TER,False,15.0,TARDE
2025-08-12,20:44:00,CRIMES DIVERSOS,CRIMES DIVERSOS: CRIMES INFORMÁTICOS,ES,VITORIA,JARDIM CAMBURI,AMBIENTE WEB,crimes_informaticos,digital,2025.0,8.0,AGO,2025-08-01,1.0,TER,False,20.0,NOITE
2025-08-12,00:11:00,CRIMES DIVERSOS,CRIMES DIVERSOS: CRIMES INFORMÁTICOS,ES,PINHEIROS,NITEROI,AMBIENTE WEB,crimes_informaticos,digital,2025.0,8.0,AGO,2025-08-01,1.0,TER,False,0.0,MADRUGADA
2025-08-12,17:40:00,CRIMES DIVERSOS,CRIMES DIVERSOS: CRIMES INFORMÁTICOS,ES,ARACRUZ,FATIMA,RESIDÊNCIA,crimes_informaticos,digital,2025.0,8.0,AGO,2025-08-01,1.0,TER,False,17.0,TARDE
2025-08-12,17:00:00,CRIMES DIVERSOS,CRIMES DIVERSOS: CRIMES INFORMÁTICOS,ES,ARACRUZ,COQUEIRAL,AMBIENTE WEB,crimes_informaticos,digital,2025.0,8.0,AGO,2025-08-01,1.0,TER,False,17.0,TARDE
2025-08-12,12:00:00,CRIMES DIVERSOS,CRIMES DIVERSOS: CRIMES INFORMÁTICOS,ES,SERRA,NOVO HORIZONTE,OUTRO LOCAL,crimes_informaticos,digital,2025.0,8.0,AGO,2025-08-01,1.0,TER,False,12.0,TARDE
2025-08-12,08:30:00,CRIMES DIVERSOS,CRIMES DIVERSOS: CRIMES INFORMÁTICOS,ES,MONTANHA,OUTRO LOCAL,AMBIENTE WEB,crimes_informaticos,digital,2025.0,8.0,AGO,2025-08-01,1.0,TER,False,8.0,MANHA
2025-08-12,13:00:00,CRIMES DIVERSOS,CRIMES DIVERSOS: CRIMES INFORMÁTICOS,ES,SERRA,CIDADE CONTINENTAL,ESCOLA,crimes_informaticos,digital,2025.0,8.0,AGO,2025-08-01,1.0,TER,False,13.0,TARDE
2025-08-12,Indeterminada,CRIMES DIVERSOS,CRIMES DIVERSOS: CRIMES INFORMÁTICOS,ES,GUARAPARI,RECANTO DA SEREIA,AMBIENTE WEB,crimes_informaticos,digital,2025.0,8.0,AGO,2025-08-01,1.0,TER,False,,
2025-08-12,22:04:00,CRIMES DIVERSOS,CRIMES DIVERSOS: CRIMES INFORMÁTICOS,ES,SERRA,CIDADE CONTINENTAL,RESIDÊNCIA,crimes_informaticos,digital,2025.0,8.0,AGO,2025-08-01,1.0,TER,False,22.0,NOITE
2025-09-01,08:00:00,CRIMES DIVERSOS,CRIMES DIVERSOS: CRIMES INFORMÁTICOS,ES,SERRA,EURICO SALLES,AMBIENTE WEB,crimes_informaticos,digital,2025.0,9.0,SET,2025-09-01,0.0,SEG,False,8.0,MANHA
2025-09-01,08:35:00,CRIMES DIVERSOS,CRIMES DIVERSOS: CRIMES INFORMÁTICOS,ES,GOVERNADOR LINDENBERG,NOVO BRASIL,AMBIENTE WEB,crimes_informaticos,digital,2025.0,9.0,SET,2025-09-01,0.0,SEG,False,8.0,MANHA
2025-09-01,Indeterminada,CRIMES DIVERSOS,CRIMES DIVERSOS: CRIMES INFORMÁTICOS,ES,VILA VELHA,ILHA DA CONCEICAO,AMBIENTE WEB,crimes_informaticos,digital,2025.0,9.0,SET,2025-09-01,0.0,SEG,False,,
2025-09-01,01:20:00,CRIMES DIVERSOS,CRIMES DIVERSOS: CRIMES INFORMÁTICOS,ES,SERRA,SERRA DOURADA II,AMBIENTE WEB,crimes_informaticos,digital,2025.0,9.0,SET,2025-09-01,0.0,SEG,False,1.0,MADRUGADA
2025-09-01,16:00:00,CRIMES DIVERSOS,CRIMES DIVERSOS: CRIMES INFORMÁTICOS,ES,SERRA,MARIA NIOBE,OUTRO LOCAL,crimes_informaticos,digital,2025.0,9.0,SET,2025-09-01,0.0,SEG,False,16.0,TARDE
2025-09-01,02:00:00,CRIMES DIVERSOS,CRIMES DIVERSOS: CRIMES INFORMÁTICOS,ES,SERRA,FEU ROSA,AMBIENTE WEB,crimes_informaticos,digital,2025.0,9.0,SET,2025-09-01,0.0,SEG,False,2.0,MADRUGADA
2025-09-01,07:00:00,CRIMES DIVERSOS,CRIMES DIVERSOS: CRIMES INFORMÁTICOS,ES,VITORIA,JARDIM CAMBURI,RESIDÊNCIA,crimes_informaticos,digital,2025.0,9.0,SET,2025-09-01,0.0,SEG,False,7.0,MANHA
2025-09-01,19:20:00,CRIMES DIVERSOS,CRIMES DIVERSOS: CRIMES INFORMÁTICOS,ES,SERRA,RESIDENCIAL CENTRO DA SERRA,AMBIENTE WEB,crimes_informaticos,digital,2025.0,9.0,SET,2025-09-01,0.0,SEG,False,19.0,NOITE
2025-09-01,22:00:00,CRIMES DIVERSOS,CRIMES DIVERSOS: CRIMES INFORMÁTICOS,ES,SERRA,CAMPINHO DA SERRA I,OUTRO LOCAL,crimes_informaticos,digital,2025.0,9.0,SET,2025-09-01,0.0,SEG,False,22.0,NOITE
2025-09-01,11:11:00,CRIMES DIVERSOS,CRIMES DIVERSOS: CRIMES INFORMÁTICOS,ES,SERRA,SERRA DOURADA III,RESIDÊNCIA,crimes_informaticos,digital,2025.0,9.0,SET,2025-09-01,0.0,SEG,False,11.0,MANHA
2025-09-02,17:00:00,CRIMES DIVERSOS,CRIMES DIVERSOS: CRIMES INFORMÁTICOS,ES,MANTENOPOLIS,SAO JOSE DE MANTENOPOLIS,AMBIENTE WEB,crimes_informaticos,digital,2025.0,9.0,SET,2025-09-01,1.0,TER,False,17.0,TARDE
2025-09-02,11:00:00,CRIMES DIVERSOS,CRIMES DIVERSOS: CRIMES INFORMÁTICOS,ES,SERRA,ROSARIO DE FATIMA,OUTRO LOCAL,crimes_informaticos,digital,2025.0,9.0,SET,2025-09-01,1.0,TER,False,11.0,MANHA
2025-09-02,12:34:00,CRIMES DIVERSOS,CRIMES DIVERSOS: CRIMES INFORMÁTICOS,ES,SERRA,RESIDENCIAL CENTRO DA SERRA,OUTRO LOCAL,crimes_informaticos,digital,2025.0,9.0,SET,2025-09-01,1.0,TER,False,12.0,TARDE
2025-09-02,Indeterminada,CRIMES DIVERSOS,CRIMES DIVERSOS: CRIMES INFORMÁTICOS,ES,SERRA,SERRA DOURADA I,AMBIENTE WEB,crimes_informaticos,digital,2025.0,9.0,SET,2025-09-01,1.0,TER,False,,
2025-09-02,00:00:00,CRIMES DIVERSOS,CRIMES DIVERSOS: CRIMES INFORMÁTICOS,ES,SAO MATEUS,OUTRO LOCAL,AMBIENTE WEB,crimes_informaticos,digital,2025.0,9.0,SET,2025-09-01,1.0,TER,False,0.0,MADRUGADA
2025-09-02,11:14:00,CRIMES DIVERSOS,CRIMES DIVERSOS: CRIMES INFORMÁTICOS,ES,GUARAPARI,ADALBERTO SIMAO NADER,AMBIENTE WEB,crimes_informaticos,digital,2025.0,9.0,SET,2025-09-01,1.0,TER,False,11.0,MANHA
2025-09-02,14:03:00,CRIMES DIVERSOS,CRIMES DIVERSOS: CRIMES INFORMÁTICOS,ES,VITORIA,JARDIM CAMBURI,AMBIENTE WEB,crimes_informaticos,digital,2025.0,9.0,SET,2025-09-01,1.0,TER,False,14.0,TARDE
2025-09-02,16:30:00,CRIMES DIVERSOS,CRIMES DIVERSOS: CRIMES INFORMÁTICOS,ES,CASTELO,ZONA RURAL,AMBIENTE WEB,crimes_informaticos,digital,2025.0,9.0,SET,2025-09-01,1.0,TER,False,16.0,TARDE
2025-09-02,16:00:00,CRIMES DIVERSOS,CRIMES DIVERSOS: CRIMES INFORMÁTICOS,ES,VILA VELHA,PRAIA DA COSTA,AMBIENTE WEB,crimes_informaticos,digital,2025.0,9.0,SET,2025-09-01,1.0,TER,False,16.0,TARDE
2025-09-02,06:52:00,CRIMES DIVERSOS,CRIMES DIVERSOS: CRIMES INFORMÁTICOS,ES,VITORIA,MATA DA PRAIA,AMBIENTE WEB,crimes_informaticos,digital,2025.0,9.0,SET,2025-09-01,1.0,TER,False,6.0,MANHA
2025-09-03,Indeterminada,CRIMES DIVERSOS,CRIMES DIVERSOS: CRIMES INFORMÁTICOS,ES,SAO MATEUS,OUTRO LOCAL,AMBIENTE WEB,crimes_informaticos,digital,2025.0,9.0,SET,2025-09-01,2.0,QUA,False,,
2025-09-03,19:00:00,CRIMES DIVERSOS,CRIMES DIVERSOS: CRIMES INFORMÁTICOS,ES,COLATINA,AEROPORTO,AMBIENTE WEB,crimes_informaticos,digital,2025.0,9.0,SET,2025-09-01,2.0,QUA,False,19.0,NOITE
2025-09-03,18:00:00,CRIMES DIVERSOS,CRIMES DIVERSOS: CRIMES INFORMÁTICOS,ES,SERRA,PLANALTO SERRANO,AMBIENTE WEB,crimes_informaticos,digital,2025.0,9.0,SET,2025-09-01,2.0,QUA,False,18.0,NOITE
2025-09-03,08:50:00,CRIMES DIVERSOS,CRIMES DIVERSOS: CRIMES INFORMÁTICOS,ES,SERRA,VALPARAISO,OUTRO LOCAL,crimes_informaticos,digital,2025.0,9.0,SET,2025-09-01,2.0,QUA,False,8.0,MANHA
2025-09-03,07:00:00,CRIMES DIVERSOS,CRIMES DIVERSOS: CRIMES INFORMÁTICOS,ES,CONCEICAO DA BARRA,CENTRO,AMBIENTE WEB,crimes_informaticos,digital,2025.0,9.0,SET,2025-09-01,2.0,QUA,False,7.0,MANHA
2025-09-03,22:29:00,CRIMES DIVERSOS,CRIMES DIVERSOS: CRIMES INFORMÁTICOS,ES,VITORIA,JARDIM CAMBURI,AMBIENTE WEB,crimes_informaticos,digital,2025.0,9.0,SET,2025-09-01,2.0,QUA,False,22.0,NOITE
2025-09-03,Indeterminada,CRIMES DIVERSOS,CRIMES DIVERSOS: CRIMES INFORMÁTICOS,ES,VITORIA,SANTA CLARA,AMBIENTE WEB,crimes_informaticos,digital,2025.0,9.0,SET,2025-09-01,2.0,QUA,False,,
2025-09-03,00:00:00,CRIMES DIVERSOS,CRIMES DIVERSOS: CRIMES INFORMÁTICOS,ES,SAO MATEUS,OUTRO LOCAL,AMBIENTE WEB,crimes_informaticos,digital,2025.0,9.0,SET,2025-09-01,2.0,QUA,False,0.0,MADRUGADA
2025-09-03,Indeterminada,CRIMES DIVERSOS,CRIMES DIVERSOS: CRIMES INFORMÁTICOS,ES,VILA VELHA,PRAIA DA COSTA,AMBIENTE WEB,crimes_informaticos,digital,2025.0,9.0,SET,2025-09-01,2.0,QUA,False,,
2025-09-03,18:00:00,CRIMES DIVERSOS,CRIMES DIVERSOS: CRIMES INFORMÁTICOS,ES,IBIRACU,COHAB,AMBIENTE WEB,crimes_informaticos,digital,2025.0,9.0,SET,2025-09-01,2.0,QUA,False,18.0,NOITE
2025-09-03,15:00:00,CRIMES DIVERSOS,CRIMES DIVERSOS: CRIMES INFORMÁTICOS,ES,COLATINA,OUTRO LOCAL,AMBIENTE WEB,crimes_informaticos,digital,2025.0,9.0,SET,2025-09-01,2.0,QUA,False,15.0,TARDE
2025-09-03,06:00:00,CRIMES DIVERSOS,CRIMES DIVERSOS: CRIMES INFORMÁTICOS,ES,SERRA,BAIRRO NOVO,AMBIENTE WEB,crimes_informaticos,digital,2025.0,9.0,SET,2025-09-01,2.0,QUA,False,6.0,MANHA
2025-09-03,13:12:00,CRIMES DIVERSOS,CRIMES DIVERSOS: CRIMES INFORMÁTICOS,ES,SERRA,CENTRO DA SERRA,AMBIENTE WEB,crimes_informaticos,digital,2025.0,9.0,SET,2025-09-01,2.0,QUA,False,13.0,TARDE
2025-09-04,17:47:00,CRIMES DIVERSOS,CRIMES DIVERSOS: CRIMES INFORMÁTICOS,ES,SERRA,PLANICIE DA SERRA,AMBIENTE WEB,crimes_informaticos,digital,2025.0,9.0,SET,2025-09-01,3.0,QUI,False,17.0,TARDE
2025-09-04,Indeterminada,CRIMES DIVERSOS,CRIMES DIVERSOS: CRIMES INFORMÁTICOS,ES,VILA VELHA,NOVO MEXICO,AMBIENTE WEB,crimes_informaticos,digital,2025.0,9.0,SET,2025-09-01,3.0,QUI,False,,
2025-09-04,Indeterminada,CRIMES DIVERSOS,CRIMES DIVERSOS: CRIMES INFORMÁTICOS,ES,VITORIA,ANTONIO HONORIO,RESIDÊNCIA,crimes_informaticos,digital,2025.0,9.0,SET,2025-09-01,3.0,QUI,False,,
2025-09-04,08:58:00,CRIMES DIVERSOS,CRIMES DIVERSOS: CRIMES INFORMÁTICOS,ES,COLATINA,ANTONIO DAMIANI,AMBIENTE WEB,crimes_informaticos,digital,2025.0,9.0,SET,2025-09-01,3.0,QUI,False,8.0,MANHA
2025-09-04,00:00:00,CRIMES DIVERSOS,CRIMES DIVERSOS: CRIMES INFORMÁTICOS,ES,SAO MATEUS,OUTRO LOCAL,AMBIENTE WEB,crimes_informaticos,digital,2025.0,9.0,SET,2025-09-01,3.0,QUI,False,0.0,MADRUGADA
2025-09-04,18:30:00,CRIMES DIVERSOS,CRIMES DIVERSOS: CRIMES INFORMÁTICOS,ES,COLATINA,SAO VICENTE,RESIDÊNCIA,crimes_informaticos,digital,2025.0,9.0,SET,2025-09-01,3.0,QUI,False,18.0,NOITE
2025-09-04,17:25:00,CRIMES DIVERSOS,CRIMES DIVERSOS: CRIMES INFORMÁTICOS,ES,ANCHIETA,PRAIA DE UBU,OUTRO LOCAL,crimes_informaticos,digital,2025.0,9.0,SET,2025-09-01,3.0,QUI,False,17.0,TARDE
2025-09-04,14:40:00,CRIMES DIVERSOS,CRIMES DIVERSOS: CRIMES INFORMÁTICOS,ES,ANCHIETA,ANCHIETA,REPARTICAO PUBLICA,crimes_informaticos,digital,2025.0,9.0,SET,2025-09-01,3.0,QUI,False,14.0,TARDE
2025-09-04,16:52:00,CRIMES DIVERSOS,CRIMES DIVERSOS: CRIMES INFORMÁTICOS,ES,VITORIA,CENTRO,OUTRO LOCAL,crimes_informaticos,digital,2025.0,9.0,SET,2025-09-01,3.0,QUI,False,16.0,TARDE
2025-09-04,16:52:00,CRIMES DIVERSOS,CRIMES DIVERSOS: CRIMES INFORMÁTICOS,ES,VITORIA,JARDIM CAMBURI,VIA PÚBLICA,crimes_informaticos,digital,2025.0,9.0,SET,2025-09-01,3.0,QUI,False,16.0,TARDE
2025-09-04,11:30:00,CRIMES DIVERSOS,CRIMES DIVERSOS: CRIMES INFORMÁTICOS,ES,CASTELO,CENTRO,AMBIENTE WEB,crimes_informaticos,digital,2025.0,9.0,SET,2025-09-01,3.0,QUI,False,11.0,MANHA
2025-09-04,21:11:00,CRIMES DIVERSOS,CRIMES DIVERSOS: CRIMES INFORMÁTICOS,ES,VITORIA,JARDIM CAMBURI,AMBIENTE WEB,crimes_informaticos,digital,2025.0,9.0,SET,2025-09-01,3.0,QUI,False,21.0,NOITE
2025-09-04,08:24:00,CRIMES DIVERSOS,CRIMES DIVERSOS: CRIMES INFORMÁTICOS,ES,SERRA,PALMEIRAS,AMBIENTE WEB,crimes_informaticos,digital,2025.0,9.0,SET,2025-09-01,3.0,QUI,False,8.0,MANHA
2025-09-04,11:44:00,CRIMES DIVERSOS,CRIMES DIVERSOS: CRIMES INFORMÁTICOS,ES,VITORIA,JARDIM CAMBURI,AMBIENTE WEB,crimes_informaticos,digital,2025.0,9.0,SET,2025-09-01,3.0,QUI,False,11.0,MANHA
2025-09-04,21:20:00,CRIMES DIVERSOS,CRIMES DIVERSOS: CRIMES INFORMÁTICOS,ES,SERRA,VISTA DA SERRA II,AMBIENTE WEB,crimes_informaticos,digital,2025.0,9.0,SET,2025-09-01,3.0,QUI,False,21.0,NOITE
2025-09-05,11:00:00,CRIMES DIVERSOS,CRIMES DIVERSOS: CRIMES INFORMÁTICOS,ES,CASTELO,ESTRELA DO NORTE,AMBIENTE WEB,crimes_informaticos,digital,2025.0,9.0,SET,2025-09-01,4.0,SEX,False,11.0,MANHA
2025-09-05,16:37:00,CRIMES DIVERSOS,CRIMES DIVERSOS: CRIMES INFORMÁTICOS,ES,CASTELO,ESPLANADA,AMBIENTE WEB,crimes_informaticos,digital,2025.0,9.0,SET,2025-09-01,4.0,SEX,False,16.0,TARDE
2025-09-05,12:00:00,CRIMES DIVERSOS,CRIMES DIVERSOS: CRIMES INFORMÁTICOS,ES,VARGEM ALTA,CENTRO,OUTRO LOCAL,crimes_informaticos,digital,2025.0,9.0,SET,2025-09-01,4.0,SEX,False,12.0,TARDE
2025-09-05,10:58:00,CRIMES DIVERSOS,CRIMES DIVERSOS: CRIMES INFORMÁTICOS,ES,VITORIA,JARDIM DA PENHA,AMBIENTE WEB,crimes_informaticos,digital,2025.0,9.0,SET,2025-09-01,4.0,SEX,False,10.0,MANHA
2025-09-05,07:00:00,CRIMES DIVERSOS,CRIMES DIVERSOS: CRIMES INFORMÁTICOS,ES,VITORIA,JARDIM CAMBURI,AMBIENTE WEB,crimes_informaticos,digital,2025.0,9.0,SET,2025-09-01,4.0,SEX,False,7.0,MANHA
2025-09-05,11:34:00,CRIMES DIVERSOS,CRIMES DIVERSOS: CRIMES INFORMÁTICOS,ES,SERRA,PLANALTO SERRANO,ESCRITORIO,crimes_informaticos,digital,2025.0,9.0,SET,2025-09-01,4.0,SEX,False,11.0,MANHA
2025-09-05,11:00:00,CRIMES DIVERSOS,CRIMES DIVERSOS: CRIMES INFORMÁTICOS,ES,PIUMA,PRAIA DE ACAIACA,RESIDÊNCIA,crimes_informaticos,digital,2025.0,9.0,SET,2025-09-01,4.0,SEX,False,11.0,MANHA
2025-09-05,16:33:00,CRIMES DIVERSOS,CRIMES DIVERSOS: CRIMES INFORMÁTICOS,ES,SERRA,SAO JUDAS TADEU,AMBIENTE WEB,crimes_informaticos,digital,2025.0,9.0,SET,2025-09-01,4.0,SEX,False,16.0,TARDE
2025-09-05,13:32:00,CRIMES DIVERSOS,CRIMES DIVERSOS: CRIMES INFORMÁTICOS,ES,SERRA,MARIA NIOBE,OUTRO LOCAL,crimes_informaticos,digital,2025.0,9.0,SET,2025-09-01,4.0,SEX,False,13.0,TARDE
2025-09-06,08:40:00,CRIMES DIVERSOS,CRIMES DIVERSOS: CRIMES INFORMÁTICOS,ES,COLATINA,VILA AMELIA,RESIDÊNCIA,crimes_informaticos,digital,2025.0,9.0,SET,2025-09-01,5.0,SAB,True,8.0,MANHA
2025-09-06,12:30:00,CRIMES DIVERSOS,CRIMES DIVERSOS: CRIMES INFORMÁTICOS,ES,SERRA,SERRA DOURADA I,AMBIENTE WEB,crimes_informaticos,digital,2025.0,9.0,SET,2025-09-01,5.0,SAB,True,12.0,TARDE
2025-09-06,10:44:00,CRIMES DIVERSOS,CRIMES DIVERSOS: CRIMES INFORMÁTICOS,ES,SERRA,NOVA CARAPINA II,AMBIENTE WEB,crimes_informaticos,digital,2025.0,9.0,SET,2025-09-01,5.0,SAB,True,10.0,MANHA
2025-09-07,10:54:00,CRIMES DIVERSOS,CRIMES DIVERSOS: CRIMES INFORMÁTICOS,ES,VITORIA,JABOUR,OUTRO LOCAL,crimes_informaticos,digital,2025.0,9.0,SET,2025-09-01,6.0,DOM,True,10.0,MANHA
2025-09-07,15:00:00,CRIMES DIVERSOS,CRIMES DIVERSOS: CRIMES INFORMÁTICOS,ES,COLATINA,LUIZ IGLESIAS,AMBIENTE WEB,crimes_informaticos,digital,2025.0,9.0,SET,2025-09-01,6.0,DOM,True,15.0,TARDE
2025-09-08,Indeterminada,CRIMES DIVERSOS,CRIMES DIVERSOS: CRIMES INFORMÁTICOS,ES,LINHARES,OUTRO LOCAL,AMBIENTE WEB,crimes_informaticos,digital,2025.0,9.0,SET,2025-09-01,0.0,SEG,False,,
2025-09-08,12:30:00,CRIMES DIVERSOS,CRIMES DIVERSOS: CRIMES INFORMÁTICOS,ES,GUARAPARI,OLARIA,AMBIENTE WEB,crimes_informaticos,digital,2025.0,9.0,SET,2025-09-01,0.0,SEG,False,12.0,TARDE
2025-09-08,13:00:00,CRIMES DIVERSOS,CRIMES DIVERSOS: CRIMES INFORMÁTICOS,ES,COLATINA,NOSSA SENHORA APARECIDA,AMBIENTE WEB,crimes_informaticos,digital,2025.0,9.0,SET,2025-09-01,0.0,SEG,False,13.0,TARDE
2025-09-08,14:00:00,CRIMES DIVERSOS,CRIMES DIVERSOS: CRIMES INFORMÁTICOS,ES,CACHOEIRO DE ITAPEMIRIM,VARGEM GRANDE DO SOTURNO,RESIDÊNCIA,crimes_informaticos,digital,2025.0,9.0,SET,2025-09-01,0.0,SEG,False,14.0,TARDE
2025-09-08,01:00:00,CRIMES DIVERSOS,CRIMES DIVERSOS: CRIMES INFORMÁTICOS,ES,CACHOEIRO DE ITAPEMIRIM,NOVO PARQUE,RESIDÊNCIA,crimes_informaticos,digital,2025.0,9.0,SET,2025-09-01,0.0,SEG,False,1.0,MADRUGADA
2025-09-08,15:20:00,CRIMES DIVERSOS,CRIMES DIVERSOS: CRIMES INFORMÁTICOS,ES,CACHOEIRO DE ITAPEMIRIM,JARDIM AMERICA,AMBIENTE WEB,crimes_informaticos,digital,2025.0,9.0,SET,2025-09-01,0.0,SEG,False,15.0,TARDE
2025-09-08,18:30:00,CRIMES DIVERSOS,CRIMES DIVERSOS: CRIMES INFORMÁTICOS,ES,SERRA,CIDADE CONTINENTAL,VIA PÚBLICA,crimes_informaticos,digital,2025.0,9.0,SET,2025-09-01,0.0,SEG,False,18.0,NOITE
2025-09-08,18:00:00,CRIMES DIVERSOS,CRIMES DIVERSOS: CRIMES INFORMÁTICOS,ES,VENDA NOVA DO IMIGRANTE,TAPERA,AMBIENTE WEB,crimes_informaticos,digital,2025.0,9.0,SET,2025-09-01,0.0,SEG,False,18.0,NOITE
2025-09-08,20:15:00,CRIMES DIVERSOS,CRIMES DIVERSOS: CRIMES INFORMÁTICOS,ES,SERRA,VISTA DA SERRA I,OUTRO LOCAL,crimes_informaticos,digital,2025.0,9.0,SET,2025-09-01,0.0,SEG,False,20.0,NOITE
2025-09-08,20:52:00,CRIMES DIVERSOS,CRIMES DIVERSOS: CRIMES INFORMÁTICOS,ES,VITORIA,JARDIM CAMBURI,OUTRO LOCAL,crimes_informaticos,digital,2025.0,9.0,SET,2025-09-01,0.0,SEG,False,20.0,NOITE
2025-09-09,10:00:00,CRIMES DIVERSOS,CRIMES DIVERSOS: CRIMES INFORMÁTICOS,ES,VILA VELHA,ITAPOA,AMBIENTE WEB,crimes_informaticos,digital,2025.0,9.0,SET,2025-09-01,1.0,TER,False,10.0,MANHA
2025-09-09,05:00:00,CRIMES DIVERSOS,CRIMES DIVERSOS: CRIMES INFORMÁTICOS,ES,VITORIA,JARDIM CAMBURI,RESIDÊNCIA,crimes_informaticos,digital,2025.0,9.0,SET,2025-09-01,1.0,TER,False,5.0,MADRUGADA
2025-09-09,11:31:00,CRIMES DIVERSOS,CRIMES DIVERSOS: CRIMES INFORMÁTICOS,ES,SERRA,JARDIM CARAPINA,VIA PÚBLICA,crimes_informaticos,digital,2025.0,9.0,SET,2025-09-01,1.0,TER,False,11.0,MANHA
2025-09-09,Indeterminada,CRIMES DIVERSOS,CRIMES DIVERSOS: CRIMES INFORMÁTICOS,ES,SAO MATEUS,OUTRO LOCAL,AMBIENTE WEB,crimes_informaticos,digital,2025.0,9.0,SET,2025-09-01,1.0,TER,False,,
2025-09-09,Indeterminada,CRIMES DIVERSOS,CRIMES DIVERSOS: CRIMES INFORMÁTICOS,ES,COLATINA,PERPETUO SOCORRO,AMBIENTE WEB,crimes_informaticos,digital,2025.0,9.0,SET,2025-09-01,1.0,TER,False,,
2025-09-09,04:00:00,CRIMES DIVERSOS,CRIMES DIVERSOS: CRIMES INFORMÁTICOS,ES,SERRA,SANTA LUZIA,OUTRO LOCAL,crimes_informaticos,digital,2025.0,9.0,SET,2025-09-01,1.0,TER,False,4.0,MADRUGADA
2025-09-10,Indeterminada,CRIMES DIVERSOS,CRIMES DIVERSOS: CRIMES INFORMÁTICOS,ES,SERRA,PLANALTO SERRANO,AMBIENTE WEB,crimes_informaticos,digital,2025.0,9.0,SET,2025-09-01,2.0,QUA,False,,
2025-09-10,09:00:00,CRIMES DIVERSOS,CRIMES DIVERSOS: CRIMES INFORMÁTICOS,ES,SERRA,NOVA CARAPINA I,OUTRO LOCAL,crimes_informaticos,digital,2025.0,9.0,SET,2025-09-01,2.0,QUA,False,9.0,MANHA
2025-09-10,17:00:00,CRIMES DIVERSOS,CRIMES DIVERSOS: CRIMES INFORMÁTICOS,ES,ARACRUZ,VILA RICA,OUTRO LOCAL,crimes_informaticos,digital,2025.0,9.0,SET,2025-09-01,2.0,QUA,False,17.0,TARDE
2025-09-10,01:00:00,CRIMES DIVERSOS,CRIMES DIVERSOS: CRIMES INFORMÁTICOS,ES,VITORIA,DE LOURDES,RESIDÊNCIA,crimes_informaticos,digital,2025.0,9.0,SET,2025-09-01,2.0,QUA,False,1.0,MADRUGADA
2025-09-10,Indeterminada,CRIMES DIVERSOS,CRIMES DIVERSOS: CRIMES INFORMÁTICOS,ES,CARIACICA,VERA CRUZ,AMBIENTE WEB,crimes_informaticos,digital,2025.0,9.0,SET,2025-09-01,2.0,QUA,False,,
2025-09-10,20:00:00,CRIMES DIVERSOS,CRIMES DIVERSOS: CRIMES INFORMÁTICOS,ES,CONCEICAO DA BARRA,QUILOMBO NOVO,AMBIENTE WEB,crimes_informaticos,digital,2025.0,9.0,SET,2025-09-01,2.0,QUA,False,20.0,NOITE
2025-09-10,16:10:00,CRIMES DIVERSOS,CRIMES DIVERSOS: CRIMES INFORMÁTICOS,ES,VILA VELHA,JARDIM MARILANDIA,AMBIENTE WEB,crimes_informaticos,digital,2025.0,9.0,SET,2025-09-01,2.0,QUA,False,16.0,TARDE
2025-09-11,13:00:00,CRIMES DIVERSOS,CRIMES DIVERSOS: CRIMES INFORMÁTICOS,ES,CONCEICAO DA BARRA,NOSSA SENHORA APARECIDA,RESIDÊNCIA,crimes_informaticos,digital,2025.0,9.0,SET,2025-09-01,3.0,QUI,False,13.0,TARDE
2025-09-11,16:00:00,CRIMES DIVERSOS,CRIMES DIVERSOS: CRIMES INFORMÁTICOS,ES,ANCHIETA,OUTRO LOCAL,AMBIENTE WEB,crimes_informaticos,digital,2025.0,9.0,SET,2025-09-01,3.0,QUI,False,16.0,TARDE
2025-09-11,20:40:00,CRIMES DIVERSOS,CRIMES DIVERSOS: CRIMES INFORMÁTICOS,ES,ANCHIETA,ANCHIETA,RESIDÊNCIA,crimes_informaticos,digital,2025.0,9.0,SET,2025-09-01,3.0,QUI,False,20.0,NOITE
2025-09-11,18:05:00,CRIMES DIVERSOS,CRIMES DIVERSOS: CRIMES INFORMÁTICOS,ES,SERRA,OUTRO LOCAL,AMBIENTE WEB,crimes_informaticos,digital,2025.0,9.0,SET,2025-09-01,3.0,QUI,False,18.0,NOITE
2025-09-11,18:30:00,CRIMES DIVERSOS,CRIMES DIVERSOS: CRIMES INFORMÁTICOS,ES,CARIACICA,SAO BENEDITO,AMBIENTE WEB,crimes_informaticos,digital,2025.0,9.0,SET,2025-09-01,3.0,QUI,False,18.0,NOITE
2025-09-11,Indeterminada,CRIMES DIVERSOS,CRIMES DIVERSOS: CRIMES INFORMÁTICOS,ES,CARIACICA,BELA AURORA,RESIDÊNCIA,crimes_informaticos,digital,2025.0,9.0,SET,2025-09-01,3.0,QUI,False,,
2025-09-11,21:03:00,CRIMES DIVERSOS,CRIMES DIVERSOS: CRIMES INFORMÁTICOS,ES,VITORIA,JARDIM CAMBURI,OUTRO LOCAL,crimes_informaticos,digital,2025.0,9.0,SET,2025-09-01,3.0,QUI,False,21.0,NOITE
2025-09-11,18:08:00,CRIMES DIVERSOS,CRIMES DIVERSOS: CRIMES INFORMÁTICOS,ES,VITORIA,JARDIM CAMBURI,AMBIENTE WEB,crimes_informaticos,digital,2025.0,9.0,SET,2025-09-01,3.0,QUI,False,18.0,NOITE
2025-09-11,15:00:00,CRIMES DIVERSOS,CRIMES DIVERSOS: CRIMES INFORMÁTICOS,ES,SERRA,JARDIM TROPICAL,ESCOLA,crimes_informaticos,digital,2025.0,9.0,SET,2025-09-01,3.0,QUI,False,15.0,TARDE
2025-09-11,10:15:00,CRIMES DIVERSOS,CRIMES DIVERSOS: CRIMES INFORMÁTICOS,ES,SERRA,OUTRO LOCAL,OUTRO LOCAL,crimes_informaticos,digital,2025.0,9.0,SET,2025-09-01,3.0,QUI,False,10.0,MANHA
2025-09-12,11:00:00,CRIMES DIVERSOS,CRIMES DIVERSOS: CRIMES INFORMÁTICOS,ES,VITORIA,MATA DA PRAIA,AMBIENTE WEB,crimes_informaticos,digital,2025.0,9.0,SET,2025-09-01,4.0,SEX,False,11.0,MANHA
2025-09-12,12:00:00,CRIMES DIVERSOS,CRIMES DIVERSOS: CRIMES INFORMÁTICOS,ES,SERRA,ESTANCIA MONAZITICA,AMBIENTE WEB,crimes_informaticos,digital,2025.0,9.0,SET,2025-09-01,4.0,SEX,False,12.0,TARDE
2025-09-12,13:00:00,CRIMES DIVERSOS,CRIMES DIVERSOS: CRIMES INFORMÁTICOS,ES,VILA VELHA,ARACAS,AMBIENTE WEB,crimes_informaticos,digital,2025.0,9.0,SET,2025-09-01,4.0,SEX,False,13.0,TARDE
2025-09-12,14:53:00,CRIMES DIVERSOS,CRIMES DIVERSOS: CRIMES INFORMÁTICOS,ES,ARACRUZ,PRAIA SAUE,RESIDÊNCIA,crimes_informaticos,digital,2025.0,9.0,SET,2025-09-01,4.0,SEX,False,14.0,TARDE
2025-09-12,08:44:00,CRIMES DIVERSOS,CRIMES DIVERSOS: CRIMES INFORMÁTICOS,ES,COLATINA,ESPLANADA,ESCOLA,crimes_informaticos,digital,2025.0,9.0,SET,2025-09-01,4.0,SEX,False,8.0,MANHA
2025-09-12,20:00:00,CRIMES DIVERSOS,CRIMES DIVERSOS: CRIMES INFORMÁTICOS,ES,VILA VELHA,JARDIM DO VALE,RESIDÊNCIA,crimes_informaticos,digital,2025.0,9.0,SET,2025-09-01,4.0,SEX,False,20.0,NOITE
2025-09-12,16:50:00,CRIMES DIVERSOS,CRIMES DIVERSOS: CRIMES INFORMÁTICOS,ES,SERRA,SAO MARCOS II,OUTRO LOCAL,crimes_informaticos,digital,2025.0,9.0,SET,2025-09-01,4.0,SEX,False,16.0,TARDE
2025-09-12,13:09:00,CRIMES DIVERSOS,CRIMES DIVERSOS: CRIMES INFORMÁTICOS,ES,SERRA,NOVO PORTO CANOA,RESIDÊNCIA,crimes_informaticos,digital,2025.0,9.0,SET,2025-09-01,4.0,SEX,False,13.0,TARDE
2025-09-12,16:50:00,CRIMES DIVERSOS,CRIMES DIVERSOS: CRIMES INFORMÁTICOS,ES,SERRA,ESTANCIA MONAZITICA,AMBIENTE WEB,crimes_informaticos,digital,2025.0,9.0,SET,2025-09-01,4.0,SEX,False,16.0,TARDE
2025-09-12,20:53:00,CRIMES DIVERSOS,CRIMES DIVERSOS: CRIMES INFORMÁTICOS,ES,SERRA,VILA NOVA DE COLARES,AMBIENTE WEB,crimes_informaticos,digital,2025.0,9.0,SET,2025-09-01,4.0,SEX,False,20.0,NOITE
2025-09-12,16:04:00,CRIMES DIVERSOS,CRIMES DIVERSOS: CRIMES INFORMÁTICOS,ES,COLATINA,MARIO GIURIZATO,RESIDÊNCIA,crimes_informaticos,digital,2025.0,9.0,SET,2025-09-01,4.0,SEX,False,16.0,TARDE
2025-09-12,12:00:00,CRIMES DIVERSOS,CRIMES DIVERSOS: CRIMES INFORMÁTICOS,ES,SERRA,ANDRE CARLONI,AMBIENTE WEB,crimes_informaticos,digital,2025.0,9.0,SET,2025-09-01,4.0,SEX,False,12.0,TARDE
2025-09-12,21:30:00,CRIMES DIVERSOS,CRIMES DIVERSOS: CRIMES INFORMÁTICOS,ES,CARIACICA,NOVA ROSA DA PENHA,RESIDÊNCIA,crimes_informaticos,digital,2025.0,9.0,SET,2025-09-01,4.0,SEX,False,21.0,NOITE
2025-09-12,19:00:00,CRIMES DIVERSOS,CRIMES DIVERSOS: CRIMES INFORMÁTICOS,ES,VITORIA,MORADA DE CAMBURI,OUTRO LOCAL,crimes_informaticos,digital,2025.0,9.0,SET,2025-09-01,4.0,SEX,False,19.0,NOITE
2025-09-12,19:00:00,CRIMES DIVERSOS,CRIMES DIVERSOS: CRIMES INFORMÁTICOS,ES,VITORIA,MORADA DE CAMBURI,OUTRO LOCAL,crimes_informaticos,digital,2025.0,9.0,SET,2025-09-01,4.0,SEX,False,19.0,NOITE
2025-09-12,15:20:00,CRIMES DIVERSOS,CRIMES DIVERSOS: CRIMES INFORMÁTICOS,ES,SERRA,CACAROCA,AGÊNCIA BANCÁRIA,crimes_informaticos,digital,2025.0,9.0,SET,2025-09-01,4.0,SEX,False,15.0,TARDE
2025-10-01,00:30:00,CRIMES DIVERSOS,CRIMES DIVERSOS: CRIMES INFORMÁTICOS,ES,VITORIA,MATA DA PRAIA,OUTRO LOCAL,crimes_informaticos,digital,2025.0,10.0,OUT,2025-10-01,2.0,QUA,False,0.0,MADRUGADA
2025-10-01,Indeterminada,CRIMES DIVERSOS,CRIMES DIVERSOS: CRIMES INFORMÁTICOS,ES,PINHEIROS,SANTO ANTONIO,AMBIENTE WEB,crimes_informaticos,digital,2025.0,10.0,OUT,2025-10-01,2.0,QUA,False,,
2025-10-01,15:00:00,CRIMES DIVERSOS,CRIMES DIVERSOS: CRIMES INFORMÁTICOS,ES,ANCHIETA,CENTRO,OUTRO LOCAL,crimes_informaticos,digital,2025.0,10.0,OUT,2025-10-01,2.0,QUA,False,15.0,TARDE
2025-10-01,14:00:00,CRIMES DIVERSOS,CRIMES DIVERSOS: CRIMES INFORMÁTICOS,ES,SERRA,CIDADE CONTINENTAL,AMBIENTE WEB,crimes_informaticos,digital,2025.0,10.0,OUT,2025-10-01,2.0,QUA,False,14.0,TARDE
2025-10-01,00:00:00,CRIMES DIVERSOS,CRIMES DIVERSOS: CRIMES INFORMÁTICOS,ES,SAO MATEUS,OUTRO LOCAL,AMBIENTE WEB,crimes_informaticos,digital,2025.0,10.0,OUT,2025-10-01,2.0,QUA,False,0.0,MADRUGADA
2025-10-01,21:57:00,CRIMES DIVERSOS,CRIMES DIVERSOS: CRIMES INFORMÁTICOS,ES,IRUPI,ZONA RURAL,AMBIENTE WEB,crimes_informaticos,digital,2025.0,10.0,OUT,2025-10-01,2.0,QUA,False,21.0,NOITE
2025-10-01,18:20:00,CRIMES DIVERSOS,CRIMES DIVERSOS: CRIMES INFORMÁTICOS,ES,COLATINA,OUTRO LOCAL,RESIDÊNCIA,crimes_informaticos,digital,2025.0,10.0,OUT,2025-10-01,2.0,QUA,False,18.0,NOITE
2025-10-01,15:25:00,CRIMES DIVERSOS,CRIMES DIVERSOS: CRIMES INFORMÁTICOS,ES,SERRA,PORTO CANOA,AMBIENTE WEB,crimes_informaticos,digital,2025.0,10.0,OUT,2025-10-01,2.0,QUA,False,15.0,TARDE
2025-10-01,16:30:00,CRIMES DIVERSOS,CRIMES DIVERSOS: CRIMES INFORMÁTICOS,ES,SERRA,CENTRO DA SERRA,OUTRO LOCAL,crimes_informaticos,digital,2025.0,10.0,OUT,2025-10-01,2.0,QUA,False,16.0,TARDE
2025-10-01,Indeterminada,CRIMES DIVERSOS,CRIMES DIVERSOS: CRIMES INFORMÁTICOS,ES,ARACRUZ,OUTRO LOCAL,AMBIENTE WEB,crimes_informaticos,digital,2025.0,10.0,OUT,2025-10-01,2.0,QUA,False,,
2025-10-01,00:00:00,CRIMES DIVERSOS,CRIMES DIVERSOS: CRIMES INFORMÁTICOS,ES,ANCHIETA,ALVORADA,AMBIENTE WEB,crimes_informaticos,digital,2025.0,10.0,OUT,2025-10-01,2.0,QUA,False,0.0,MADRUGADA
2025-10-01,15:59:00,CRIMES DIVERSOS,CRIMES DIVERSOS: CRIMES INFORMÁTICOS,ES,SERRA,JARDIM CARAPINA,OUTRO LOCAL,crimes_informaticos,digital,2025.0,10.0,OUT,2025-10-01,2.0,QUA,False,15.0,TARDE
2025-10-01,10:56:00,CRIMES DIVERSOS,CRIMES DIVERSOS: CRIMES INFORMÁTICOS,ES,SERRA,ANDRE CARLONI,AMBIENTE WEB,crimes_informaticos,digital,2025.0,10.0,OUT,2025-10-01,2.0,QUA,False,10.0,MANHA
2025-10-01,Indeterminada,CRIMES DIVERSOS,CRIMES DIVERSOS: CRIMES INFORMÁTICOS,ES,PINHEIROS,ZONA RURAL,AMBIENTE WEB,crimes_informaticos,digital,2025.0,10.0,OUT,2025-10-01,2.0,QUA,False,,
2025-10-01,Indeterminada,CRIMES DIVERSOS,CRIMES DIVERSOS: CRIMES INFORMÁTICOS,ES,SERRA,SAO DOMINGOS,AMBIENTE WEB,crimes_informaticos,digital,2025.0,10.0,OUT,2025-10-01,2.0,QUA,False,,
2025-10-02,05:57:00,CRIMES DIVERSOS,CRIMES DIVERSOS: CRIMES INFORMÁTICOS,ES,ANCHIETA,OUTRO LOCAL,AMBIENTE WEB,crimes_informaticos,digital,2025.0,10.0,OUT,2025-10-01,3.0,QUI,False,5.0,MADRUGADA
2025-10-02,Indeterminada,CRIMES DIVERSOS,CRIMES DIVERSOS: CRIMES INFORMÁTICOS,ES,PINHEIROS,CENTRO,COMÉRCIO,crimes_informaticos,digital,2025.0,10.0,OUT,2025-10-01,3.0,QUI,False,,
2025-10-02,07:00:00,CRIMES DIVERSOS,CRIMES DIVERSOS: CRIMES INFORMÁTICOS,ES,SERRA,SERRA DOURADA III,OUTRO LOCAL,crimes_informaticos,digital,2025.0,10.0,OUT,2025-10-01,3.0,QUI,False,7.0,MANHA
2025-10-02,10:23:00,CRIMES DIVERSOS,CRIMES DIVERSOS: CRIMES INFORMÁTICOS,ES,VILA VELHA,OUTRO LOCAL,AMBIENTE WEB,crimes_informaticos,digital,2025.0,10.0,OUT,2025-10-01,3.0,QUI,False,10.0,MANHA
2025-10-02,21:31:00,CRIMES DIVERSOS,CRIMES DIVERSOS: CRIMES INFORMÁTICOS,ES,SERRA,CAMPINHO DA SERRA II,AMBIENTE WEB,crimes_informaticos,digital,2025.0,10.0,OUT,2025-10-01,3.0,QUI,False,21.0,NOITE
2025-10-02,18:00:00,CRIMES DIVERSOS,CRIMES DIVERSOS: CRIMES INFORMÁTICOS,ES,SERRA,PORTO CANOA,OUTRO LOCAL,crimes_informaticos,digital,2025.0,10.0,OUT,2025-10-01,3.0,QUI,False,18.0,NOITE
2025-10-02,18:34:00,CRIMES DIVERSOS,CRIMES DIVERSOS: CRIMES INFORMÁTICOS,ES,SANTA MARIA DE JETIBA,GARRAFAO,RESIDÊNCIA,crimes_informaticos,digital,2025.0,10.0,OUT,2025-10-01,3.0,QUI,False,18.0,NOITE
2025-10-02,17:00:00,CRIMES DIVERSOS,CRIMES DIVERSOS: CRIMES INFORMÁTICOS,ES,VITORIA,SANTA CLARA,AMBIENTE WEB,crimes_informaticos,digital,2025.0,10.0,OUT,2025-10-01,3.0,QUI,False,17.0,TARDE
2025-10-02,20:00:00,CRIMES DIVERSOS,CRIMES DIVERSOS: CRIMES INFORMÁTICOS,ES,VITORIA,SANTA MARTHA,OUTRO LOCAL,crimes_informaticos,digital,2025.0,10.0,OUT,2025-10-01,3.0,QUI,False,20.0,NOITE
2025-10-02,07:00:00,CRIMES DIVERSOS,CRIMES DIVERSOS: CRIMES INFORMÁTICOS,ES,VARGEM ALTA,CENTRO,REPARTICAO PUBLICA,crimes_informaticos,digital,2025.0,10.0,OUT,2025-10-01,3.0,QUI,False,7.0,MANHA
2025-10-02,15:26:00,CRIMES DIVERSOS,CRIMES DIVERSOS: CRIMES INFORMÁTICOS,ES,CONCEICAO DA BARRA,NOSSA SENHORA APARECIDA,AMBIENTE WEB,crimes_informaticos,digital,2025.0,10.0,OUT,2025-10-01,3.0,QUI,False,15.0,TARDE
2025-10-02,00:00:00,CRIMES DIVERSOS,CRIMES DIVERSOS: CRIMES INFORMÁTICOS,ES,SERRA,SERRA DOURADA II,AMBIENTE WEB,crimes_informaticos,digital,2025.0,10.0,OUT,2025-10-01,3.0,QUI,False,0.0,MADRUGADA
2025-10-03,08:10:00,CRIMES DIVERSOS,CRIMES DIVERSOS: CRIMES INFORMÁTICOS,ES,CASTELO,CENTRO,AMBIENTE WEB,crimes_informaticos,digital,2025.0,10.0,OUT,2025-10-01,4.0,SEX,False,8.0,MANHA
2025-10-03,Indeterminada,CRIMES DIVERSOS,CRIMES DIVERSOS: CRIMES INFORMÁTICOS,ES,PINHEIROS,CENTRO,COMÉRCIO,crimes_informaticos,digital,2025.0,10.0,OUT,2025-10-01,4.0,SEX,False,,
2025-10-03,12:00:00,CRIMES DIVERSOS,CRIMES DIVERSOS: CRIMES INFORMÁTICOS,ES,VITORIA,MATA DA PRAIA,AMBIENTE WEB,crimes_informaticos,digital,2025.0,10.0,OUT,2025-10-01,4.0,SEX,False,12.0,TARDE
2025-10-03,12:50:00,CRIMES DIVERSOS,CRIMES DIVERSOS: CRIMES INFORMÁTICOS,ES,VILA VELHA,VILA GARRIDO,AMBIENTE WEB,crimes_informaticos,digital,2025.0,10.0,OUT,2025-10-01,4.0,SEX,False,12.0,TARDE
2025-10-03,14:00:00,CRIMES DIVERSOS,CRIMES DIVERSOS: CRIMES INFORMÁTICOS,ES,ALFREDO CHAVES,CENTRO,AMBIENTE WEB,crimes_informaticos,digital,2025.0,10.0,OUT,2025-10-01,4.0,SEX,False,14.0,TARDE
2025-10-03,10:52:00,CRIMES DIVERSOS,CRIMES DIVERSOS: CRIMES INFORMÁTICOS,ES,SANTA MARIA DE JETIBA,SAO LUIS,OUTRO LOCAL,crimes_informaticos,digital,2025.0,10.0,OUT,2025-10-01,4.0,SEX,False,10.0,MANHA
2025-10-03,08:00:00,CRIMES DIVERSOS,CRIMES DIVERSOS: CRIMES INFORMÁTICOS,ES,COLATINA,MARIA DAS GRACAS,COMÉRCIO,crimes_informaticos,digital,2025.0,10.0,OUT,2025-10-01,4.0,SEX,False,8.0,MANHA
2025-10-03,13:10:00,CRIMES DIVERSOS,CRIMES DIVERSOS: CRIMES INFORMÁTICOS,ES,SERRA,COLINA DA SERRA,AMBIENTE WEB,crimes_informaticos,digital,2025.0,10.0,OUT,2025-10-01,4.0,SEX,False,13.0,TARDE
2025-10-03,08:12:00,CRIMES DIVERSOS,CRIMES DIVERSOS: CRIMES INFORMÁTICOS,ES,SERRA,OUTRO LOCAL,AMBIENTE WEB,crimes_informaticos,digital,2025.0,10.0,OUT,2025-10-01,4.0,SEX,False,8.0,MANHA
2025-10-03,08:12:00,CRIMES DIVERSOS,CRIMES DIVERSOS: CRIMES INFORMÁTICOS,ES,SERRA,OUTRO LOCAL,AMBIENTE WEB,crimes_informaticos,digital,2025.0,10.0,OUT,2025-10-01,4.0,SEX,False,8.0,MANHA
2025-10-03,13:08:00,CRIMES DIVERSOS,CRIMES DIVERSOS: CRIMES INFORMÁTICOS,ES,SANTA TERESA,CENTRO,AMBIENTE WEB,crimes_informaticos,digital,2025.0,10.0,OUT,2025-10-01,4.0,SEX,False,13.0,TARDE
2025-10-03,15:00:00,CRIMES DIVERSOS,CRIMES DIVERSOS: CRIMES INFORMÁTICOS,ES,SERRA,NOVO PORTO CANOA,AMBIENTE WEB,crimes_informaticos,digital,2025.0,10.0,OUT,2025-10-01,4.0,SEX,False,15.0,TARDE
2025-10-03,15:21:00,CRIMES DIVERSOS,CRIMES DIVERSOS: CRIMES INFORMÁTICOS,ES,VITORIA,JARDIM CAMBURI,OUTRO LOCAL,crimes_informaticos,digital,2025.0,10.0,OUT,2025-10-01,4.0,SEX,False,15.0,TARDE
2025-10-03,13:00:00,CRIMES DIVERSOS,CRIMES DIVERSOS: CRIMES INFORMÁTICOS,ES,SERRA,JARDIM TROPICAL,OUTRO LOCAL,crimes_informaticos,digital,2025.0,10.0,OUT,2025-10-01,4.0,SEX,False,13.0,TARDE
2025-10-03,14:00:00,CRIMES DIVERSOS,CRIMES DIVERSOS: CRIMES INFORMÁTICOS,ES,SERRA,SAO DOMINGOS,AMBIENTE WEB,crimes_informaticos,digital,2025.0,10.0,OUT,2025-10-01,4.0,SEX,False,14.0,TARDE
2025-10-04,09:04:00,CRIMES DIVERSOS,CRIMES DIVERSOS: CRIMES INFORMÁTICOS,ES,CASTELO,INDEPENDENCIA,RESIDÊNCIA,crimes_informaticos,digital,2025.0,10.0,OUT,2025-10-01,5.0,SAB,True,9.0,MANHA
2025-10-04,03:12:00,CRIMES DIVERSOS,CRIMES DIVERSOS: CRIMES INFORMÁTICOS,ES,SERRA,CIDADE CONTINENTAL,AMBIENTE WEB,crimes_informaticos,digital,2025.0,10.0,OUT,2025-10-01,5.0,SAB,True,3.0,MADRUGADA
2025-10-04,04:46:00,CRIMES DIVERSOS,CRIMES DIVERSOS: CRIMES INFORMÁTICOS,ES,SERRA,BAIRRO NOVO,ESCRITORIO,crimes_informaticos,digital,2025.0,10.0,OUT,2025-10-01,5.0,SAB,True,4.0,MADRUGADA
2025-10-04,04:00:00,CRIMES DIVERSOS,CRIMES DIVERSOS: CRIMES INFORMÁTICOS,ES,SERRA,VISTA DA SERRA II,OUTRO LOCAL,crimes_informaticos,digital,2025.0,10.0,OUT,2025-10-01,5.0,SAB,True,4.0,MADRUGADA
2025-10-05,09:00:00,CRIMES DIVERSOS,CRIMES DIVERSOS: CRIMES INFORMÁTICOS,ES,SERRA,CASCATA,RESIDÊNCIA,crimes_informaticos,digital,2025.0,10.0,OUT,2025-10-01,6.0,DOM,True,9.0,MANHA
2025-10-05,Indeterminada,CRIMES DIVERSOS,CRIMES DIVERSOS: CRIMES INFORMÁTICOS,ES,SERRA,SERRA DOURADA II,AMBIENTE WEB,crimes_informaticos,digital,2025.0,10.0,OUT,2025-10-01,6.0,DOM,True,,
2025-10-05,23:12:00,CRIMES DIVERSOS,CRIMES DIVERSOS: CRIMES INFORMÁTICOS,ES,SERRA,VISTA DA SERRA I,AGÊNCIA BANCÁRIA,crimes_informaticos,digital,2025.0,10.0,OUT,2025-10-01,6.0,DOM,True,23.0,NOITE
2025-10-06,10:20:00,CRIMES DIVERSOS,CRIMES DIVERSOS: CRIMES INFORMÁTICOS,ES,CASTELO,ZONA RURAL,AMBIENTE WEB,crimes_informaticos,digital,2025.0,10.0,OUT,2025-10-01,0.0,SEG,False,10.0,MANHA
2025-10-06,11:00:00,CRIMES DIVERSOS,CRIMES DIVERSOS: CRIMES INFORMÁTICOS,ES,SERRA,SANTA LUZIA,RESIDÊNCIA,crimes_informaticos,digital,2025.0,10.0,OUT,2025-10-01,0.0,SEG,False,11.0,MANHA
2025-10-06,15:00:00,CRIMES DIVERSOS,CRIMES DIVERSOS: CRIMES INFORMÁTICOS,ES,VITORIA,JARDIM CAMBURI,AMBIENTE WEB,crimes_informaticos,digital,2025.0,10.0,OUT,2025-10-01,0.0,SEG,False,15.0,TARDE
2025-10-06,12:00:00,CRIMES DIVERSOS,CRIMES DIVERSOS: CRIMES INFORMÁTICOS,ES,SERRA,VISTA DA SERRA I,RESIDÊNCIA,crimes_informaticos,digital,2025.0,10.0,OUT,2025-10-01,0.0,SEG,False,12.0,TARDE
2025-10-06,18:07:00,CRIMES DIVERSOS,CRIMES DIVERSOS: CRIMES INFORMÁTICOS,ES,SAO ROQUE DO CANAA,VILA VERDE,AMBIENTE WEB,crimes_informaticos,digital,2025.0,10.0,OUT,2025-10-01,0.0,SEG,False,18.0,NOITE
2025-10-06,14:19:00,CRIMES DIVERSOS,CRIMES DIVERSOS: CRIMES INFORMÁTICOS,ES,SERRA,ESTANCIA MONAZITICA,AMBIENTE WEB,crimes_informaticos,digital,2025.0,10.0,OUT,2025-10-01,0.0,SEG,False,14.0,TARDE
2025-10-06,Indeterminada,CRIMES DIVERSOS,CRIMES DIVERSOS: CRIMES INFORMÁTICOS,ES,VILA VELHA,JARDIM GUADALAJARA,AMBIENTE WEB,crimes_informaticos,digital,2025.0,10.0,OUT,2025-10-01,0.0,SEG,False,,
2025-10-06,13:25:00,CRIMES DIVERSOS,CRIMES DIVERSOS: CRIMES INFORMÁTICOS,ES,COLATINA,HONORIO FRAGA,ESCRITORIO,crimes_informaticos,digital,2025.0,10.0,OUT,2025-10-01,0.0,SEG,False,13.0,TARDE
2025-10-07,11:59:00,CRIMES DIVERSOS,CRIMES DIVERSOS: CRIMES INFORMÁTICOS,ES,VITORIA,JARDIM CAMBURI,AMBIENTE WEB,crimes_informaticos,digital,2025.0,10.0,OUT,2025-10-01,1.0,TER,False,11.0,MANHA
2025-10-07,14:30:00,CRIMES DIVERSOS,CRIMES DIVERSOS: CRIMES INFORMÁTICOS,ES,CARIACICA,SANTA LUZIA,OUTRO LOCAL,crimes_informaticos,digital,2025.0,10.0,OUT,2025-10-01,1.0,TER,False,14.0,TARDE
2025-10-07,12:00:00,CRIMES DIVERSOS,CRIMES DIVERSOS: CRIMES INFORMÁTICOS,ES,COLATINA,VILA NOVA,AMBIENTE WEB,crimes_informaticos,digital,2025.0,10.0,OUT,2025-10-01,1.0,TER,False,12.0,TARDE
2025-10-07,16:30:00,CRIMES DIVERSOS,CRIMES DIVERSOS: CRIMES INFORMÁTICOS,ES,VILA VELHA,PRAIA DE ITAPARICA,AMBIENTE WEB,crimes_informaticos,digital,2025.0,10.0,OUT,2025-10-01,1.0,TER,False,16.0,TARDE
2025-10-07,12:00:00,CRIMES DIVERSOS,CRIMES DIVERSOS: CRIMES INFORMÁTICOS,ES,SERRA,MARINGA,OUTRO LOCAL,crimes_informaticos,digital,2025.0,10.0,OUT,2025-10-01,1.0,TER,False,12.0,TARDE
2025-10-07,Indeterminada,CRIMES DIVERSOS,CRIMES DIVERSOS: CRIMES INFORMÁTICOS,ES,PINHEIROS,OUTRO LOCAL,AMBIENTE WEB,crimes_informaticos,digital,2025.0,10.0,OUT,2025-10-01,1.0,TER,False,,
2025-10-07,18:30:00,CRIMES DIVERSOS,CRIMES DIVERSOS: CRIMES INFORMÁTICOS,ES,VILA VELHA,GUARANHUNS,RESIDÊNCIA,crimes_informaticos,digital,2025.0,10.0,OUT,2025-10-01,1.0,TER,False,18.0,NOITE
2025-10-07,18:40:00,CRIMES DIVERSOS,CRIMES DIVERSOS: CRIMES INFORMÁTICOS,ES,COLATINA,MARIA DAS GRACAS,OUTRO LOCAL,crimes_informaticos,digital,2025.0,10.0,OUT,2025-10-01,1.0,TER,False,18.0,NOITE
2025-10-07,22:00:00,CRIMES DIVERSOS,CRIMES DIVERSOS: CRIMES INFORMÁTICOS,ES,SERRA,SERRA DOURADA I,AMBIENTE WEB,crimes_informaticos,digital,2025.0,10.0,OUT,2025-10-01,1.0,TER,False,22.0,NOITE
2025-10-07,14:00:00,CRIMES DIVERSOS,CRIMES DIVERSOS: CRIMES INFORMÁTICOS,ES,SERRA,OUTRO LOCAL,AMBIENTE WEB,crimes_informaticos,digital,2025.0,10.0,OUT,2025-10-01,1.0,TER,False,14.0,TARDE
2025-10-07,11:20:00,CRIMES DIVERSOS,CRIMES DIVERSOS: CRIMES INFORMÁTICOS,ES,VITORIA,JARDIM CAMBURI,RESIDÊNCIA,crimes_informaticos,digital,2025.0,10.0,OUT,2025-10-01,1.0,TER,False,11.0,MANHA
2025-10-07,19:00:00,CRIMES DIVERSOS,CRIMES DIVERSOS: CRIMES INFORMÁTICOS,ES,FUNDAO,PRAIA GRANDE,RESIDÊNCIA,crimes_informaticos,digital,2025.0,10.0,OUT,2025-10-01,1.0,TER,False,19.0,NOITE
2025-10-07,Indeterminada,CRIMES DIVERSOS,CRIMES DIVERSOS: CRIMES INFORMÁTICOS,ES,SERRA,OUTRO LOCAL,AMBIENTE WEB,crimes_informaticos,digital,2025.0,10.0,OUT,2025-10-01,1.0,TER,False,,
2025-10-07,00:00:00,CRIMES DIVERSOS,CRIMES DIVERSOS: CRIMES INFORMÁTICOS,ES,SERRA,RESIDENCIAL CENTRO DA SERRA,AMBIENTE WEB,crimes_informaticos,digital,2025.0,10.0,OUT,2025-10-01,1.0,TER,False,0.0,MADRUGADA
2025-10-07,22:00:00,CRIMES DIVERSOS,CRIMES DIVERSOS: CRIMES INFORMÁTICOS,ES,COLATINA,NOSSA SENHORA APARECIDA,AMBIENTE WEB,crimes_informaticos,digital,2025.0,10.0,OUT,2025-10-01,1.0,TER,False,22.0,NOITE
2025-10-08,13:00:00,CRIMES DIVERSOS,CRIMES DIVERSOS: CRIMES INFORMÁTICOS,ES,PINHEIROS,CENTRO,AMBIENTE WEB,crimes_informaticos,digital,2025.0,10.0,OUT,2025-10-01,2.0,QUA,False,13.0,TARDE
2025-10-08,12:00:00,CRIMES DIVERSOS,CRIMES DIVERSOS: CRIMES INFORMÁTICOS,ES,COLATINA,BELA VISTA,AMBIENTE WEB,crimes_informaticos,digital,2025.0,10.0,OUT,2025-10-01,2.0,QUA,False,12.0,TARDE
2025-10-08,Indeterminada,CRIMES DIVERSOS,CRIMES DIVERSOS: CRIMES INFORMÁTICOS,ES,GUARAPARI,MUQUICABA,AMBIENTE WEB,crimes_informaticos,digital,2025.0,10.0,OUT,2025-10-01,2.0,QUA,False,,
2025-10-08,12:00:00,CRIMES DIVERSOS,CRIMES DIVERSOS: CRIMES INFORMÁTICOS,ES,SERRA,CAMPINHO DA SERRA II,COMÉRCIO,crimes_informaticos,digital,2025.0,10.0,OUT,2025-10-01,2.0,QUA,False,12.0,TARDE
2025-10-08,20:37:00,CRIMES DIVERSOS,CRIMES DIVERSOS: CRIMES INFORMÁTICOS,ES,SERRA,ESTANCIA MONAZITICA,VIA PÚBLICA,crimes_informaticos,digital,2025.0,10.0,OUT,2025-10-01,2.0,QUA,False,20.0,NOITE
2025-10-08,15:00:00,CRIMES DIVERSOS,CRIMES DIVERSOS: CRIMES INFORMÁTICOS,ES,VITORIA,JARDIM CAMBURI,RESIDÊNCIA,crimes_informaticos,digital,2025.0,10.0,OUT,2025-10-01,2.0,QUA,False,15.0,TARDE
2025-10-08,10:23:00,CRIMES DIVERSOS,CRIMES DIVERSOS: CRIMES INFORMÁTICOS,ES,SERRA,JARDIM TROPICAL,AMBIENTE WEB,crimes_informaticos,digital,2025.0,10.0,OUT,2025-10-01,2.0,QUA,False,10.0,MANHA
2025-10-08,17:00:00,CRIMES DIVERSOS,CRIMES DIVERSOS: CRIMES INFORMÁTICOS,ES,PINHEIROS,OUTRO LOCAL,AMBIENTE WEB,crimes_informaticos,digital,2025.0,10.0,OUT,2025-10-01,2.0,QUA,False,17.0,TARDE
2025-10-08,01:04:00,CRIMES DIVERSOS,CRIMES DIVERSOS: CRIMES INFORMÁTICOS,ES,SERRA,CIDADE CONTINENTAL,COMÉRCIO,crimes_informaticos,digital,2025.0,10.0,OUT,2025-10-01,2.0,QUA,False,1.0,MADRUGADA
2025-10-08,00:00:00,CRIMES DIVERSOS,CRIMES DIVERSOS: CRIMES INFORMÁTICOS,ES,SERRA,CIDADE CONTINENTAL,AMBIENTE WEB,crimes_informaticos,digital,2025.0,10.0,OUT,2025-10-01,2.0,QUA,False,0.0,MADRUGADA
2025-10-08,08:00:00,CRIMES DIVERSOS,CRIMES DIVERSOS: CRIMES INFORMÁTICOS,ES,VITORIA,MATA DA PRAIA,OUTRO LOCAL,crimes_informaticos,digital,2025.0,10.0,OUT,2025-10-01,2.0,QUA,False,8.0,MANHA
2025-10-08,00:06:00,CRIMES DIVERSOS,CRIMES DIVERSOS: CRIMES INFORMÁTICOS,ES,SERRA,OUTRO LOCAL,OUTRO LOCAL,crimes_informaticos,digital,2025.0,10.0,OUT,2025-10-01,2.0,QUA,False,0.0,MADRUGADA
2025-10-09,09:30:00,CRIMES DIVERSOS,CRIMES DIVERSOS: CRIMES INFORMÁTICOS,ES,CARIACICA,VASCO DA GAMA,AMBIENTE WEB,crimes_informaticos,digital,2025.0,10.0,OUT,2025-10-01,3.0,QUI,False,9.0,MANHA
2025-10-09,09:00:00,CRIMES DIVERSOS,CRIMES DIVERSOS: CRIMES INFORMÁTICOS,ES,SERRA,OUTRO LOCAL,OUTRO LOCAL,crimes_informaticos,digital,2025.0,10.0,OUT,2025-10-01,3.0,QUI,False,9.0,MANHA
2025-10-09,12:30:00,CRIMES DIVERSOS,CRIMES DIVERSOS: CRIMES INFORMÁTICOS,ES,SERRA,SERRA DOURADA I,VIA PÚBLICA,crimes_informaticos,digital,2025.0,10.0,OUT,2025-10-01,3.0,QUI,False,12.0,TARDE
2025-10-09,19:28:00,CRIMES DIVERSOS,CRIMES DIVERSOS: CRIMES INFORMÁTICOS,ES,SERRA,NOVA CARAPINA I,OUTRO LOCAL,crimes_informaticos,digital,2025.0,10.0,OUT,2025-10-01,3.0,QUI,False,19.0,NOITE
2025-10-09,18:58:00,CRIMES DIVERSOS,CRIMES DIVERSOS: CRIMES INFORMÁTICOS,ES,CASTELO,SANTA BARBARA,AMBIENTE WEB,crimes_informaticos,digital,2025.0,10.0,OUT,2025-10-01,3.0,QUI,False,18.0,NOITE
2025-10-09,00:00:00,CRIMES DIVERSOS,CRIMES DIVERSOS: CRIMES INFORMÁTICOS,ES,VITORIA,JOANA DARC,AMBIENTE WEB,crimes_informaticos,digital,2025.0,10.0,OUT,2025-10-01,3.0,QUI,False,0.0,MADRUGADA
2025-10-09,08:02:00,CRIMES DIVERSOS,CRIMES DIVERSOS: CRIMES INFORMÁTICOS,ES,SERRA,ELDORADO,AMBIENTE WEB,crimes_informaticos,digital,2025.0,10.0,OUT,2025-10-01,3.0,QUI,False,8.0,MANHA
2025-10-10,13:35:00,CRIMES DIVERSOS,CRIMES DIVERSOS: CRIMES INFORMÁTICOS,ES,CASTELO,SANTO ANDREZINHO,AMBIENTE WEB,crimes_informaticos,digital,2025.0,10.0,OUT,2025-10-01,4.0,SEX,False,13.0,TARDE
2025-10-10,16:00:00,CRIMES DIVERSOS,CRIMES DIVERSOS: CRIMES INFORMÁTICOS,ES,VARGEM ALTA,TAQUARACU,RESIDÊNCIA,crimes_informaticos,digital,2025.0,10.0,OUT,2025-10-01,4.0,SEX,False,16.0,TARDE
2025-10-10,11:00:00,CRIMES DIVERSOS,CRIMES DIVERSOS: CRIMES INFORMÁTICOS,ES,SERRA,NOVA CARAPINA I,COMÉRCIO,crimes_informaticos,digital,2025.0,10.0,OUT,2025-10-01,4.0,SEX,False,11.0,MANHA
2025-10-10,14:00:00,CRIMES DIVERSOS,CRIMES DIVERSOS: CRIMES INFORMÁTICOS,ES,SERRA,OUTRO LOCAL,AMBIENTE WEB,crimes_informaticos,digital,2025.0,10.0,OUT,2025-10-01,4.0,SEX,False,14.0,TARDE
2025-10-10,11:00:00,CRIMES DIVERSOS,CRIMES DIVERSOS: CRIMES INFORMÁTICOS,ES,SERRA,ESTANCIA MONAZITICA,AMBIENTE WEB,crimes_informaticos,digital,2025.0,10.0,OUT,2025-10-01,4.0,SEX,False,11.0,MANHA
2025-10-10,17:00:00,CRIMES DIVERSOS,CRIMES DIVERSOS: CRIMES INFORMÁTICOS,ES,VITORIA,DE LOURDES,OUTRO LOCAL,crimes_informaticos,digital,2025.0,10.0,OUT,2025-10-01,4.0,SEX,False,17.0,TARDE
2025-10-10,13:00:00,CRIMES DIVERSOS,CRIMES DIVERSOS: CRIMES INFORMÁTICOS,ES,VILA VELHA,SAO TORQUATO,AMBIENTE WEB,crimes_informaticos,digital,2025.0,10.0,OUT,2025-10-01,4.0,SEX,False,13.0,TARDE
2025-10-10,15:19:00,CRIMES DIVERSOS,CRIMES DIVERSOS: CRIMES INFORMÁTICOS,ES,ANCHIETA,PORTAL DE ANCHIETA,OUTRO LOCAL,crimes_informaticos,digital,2025.0,10.0,OUT,2025-10-01,4.0,SEX,False,15.0,TARDE
2025-10-10,15:00:00,CRIMES DIVERSOS,CRIMES DIVERSOS: CRIMES INFORMÁTICOS,ES,SERRA,JOSE DE ANCHIETA II,COMÉRCIO,crimes_informaticos,digital,2025.0,10.0,OUT,2025-10-01,4.0,SEX,False,15.0,TARDE
2025-10-10,20:50:00,CRIMES DIVERSOS,CRIMES DIVERSOS: CRIMES INFORMÁTICOS,ES,VITORIA,PONTAL DE CAMBURI,AMBIENTE WEB,crimes_informaticos,digital,2025.0,10.0,OUT,2025-10-01,4.0,SEX,False,20.0,NOITE
2025-10-10,11:00:00,CRIMES DIVERSOS,CRIMES DIVERSOS: CRIMES INFORMÁTICOS,ES,SERRA,BAIRRO NOVO,ESCRITORIO,crimes_informaticos,digital,2025.0,10.0,OUT,2025-10-01,4.0,SEX,False,11.0,MANHA
2025-10-11,13:20:00,CRIMES DIVERSOS,CRIMES DIVERSOS: CRIMES INFORMÁTICOS,ES,SERRA,CIDADE POMAR,AMBIENTE WEB,crimes_informaticos,digital,2025.0,10.0,OUT,2025-10-01,5.0,SAB,True,13.0,TARDE
2025-10-11,17:00:00,CRIMES DIVERSOS,CRIMES DIVERSOS: CRIMES INFORMÁTICOS,ES,CARIACICA,SAO FRANCISCO,RESIDÊNCIA,crimes_informaticos,digital,2025.0,10.0,OUT,2025-10-01,5.0,SAB,True,17.0,TARDE
2025-10-11,12:42:00,CRIMES DIVERSOS,CRIMES DIVERSOS: CRIMES INFORMÁTICOS,ES,VITORIA,JARDIM CAMBURI,AMBIENTE WEB,crimes_informaticos,digital,2025.0,10.0,OUT,2025-10-01,5.0,SAB,True,12.0,TARDE
2025-10-11,10:47:00,CRIMES DIVERSOS,CRIMES DIVERSOS: CRIMES INFORMÁTICOS,ES,SERRA,JARDIM TROPICAL,AMBIENTE WEB,crimes_informaticos,digital,2025.0,10.0,OUT,2025-10-01,5.0,SAB,True,10.0,MANHA
2025-10-12,16:30:00,CRIMES DIVERSOS,CRIMES DIVERSOS: CRIMES INFORMÁTICOS,ES,COLATINA,SANTOS DUMONT,RESIDÊNCIA,crimes_informaticos,digital,2025.0,10.0,OUT,2025-10-01,6.0,DOM,True,16.0,TARDE
2025-10-12,09:00:00,CRIMES DIVERSOS,CRIMES DIVERSOS: CRIMES INFORMÁTICOS,ES,CONCEICAO DA BARRA,BRACO DO RIO,AMBIENTE WEB,crimes_informaticos,digital,2025.0,10.0,OUT,2025-10-01,6.0,DOM,True,9.0,MANHA
2025-10-12,20:30:00,CRIMES DIVERSOS,CRIMES DIVERSOS: CRIMES INFORMÁTICOS,ES,SERRA,DIVINOPOLIS,AMBIENTE WEB,crimes_informaticos,digital,2025.0,10.0,OUT,2025-10-01,6.0,DOM,True,20.0,NOITE
2025-10-12,11:00:00,CRIMES DIVERSOS,CRIMES DIVERSOS: CRIMES INFORMÁTICOS,ES,ANCHIETA,JUSTICA,AMBIENTE WEB,crimes_informaticos,digital,2025.0,10.0,OUT,2025-10-01,6.0,DOM,True,11.0,MANHA
2025-10-12,19:14:00,CRIMES DIVERSOS,CRIMES DIVERSOS: CRIMES INFORMÁTICOS,ES,VITORIA,SANTA TEREZA,VEÍCULO,crimes_informaticos,digital,2025.0,10.0,OUT,2025-10-01,6.0,DOM,True,19.0,NOITE
2025-10-12,14:36:00,CRIMES DIVERSOS,CRIMES DIVERSOS: CRIMES INFORMÁTICOS,ES,ANCHIETA,ALVORADA,AMBIENTE WEB,crimes_informaticos,digital,2025.0,10.0,OUT,2025-10-01,6.0,DOM,True,14.0,TARDE
