uf,municipio,bairro,categoria_macro
ES,MANTENOPOLIS,SAO JOSE DE MANTENOPOLIS,digital
ES,SERRA,SAO LOURENCO,digital
ES,ANCHIETA,JUSTICA II,digital
ES,VENDA NOVA DO IMIGRANTE,VILA DA MATA,digital
ES,VITORIA,MATA DA PRAIA,digital
ES,VITORIA,PRAIA DO CANTO,digital
ES,COLATINA,SAO SILVANO,digital
ES,VILA VELHA,ITAPOA,digital
ES,VILA VELHA,PRAIA DA COSTA,digital
ES,SERRA,CASCATA,digital
ES,VITORIA,JARDIM CAMBURI,digital
ES,VITORIA,JARDIM DA PENHA,digital
ES,VILA VELHA,VILA BATISTA,digital
ES,VILA VELHA,VALE ENCANTADO,digital
ES,ALFREDO CHAVES,OURO BRANCO,digital
ES,CARIACICA,NOVA VALVERDE,digital
ES,SAO MATEUS,OUTRO LOCAL,digital
ES,CARIACICA,VERA CRUZ,digital
ES,GUARAPARI,NOVA GUARAPARI,digital
ES,VIANA,VALE DO SOL,digital
ES,SERRA,JARDIM LIMOEIRO,digital
ES,COLATINA,PONTE DO PANCAS,digital
ES,CASTELO,NOSSA SENHORA APARECIDA,digital
ES,VARGEM ALTA,BELEM,digital
ES,SAO ROQUE DO CANAA,VILA VERDE,digital
ES,PRESIDENTE KENNEDY,SAO EDUARDO,digital
ES,PINHEIROS,OUTRO LOCAL,digital
ES,COLATINA,SANTOS DUMONT,digital
ES,CARIACICA,SAO FRANCISCO,digital
ES,VITORIA,REPUBLICA,digital
ES,VILA VELHA,COBI DE CIMA,digital
ES,CARIACICA,JARDIM BOTANICO,digital
ES,VIANA,UNIVERSAL,digital
ES,SERRA,BAIRRO DAS LARANJEIRAS,digital
ES,COLATINA,SAO PEDRO,digital
ES,CARIACICA,MORADA DE SANTA FE,digital
ES,VIANA,ANTARTICA,digital
ES,CONCEICAO DA BARRA,MARCILIO DIAS I,digital
ES,CARIACICA,CAMPINA GRANDE,digital
ES,SERRA,PLANALTO SERRANO,digital
ES,VILA VELHA,COQUEIRAL DE ITAPARICA,digital
ES,VITORIA,SANTO ANTONIO,digital
ES,CARIACICA,CACAROCA,digital
ES,COLATINA,OUTRO LOCAL,digital
ES,VILA VELHA,GUARANHUNS,digital
ES,CARIACICA,SANTO ANDRE,digital
ES,VILA VELHA,OUTRO LOCAL,digital
ES,SERRA,CIDADE CONTINENTAL,digital
ES,SERRA,BICANGA,digital
ES,CARIACICA,VILA CAPIXABA,digital
ES,CARIACICA,RIO MARINHO,digital
ES,CONCEICAO DA BARRA,NOVA BETHANIA,digital
ES,VARGEM ALTA,PROSPERIDADE,digital
ES,VARGEM ALTA,SANTO ANTONIO,digital
ES,CARIACICA,ITAPEMIRIM,digital
ES,BARRA DE SAO FRANCISCO,BAIRRO CRUZEIRO,digital
ES,GUARAPARI,PRAIA DO MORRO,digital
ES,VILA VELHA,ALVORADA,digital
ES,VITORIA,DO QUADRO,digital
ES,SANTA TERESA,OUTRO LOCAL,digital
ES,VILA VELHA,INDUSTRIAL,digital
ES,CARIACICA,ROSA DA PENHA,digital
ES,SERRA,PARQUE RESIDENCIAL TUBARAO,digital
ES,VILA VELHA,PRAIA DE ITAPARICA,digital
ES,CARIACICA,OPERARIO,digital
ES,VITORIA,OUTRO LOCAL,digital
ES,COLATINA,HONORIO FRAGA,digital
ES,ARACRUZ,COQUEIRAL,digital
ES,VILA VELHA,ALECRIM,digital
ES,CASTELO,ARACUI,digital
ES,CARIACICA,PORTO DE SANTANA,digital
ES,VITORIA,SAO PEDRO,digital
ES,ALFREDO CHAVES,IMIGRANTE,digital
ES,VITORIA,SANTA LUCIA,digital
ES,VILA VELHA,COBI DE BAIXO,digital
ES,VILA VELHA,ILHA DAS FLORES,digital
ES,COLATINA,COLUMBIA,digital
ES,VILA VELHA,CENTRO VILA VELHA,digital
ES,VIANA,MARCILIO DE NORONHA,digital
ES,VILA VELHA,SANTA RITA,digital
ES,CARIACICA,SANTA BARBARA,digital
ES,SAO MATEUS,GURIRI,digital
ES,VITORIA,GOIABEIRAS,digital
ES,BAIXO GUANDU,ZONA RURAL,digital
ES,SERRA,MORADA DE LARANJEIRAS,digital
ES,SERRA,COLINA DE LARANJEIRAS,digital
ES,VITORIA,ENSEADA DO SUA,digital
ES,ARACRUZ,JARDINS,digital
ES,COLATINA,FRANCISCO SIMONASSI,digital
ES,VITORIA,CONQUISTA,digital
ES,CACHOEIRO DE ITAPEMIRIM,CAICARA,digital
ES,VITORIA,BONFIM,digital
ES,CASTELO,VILA NOVA,digital
ES,CARIACICA,FLEXAL I,digital
ES,SERRA,JARDIM DA SERRA,digital
ES,SERRA,JOSE DE ANCHIETA,digital
ES,CARIACICA,SAO GERALDO,digital
ES,ICONHA,CENTRO,digital
ES,PINHEIROS,CENTRO,digital
ES,CARIACICA,VASCO DA GAMA,digital
ES,VITORIA,FONTE GRANDE,digital
ES,VITORIA,ITARARE,digital
ES,VITORIA,MARUIPE,digital
ES,ANCHIETA,ZONA RURAL,digital
ES,SANTA TERESA,DOIS PINHEIROS,digital
ES,MONTANHA,CENTRO,digital
ES,COLATINA,SANTO ANTONIO,digital
ES,PANCAS,CENTRO,digital
ES,PANCAS,LIRIO DOS VALES,digital
ES,SERRA,BELVEDERE,digital
ES,CARIACICA,NOVA ROSA DA PENHA,digital
ES,VITORIA,DA PENHA,digital
ES,VITORIA,SANTA MARTHA,digital
ES,CARIACICA,EXPEDITO,digital
ES,MANTENOPOLIS,CENTRO,digital
ES,BARRA DE SAO FRANCISCO,PAULISTA,digital
ES,ANCHIETA,OUTRO LOCAL,digital
ES,ANCHIETA,JUSTICA,digital
ES,CARIACICA,SAO CONRADO,digital
ES,SERRA,RESIDENCIAL CENTRO DA SERRA,digital
ES,VILA VELHA,PRAIA DAS GAIVOTAS,digital
ES,VILA VELHA,COBILANDIA,digital
ES,SERRA,PORTO CANOA,digital
ES,SAO GABRIEL DA PALHA,BARRA SECA,digital
ES,CARIACICA,NOVA BRASILIA,digital
ES,VILA VELHA,VILA GARRIDO,digital
ES,VILA VELHA,ARGOLAS,digital
ES,GUARAPARI,IPIRANGA,digital
ES,VITORIA,NOVA PALESTINA,digital
ES,ANCHIETA,PRAIA DOS CASTELHANOS,digital
ES,ALFREDO CHAVES,OUTRO LOCAL,digital
ES,BARRA DE SAO FRANCISCO,BAIRRO NOVA BARRA,digital
ES,ALFREDO CHAVES,CENTRO,digital
ES,COLATINA,ADELIA GIUBERTTI,digital
ES,SANTA TERESA,CORREGO SECO DE SAO JOAO,digital
ES,VARGEM ALTA,PAMBAL DE BAIXO,digital
ES,MANTENOPOLIS,BELA VISTA,digital
ES,COLATINA,VILA AMELIA,digital
ES,ARACRUZ,VILA NOVA,digital
ES,ALFREDO CHAVES,PARQUE RESIDENCIAL ALFREDO CHAVES,digital
ES,CARIACICA,CAMPO GRANDE,digital
ES,ARACRUZ,CENTRO EMPRESARIAL,digital
ES,COLATINA,CENTRO,digital
ES,ARACRUZ,DECARLI,digital
ES,MANTENOPOLIS,SANTA LUZIA DE MANTENOPOLIS,digital
ES,SERRA,PARQUE RESIDENCIAL LARANJEIRAS,digital
ES,ARACRUZ,OUTRO LOCAL,digital
ES,VITORIA,PARQUE MOSCOSO,digital
ES,CARIACICA,ALTO LAGE,digital
ES,CARIACICA,CASTELO BRANCO,digital
ES,GUACUI,QUINCAS MACHADO,digital
ES,CASTELO,SAO MIGUEL,digital
ES,SERRA,JARDIM CARAPINA,digital
ES,COLATINA,VILA LENIRA,digital
ES,ALFREDO CHAVES,SANTA TEREZINHA,digital
ES,CASTELO,SANTA CLARA,digital
ES,COLATINA,MARIA DAS GRACAS II,digital
ES,SERRA,OURIMAR,digital
ES,SERRA,HELIO FERRAZ,digital
ES,SANTA TERESA,VARZEA ALEGRE,digital
ES,VITORIA,CENTRO,digital
ES,CACHOEIRO DE ITAPEMIRIM,GILBERTO MACHADO,digital
ES,CASTELO,ZONA RURAL,digital
ES,SERRA,CAMPINHO DA SERRA I,digital
ES,CARIACICA,ALZIRA RAMOS,digital
ES,CARIACICA,JARDIM AMERICA,digital
ES,PIUMA,CENTRO,digital
ES,GUARAPARI,BALNEARIO MEAIPE,digital
ES,SANTA TERESA,RIO SALTINHO,digital
ES,VITORIA,VILA RUBIM,digital
ES,VIANA,NOVA BETHANIA,digital
ES,VITORIA,BENTO FERREIRA,digital
ES,COLATINA,RIVIERA,digital
ES,SERRA,PLANICIE DA SERRA,digital
ES,SANTA TERESA,VILA NOVA,digital
ES,VITORIA,ILHA DE SANTA MARIA,digital
ES,ARACRUZ,CENTRO,digital
ES,GUARAPARI,RECANTO DA SEREIA,digital
ES,GUARAPARI,OUTRO LOCAL,digital
ES,COLATINA,MARISTA,digital
ES,VIANA,CAXIAS DO SUL,digital
ES,BARRA DE SAO FRANCISCO,CENTRO,digital
ES,PINHEIROS,PINHEIRINHO,digital
ES,ARACRUZ,GUARANA,digital
ES,COLATINA,COLATINA VELHA,digital
ES,CASTELO,CENTRO,digital
ES,VIANA,CENTRO,digital
ES,VILA VELHA,ILHA DOS AYRES,digital
ES,CACHOEIRO DE ITAPEMIRIM,AEROPORTO,digital
ES,ICONHA,DUAS BARRAS,digital
ES,SERRA,CENTRO DA SERRA,digital
ES,SERRA,NOVA CARAPINA I,digital
ES,SANTA TERESA,CENTRO,digital
ES,VILA VELHA,SOTECO,digital
ES,VITORIA,ILHA DAS CAIEIRAS,digital
ES,VILA VELHA,JARDIM MARILANDIA,digital
ES,GUARAPARI,AEROPORTO,digital
ES,SANTA TERESA,SAO LOURENCO,digital
ES,CARIACICA,VILA PALESTINA,digital
ES,SANTA MARIA DE JETIBA,CARAMURU II,digital
ES,SERRA,ELDORADO,digital
ES,SERRA,SERRA DOURADA I,digital
ES,PEDRO CANARIO,CENTRO,digital
ES,CASTELO,INDEPENDENCIA,digital
ES,SERRA,SAO DOMINGOS,digital
ES,COLATINA,NOSSA SENHORA DA PENHA,digital
ES,SERRA,JARDIM BELA VISTA,digital
ES,CONCEICAO DA BARRA,CHACARA DO ATLANTICO,digital
ES,PIUMA,MONTE AGHA,digital
ES,COLATINA,MOACYR BROTAS,digital
ES,ARACRUZ,SANTA CRUZ,digital
ES,PINHEIROS,GALILEIA,digital
ES,ICONHA,MORADA DO SOL,digital
ES,SERRA,NOVO HORIZONTE,digital
ES,SERRA,VALPARAISO,digital
ES,COLATINA,MARIA DAS GRACAS,digital
ES,ARACRUZ,IRAJA,digital
ES,PINHEIROS,COLINA,digital
ES,ARACRUZ,PLANALTO,digital
ES,PINHEIROS,DOMICIANO,digital
ES,ARACRUZ,CUPIDO,digital
ES,SANTA TERESA,SANTO ANTONIO DO CANAA,digital
ES,MUCURICI,CENTRO,digital
ES,COLATINA,OPERARIO,digital
ES,CACHOEIRO DE ITAPEMIRIM,NOSSA SENHORA DE FATIMA,digital
ES,VITORIA,DE LOURDES,digital
ES,ANCHIETA,CENTRO,digital
ES,CONCEICAO DO CASTELO,CENTRO,digital
ES,VILA VELHA,ZONA NAO IDENTIFICADA I,digital
ES,SERRA,VILA NOVA DE COLARES,digital
ES,CARIACICA,BOA SORTE,digital
ES,VILA VELHA,DIVINO ESPIRITO SANTO,digital
ES,CARIACICA,ITACIBA,digital
ES,AGUIA BRANCA,OUTRO LOCAL,digital
ES,SERRA,SANTO ANTONIO,digital
ES,SERRA,NOVO PORTO CANOA,digital
ES,VENDA NOVA DO IMIGRANTE,ZONA RURAL,digital
ES,MANTENOPOLIS,IPIRANGA,digital
ES,ICONHA,JARDIM JANDYRA,digital
ES,SERRA,SERRA DOURADA II,digital
ES,CASTELO,BELA VISTA,digital
ES,ANCHIETA,OLIVEIRA,digital
ES,CARIACICA,NOVO BRASIL,digital
ES,ECOPORANGA,ZONA RURAL,digital
ES,VITORIA,CONSOLACAO,digital
ES,SERRA,CENTRAL CARAPINA,digital
ES,CONCEICAO DA BARRA,FLORESTA,digital
ES,PINHEIROS,VILA VERDE,digital
ES,VARGEM ALTA,CENTRO,digital
ES,COLATINA,ZONA RURAL,digital
ES,SERRA,SERRA CENTRO,digital
ES,GOVERNADOR LINDENBERG,CENTRO,digital
ES,VILA VELHA,COCAL,digital
ES,SERRA,COLINA DA SERRA,digital
ES,PEDRO CANARIO,NOVO HORIZONTE,digital
ES,CONCEICAO DA BARRA,ANTONIO LOPEZ,digital
ES,SAO ROQUE DO CANAA,VILA ESPANHOLA,digital
ES,ALFREDO CHAVES,ARAPONGA,digital
ES,CONCEICAO DA BARRA,OUTRO LOCAL,digital
ES,CONCEICAO DA BARRA,CENTRO,digital
ES,ANCHIETA,JOAO XXIII,digital
ES,VILA VELHA,GLORIA,digital
ES,VITORIA,MARIA ORTIZ,digital
ES,SANTA MARIA DE JETIBA,CENTRO,digital
ES,ICONHA,BOM DESTINO,digital
ES,NOVA VENECIA,CENTRO,digital
ES,SERRA,CONJUNTO CARAPINA I,digital
ES,ARACRUZ,BELA VISTA,digital
ES,ARACRUZ,GUANABARA,digital
ES,SERRA,MARIA NIOBE,digital
ES,SAO ROQUE DO CANAA,TANCREDO,digital
ES,SERRA,ZONA RURAL,digital
ES,VITORIA,TABUAZEIRO,digital
ES,AFONSO CLAUDIO,CENTRO,digital
ES,SERRA,JARDIM TROPICAL,digital
ES,CACHOEIRO DE ITAPEMIRIM,BURARAMA,digital
ES,PINHEIROS,JUNDIA,digital
ES,COLATINA,ESPLANADA,digital
ES,CONCEICAO DA BARRA,NOSSA SENHORA APARECIDA,digital
ES,COLATINA,AYRTON SENNA,digital
ES,COLATINA,VILA REAL,digital
ES,COLATINA,NOSSA SENHORA APARECIDA,digital
ES,SERRA,NOVA CARAPINA II,digital
ES,ANCHIETA,PORTO DE CIMA,digital
ES,VILA VELHA,PAUL,digital
ES,SERRA,BAIRRO DE FATIMA,digital
ES,COLATINA,PERPETUO SOCORRO,digital
ES,ANCHIETA,SAMARCO,digital
ES,COLATINA,JARDIM PLANALTO,digital
ES,BARRA DE SAO FRANCISCO,BAIRRO IRMAOS FERNANDES,digital
ES,ALFREDO CHAVES,URANIA,digital
ES,MANTENOPOLIS,SAO GERALDO,digital
ES,VITORIA,GRANDE VITORIA,digital
ES,NOVA VENECIA,AEROPORTO,digital
ES,VILA VELHA,VISTA DA PENHA,digital
ES,ANCHIETA,IRIRI,digital
ES,SERRA,CARAPINA GRANDE,digital
ES,VITORIA,BARRO VERMELHO,digital
ES,CACHOEIRO DE ITAPEMIRIM,CORAMARA,digital
ES,COLATINA,SAO MARCOS,digital
ES,SERRA,LARANJEIRAS VELHA,digital
ES,VIANA,PEROBAS,digital
ES,COLATINA,VILA NOVA,digital
ES,SERRA,PARQUE RESIDENCIAL MESTRE ALVARO,digital
ES,COLATINA,MORADA DO SOL,digital
ES,SERRA,VISTA DA SERRA II,digital
ES,CARIACICA,CRUZEIRO DO SUL,digital
ES,GOVERNADOR LINDENBERG,BARRA DE NOVO BRASIL,digital
ES,SERRA,CARAPINA,digital
ES,SERRA,BOA VISTA I,digital
ES,SERRA,SERRA DOURADA III,digital
ES,CARIACICA,OUTRO LOCAL,digital
ES,CARIACICA,NOVA ESPERANCA,digital
ES,PINHEIROS,SAO JOAO DO SOBRADO,digital
ES,PINHEIROS,ZONA RURAL,digital
ES,SERRA,CARAPINA I,digital
ES,COLATINA,ITAPINA,digital
ES,VITORIA,INHANGUETA,digital
ES,CONCEICAO DA BARRA,ITAUNAS,digital
ES,SERRA,CIDADE POMAR,digital
ES,GUARAPARI,MUQUICABA,digital
ES,BARRA DE SAO FRANCISCO,BAIRRO BAMBE,digital
ES,SERRA,DIAMANTINA,digital
ES,LINHARES,BEBEDOURO,digital
ES,SERRA,BARCELONA,digital
ES,ECOPORANGA,CENTRO,digital
ES,VILA VELHA,SAO CONRADO,digital
ES,PINHEIROS,NITEROI,digital
ES,ARACRUZ,FATIMA,digital
ES,MONTANHA,OUTRO LOCAL,digital
ES,SERRA,EURICO SALLES,digital
ES,GOVERNADOR LINDENBERG,NOVO BRASIL,digital
ES,VILA VELHA,ILHA DA CONCEICAO,digital
ES,SERRA,FEU ROSA,digital
ES,SERRA,ROSARIO DE FATIMA,digital
ES,GUARAPARI,ADALBERTO SIMAO NADER,digital
ES,COLATINA,AEROPORTO,digital
ES,VITORIA,SANTA CLARA,digital
ES,IBIRACU,COHAB,digital
ES,SERRA,BAIRRO NOVO,digital
ES,VILA VELHA,NOVO MEXICO,digital
ES,VITORIA,ANTONIO HONORIO,digital
ES,COLATINA,ANTONIO DAMIANI,digital
ES,COLATINA,SAO VICENTE,digital
ES,ANCHIETA,PRAIA DE UBU,digital
ES,ANCHIETA,ANCHIETA,digital
ES,SERRA,PALMEIRAS,digital
ES,CASTELO,ESTRELA DO NORTE,digital
ES,CASTELO,ESPLANADA,digital
ES,PIUMA,PRAIA DE ACAIACA,digital
ES,SERRA,SAO JUDAS TADEU,digital
ES,VITORIA,JABOUR,digital
ES,COLATINA,LUIZ IGLESIAS,digital
ES,LINHARES,OUTRO LOCAL,digital
ES,GUARAPARI,OLARIA,digital
ES,CACHOEIRO DE ITAPEMIRIM,VARGEM GRANDE DO SOTURNO,digital
ES,CACHOEIRO DE ITAPEMIRIM,NOVO PARQUE,digital
ES,CACHOEIRO DE ITAPEMIRIM,JARDIM AMERICA,digital
ES,VENDA NOVA DO IMIGRANTE,TAPERA,digital
ES,SERRA,VISTA DA SERRA I,digital
ES,SERRA,SANTA LUZIA,digital
ES,ARACRUZ,VILA RICA,digital
ES,CONCEICAO DA BARRA,QUILOMBO NOVO,digital
ES,SERRA,OUTRO LOCAL,digital
ES,CARIACICA,SAO BENEDITO,digital
ES,CARIACICA,BELA AURORA,digital
ES,SERRA,ESTANCIA MONAZITICA,digital
ES,VILA VELHA,ARACAS,digital
ES,ARACRUZ,PRAIA SAUE,digital
ES,VILA VELHA,JARDIM DO VALE,digital
ES,SERRA,SAO MARCOS II,digital
ES,COLATINA,MARIO GIURIZATO,digital
ES,SERRA,ANDRE CARLONI,digital
ES,VITORIA,MORADA DE CAMBURI,digital
ES,SERRA,CACAROCA,digital
ES,PINHEIROS,SANTO ANTONIO,digital
ES,IRUPI,ZONA RURAL,digital
ES,ANCHIETA,ALVORADA,digital
ES,SERRA,CAMPINHO DA SERRA II,digital
ES,SANTA MARIA DE JETIBA,GARRAFAO,digital
ES,SANTA MARIA DE JETIBA,SAO LUIS,digital
ES,VILA VELHA,JARDIM GUADALAJARA,digital
ES,CARIACICA,SANTA LUZIA,digital
ES,SERRA,MARINGA,digital
ES,FUNDAO,PRAIA GRANDE,digital
ES,COLATINA,BELA VISTA,digital
ES,CASTELO,SANTA BARBARA,digital
ES,VITORIA,JOANA DARC,digital
ES,CASTELO,SANTO ANDREZINHO,digital
ES,VARGEM ALTA,TAQUARACU,digital
ES,VILA VELHA,SAO TORQUATO,digital
ES,ANCHIETA,PORTAL DE ANCHIETA,digital
ES,SERRA,JOSE DE ANCHIETA II,digital
ES,VITORIA,PONTAL DE CAMBURI,digital
ES,CONCEICAO DA BARRA,BRACO DO RIO,digital
ES,SERRA,DIVINOPOLIS,digital
ES,VITORIA,SANTA TEREZA,digital
ES,CARIACICA,VILA INDEPENDENCIA,patrimonial
ES,SERRA,SERRA CENTRO,patrimonial
ES,VITORIA,MARIA ORTIZ,patrimonial
ES,VILA VELHA,ILHA DOS AYRES,patrimonial
ES,PINHEIROS,COLINA,patrimonial
ES,VILA VELHA,VILA NOVA,patrimonial
ES,MARATAIZES,BARRA DE ITAPEMIRIM,patrimonial
ES,SERRA,JARDIM CARAPINA,patrimonial
ES,NOVA VENECIA,OUTRO LOCAL,patrimonial
ES,VITORIA,MATA DA PRAIA,patrimonial
ES,VILA VELHA,PRAIA DE ITAPARICA,patrimonial
ES,VILA VELHA,RESIDENCIAL COQUEIRAL,patrimonial
ES,VITORIA,PRAIA DO CANTO,patrimonial
ES,VILA VELHA,TERRA VERMELHA,patrimonial
ES,SERRA,CARAPINA I,patrimonial
ES,VILA VELHA,BARRAMARES,patrimonial
ES,VITORIA,CENTRO,patrimonial
ES,VILA VELHA,CENTRO VILA VELHA,patrimonial
ES,SERRA,COLINA DE LARANJEIRAS,patrimonial
ES,CARIACICA,OUTRO LOCAL,patrimonial
ES,CARIACICA,ROSA DA PENHA,patrimonial
ES,VILA VELHA,PRAIA DA COSTA,patrimonial
ES,LINHARES,FARIAS,patrimonial
ES,MARECHAL FLORIANO,VALE DAS PALMAS,patrimonial
ES,CONCEICAO DA BARRA,OUTRO LOCAL,patrimonial
ES,SAO MATEUS,OUTRO LOCAL,patrimonial
ES,VENDA NOVA DO IMIGRANTE,SAO JOAO DE VICOSA,patrimonial
ES,GUACUI,JOREMA,patrimonial
ES,DOMINGOS MARTINS,ZONA RURAL,patrimonial
ES,VITORIA,OUTRO LOCAL,patrimonial
ES,BOM JESUS DO NORTE,CENTRO,patrimonial
ES,SERRA,BALNEARIO DE CARAPEBUS,patrimonial
ES,VILA VELHA,ITAPOA,patrimonial
ES,SERRA,PLANALTO SERRANO,patrimonial
ES,SERRA,TAQUARA I,patrimonial
ES,ARACRUZ,SAUE,patrimonial
ES,MARATAIZES,CIDADE NOVA,patrimonial
ES,PRESIDENTE KENNEDY,CAMPO NOVO I,patrimonial
ES,CARIACICA,ITACIBA,patrimonial
ES,CACHOEIRO DE ITAPEMIRIM,OUTRO LOCAL,patrimonial
ES,CARIACICA,NOVO BRASIL,patrimonial
ES,BAIXO GUANDU,SAO JOSE,patrimonial
ES,ANCHIETA,ALVORADA,patrimonial
ES,SERRA,CIVIT I,patrimonial
ES,SERRA,SAO PEDRO,patrimonial
ES,VILA VELHA,BRISAMAR,patrimonial
ES,SERRA,SERRA DOURADA II,patrimonial
ES,GOVERNADOR LINDENBERG,NOVO BRASIL,patrimonial
ES,SERRA,JOSE DE ANCHIETA,patrimonial
ES,CARIACICA,CASTELO BRANCO,patrimonial
ES,GUARAPARI,ITAPEBUSSU,patrimonial
ES,LINHARES,OUTRO LOCAL,patrimonial
ES,RIO BANANAL,SAO SEBASTIAO,patrimonial
ES,MONTANHA,DECAO,patrimonial
ES,ARACRUZ,PRAIA FORMOSA,patrimonial
ES,CARIACICA,NOVA BRASILIA,patrimonial
ES,ITAPEMIRIM,ITAOCA,patrimonial
ES,GUARAPARI,CENTRO,patrimonial
ES,GUARAPARI,OUTRO LOCAL,patrimonial
ES,SERRA,NOVA CARAPINA II,patrimonial
ES,GUARAPARI,JABUTI,patrimonial
ES,VIANA,AREINHA,patrimonial
ES,COLATINA,PERPETUO SOCORRO,patrimonial
ES,VILA VELHA,VILA GUARANHUNS,patrimonial
ES,VITORIA,JARDIM DA PENHA,patrimonial
ES,LINHARES,INTERLAGOS,patrimonial
ES,VITORIA,PONTAL DE CAMBURI,patrimonial
ES,ICONHA,BOM DESTINO,patrimonial
ES,VITORIA,UNIVERSITARIO,patrimonial
ES,VITORIA,GRANDE VITORIA,patrimonial
ES,ALEGRE,ANUTIBA,patrimonial
ES,SERRA,OUTRO LOCAL,patrimonial
ES,CACHOEIRO DE ITAPEMIRIM,SAO LUIZ GONZAGA,patrimonial
ES,JERONIMO MONTEIRO,PARADA CRISTAL,patrimonial
ES,GUARAPARI,MUQUICABA,patrimonial
ES,ANCHIETA,SIMPATIA,patrimonial
ES,NOVA VENECIA,RUBIA,patrimonial
ES,BARRA DE SAO FRANCISCO,SANTO ANTONIO,patrimonial
ES,SAO ROQUE DO CANAA,SAO ROQUINHO,patrimonial
ES,VIANA,MARCILIO DE NORONHA,patrimonial
ES,AGUIA BRANCA,OUTRO LOCAL,patrimonial
ES,VILA VELHA,JARDIM GUADALAJARA,patrimonial
ES,CARIACICA,PRESIDENTE MEDICE,patrimonial
ES,CACHOEIRO DE ITAPEMIRIM,CENTRO,patrimonial
ES,VILA VELHA,JARDIM GUARANHUNS,patrimonial
ES,LINHARES,PLANALTO,patrimonial
ES,SAO GABRIEL DA PALHA,SANTA HELENA,patrimonial
ES,SAO GABRIEL DA PALHA,JARDIM DE INFANCIA,patrimonial
ES,VITORIA,MARUIPE,patrimonial
ES,CONCEICAO DA BARRA,ITAUNAS,patrimonial
ES,SANTA MARIA DE JETIBA,SAO LUIS,patrimonial
ES,SANTA MARIA DE JETIBA,OUTRO LOCAL,patrimonial
ES,ITAPEMIRIM,CAMPO ACIMA,patrimonial
ES,VILA VELHA,ALVORADA,patrimonial
ES,GUARAPARI,SAO GABRIEL,patrimonial
ES,ARACRUZ,JARDINS,patrimonial
ES,IRUPI,JOAO BUTICA,patrimonial
ES,LINHARES,JOSE RODRIGUES MACIEL,patrimonial
ES,SERRA,JARDIM LIMOEIRO,patrimonial
ES,CARIACICA,NOVA VALVERDE,patrimonial
ES,VILA VELHA,GLORIA,patrimonial
ES,CARIACICA,CAMPO GRANDE,patrimonial
ES,IBATIBA,NOVO HORIZONTE,patrimonial
ES,VITORIA,MARIO CYPRESTE,patrimonial
ES,LINHARES,BNH,patrimonial
ES,ARACRUZ,OUTRO LOCAL,patrimonial
ES,CARIACICA,PORTO DE SANTANA,patrimonial
ES,CACHOEIRO DE ITAPEMIRIM,SAO JOAQUIM,patrimonial
ES,IBATIBA,ZONA RURAL,patrimonial
ES,GUARAPARI,SOL NASCENTE,patrimonial
ES,JERONIMO MONTEIRO,CENTRO,patrimonial
ES,LINHARES,RIO QUARTEL,patrimonial
ES,CARIACICA,NOVA CANAA,patrimonial
ES,VILA VELHA,COQUEIRAL DE ITAPARICA,patrimonial
ES,GUACUI,SAO MIGUEL,patrimonial
ES,VILA VELHA,SAO TORQUATO,patrimonial
ES,VITORIA,SAO CRISTOVAO,patrimonial
ES,SERRA,BAIRRO DAS LARANJEIRAS,patrimonial
ES,VILA VELHA,VALE ENCANTADO,patrimonial
ES,SERRA,VISTA DA SERRA I,patrimonial
ES,CACHOEIRO DE ITAPEMIRIM,ALTO AMARELO,patrimonial
ES,GUARAPARI,BALNEARIO MEAIPE,patrimonial
ES,GUARAPARI,SANTA MONICA,patrimonial
ES,CACHOEIRO DE ITAPEMIRIM,JARDIM ITAPEMIRIM,patrimonial
ES,IBIRACU,OUTRO LOCAL,patrimonial
ES,IBITIRAMA,ZONA RURAL,patrimonial
ES,MARATAIZES,ACAPULCO,patrimonial
ES,VITORIA,SANTO ANTONIO,patrimonial
ES,LINHARES,TRES BARRAS,patrimonial
ES,SERRA,NOVO PORTO CANOA,patrimonial
ES,CARIACICA,PORTO DE CARIACICA,patrimonial
ES,SERRA,FEU ROSA,patrimonial
ES,SERRA,PORTO CANOA,patrimonial
ES,VILA VELHA,JARDIM ASTECA,patrimonial
ES,CARIACICA,NOVA ROSA DA PENHA,patrimonial
ES,CARIACICA,BOA SORTE,patrimonial
ES,ARACRUZ,DECARLI,patrimonial
ES,ARACRUZ,COQUEIRAL,patrimonial
ES,SERRA,VALPARAISO,patrimonial
ES,VILA VELHA,NOVO MEXICO,patrimonial
ES,CARIACICA,VALE DOS REIS,patrimonial
ES,GUARAPARI,JABARAI,patrimonial
ES,GUARAPARI,SETIBA,patrimonial
ES,ALFREDO CHAVES,OURO BRANCO,patrimonial
ES,ALFREDO CHAVES,RIBEIRAO DO CRISTO,patrimonial
ES,PIUMA,CENTRO,patrimonial
ES,PIUMA,MONTE AGHA,patrimonial
ES,SERRA,ESTANCIA MONAZITICA,patrimonial
ES,MUQUI,CENTRO,patrimonial
ES,CARIACICA,NOVO HORIZONTE,patrimonial
ES,VITORIA,SANTA HELENA,patrimonial
ES,VITORIA,DA PENHA,patrimonial
ES,SANTA TERESA,VILA NOVA,patrimonial
ES,IRUPI,OUTRO LOCAL,patrimonial
ES,MIMOSO DO SUL,FUNIL,patrimonial
ES,SANTA MARIA DE JETIBA,CENTRO,patrimonial
ES,CARIACICA,VASCO DA GAMA,patrimonial
ES,MARECHAL FLORIANO,SUIDO DE BAIXO,patrimonial
ES,SAO MATEUS,AROEIRA,patrimonial
ES,NOVA VENECIA,CENTRO,patrimonial
ES,MONTANHA,CENTRO,patrimonial
ES,VILA VELHA,PRIMEIRO DE MAIO,patrimonial
ES,VILA VELHA,SANTA RITA,patrimonial
ES,CARIACICA,PORTO NOVO,patrimonial
ES,LINHARES,AVISO,patrimonial
ES,LINHARES,JARDIM LAGUNA,patrimonial
ES,BAIXO GUANDU,OUTRO LOCAL,patrimonial
ES,BARRA DE SAO FRANCISCO,BAIRRO IRMAOS FERNANDES,patrimonial
ES,NOVA VENECIA,SAO CRISTOVAO,patrimonial
ES,COLATINA,CENTRO,patrimonial
ES,VITORIA,DE LOURDES,patrimonial
ES,CACHOEIRO DE ITAPEMIRIM,RECANTO,patrimonial
ES,AFONSO CLAUDIO,CENTRO,patrimonial
ES,SOORETAMA,CENTRO,patrimonial
ES,SERRA,JARDIM ATLANTICO,patrimonial
ES,CARIACICA,MARACANA,patrimonial
ES,VILA VELHA,ARIBIRI,patrimonial
ES,COLATINA,SAO VICENTE,patrimonial
ES,BREJETUBA,CENTRO,patrimonial
ES,VITORIA,ENSEADA DO SUA,patrimonial
ES,SERRA,CASCATA,patrimonial
ES,SERRA,MORADA DE LARANJEIRAS,patrimonial
ES,CARIACICA,ALTO LAGE,patrimonial
ES,SERRA,PARQUE RESIDENCIAL LARANJEIRAS,patrimonial
ES,CASTELO,SANTO AGOSTINHO,patrimonial
ES,CARIACICA,VILA CAPIXABA,patrimonial
ES,GUARAPARI,SAO JUDAS TADEU,patrimonial
ES,VENDA NOVA DO IMIGRANTE,OUTRO LOCAL,patrimonial
ES,CONCEICAO DA BARRA,PINHEIRO,patrimonial
ES,VITORIA,SANTA MARTHA,patrimonial
ES,PRESIDENTE KENNEDY,OUTRO LOCAL,patrimonial
ES,CONCEICAO DA BARRA,VILA DOS PESCADORES,patrimonial
ES,VILA VELHA,SAO CONRADO,patrimonial
ES,BOA ESPERANCA,ALVORADA,patrimonial
ES,SERRA,SAO MARCOS II,patrimonial
ES,SERRA,BARCELONA,patrimonial
ES,VITORIA,SANTA LUCIA,patrimonial
ES,PIUMA,PIUMINAS,patrimonial
ES,VILA VELHA,COBILANDIA,patrimonial
ES,CACHOEIRO DE ITAPEMIRIM,VILA RICA,patrimonial
ES,CARIACICA,SANTA BARBARA,patrimonial
ES,ARACRUZ,BARRA DO RIACHO,patrimonial
ES,VILA VELHA,BOA VISTA I,patrimonial
ES,COLATINA,ESPLANADA,patrimonial
ES,VITORIA,NAZARETH,patrimonial
ES,SAO GABRIEL DA PALHA,OUTRO LOCAL,patrimonial
ES,SERRA,NOVA ALMEIDA CENTRO,patrimonial
ES,BREJETUBA,SAO DOMINGOS PEQUENO,patrimonial
ES,CARIACICA,SAO BENEDITO,patrimonial
ES,PINHEIROS,CENTRO,patrimonial
ES,SERRA,NOVA CARAPINA I,patrimonial
ES,PIUMA,JARDIM MAILY,patrimonial
ES,SANTA TERESA,SAO JOAO DE PETROPOLIS,patrimonial
ES,ITAPEMIRIM,BREJO GRANDE DO NORTE,patrimonial
ES,BAIXO GUANDU,SAPUCAIA,patrimonial
ES,VENDA NOVA DO IMIGRANTE,ALTO TAPERA,patrimonial
ES,SERRA,VISTA DA SERRA II,patrimonial
ES,COLATINA,COLATINA VELHA,patrimonial
ES,LINHARES,CONCEICAO,patrimonial
ES,CARIACICA,SANTANA,patrimonial
ES,IBATIBA,VILA NOVA,patrimonial
ES,CACHOEIRO DE ITAPEMIRIM,ALTO INDEPENDENCIA,patrimonial
ES,PIUMA,PRAIA DE ACAIACA,patrimonial
ES,CARIACICA,ITANGUA,patrimonial
ES,SERRA,HELIO FERRAZ,patrimonial
ES,SAO GABRIEL DA PALHA,CASTELAN,patrimonial
ES,GUARAPARI,PRAIA DO MORRO,patrimonial
ES,CACHOEIRO DE ITAPEMIRIM,ALTO NOVO PARQUE,patrimonial
ES,NOVA VENECIA,AEROPORTO,patrimonial
ES,CARIACICA,SAO GERALDO,patrimonial
ES,IBATIBA,BOA VISTA,patrimonial
ES,MONTANHA,ANGELA DEPOLLO,patrimonial
ES,PRESIDENTE KENNEDY,JAQUEIRA,patrimonial
ES,PEDRO CANARIO,CENTRO,patrimonial
ES,VILA VELHA,OUTRO LOCAL,patrimonial
ES,SERRA,NOVO HORIZONTE,patrimonial
ES,SERRA,JOSE DE ANCHIETA III,patrimonial
ES,VILA VELHA,ARACAS,patrimonial
ES,ANCHIETA,MAIMBA,patrimonial
ES,SERRA,VILA NOVA DE COLARES,patrimonial
ES,SERRA,OURIMAR,patrimonial
ES,GUACUI,SAO ROMAO,patrimonial
ES,VITORIA,ANDORINHAS,patrimonial
ES,VITORIA,ITARARE,patrimonial
ES,SERRA,EURICO SALLES,patrimonial
ES,VITORIA,PARQUE MOSCOSO,patrimonial
ES,BARRA DE SAO FRANCISCO,CENTRO,patrimonial
ES,ANCHIETA,BAIXO PONGAL,patrimonial
ES,BARRA DE SAO FRANCISCO,ZONA RURAL,patrimonial
ES,CARIACICA,SAO CONRADO,patrimonial
ES,CARIACICA,ALTO DA BOA VISTA,patrimonial
ES,VILA VELHA,IBES,patrimonial
ES,CONCEICAO DA BARRA,BRACO DO RIO,patrimonial
ES,VILA VELHA,SANTA MONICA,patrimonial
ES,AFONSO CLAUDIO,VARGEDO,patrimonial
ES,CACHOEIRO DE ITAPEMIRIM,INDEPENDENCIA,patrimonial
ES,CACHOEIRO DE ITAPEMIRIM,AMARAL,patrimonial
ES,CACHOEIRO DE ITAPEMIRIM,BOA VISTA,patrimonial
ES,COLATINA,VILA AMELIA,patrimonial
ES,SAO GABRIEL DA PALHA,ASA BRANCA,patrimonial
ES,CARIACICA,RIO MARINHO,patrimonial
ES,CACHOEIRO DE ITAPEMIRIM,AGOSTINHO SIMONATO,patrimonial
ES,SERRA,BAIRRO DE FATIMA,patrimonial
ES,CACHOEIRO DE ITAPEMIRIM,CORONEL BORGES,patrimonial
ES,SERRA,PARQUE RESIDENCIAL MESTRE ALVARO,patrimonial
ES,BAIXO GUANDU,VILA KENNEDY,patrimonial
ES,IUNA,SERRINHA,patrimonial
ES,VILA VELHA,CIDADE DA BARRA,patrimonial
ES,DOMINGOS MARTINS,CRISTO REI,patrimonial
ES,MARECHAL FLORIANO,CENTRO,patrimonial
ES,VILA VELHA,PRAIA DAS GAIVOTAS,patrimonial
ES,SERRA,PRAIA DA BALEIA,patrimonial
ES,SERRA,CIDADE CONTINENTAL,patrimonial
ES,NOVA VENECIA,BEIRA RIO,patrimonial
ES,FUNDAO,TIMBUI,patrimonial
ES,VITORIA,AEROPORTO,patrimonial
ES,VITORIA,SANTO ANDRE,patrimonial
ES,VILA VELHA,JARDIM MARILANDIA,patrimonial
ES,GUACUI,OUTRO LOCAL,patrimonial
ES,ITAPEMIRIM,SANTA MARIA DO FRADE,patrimonial
ES,MARILANDIA,CENTRO,patrimonial
ES,VIANA,JUCU,patrimonial
ES,SERRA,SERRA DOURADA III,patrimonial
ES,VILA VELHA,JABURUNA,patrimonial
ES,SERRA,MANGUINHOS,patrimonial
ES,COLATINA,OUTRO LOCAL,patrimonial
ES,MUQUI,ZONA RURAL,patrimonial
ES,SERRA,RESIDENCIAL JACARAIPE,patrimonial
ES,VITORIA,SAO JOSE,patrimonial
ES,LINHARES,CANIVETE,patrimonial
ES,VILA VELHA,ATAIDE,patrimonial
ES,SERRA,JARDIM TROPICAL,patrimonial
ES,IUNA,FERREIRA VALE,patrimonial
ES,SANTA TERESA,CENTRO,patrimonial
ES,VITORIA,VILA RUBIM,patrimonial
ES,VILA VELHA,CRISTOVAO COLOMBO,patrimonial
ES,CONCEICAO DA BARRA,GUAXINDIBA,patrimonial
ES,ARACRUZ,CENTRO,patrimonial
ES,AGUA DOCE DO NORTE,OUTRO LOCAL,patrimonial
ES,SAO MATEUS,SAO PEDRO,patrimonial
ES,LINHARES,NOSSA SENHORA DA CONCEICAO,patrimonial
ES,ARACRUZ,VILA DO RIACHO,patrimonial
ES,RIO BANANAL,BARRA DA PRIMAVERA,patrimonial
ES,RIO BANANAL,SANTO ANTONIO,patrimonial
ES,BARRA DE SAO FRANCISCO,BAIRRO VILA GONCALVES,patrimonial
ES,VITORIA,JABOUR,patrimonial
ES,JOAO NEIVA,CRUBIXA,patrimonial
ES,CACHOEIRO DE ITAPEMIRIM,CORREGO DOS MONOS,patrimonial
ES,CACHOEIRO DE ITAPEMIRIM,ARARIGUABA,patrimonial
ES,CACHOEIRO DE ITAPEMIRIM,INDEPENDENCIA I,patrimonial
ES,CACHOEIRO DE ITAPEMIRIM,BOA ESPERANCA,patrimonial
ES,VITORIA,RESISTENCIA,patrimonial
ES,SAO MATEUS,GURIRI,patrimonial
ES,SERRA,CARAPINA GRANDE,patrimonial
ES,VILA VELHA,DIVINO ESPIRITO SANTO,patrimonial
ES,SERRA,CASTELANDIA,patrimonial
ES,CACHOEIRO DE ITAPEMIRIM,VILAGE DA LUZ,patrimonial
ES,CACHOEIRO DE ITAPEMIRIM,FE E RACA,patrimonial
ES,CACHOEIRO DE ITAPEMIRIM,BNH,patrimonial
ES,CACHOEIRO DE ITAPEMIRIM,MARBRASA,patrimonial
ES,LINHARES,CENTRO,patrimonial
ES,SANTA MARIA DE JETIBA,GARRAFAO,patrimonial
ES,ARACRUZ,VILA RICA,patrimonial
ES,JAGUARE,JIRAU,patrimonial
ES,CACHOEIRO DE ITAPEMIRIM,PARAISO,patrimonial
ES,VITORIA,CARATOIRA,patrimonial
ES,MARECHAL FLORIANO,VICTOR HUGO,patrimonial
ES,COLATINA,LACE,patrimonial
ES,ALTO RIO NOVO,ALTO RIO NOVO,patrimonial
ES,VENDA NOVA DO IMIGRANTE,ZONA RURAL,patrimonial
ES,VITORIA,BENTO FERREIRA,patrimonial
ES,GUARAPARI,OLARIA,patrimonial
ES,GUARAPARI,AEROPORTO,patrimonial
ES,CARIACICA,GRAUNA,patrimonial
ES,SERRA,ANDRE CARLONI,patrimonial
ES,JOAO NEIVA,OUTRO LOCAL,patrimonial
ES,SERRA,PRAIA DE CAPUBA,patrimonial
ES,VITORIA,REPUBLICA,patrimonial
ES,SAO JOSE DO CALCADO,CENTRO,patrimonial
ES,CARIACICA,VISTA MAR,patrimonial
ES,SANTA MARIA DE JETIBA,VILA JETIBA,patrimonial
ES,SERRA,SAO DIOGO II,patrimonial
ES,CARIACICA,SAO FRANCISCO,patrimonial
ES,MUNIZ FREIRE,CENTRO,patrimonial
ES,SERRA,ALTEROSAS,patrimonial
ES,NOVA VENECIA,BONFIM,patrimonial
ES,ITAGUACU,CENTRO,patrimonial
ES,VILA VELHA,ALECRIM,patrimonial
ES,LINHARES,ARACA,patrimonial
ES,SERRA,PORTAL DE JACARAIPE,patrimonial
ES,VITORIA,GURIGICA,patrimonial
ES,BARRA DE SAO FRANCISCO,OUTRO LOCAL,patrimonial
ES,ITAPEMIRIM,OUTRO LOCAL,patrimonial
ES,VILA VELHA,RESIDENCIAL JABAETE,patrimonial
ES,PIUMA,OUTRO LOCAL,patrimonial
ES,COLATINA,AYRTON SENNA,patrimonial
ES,VITORIA,COMDUSA,patrimonial
ES,VILA VELHA,PAUL,patrimonial
ES,CARIACICA,JARDIM AMERICA,patrimonial
ES,VIANA,OUTRO LOCAL,patrimonial
ES,COLATINA,CORREGO DO OURO I,patrimonial
ES,ITAPEMIRIM,ITAIPAVA,patrimonial
ES,VILA VELHA,NOVA ITAPARICA,patrimonial
ES,ITAPEMIRIM,CENTRO,patrimonial
ES,GUARAPARI,BELA VISTA,patrimonial
ES,VITORIA,REDENCAO,patrimonial
ES,GUARAPARI,IPIRANGA,patrimonial
ES,RIO BANANAL,ZONA RURAL,patrimonial
ES,COLATINA,BELA VISTA,patrimonial
ES,VILA VELHA,JARDIM DO VALE,patrimonial
ES,VILA VELHA,GUARANHUNS,patrimonial
ES,COLATINA,RIVIERA,patrimonial
ES,VITORIA,JARDIM CAMBURI,patrimonial
ES,ARACRUZ,JEQUITIBA,patrimonial
ES,COLATINA,SANTA TEREZINHA,patrimonial
ES,NOVA VENECIA,MARGARETH,patrimonial
ES,ARACRUZ,ITAPUTERA,patrimonial
ES,LINHARES,BEBEDOURO,patrimonial
ES,VITORIA,GOIABEIRAS,patrimonial
ES,SAO MATEUS,SANTO ANTONIO,patrimonial
ES,VILA VALERIO,CENTRO,patrimonial
ES,PINHEIROS,OUTRO LOCAL,patrimonial
ES,SERRA,PARQUE JACARAIPE,patrimonial
ES,DOMINGOS MARTINS,CENTRO,patrimonial
ES,COLATINA,SAO SILVANO,patrimonial
ES,GUARAPARI,SANTA ROSA,patrimonial
ES,CACHOEIRO DE ITAPEMIRIM,BELA VISTA,patrimonial
ES,CARIACICA,CARIACICA SEDE,patrimonial
ES,VILA PAVAO,TODOS OS ANJOS,patrimonial
ES,VIANA,NOVA BETHANIA,patrimonial
ES,SAO MATEUS,NOVO HORIZONTE,patrimonial
ES,BAIXO GUANDU,ZONA RURAL,patrimonial
ES,VILA VELHA,RIO MARINHO,patrimonial
ES,LINHARES,NOVA BETANIA,patrimonial
ES,GUARAPARI,LAGOA FUNDA,patrimonial
ES,GUARAPARI,FATIMA CIDADE JARDIM,patrimonial
ES,VITORIA,JUCUTUQUARA,patrimonial
ES,CARIACICA,TUCUM,patrimonial
ES,ANCHIETA,CENTRO,patrimonial
ES,MUNIZ FREIRE,OUTRO LOCAL,patrimonial
ES,CONCEICAO DA BARRA,CENTRO,patrimonial
ES,CASTELO,APARECIDA,patrimonial
ES,JERONIMO MONTEIRO,CAPIXABA,patrimonial
ES,VILA VELHA,VILA BATISTA,patrimonial
ES,GUARAPARI,KUBITSCHEK,patrimonial
ES,CACHOEIRO DE ITAPEMIRIM,AMARELO,patrimonial
ES,MARATAIZES,BELVEDERE,patrimonial
ES,CONCEICAO DA BARRA,NOSSA SENHORA DA CONCEICAO,patrimonial
ES,SERRA,SAO DIOGO I,patrimonial
ES,CACHOEIRO DE ITAPEMIRIM,DOUTOR GILSON CARONE,patrimonial
ES,MARATAIZES,OUTRO LOCAL,patrimonial
ES,JAGUARE,ZONA RURAL,patrimonial
ES,VENDA NOVA DO IMIGRANTE,VILA BETANEA,patrimonial
ES,CACHOEIRO DE ITAPEMIRIM,BAIMINAS,patrimonial
ES,SERRA,SAO PATRICIO,patrimonial
ES,PANCAS,NILTON SA,patrimonial
ES,ATILIO VIVACQUA,NITEROI,patrimonial
ES,VILA VELHA,MORADA DA BARRA,patrimonial
ES,CARIACICA,VILA PALESTINA,patrimonial
ES,CARIACICA,CRUZEIRO DO SUL,patrimonial
ES,VILA VELHA,ILHA DOS BENTOS,patrimonial
ES,CARIACICA,VERA CRUZ,patrimonial
ES,GUACUI,CENTRO,patrimonial
ES,VITORIA,PRAIA DO SUA,patrimonial
ES,VITORIA,ILHA DAS CAIEIRAS,patrimonial
ES,VILA VELHA,SOTECO,patrimonial
ES,MANTENOPOLIS,CENTRO,patrimonial
ES,LINHARES,NOVA ESPERANCA,patrimonial
ES,VILA VELHA,PONTAL DAS GARCAS,patrimonial
ES,SOORETAMA,OUTRO LOCAL,patrimonial
ES,ANCHIETA,SARAMPO,patrimonial
ES,SAO MATEUS,PEDRA DAGUA,patrimonial
ES,SERRA,MARIA NIOBE,patrimonial
ES,LINHARES,PALMITAL,patrimonial
ES,GUARAPARI,UNA,patrimonial
ES,ECOPORANGA,BENEDITA MONTEIRO,patrimonial
ES,LINHARES,LAGOA DO MEIO,patrimonial
ES,SAO GABRIEL DA PALHA,CENTRO,patrimonial
ES,JOAO NEIVA,SANTA LUZIA,patrimonial
ES,SAO MATEUS,ZONA RURAL,patrimonial
ES,CARIACICA,MORADA DE SANTA FE,patrimonial
ES,VITORIA,ROMAO,patrimonial
ES,JAGUARE,SAO ROQUE,patrimonial
ES,VITORIA,ILHA DO BOI,patrimonial
ES,LINHARES,NOVO HORIZONTE,patrimonial
ES,VILA VELHA,ULISSES GUIMARAES,patrimonial
ES,SERRA,RESIDENCIAL VISTA DO MESTRE,patrimonial
ES,VIANA,UNIVERSAL,patrimonial
ES,ARACRUZ,JACUPEMBA,patrimonial
ES,SERRA,PRAIA DE CARAPEBUS,patrimonial
ES,VILA VELHA,SANTA MONICA POPULAR,patrimonial
ES,VITORIA,CONSOLACAO,patrimonial
ES,BARRA DE SAO FRANCISCO,BAIRRO VILA LUCIENE,patrimonial
ES,CARIACICA,DOM BOSCO,patrimonial
ES,CARIACICA,APARECIDA,patrimonial
ES,VILA VELHA,ZUMBI DOS PALMARES,patrimonial
ES,ALFREDO CHAVES,PARQUE RESIDENCIAL ALFREDO CHAVES,patrimonial
ES,MUNIZ FREIRE,SANTA BARBARA,patrimonial
ES,SERRA,ELDORADO,patrimonial
ES,CARIACICA,VILA ISABEL,patrimonial
ES,VITORIA,SANTA CECILIA,patrimonial
ES,VARGEM ALTA,BELEM,patrimonial
ES,VENDA NOVA DO IMIGRANTE,TAPERA,patrimonial
ES,GUARAPARI,CAMURUGI,patrimonial
ES,CASTELO,NOSSA SENHORA APARECIDA,patrimonial
ES,VENDA NOVA DO IMIGRANTE,VILA DA MATA,patrimonial
ES,CASTELO,SAO MIGUEL,patrimonial
ES,VENDA NOVA DO IMIGRANTE,PROVIDENCIA,patrimonial
ES,ANCHIETA,OUTRO LOCAL,patrimonial
ES,SERRA,NOVA ZELANDIA,patrimonial
ES,CASTELO,INDEPENDENCIA,patrimonial
ES,VILA VELHA,JARDIM COLORADO,patrimonial
ES,IBATIBA,CENTRO,patrimonial
ES,SERRA,CONTINENTAL,patrimonial
ES,SERRA,POLO INSDUSTRIAL TUBARAO,patrimonial
ES,ECOPORANGA,SANTA LUZIA DO NORTE,patrimonial
ES,ALEGRE,VILA DO SUL,patrimonial
ES,SERRA,ENSEADA DE JACARAIPE,patrimonial
ES,CONCEICAO DO CASTELO,ZONA RURAL,patrimonial
ES,CARIACICA,PADRE GABRIEL,patrimonial
ES,MARILANDIA,ZONA RURAL,patrimonial
ES,PANCAS,ZONA RURAL,patrimonial
ES,VITORIA,SAO PEDRO,patrimonial
ES,ANCHIETA,JAQUEIRA,patrimonial
ES,PANCAS,OUTRO LOCAL,patrimonial
ES,CARIACICA,ANTONIO FERREIRA BORGES,patrimonial
ES,MIMOSO DO SUL,CENTRO,patrimonial
ES,AFONSO CLAUDIO,OUTRO LOCAL,patrimonial
ES,ICONHA,GUAXUMA,patrimonial
ES,VILA VELHA,SANTA INES,patrimonial
ES,SERRA,CHACARA PARREIRAL,patrimonial
ES,VILA VELHA,VILA GARRIDO,patrimonial
ES,CACHOEIRO DE ITAPEMIRIM,SAO FRANCISCO DE ASSIS,patrimonial
ES,GUARAPARI,COROADO,patrimonial
ES,VILA VELHA,BARRA DO JUCU,patrimonial
ES,CASTELO,CENTRO,patrimonial
ES,IBIRACU,BELA VISTA,patrimonial
ES,VITORIA,SANTA CLARA,patrimonial
ES,PEDRO CANARIO,OUTRO LOCAL,patrimonial
ES,LARANJA DA TERRA,CENTRO,patrimonial
ES,VILA VELHA,SAGRADA FAMILIA,patrimonial
ES,SERRA,JACUHY,patrimonial
ES,VITORIA,SAO BENEDITO,patrimonial
ES,MARILANDIA,VILA PALMIRA,patrimonial
ES,VARGEM ALTA,CENTRO,patrimonial
ES,CACHOEIRO DE ITAPEMIRIM,FERROVIARIOS,patrimonial
ES,RIO NOVO DO SUL,ZONA RURAL,patrimonial
ES,SERRA,JARDIM BELA VISTA,patrimonial
ES,CARIACICA,JARDIM CAMPO GRANDE,patrimonial
ES,VILA VELHA,OLARIA,patrimonial
ES,CARIACICA,RIO BRANCO,patrimonial
ES,CACHOEIRO DE ITAPEMIRIM,IBC,patrimonial
ES,VITORIA,TABUAZEIRO,patrimonial
ES,VIANA,MORADA DE VILA BETHANIA,patrimonial
ES,CACHOEIRO DE ITAPEMIRIM,AQUIDABAN,patrimonial
ES,MARATAIZES,SANTA TEREZA,patrimonial
ES,SERRA,CIDADE POMAR,patrimonial
ES,SERRA,PARQUE RESIDENCIAL TUBARAO,patrimonial
ES,SAO GABRIEL DA PALHA,FARTURA,patrimonial
ES,RIO NOVO DO SUL,BORSOI,patrimonial
ES,IBATIBA,FLORESTA II,patrimonial
ES,PRESIDENTE KENNEDY,SAO SALVADOR,patrimonial
ES,SAO MATEUS,DOM JOSE DALVIT,patrimonial
ES,LINHARES,SANTA CRUZ,patrimonial
ES,CARIACICA,PROLAR,patrimonial
ES,MARATAIZES,LAGOA FUNDA,patrimonial
ES,CASTELO,SANTO ANDREZINHO,patrimonial
ES,IBIRACU,PEDRA BRANCA,patrimonial
ES,SAO MATEUS,LITORANEO,patrimonial
ES,SERRA,COSTA BELLA,patrimonial
ES,CACHOEIRO DE ITAPEMIRIM,TIJUCA,patrimonial
ES,DORES DO RIO PRETO,ZONA RURAL,patrimonial
ES,DOMINGOS MARTINS,ARACE,patrimonial
ES,CARIACICA,FLEXAL II,patrimonial
ES,VILA VELHA,INDUSTRIAL,patrimonial
ES,VITORIA,HORTO,patrimonial
ES,ALFREDO CHAVES,BATATAL,patrimonial
ES,VITORIA,BARRO VERMELHO,patrimonial
ES,BARRA DE SAO FRANCISCO,CACHOEIRINHA DE ITAUNA,patrimonial
ES,PANCAS,CENTRO,patrimonial
ES,SAO GABRIEL DA PALHA,CACHOEIRA DA ONCA,patrimonial
ES,ATILIO VIVACQUA,ALTO NITEROI,patrimonial
ES,DOMINGOS MARTINS,GALO,patrimonial
ES,VILA VELHA,SANTOS DUMONT,patrimonial
ES,GUARAPARI,SAMAMBAIA,patrimonial
ES,BAIXO GUANDU,MAUA,patrimonial
ES,VILA VELHA,PONTA DA FRUTA,patrimonial
ES,DOMINGOS MARTINS,PEDRA AZUL,patrimonial
ES,ALEGRE,RIVE,patrimonial
ES,COLATINA,MARIA DAS GRACAS,patrimonial
ES,CARIACICA,ITAPEMIRIM,patrimonial
ES,CACHOEIRO DE ITAPEMIRIM,SANTA HELENA,patrimonial
ES,CACHOEIRO DE ITAPEMIRIM,AEROPORTO,patrimonial
ES,CACHOEIRO DE ITAPEMIRIM,GILBERTO MACHADO,patrimonial
ES,GUARAPARI,VILA GUAIBURA,patrimonial
ES,VILA VELHA,RIVIERA DA BARRA,patrimonial
ES,VITORIA,SANTA LUIZA,patrimonial
ES,VITORIA,FORTE SAO JOAO,patrimonial
ES,MONTANHA,OUTRO LOCAL,patrimonial
ES,IUNA,QUILOMBO,patrimonial
ES,DIVINO DE SAO LOURENCO,LIMO VERDE,patrimonial
ES,SAO MATEUS,FATIMA,patrimonial
ES,BARRA DE SAO FRANCISCO,BAIRRO VILA LANDINHA,patrimonial
ES,SAO GABRIEL DA PALHA,SANTA TEREZINHA,patrimonial
ES,PEDRO CANARIO,SAO GERALDO,patrimonial
ES,CACHOEIRO DE ITAPEMIRIM,RUI PINTO BANDEIRA,patrimonial
ES,LINHARES,BOA VISTA,patrimonial
ES,VITORIA,SANTOS DUMONT,patrimonial
ES,SERRA,CACAROCA,patrimonial
ES,CARIACICA,SANTA LUZIA,patrimonial
ES,CACHOEIRO DE ITAPEMIRIM,SAO LUCAS,patrimonial
ES,SERRA,ROSARIO DE FATIMA,patrimonial
ES,SERRA,PLANICIE DA SERRA,patrimonial
ES,BAIXO GUANDU,SANTA MONICA,patrimonial
ES,SERRA,PLANALTO DE CARAPINA,patrimonial
ES,VITORIA,ILHA DO PRINCIPE,patrimonial
ES,VITORIA,SANTA TEREZA,patrimonial
ES,SANTA TERESA,SANTO ANTONIO DO CANAA,patrimonial
ES,CARIACICA,SOTEMA,patrimonial
ES,JAGUARE,CENTRO,patrimonial
ES,CARIACICA,PARQUE GRAMADO,patrimonial
ES,SANTA TERESA,CANAA,patrimonial
ES,SERRA,LAGOA DE CARAPEBUS,patrimonial
ES,PEDRO CANARIO,CAMATA,patrimonial
ES,LINHARES,SAO JOSE,patrimonial
ES,VILA VELHA,BALNEARIO PONTA DA FRUTA,patrimonial
ES,SERRA,SANTA LUZIA,patrimonial
ES,MARATAIZES,CENTRO,patrimonial
ES,COLATINA,MARIO GIURIZATO,patrimonial
ES,CONCEICAO DO CASTELO,FORMOSA,patrimonial
ES,JAGUARE,IRMA TEREZA ALTOE,patrimonial
ES,CARIACICA,CAMPINA GRANDE,patrimonial
ES,CACHOEIRO DE ITAPEMIRIM,SOTURNO,patrimonial
ES,ALEGRE,CENTRO,patrimonial
ES,BAIXO GUANDU,SAO PEDRO,patrimonial
ES,SERRA,MATA DA SERRA,patrimonial
ES,MUNIZ FREIRE,ITAICI,patrimonial
ES,SERRA,CARAPINA,patrimonial
ES,DOMINGOS MARTINS,VICTOR,patrimonial
ES,NOVA VENECIA,CRISTALINO,patrimonial
ES,MANTENOPOLIS,SAO GERALDO,patrimonial
ES,VILA VELHA,SANTA PAULA I,patrimonial
ES,ANCHIETA,ZONA RURAL,patrimonial
ES,ALFREDO CHAVES,IMIGRANTE,patrimonial
ES,CACHOEIRO DE ITAPEMIRIM,WALDIR FURTADO AMORIM,patrimonial
ES,CACHOEIRO DE ITAPEMIRIM,CAICARA,patrimonial
ES,CARIACICA,BUBU,patrimonial
ES,CARIACICA,OPERARIO,patrimonial
ES,LINHARES,ZONA RURAL,patrimonial
ES,IUNA,ZONA RURAL,patrimonial
ES,MUNIZ FREIRE,VIEIRA MACHADO,patrimonial
ES,SERRA,CIVIT II,patrimonial
ES,ARACRUZ,BELA VISTA,patrimonial
ES,CACHOEIRO DE ITAPEMIRIM,ZUMBI,patrimonial
ES,CACHOEIRO DE ITAPEMIRIM,CORAMARA,patrimonial
ES,SOORETAMA,ALEGRE,patrimonial
ES,CACHOEIRO DE ITAPEMIRIM,GUANDU,patrimonial
ES,VENDA NOVA DO IMIGRANTE,SAO PEDRO,patrimonial
ES,SERRA,SAO LOURENCO,patrimonial
ES,CARIACICA,CAMPO VERDE,patrimonial
ES,ITAPEMIRIM,ZONA RURAL,patrimonial
ES,SAO MATEUS,CARAPINA,patrimonial
ES,SERRA,SERRAMAR,patrimonial
ES,BAIXO GUANDU,CENTRO,patrimonial
ES,CARIACICA,ITAQUARI,patrimonial
ES,CARIACICA,SANTO ANDRE,patrimonial
ES,VITORIA,INHANGUETA,patrimonial
ES,ANCHIETA,PRAIA DOS CASTELHANOS,patrimonial
ES,VIANA,CAMPO VERDE,patrimonial
ES,ARACRUZ,POLIVALENTE,patrimonial
ES,CARIACICA,VILA PRUDENCIO,patrimonial
ES,SERRA,LARANJEIRAS VELHA,patrimonial
ES,AFONSO CLAUDIO,PIRACEMA,patrimonial
ES,VITORIA,DO MOSCOSO,patrimonial
ES,CACHOEIRO DE ITAPEMIRIM,MARIA ORTIZ,patrimonial
ES,VILA VELHA,DOM JOAO BATISTA,patrimonial
ES,AFONSO CLAUDIO,VILA NOVA,patrimonial
ES,VILA VALERIO,SANTA RITA,patrimonial
ES,GUARAPARI,LAMEIRAO,patrimonial
ES,ITARANA,CENTRO,patrimonial
ES,ARACRUZ,SAO MARCOS,patrimonial
ES,SAO MATEUS,COHAB,patrimonial
ES,RIO NOVO DO SUL,CENTRO,patrimonial
ES,SERRA,NOSSA SENHORA DA CONCEICAO,patrimonial
ES,IBIRACU,ERICINA,patrimonial
ES,COLATINA,CARLOS GERMANO NAUMANN,patrimonial
ES,CACHOEIRO DE ITAPEMIRIM,SANTO ANTONIO,patrimonial
ES,PEDRO CANARIO,CAMILO COLA,patrimonial
ES,CASTELO,SAO PEDRO,patrimonial
ES,SERRA,RESIDENCIAL CENTRO DA SERRA,patrimonial
ES,VENDA NOVA DO IMIGRANTE,BICUIBA,patrimonial
ES,VITORIA,ESTRELINHA,patrimonial
ES,ALFREDO CHAVES,MACRINA,patrimonial
ES,CARIACICA,ORIENTE,patrimonial
ES,SERRA,BELVEDERE,patrimonial
ES,COLATINA,SANTOS DUMONT,patrimonial
ES,VITORIA,MONTE BELO,patrimonial
ES,ITAGUACU,LARANJAL,patrimonial
ES,IRUPI,CENTRO,patrimonial
ES,SERRA,COSTA DOURADA,patrimonial
ES,VILA VELHA,ZONA NAO IDENTIFICADA II,patrimonial
ES,ANCHIETA,BOA VISTA,patrimonial
ES,CARIACICA,TIRADENTES,patrimonial
ES,ARACRUZ,COHAB,patrimonial
ES,VITORIA,BONFIM,patrimonial
ES,COLATINA,JARDIM PLANALTO,patrimonial
ES,SANTA MARIA DE JETIBA,ZONA RURAL,patrimonial
ES,VITORIA,JOANA DARC,patrimonial
ES,VITORIA,ILHA DE SANTA MARIA,patrimonial
ES,BARRA DE SAO FRANCISCO,BAIRRO CRUZEIRO,patrimonial
ES,ITAGUACU,SETE VOLTAS,patrimonial
ES,COLATINA,VISTA DA SERRA,patrimonial
ES,SERRA,CENTRAL CARAPINA,patrimonial
ES,RIO NOVO DO SUL,OUTRO LOCAL,patrimonial
ES,IUNA,CENTRO,patrimonial
ES,SERRA,SAO JUDAS TADEU,patrimonial
ES,CACHOEIRO DE ITAPEMIRIM,IBITIQUARA,patrimonial
ES,VITORIA,NOVA PALESTINA,patrimonial
ES,BARRA DE SAO FRANCISCO,CORREGO DA PENHA,patrimonial
ES,NOVA VENECIA,DIADEMA,patrimonial
ES,NOVA VENECIA,FILOMENA,patrimonial
ES,BARRA DE SAO FRANCISCO,BAIRRO CAMPO NOVO,patrimonial
ES,SERRA,PRAIAMAR,patrimonial
ES,ITARANA,ZONA RURAL,patrimonial
ES,ARACRUZ,GUAXINDIBA,patrimonial
ES,ICONHA,MORADA DO SOL,patrimonial
ES,CONCEICAO DA BARRA,CORREGO DAS PALMEIRAS,patrimonial
ES,GUARAPARI,PEROCAO,patrimonial
ES,CACHOEIRO DE ITAPEMIRIM,BURARAMA,patrimonial
ES,JERONIMO MONTEIRO,SANTA CLARA,patrimonial
ES,VENDA NOVA DO IMIGRANTE,SAO JOSE DO ALTO VICOSA,patrimonial
ES,ARACRUZ,NOVO JEQUITIBA,patrimonial
ES,MARATAIZES,LAGOA DO SIRI,patrimonial
ES,COLATINA,LUIZ IGLESIAS,patrimonial
ES,PEDRO CANARIO,CANARINHA,patrimonial
ES,DORES DO RIO PRETO,CENTRO,patrimonial
ES,MARECHAL FLORIANO,VILA DAS ORQUIDEAS,patrimonial
ES,CARIACICA,SANTO ANTONIO,patrimonial
ES,VENDA NOVA DO IMIGRANTE,ALTO BANANEIRA,patrimonial
ES,VILA VELHA,JOCKEY DE ITAPARICA,patrimonial
ES,CARIACICA,TABAJARA,patrimonial
ES,IBIRACU,SAO CRISTOVAO,patrimonial
ES,CARIACICA,BANDEIRANTES,patrimonial
ES,SERRA,PALMEIRAS,patrimonial
ES,VIANA,VILA BETHANIA,patrimonial
ES,BOM JESUS DO NORTE,LOTEAMENTO SILVANA,patrimonial
ES,VILA VELHA,ARGOLAS,patrimonial
ES,CACHOEIRO DE ITAPEMIRIM,BOM PASTOR,patrimonial
ES,BOA ESPERANCA,SAO JOSE DO SOBRADINHO,patrimonial
ES,SANTA TERESA,JARDIM DA MONTANHA,patrimonial
ES,BAIXO GUANDU,VALPARAISO,patrimonial
ES,LINHARES,COLINA,patrimonial
ES,VILA VELHA,JOAO GOULART,patrimonial
ES,ALEGRE,OUTRO LOCAL,patrimonial
ES,CACHOEIRO DE ITAPEMIRIM,NOVO PARQUE,patrimonial
ES,PANCAS,VILA VERDE,patrimonial
ES,CARIACICA,SOTELANDIA,patrimonial
ES,MIMOSO DO SUL,OUTRO LOCAL,patrimonial
ES,FUNDAO,PRAIA GRANDE,patrimonial
ES,BARRA DE SAO FRANCISCO,VARGEM ALEGRE,patrimonial
ES,VILA VALERIO,VILA NOVA,patrimonial
ES,MIMOSO DO SUL,ZONA RURAL,patrimonial
ES,FUNDAO,DIRECAO,patrimonial
ES,VENDA NOVA DO IMIGRANTE,LAVRINHAS,patrimonial
ES,IRUPI,JOAO THOMAZ PEREIRA,patrimonial
ES,CACHOEIRO DE ITAPEMIRIM,NOVA BRASILIA,patrimonial
ES,BOA ESPERANCA,OUTRO LOCAL,patrimonial
ES,SERRA,GUARACIABA,patrimonial
ES,VIANA,CENTRO,patrimonial
ES,VILA VELHA,COCAL,patrimonial
ES,COLATINA,FAZENDA VITALI,patrimonial
ES,VILA VELHA,NOSSA SENHORA DA PENHA,patrimonial
ES,MUQUI,ENTRE MORROS,patrimonial
ES,CARIACICA,MUCURI,patrimonial
ES,ITAPEMIRIM,ROSA MEIRELES,patrimonial
ES,MARECHAL FLORIANO,SANTA RITA,patrimonial
ES,SERRA,CONJUNTO JACARAIPE,patrimonial
ES,NOVA VENECIA,CORREGO DO CAVALO II,patrimonial
ES,GUARAPARI,SANTA MARGARIDA,patrimonial
ES,VITORIA,FRADINHOS,patrimonial
ES,VENDA NOVA DO IMIGRANTE,CENTRO,patrimonial
ES,NOVA VENECIA,MUNICIPAL,patrimonial
ES,CASTELO,UBA,patrimonial
ES,SAO MATEUS,RIO PRETO,patrimonial
ES,CONCEICAO DO CASTELO,OUTRO LOCAL,patrimonial
ES,ARACRUZ,SAPOLANDIA,patrimonial
ES,SANTA MARIA DE JETIBA,SANTA LUZIA DO RECREIO,patrimonial
ES,MIMOSO DO SUL,SERRA,patrimonial
ES,ANCHIETA,VILA RESIDENCIAL ANCHIETA,patrimonial
ES,VILA VELHA,CAVALIERE,patrimonial
ES,SANTA TERESA,OUTRO LOCAL,patrimonial
ES,SERRA,LAGOA DE JACARAIPE,patrimonial
ES,SERRA,MARINGA,patrimonial
ES,SERRA,SERRA DOURADA I,patrimonial
ES,COLATINA,MORADA DO SOL,patrimonial
ES,BAIXO GUANDU,SAO VICENTE,patrimonial
ES,GUARAPARI,PORTAL DE GUARAPARI,patrimonial
ES,PRESIDENTE KENNEDY,CENTRO,patrimonial
ES,SANTA LEOPOLDINA,TIROL,patrimonial
ES,VIANA,SOTECO,patrimonial
ES,CACHOEIRO DE ITAPEMIRIM,MORRO GRANDE,patrimonial
ES,ARACRUZ,CUPIDO,patrimonial
ES,COLATINA,HONORIO FRAGA,patrimonial
ES,COLATINA,COLUMBIA,patrimonial
ES,NOVA VENECIA,BOA VISTA,patrimonial
ES,SANTA TERESA,ZONA RURAL,patrimonial
ES,SAO GABRIEL DA PALHA,PROGRESSO,patrimonial
ES,SAO MATEUS,BOM SUCESSO,patrimonial
ES,VILA VELHA,ILHA DAS FLORES,patrimonial
ES,COLATINA,SAO MIGUEL,patrimonial
ES,COLATINA,SAO PEDRO,patrimonial
ES,MARATAIZES,BOA VISTA DO SUL,patrimonial
ES,MARILANDIA,INDUSTRIAL,patrimonial
ES,SAO JOSE DO CALCADO,ZONA RURAL,patrimonial
ES,COLATINA,JOAO MANOEL MENEGUELI,patrimonial
ES,GUARAPARI,ADALBERTO SIMAO NADER,patrimonial
ES,SAO DOMINGOS DO NORTE,CENTRO,patrimonial
ES,SERRA,BICANGA,patrimonial
ES,GUACUI,APARECIDA,patrimonial
ES,SAO ROQUE DO CANAA,SAO PEDRO,patrimonial
ES,IBIRACU,ARICANGA,patrimonial
ES,LARANJA DA TERRA,BARRA DO TIMBUVA,patrimonial
ES,NOVA VENECIA,VERMELHO,patrimonial
ES,SERRA,FAZENDA CASCATA,patrimonial
ES,GUARAPARI,JARDIM BOA VISTA,patrimonial
ES,VITORIA,PIEDADE,patrimonial
ES,VIANA,CANAA,patrimonial
ES,GUARAPARI,RECANTO DA SEREIA,patrimonial
ES,CACHOEIRO DE ITAPEMIRIM,PARQUE DAS LARANJEIRAS,patrimonial
ES,LINHARES,MOVELAR,patrimonial
ES,VILA VELHA,SANTA PAULA II,patrimonial
ES,ANCHIETA,IRIRI,patrimonial
ES,MIMOSO DO SUL,MORRO DA PALHA,patrimonial
ES,SAO GABRIEL DA PALHA,POPULARES,patrimonial
ES,VILA VELHA,VINTE E TRES DE MAIO,patrimonial
ES,VITORIA,MORADA DE CAMBURI,patrimonial
ES,GUACUI,VALE DO SOL,patrimonial
ES,VARGEM ALTA,JACIGUA,patrimonial
ES,VITORIA,SANTOS REIS,patrimonial
ES,FUNDAO,SAO JOSE,patrimonial
ES,RIO BANANAL,SAO JORGE DO TIRADENTES,patrimonial
ES,VILA VELHA,NORMILIA DA CUNHA,patrimonial
ES,VILA VELHA,GAROTO,patrimonial
ES,SERRA,SOLAR DE ANCHIETA,patrimonial
ES,LINHARES,JUPARANA,patrimonial
ES,COLATINA,MOACYR BROTAS,patrimonial
ES,COLATINA,PADRE JOSE DE ANCHIETA,patrimonial
ES,IUNA,NITEROI,patrimonial
ES,CASTELO,ZONA RURAL,patrimonial
ES,VIANA,NOVA VIANA,patrimonial
ES,MUQUI,BOA ESPERANCA,patrimonial
ES,GUARAPARI,NOVA GUARAPARI,patrimonial
ES,ITAPEMIRIM,GARRAFAO,patrimonial
ES,CARIACICA,FLEXAL I,patrimonial
ES,ANCHIETA,PORTO DE CIMA,patrimonial
ES,SERRA,DIAMANTINA,patrimonial
ES,SERRA,SAO FRANCISCO,patrimonial
ES,GUARAPARI,ZONA RURAL,patrimonial
ES,CARIACICA,RETIRO SAUDOSO,patrimonial
ES,IUNA,SAO JOAO DO PRINCIPE,patrimonial
ES,CARIACICA,EXPEDITO,patrimonial
ES,FUNDAO,OUTRO LOCAL,patrimonial
ES,SERRA,MANOEL PLAZA,patrimonial
ES,RIO BANANAL,OUTRO LOCAL,patrimonial
ES,VILA PAVAO,CORREGO PARAISO,patrimonial
ES,PANCAS,SAO PEDRO DO PANCAS,patrimonial
ES,JERONIMO MONTEIRO,BOA SORTE,patrimonial
ES,VILA VELHA,INTERLAGOS I E II,patrimonial
ES,VITORIA,CONQUISTA,patrimonial
ES,VILA VELHA,COBI DE BAIXO,patrimonial
ES,CASTELO,ARACUI,patrimonial
ES,JERONIMO MONTEIRO,VISTA LINDA,patrimonial
ES,SERRA,SAO GERALDO,patrimonial
ES,ATILIO VIVACQUA,CENTRO,patrimonial
ES,IBATIBA,BRASIL NOVO,patrimonial
ES,VARGEM ALTA,SAO JOSE DE FRUTEIRA,patrimonial
ES,MONTANHA,SAO SEBASTIAO DO NORTE,patrimonial
ES,AFONSO CLAUDIO,ZONA RURAL,patrimonial
ES,CARIACICA,BELA AURORA,patrimonial
ES,PINHEIROS,SANTO ANTONIO,patrimonial
ES,SANTA TERESA,VARZEA ALEGRE,patrimonial
ES,VILA VELHA,NOVA AMERICA,patrimonial
ES,SAO GABRIEL DA PALHA,ZONA RURAL,patrimonial
ES,GUACUI,SANTA CECILIA,patrimonial
ES,VARGEM ALTA,OUTRO LOCAL,patrimonial
ES,VENDA NOVA DO IMIGRANTE,TRINTA DE DEZEMBRO,patrimonial
ES,SANTA MARIA DE JETIBA,ALTO SANTA MARIA,patrimonial
ES,COLATINA,VILA REAL,patrimonial
ES,MUNIZ FREIRE,MENINO JESUS,patrimonial
ES,MIMOSO DO SUL,PRATINHA,patrimonial
ES,AFONSO CLAUDIO,CUSTODIO RIBEIRO LEITE,patrimonial
ES,ECOPORANGA,OUTRO LOCAL,patrimonial
ES,MARECHAL FLORIANO,BATATAL,patrimonial
ES,VITORIA,DO QUADRO,patrimonial
ES,CACHOEIRO DE ITAPEMIRIM,ALTO UNIAO,patrimonial
ES,IUNA,OUTRO LOCAL,patrimonial
ES,IUNA,PERDICAO,patrimonial
ES,ANCHIETA,PRAIA DE GUANABARA,patrimonial
ES,SERRA,SAO MARCOS I,patrimonial
ES,COLATINA,OPERARIO,patrimonial
ES,CONCEICAO DA BARRA,NOVA BETHANIA,patrimonial
ES,SAO MATEUS,LAGO DOS CISNES,patrimonial
ES,SANTA TERESA,JULIAO,patrimonial
ES,JAGUARE,NOSSA SENHORA DE FATIMA,patrimonial
ES,DORES DO RIO PRETO,OUTRO LOCAL,patrimonial
ES,BREJETUBA,OUTRO LOCAL,patrimonial
ES,VARGEM ALTA,SAO JOAO,patrimonial
ES,VIANA,RIBEIRA,patrimonial
ES,VIANA,BOM PASTOR,patrimonial
ES,ECOPORANGA,JOACUBA,patrimonial
ES,SERRA,CONJUNTO CARAPINA I,patrimonial
ES,CACHOEIRO DE ITAPEMIRIM,MONTE CRISTO,patrimonial
ES,ARACRUZ,VILA NOVA,patrimonial
ES,SERRA,BOULEVARD LAGOA,patrimonial
ES,BARRA DE SAO FRANCISCO,SAO JOSE,patrimonial
ES,MUQUI,SAO DOMINGOS,patrimonial
ES,ARACRUZ,ITAPARICA,patrimonial
ES,CARIACICA,VISTA LINDA,patrimonial
ES,VILA PAVAO,CORREGO SAO SEBASTIAO,patrimonial
ES,VILA VELHA,SANTA CLARA,patrimonial
ES,ARACRUZ,MOROBA,patrimonial
ES,CACHOEIRO DE ITAPEMIRIM,ALVARO TAVARES,patrimonial
ES,NOVA VENECIA,COHAB,patrimonial
ES,LINHARES,SHELL,patrimonial
ES,CACHOEIRO DE ITAPEMIRIM,JARDIM AMERICA,patrimonial
ES,SERRA,SAO DOMINGOS,patrimonial
ES,SERRA,BOA VISTA II,patrimonial
ES,ICONHA,CENTRO,patrimonial
ES,SAO GABRIEL DA PALHA,SANTA CECILIA,patrimonial
ES,CACHOEIRO DE ITAPEMIRIM,BASILEIA,patrimonial
ES,PRESIDENTE KENNEDY,LEONEL,patrimonial
ES,VITORIA,JESUS DE NAZARETH,patrimonial
ES,LINHARES,LINHARES V,patrimonial
ES,CARIACICA,VILA MERLO,patrimonial
ES,AFONSO CLAUDIO,RIO DA COBRA,patrimonial
ES,CARIACICA,JARDIM BOTANICO,patrimonial
ES,ANCHIETA,PRAIA DE UBU,patrimonial
ES,MUNIZ FREIRE,ZONA RURAL,patrimonial
ES,FUNDAO,ORLY RAMOS,patrimonial
ES,CACHOEIRO DE ITAPEMIRIM,OTTON MARINS,patrimonial
ES,VILA VELHA,COBI DE CIMA,patrimonial
ES,COLATINA,SAO MARCOS,patrimonial
ES,VIANA,ARLINDO ANGELO VILLASCHI,patrimonial
ES,COLATINA,POR DO SOL,patrimonial
ES,GUARAPARI,CONDADOS DE GUARAPARI,patrimonial
ES,SANTA MARIA DE JETIBA,ALTO GARRAFAO,patrimonial
ES,IBITIRAMA,CENTRO,patrimonial
ES,VARGEM ALTA,PAMBAL DE BAIXO,patrimonial
ES,VILA VALERIO,OUTRO LOCAL,patrimonial
ES,CASTELO,OUTRO LOCAL,patrimonial
ES,GUACUI,BAIRRO DO NORTE,patrimonial
ES,COLATINA,NOSSA SENHORA DA PENHA,patrimonial
ES,PINHEIROS,SAO JOAO DO SOBRADO,patrimonial
ES,SERRA,SANTO ANTONIO,patrimonial
ES,ANCHIETA,JUSTICA II,patrimonial
ES,SANTA MARIA DE JETIBA,ALTO POSS MOUSER,patrimonial
ES,IUNA,RIO CLARO,patrimonial
ES,DOMINGOS MARTINS,VIVENDAS DO IMPERADOR,patrimonial
ES,ICONHA,OUTRO LOCAL,patrimonial
ES,CACHOEIRO DE ITAPEMIRIM,SAO GERALDO,patrimonial
ES,BARRA DE SAO FRANCISCO,BAIRRO VILA VICENTE,patrimonial
ES,VILA VELHA,MORADA DO SOL,patrimonial
ES,IBATIBA,CARANGOLA,patrimonial
ES,CARIACICA,SANTA CECILIA,patrimonial
ES,SAO MATEUS,CENTRO,patrimonial
ES,SAO MATEUS,SAO BENEDITO,patrimonial
ES,VIANA,INDUSTRIAL,patrimonial
ES,VITORIA,BELA VISTA,patrimonial
ES,MIMOSO DO SUL,ALTO SERTAO SEBASTIAO,patrimonial
ES,VILA VELHA,DARLY SANTOS,patrimonial
ES,SERRA,TAQUARA II,patrimonial
ES,VILA PAVAO,CENTRO,patrimonial
ES,CACHOEIRO DE ITAPEMIRIM,CONDURU,patrimonial
ES,DOMINGOS MARTINS,PARAJU,patrimonial
ES,BAIXO GUANDU,ROSARIO II,patrimonial
ES,MIMOSO DO SUL,SAO JOSE DAS TORRES,patrimonial
ES,IBITIRAMA,SAO FRANCISCO,patrimonial
ES,SAO DOMINGOS DO NORTE,CAIXA DAGUA,patrimonial
ES,GUARAPARI,PALMEIRAS,patrimonial
ES,MIMOSO DO SUL,SERRANO,patrimonial
ES,CARIACICA,PIRANEMA,patrimonial
ES,BAIXO GUANDU,MASCARENHAS,patrimonial
ES,SANTA MARIA DE JETIBA,RIO POSS MOUSER,patrimonial
ES,GUACUI,SANTA CRUZ,patrimonial
ES,AFONSO CLAUDIO,PONTOES,patrimonial
ES,SAO MATEUS,VILA NOVA,patrimonial
ES,ANCHIETA,PRAIA DO COQUEIRO,patrimonial
ES,COLATINA,NOSSA SENHORA APARECIDA,patrimonial
ES,VITORIA,SOLON BORGES,patrimonial
ES,ARACRUZ,COHAB II,patrimonial
ES,MARATAIZES,BELO HORIZONTE,patrimonial
ES,NOVA VENECIA,MUNIZ,patrimonial
ES,ARACRUZ,BARRA DO SAHY,patrimonial
ES,COLATINA,SANTO ANTONIO,patrimonial
ES,BREJETUBA,SERTAOZINHO,patrimonial
ES,COLATINA,SAN DIEGO,patrimonial
ES,CACHOEIRO DE ITAPEMIRIM,ITAOCA,patrimonial
ES,SAO MATEUS,NOVA AIMORES,patrimonial
ES,VIANA,IPANEMA,patrimonial
ES,VIANA,CAXIAS DO SUL,patrimonial
ES,VARGEM ALTA,BOA ESPERANCA,patrimonial
ES,PANCAS,OSCAR LOURENCO DA SILVA,patrimonial
ES,VITORIA,DO CABRAL,patrimonial
ES,COLATINA,RESIDENCIAL NOBRE,patrimonial
ES,VENDA NOVA DO IMIGRANTE,SANTO ANTONIO DA SERRA,patrimonial
ES,SERRA,CANTINHO DO CEU,patrimonial
ES,COLATINA,SAGRADO CORACAO DE JESUS,patrimonial
ES,CONCEICAO DA BARRA,SANTO AMARO,patrimonial
ES,IRUPI,CORREGO FUNDO,patrimonial
ES,ICONHA,JARDIM JANDYRA,patrimonial
ES,SANTA TERESA,SANTO HILARIO,patrimonial
ES,SANTA TERESA,ALVORADA,patrimonial
ES,CASTELO,VILA IZABEL,patrimonial
ES,JERONIMO MONTEIRO,BOA ESPERANCA,patrimonial
ES,SERRA,CAMPINHO DA SERRA I,patrimonial
ES,VITORIA,ILHA DO FRADE,patrimonial
ES,AGUIA BRANCA,ROCHEDO,patrimonial
ES,ARACRUZ,GUARANA,patrimonial
ES,ITAGUACU,LAJINHA DO LAJE,patrimonial
ES,CARIACICA,NOVA ESPERANCA,patrimonial
ES,ARACRUZ,SAUACU,patrimonial
ES,DORES DO RIO PRETO,PATRIMONIO MUNDO NOVO,patrimonial
ES,SAO MATEUS,BOA VISTA,patrimonial
ES,ARACRUZ,FATIMA,patrimonial
ES,CONCEICAO DO CASTELO,BOA ESPERANCA,patrimonial
ES,SERRA,JOSE DE ANCHIETA II,patrimonial
ES,CACHOEIRO DE ITAPEMIRIM,ABELARDO MACHADO,patrimonial
ES,ITAGUACU,SOBREIRO,patrimonial
ES,APIACA,FRANCISCO JORGE DA SILVA,patrimonial
ES,SANTA LEOPOLDINA,FUNIL,patrimonial
ES,SANTA LEOPOLDINA,CENTRO,patrimonial
ES,SOORETAMA,SALVADOR,patrimonial
ES,GUACUI,EDITH CASTRO,patrimonial
ES,BAIXO GUANDU,ROSARIO I,patrimonial
ES,CONCEICAO DA BARRA,FLORESTA,patrimonial
ES,SAO GABRIEL DA PALHA,JARDIM VITORIA,patrimonial
ES,MARILANDIA,MONTE SINAI,patrimonial
ES,VILA VELHA,PRAIA DOS RECIFES,patrimonial
ES,SANTA MARIA DE JETIBA,ALTOS SEBASTIAO,patrimonial
ES,BARRA DE SAO FRANCISCO,BAIRRO COLINA,patrimonial
ES,VILA VELHA,ILHA DA CONCEICAO,patrimonial
ES,ANCHIETA,PORTAL DE ANCHIETA,patrimonial
ES,COLATINA,VILA NOVA,patrimonial
ES,VILA VALERIO,ZONA RURAL,patrimonial
ES,CACHOEIRO DE ITAPEMIRIM,VALAO,patrimonial
ES,SANTA MARIA DE JETIBA,RIO CLARO,patrimonial
ES,PRESIDENTE KENNEDY,AGUA PRETA,patrimonial
ES,BOA ESPERANCA,NOVA CIDADE,patrimonial
ES,ARACRUZ,PLANALTO,patrimonial
ES,PEDRO CANARIO,LIONORIO I,patrimonial
ES,FUNDAO,CENTRO,patrimonial
ES,CASTELO,CAVA ROXA,patrimonial
ES,NOVA VENECIA,CEDROLANDIA,patrimonial
ES,VILA VELHA,XURY,patrimonial
ES,DOMINGOS MARTINS,PONTO ALTO,patrimonial
ES,IBATIBA,BOA ESPERANCA,patrimonial
ES,LINHARES,SAO RAFAEL,patrimonial
ES,SAO GABRIEL DA PALHA,QUEIXADA,patrimonial
ES,JERONIMO MONTEIRO,OUTRO LOCAL,patrimonial
ES,SOORETAMA,JUNCADO,patrimonial
ES,BOA ESPERANCA,CENTRO,patrimonial
ES,MANTENOPOLIS,CORREGO MANTENINHA,patrimonial
ES,PIUMA,NOVA ESPERANCA,patrimonial
ES,ITAPEMIRIM,MARAGUA,patrimonial
ES,APIACA,PARQUE DAS PALMEIRAS,patrimonial
ES,CONCEICAO DO CASTELO,CENTRO,patrimonial
ES,ITAPEMIRIM,BOM SERA,patrimonial
ES,PANCAS,LIRIO DOS VALES,patrimonial
ES,ITAGUACU,BARRO PRETO,patrimonial
ES,COLATINA,NOVO HORIZONTE,patrimonial
ES,IUNA,NOSSA SENHORA DA PENHA,patrimonial
ES,COLATINA,VILA LENIRA,patrimonial
ES,ALEGRE,PRAINHA,patrimonial
ES,GUARAPARI,NOSSA SENHORA DA CONCEICAO,patrimonial
ES,COLATINA,ALTO VILA NOVA,patrimonial
ES,ARACRUZ,NOVA CONQUISTA,patrimonial
ES,CONCEICAO DA BARRA,COBRAICE,patrimonial
ES,GUACUI,QUINCAS MACHADO,patrimonial
ES,JERONIMO MONTEIRO,CRISTAL,patrimonial
ES,JOAO NEIVA,ACIOLI,patrimonial
ES,ALEGRE,CLERIO MOULIM,patrimonial
ES,COLATINA,OLIVIO ZANOTELI,patrimonial
ES,ARACRUZ,SAO CAMILO,patrimonial
ES,SAO ROQUE DO CANAA,CENTRO,patrimonial
ES,ALFREDO CHAVES,CENTRO,patrimonial
ES,BARRA DE SAO FRANCISCO,BAIRRO NOVA BARRA,patrimonial
ES,SERRA,DIVINOPOLIS,patrimonial
ES,MARILANDIA,OUTRO LOCAL,patrimonial
ES,COLATINA,MARIA DAS GRACAS II,patrimonial
ES,MUCURICI,ITABAIANA,patrimonial
ES,CACHOEIRO DE ITAPEMIRIM,RUBEM BRAGA,patrimonial
ES,GUACUI,BELA VISTA,patrimonial
ES,SERRA,CENTRO DA SERRA,patrimonial
ES,ALEGRE,ZONA RURAL,patrimonial
ES,PANCAS,SAO BENTO,patrimonial
ES,CARIACICA,ALZIRA RAMOS,patrimonial
ES,CARIACICA,SAO GERALDO II,patrimonial
ES,COLATINA,ZONA RURAL,patrimonial
ES,COLATINA,SAO JOAO GRANDE,patrimonial
ES,PINHEIROS,CANARIO,patrimonial
ES,IBATIBA,IPE,patrimonial
ES,SANTA LEOPOLDINA,BARRA DO MANGARAI,patrimonial
ES,JOAO NEIVA,ZONA RURAL,patrimonial
ES,GOVERNADOR LINDENBERG,CENTRO,patrimonial
ES,CASTELO,CASTELO III,patrimonial
ES,PANCAS,FERRUGEM,patrimonial
ES,AFONSO CLAUDIO,SAO VICENTE,patrimonial
ES,PIUMA,ITAPUTANGA,patrimonial
ES,CONCEICAO DO CASTELO,ARTHUR SOARES,patrimonial
ES,GUARAPARI,AMARELO,patrimonial
ES,BREJETUBA,ZONA RURAL,patrimonial
ES,VILA PAVAO,CORREGO DO ESTEVAO,patrimonial
ES,ALFREDO CHAVES,ZONA RURAL,patrimonial
ES,SERRA,CAMPINHO DA SERRA II,patrimonial
ES,SAO JOSE DO CALCADO,SIZENALDO DE SA VIANA,patrimonial
ES,LINHARES,OLARIA,patrimonial
ES,MUNIZ FREIRE,TOMBOS,patrimonial
ES,SAO MATEUS,FAZENDA PAULISTA,patrimonial
ES,MANTENOPOLIS,OUTRO LOCAL,patrimonial
ES,SAO MATEUS,QUILOMETRO,patrimonial
ES,PINHEIROS,PINHEIRINHO,patrimonial
ES,ARACRUZ,ZONA RURAL,patrimonial
ES,RIO NOVO DO SUL,BELA VISTA,patrimonial
ES,IRUPI,ZONA RURAL,patrimonial
ES,SERRA,REIS MAGOS,patrimonial
ES,ALTO RIO NOVO,MONTE CARMELO,patrimonial
ES,SANTA LEOPOLDINA,OLARIA,patrimonial
ES,VILA VELHA,CHACARA DO CONDE,patrimonial
ES,NOVA VENECIA,CENTRAL,patrimonial
ES,SANTA TERESA,DOIS PINHEIROS,patrimonial
ES,VIANA,PEIXE VERDE,patrimonial
ES,IUNA,SANTISSIMA TRINDADE,patrimonial
ES,GUACUI,MANOEL ALVES SIQUEIRA,patrimonial
ES,APIACA,CENTRO,patrimonial
ES,SAO MATEUS,NESTOR GOMES,patrimonial
ES,VILA VELHA,BOA VISTA II,patrimonial
ES,CACHOEIRO DE ITAPEMIRIM,PACOTUBA,patrimonial
ES,ATILIO VIVACQUA,NOSSA SENHORA APARECIDA,patrimonial
ES,MUQUI,PALMEIRAS,patrimonial
ES,IBIRACU,CENTRO,patrimonial
ES,ALEGRE,CAMPO AVIACAO,patrimonial
ES,GUARAPARI,PATURA,patrimonial
ES,SANTA MARIA DE JETIBA,VILA NOVA,patrimonial
ES,MARATAIZES,ILMENITA,patrimonial
ES,SAO DOMINGOS DO NORTE,ZONA RURAL,patrimonial
ES,ALFREDO CHAVES,IRIRITIMIRIM,patrimonial
ES,CONCEICAO DO CASTELO,INDAIA,patrimonial
ES,ALFREDO CHAVES,NOVA MANTOA,patrimonial
ES,GUARAPARI,SAO FELIX,patrimonial
ES,BREJETUBA,SAO DOMINGUINHO,patrimonial
ES,SANTA TERESA,ALTO SANTA MARIA,patrimonial
ES,COLATINA,VICENTE SOELA,patrimonial
ES,COLATINA,SAO JUDAS TADEU,patrimonial
ES,ALFREDO CHAVES,OUTRO LOCAL,patrimonial
ES,ARACRUZ,PRAIA DOS PADRES,patrimonial
ES,PEDRO CANARIO,BOA VISTA,patrimonial
ES,SOORETAMA,SAYONARA,patrimonial
ES,CARIACICA,SANTA PAULA,patrimonial
ES,IBIRACU,ELIAS BRAGATTO,patrimonial
ES,AGUA DOCE DO NORTE,GOVERNADOR LACERDA,patrimonial
ES,DORES DO RIO PRETO,CACHOEIRA ALEGRE,patrimonial
ES,VIANA,CARIOCA,patrimonial
ES,JAGUARE,NOVO TEMPO,patrimonial
ES,ITAPEMIRIM,JOACIMA,patrimonial
ES,MARILANDIA,CONJUNTO HABITACIONAL HONORIO PASSAMANI,patrimonial
ES,IUNA,PITO,patrimonial
ES,COLATINA,PONTE DO PANCAS,patrimonial
ES,ARACRUZ,CENTRO EMPRESARIAL,patrimonial
ES,SANTA MARIA DE JETIBA,CORREGO DO OURO,patrimonial
ES,IUNA,TERRA CORRIDA,patrimonial
ES,SANTA LEOPOLDINA,SANTA LUCIA,patrimonial
ES,IBATIBA,CAMBRAVA,patrimonial
ES,SANTA TERESA,ALTO SANTA JULIA,patrimonial
ES,ITAPEMIRIM,GRAUNA,patrimonial
ES,SANTA TERESA,CENTENARIO,patrimonial
ES,PINHEIROS,ZONA RURAL,patrimonial
ES,GUACUI,SAO JOSE,patrimonial
ES,MIMOSO DO SUL,PONTOES,patrimonial
ES,GUARAPARI,ELZA NADER,patrimonial
ES,FUNDAO,RIO PRETO,patrimonial
ES,NOVA VENECIA,GUARAREMA,patrimonial
ES,CONCEICAO DA BARRA,SAO THIAGO,patrimonial
ES,SERRA,PARQUE DAS GAIVOTAS,patrimonial
ES,AGUIA BRANCA,APARECIDA,patrimonial
ES,LARANJA DA TERRA,ZONA RURAL,patrimonial
ES,PRESIDENTE KENNEDY,ZONA RURAL,patrimonial
ES,JERONIMO MONTEIRO,VILA BRITO,patrimonial
ES,JOAO NEIVA,CENTRO,patrimonial
ES,SANTA MARIA DE JETIBA,CARAMURU II,patrimonial
ES,SAO GABRIEL DA PALHA,SAO VICENTE,patrimonial
ES,ALEGRE,GUARAREMA,patrimonial
ES,NOVA VENECIA,GUARABU,patrimonial
ES,MARATAIZES,BREJO DOS PATOS,patrimonial
ES,CONCEICAO DA BARRA,CAMPO VERDE I,patrimonial
ES,CACHOEIRO DE ITAPEMIRIM,INDEPENDENCIA II,patrimonial
ES,RIO BANANAL,CENTRO,patrimonial
ES,SERRA,PITANGA,patrimonial
ES,ARACRUZ,BOA VISTA,patrimonial
ES,DOMINGOS MARTINS,VILA DE SUIDO,patrimonial
ES,ARACRUZ,CAIEIRA VELHA,patrimonial
ES,VITORIA,CRUZAMENTO,patrimonial
ES,GUACUI,TANCREDO NEVES,patrimonial
ES,VITORIA,ANTONIO HONORIO,patrimonial
ES,SAO GABRIEL DA PALHA,PARAISO,patrimonial
ES,BARRA DE SAO FRANCISCO,BAIRRO BAMBE,patrimonial
ES,SERRA,BARRO BRANCO,patrimonial
ES,ITAPEMIRIM,FAZENDA VELHA,patrimonial
ES,GUARAPARI,PORTAL CLUB,patrimonial
ES,LARANJA DA TERRA,SOBREIRO,patrimonial
ES,VENDA NOVA DO IMIGRANTE,MINETE,patrimonial
ES,JOAO NEIVA,CRUZEIRO,patrimonial
ES,SERRA,BOA VISTA I,patrimonial
ES,RIO NOVO DO SUL,NOSSA SENHORA DA PENHA,patrimonial
ES,MUQUI,NOSSA SENHORA APARECIDA,patrimonial
ES,SAO ROQUE DO CANAA,BAIXO SANTA JULIA,patrimonial
ES,MARILANDIA,SANTA ROSA,patrimonial
ES,PRESIDENTE KENNEDY,MAROBA,patrimonial
ES,PIUMA,APARECIDA,patrimonial
ES,COLATINA,ADELIA GIUBERTTI,patrimonial
ES,PANCAS,SEBASTIAO FURTADO,patrimonial
ES,APIACA,JOSE HENRIQUES,patrimonial
ES,SERRA,CAMARA,patrimonial
ES,IBIRACU,PENDANGA,patrimonial
ES,LINHARES,REGENCIA,patrimonial
ES,VARGEM ALTA,SANTO ANTONIO,patrimonial
ES,CONCEICAO DA BARRA,MARIA MANTEIGA,patrimonial
ES,MARECHAL FLORIANO,SANTA MARIA,patrimonial
ES,SAO MATEUS,MORADA DO RIBEIRAO,patrimonial
ES,ARACRUZ,MAR AZUL,patrimonial
ES,GUARAPARI,SAO JOSE,patrimonial
ES,MARILANDIA,VILA REAL,patrimonial
ES,SAO ROQUE DO CANAA,FRANCISCO TOREZANI,patrimonial
ES,JOAO NEIVA,CRISTAL,patrimonial
ES,IBIRACU,COHAB,patrimonial
ES,MARATAIZES,NOVA CANAA,patrimonial
ES,DOMINGOS MARTINS,LAJINHA,patrimonial
ES,ECOPORANGA,ZONA RURAL,patrimonial
ES,CACHOEIRO DE ITAPEMIRIM,GRUTA DE BAIXO,patrimonial
ES,DOMINGOS MARTINS,VILA VERDE,patrimonial
ES,ALEGRE,CELINA,patrimonial
ES,GUACUI,MORADA DAS PALMEIRAS,patrimonial
ES,ANCHIETA,GOEMBE,patrimonial
ES,COLATINA,BARBADOS,patrimonial
ES,GUARAPARI,AMARELINHO,patrimonial
ES,VIANA,PRIMAVERA,patrimonial
ES,CARIACICA,VALE ESPERANCA,patrimonial
ES,SANTA LEOPOLDINA,BRAGANCA,patrimonial
ES,PINHEIROS,JUNDIA,patrimonial
ES,CARIACICA,VISTA DOURADA,patrimonial
ES,NOVA VENECIA,ZONA RURAL,patrimonial
ES,GUARAPARI,TODOS OS SANTOS,patrimonial
ES,MUNIZ FREIRE,PIACU,patrimonial
ES,CASTELO,VILA NOVA,patrimonial
ES,VARGEM ALTA,TAQUARACU,patrimonial
ES,IBIRACU,SAO BENEDITO,patrimonial
ES,SAO GABRIEL DA PALHA,GLORIA,patrimonial
ES,PONTO BELO,ZONA RURAL,patrimonial
ES,ALEGRE,SANTA ANGELICA,patrimonial
ES,PONTO BELO,MORUMBI,patrimonial
ES,BAIXO GUANDU,VILA NOVA DO BANANAL,patrimonial
ES,MANTENOPOLIS,CABECEIRA DO CORREGO MANTENINHA,patrimonial
ES,IUNA,VILA NOVA,patrimonial
ES,ITAPEMIRIM,ILHA DO GATO,patrimonial
ES,MONTANHA,LAJEDO,patrimonial
ES,ARACRUZ,MORADA BARRA DO SAHY,patrimonial
ES,VILA VELHA,ZONA NAO IDENTIFICADA I,patrimonial
ES,SERRA,JARDIM GUANABARA,patrimonial
ES,NOVA VENECIA,SAO FRANCISCO,patrimonial
ES,ALFREDO CHAVES,VILA NOVA DE MARAVILHA,patrimonial
ES,CASTELO,CAMPESTRE,patrimonial
ES,SANTA TERESA,CORREGO DO MANGANGA,patrimonial
ES,CONCEICAO DO CASTELO,JATOBA,patrimonial
ES,CACHOEIRO DE ITAPEMIRIM,ZONA RURAL,patrimonial
ES,ARACRUZ,GUANABARA,patrimonial
ES,ARACRUZ,CHIC CHIC,patrimonial
ES,SOORETAMA,JOEIRANAIS,patrimonial
ES,MONTANHA,VINHATICO,patrimonial
ES,PANCAS,VILA NOVA,patrimonial
ES,NOVA VENECIA,BELA VISTA,patrimonial
ES,PEDRO CANARIO,SAO JOAO BATISTA,patrimonial
ES,ALEGRE,NOVA ALEGRE,patrimonial
ES,ALTO RIO NOVO,OUTRO LOCAL,patrimonial
ES,ICONHA,SANTA LUZIA,patrimonial
ES,SAO GABRIEL DA PALHA,GUSTAVO BOONE,patrimonial
ES,ITAPEMIRIM,ITAPECOA,patrimonial
ES,SAO MATEUS,AYRTON SENNA,patrimonial
ES,JERONIMO MONTEIRO,CAVA ROCHA,patrimonial
ES,DOMINGOS MARTINS,FAZENDA DO ESTADO,patrimonial
ES,VIANA,PEROBAS,patrimonial
ES,GUACUI,BAIRRO DA PALHA,patrimonial
ES,MARATAIZES,PRAIA DOS CACOES,patrimonial
ES,CACHOEIRO DE ITAPEMIRIM,SAO JOSE DE CANTAGALO,patrimonial
ES,BARRA DE SAO FRANCISCO,PAULISTA,patrimonial
ES,LARANJA DA TERRA,CINCO PONTOES,patrimonial
ES,CACHOEIRO DE ITAPEMIRIM,DOUTOR GILBERTO MACHADO,patrimonial
ES,DOMINGOS MARTINS,PARQUE DOS NOBRES,patrimonial
ES,VILA VELHA,PLANALTO,patrimonial
ES,LINHARES,PONTAL DO OURO,patrimonial
ES,IRUPI,SANTA CRUZ,patrimonial
ES,CACHOEIRO DE ITAPEMIRIM,NOSSA SENHORA DA PENHA,patrimonial
ES,CARIACICA,JARDIM DE ALAH,patrimonial
ES,SAO DOMINGOS DO NORTE,CRISTO REI,patrimonial
ES,DORES DO RIO PRETO,PARADA PIMENTEL,patrimonial
ES,SAO GABRIEL DA PALHA,CORREGO DO SETE,patrimonial
ES,COLATINA,SAO BRAZ,patrimonial
ES,VARGEM ALTA,CASTELINHO,patrimonial
ES,CONCEICAO DA BARRA,ANTONIO LOPEZ,patrimonial
ES,GOVERNADOR LINDENBERG,MOACIR AVIDOS,patrimonial
ES,ITAPEMIRIM,TAOCA,patrimonial
ES,MARECHAL FLORIANO,BOM JESUS,patrimonial
ES,SAO MATEUS,SERNAMBY,patrimonial
ES,MARILANDIA,TAQUARUCU,patrimonial
ES,SAO JOSE DO CALCADO,OUTRO LOCAL,patrimonial
ES,ITAGUACU,PALMEIRA,patrimonial
ES,ARACRUZ,NOVA COLATINA,patrimonial
ES,COLATINA,SANTA MARGARIDA,patrimonial
ES,BAIXO GUANDU,OPERARIO,patrimonial
ES,SAO ROQUE DO CANAA,SAO SEBASTIAO DE SAO ROQUE,patrimonial
ES,ECOPORANGA,CENTRO,patrimonial
ES,GUARAPARI,RIO CALCADO,patrimonial
ES,LARANJA DA TERRA,OUTRO LOCAL,patrimonial
ES,BOA ESPERANCA,VILA TAVARES,patrimonial
ES,VILA VELHA,VISTA DA PENHA,patrimonial
ES,PRESIDENTE KENNEDY,CRIADOR,patrimonial
ES,COLATINA,ANTONIO DAMIANI,patrimonial
ES,VITORIA,FONTE GRANDE,patrimonial
ES,PIUMA,NITEROI,patrimonial
ES,VILA PAVAO,ZONA RURAL,patrimonial
ES,VENDA NOVA DO IMIGRANTE,MARMIN,patrimonial
ES,SANTA TERESA,ALTO CALDEIRAO,patrimonial
ES,ARACRUZ,SEGATO,patrimonial
ES,SAO MATEUS,RESIDENCIAL PARQUE WASHIGTON,patrimonial
ES,IUNA,VALE VERDE,patrimonial
ES,JOAO NEIVA,SAO CARLOS II,patrimonial
ES,SERRA,COLINA DA SERRA,patrimonial
ES,LINHARES,VILA IZABEL,patrimonial
ES,ALFREDO CHAVES,SIRIBEIRA,patrimonial
ES,ITAGUACU,ZONA RURAL,patrimonial
ES,VIANA,PARQUE INDUSTRIAL,patrimonial
ES,RIO BANANAL,CORREGO LACRIMAL,patrimonial
ES,JAGUARE,MATA ATLANTICA,patrimonial
ES,CARIACICA,CANGAIBA,patrimonial
ES,SAO GABRIEL DA PALHA,SAO SEBASTIAO,patrimonial
ES,DOMINGOS MARTINS,RIBEIRAO CAPIXABA,patrimonial
ES,MUQUI,SAO FRANCISCO,patrimonial
ES,ECOPORANGA,VILA NOVA,patrimonial
ES,JOAO NEIVA,SANTO AFONSO,patrimonial
ES,CASTELO,ESTRELA DO NORTE,patrimonial
ES,MUQUI,SAO PEDRO,patrimonial
ES,COLATINA,FIORAVANTE MARINO,patrimonial
ES,ALFREDO CHAVES,SAGRADA FAMILIA,patrimonial
ES,SAO ROQUE DO CANAA,OUTRO LOCAL,patrimonial
ES,SAO GABRIEL DA PALHA,APARECIDA,patrimonial
ES,NOVA VENECIA,COQUEIRAL,patrimonial
ES,BARRA DE SAO FRANCISCO,BOA ESPERANCA I,patrimonial
ES,CACHOEIRO DE ITAPEMIRIM,TEIXEIRA LEITE,patrimonial
ES,ALFREDO CHAVES,RECREIO,patrimonial
ES,CACHOEIRO DE ITAPEMIRIM,SUMARE,patrimonial
ES,CARIACICA,PLANETA,patrimonial
ES,SOORETAMA,CORREGO ALEGRE,patrimonial
ES,VARGEM ALTA,PARAISO,patrimonial
ES,GUARAPARI,RIO GRANDE,patrimonial
ES,SERRA,TERMINAL INTERMODAL DA SERRA (TIMS),patrimonial
ES,MUCURICI,CAXIAS,patrimonial
ES,JOAO NEIVA,BAIRRO DE FATIMA,patrimonial
ES,PIUMA,LAGO AZUL,patrimonial
ES,IBITIRAMA,PEDRA ROXA,patrimonial
ES,JERONIMO MONTEIRO,VILA CRUZEIRO,patrimonial
ES,CONCEICAO DA BARRA,MARCILIO DIAS I,patrimonial
ES,SERRA,CIDADE NOVA DA SERRA,patrimonial
ES,VARGEM ALTA,ZONA RURAL,patrimonial
ES,JERONIMO MONTEIRO,BARRA LIMPA,patrimonial
ES,AGUIA BRANCA,EBENEZE,patrimonial
ES,COLATINA,CASTELO BRANCO,patrimonial
ES,VIANA,REAL CAFE,patrimonial
ES,CASTELO,VILA BARBOSA,patrimonial
ES,NOVA VENECIA,PEDRA GRANDE,patrimonial
ES,SOORETAMA,SANTA LUZIA,patrimonial
ES,CACHOEIRO DE ITAPEMIRIM,MONTE BELO,patrimonial
ES,SAO DOMINGOS DO NORTE,NITEROI,patrimonial
ES,MUCURICI,ZONA RURAL,patrimonial
ES,VILA VALERIO,SAO JORGE DA BARRA SECA,patrimonial
ES,JAGUARE,OUTRO LOCAL,patrimonial
ES,MANTENOPOLIS,SAO JOSE DE MANTENOPOLIS,patrimonial
ES,IBIRACU,RESIDENCIAL FRANCISCO CAMPAGNARO,patrimonial
ES,CACHOEIRO DE ITAPEMIRIM,VARGEM GRANDE DO SOTURNO,patrimonial
ES,BREJETUBA,VARGEM GRANDE,patrimonial
ES,ALFREDO CHAVES,SANTA TEREZINHA,patrimonial
ES,CARIACICA,ALICE COUTINHO,patrimonial
ES,MONTANHA,ZONA RURAL,patrimonial
ES,MARECHAL FLORIANO,BOA ESPERANCA,patrimonial
ES,VARGEM ALTA,PROSPERIDADE,patrimonial
ES,PINHEIROS,DOMICIANO,patrimonial
ES,SOORETAMA,ZONA RURAL,patrimonial
ES,VILA PAVAO,NOVA MUNIQUE,patrimonial
ES,PANCAS,NOSSA SENHORA APARECIDA,patrimonial
ES,MONTANHA,FUNDAO,patrimonial
ES,ALEGRE,BILAU,patrimonial
ES,PINHEIROS,VILA VERDE,patrimonial
ES,CARIACICA,SERRA DO ANIL,patrimonial
ES,AGUIA BRANCA,CORREGO JABUTICABA,patrimonial
ES,ANCHIETA,JABAQUARA,patrimonial
ES,CASTELO,FORNO GRANDE,patrimonial
ES,CONCEICAO DO CASTELO,SANTA LUZIA,patrimonial
ES,CACHOEIRO DE ITAPEMIRIM,ALTO GIRONDA,patrimonial
ES,VARGEM ALTA,VILA MARIA,patrimonial
ES,SERRA,SAO JOAO,patrimonial
ES,SANTA LEOPOLDINA,RIBEIRAO LIMPO,patrimonial
ES,CARIACICA,CAMPO BELO,patrimonial
ES,COLATINA,BARRACAO DE BAUNILHA,patrimonial
ES,SOORETAMA,VALE DO SOL,patrimonial
ES,CASTELO,LIMOEIRO,patrimonial
ES,ATILIO VIVACQUA,CORREGO DA FAMA,patrimonial
ES,COLATINA,LIMAO,patrimonial
ES,ANCHIETA,ANCHIETA,patrimonial
ES,JOAO NEIVA,FLORESTA,patrimonial
ES,PEDRO CANARIO,CRISTAL DO NORTE,patrimonial
ES,AFONSO CLAUDIO,SAO FRANCISCO,patrimonial
ES,BARRA DE SAO FRANCISCO,MONTE SENIR,patrimonial
ES,ALTO RIO NOVO,ZONA RURAL,patrimonial
ES,CACHOEIRO DE ITAPEMIRIM,RETIRO,patrimonial
ES,LARANJA DA TERRA,RIBEIRAO,patrimonial
ES,ARACRUZ,SANTA CRUZ,patrimonial
ES,VENDA NOVA DO IMIGRANTE,VILA SAO MIGUEL,patrimonial
ES,COLATINA,AEROPORTO,patrimonial
ES,IBATIBA,OUTRO LOCAL,patrimonial
ES,VILA VELHA,MORRO DA LAGOA,patrimonial
ES,PINHEIROS,GALILEIA,patrimonial
ES,MANTENOPOLIS,SAO JOSE,patrimonial
ES,JAGUARE,CORREGO CAXIMBAU,patrimonial
ES,AGUIA BRANCA,BARRA DA JABUTICABA,patrimonial
ES,AGUA DOCE DO NORTE,SANTA LUZIA DO CORREGO AZUL,patrimonial
ES,CARIACICA,ZONA RURAL,patrimonial
ES,SAO MATEUS,FORNO VELHO,patrimonial
ES,MONTANHA,IRMA MARIA ZELIA PRUDENTE,patrimonial
ES,MARILANDIA,JEQUITIBA,patrimonial
ES,CONCEICAO DA BARRA,SANTANA,patrimonial
ES,CARIACICA,NOVA CAMPO GRANDE,patrimonial
ES,RIO NOVO DO SUL,SAO JOSE,patrimonial
ES,GOVERNADOR LINDENBERG,SAO JOAO,patrimonial
ES,MARATAIZES,PONTAL DA BARRA,patrimonial
ES,VITORIA,BOA VISTA,patrimonial
ES,CACHOEIRO DE ITAPEMIRIM,CAMPO DA LEOPOLDINA,patrimonial
ES,SAO MATEUS,AVIACAO,patrimonial
ES,MARATAIZES,JACARANDA,patrimonial
ES,JOAO NEIVA,RIBEIRAO DE CIMA,patrimonial
ES,PANCAS,OPERARIO,patrimonial
ES,SANTA LEOPOLDINA,CHAVES,patrimonial
ES,ANCHIETA,MORRO DA PENHA,patrimonial
ES,GUARAPARI,TARTARUGA,patrimonial
ES,GUARAPARI,IGUAPE,patrimonial
ES,ICONHA,JARDIM DA ILHA,patrimonial
ES,ATILIO VIVACQUA,OUTRO LOCAL,patrimonial
ES,COLATINA,MARISTA,patrimonial
ES,CONCEICAO DA BARRA,BUGIA,patrimonial
ES,MUQUI,OUTRO LOCAL,patrimonial
ES,NOVA VENECIA,IOLANDA,patrimonial
ES,PANCAS,CORREGO ESPINHO,patrimonial
ES,FUNDAO,CAMPESTRE,patrimonial
ES,CONCEICAO DO CASTELO,NICOLAU DE VARGAS E SILVA,patrimonial
ES,RIO NOVO DO SUL,SANTO ANTONIO,patrimonial
ES,CONCEICAO DA BARRA,SAO JOSE,patrimonial
ES,MARATAIZES,BOA VISTA,patrimonial
ES,CACHOEIRO DE ITAPEMIRIM,ALTO MONTE CRISTO,patrimonial
ES,SAO GABRIEL DA PALHA,MIRANTE,patrimonial
ES,JERONIMO MONTEIRO,ZONA RURAL,patrimonial
ES,JERONIMO MONTEIRO,PARANA,patrimonial
ES,FUNDAO,ZONA RURAL,patrimonial
ES,IBATIBA,FLORESTA,patrimonial
ES,BREJETUBA,BREJAUBINHA,patrimonial
ES,RIO NOVO DO SUL,CACHOEIRINHA,patrimonial
ES,VILA PAVAO,ONDINA,patrimonial
ES,ARACRUZ,SANTA ROSA,patrimonial
ES,SANTA TERESA,CORREGO FRIO,patrimonial
ES,GUARAPARI,BUENOS AIRES,patrimonial
ES,ANCHIETA,JUSTICA,patrimonial
ES,PEDRO CANARIO,VISTA ALEGRE,patrimonial
ES,COLATINA,ANGELO FRECHIANI,patrimonial
ES,MIMOSO DO SUL,CONCEICAO DO MUQUI,patrimonial
ES,SANTA TERESA,TABOCAS,patrimonial
ES,IRUPI,SANTA ROSA,patrimonial
ES,COLATINA,MARIA ISMENIA,patrimonial
ES,GUARAPARI,BARRO BRANCO,patrimonial
ES,ALFREDO CHAVES,URANIA,patrimonial
ES,BOA ESPERANCA,ILMO COVRE,patrimonial
ES,BARRA DE SAO FRANCISCO,MONTE SINAI,patrimonial
ES,CONCEICAO DO CASTELO,MAO FORTE QUENTE,patrimonial
ES,DIVINO DE SAO LOURENCO,CENTRO,patrimonial
ES,MONTANHA,BRASILIA,patrimonial
ES,APIACA,BATATAL,patrimonial
ES,PRESIDENTE KENNEDY,SANTA LUCIA,patrimonial
ES,NOVA VENECIA,CORREGO DO LIMAO,patrimonial
ES,RIO NOVO DO SUL,SAO FRANCISCO,patrimonial
ES,CACHOEIRO DE ITAPEMIRIM,SAFRA,patrimonial
ES,SAO DOMINGOS DO NORTE,OUTRO LOCAL,patrimonial
ES,SERRA,JARDIM PRIMAVERA,patrimonial
ES,JOAO NEIVA,BARRA DO TRIUNFO,patrimonial
ES,CONCEICAO DO CASTELO,PEDRO RIGO,patrimonial
ES,COLATINA,SANTA MONICA,patrimonial
ES,VARGEM ALTA,CAPIVARA,patrimonial
ES,AGUA DOCE DO NORTE,ZONA RURAL,patrimonial
ES,AGUA DOCE DO NORTE,SANTO AGOSTINHO,patrimonial
ES,IRUPI,BOM DESTINO,patrimonial
ES,GOVERNADOR LINDENBERG,NOVA BRASILIA,patrimonial
ES,CASTELO,VOLTA REDONDA,patrimonial
ES,JAGUARE,FATIMA,patrimonial
ES,DOMINGOS MARTINS,PARQUE DA MONTANHA,patrimonial
ES,COLATINA,GRACA ARANHA,patrimonial
ES,COLATINA,SAO JOAO PEQUENO,patrimonial
ES,ALFREDO CHAVES,ARAPONGA,patrimonial
ES,NOVA VENECIA,ALTOE,patrimonial
ES,SERRA,PARQUE RESIDENCIAL NOVA ALMEIDA,patrimonial
ES,MUNIZ FREIRE,ASSUNCAO,patrimonial
ES,MARILANDIA,SAPUCAIA,patrimonial
ES,MARILANDIA,SEIS HORAS,patrimonial
ES,BARRA DE SAO FRANCISCO,CORREGO SAO JOAO,patrimonial
ES,SANTA MARIA DE JETIBA,SAO SEBASTIAO DO MEIO,patrimonial
ES,PONTO BELO,ITAMIRA,patrimonial
ES,SAO ROQUE DO CANAA,VILA VERDE,patrimonial
ES,MONTANHA,ALCEBIADES,patrimonial
ES,SAO DOMINGOS DO NORTE,OCTAVIO BONAPARTE,patrimonial
ES,MUNIZ FREIRE,GUARIBU,patrimonial
ES,ITAPEMIRIM,SAO JOSE DO FRADE,patrimonial
ES,RIO BANANAL,DOM PEDRO,patrimonial
ES,VILA PAVAO,OUTRO LOCAL,patrimonial
ES,CACHOEIRO DE ITAPEMIRIM,CENTRAL PARQUE,patrimonial
ES,RIO BANANAL,CORREGO PRIMAVERA,patrimonial
ES,JAGUARE,BOA VISTA I,patrimonial
ES,BOM JESUS DO NORTE,LOTEAMENTO DONA LEA,patrimonial
ES,JOAO NEIVA,TRIANGULO,patrimonial
ES,JOAO NEIVA,PIRAQUEACU,patrimonial
ES,VITORIA,ARIOVALDO FAVALESSA,patrimonial
ES,CACHOEIRO DE ITAPEMIRIM,LUIZ TINOCO FONSECA,patrimonial
ES,SANTA LEOPOLDINA,OUTRO LOCAL,patrimonial
ES,JOAO NEIVA,CAVALINHO,patrimonial
ES,DOMINGOS MARTINS,GOIABEIRA,patrimonial
ES,BARRA DE SAO FRANCISCO,CORREGO SAO PAULO,patrimonial
ES,SAO GABRIEL DA PALHA,SAO ROQUE DA TERRA ROXA,patrimonial
ES,IBITIRAMA,OUTRO LOCAL,patrimonial
ES,ITAPEMIRIM,CORREGO DO OURO,patrimonial
ES,ATILIO VIVACQUA,ZONA RURAL,patrimonial
ES,BAIXO GUANDU,IBITUBA,patrimonial
ES,JOAO NEIVA,COHAB,patrimonial
ES,SAO ROQUE DO CANAA,SAO BENTO,patrimonial
ES,MARECHAL FLORIANO,OUTRO LOCAL,patrimonial
ES,PIUMA,PORTINHO,patrimonial
ES,FUNDAO,MIRANTE DA PRAIA,patrimonial
ES,ANCHIETA,JOAO XXIII,patrimonial
ES,COLATINA,FRANCISCO SIMONASSI,patrimonial
ES,VIANA,SAO PAULO DE BAIXO,patrimonial
ES,MARECHAL FLORIANO,ARAGUAIA,patrimonial
ES,PEDRO CANARIO,NOVO HORIZONTE,patrimonial
ES,CACHOEIRO DE ITAPEMIRIM,NOSSA SENHORA DE FATIMA,patrimonial
ES,JAGUARE,NOVA ESPERANCA,patrimonial
ES,MARECHAL FLORIANO,RIO FUNDO,patrimonial
ES,SANTA TERESA,VINTE E CINCO DE JULHO,patrimonial
ES,JOAO NEIVA,VILA NOVA DE BAIXO,patrimonial
ES,PEDRO CANARIO,LIONORIO II,patrimonial
ES,AGUA DOCE DO NORTE,BOM DESTINO,patrimonial
ES,SANTA TERESA,SAO LOURENCO,patrimonial
ES,VARGEM ALTA,POMBAL DE CIMA,patrimonial
ES,COLATINA,BAUNILHA,patrimonial
ES,SERRA,JARDIM DA SERRA,patrimonial
ES,RIO NOVO DO SUL,QUARTEIRAO,patrimonial
ES,VENDA NOVA DO IMIGRANTE,VARGEM GRANDE,patrimonial
ES,MIMOSO DO SUL,MANGUEIRA,patrimonial
ES,LINHARES,DESENGANO,patrimonial
ES,ARACRUZ,PRIMAVERA,patrimonial
ES,CARIACICA,SAO JOAO BATISTA,patrimonial
ES,VENDA NOVA DO IMIGRANTE,ESPLANADA,patrimonial
ES,SAO MATEUS,CORREGO DO MACACO,patrimonial
ES,ITAGUACU,OTTO LUIZ HOFFMAN,patrimonial
ES,COLATINA,SANTA FE,patrimonial
ES,ATILIO VIVACQUA,FLECHEIRA,patrimonial
ES,COLATINA,SANTA HELENA,patrimonial
ES,ARACRUZ,IRAJA,patrimonial
ES,CONCEICAO DA BARRA,NOSSA SENHORA APARECIDA,patrimonial
ES,CACHOEIRO DE ITAPEMIRIM,SAO VICENTE,patrimonial
ES,SOORETAMA,CONJUNTO DALVO LOUREIRO,patrimonial
ES,JAGUARE,AGUA LIMPA,patrimonial
ES,ALEGRE,CHARQUEADA,patrimonial
ES,MUNIZ FREIRE,SAO VICENTE DE PAULA,patrimonial
ES,SERRA,PARQUE SANTA FE,patrimonial
ES,MARILANDIA,SANTANA,patrimonial
ES,ITAGUACU,NOVA ITAGUACU,patrimonial
ES,CASTELO,JABUTICABEIRA,patrimonial
ES,ANCHIETA,RECANTO DO SOL,patrimonial
ES,SAO MATEUS,SANTA MARIA,patrimonial
ES,SANTA LEOPOLDINA,ZONA RURAL,patrimonial
ES,ALFREDO CHAVES,CACHOEIRA ALTA,patrimonial
ES,BAIXO GUANDU,ALTO GUANDU,patrimonial
ES,BOA ESPERANCA,ZONA RURAL,patrimonial
ES,VIANA,TREZE DE MAIO,patrimonial
ES,NOVA VENECIA,POCAO,patrimonial
ES,LARANJA DA TERRA,JOATUBA,patrimonial
ES,LARANJA DA TERRA,JEQUITIBA,patrimonial
ES,AGUIA BRANCA,CORREGO AGUAS CLARAS,patrimonial
ES,BARRA DE SAO FRANCISCO,CORREGO AVENTUREIRO,patrimonial
ES,BARRA DE SAO FRANCISCO,BOA SORTE I,patrimonial
ES,ANCHIETA,CHAPADA DO AR,patrimonial
ES,BOA ESPERANCA,BOAMIRA,patrimonial
ES,RIO NOVO DO SUL,VIRGINIA VELHA,patrimonial
ES,PIUMA,CEU AZUL,patrimonial
ES,VILA VELHA,NOVA PONTA DA FRUTA,patrimonial
ES,JAGUARE,JUNDIA,patrimonial
ES,ALEGRE,VILA ALTA,patrimonial
ES,COLATINA,IPE,patrimonial
ES,BARRA DE SAO FRANCISCO,CORREGO BOA UNIAO,patrimonial
ES,JERONIMO MONTEIRO,SANTO ANTONIO,patrimonial
ES,JAGUARE,SAO JOAO DO ESTIVADO,patrimonial
ES,SAO MATEUS,NOVA LIMA,patrimonial
ES,GOVERNADOR LINDENBERG,MORADA DO SOL,patrimonial
ES,BREJETUBA,CACHOEIRA ALTA,patrimonial
ES,MUCURICI,CENTRO,patrimonial
ES,ARACRUZ,CORREGO TRES IRMAOS,patrimonial
ES,IBATIBA,CRICIUMA,patrimonial
ES,MANTENOPOLIS,CORREGO DOS DEITADOS,patrimonial
ES,SANTA TERESA,VALSUGANA VELHA,patrimonial
ES,PINHEIROS,SANTA RITA,patrimonial
ES,ANCHIETA,PONTA DOS CASTELHANOS,patrimonial
ES,SAO GABRIEL DA PALHA,JOAO COLOMBI,patrimonial
ES,SAO ROQUE DO CANAA,SAO JACINTO,patrimonial
ES,ALEGRE,ANTONIO LEMOS JUNIOR,patrimonial
ES,PINHEIROS,RESIDENCIAL PINHEIROS,patrimonial
ES,ARACRUZ,SAO CLEMENTE,patrimonial
ES,AFONSO CLAUDIO,FAZENDA GUANDU,patrimonial
ES,PONTO BELO,OUTRO LOCAL,patrimonial
ES,IUNA,SAO CRISTOVAO,patrimonial
ES,ECOPORANGA,DIVINO ESPIRITO SANTO,patrimonial
ES,SANTA LEOPOLDINA,MANGARAI,patrimonial
ES,COLATINA,ITAPINA,patrimonial
ES,IUNA,GUANABARA,patrimonial
ES,VILA VALERIO,VARGEM ALEGRE,patrimonial
ES,CONCEICAO DA BARRA,ZONA RURAL,patrimonial
ES,IBATIBA,FLORESTA I,patrimonial
ES,FUNDAO,OZEIAS NETO,patrimonial
ES,PEDRO CANARIO,EXPLANADA,patrimonial
ES,LARANJA DA TERRA,NITEROI,patrimonial
ES,MARILANDIA,SAO MARCOS,patrimonial
ES,ATILIO VIVACQUA,MILAGRES,patrimonial
ES,SAO GABRIEL DA PALHA,SANTA RITA,patrimonial
ES,IRUPI,SAO JOSE DO SACUI,patrimonial
ES,BREJETUBA,SAO JORGE,patrimonial
ES,DOMINGOS MARTINS,ALA NOVA DE CAMPINHO,patrimonial
ES,JAGUARE,JAPIRA,patrimonial
ES,SAO ROQUE DO CANAA,CINCO CASINHAS,patrimonial
ES,CASTELO,SANTA JUSTICA,patrimonial
ES,LINHARES,POVOACAO,patrimonial
ES,IBATIBA,SANTA CLARA,patrimonial
ES,BAIXO GUANDU,ALTO MUTUM PRETO,patrimonial
ES,IBATIBA,SANTA MARIA DE BAIXO,patrimonial
ES,COLATINA,CACHOEIRA DO OITO,patrimonial
ES,GOVERNADOR LINDENBERG,ZONA RURAL,patrimonial
ES,AGUIA BRANCA,CORREGO SAO JOAO,patrimonial
ES,SAO MATEUS,RIBEIRAO,patrimonial
ES,SANTA LEOPOLDINA,CRUBIXA,patrimonial
ES,BARRA DE SAO FRANCISCO,CORREGO ITAUNAS,patrimonial
ES,SANTA TERESA,VALAO DE SAO PEDRO,patrimonial
ES,RIO BANANAL,CORREGO DOUTOR MARIO FREIRE,patrimonial
ES,CONCEICAO DA BARRA,SAYONARA,patrimonial
ES,IUNA,BOM SUCESSO,patrimonial
ES,SANTA MARIA DE JETIBA,BELEM,patrimonial
ES,GUACUI,ZONA RURAL,patrimonial
ES,VENDA NOVA DO IMIGRANTE,SAO RAFAEL,patrimonial
ES,SAO GABRIEL DA PALHA,VILA COMBONI,patrimonial
ES,ALTO RIO NOVO,SAO PEDRO,patrimonial
ES,IBITIRAMA,SANTA MARTA,patrimonial
ES,CACHOEIRO DE ITAPEMIRIM,CORREGO DO BRAS,patrimonial
ES,SAO MATEUS,VITORIA,patrimonial
ES,CONCEICAO DA BARRA,MARCILIO DIAS II,patrimonial
ES,LINHARES,PONTAL DO IPIRANGA,patrimonial
ES,ITARANA,OUTRO LOCAL,patrimonial
ES,LINHARES,CORREGO JAPIRA,patrimonial
ES,SANTA LEOPOLDINA,SUICA,patrimonial
ES,SOORETAMA,BARRA DO CHUMBADO,patrimonial
ES,ITARANA,ITARANINHA,patrimonial
ES,MUQUI,SAN DOMINGO,patrimonial
ES,SANTA MARIA DE JETIBA,BARRACAO DO RIO POSS MOUSER,patrimonial
ES,CASTELO,SANTA BARBARA,patrimonial
ES,CASTELO,POUSO ALTO,patrimonial
ES,CACHOEIRO DE ITAPEMIRIM,SANTA FE DE CIMA,patrimonial
ES,ARACRUZ,SAO FRANCISCO,patrimonial
ES,RIO BANANAL,PANORAMA,patrimonial
ES,PINHEIROS,LOTEAMENTO NOVA CANAA,patrimonial
ES,GUARAPARI,SANTA IZABEL,patrimonial
ES,SANTA TERESA,APARECIDINHA,patrimonial
ES,CACHOEIRO DE ITAPEMIRIM,ILHA DA LUZ,patrimonial
ES,PINHEIROS,JUNDIAZINHO,patrimonial
ES,COLATINA,SANTA CECILIA,patrimonial
ES,ARACRUZ,TAQUARAL,patrimonial
ES,MARATAIZES,LAGOA DANTAS,patrimonial
ES,GUARAPARI,TREVO,patrimonial
ES,CASTELO,BELA VISTA,patrimonial
ES,ITAGUACU,PARAJU,patrimonial
ES,AGUA DOCE DO NORTE,VILA NELITA,patrimonial
ES,VARGEM ALTA,ALTO CASTELINHO,patrimonial
ES,ARACRUZ,RESERVA INDIGENA DE PAU BRASIL,patrimonial
ES,PRESIDENTE KENNEDY,SAO PAULO,patrimonial
ES,MUNIZ FREIRE,AMORIM,patrimonial
ES,ITARANA,SANTA TEREZINHA,patrimonial
ES,AGUIA BRANCA,JOAO PAULO II,patrimonial
ES,ATILIO VIVACQUA,INDEPENDENCIA,patrimonial
ES,MANTENOPOLIS,SANTA LUZIA DE MANTENOPOLIS,patrimonial
ES,JAGUARE,LAQUINI,patrimonial
ES,CASTELO,SANTA MARIA DE BAIXO,patrimonial
ES,SANTA MARIA DE JETIBA,SAO JOAO DO BARRACAO,patrimonial
ES,VIANA,CANTO GRANDE,patrimonial
ES,CASTELO,NITEROI,patrimonial
ES,PONTO BELO,CENTRO,patrimonial
ES,ANCHIETA,OLIVEIRA,patrimonial
ES,ANCHIETA,CANTAGALO,patrimonial
ES,COLATINA,CASCATINHAS DO PANCAS,patrimonial
ES,CACHOEIRO DE ITAPEMIRIM,COSTA E SILVA,patrimonial
ES,VIANA,VILA NOVA,patrimonial
ES,SANTA MARIA DE JETIBA,ALTO RECREIO,patrimonial
ES,SERRA,PRAIA BELA,patrimonial
ES,LINHARES,RESERVA FLORESTAL DA FAZENDA RIO DOCE,patrimonial
ES,VENDA NOVA DO IMIGRANTE,BANANEIRAS,patrimonial
ES,BOM JESUS DO NORTE,SAO SEBASTIAO,patrimonial
ES,CACHOEIRO DE ITAPEMIRIM,SANTA CECILIA,patrimonial
ES,SANTA MARIA DE JETIBA,RIO DAS PEDRAS,patrimonial
ES,CASTELO,CORREGO DA PRATA,patrimonial
ES,ICONHA,MONTE BELO,patrimonial
ES,VIANA,PARQUE DO FLAMENGO,patrimonial
ES,CASTELO,EXPOSICAO,patrimonial
ES,JAGUARE,VARGEM GRANDE,patrimonial
ES,IRUPI,AVENTUREIRO,patrimonial
ES,LINHARES,MOBRASA,patrimonial
ES,ITAPEMIRIM,PIABANHA DO NORTE,patrimonial
ES,VILA VALERIO,NOSSA SENHORA DA PENHA,patrimonial
ES,ITARANA,NITEROI,patrimonial
ES,MUNIZ FREIRE,CORREGO RICO,patrimonial
ES,LINHARES,SAO JOSE DE CIMA,patrimonial
ES,AGUIA BRANCA,BARRA DO SERTAO,patrimonial
ES,VITORIA,SEGURANCA DO LAR,patrimonial
ES,PANCAS,VARGEM ALEGRE,patrimonial
ES,SAO MATEUS,URUSSUQUARA,patrimonial
ES,PANCAS,NOSSA SENHORA DAS GRACAS,patrimonial
ES,AFONSO CLAUDIO,RIBEIRAO DO COSTA,patrimonial
ES,ARACRUZ,COHAB III,patrimonial
ES,BARRA DE SAO FRANCISCO,MORRO DA COLINA,patrimonial
ES,VENDA NOVA DO IMIGRANTE,VICOSINHA,patrimonial
ES,CASTELO,GARAGE,patrimonial
ES,MARECHAL FLORIANO,JARBINHAS,patrimonial
ES,MUCURICI,OUTRO LOCAL,patrimonial
ES,SAO GABRIEL DA PALHA,BOA VISTA,patrimonial
ES,VILA VALERIO,TESOURO,patrimonial
ES,SANTA MARIA DE JETIBA,BARRA DO RIO CLARO,patrimonial
ES,ANCHIETA,PRAIA DE PARATI,patrimonial
ES,JAGUARE,SEAC,patrimonial
ES,CASTELO,BAIXA ITALIA,patrimonial
ES,MARATAIZES,SACO DOS CACOES,patrimonial
ES,NOVA VENECIA,SAO GONCALO,patrimonial
ES,PANCAS,SAO LUIS,patrimonial
ES,VIANA,VALE DO SOL,patrimonial
ES,AFONSO CLAUDIO,GRAMA,patrimonial
ES,CACHOEIRO DE ITAPEMIRIM,COUTINHO,patrimonial
ES,SAO MATEUS,MORADA DO LAGO,patrimonial
ES,GUARAPARI,PORTO GRANDE,patrimonial
ES,BARRA DE SAO FRANCISCO,ESTRELA,patrimonial
ES,SAO GABRIEL DA PALHA,BARRA SECA,patrimonial
ES,ALEGRE,ORIENTE,patrimonial
ES,CASTELO,ESPLANADA,patrimonial
ES,ATILIO VIVACQUA,PRACA DO ORIENTE,patrimonial
ES,VIANA,SAO PAULO DE CIMA,patrimonial
ES,IBATIBA,SAO JOSE,patrimonial
ES,CASTELO,CORUMBA,patrimonial
ES,SAO GABRIEL DA PALHA,AIMORES,patrimonial
ES,SERRA,ZONA RURAL,patrimonial
ES,MIMOSO DO SUL,HARMONIA,patrimonial
ES,MARECHAL FLORIANO,ALTO NOVA ALMEIDA,patrimonial
ES,ATILIO VIVACQUA,SANTA CRUZ,patrimonial
ES,GUARAPARI,BOA VISTA,patrimonial
ES,JAGUARE,BARRA SECA VELHA,patrimonial
ES,BOA ESPERANCA,BELA VISTA,patrimonial
ES,NOVA VENECIA,CORREGO ALEGRE,patrimonial
ES,SAO MATEUS,UNIVERSITARIO,patrimonial
ES,SAO MATEUS,SEAC,patrimonial
ES,CACHOEIRO DE ITAPEMIRIM,CANTAGALO,patrimonial
ES,GUACUI,VILA DOS PROFESSORES,patrimonial
ES,ARACRUZ,ASSOMBRO,patrimonial
ES,FUNDAO,BEIRA RIO,patrimonial
ES,SAO JOSE DO CALCADO,AIRITUBA,patrimonial
ES,LINHARES,RIO DO NORTE,patrimonial
ES,MARATAIZES,ZONA RURAL,patrimonial
ES,SANTA TERESA,ALTO SANTO ANTONIO,patrimonial
ES,PRESIDENTE KENNEDY,SAO JOAO DO LAGO,patrimonial
ES,SAO MATEUS,RESIDENCIAL JACUI,patrimonial
ES,ALEGRE,ROSEIRA,patrimonial
ES,RIO NOVO DO SUL,VIRGINIA NOVA,patrimonial
ES,AFONSO CLAUDIO,ALTO SANTA JOANA,patrimonial
ES,PRESIDENTE KENNEDY,MINEIRINHO,patrimonial
ES,FUNDAO,CARNEIROS,patrimonial
ES,GUARAPARI,VARZEA NOVA,patrimonial
ES,ITARANA,BARRA DO JATIBOCA,patrimonial
ES,AGUA DOCE DO NORTE,CORREGO DO CEDRO,patrimonial
ES,ANCHIETA,BELO HORIZONTE,patrimonial
ES,ATILIO VIVACQUA,BAIXA BONITA,patrimonial
ES,ALEGRE,SAO MANOEL,patrimonial
ES,PRESIDENTE KENNEDY,GOROMOGO,patrimonial
ES,GOVERNADOR LINDENBERG,RIO BONITO,patrimonial
ES,MIMOSO DO SUL,CACHOEIRA ALTA,patrimonial
ES,ARACRUZ,PONTAL DO PIRAQUEACU,patrimonial
ES,MARATAIZES,FATIMA,patrimonial
ES,VARGEM ALTA,CONCORDIA,patrimonial
ES,LARANJA DA TERRA,BARRA DO TAQUARAL,patrimonial
ES,VIANA,PIAPITANGUI,patrimonial
ES,SAO MATEUS,BARRA NOVA,patrimonial
ES,GUACUI,NOVA GUACUI,patrimonial
ES,CACHOEIRO DE ITAPEMIRIM,UNIAO,patrimonial
ES,MARATAIZES,ATLANTICO,patrimonial
ES,SAO MATEUS,LIBERDADE,patrimonial
ES,PONTO BELO,POR DO SOL,patrimonial
ES,SAO JOSE DO CALCADO,JACA,patrimonial
ES,VILA PAVAO,CORREGO PENEIRA,patrimonial
ES,VILA VELHA,PEDRA DOS BUZIOS,patrimonial
ES,ALEGRE,CAFE,patrimonial
ES,MARATAIZES,NOVA JERUSALEM,patrimonial
ES,AGUIA BRANCA,ZONA RURAL,patrimonial
ES,ATILIO VIVACQUA,ALTO SAO JOSE,patrimonial
ES,CASTELO,CRIMEIA,patrimonial
ES,SAO MATEUS,VILA VERDE,patrimonial
ES,VARGEM ALTA,GUIOMAR,patrimonial
ES,SANTA LEOPOLDINA,MEIA LEGUA,patrimonial
ES,FUNDAO,OZEIAS,patrimonial
ES,GUARAPARI,TRES PRAIAS,patrimonial
ES,ARACRUZ,CORREGO DAGUA,patrimonial
ES,MONTANHA,SAO JUDAS TADEU,patrimonial
ES,VITORIA,ZONA RURAL,patrimonial
ES,MIMOSO DO SUL,SAO PEDRO DE ITABAPOANA,patrimonial
ES,CARIACICA,SAO GONCALO,patrimonial
ES,SAO JOSE DO CALCADO,PEDRO IDERALDO DE LIMA,patrimonial
ES,MARATAIZES,JABOTI,patrimonial
ES,CACHOEIRO DE ITAPEMIRIM,MONTE LIBANO,patrimonial
ES,AGUA DOCE DO NORTE,CRISTO REI,patrimonial
ES,IBATIBA,SONITER,patrimonial
ES,DOMINGOS MARTINS,JARDIM CAMPESTRE,patrimonial
ES,SAO ROQUE DO CANAA,VILA ESPANHOLA,patrimonial
ES,ARACRUZ,AGUA BRANCA,patrimonial
ES,ITAPEMIRIM,GOMES,patrimonial
ES,APIACA,OUTRO LOCAL,patrimonial
ES,PRESIDENTE KENNEDY,SAO EDUARDO,patrimonial
ES,SAO MATEUS,NOVA SAO MATEUS,patrimonial
ES,MARECHAL FLORIANO,NOVA ALMEIDA,patrimonial
ES,GUACUI,ANTONIO FRANCISCO MOREIRA,patrimonial
ES,PANCAS,PARANAZINHO,patrimonial
ES,CASTELO,SAO JOSE,patrimonial
ES,DOMINGOS MARTINS,BIRIRICAS,patrimonial
ES,VIANA,PEDRA MULATA,patrimonial
ES,GOVERNADOR LINDENBERG,ALTO MOACIR,patrimonial
ES,CONCEICAO DO CASTELO,ALTO RIBEIRAO DO MEIO,patrimonial
ES,COLATINA,CORREGO DE PIABA,patrimonial
ES,COLATINA,CORREGO DANTA,patrimonial
ES,CACHOEIRO DE ITAPEMIRIM,SANTA FE DE BAIXO,patrimonial
ES,IUNA,AGUA SANTA,patrimonial
ES,RIO NOVO DO SUL,ARROIO DAS PEDRAS,patrimonial
ES,VILA VELHA,JARDIM GUARANHUNS,violencia_social
ES,LINHARES,PONTAL DO IPIRANGA,violencia_social
ES,VILA VELHA,BARRAMARES,violencia_social
ES,DIVINO DE SAO LOURENCO,PATRIMONIO DA PENHA,violencia_social
ES,VIANA,SOTECO,violencia_social
ES,SERRA,VILA NOVA DE COLARES,violencia_social
ES,SERRA,CENTRAL CARAPINA,violencia_social
ES,BOA ESPERANÇA,ZONA RURAL,violencia_social
ES,SERRA,JOSE DE ANCHIETA,violencia_social
ES,SOORETAMA,CENTRO,violencia_social
ES,CARIACICA,JARDIM BOTANICO,violencia_social
ES,FUNDAO,CENTRO,violencia_social
ES,SERRA,LARANJEIRAS VELHA,violencia_social
ES,CARIACICA,PADRE GABRIEL,violencia_social
ES,CARIACICA,RETIRO SAUDOSO,violencia_social
ES,LINHARES,NOVA BETHANIA,violencia_social
ES,VILA VELHA,RIO MARINHO,violencia_social
ES,MARATAIZES,ACAPULCO,violencia_social
ES,VITORIA,ESTRELINHA,violencia_social
ES,ALEGRE,RIVE,violencia_social
ES,VITORIA,CONQUISTA,violencia_social
ES,SERRA,BALNEARIO DE CARAPEBUS,violencia_social
ES,SAO GABRIEL DA PALHA,GUSTAVO BOONE,violencia_social
ES,SERRA,SAO GERALDO,violencia_social
ES,CARIACICA,SANTO ANTONIO,violencia_social
ES,VITORIA,SANTO ANTONIO,violencia_social
ES,COLATINA,AYRTON SENNA,violencia_social
ES,VIANA,MARCILIO DE NORONHA,violencia_social
ES,VARGEM ALTA,SUMIDOURO,violencia_social
ES,CARIACICA,ORIENTE,violencia_social
ES,VILA VELHA,COBI DE CIMA,violencia_social
ES,SERRA,VISTA DA SERRA II,violencia_social
ES,SAO MATEUS,CENTRO,violencia_social
ES,SAO MATEUS,GURIRI,violencia_social
ES,IBIRACU,ELIAS BRAGATO,violencia_social
ES,CARIACICA,NOVO BRASIL,violencia_social
ES,PIUMA,CENTRO,violencia_social
ES,NOVA VENECIA,ZONA RURAL,violencia_social
ES,VILA VELHA,ILHA DOS AYRES,violencia_social
ES,CARIACICA,NOVA ROSA DA PENHA II,violencia_social
ES,CACHOEIRO DE ITAPEMIRIM,SANTO ANTONIO,violencia_social
ES,SERRA,RESIDENCIAL CENTRO DA SERRA,violencia_social
ES,SERRA,CIDADE POMAR,violencia_social
ES,GOVERNADOR LINDENBERG,NOVO BASIL,violencia_social
ES,SERRA,PRAIA DE CARAPEBUS,violencia_social
ES,ANCHIETA,JERUSALEM,violencia_social
ES,CARIACICA,CAMPINA GRANDE,violencia_social
ES,VILA VELHA,ITAPOA,violencia_social
ES,VILA VELHA,COBI DE BAIXO,violencia_social
ES,SOORETAMA,SALVADOR,violencia_social
ES,CARIACICA,NOVA ROSA DA PENHA,violencia_social
ES,AFONSO CLAUDIO,SAO FRANCISCO,violencia_social
ES,VILA VELHA,SAO TORQUATO,violencia_social
ES,VITORIA,MARIO CYPRESTE,violencia_social
ES,SERRA,COSTA DOURADA,violencia_social
ES,ITAPEMIRIM,CAMPO ACIMA,violencia_social
ES,VITORIA,,violencia_social
ES,SANTA MARIA DE JETIBA,ZONA RURAL,violencia_social
ES,FUNDAO,CAMPESTRE,violencia_social
ES,VITORIA,GRANDE VITORIA,violencia_social
ES,ITAGUACU,SANTA FE,violencia_social
ES,ITAPEMIRIM,GOMES,violencia_social
ES,LINHARES,INTERLAGOS,violencia_social
ES,VILA VELHA,GLORIA,violencia_social
ES,COLATINA,BELA VISTA,violencia_social
ES,SERRA,VISTA DA SERRA I,violencia_social
ES,ITAPEMIRIM,GARRAFAO,violencia_social
ES,AGUA DOCE DO NORTE,CORREGO DO CEDRO,violencia_social
ES,AFONSO CLAUDIO,CENTRO,violencia_social
ES,VILA VELHA,XURY,violencia_social
ES,SERRA,BAIRRO DAS LARANJEIRAS,violencia_social
ES,CARIACICA,BOA SORTE,violencia_social
ES,ECOPORANGA,VILA NOVA,violencia_social
ES,LINHARES,NOVA ESPERANÇA,violencia_social
ES,VILA VELHA,JABURUNA,violencia_social
ES,LINHARES,AVISO,violencia_social
ES,VILA VELHA,CENTRO,violencia_social
ES,VIANA,BOM PASTOR,violencia_social
ES,ECOPORANGA,CENTRO,violencia_social
ES,LINHARES,SAO RAFAEL,violencia_social
ES,CARIACICA,ITAQUARI,violencia_social
ES,JAGUARE,NOSSA SENHORA DE FATIMA,violencia_social
ES,MARATAIZES,BARRA DE ITAPEMIRIM,violencia_social
ES,SAO MATEUS,VITORIA,violencia_social
ES,PINHEIROS,PINHEIRINHO,violencia_social
ES,ITAPEMIRIM,ITAOCA,violencia_social
ES,CONCEICAO DA BARRA,BRAÇO DO RIO,violencia_social
ES,SERRA,SERRA CENTRO,violencia_social
ES,VILA VELHA,VILA GARRIDO,violencia_social
ES,VILA VELHA,VALE ENCANTADO,violencia_social
ES,CARIACICA,CASTELO BRANCO,violencia_social
ES,CARIACICA,JARDIM AMERICA,violencia_social
ES,PANCAS,ZONA RURAL,violencia_social
ES,SERRA,JARDIM DA SERRA,violencia_social
ES,SOORETAMA,SAYONARA,violencia_social
ES,BOA ESPERANÇA,VILA TAVARES,violencia_social
ES,LINHARES,BREJO GRANDE,violencia_social
ES,IUNA,QUILOMBO,violencia_social
ES,SERRA,FEU ROSA,violencia_social
ES,GUARAPARI,SAO GABRIEL,violencia_social
ES,PINHEIROS,SAO JOAO DO SOBRADO,violencia_social
ES,SERRA,JARDIM BELA VISTA,violencia_social
ES,CACHOEIRO DE ITAPEMIRIM,NOSSA SENHORA APARECIDA,violencia_social
ES,BAIXO GUANDU,ZONA RURAL,violencia_social
ES,CARIACICA,VILA CAPIXABA,violencia_social
ES,ITAGUACU,CENTRO,violencia_social
ES,VILA VELHA,ALECRIM,violencia_social
ES,RIO BANANAL,CORREGO LACRIMAL,violencia_social
ES,CARIACICA,FLEXAL II,violencia_social
ES,VILA VELHA,PEDRA DOS BUZIOS,violencia_social
ES,DOMINGOS MARTINS,SOIDO,violencia_social
ES,CARIACICA,SOTELANDIA,violencia_social
ES,GUARAPARI,PATURA,violencia_social
ES,CARIACICA,VILA PRUDENCIO,violencia_social
ES,CONCEICAO DO CASTELO,CENTRO,violencia_social
ES,SAO MATEUS,ZONA RURAL,violencia_social
ES,VIANA,PEDRA MULATA,violencia_social
ES,SERRA,VILA NOVA DE COALRES,violencia_social
ES,VILA VELHA,DOM JOAO BATISTA,violencia_social
ES,VILA VELHA,COBILANDIA,violencia_social
ES,CARIACICA,JARDIM DE ALAH,violencia_social
ES,MONTANHA,LAJEDO,violencia_social
ES,CARIACICA,SAO FRANCISCO,violencia_social
ES,VILA VELHA,PRAIA DA COSTA,violencia_social
ES,CARIACICA,SANTO ANDRE,violencia_social
ES,SERRA,TAQUARA,violencia_social
ES,PANCAS,OPERARIO,violencia_social
ES,IRUPI,SANTA CLARA,violencia_social
ES,LINHARES,PLANALTO,violencia_social
ES,CARIACICA,FLEXAL I,violencia_social
ES,VILA VELHA,SANTA RITA,violencia_social
ES,COLATINA,VILA LENIRA,violencia_social
ES,NOVA VENECIA,BEIRA RIO,violencia_social
ES,CARIACICA,CARIACICA SEDE,violencia_social
ES,GUARAPARI,"SAO JOSE,",violencia_social
ES,GOVERNADOR LINDENBERG,NOVA BRASILIA,violencia_social
ES,GUARAPARI,VARZEA NOVA,violencia_social
ES,VILA VELHA,ZUMBI DOS PALMARES,violencia_social
ES,VILA VELHA,SAO CONRADO,violencia_social
ES,SERRA,NOVO HORIZONTE,violencia_social
ES,PONTO BELO,CENTRO,violencia_social
ES,ITAPEMIRIM,LIMAO,violencia_social
ES,RIO BANANAL,ZONA RURAL,violencia_social
ES,SAO MATEUS,NOVO HORIZONTE,violencia_social
ES,JAGUARE,SEAC,violencia_social
ES,SERRA,PLANALTO SERRANO,violencia_social
ES,SAO MATEUS,RESEDENCIAL PARQUE WASHIGTON,violencia_social
ES,VITORIA,SAO JOSE,violencia_social
ES,SERRA,JARDIM CARAPINA,violencia_social
ES,PRESIDENTE KENNEDY,JAQUEIRA,violencia_social
ES,BREJETUBA,SAO JORGE,violencia_social
ES,JAGUARE,BOA VISTA,violencia_social
ES,SANTA LEOPOLDINA,CENTRO,violencia_social
ES,SAO GABRIEL DA PALHA,BOA VISTA,violencia_social
ES,LINHARES,SANTA CRUZ,violencia_social
ES,CARIACICA,ITANGUA,violencia_social
ES,SAO JOSE DO CALCADO,ZONA RURAL,violencia_social
ES,MONTANHA,TRINTA DE MAIO,violencia_social
ES,BAIXO GUANDU,SAO VICENTE,violencia_social
ES,GOVERNADOR LINDENBERG,NOVO BRASIL,violencia_social
ES,VIANA,MORADA DE VILA BETHANIA,violencia_social
ES,VITORIA,GOIABEIRAS,violencia_social
ES,VILA VELHA,PRIMEIRO DE MAIO,violencia_social
ES,FUNDAO,ZONA RURAL,violencia_social
ES,VIANA,CAMPO VERDE,violencia_social
ES,VILA VELHA,DIVINO ESPIRITO SANTO,violencia_social
ES,AGUIA BRANCA,CORREGO BOA VISTA DO ROCHEDO,violencia_social
ES,ARACRUZ,VILA DO RIACHO,violencia_social
ES,SERRA,NOVA CARAPINA I,violencia_social
ES,LINHARES,ZONA RURAL,violencia_social
ES,PIUMA,CEU AZUL,violencia_social
ES,CARIACICA,BUBU,violencia_social
ES,BARRA DE SAO FRANCISCO,CAMPO NOVO,violencia_social
ES,SERRA,SERRA DOURADA II,violencia_social
ES,SAO GABRIEL DA PALHA,CACHOEIRA DA ONCA,violencia_social
ES,VITORIA,REDENCAO,violencia_social
ES,NOVA VENECIA,SANTO ANTONI DO QUINZE,violencia_social
ES,IUNA,ZONA RURAL,violencia_social
ES,CARIACICA,TUCUM,violencia_social
ES,SERRA,ZONA RURAL,violencia_social
ES,GUARAPARI,BELA VISTA,violencia_social
ES,VIANA,AREINHA,violencia_social
ES,SAO MATEUS,SANTA MARIA,violencia_social
ES,CONCEICAO DO CASTELO,FORMOSA,violencia_social
ES,CARIACICA,GRAUNA,violencia_social
ES,VILA VELHA,JARDIM MARILANDIA,violencia_social
ES,GUARAPARI,PEROCAO,violencia_social
ES,SANTA MARIA DE JETIBA,SAO LUIS,violencia_social
ES,CARIACICA,PORTO BELO,violencia_social
ES,CARIACICA,ROSA DA PENHA,violencia_social
ES,MARILANDIA,ZONA RURAL,violencia_social
ES,ANCHIETA,ZONA RURAL,violencia_social
ES,JAGUARE,VARGEM GRANDE,violencia_social
ES,VILA VELHA,PRAIA DAS GAIVOTAS,violencia_social
ES,VENDA NOVA DO IMIGRANTE,ZONA RURAL,violencia_social
ES,IBITIRAMA,ZONA RURAL,violencia_social
ES,GUARAPARI,SANTA MONICA,violencia_social
ES,VILA VELHA,RESIDENCIAL JABAETE,violencia_social
ES,PINHEIROS,VILA NOVA,violencia_social
ES,VIANA,IPANEMA,violencia_social
ES,CARIACICA,SANTA LUZIA,violencia_social
ES,CONCEICAO DA BARRA,SAO JORGE,violencia_social
ES,VILA VELHA,BOA VISTA I,violencia_social
ES,MONTANHA,ZONA RURAL,violencia_social
ES,IRUPI,ZONA RURAL,violencia_social
ES,VARGEM ALTA,CENTRO,violencia_social
ES,ITAPEMIRIM,ITAIPAVA,objetos
ES,CARIACICA,NOVO BRASIL,objetos
ES,ITAPEMIRIM,CENTRO,objetos
ES,VITORIA,SANTA LUCIA,objetos
ES,GUARAPARI,NOVA GUARAPARI,objetos
ES,SERRA,PARQUE JACARAIPE,objetos
ES,SERRA,PARQUE RESIDENCIAL LARANJEIRAS,objetos
ES,SERRA,CARAPINA,objetos
ES,PIUMA,CENTRO,objetos
ES,VILA VELHA,ALECRIM,objetos
ES,SERRA,PRAIA DA BALEIA,objetos
ES,SAO GABRIEL DA PALHA,ZONA RURAL,objetos
ES,VILA VELHA,SANTOS DUMONT,objetos
ES,VILA VELHA,ITAPOA,objetos
ES,GOVERNADOR LINDENBERG,MORADA DO SOL,objetos
ES,SAO DOMINGOS DO NORTE,ZONA RURAL,objetos
ES,CARIACICA,RIO MARINHO,objetos
ES,DOMINGOS MARTINS,USINA,objetos
ES,SERRA,MANGUINHOS,objetos
ES,CONCEICAO DA BARRA,CENTRO,objetos
ES,SAO ROQUE DO CANAA,CENTRO,objetos
ES,ALFREDO CHAVES,IMIGRANTE,objetos
ES,VITORIA,MARIA ORTIZ,objetos
ES,BARRA DE SAO FRANCISCO,JABUTICABA,objetos
ES,VILA VELHA,ARACAS,objetos
ES,CASTELO,GARAGE,objetos
ES,VILA VELHA,PRAIA DA COSTA,objetos
ES,ANCHIETA,OUTRO LOCAL,objetos
ES,GUACUI,CENTRO,objetos
ES,ARACRUZ,BARRA DO SAHY,objetos
ES,PIUMA,JARDIM MAILY,objetos
ES,VILA VELHA,PRAIA DE ITAPARICA,objetos
ES,NOVA VENECIA,CEDROLANDIA,objetos
ES,GUARAPARI,SANTA MONICA,objetos
ES,SERRA,TAQUARA II,objetos
ES,PIUMA,PRAIA DE ACAIACA,objetos
ES,SERRA,CAMPINHO DA SERRA I,objetos
ES,VITORIA,SAO PEDRO,objetos
ES,VILA VELHA,ATAIDE,objetos
ES,SERRA,FEU ROSA,objetos
ES,SERRA,CASCATA,objetos
ES,VILA VELHA,DIVINO ESPIRITO SANTO,objetos
ES,IRUPI,BURRO FROUXO,objetos
ES,VILA VELHA,NOVA PONTA DA FRUTA,objetos
ES,VITORIA,JARDIM CAMBURI,objetos
ES,SAO MATEUS,GURIRI,objetos
ES,SERRA,CASTELANDIA,objetos
ES,VILA VELHA,ALVORADA,objetos
ES,VITORIA,JARDIM DA PENHA,objetos
ES,ALEGRE,MORRO DO QUEROSENE,objetos
ES,VITORIA,VILA RUBIM,objetos
ES,VILA VELHA,SANTA RITA,objetos
ES,SERRA,CENTRO DA SERRA,objetos
ES,GUARAPARI,PRAIA DO MORRO,objetos
ES,SAO MATEUS,OUTRO LOCAL,objetos
ES,CACHOEIRO DE ITAPEMIRIM,PARAISO,objetos
ES,VILA VELHA,ILHA DAS FLORES,objetos
ES,LINHARES,RIO QUARTEL,objetos
ES,VILA VELHA,GLORIA,objetos
ES,CARIACICA,VILA INDEPENDENCIA,objetos
ES,SERRA,BALNEARIO DE CARAPEBUS,objetos
ES,COLATINA,SANTA MONICA,objetos
ES,GUARAPARI,CENTRO,objetos
ES,SERRA,PORTO CANOA,objetos
ES,CACHOEIRO DE ITAPEMIRIM,VILA RICA,objetos
ES,GUARAPARI,SAO JOAO,objetos
ES,VILA VELHA,CENTRO VILA VELHA,objetos
ES,SERRA,SAO MARCOS I,objetos
ES,GUARAPARI,MUQUICABA,objetos
ES,VILA VELHA,JABURUNA,objetos
ES,BOA ESPERANCA,ZONA RURAL,objetos
ES,LINHARES,PONTAL DO IPIRANGA,objetos
ES,VILA VELHA,COCAL,objetos
ES,IUNA,CENTRO,objetos
ES,CONCEICAO DA BARRA,ZONA RURAL,objetos
ES,VITORIA,SAO CRISTOVAO,objetos
ES,LINHARES,ZONA RURAL,objetos
ES,CARIACICA,ITACIBA,objetos
ES,VILA VELHA,COQUEIRAL DE ITAPARICA,objetos
ES,GUARAPARI,LAGOA FUNDA,objetos
ES,VITORIA,CENTRO,objetos
ES,NOVA VENECIA,CENTRAL,objetos
ES,SERRA,JARDIM LIMOEIRO,objetos
ES,IBATIBA,CENTRO,objetos
ES,CARIACICA,FLEXAL II,objetos
ES,ARACRUZ,CENTRO,objetos
ES,VILA VELHA,SANTA MONICA,objetos
ES,SERRA,PLANALTO DE CARAPINA,objetos
ES,CARIACICA,NOVA ROSA DA PENHA,objetos
ES,GUARAPARI,JARDIM BOA VISTA,objetos
ES,CARIACICA,SAO JOAO BATISTA,objetos
ES,VILA VELHA,RESIDENCIAL COQUEIRAL,objetos
ES,VILA VELHA,SOTECO,objetos
ES,CACHOEIRO DE ITAPEMIRIM,LUIZ TINOCO FONSECA,objetos
ES,VITORIA,BENTO FERREIRA,objetos
ES,SERRA,CIVIT II,objetos
ES,CARIACICA,BANDEIRANTES,objetos
ES,VITORIA,ENSEADA DO SUA,objetos
ES,VILA VELHA,COBILANDIA,objetos
ES,CARIACICA,MUCURI,objetos
ES,CARIACICA,VILA MERLO,objetos
ES,CARIACICA,ALTO DA BOA VISTA,objetos
ES,VILA VELHA,NOVA ITAPARICA,objetos
ES,PEDRO CANARIO,CENTRO,objetos
ES,SERRA,NOVO HORIZONTE,objetos
ES,CARIACICA,ALTO LAGE,objetos
ES,SAO MATEUS,LITORANEO,objetos
ES,CONCEICAO DA BARRA,NOSSA SENHORA APARECIDA,objetos
ES,SAO MATEUS,FATIMA,objetos
ES,LINHARES,CENTRO,objetos
ES,SAO MATEUS,ZONA RURAL,objetos
ES,COLATINA,OPERARIO,objetos
ES,CARIACICA,CAMPO BELO,objetos
ES,CARIACICA,CRUZEIRO DO SUL,objetos
ES,SERRA,JARDIM ATLANTICO,objetos
ES,CARIACICA,SANTA CECILIA,objetos
ES,SERRA,OUTRO LOCAL,objetos
ES,CARIACICA,JARDIM BOTANICO,objetos
ES,CARIACICA,ITANGUA,objetos
ES,IUNA,VILA NOVA,objetos
ES,VITORIA,JUCUTUQUARA,objetos
ES,LINHARES,TRES BARRAS,objetos
ES,CARIACICA,JARDIM AMERICA,objetos
ES,CARIACICA,PARQUE GRAMADO,objetos
ES,VIANA,CENTRO,objetos
ES,GUARAPARI,PORTO GRANDE,objetos
ES,SERRA,BAIRRO DAS LARANJEIRAS,objetos
ES,SERRA,PARQUE SANTA FE,objetos
ES,CARIACICA,APARECIDA,objetos
ES,SERRA,CENTRAL CARAPINA,objetos
ES,GUARAPARI,PORTAL CLUB,objetos
ES,VILA VELHA,SAO TORQUATO,objetos
ES,LINHARES,CANIVETE,objetos
ES,GUARAPARI,IGUAPE,objetos
ES,SERRA,PORTAL DE JACARAIPE,objetos
ES,COLATINA,MARIA ISMENIA,objetos
ES,CARIACICA,SANTA BARBARA,objetos
ES,VITORIA,CONSOLACAO,objetos
ES,SAO GABRIEL DA PALHA,GLORIA,objetos
ES,CARIACICA,MORADA DE SANTA FE,objetos
ES,CARIACICA,GRAUNA,objetos
ES,CARIACICA,DOM BOSCO,objetos
ES,VITORIA,ILHA DE SANTA MARIA,objetos
ES,RIO NOVO DO SUL,CENTRO,objetos
ES,SAO MATEUS,SANTO ANTONIO,objetos
ES,SERRA,JARDIM CARAPINA,objetos
ES,SERRA,SAO DIOGO II,objetos
ES,VITORIA,PRAIA DO CANTO,objetos
ES,CARIACICA,MARACANA,objetos
ES,CARIACICA,CASTELO BRANCO,objetos
ES,VILA VELHA,MORADA DA BARRA,objetos
ES,CACHOEIRO DE ITAPEMIRIM,CAICARA,objetos
ES,VILA VELHA,SANTA INES,objetos
ES,VITORIA,PRAIA DO SUA,objetos
ES,ICONHA,JARDIM JANDYRA,objetos
ES,VILA VELHA,NOVO MEXICO,objetos
ES,SERRA,LAGOA DE JACARAIPE,objetos
ES,VILA VALERIO,BOA VISTA,objetos
ES,VILA VELHA,IBES,objetos
ES,LINHARES,AVISO,objetos
ES,LINHARES,NOVA ESPERANCA,objetos
ES,VENDA NOVA DO IMIGRANTE,VILA BETANEA,objetos
ES,VILA VELHA,CRISTOVAO COLOMBO,objetos
ES,VITORIA,NOVA PALESTINA,objetos
ES,DOMINGOS MARTINS,ALTO RIO PONTES,objetos
ES,SAO GABRIEL DA PALHA,SAO JOSE,objetos
ES,ALEGRE,CENTRO,objetos
ES,MARATAIZES,OUTRO LOCAL,objetos
ES,VIANA,VILA BETHANIA,objetos
ES,SERRA,JARDIM TROPICAL,objetos
ES,VITORIA,RESISTENCIA,objetos
ES,PRESIDENTE KENNEDY,MAROBA,objetos
ES,VITORIA,ANDORINHAS,objetos
ES,VITORIA,REPUBLICA,objetos
ES,GUARAPARI,BALNEARIO MEAIPE,objetos
ES,CARIACICA,CAMPO GRANDE,objetos
ES,GUACUI,BAIRRO DO NORTE,objetos
ES,SERRA,ANDRE CARLONI,objetos
ES,MONTANHA,ANGELA DEPOLLO,objetos
ES,JAGUARE,CENTRO,objetos
ES,MARILANDIA,ZONA RURAL,objetos
ES,LINHARES,MOVELAR,objetos
ES,SERRA,ROSARIO DE FATIMA,objetos
ES,COLATINA,CENTRO,objetos
ES,SAO GABRIEL DA PALHA,JARDIM VITORIA,objetos
ES,DOMINGOS MARTINS,SAO BENTO,objetos
ES,LINHARES,SAO JOSE,objetos
ES,MUQUI,ENTRE MORROS,objetos
ES,SANTA MARIA DE JETIBA,CENTRO,objetos
ES,SERRA,BOA VISTA II,objetos
ES,CARIACICA,VALE DOS REIS,objetos
ES,MANTENOPOLIS,SAO JOSE DE MANTENOPOLIS,objetos
ES,SAO MATEUS,SERNAMBY,objetos
ES,VIANA,GUARITAS,objetos
ES,SERRA,NOSSA SENHORA DA CONCEICAO,objetos
ES,VITORIA,PARQUE MOSCOSO,objetos
ES,MUNIZ FREIRE,ASSUNCAO,objetos
ES,CARIACICA,PORTO DE SANTANA,objetos
ES,MARECHAL FLORIANO,SANTA RITA,objetos
ES,VILA VELHA,VILA BATISTA,objetos
ES,SERRA,CARAPINA I,objetos
ES,VILA VELHA,VILA GARRIDO,objetos
ES,VILA VELHA,ILHA DOS AYRES,objetos
ES,VILA VELHA,TERRA VERMELHA,objetos
ES,CARIACICA,RIO BRANCO,objetos
ES,SAO MATEUS,CENTRO,objetos
ES,CARIACICA,ORIENTE,objetos
ES,VITORIA,JOANA DARC,objetos
ES,VITORIA,ESTRELINHA,objetos
ES,VILA VELHA,ZUMBI DOS PALMARES,objetos
ES,SERRA,ESTANCIA MONAZITICA,objetos
ES,VIANA,SAO PAULO DE CIMA,objetos
ES,SERRA,COLINA DE LARANJEIRAS,objetos
ES,VITORIA,FORTE SAO JOAO,objetos
ES,CACHOEIRO DE ITAPEMIRIM,CENTRO,objetos
ES,ARACRUZ,SANTA CRUZ,objetos
ES,SERRA,CARAPINA GRANDE,objetos
ES,CASTELO,INDEPENDENCIA,objetos
ES,SERRA,ELDORADO,objetos
ES,VITORIA,MARUIPE,objetos
ES,GUARAPARI,FATIMA CIDADE JARDIM,objetos
ES,SERRA,PARQUE RESIDENCIAL MESTRE ALVARO,objetos
ES,VILA VELHA,JOCKEY DE ITAPARICA,objetos
ES,VITORIA,SANTO ANTONIO,objetos
ES,MIMOSO DO SUL,PONTE DE ITABAPOANA,objetos
ES,VITORIA,MARIO CYPRESTE,objetos
ES,LINHARES,SHELL,objetos
ES,SERRA,BAIRRO DE FATIMA,objetos
ES,MARATAIZES,BREJO DOS PATOS,objetos
ES,ITAGUACU,CENTRO,objetos
ES,PIUMA,OUTRO LOCAL,objetos
ES,BOM JESUS DO NORTE,LOTEAMENTO SILVANA,objetos
ES,ANCHIETA,PONTA DOS CASTELHANOS,objetos
ES,JAGUARE,SAO ROQUE,objetos
ES,VITORIA,MATA DA PRAIA,objetos
ES,SERRA,CIVIT I,objetos
ES,CARIACICA,SAO CONRADO,objetos
ES,RIO BANANAL,ZONA RURAL,objetos
ES,IBATIBA,CRICIUMA,objetos
ES,CACHOEIRO DE ITAPEMIRIM,ABELARDO MACHADO,objetos
ES,SOORETAMA,CENTRO,objetos
ES,SERRA,LARANJEIRAS VELHA,objetos
ES,SOORETAMA,SALVADOR,objetos
ES,MARATAIZES,BARRA DE ITAPEMIRIM,objetos
ES,COLATINA,CARLOS GERMANO NAUMANN,objetos
ES,SAO MATEUS,VILA NOVA,objetos
ES,AFONSO CLAUDIO,PONTOES,objetos
ES,MARECHAL FLORIANO,RIO FUNDO,objetos
ES,CARIACICA,VILA CAJUEIRO,objetos
ES,NOVA VENECIA,OUTRO LOCAL,objetos
ES,VILA VELHA,RIO MARINHO,objetos
ES,ANCHIETA,IRIRI,objetos
ES,JOAO NEIVA,SANTA LUZIA,objetos
ES,FUNDAO,RIO PRETO,objetos
ES,VITORIA,GOIABEIRAS,objetos
ES,CACHOEIRO DE ITAPEMIRIM,GILBERTO MACHADO,objetos
ES,VITORIA,SANTA LUIZA,objetos
ES,VILA VELHA,ARIBIRI,objetos
ES,VILA VELHA,PAUL,objetos
ES,VILA VELHA,ARGOLAS,objetos
ES,LINHARES,JOSE RODRIGUES MACIEL,objetos
ES,VITORIA,ITARARE,objetos
ES,VILA VELHA,PLANALTO,objetos
ES,CARIACICA,VERA CRUZ,objetos
ES,NOVA VENECIA,ZONA RURAL,objetos
ES,SAO GABRIEL DA PALHA,PARAISO,objetos
ES,COLATINA,FRANCISCO SIMONASSI,objetos
ES,SAO GABRIEL DA PALHA,CENTRO,objetos
ES,ARACRUZ,JACUPEMBA,objetos
ES,FUNDAO,PRAIA GRANDE,objetos
ES,VILA VELHA,ULISSES GUIMARAES,objetos
ES,LINHARES,NOVO HORIZONTE,objetos
ES,CARIACICA,SOTELANDIA,objetos
ES,GUARAPARI,AEROPORTO,objetos
ES,VILA VELHA,BARRAMARES,objetos
ES,VILA VELHA,PRAIA DAS GAIVOTAS,objetos
ES,SAO MATEUS,BOA VISTA,objetos
ES,CARIACICA,VILA CAPIXABA,objetos
ES,VITORIA,ILHA DAS CAIEIRAS,objetos
ES,SERRA,SAO DIOGO I,objetos
ES,CARIACICA,VISTA MAR,objetos
ES,NOVA VENECIA,CENTRO,objetos
ES,VITORIA,BELA VISTA,objetos
ES,VILA VELHA,RIVIERA DA BARRA,objetos
ES,CASTELO,ARACUI,objetos
ES,CARIACICA,BOA SORTE,objetos
ES,VIANA,MARCILIO DE NORONHA,objetos
ES,SERRA,CIDADE CONTINENTAL,objetos
ES,GUARAPARI,OUTRO LOCAL,objetos
ES,VILA VELHA,BARRA DO JUCU,objetos
ES,SERRA,PRAIA DE CAPUBA,objetos
ES,ALFREDO CHAVES,OUTRO LOCAL,objetos
ES,COLATINA,SAO SILVANO,objetos
ES,VILA VELHA,GUARANHUNS,objetos
ES,LINHARES,SAO RAFAEL,objetos
ES,SERRA,PARQUE RESIDENCIAL TUBARAO,objetos
ES,COLATINA,AYRTON SENNA,objetos
ES,LINHARES,ARACA,objetos
ES,BAIXO GUANDU,SAO VICENTE,objetos
ES,VIANA,UNIVERSAL,objetos
ES,SERRA,NOVA CARAPINA I,objetos
ES,SERRA,NOVA ALMEIDA CENTRO,objetos
ES,CONCEICAO DA BARRA,VILA DOS PESCADORES,objetos
ES,ARACRUZ,COQUEIRAL,objetos
ES,SERRA,POLO INSDUSTRIAL TUBARAO,objetos
ES,CARIACICA,SAO FRANCISCO,objetos
ES,CARIACICA,NOVA BRASILIA,objetos
ES,SERRA,CONJUNTO JACARAIPE,objetos
ES,CARIACICA,EXPEDITO,objetos
ES,COLATINA,VICENTE SOELA,objetos
ES,SERRA,SERRA CENTRO,objetos
ES,CARIACICA,ITAQUARI,objetos
ES,CARIACICA,VILA PRUDENCIO,objetos
ES,SERRA,EURICO SALLES,objetos
ES,VILA VELHA,ILHA DOS BENTOS,objetos
ES,MONTANHA,OUTRO LOCAL,objetos
ES,SERRA,PLANALTO SERRANO,objetos
ES,VIANA,PRIMAVERA,objetos
ES,GUARAPARI,LAMEIRAO,objetos
ES,ANCHIETA,CENTRO,objetos
ES,JOAO NEIVA,DEMETRIO RIBEIRO,objetos
ES,SERRA,MORADA DE LARANJEIRAS,objetos
ES,SERRA,NOVA ZELANDIA,objetos
ES,SERRA,BICANGA,objetos
ES,CARIACICA,SANTO ANDRE,objetos
ES,GUARAPARI,VARZEA NOVA,objetos
ES,COLATINA,PONTE DO PANCAS,objetos
ES,ARACRUZ,GUANABARA,objetos
ES,CARIACICA,PORTO NOVO,objetos
ES,VILA VELHA,NOSSA SENHORA DA PENHA,objetos
ES,SERRA,COSTA DOURADA,objetos
ES,MUQUI,SAO DOMINGOS,objetos
ES,CONCEICAO DA BARRA,OUTRO LOCAL,objetos
ES,LINHARES,BOA VISTA,objetos
ES,SAO DOMINGOS DO NORTE,CENTRO,objetos
ES,MARATAIZES,CIDADE NOVA,objetos
ES,CARIACICA,VISTA DOURADA,objetos
ES,CARIACICA,PORTO DE CARIACICA,objetos
ES,GUARAPARI,TRES PRAIAS,objetos
ES,LINHARES,PALMITAL,objetos
ES,ITAPEMIRIM,BOM SERA,objetos
ES,CARIACICA,JARDIM CAMPO GRANDE,objetos
ES,LINHARES,INTERLAGOS,objetos
ES,SERRA,JACUHY,objetos
ES,SAO JOSE DO CALCADO,CENTRO,objetos
ES,VILA VELHA,JARDIM MARILANDIA,objetos
ES,CARIACICA,SANTANA,objetos
ES,SERRA,VALPARAISO,objetos
ES,VILA VELHA,RESIDENCIAL JABAETE,objetos
ES,VILA VELHA,JOAO GOULART,objetos
ES,VITORIA,ILHA DO PRINCIPE,objetos
ES,MARATAIZES,ILMENITA,objetos
ES,PANCAS,VILA NOVA,objetos
ES,BAIXO GUANDU,ZONA RURAL,objetos
ES,SAO GABRIEL DA PALHA,GUSTAVO BOONE,objetos
ES,BAIXO GUANDU,SANTA MONICA,objetos
ES,SERRA,SERRA DOURADA I,objetos
ES,SERRA,CIDADE POMAR,objetos
ES,SERRA,VISTA DA SERRA I,objetos
ES,SERRA,SAO PATRICIO,objetos
ES,VITORIA,AEROPORTO,objetos
ES,SERRA,SERRA DOURADA II,objetos
ES,ITAPEMIRIM,OUTRO LOCAL,objetos
ES,IUNA,QUILOMBO,objetos
ES,CONCEICAO DO CASTELO,NICOLAU DE VARGAS E SILVA,objetos
ES,VILA VELHA,NORMILIA DA CUNHA,objetos
ES,VENDA NOVA DO IMIGRANTE,OUTRO LOCAL,objetos
ES,CONCEICAO DA BARRA,BRACO DO RIO,objetos
ES,LINHARES,DESENGANO,objetos
ES,SERRA,SANTA LUZIA,objetos
ES,SERRA,CAMPINHO DA SERRA II,objetos
ES,COLATINA,NOVO HORIZONTE,objetos
ES,ARACRUZ,PRAIA DOS PADRES,objetos
ES,VILA VELHA,BALNEARIO PONTA DA FRUTA,objetos
ES,SERRA,BARRO BRANCO,objetos
ES,VITORIA,CARATOIRA,objetos
ES,FUNDAO,CENTRO,objetos
ES,MIMOSO DO SUL,PRATINHA,objetos
ES,CARIACICA,SAO GERALDO,objetos
ES,VITORIA,SANTOS DUMONT,objetos
ES,GUARAPARI,BELA VISTA,objetos
ES,LINHARES,OUTRO LOCAL,objetos
ES,CARIACICA,OUTRO LOCAL,objetos
ES,VILA VELHA,JARDIM COLORADO,objetos
ES,GUARAPARI,SAO JUDAS TADEU,objetos
ES,VIANA,NOVA BETHANIA,objetos
ES,CARIACICA,CARIACICA SEDE,objetos
ES,COLATINA,SAO MARCOS,objetos
ES,MARILANDIA,CENTRO,objetos
ES,IRUPI,ZONA RURAL,objetos
ES,SERRA,VILA NOVA DE COLARES,objetos
ES,VILA VELHA,OUTRO LOCAL,objetos
ES,CACHOEIRO DE ITAPEMIRIM,BNH,objetos
ES,ITAPEMIRIM,ITAOCA,objetos
ES,CACHOEIRO DE ITAPEMIRIM,SANTA FE DE BAIXO,objetos
ES,ALTO RIO NOVO,ALTO RIO NOVO,objetos
ES,CARIACICA,ALICE COUTINHO,objetos
ES,SERRA,PLANICIE DA SERRA,objetos
ES,SANTA MARIA DE JETIBA,SAO LUIS,objetos
ES,DOMINGOS MARTINS,CENTRO,objetos
ES,GUARAPARI,IPIRANGA,objetos
ES,SERRA,NOVA CARAPINA II,objetos
ES,GUARAPARI,UNA,objetos
ES,CACHOEIRO DE ITAPEMIRIM,AEROPORTO,objetos
ES,VILA VELHA,PONTA DA FRUTA,objetos
ES,CACHOEIRO DE ITAPEMIRIM,DOUTOR GILSON CARONE,objetos
ES,SERRA,BARCELONA,objetos
ES,CACHOEIRO DE ITAPEMIRIM,CENTRAL PARQUE,objetos
ES,SERRA,JOSE DE ANCHIETA II,objetos
ES,CARIACICA,TUCUM,objetos
ES,DOMINGOS MARTINS,PONTO ALTO,objetos
ES,JOAO NEIVA,VILA NOVA DE BAIXO,objetos
ES,SERRA,VISTA DA SERRA II,objetos
ES,GUARAPARI,PALMEIRAS,objetos
ES,CARIACICA,PLANETA,objetos
ES,SERRA,HELIO FERRAZ,objetos
ES,MARATAIZES,BELO HORIZONTE,objetos
ES,MUQUI,SAO PEDRO,objetos
ES,CACHOEIRO DE ITAPEMIRIM,BELA VISTA,objetos
ES,VITORIA,OUTRO LOCAL,objetos
ES,BOM JESUS DO NORTE,SAO JOAO,objetos
ES,VILA VELHA,JARDIM ASTECA,objetos
ES,COLATINA,BELA VISTA,objetos
ES,VITORIA,MONTE BELO,objetos
ES,VILA VELHA,VALE ENCANTADO,objetos
ES,CARIACICA,SAO GERALDO II,objetos
ES,VITORIA,BARRO VERMELHO,objetos
ES,SERRA,SERRA DOURADA III,objetos
ES,CONCEICAO DA BARRA,NOVA ESPERANCA,objetos
ES,MANTENOPOLIS,SANTA LUZIA DE MANTENOPOLIS,objetos
ES,VITORIA,JABOUR,objetos
ES,CARIACICA,ROSA DA PENHA,objetos
ES,CONCEICAO DA BARRA,ANTONIO LOPEZ,objetos
ES,COLATINA,BARBADOS,objetos
ES,MARATAIZES,BELVEDERE,objetos
ES,SERRA,CHACARA PARREIRAL,objetos
ES,VILA VELHA,INTERLAGOS I E II,objetos
ES,VILA VELHA,SANTA CLARA,objetos
ES,ARACRUZ,LIMAO,objetos
ES,SERRA,SAO MARCOS II,objetos
ES,SERRA,OURIMAR,objetos
ES,SERRA,MATA DA SERRA,objetos
ES,VILA VELHA,MORADA DO SOL,objetos
ES,CARIACICA,CAMPO VERDE,objetos
ES,ALEGRE,GUARAREMA,objetos
ES,ANCHIETA,RECANTO DO SOL,objetos
ES,NOVA VENECIA,RUBIA,objetos
ES,ARACRUZ,VILA NOVA,objetos
ES,GUARAPARI,ITAPEBUSSU,objetos
ES,VITORIA,SANTA TEREZA,objetos
ES,CACHOEIRO DE ITAPEMIRIM,WALDIR FURTADO AMORIM,objetos
ES,ARACRUZ,ZONA RURAL,objetos
ES,ANCHIETA,JUSTICA II,objetos
ES,CARIACICA,TABAJARA,objetos
ES,CONCEICAO DA BARRA,COBRAICE,objetos
ES,MIMOSO DO SUL,SERRA,objetos
ES,ARACRUZ,ALDEIA,objetos
ES,SERRA,MANOEL PLAZA,objetos
ES,LINHARES,BNH,objetos
ES,CARIACICA,RETIRO SAUDOSO,objetos
ES,SERRA,PRAIAMAR,objetos
ES,CARIACICA,ALZIRA RAMOS,objetos
ES,VITORIA,BONFIM,objetos
ES,SERRA,SERRAMAR,objetos
ES,PRESIDENTE KENNEDY,CENTRO,objetos
ES,SANTA MARIA DE JETIBA,VILA NOVA,objetos
ES,DOMINGOS MARTINS,VILA VERDE,objetos
ES,CACHOEIRO DE ITAPEMIRIM,BURARAMA,objetos
ES,MUNIZ FREIRE,CENTRO,objetos
ES,SOORETAMA,PATIOBA,objetos
ES,SERRA,BELVEDERE,objetos
ES,APIACA,CENTRO,objetos
ES,COLATINA,LACE,objetos
ES,ITAPEMIRIM,ZONA RURAL,objetos
ES,COLATINA,COLUMBIA,objetos
ES,SERRA,SAO FRANCISCO,objetos
ES,SAO MATEUS,SEAC,objetos
ES,VITORIA,INHANGUETA,objetos
ES,CARIACICA,PORTO ENGENHO,objetos
ES,CARIACICA,ZONA RURAL,objetos
ES,ATILIO VIVACQUA,SUMIDOURO,objetos
ES,MANTENOPOLIS,IPIRANGA,objetos
ES,JOAO NEIVA,CENTRO,objetos
ES,CACHOEIRO DE ITAPEMIRIM,PARQUE DAS LARANJEIRAS,objetos
ES,AFONSO CLAUDIO,CENTRO,objetos
ES,MARATAIZES,ACAPULCO,objetos
ES,ARACRUZ,VILA DO RIACHO,objetos
ES,ITAPEMIRIM,CAMPO ACIMA,objetos
ES,PINHEIROS,SAO JOAO DO SOBRADO,objetos
ES,PINHEIROS,VILA NOVA,objetos
ES,VILA VELHA,OLARIA,objetos
ES,SAO ROQUE DO CANAA,PICADAO DE SAO ROQUE,objetos
ES,COLATINA,HONORIO FRAGA,objetos
ES,VILA VELHA,BRISAMAR,objetos
ES,BARRA DE SAO FRANCISCO,BAIRRO NOVA BARRA,objetos
ES,CACHOEIRO DE ITAPEMIRIM,ZUMBI,objetos
ES,VILA VELHA,BOA VISTA I,objetos
ES,JERONIMO MONTEIRO,CENTRO,objetos
ES,CONCEICAO DA BARRA,URBES,objetos
ES,VILA VELHA,CIDADE DA BARRA,objetos
ES,VILA VELHA,GAROTO,objetos
ES,GUARAPARI,SANTA ROSA,objetos
ES,CACHOEIRO DE ITAPEMIRIM,CORONEL BORGES,objetos
ES,ARACRUZ,COHAB II,objetos
ES,MARATAIZES,CENTRO,objetos
ES,ARACRUZ,BARRA DO RIACHO,objetos
ES,VILA VELHA,DARLY SANTOS,objetos
ES,RIO BANANAL,CENTRO,objetos
ES,LINHARES,JUPARANA,objetos
ES,VENDA NOVA DO IMIGRANTE,CENTRO,objetos
ES,COLATINA,ANTONIO DAMIANI,objetos
ES,GUARAPARI,RECANTO DA SEREIA,objetos
ES,JAGUARE,JIRAU,objetos
ES,LINHARES,PLANALTO,objetos
ES,LINHARES,COLINA,objetos
ES,VILA VELHA,XURY,objetos
ES,CARIACICA,JARDIM DE ALAH,objetos
ES,VIANA,PIAPITANGUI,objetos
ES,CARIACICA,OPERARIO,objetos
ES,VIANA,INDUSTRIAL,objetos
ES,CARIACICA,VASCO DA GAMA,objetos
ES,SANTA LEOPOLDINA,CENTRO,objetos
ES,BARRA DE SAO FRANCISCO,BAIRRO CAMPO NOVO,objetos
ES,SERRA,ENSEADA DE JACARAIPE,objetos
ES,IBIRACU,PENDANGA,objetos
ES,MARECHAL FLORIANO,CENTRO,objetos
ES,MARATAIZES,ZONA RURAL,objetos
ES,VITORIA,ILHA DO BOI,objetos
ES,COLATINA,SAO VICENTE,objetos
ES,FUNDAO,DIRECAO,objetos
ES,LINHARES,RIO DO NORTE,objetos
ES,PIUMA,UNIAO,objetos
ES,VITORIA,JESUS DE NAZARETH,objetos
ES,LINHARES,REGENCIA,objetos
ES,ALEGRE,VILA DO SUL,objetos
ES,VILA VELHA,PRAIA DOS RECIFES,objetos
ES,LINHARES,BEBEDOURO,objetos
ES,VARGEM ALTA,CENTRO,objetos
ES,VIANA,MORADA DE VILA BETHANIA,objetos
ES,CACHOEIRO DE ITAPEMIRIM,AQUIDABAN,objetos
ES,SERRA,SAO LOURENCO,objetos
ES,VITORIA,GRANDE VITORIA,objetos
ES,VITORIA,COMDUSA,objetos
ES,MUQUI,CENTRO,objetos
ES,CACHOEIRO DE ITAPEMIRIM,AMARAL,objetos
ES,ARACRUZ,SAO JOSE,objetos
ES,CARIACICA,VILA PALESTINA,objetos
ES,PIUMA,ITAPUTANGA,objetos
ES,SOORETAMA,OUTRO LOCAL,objetos
ES,VITORIA,SANTA HELENA,objetos
ES,LINHARES,POVOACAO,objetos
ES,RIO NOVO DO SUL,QUARTEIRAO DE SANTANA,objetos
ES,VITORIA,DA PENHA,objetos
ES,ARACRUZ,SEGATO,objetos
ES,CACHOEIRO DE ITAPEMIRIM,RUI PINTO BANDEIRA,objetos
ES,CONCEICAO DO CASTELO,CENTRO,objetos
ES,VIANA,VILA NOVA,objetos
ES,ARACRUZ,OUTRO LOCAL,objetos
ES,BARRA DE SAO FRANCISCO,BAIRRO VILA LANDINHA,objetos
ES,VITORIA,GURIGICA,objetos
ES,VITORIA,DE LOURDES,objetos
ES,PINHEIROS,PINHEIRINHO,objetos
ES,CARIACICA,SANTA PAULA,objetos
ES,CARIACICA,SANTA LUZIA,objetos
ES,COLATINA,COLATINA VELHA,objetos
ES,CARIACICA,ITAPEMIRIM,objetos
ES,CARIACICA,VILA ISABEL,objetos
ES,LINHARES,CONCEICAO,objetos
ES,VITORIA,HORTO,objetos
ES,BARRA DE SAO FRANCISCO,BAIRRO IRMAOS FERNANDES,objetos
ES,ARACRUZ,VILA RICA,objetos
ES,SERRA,RESIDENCIAL VISTA DO MESTRE,objetos
ES,RIO BANANAL,SANTO ANTONIO,objetos
ES,CARIACICA,NOVO HORIZONTE,objetos
ES,GUARAPARI,SOL NASCENTE,objetos
ES,SERRA,TERMINAL INTERMODAL DA SERRA (TIMS),objetos
ES,CARIACICA,BELA AURORA,objetos
ES,SERRA,RESIDENCIAL CENTRO DA SERRA,objetos
ES,ARACRUZ,NOVA CONQUISTA,objetos
ES,ARACRUZ,BELA VISTA,objetos
ES,VILA VELHA,ILHA DA CONCEICAO,objetos
ES,VILA VELHA,VILA NOVA,objetos
ES,SOORETAMA,PARQUE SAO JORGE,objetos
ES,CARIACICA,NOVA ESPERANCA,objetos
ES,CARIACICA,NOVA CANAA,objetos
ES,CARIACICA,FLEXAL I,objetos
ES,SERRA,JOSE DE ANCHIETA,objetos
ES,COLATINA,NOSSA SENHORA APARECIDA,objetos
ES,SAO GABRIEL DA PALHA,SANTA TEREZINHA,objetos
ES,CACHOEIRO DE ITAPEMIRIM,ALTO MONTE CRISTO,objetos
ES,DOMINGOS MARTINS,PEROBAS,objetos
ES,ARACRUZ,PRAIA FORMOSA,objetos
ES,SAO JOSE DO CALCADO,DIVINEIA,objetos
ES,SAO MATEUS,AVIACAO,objetos
ES,VILA VELHA,JARDIM DO VALE,objetos
ES,GUARAPARI,NOSSA SENHORA DA CONCEICAO,objetos
ES,MONTANHA,LAJEDO,objetos
ES,VILA VELHA,JARDIM GUARANHUNS,objetos
ES,SAO MATEUS,MORADA DO RIBEIRAO,objetos
ES,VILA VELHA,VINTE E TRES DE MAIO,objetos
ES,CACHOEIRO DE ITAPEMIRIM,GUANDU,objetos
ES,SANTA MARIA DE JETIBA,BELEM,objetos
ES,SERRA,MARINGA,objetos
ES,VIANA,CANAA,objetos
ES,VENDA NOVA DO IMIGRANTE,BICUIBA,objetos
ES,MIMOSO DO SUL,MONTE CRISTO,objetos
ES,ARACRUZ,SAO MARCOS,objetos
ES,CARIACICA,PADRE GABRIEL,objetos
ES,CACHOEIRO DE ITAPEMIRIM,SOTURNO,objetos
ES,GUACUI,TANCREDO NEVES,objetos
ES,CARIACICA,NOVA CAMPO GRANDE,objetos
ES,MIMOSO DO SUL,FUNIL,objetos
ES,VILA PAVAO,CENTRO,objetos
ES,CACHOEIRO DE ITAPEMIRIM,SUMARE,objetos
ES,CACHOEIRO DE ITAPEMIRIM,VALAO,objetos
ES,GUACUI,SAO MIGUEL,objetos
ES,GUARAPARI,CAMURUGI,objetos
ES,CARIACICA,BUBU,objetos
ES,CARIACICA,SOTEMA,objetos
ES,MIMOSO DO SUL,CENTRO,objetos
ES,BOM JESUS DO NORTE,CENTRO,objetos
ES,CACHOEIRO DE ITAPEMIRIM,FERROVIARIOS,objetos
ES,PEDRO CANARIO,ZONA RURAL,objetos
ES,CARIACICA,NOVA VALVERDE,objetos
ES,GUACUI,ZONA RURAL,objetos
ES,CARIACICA,ANTONIO FERREIRA BORGES,objetos
ES,MARATAIZES,LAGOA FUNDA,objetos
ES,VITORIA,TABUAZEIRO,objetos
ES,BARRA DE SAO FRANCISCO,BAIRRO COLINA,objetos
ES,SERRA,ALTEROSAS,objetos
ES,SERRA,RESIDENCIAL JACARAIPE,objetos
ES,FUNDAO,MIRANTE DA PRAIA,objetos
ES,ARACRUZ,SANTA LUZIA,objetos
ES,SAO MATEUS,PEDRA DAGUA,objetos
ES,GOVERNADOR LINDENBERG,MORELLI,objetos
ES,CARIACICA,VALE ESPERANCA,objetos
ES,CACHOEIRO DE ITAPEMIRIM,RECANTO,objetos
ES,LINHARES,JARDIM LAGUNA,objetos
ES,SAO MATEUS,BOM SUCESSO,objetos
ES,VILA VELHA,SANTA MONICA POPULAR,objetos
ES,GUACUI,OUTRO LOCAL,objetos
ES,DOMINGOS MARTINS,OUTRO LOCAL,objetos
ES,VILA VALERIO,ZONA RURAL,objetos
ES,COLATINA,PERPETUO SOCORRO,objetos
ES,SERRA,PARQUE DAS GAIVOTAS,objetos
ES,SANTA LEOPOLDINA,RIO DO MEIO,objetos
ES,SERRA,SAO PEDRO,objetos
ES,MONTANHA,VINHATICO,objetos
ES,PANCAS,CENTRO,objetos
ES,MARECHAL FLORIANO,BATATAL,objetos
ES,PINHEIROS,ZONA RURAL,objetos
ES,CACHOEIRO DE ITAPEMIRIM,ALTO NOVO PARQUE,objetos
ES,BARRA DE SAO FRANCISCO,BAIRRO VILA VICENTE,objetos
ES,MONTANHA,CENTRO,objetos
ES,NOVA VENECIA,AEROPORTO,objetos
ES,BAIXO GUANDU,CENTRO,objetos
ES,CARIACICA,CANGAIBA,objetos
ES,GUARAPARI,COROADO,objetos
ES,SERRA,CHAPADA GRANDE,objetos
ES,CASTELO,ESPLANADA,objetos
ES,CACHOEIRO DE ITAPEMIRIM,SAO JOAQUIM,objetos
ES,CARIACICA,CACAROCA,objetos
ES,JAGUARE,NOVO TEMPO,objetos
ES,SERRA,JARDIM BELA VISTA,objetos
ES,PIUMA,CEU AZUL,objetos
ES,PANCAS,NILTON SA,objetos
ES,CONCEICAO DA BARRA,QUILOMBO NOVO,objetos
ES,AGUIA BRANCA,OUTRO LOCAL,objetos
ES,GUARAPARI,JABARAI,objetos
ES,COLATINA,BENJAMIM CARLOS DO SANTOS,objetos
ES,GUARAPARI,SETIBA,objetos
ES,BAIXO GUANDU,OUTRO LOCAL,objetos
ES,CONCEICAO DO CASTELO,SANTA LUZIA,objetos
ES,MARILANDIA,VILA REAL,objetos
ES,BARRA DE SAO FRANCISCO,CENTRO,objetos
ES,CACHOEIRO DE ITAPEMIRIM,BASILEIA,objetos
ES,SERRA,TAQUARA I,objetos
ES,CACHOEIRO DE ITAPEMIRIM,CONDURU,objetos
ES,ARACRUZ,FATIMA,objetos
ES,ALEGRE,CELINA,objetos
ES,ARACRUZ,COHAB,objetos
ES,JAGUARE,LAQUINI,objetos
ES,SAO MATEUS,NOVO HORIZONTE,objetos
ES,SERRA,CACAROCA,objetos
ES,ITAPEMIRIM,JOACIMA,objetos
ES,VENDA NOVA DO IMIGRANTE,MARMIN,objetos
ES,CONCEICAO DA BARRA,FLORESTA,objetos
ES,LINHARES,LAGOA DO MEIO,objetos
ES,SERRA,CANTINHO DO CEU,objetos
ES,PINHEIROS,CENTRO,objetos
ES,VIANA,AREINHA,objetos
ES,BARRA DE SAO FRANCISCO,MONTE SENIR,objetos
ES,SAO MATEUS,AYRTON SENNA,objetos
ES,VITORIA,PONTAL DE CAMBURI,objetos
ES,CACHOEIRO DE ITAPEMIRIM,CORAMARA,objetos
ES,ARACRUZ,JEQUITIBA,objetos
ES,PIUMA,PIUMINAS,objetos
ES,MARECHAL FLORIANO,SUIDO DE BAIXO,objetos
ES,CASTELO,NITEROI,objetos
ES,CARIACICA,CAMPINA GRANDE,objetos
ES,BOA ESPERANCA,OUTRO LOCAL,objetos
ES,COLATINA,VILA NOVA,objetos
ES,MARECHAL FLORIANO,ALTO MARECHAL,objetos
ES,SERRA,PALMEIRAS,objetos
ES,CONCEICAO DA BARRA,ITAUNAS,objetos
ES,NOVA VENECIA,SANTA LUZIA,objetos
ES,AGUA DOCE DO NORTE,OUTRO LOCAL,objetos
ES,JOAO NEIVA,CABOCLO BERNARDO,objetos
ES,IBIRACU,ELIAS BRAGATTO,objetos
ES,ITAGUACU,OTTO LUIZ HOFFMAN,objetos
ES,SERRA,BOA VISTA I,objetos
ES,SERRA,SAO GERALDO,objetos
ES,PIUMA,MONTE AGHA,objetos
ES,CARIACICA,TIRADENTES,objetos
ES,VARGEM ALTA,SAO JOSE DE FRUTEIRA,objetos
ES,CACHOEIRO DE ITAPEMIRIM,CAMPO DA LEOPOLDINA,objetos
ES,VITORIA,FRADINHOS,objetos
ES,ALTO RIO NOVO,OUTRO LOCAL,objetos
ES,VIANA,JUCU,objetos
ES,COLATINA,ESPLANADA,objetos
ES,ITAPEMIRIM,PIABANHA DO NORTE,objetos
ES,VILA VELHA,BOA VISTA II,objetos
ES,BOA ESPERANCA,CENTRO,objetos
ES,MANTENOPOLIS,CENTRO,objetos
ES,SANTA TERESA,CALDEIRAO,objetos
ES,JOAO NEIVA,PIRAQUEACU,objetos
ES,VARGEM ALTA,VARGEM GRANDE,objetos
ES,VITORIA,CONQUISTA,objetos
ES,JOAO NEIVA,OUTRO LOCAL,objetos
ES,CACHOEIRO DE ITAPEMIRIM,SAO GERALDO,objetos
ES,GUARAPARI,PEROCAO,objetos
ES,MARATAIZES,LAGOA DANTAS,objetos
ES,RIO BANANAL,SAO SEBASTIAO,objetos
ES,MARATAIZES,NOVA MARATAIZES,objetos
ES,SANTA MARIA DE JETIBA,VILA JETIBA,objetos
ES,MIMOSO DO SUL,SANTA MARTA,objetos
ES,COLATINA,MORADA DO SOL,objetos
ES,LINHARES,SANTA CRUZ,objetos
ES,VILA VELHA,JARDIM GUADALAJARA,objetos
ES,ITARANA,BARRA DO JATIBOCA,objetos
ES,LINHARES,NOSSA SENHORA DA CONCEICAO,objetos
ES,IBIRACU,SAO BENEDITO,objetos
ES,SAO MATEUS,JAQUELINE,objetos
ES,SANTA LEOPOLDINA,MANGARAI,objetos
ES,ANCHIETA,GOEMBE,objetos
ES,BAIXO GUANDU,ALTO MUTUM PRETO,objetos
ES,ARACRUZ,SAO CAMILO,objetos
ES,VILA VELHA,PONTAL DAS GARCAS,objetos
ES,COLATINA,ZONA RURAL,objetos
ES,COLATINA,BAUNILHA,objetos
ES,JAGUARE,ZONA RURAL,objetos
ES,VIANA,CAMPO VERDE,objetos
ES,VILA VELHA,CHACARA DO CONDE,objetos
ES,ALFREDO CHAVES,CENTRO,objetos
ES,PANCAS,ZONA RURAL,objetos
ES,MARILANDIA,PATRAO-MOR,objetos
ES,PIUMA,NITEROI,objetos
ES,CACHOEIRO DE ITAPEMIRIM,INDEPENDENCIA,objetos
ES,VARGEM ALTA,SANTANA,objetos
ES,VITORIA,SANTO ANDRE,objetos
ES,VILA PAVAO,ONDINA,objetos
ES,CACHOEIRO DE ITAPEMIRIM,ILHA DA LUZ,objetos
ES,ARACRUZ,DECARLI,objetos
ES,SAO DOMINGOS DO NORTE,SABIA I,objetos
ES,ANCHIETA,JUSTICA,objetos
ES,VARGEM ALTA,PARAISO,objetos
ES,PEDRO CANARIO,BOA VISTA,objetos
ES,VARGEM ALTA,RICHMOND,objetos
ES,CONCEICAO DA BARRA,PINHEIRO,objetos
ES,SAO GABRIEL DA PALHA,FARTURA,objetos
ES,FUNDAO,OZEIAS NETO,objetos
ES,SAO MATEUS,SAO JORGE,objetos
ES,SAO MATEUS,SANTA MARIA,objetos
ES,VILA VELHA,INDUSTRIAL,objetos
ES,SAO MATEUS,NOVA SAO MATEUS,objetos
ES,LARANJA DA TERRA,CENTRO,objetos
ES,PEDRO CANARIO,SAO JOAO BATISTA,objetos
ES,MONTANHA,TRINTA DE MAIO,objetos
ES,VILA VELHA,VISTA DA PENHA,objetos
ES,CACHOEIRO DE ITAPEMIRIM,IBC,objetos
ES,BAIXO GUANDU,MAUA,objetos
ES,VILA VELHA,DOM JOAO BATISTA,objetos
ES,BAIXO GUANDU,VILA KENNEDY,objetos
ES,VITORIA,SANTA MARTHA,objetos
ES,CACHOEIRO DE ITAPEMIRIM,UNIAO,objetos
ES,BARRA DE SAO FRANCISCO,BAIRRO VILA GONCALVES,objetos
ES,AGUIA BRANCA,CORREGO AGUAS CLARAS,objetos
ES,ATILIO VIVACQUA,CENTRO,objetos
ES,ICONHA,ILHA DO COCO,objetos
ES,CACHOEIRO DE ITAPEMIRIM,NOVO PARQUE,objetos
ES,CACHOEIRO DE ITAPEMIRIM,NOVA BRASILIA,objetos
ES,COLATINA,VILA LENIRA,objetos
ES,CACHOEIRO DE ITAPEMIRIM,SAO FRANCISCO DE ASSIS,objetos
ES,SAO MATEUS,LIBERDADE,objetos
ES,GUARAPARI,OLARIA,objetos
ES,VENDA NOVA DO IMIGRANTE,TAPERA,objetos
ES,NOVA VENECIA,BONFIM,objetos
ES,CACHOEIRO DE ITAPEMIRIM,SAO LUCAS,objetos
ES,VILA VELHA,COBI DE CIMA,objetos
ES,JOAO NEIVA,BAIRRO DA PENHA,objetos
ES,RIO NOVO DO SUL,SANTO ANTONIO,objetos
ES,PEDRO CANARIO,NOVO HORIZONTE,objetos
ES,SAO JOSE DO CALCADO,JACA,objetos
ES,SERRA,COSTA BELLA,objetos
ES,SANTA TERESA,VILA NOVA,objetos
ES,BARRA DE SAO FRANCISCO,ZONA RURAL,objetos
ES,IBIRACU,ZONA RURAL,objetos
ES,SERRA,CAMARA,objetos
ES,GUARAPARI,TARTARUGA,objetos
ES,GUARAPARI,SAO GABRIEL,objetos
ES,VITORIA,SANTA CECILIA,objetos
ES,PINHEIROS,RESIDENCIAL PINHEIROS,objetos
ES,SERRA,CIDADE NOVA DA SERRA,objetos
ES,MARILANDIA,SAPUCAIA,objetos
ES,IBITIRAMA,ZONA RURAL,objetos
ES,CARIACICA,SANTO ANTONIO,objetos
ES,VITORIA,NAZARETH,objetos
ES,MARATAIZES,SANTA TEREZA,objetos
ES,NOVA VENECIA,MARGARETH,objetos
ES,NOVA VENECIA,SAO FRANCISCO,objetos
ES,DOMINGOS MARTINS,VILA DE SUIDO,objetos
ES,LINHARES,NOVA BETANIA,objetos
ES,DORES DO RIO PRETO,ZONA RURAL,objetos
ES,ITARANA,BARRA DO LIMEIRO,objetos
ES,VILA VELHA,PEDRA DOS BUZIOS,objetos
ES,NOVA VENECIA,SAO CRISTOVAO,objetos
ES,SERRA,SAO JUDAS TADEU,objetos
ES,COLATINA,MARIA DAS GRACAS,objetos
ES,AFONSO CLAUDIO,EMPOSSADO,objetos
ES,SERRA,PARQUE RESIDENCIAL NOVA ALMEIDA,objetos
ES,VIANA,ARLINDO ANGELO VILLASCHI,objetos
ES,SOORETAMA,CONJUNTO DALVO LOUREIRO,objetos
ES,SAO GABRIEL DA PALHA,SANTA HELENA,objetos
ES,SERRA,PITANGA,objetos
ES,CARIACICA,SAO BENEDITO,objetos
ES,SOORETAMA,ALEGRE,objetos
ES,BAIXO GUANDU,SAO JOSE,objetos
ES,ARACRUZ,SANTA MARTA,objetos
ES,BARRA DE SAO FRANCISCO,BAIRRO BAMBE,objetos
ES,VITORIA,ANTONIO HONORIO,objetos
ES,PINHEIROS,DOMICIANO,objetos
ES,JAGUARE,BARRA SECA,objetos
ES,CACHOEIRO DE ITAPEMIRIM,SANTO ANTONIO,objetos
ES,VIANA,RIBEIRA,objetos
ES,ALEGRE,TRIANGULO,objetos
ES,PRESIDENTE KENNEDY,CRIADOR,objetos
ES,MONTANHA,BRASILIA,objetos
ES,SERRA,JARDIM GUANABARA,objetos
ES,CASTELO,BAIXA ITALIA,objetos
ES,SAO GABRIEL DA PALHA,CORREGO BLEY,objetos
ES,PONTO BELO,MORUMBI,objetos
ES,SAO ROQUE DO CANAA,OUTRO LOCAL,objetos
ES,SAO MATEUS,CORREGO DA AREIA,objetos
ES,VITORIA,DO CABRAL,objetos
ES,SERRA,SANTIAGO,objetos
ES,FUNDAO,OZEIAS,objetos
ES,SAO GABRIEL DA PALHA,SETE DE SETEMBRO,objetos
ES,SANTA MARIA DE JETIBA,VILA ITALIANOS,objetos
ES,FUNDAO,SANTO ANTONIO,objetos
ES,CACHOEIRO DE ITAPEMIRIM,MARIA ORTIZ,objetos
ES,VILA VELHA,SAO CONRADO,objetos
ES,MARECHAL FLORIANO,ZONA RURAL,objetos
ES,VILA VELHA,SANTA PAULA I,objetos
ES,CASTELO,CENTRO,objetos
ES,GUARAPARI,PATURA,objetos
ES,CARIACICA,PROLAR,objetos
ES,LINHARES,FARIAS,objetos
ES,MONTANHA,SAO JUDAS TADEU,objetos
ES,IBIRACU,ERICINA,objetos
ES,VILA VELHA,NOVA AMERICA,objetos
ES,CACHOEIRO DE ITAPEMIRIM,MORRO GRANDE,objetos
ES,ARACRUZ,CACHOEIRA DO RIACHO,objetos
ES,VITORIA,SEGURANCA DO LAR,objetos
ES,CASTELO,VILA BARBOSA,objetos
ES,MUCURICI,OUTRO LOCAL,objetos
ES,ATILIO VIVACQUA,ALTO NITEROI,objetos
ES,VILA VELHA,VILA GUARANHUNS,objetos
ES,BREJETUBA,CENTRO,objetos
ES,IRUPI,SANTA CRUZ,objetos
ES,ARACRUZ,SAUE,objetos
ES,RIO NOVO DO SUL,SAO VICENTE,objetos
ES,MONTANHA,IRMA MARIA ZELIA PRUDENTE,objetos
ES,IRUPI,SANTA CLARA DE CIMA,objetos
ES,VENDA NOVA DO IMIGRANTE,SAO RAFAEL,objetos
ES,VITORIA,ZONA RURAL,objetos
ES,IRUPI,CENTRO,objetos
ES,CARIACICA,SAO GONCALO,objetos
ES,PANCAS,VILA VERDE,objetos
ES,PEDRO CANARIO,OUTRO LOCAL,objetos
ES,MUCURICI,ZONA RURAL,objetos
ES,SAO GABRIEL DA PALHA,BOA VISTA,objetos
ES,LARANJA DA TERRA,ZONA RURAL,objetos
ES,AFONSO CLAUDIO,PIRACEMA,objetos
ES,BAIXO GUANDU,SAPUCAIA,objetos
ES,RIO BANANAL,SAO JORGE DO TIRADENTES,objetos
ES,ANCHIETA,SAO MATEUS,objetos
ES,CASTELO,VOLTA REDONDA,objetos
ES,ITARANA,ZONA RURAL,objetos
ES,ARACRUZ,ITAPUTERA,objetos
ES,LINHARES,MOBRASA,objetos
ES,GUARAPARI,SAO JOSE,objetos
ES,ARACRUZ,SAUACU,objetos
ES,VITORIA,MORADA DE CAMBURI,objetos
ES,CACHOEIRO DE ITAPEMIRIM,MONTE LIBANO,objetos
ES,CASTELO,SANTO ANDREZINHO,objetos
ES,GUACUI,SAO JOSE,objetos
ES,COLATINA,ITAPINA,objetos
ES,MARATAIZES,NOVA CANAA,objetos
ES,CACHOEIRO DE ITAPEMIRIM,MONTE CRISTO,objetos
ES,IBATIBA,SONITER,objetos
ES,ARACRUZ,GUAXINDIBA,objetos
ES,VITORIA,ILHA DO FRADE,objetos
ES,SANTA TERESA,CENTRO,objetos
ES,BAIXO GUANDU,VALPARAISO,objetos
ES,CACHOEIRO DE ITAPEMIRIM,SANTA HELENA,objetos
ES,SERRA,SAO DOMINGOS,objetos
ES,SANTA TERESA,ZONA RURAL,objetos
ES,SAO JOSE DO CALCADO,AIRITUBA,objetos
ES,IBIRACU,OUTRO LOCAL,objetos
ES,ARACRUZ,MOROBA,objetos
ES,ARACRUZ,PLANALTO,objetos
ES,SAO DOMINGOS DO NORTE,CAIXA DAGUA,objetos
ES,MIMOSO DO SUL,SERRANO,objetos
ES,VIANA,OUTRO LOCAL,objetos
ES,DOMINGOS MARTINS,JARDIM CAMPESTRE,objetos
ES,ITAPEMIRIM,ROSA MEIRELES,objetos
ES,AFONSO CLAUDIO,OUTRO LOCAL,objetos
ES,ICONHA,CENTRO,objetos
ES,SAO ROQUE DO CANAA,VILA ESPANHOLA,objetos
ES,SANTA TERESA,PENHA,objetos
ES,GUARAPARI,PORTAL DE GUARAPARI,objetos
ES,MONTANHA,DECAO,objetos
ES,GUARAPARI,ZONA RURAL,objetos
ES,CASTELO,SANTO AGOSTINHO,objetos
ES,CONCEICAO DO CASTELO,PEDRO RIGO,objetos
ES,VILA PAVAO,NOVA MUNIQUE,objetos
ES,MARILANDIA,MONTE SINAI,objetos
ES,VARGEM ALTA,CASTELINHO,objetos
ES,RIO NOVO DO SUL,OUTRO LOCAL,objetos
ES,BOA ESPERANCA,VILA TAVARES,objetos
ES,CARIACICA,PIRANEMA,objetos
ES,NOVA VENECIA,BEIRA RIO,objetos
ES,COLATINA,MARTINELI,objetos
ES,JERONIMO MONTEIRO,BOA ESPERANCA,objetos
ES,PEDRO CANARIO,SANTA RITA,objetos
ES,ALFREDO CHAVES,OURO BRANCO,objetos
ES,VITORIA,BOA VISTA,objetos
ES,ICONHA,OUTRO LOCAL,objetos
ES,SAO MATEUS,NESTOR GOMES,objetos
ES,CONCEICAO DA BARRA,SANTANA,objetos
ES,VIANA,PARQUE INDUSTRIAL,objetos
ES,ATILIO VIVACQUA,NITEROI,objetos
ES,VILA VALERIO,DUAS BARRAS,objetos
ES,CACHOEIRO DE ITAPEMIRIM,SAFRA,objetos
ES,CACHOEIRO DE ITAPEMIRIM,PACOTUBA,objetos
ES,SERRA,REIS MAGOS,objetos
ES,NOVA VENECIA,ALTOE,objetos
ES,LINHARES,VILA IZABEL,objetos
ES,MARECHAL FLORIANO,ARAGUAIA,objetos
ES,IUNA,PITO,objetos
ES,CARIACICA,PRESIDENTE MEDICE,objetos
ES,SAO MATEUS,CARAPINA,objetos
ES,ARACRUZ,AGUA BRANCA,objetos
ES,GUARAPARI,RIO CLARINHO,objetos
ES,CACHOEIRO DE ITAPEMIRIM,AMARELO,objetos
ES,CACHOEIRO DE ITAPEMIRIM,SANTA CECILIA,objetos
ES,VIANA,BOM PASTOR,objetos
ES,VILA VALERIO,SANTA RITA,objetos
ES,PEDRO CANARIO,CAMATA,objetos
ES,SAO GABRIEL DA PALHA,AIMORES,objetos
ES,SAO GABRIEL DA PALHA,VILA COMBONI,objetos
ES,LINHARES,LINHARES V,objetos
ES,BARRA DE SAO FRANCISCO,BAIRRO CRUZEIRO,objetos
ES,SERRA,SOLAR DE ANCHIETA,objetos
ES,SANTA MARIA DE JETIBA,ALTO POSS MOUSER,objetos
ES,SANTA MARIA DE JETIBA,BARRA DO RIO CLARO,objetos
ES,PINHEIROS,CANARIO,objetos
ES,CACHOEIRO DE ITAPEMIRIM,BOA VISTA,objetos
ES,NOVA VENECIA,BELA VISTA,objetos
ES,MIMOSO DO SUL,CONCEICAO DO MUQUI,objetos
ES,VITORIA,REDENCAO,objetos
ES,CACHOEIRO DE ITAPEMIRIM,TIMBO,objetos
ES,CARIACICA,FORMATE,objetos
ES,CACHOEIRO DE ITAPEMIRIM,AGOSTINHO SIMONATO,objetos
ES,ARACRUZ,IRAJA,objetos
ES,GUARAPARI,SANTA MARGARIDA,objetos
ES,SAO GABRIEL DA PALHA,JARDIM DE INFANCIA,objetos
ES,CASTELO,SAO JOSE,objetos
ES,SERRA,BOULEVARD LAGOA,objetos
ES,CACHOEIRO DE ITAPEMIRIM,VILAGE DA LUZ,objetos
ES,BOM JESUS DO NORTE,MORRO DO MACARIO,objetos
ES,DOMINGOS MARTINS,ARACE,objetos
ES,GUACUI,SANTA CECILIA,objetos
ES,SAO MATEUS,AROEIRA,objetos
ES,COLATINA,SAO BRAZ,objetos
ES,CACHOEIRO DE ITAPEMIRIM,OUTRO LOCAL,objetos
ES,SAO GABRIEL DA PALHA,MIRANTE,objetos
ES,VIANA,SOTECO,objetos
ES,ALEGRE,CLERIO MOULIM,objetos
ES,NOVA VENECIA,FILOMENA,objetos
ES,ECOPORANGA,CENTRO,objetos
ES,MARATAIZES,BOA VISTA DO SUL,objetos
ES,CACHOEIRO DE ITAPEMIRIM,MARBRASA,objetos
ES,JERONIMO MONTEIRO,VILA BRITO,objetos
ES,VILA VELHA,SANTA PAULA II,objetos
ES,MARATAIZES,FATIMA,objetos
ES,JAGUARE,FATIMA,objetos
ES,APIACA,BOA VISTA,objetos
ES,PANCAS,LIRIO DOS VALES,objetos
ES,SAO MATEUS,VITORIA,objetos
ES,SERRA,COLINA DA SERRA,objetos
ES,SANTA TERESA,SAO JOAO DE PETROPOLIS,objetos
ES,ANCHIETA,ALVORADA,objetos
ES,VILA VELHA,SAGRADA FAMILIA,objetos
ES,VENDA NOVA DO IMIGRANTE,SAO JOAO DE VICOSA,objetos
ES,ALEGRE,MORRO DO QUEROSENE,patrimonial
ES,MIMOSO DO SUL,PONTE DE ITABAPOANA,patrimonial
ES,ANCHIETA,SAMARCO,patrimonial
ES,ALTO RIO NOVO,SANTA BARBARA II,patrimonial
ES,MUCURICI,PLANALTO,patrimonial
ES,SAO MATEUS,MARIRICU,patrimonial
ES,PEDRO CANARIO,DIVISA,patrimonial
ES,VILA VELHA,ZONA RURAL,patrimonial
ES,CARIACICA,PORTO ENGENHO,patrimonial
ES,PINHEIROS,VILA NOVA,patrimonial
ES,CONCEICAO DA BARRA,URBES,patrimonial
ES,SAO MATEUS,BAMBURRAL,patrimonial
ES,PIUMA,UNIAO,patrimonial
ES,DOMINGOS MARTINS,PEROBAS,patrimonial
ES,SAO JOSE DO CALCADO,DIVINEIA,patrimonial
ES,GOVERNADOR LINDENBERG,MORELLI,patrimonial
ES,AGUA DOCE DO NORTE,BOM JESUS,patrimonial
ES,AGUA DOCE DO NORTE,GARFO,patrimonial
ES,CARIACICA,VILA CAJUEIRO,patrimonial
ES,PINHEIROS,NITEROI,patrimonial
ES,SERRA,SANTIAGO,patrimonial
ES,VIANA,ARACATIBA,patrimonial
ES,JAGUARE,BARRA SECA,patrimonial
ES,SAO DOMINGOS DO NORTE,SIDNEY FORTUNA,patrimonial
ES,VILA VELHA,COQUEIRAL DE ITAPARICA,violencia_social
ES,SAO ROQUE DO CANAA,FRANCISCO TOREZANI,violencia_social
ES,MARATAIZES,CENTRO,violencia_social
ES,BAIXO GUANDU,ROSARIO II,violencia_social
ES,SAO MATEUS,LITORANEO,violencia_social
ES,MARATAIZES,CIDADE NOVA,violencia_social
ES,SAO ROQUE DO CANAA,OUTRO LOCAL,violencia_social
ES,VILA VALERIO,ZONA RURAL,violencia_social
ES,VILA VELHA,ATAIDE,violencia_social
ES,SAO JOSE DO CALCADO,CENTRO,violencia_social
ES,CACHOEIRO DE ITAPEMIRIM,DOUTOR GILSON CARONE,violencia_social
ES,BARRA DE SAO FRANCISCO,JABUTICABA,violencia_social
ES,SERRA,CARAPINA GRANDE,violencia_social
ES,JOAO NEIVA,OUTRO LOCAL,violencia_social
ES,COLATINA,COLATINA VELHA,violencia_social
ES,GUARAPARI,ADALBERTO SIMAO NADER,violencia_social
ES,VENDA NOVA DO IMIGRANTE,OUTRO LOCAL,violencia_social
ES,BAIXO GUANDU,SAO PEDRO,violencia_social
ES,MARECHAL FLORIANO,CENTRO,violencia_social
ES,CARIACICA,PRESIDENTE MEDICE,violencia_social
ES,GUARAPARI,PRAIA DO MORRO,violencia_social
ES,VILA VELHA,ALVORADA,violencia_social
ES,CACHOEIRO DE ITAPEMIRIM,VILAGE DA LUZ,violencia_social
ES,BOA ESPERANCA,NOVA CIDADE,violencia_social
ES,ARACRUZ,JACUPEMBA,violencia_social
ES,MUNIZ FREIRE,CENTRO,violencia_social
ES,VIANA,ARLINDO ANGELO VILLASCHI,violencia_social
ES,SERRA,BARCELONA,violencia_social
ES,SERRA,NOSSA SENHORA DA CONCEICAO,violencia_social
ES,BAIXO GUANDU,OUTRO LOCAL,violencia_social
ES,IUNA,CENTRO,violencia_social
ES,CARIACICA,SANTANA,violencia_social
ES,CACHOEIRO DE ITAPEMIRIM,ZUMBI,violencia_social
ES,VILA VELHA,SOTECO,violencia_social
ES,VITORIA,MARIA ORTIZ,violencia_social
ES,CARIACICA,PORTO NOVO,violencia_social
ES,COLATINA,SAO SILVANO,violencia_social
ES,COLATINA,VICENTE SOELA,violencia_social
ES,ANCHIETA,PRAIA DE GUANABARA,violencia_social
ES,VITORIA,SAO PEDRO,violencia_social
ES,BARRA DE SAO FRANCISCO,ZONA RURAL,violencia_social
ES,ALFREDO CHAVES,IBITIRUI,violencia_social
ES,ANCHIETA,IRIRI,violencia_social
ES,ANCHIETA,OUTRO LOCAL,violencia_social
ES,JAGUARE,ZONA RURAL,violencia_social
ES,SANTA MARIA DE JETIBA,CENTRO,violencia_social
ES,CARIACICA,EXPEDITO,violencia_social
ES,SERRA,MANGUINHOS,violencia_social
ES,BREJETUBA,VARGEM GRANDE,violencia_social
ES,BOM JESUS DO NORTE,LOTEAMENTO GRANDE VITORIA,violencia_social
ES,COLATINA,VILA REAL,violencia_social
ES,COLATINA,FRANCISCO SIMONASSI,violencia_social
ES,PIUMA,UNIAO,violencia_social
ES,SAO MATEUS,SANTO ANTONIO,violencia_social
ES,SERRA,SAO PATRICIO,violencia_social
ES,SERRA,CIDADE CONTINENTAL,violencia_social
ES,SERRA,ANDRE CARLONI,violencia_social
ES,ANCHIETA,CENTRO,violencia_social
ES,DOMINGOS MARTINS,ARACE,violencia_social
ES,VILA VELHA,PRAIA DE ITAPARICA,violencia_social
ES,SERRA,JARDIM TROPICAL,violencia_social
ES,ARACRUZ,VILA NOVA,violencia_social
ES,GUACUI,SAO PEDRO DE RATES,violencia_social
ES,CASTELO,VILA BARBOSA,violencia_social
ES,ITAPEMIRIM,ZONA RURAL,violencia_social
ES,SAO MATEUS,BOM SUCESSO,violencia_social
ES,COLATINA,CARLOS GERMANO NAUMANN,violencia_social
ES,SERRA,TAQUARA II,violencia_social
ES,ARACRUZ,VILA RICA,violencia_social
ES,COLATINA,PADRE JOSE DE ANCHIETA,violencia_social
ES,NOVA VENECIA,OUTRO LOCAL,violencia_social
ES,VITORIA,FORTE SAO JOAO,violencia_social
ES,CARIACICA,ALZIRA RAMOS,violencia_social
ES,CACHOEIRO DE ITAPEMIRIM,NOVO PARQUE,violencia_social
ES,CACHOEIRO DE ITAPEMIRIM,PACOTUBA,violencia_social
ES,SAO GABRIEL DA PALHA,SANTA HELENA,violencia_social
ES,ARACRUZ,LIMAO,violencia_social
ES,FUNDAO,OZEIAS,violencia_social
ES,COLATINA,SANTA TEREZINHA,violencia_social
ES,GUACUI,VALE DO SOL,violencia_social
ES,ALEGRE,MORRO DO QUEROSENE,violencia_social
ES,VARGEM ALTA,OUTRO LOCAL,violencia_social
ES,IBATIBA,NOVO HORIZONTE,violencia_social
ES,ECOPORANGA,IMBURANA,violencia_social
ES,VENDA NOVA DO IMIGRANTE,VILA DA MATA,violencia_social
ES,COLATINA,MARIA DAS GRACAS II,violencia_social
ES,FUNDAO,SAO JOSE,violencia_social
ES,GUACUI,NOVA GUACUI,violencia_social
ES,CACHOEIRO DE ITAPEMIRIM,CENTRO,violencia_social
ES,SAO MATEUS,RIBEIRAO,violencia_social
ES,VITORIA,RESISTENCIA,violencia_social
ES,VITORIA,JARDIM CAMBURI,violencia_social
ES,MARATAIZES,JACARANDA,violencia_social
ES,ANCHIETA,MAIMBA,violencia_social
ES,SERRA,PARQUE DAS GAIVOTAS,violencia_social
ES,CACHOEIRO DE ITAPEMIRIM,ALTO UNIAO,violencia_social
ES,BOM JESUS DO NORTE,LOTEAMENTO SILVANA,violencia_social
ES,MARATAIZES,OUTRO LOCAL,violencia_social
ES,VILA VELHA,MORADA DA BARRA,violencia_social
ES,GUACUI,SANTA CECILIA,violencia_social
ES,SERRA,SAO DIOGO II,violencia_social
ES,ARACRUZ,BARRA DO RIACHO,violencia_social
ES,VITORIA,REPUBLICA,violencia_social
ES,MANTENOPOLIS,OUTRO LOCAL,violencia_social
ES,VITORIA,HORTO,violencia_social
ES,DORES DO RIO PRETO,OUTRO LOCAL,violencia_social
ES,GUARAPARI,PORTAL CLUB,violencia_social
ES,CARIACICA,VISTA LINDA,violencia_social
ES,ITAPEMIRIM,ROSA MEIRELES,violencia_social
ES,GUARAPARI,CENTRO,violencia_social
ES,GUARAPARI,OLARIA,violencia_social
ES,SERRA,PARQUE RESIDENCIAL TUBARAO,violencia_social
ES,COLATINA,ZONA RURAL,violencia_social
ES,AFONSO CLAUDIO,SAO VICENTE,violencia_social
ES,VILA VELHA,SAGRADA FAMILIA,violencia_social
ES,RIO NOVO DO SUL,CENTRO,violencia_social
ES,ALEGRE,CENTRO,violencia_social
ES,SANTA LEOPOLDINA,BARRA DO MANGARAI,violencia_social
ES,SERRA,JARDIM LIMOEIRO,violencia_social
ES,SERRA,CASTELANDIA,violencia_social
ES,SERRA,BAIRRO NOVO,violencia_social
ES,SAO MATEUS,AROEIRA,violencia_social
ES,GUARAPARI,IGUAPE,violencia_social
ES,VILA VELHA,ARIBIRI,violencia_social
ES,BAIXO GUANDU,SAPUCAIA,violencia_social
ES,SAO MATEUS,COHAB,violencia_social
ES,SERRA,NOVA CARAPINA II,violencia_social
ES,AFONSO CLAUDIO,VILA NOVA,violencia_social
ES,SAO MATEUS,CAMPO GRANDE,violencia_social
ES,FUNDAO,RIO PRETO,violencia_social
ES,MANTENOPOLIS,CENTRO,violencia_social
ES,CARIACICA,BELA AURORA,violencia_social
ES,MARILANDIA,INDUSTRIAL,violencia_social
ES,SERRA,LAGOA DE CARAPEBUS,violencia_social
ES,VITORIA,ILHA DO PRINCIPE,violencia_social
ES,PIUMA,OUTRO LOCAL,violencia_social
ES,DOMINGOS MARTINS,VILA VERDE,violencia_social
ES,CACHOEIRO DE ITAPEMIRIM,RUBEM BRAGA,violencia_social
ES,BAIXO GUANDU,SAO JOSE,violencia_social
ES,BOA ESPERANCA,CENTRO,violencia_social
ES,CARIACICA,CAMPO VERDE,violencia_social
ES,AFONSO CLAUDIO,ZONA RURAL,violencia_social
ES,SERRA,SAO MARCOS II,violencia_social
ES,MONTANHA,ANGELA DEPOLLO,violencia_social
ES,ATILIO VIVACQUA,ALTO NITEROI,violencia_social
ES,AFONSO CLAUDIO,JOAO VALIM,violencia_social
ES,CONCEICAO DO CASTELO,SANTA LUZIA,violencia_social
ES,GUARAPARI,TARTARUGA,violencia_social
ES,SERRA,VALPARAISO,violencia_social
ES,PINHEIROS,GALILEIA,violencia_social
ES,LINHARES,ARACA,violencia_social
ES,VILA VELHA,ULISSES GUIMARAES,violencia_social
ES,SERRA,PARQUE RESIDENCIAL LARANJEIRAS,violencia_social
ES,COLATINA,MARIA DAS GRACAS,violencia_social
ES,CARIACICA,PARQUE GRAMADO,violencia_social
ES,COLATINA,MARISTA,violencia_social
ES,CACHOEIRO DE ITAPEMIRIM,GUANDU,violencia_social
ES,CACHOEIRO DE ITAPEMIRIM,AMARAL,violencia_social
ES,GUARAPARI,CAMURUGI,violencia_social
ES,LINHARES,BOA VISTA,violencia_social
ES,SAO GABRIEL DA PALHA,CORREGO BLEY,violencia_social
ES,ECOPORANGA,ZONA RURAL,violencia_social
ES,SERRA,MORADA DE LARANJEIRAS,violencia_social
ES,LARANJA DA TERRA,SAO LUIS DE MIRANDA,violencia_social
ES,VILA VELHA,NOSSA SENHORA DA PENHA,violencia_social
ES,CACHOEIRO DE ITAPEMIRIM,BAIMINAS,violencia_social
ES,VILA VALERIO,CENTRO,violencia_social
ES,ARACRUZ,OUTRO LOCAL,violencia_social
ES,VILA VALERIO,NOSSA SENHORA DA PENHA,violencia_social
ES,VIANA,NOVA BETHANIA,violencia_social
ES,SAO DOMINGOS DO NORTE,CAIXA DAGUA,violencia_social
ES,CACHOEIRO DE ITAPEMIRIM,BOA VISTA,violencia_social
ES,SAO MATEUS,FATIMA,violencia_social
ES,LINHARES,BEBEDOURO,violencia_social
ES,ARACRUZ,SANTA LUZIA,violencia_social
ES,PRESIDENTE KENNEDY,CENTRO,violencia_social
ES,VILA VELHA,JARDIM ASTECA,violencia_social
ES,GUARAPARI,BUENOS AIRES,violencia_social
ES,IBATIBA,CENTRO,violencia_social
ES,VILA VELHA,SANTA INES,violencia_social
ES,ARACRUZ,SAO FRANCISCO,violencia_social
ES,PINHEIROS,VILA VERDE,violencia_social
ES,ARACRUZ,SANTA CRUZ,violencia_social
ES,LINHARES,SHELL,violencia_social
ES,PEDRO CANARIO,EXPLANADA,violencia_social
ES,PEDRO CANARIO,CRISTAL DO NORTE,violencia_social
ES,PIUMA,MONTE AGHA,violencia_social
ES,SERRA,PRAIAMAR,violencia_social
ES,NOVA VENECIA,FILOMENA,violencia_social
ES,COLATINA,SAO MIGUEL,violencia_social
ES,SANTA MARIA DE JETIBA,RIO POSS MOUSER,violencia_social
ES,SAO MATEUS,RESIDENCIAL PARQUE WASHIGTON,violencia_social
ES,GUARAPARI,AEROPORTO,violencia_social
ES,IUNA,SANTISSIMA TRINDADE,violencia_social
ES,ARACRUZ,BELA VISTA,violencia_social
ES,RIO BANANAL,SAO SEBASTIAO,violencia_social
ES,LINHARES,FARIAS,violencia_social
ES,IBATIBA,ZONA RURAL,violencia_social
ES,VITORIA,BELA VISTA,violencia_social
ES,SERRA,SOLAR DE ANCHIETA,violencia_social
ES,CARIACICA,ANTONIO FERREIRA BORGES,violencia_social
ES,VENDA NOVA DO IMIGRANTE,ALTO VICOSINHA,violencia_social
ES,MIMOSO DO SUL,SAO JOSE DAS TORRES,violencia_social
ES,ALEGRE,VILA DO SUL,violencia_social
ES,COLATINA,COLUMBIA,violencia_social
ES,CARIACICA,MORADA DE SANTA FE,violencia_social
ES,DORES DO RIO PRETO,PATRIMONIO MUNDO NOVO,violencia_social
ES,PRESIDENTE KENNEDY,OUTRO LOCAL,violencia_social
ES,SANTA TERESA,SANTA LUCIA,violencia_social
ES,LINHARES,JUPARANA,violencia_social
ES,COLATINA,HONORIO FRAGA,violencia_social
ES,ARACRUZ,SEGATO,violencia_social
ES,IBITIRAMA,ANTONIO PEREIRA NETO,violencia_social
ES,JERONIMO MONTEIRO,VILA CRUZEIRO,violencia_social
ES,JOAO NEIVA,SANTA LUZIA,violencia_social
ES,JAGUARE,SAO JOAO DO ESTIVADO,violencia_social
ES,PEDRO CANARIO,CENTRO,violencia_social
ES,COLATINA,LACE,violencia_social
ES,MARILANDIA,CENTRO,violencia_social
ES,SERRA,LAGOA DE JACARAIPE,violencia_social
ES,NOVA VENECIA,ALTOE,violencia_social
ES,BARRA DE SAO FRANCISCO,MONTE SINAI,violencia_social
ES,SERRA,ELDORADO,violencia_social
ES,COLATINA,POR DO SOL,violencia_social
ES,CACHOEIRO DE ITAPEMIRIM,SAO LUIZ GONZAGA,violencia_social
ES,IRUPI,SANTA CRUZ,violencia_social
ES,SERRA,PARQUE JACARAIPE,violencia_social
ES,GUARAPARI,PALMEIRAS,violencia_social
ES,VITORIA,SANTA MARTHA,violencia_social
ES,CARIACICA,SANTA BARBARA,violencia_social
ES,VIANA,CENTRO,violencia_social
ES,LINHARES,LINHARES V,violencia_social
ES,SERRA,CAMPINHO DA SERRA I,violencia_social
ES,VITORIA,GURIGICA,violencia_social
ES,CACHOEIRO DE ITAPEMIRIM,COUTINHO,violencia_social
ES,BARRA DE SAO FRANCISCO,BAIRRO CRUZEIRO,violencia_social
ES,VILA PAVAO,CENTRO,violencia_social
ES,BREJETUBA,ZONA RURAL,violencia_social
ES,VILA VELHA,COCAL,violencia_social
ES,ARACRUZ,RESERVA INDIGENA DE PAU BRASIL,violencia_social
ES,BARRA DE SAO FRANCISCO,ESTRELA,violencia_social
ES,GUARAPARI,KUBITSCHEK,violencia_social
ES,CASTELO,SANTA BARBARA,violencia_social
ES,VITORIA,MARUIPE,violencia_social
ES,VILA VELHA,ILHA DAS FLORES,violencia_social
ES,CACHOEIRO DE ITAPEMIRIM,MONTE CRISTO,violencia_social
ES,CARIACICA,VILA INDEPENDENCIA,violencia_social
ES,AFONSO CLAUDIO,SERRA PELADA,violencia_social
ES,CARIACICA,CAMPO GRANDE,violencia_social
ES,SERRA,RESIDENCIAL JACARAIPE,violencia_social
ES,CACHOEIRO DE ITAPEMIRIM,CONDURU,violencia_social
ES,CARIACICA,RIO MARINHO,violencia_social
ES,PRESIDENTE KENNEDY,JIBOIA,violencia_social
ES,JAGUARE,LAQUINI,violencia_social
ES,SAO GABRIEL DA PALHA,FARTURA,violencia_social
ES,VIANA,UNIVERSAL,violencia_social
ES,IUNA,NOSSA SENHORA DA PENHA,violencia_social
ES,VITORIA,CENTRO,violencia_social
ES,VILA VELHA,SANTA MONICA,violencia_social
ES,BAIXO GUANDU,VALPARAISO,violencia_social
ES,CARIACICA,NOVA CANAA,violencia_social
ES,ATILIO VIVACQUA,NITEROI,violencia_social
ES,CARIACICA,ITACIBA,violencia_social
ES,VILA VELHA,IBES,violencia_social
ES,NOVA VENECIA,MARGARETH,violencia_social
ES,ECOPORANGA,MURITIBA,violencia_social
ES,DOMINGOS MARTINS,CENTRO,violencia_social
ES,ARACRUZ,COQUEIRAL,violencia_social
ES,SERRA,PALMEIRAS,violencia_social
ES,SERRA,COLINA DE LARANJEIRAS,violencia_social
ES,JAGUARE,SAO ROQUE,violencia_social
ES,COLATINA,BAUNILHA,violencia_social
ES,BARRA DE SAO FRANCISCO,CORREGO DO OURO,violencia_social
ES,AFONSO CLAUDIO,PONTOES,violencia_social
ES,SAO MATEUS,SEAC,violencia_social
ES,BREJETUBA,MARAPE,violencia_social
ES,ARACRUZ,GUARANA,violencia_social
ES,SAO MATEUS,SAO PEDRO,violencia_social
ES,MARATAIZES,ILMENITA,violencia_social
ES,SAO GABRIEL DA PALHA,JARDIM DE INFANCIA,violencia_social
ES,LINHARES,NOVA ESPERANCA,violencia_social
ES,VENDA NOVA DO IMIGRANTE,ALTO TAPERA,violencia_social
ES,ARACRUZ,GUANABARA,violencia_social
ES,VITORIA,JARDIM DA PENHA,violencia_social
ES,DOMINGOS MARTINS,PEROBAS,violencia_social
ES,BOA ESPERANCA,ZONA RURAL,violencia_social
ES,ALFREDO CHAVES,ARAPONGA,violencia_social
ES,SERRA,VILA MARIA NIOBE,violencia_social
ES,NOVA VENECIA,CENTRO,violencia_social
ES,MARATAIZES,PONTAL DA BARRA,violencia_social
ES,SANTA MARIA DE JETIBA,VILA ITALIANOS,violencia_social
ES,IUNA,PITO,violencia_social
ES,IUNA,PEQUIA,violencia_social
ES,MONTANHA,CENTRO,violencia_social
ES,VILA VELHA,OUTRO LOCAL,violencia_social
ES,ARACRUZ,FATIMA,violencia_social
ES,SAO MATEUS,RESIDENCIAL COLINA,violencia_social
ES,VITORIA,NOVA PALESTINA,violencia_social
ES,CARIACICA,PORTO DE CARIACICA,violencia_social
ES,GUARAPARI,SANTA MARGARIDA,violencia_social
ES,ARACRUZ,ITAPARICA,violencia_social
ES,VILA VELHA,JOCKEY DE ITAPARICA,violencia_social
ES,CACHOEIRO DE ITAPEMIRIM,CORAMARA,violencia_social
ES,CARIACICA,CRUZEIRO DO SUL,violencia_social
ES,SANTA MARIA DE JETIBA,SAO SEBASTIAO DO MEIO,violencia_social
ES,FUNDAO,PRAIA GRANDE,violencia_social
ES,CACHOEIRO DE ITAPEMIRIM,MONTE BELO,violencia_social
ES,MARATAIZES,ZONA RURAL,violencia_social
ES,MARATAIZES,JABOTI,violencia_social
ES,ALEGRE,OUTRO LOCAL,violencia_social
ES,VIANA,PRIMAVERA,violencia_social
ES,VILA VALERIO,BOA VISTA,violencia_social
ES,ITARANA,CENTRO,violencia_social
ES,NOVA VENECIA,AEROPORTO,violencia_social
ES,SAO MATEUS,ARNALDO BASTOS,violencia_social
ES,ALEGRE,GUARAREMA,violencia_social
ES,VILA VELHA,TERRA VERMELHA,violencia_social
ES,VITORIA,DA PENHA,violencia_social
ES,SAO MATEUS,PEDRA DAGUA,violencia_social
ES,VILA VELHA,SANTA MONICA POPULAR,violencia_social
ES,CACHOEIRO DE ITAPEMIRIM,BNH,violencia_social
ES,IBATIBA,BOA ESPERANCA,violencia_social
ES,COLATINA,JOAO MANOEL MENEGUELI,violencia_social
ES,CACHOEIRO DE ITAPEMIRIM,FE E RACA,violencia_social
ES,LINHARES,NOVO HORIZONTE,violencia_social
ES,SERRA,NOVO PORTO CANOA,violencia_social
ES,GUARAPARI,ITAPEBUSSU,violencia_social
ES,COLATINA,RESIDENCIAL NOBRE,violencia_social
ES,ANCHIETA,JOAO XXIII,violencia_social
ES,BARRA DE SAO FRANCISCO,CENTRO,violencia_social
ES,CARIACICA,JARDIM CAMPO GRANDE,violencia_social
ES,SERRA,SAO JOAO,violencia_social
ES,SAO MATEUS,FAZENDA PAULISTA,violencia_social
ES,GUARAPARI,MUQUICABA,violencia_social
ES,GUACUI,PARQUE INDUSTRIAL,violencia_social
ES,NOVA VENECIA,SAO CRISTOVAO,violencia_social
ES,SAO JOSE DO CALCADO,JOAO MARCELINO DE FREITAS,violencia_social
ES,GOVERNADOR LINDENBERG,CORREGO OURO II,violencia_social
ES,CACHOEIRO DE ITAPEMIRIM,IBC,violencia_social
ES,LINHARES,PALMITAL,violencia_social
ES,BAIXO GUANDU,ROSARIO I,violencia_social
ES,ARACRUZ,IRAJA,violencia_social
ES,SERRA,JOSE DE ANCHIETA II,violencia_social
ES,AGUA DOCE DO NORTE,OUTRO LOCAL,violencia_social
ES,VITORIA,TABUAZEIRO,violencia_social
ES,ITAPEMIRIM,JOACIMA,violencia_social
ES,SAO GABRIEL DA PALHA,ZONA RURAL,violencia_social
ES,JERONIMO MONTEIRO,ZONA RURAL,violencia_social
ES,BREJETUBA,BAIRRO NOBRE,violencia_social
ES,CACHOEIRO DE ITAPEMIRIM,AQUIDABAN,violencia_social
ES,JAGUARE,PALMITO,violencia_social
ES,ARACRUZ,SAO PEDRO,violencia_social
ES,ARACRUZ,MORADA BARRA DO SAHY,violencia_social
ES,APIACA,BOA VISTA,violencia_social
ES,BARRA DE SAO FRANCISCO,BAIRRO NOVA BARRA,violencia_social
ES,GUACUI,ZONA RURAL,violencia_social
ES,VILA VELHA,DARLY SANTOS,violencia_social
ES,CACHOEIRO DE ITAPEMIRIM,CORREGO DOS MONOS,violencia_social
ES,ITAGUACU,AMERICO FREDERICO COSER,violencia_social
ES,CARIACICA,NOVA VALVERDE,violencia_social
ES,RIO BANANAL,SANTO ANTONIO,violencia_social
ES,DORES DO RIO PRETO,CENTRO,violencia_social
ES,CARIACICA,BANDEIRANTES,violencia_social
ES,CASTELO,INDEPENDENCIA,violencia_social
ES,ALTO RIO NOVO,MONTE CARMELO,violencia_social
ES,SERRA,BOA VISTA II,violencia_social
ES,MARATAIZES,SANTA TEREZA,violencia_social
ES,VARGEM ALTA,SAO JOSE DE FRUTEIRA,violencia_social
ES,VARGEM ALTA,CASTELINHO,violencia_social
ES,VILA VELHA,CENTRO VILA VELHA,violencia_social
ES,BARRA DE SAO FRANCISCO,BAIRRO IRMAOS FERNANDES,violencia_social
ES,PIUMA,LAGO AZUL,violencia_social
ES,PONTO BELO,MORUMBI,violencia_social
ES,BOA ESPERANCA,VILA FERNANDES,violencia_social
ES,VILA VELHA,NOVO MEXICO,violencia_social
ES,VIANA,VILA BETHANIA,violencia_social
ES,VILA VELHA,ARACAS,violencia_social
ES,PIUMA,JARDIM MAILY,violencia_social
ES,MANTENOPOLIS,BELA VISTA,violencia_social
ES,VILA VELHA,CRISTOVAO COLOMBO,violencia_social
ES,SERRA,JARDIM ATLANTICO,violencia_social
ES,VITORIA,ITARARE,violencia_social
ES,CACHOEIRO DE ITAPEMIRIM,NOSSA SENHORA DE FATIMA,violencia_social
ES,PANCAS,NOSSA SENHORA APARECIDA,violencia_social
ES,CARIACICA,NOVA BRASILIA,violencia_social
ES,COLATINA,ALTO VILA NOVA,violencia_social
ES,ITAPEMIRIM,CENTRO,violencia_social
ES,GUARAPARI,AMARELO,violencia_social
ES,ARACRUZ,COHAB II,violencia_social
ES,GUACUI,BALANCA,violencia_social
ES,VITORIA,SAO CRISTOVAO,violencia_social
ES,SAO MATEUS,MORADA DO LAGO,violencia_social
ES,SERRA,NOVA ALMEIDA CENTRO,violencia_social
ES,SERRA,MARIA NIOBE,violencia_social
ES,ITARANA,ZONA RURAL,violencia_social
ES,SAO ROQUE DO CANAA,ZONA RURAL,violencia_social
ES,SERRA,SANTO ANTONIO,violencia_social
ES,VITORIA,BONFIM,violencia_social
ES,VILA VELHA,RIVIERA DA BARRA,violencia_social
ES,PRESIDENTE KENNEDY,ZONA RURAL,violencia_social
ES,MUQUI,ENTRE MORROS,violencia_social
ES,SAO GABRIEL DA PALHA,CENTRO,violencia_social
ES,CARIACICA,SAO JOAO BATISTA,violencia_social
ES,ARACRUZ,ITAPUTERA,violencia_social
ES,COLATINA,MOACYR BROTAS,violencia_social
ES,CACHOEIRO DE ITAPEMIRIM,PARAISO,violencia_social
ES,MUCURICI,ITABAIANA,violencia_social
ES,SAO GABRIEL DA PALHA,SANTA TEREZINHA,violencia_social
ES,ARACRUZ,SAO MARCOS,violencia_social
ES,ARACRUZ,PLANALTO,violencia_social
ES,COLATINA,SAO JUDAS TADEU,violencia_social
ES,ALEGRE,CLERIO MOULIM,violencia_social
ES,COLATINA,VILA AMELIA,violencia_social
ES,CACHOEIRO DE ITAPEMIRIM,VALAO,violencia_social
ES,NOVA VENECIA,RUBIA,violencia_social
ES,BARRA DE SAO FRANCISCO,BAIRRO VILA GONCALVES,violencia_social
ES,JOAO NEIVA,MONTE LIBANO,violencia_social
ES,SERRA,SAO PEDRO,violencia_social
ES,SAO MATEUS,SERNAMBY,violencia_social
ES,SAO MATEUS,OUTRO LOCAL,violencia_social
ES,ALFREDO CHAVES,PARQUE RESIDENCIAL ALFREDO CHAVES,violencia_social
ES,VILA VELHA,VISTA DA PENHA,violencia_social
ES,VITORIA,ILHA DE SANTA MARIA,violencia_social
ES,ITAPEMIRIM,BOM SERA,violencia_social
ES,LINHARES,TRES BARRAS,violencia_social
ES,AGUA DOCE DO NORTE,VILA NELITA,violencia_social
ES,GUARAPARI,JABARAI,violencia_social
ES,SAO MATEUS,LIBERDADE,violencia_social
ES,VENDA NOVA DO IMIGRANTE,SAO JOAO DE VICOSA,violencia_social
ES,SERRA,PARQUE RESIDENCIAL MESTRE ALVARO,violencia_social
ES,CACHOEIRO DE ITAPEMIRIM,TIJUCA,violencia_social
ES,CACHOEIRO DE ITAPEMIRIM,AMARELO,violencia_social
ES,CONCEICAO DO CASTELO,ARTHUR SOARES,violencia_social
ES,SERRA,BELVEDERE,violencia_social
ES,JAGUARE,CENTRO,violencia_social
ES,SAO GABRIEL DA PALHA,SANTA CECILIA,violencia_social
ES,PEDRO CANARIO,BOA VISTA,violencia_social
ES,VITORIA,COMDUSA,violencia_social
ES,CACHOEIRO DE ITAPEMIRIM,AGOSTINHO SIMONATO,violencia_social
ES,COLATINA,AEROPORTO,violencia_social
ES,ALFREDO CHAVES,CACHOEIRA ALTA,violencia_social
ES,VILA VELHA,ILHA DA CONCEICAO,violencia_social
ES,VENDA NOVA DO IMIGRANTE,VILA BETANEA,violencia_social
ES,MARECHAL FLORIANO,SUIDO DE BAIXO,violencia_social
ES,COLATINA,NOVO HORIZONTE,violencia_social
ES,IBATIBA,SANTA ISABEL,violencia_social
ES,BAIXO GUANDU,ALTO GUANDU,violencia_social
ES,ARACRUZ,SAO CLEMENTE,violencia_social
ES,CARIACICA,SAO CONRADO,violencia_social
ES,CASTELO,ZONA RURAL,violencia_social
ES,AGUIA BRANCA,CORREGO AGUAS CLARAS,violencia_social
ES,VILA PAVAO,PRACA RICA,violencia_social
ES,ALTO RIO NOVO,SANTA BARBARA II,violencia_social
ES,CASTELO,CENTRO,violencia_social
ES,VILA VELHA,PAUL,violencia_social
ES,IBIRACU,OUTRO LOCAL,violencia_social
ES,VITORIA,PRAIA DO CANTO,violencia_social
ES,RIO NOVO DO SUL,SANTO ANTONIO,violencia_social
ES,SANTA MARIA DE JETIBA,OUTRO LOCAL,violencia_social
ES,VILA VELHA,JOAO GOULART,violencia_social
ES,VIANA,VILA NOVA,violencia_social
ES,CACHOEIRO DE ITAPEMIRIM,CAICARA,violencia_social
ES,AFONSO CLAUDIO,BOA VISTA,violencia_social
ES,JAGUARE,FATIMA,violencia_social
ES,CONCEICAO DA BARRA,SAYONARA,violencia_social
ES,SAO GABRIEL DA PALHA,JARDIM PASSAMANI,violencia_social
ES,SERRA,PLANICIE DA SERRA,violencia_social
ES,IBATIBA,IPE,violencia_social
ES,COLATINA,SANTA FE,violencia_social
ES,CASTELO,NITEROI,violencia_social
ES,CACHOEIRO DE ITAPEMIRIM,SAO LUCAS,violencia_social
ES,BARRA DE SAO FRANCISCO,VARGEM GRANDE,violencia_social
ES,BOM JESUS DO NORTE,SAO JOAO,violencia_social
ES,CASTELO,VILA IZABEL,violencia_social
ES,RIO BANANAL,SAO JORGE DO TIRADENTES,violencia_social
ES,SERRA,CANTINHO DO CEU,violencia_social
ES,CARIACICA,VISTA DOURADA,violencia_social
ES,ITARANA,COHAB,violencia_social
ES,VARGEM ALTA,VARGEM GRANDE,violencia_social
ES,DORES DO RIO PRETO,FORQUILHA DO RIO,violencia_social
ES,ARACRUZ,BARRA DO SAHY,violencia_social
ES,VITORIA,SANTA LUCIA,violencia_social
ES,VITORIA,SANTA CECILIA,violencia_social
ES,VILA VELHA,BOA VISTA II,violencia_social
ES,CACHOEIRO DE ITAPEMIRIM,VILA RICA,violencia_social
ES,MUQUI,ZONA RURAL,violencia_social
ES,PINHEIROS,JUNDIA,violencia_social
ES,AFONSO CLAUDIO,FAZENDA GUANDU,violencia_social
ES,CACHOEIRO DE ITAPEMIRIM,ITAOCA,violencia_social
ES,DIVINO DE SAO LOURENCO,PENHA,violencia_social
ES,AGUIA BRANCA,APARECIDA,violencia_social
ES,COLATINA,ITAPINA,violencia_social
ES,LINHARES,OUTRO LOCAL,violencia_social
ES,COLATINA,VISTA DA SERRA,violencia_social
ES,BOA ESPERANCA,VILA TAVARES,violencia_social
ES,BAIXO GUANDU,CENTRO,violencia_social
ES,LINHARES,CENTRO,violencia_social
ES,MANTENOPOLIS,ZONA RURAL,violencia_social
ES,DORES DO RIO PRETO,ZONA RURAL,violencia_social
ES,SAO GABRIEL DA PALHA,VILA COMBONI,violencia_social
ES,APIACA,JOSE CARLOS,violencia_social
ES,SERRA,SAO DIOGO I,violencia_social
ES,MONTANHA,OUTRO LOCAL,violencia_social
ES,GUARAPARI,SAO JOSE,violencia_social
ES,AGUA DOCE DO NORTE,CRISTO REI,violencia_social
ES,LINHARES,NOSSA SENHORA DA CONCEICAO,violencia_social
ES,SERRA,ALTEROSAS,violencia_social
ES,FUNDAO,OUTRO LOCAL,violencia_social
ES,MUCURICI,ALTO BONITO,violencia_social
ES,IBIRACU,CENTRO,violencia_social
ES,CACHOEIRO DE ITAPEMIRIM,INDEPENDENCIA,violencia_social
ES,AFONSO CLAUDIO,ALTO SAO PEDRO,violencia_social
ES,VILA VELHA,BARRA DO JUCU,violencia_social
ES,VENDA NOVA DO IMIGRANTE,BICUIBA,violencia_social
ES,VARGEM ALTA,TAQUARACU,violencia_social
ES,PIUMA,NITEROI,violencia_social
ES,PINHEIROS,SANTO ANTONIO,violencia_social
ES,PEDRO CANARIO,LIONORIO I,violencia_social
ES,SAO GABRIEL DA PALHA,ASA BRANCA,violencia_social
ES,PANCAS,CENTRO,violencia_social
ES,ITAGUACU,ITAIMBE,violencia_social
ES,IBATIBA,BRASIL NOVO,violencia_social
ES,CARIACICA,PORTO DE SANTANA,violencia_social
ES,SANTA TERESA,VILA NOVA,violencia_social
ES,CARIACICA,SANTA CECILIA,violencia_social
ES,VILA VELHA,RESIDENCIAL COQUEIRAL,violencia_social
ES,SERRA,SERRA DOURADA I,violencia_social
ES,CASTELO,VILA NOVA,violencia_social
ES,RIO NOVO DO SUL,ZONA RURAL,violencia_social
ES,ICONHA,TOCAIA,violencia_social
ES,LINHARES,SAO JOSE,violencia_social
ES,VILA VELHA,VINTE E TRES DE MAIO,violencia_social
ES,VITORIA,ROMAO,violencia_social
ES,CACHOEIRO DE ITAPEMIRIM,ABELARDO MACHADO,violencia_social
ES,COLATINA,FIORAVANTE MARINO,violencia_social
ES,SERRA,TAQUARA I,violencia_social
ES,ECOPORANGA,BENEDITA MONTEIRO,violencia_social
ES,VITORIA,OUTRO LOCAL,violencia_social
ES,VARGEM ALTA,VILA MARIA,violencia_social
ES,JOAO NEIVA,SAO BRAS,violencia_social
ES,MARECHAL FLORIANO,RIO FUNDO,violencia_social
ES,SANTA MARIA DE JETIBA,VILA JETIBA,violencia_social
ES,CONCEICAO DA BARRA,NOVO HORIZONTE,violencia_social
ES,JOAO NEIVA,CENTRO,violencia_social
ES,CONCEICAO DA BARRA,FLORESTA,violencia_social
ES,ITAPEMIRIM,ITAIPAVA,violencia_social
ES,CACHOEIRO DE ITAPEMIRIM,NOSSA SENHORA DA PENHA,violencia_social
ES,CACHOEIRO DE ITAPEMIRIM,NOVA BRASILIA,violencia_social
ES,CARIACICA,ALTO LAGE,violencia_social
ES,SERRA,MARINGA,violencia_social
ES,CONCEICAO DA BARRA,ITAUNAS,violencia_social
ES,LINHARES,RIO QUARTEL,violencia_social
ES,SANTA LEOPOLDINA,FUNIL,violencia_social
ES,SERRA,RESIDENCIAL VISTA DO MESTRE,violencia_social
ES,CARIACICA,ALTO DA BOA VISTA,violencia_social
ES,GUARAPARI,OUTRO LOCAL,violencia_social
ES,JERONIMO MONTEIRO,CENTRO,violencia_social
ES,JOAO NEIVA,VILA NOVA DE BAIXO,violencia_social
ES,VITORIA,ANDORINHAS,violencia_social
ES,ARACRUZ,CAIEIRA VELHA,violencia_social
ES,CACHOEIRO DE ITAPEMIRIM,SAO FRANCISCO DE ASSIS,violencia_social
ES,GOVERNADOR LINDENBERG,MOACIR AVIDOS,violencia_social
ES,VILA VELHA,BRISAMAR,violencia_social
ES,MANTENOPOLIS,SAO JOSE,violencia_social
ES,ARACRUZ,NOVA COLATINA,violencia_social
ES,CONCEICAO DO CASTELO,ZONA RURAL,violencia_social
ES,GUACUI,CENTRO,violencia_social
ES,LINHARES,OLARIA,violencia_social
ES,CARIACICA,NOVO HORIZONTE,violencia_social
ES,ITAGUACU,PALMEIRA,violencia_social
ES,MARECHAL FLORIANO,SANTA RITA,violencia_social
ES,BARRA DE SAO FRANCISCO,BARRO PRETO,violencia_social
ES,SERRA,SERRA DOURADA III,violencia_social
ES,VILA VELHA,NORMILIA DA CUNHA,violencia_social
ES,COLATINA,SANTO ANTONIO,violencia_social
ES,SAO MATEUS,MARIRICU,violencia_social
ES,GUACUI,MANOEL ALVES SIQUEIRA,violencia_social
ES,VILA VELHA,MORRO DA LAGOA,violencia_social
ES,LINHARES,LAGOA DO MEIO,violencia_social
ES,BOA ESPERANCA,BOA VISTA,violencia_social
ES,VILA VELHA,GUARANHUNS,violencia_social
ES,CACHOEIRO DE ITAPEMIRIM,AEROPORTO,violencia_social
ES,MARATAIZES,ATLANTICO,violencia_social
ES,GOVERNADOR LINDENBERG,SAO JOAO,violencia_social
ES,VENDA NOVA DO IMIGRANTE,PROVIDENCIA,violencia_social
ES,SAO MATEUS,NESTOR GOMES,violencia_social
ES,SERRA,DIVINOPOLIS,violencia_social
ES,CONCEICAO DO CASTELO,NICOLAU DE VARGAS E SILVA,violencia_social
ES,ALFREDO CHAVES,MACRINA,violencia_social
ES,CACHOEIRO DE ITAPEMIRIM,ALTO MONTE CRISTO,violencia_social
ES,IBATIBA,SAO SEBASTIAO,violencia_social
ES,ITAPEMIRIM,GRAUNA,violencia_social
ES,VENDA NOVA DO IMIGRANTE,CENTRO,violencia_social
ES,FUNDAO,AGRIN CORREIA DA VITORIA,violencia_social
ES,ARACRUZ,PRIMAVERA,violencia_social
ES,FUNDAO,TIMBUI,violencia_social
ES,CACHOEIRO DE ITAPEMIRIM,SAFRA,violencia_social
ES,SAO GABRIEL DA PALHA,PROGRESSO,violencia_social
ES,VENDA NOVA DO IMIGRANTE,SAO PEDRO,violencia_social
ES,PONTO BELO,CARVAO,violencia_social
ES,SAO MATEUS,JAMBEIRO,violencia_social
ES,BREJETUBA,RANCHO DA ANTA,violencia_social
ES,MARATAIZES,LAGOA DO SIRI,violencia_social
ES,ARACRUZ,DECARLI,violencia_social
ES,LINHARES,MOVELAR,violencia_social
ES,PONTO BELO,ITAMIRA,violencia_social
ES,COLATINA,SANTOS DUMONT,violencia_social
ES,ITAGUACU,ITACU,violencia_social
ES,JOAO NEIVA,FLORESTA,violencia_social
ES,SAO MATEUS,CACIQUE,violencia_social
ES,PINHEIROS,CENTRO,violencia_social
ES,LINHARES,CANIVETE,violencia_social
ES,GUARAPARI,IPIRANGA,violencia_social
ES,VIANA,SANTO AGOSTINHO,violencia_social
ES,IUNA,LARANJA DA TERRA,violencia_social
ES,CARIACICA,MUCURI,violencia_social
ES,SANTA MARIA DE JETIBA,SANTA LUZIA DO RECREIO,violencia_social
ES,JERONIMO MONTEIRO,SANTA CLARA,violencia_social
ES,AGUIA BRANCA,OUTRO LOCAL,violencia_social
ES,GUACUI,OUTRO LOCAL,violencia_social
ES,AFONSO CLAUDIO,GRAMA,violencia_social
ES,BAIXO GUANDU,SANTA MONICA,violencia_social
ES,VILA VELHA,ILHA DOS BENTOS,violencia_social
ES,DOMINGOS MARTINS,GOIABEIRA,violencia_social
ES,ANCHIETA,ALVORADA,violencia_social
ES,JERONIMO MONTEIRO,PEDREGAL,violencia_social
ES,BARRA DE SAO FRANCISCO,BAIRRO VILA LANDINHA,violencia_social
ES,DOMINGOS MARTINS,SAO RAFAEL,violencia_social
ES,PEDRO CANARIO,ZONA RURAL,violencia_social
ES,IBATIBA,FLORESTA II,violencia_social
ES,MANTENOPOLIS,SAO JOSE DE MANTENOPOLIS,violencia_social
ES,ALTO RIO NOVO,AGUA LIMPA,violencia_social
ES,DOMINGOS MARTINS,FAZENDA DO ESTADO,violencia_social
ES,ANCHIETA,DOIS IRMAOS,violencia_social
ES,CACHOEIRO DE ITAPEMIRIM,CORONEL BORGES,violencia_social
ES,ITAPEMIRIM,MARAGUA,violencia_social
ES,IUNA,NITEROI,violencia_social
ES,CACHOEIRO DE ITAPEMIRIM,OTTON MARINS,violencia_social
ES,SANTA MARIA DE JETIBA,VILA NOVA,violencia_social
ES,VITORIA,ILHA DO BOI,violencia_social
ES,COLATINA,FAZENDA VITALI,violencia_social
ES,AFONSO CLAUDIO,VARGEM GRANDE,violencia_social
ES,COLATINA,MARTINELI,violencia_social
ES,IUNA,GUANABARA,violencia_social
ES,BREJETUBA,SERTAOZINHO,violencia_social
ES,CASTELO,GARAGE,violencia_social
ES,BOM JESUS DO NORTE,ZONA RURAL,violencia_social
ES,BAIXO GUANDU,VILA KENNEDY,violencia_social
ES,SAO MATEUS,URUSSUQUARA,violencia_social
ES,VITORIA,JESUS DE NAZARETH,violencia_social
ES,ARACRUZ,CENTRO,violencia_social
ES,ARACRUZ,PRAIA SAUE,violencia_social
ES,GUACUI,CID MOREIRA,violencia_social
ES,BARRA DE SAO FRANCISCO,BAIRRO CAMPO NOVO,violencia_social
ES,SAO DOMINGOS DO NORTE,NITEROI,violencia_social
ES,BARRA DE SAO FRANCISCO,BAIRRO VILA LUCIENE,violencia_social
ES,VITORIA,JOANA DARC,violencia_social
ES,JAGUARE,JIRAU,violencia_social
ES,PIUMA,NOVA ESPERANCA,violencia_social
ES,SAO ROQUE DO CANAA,CINCO CASINHAS,violencia_social
ES,COLATINA,CENTRO,violencia_social
ES,VILA VELHA,NOVA ITAPARICA,violencia_social
ES,ARACRUZ,MUCURATA,violencia_social
ES,VITORIA,BARRO VERMELHO,violencia_social
ES,CACHOEIRO DE ITAPEMIRIM,PARQUE DAS LARANJEIRAS,violencia_social
ES,SAO MATEUS,NOVA AIMORES,violencia_social
ES,MANTENOPOLIS,IPIRANGA,violencia_social
ES,BARRA DE SAO FRANCISCO,PAULISTA,violencia_social
ES,JAGUARE,NOVO HORIZONTE,violencia_social
ES,PINHEIROS,COLINA,violencia_social
ES,LINHARES,JARDIM LAGUNA,violencia_social
ES,JAGUARE,BOA VISTA I,violencia_social
ES,ICONHA,OUTRO LOCAL,violencia_social
ES,ARACRUZ,CUPIDO,violencia_social
ES,DOMINGOS MARTINS,ZONA RURAL,violencia_social
ES,LINHARES,CONCEICAO,violencia_social
ES,VITORIA,SANTA HELENA,violencia_social
ES,IBIRACU,PIABAS,violencia_social
ES,MUNIZ FREIRE,ZONA RURAL,violencia_social
ES,IBATIBA,VILA NOVA,violencia_social
ES,CARIACICA,APARECIDA,violencia_social
ES,IRUPI,VARGEM ALEGRE,violencia_social
ES,SAO MATEUS,AVIACAO,violencia_social
ES,SANTA TERESA,CENTRO,violencia_social
ES,VENDA NOVA DO IMIGRANTE,SAPUCAIA,violencia_social
ES,ALEGRE,ZONA RURAL,violencia_social
ES,ECOPORANGA,OUTRO LOCAL,violencia_social
ES,VILA VELHA,VILA GUARANHUNS,violencia_social
ES,SOORETAMA,CONJUNTO DALVO LOUREIRO,violencia_social
ES,FUNDAO,BEIRA RIO,violencia_social
ES,VITORIA,SANTO ANDRE,violencia_social
ES,CONCEICAO DA BARRA,BRACO DO RIO,violencia_social
ES,RIO NOVO DO SUL,SAO JOSE,violencia_social
ES,JAGUARE,OUTRO LOCAL,violencia_social
ES,ARACRUZ,GUAXINDIBA,violencia_social
ES,GUARAPARI,BALNEARIO MEAIPE,violencia_social
ES,MIMOSO DO SUL,SAO JOSE,violencia_social
ES,VIANA,ZONA RURAL,violencia_social
ES,JOAO NEIVA,CRISTAL,violencia_social
ES,SAO DOMINGOS DO NORTE,CRISTAL,violencia_social
ES,VITORIA,ILHA DAS CAIEIRAS,violencia_social
ES,DOMINGOS MARTINS,RIO PONTE,violencia_social
ES,MARECHAL FLORIANO,ARAGUAIA,violencia_social
ES,VITORIA,UNIVERSITARIO,violencia_social
ES,MUNIZ FREIRE,PIACU,violencia_social
ES,SAO MATEUS,JAQUELINE,violencia_social
ES,MIMOSO DO SUL,ZONA RURAL,violencia_social
ES,CARIACICA,VALE DOS REIS,violencia_social
ES,CACHOEIRO DE ITAPEMIRIM,SUMARE,violencia_social
ES,CARIACICA,NOVA ESPERANCA,violencia_social
ES,VILA VELHA,PONTAL DAS GARCAS,violencia_social
ES,CASTELO,ARACUI,violencia_social
ES,NOVA VENECIA,BELA VISTA,violencia_social
ES,VENDA NOVA DO IMIGRANTE,TAPERA,violencia_social
ES,VITORIA,SANTA LUIZA,violencia_social
ES,LINHARES,BNH,violencia_social
ES,SANTA TERESA,VALAO DE SAO PEDRO,violencia_social
ES,ALEGRE,BILAU,violencia_social
ES,ANCHIETA,PRAIA DE PARATI,violencia_social
ES,ARACRUZ,MAR AZUL,violencia_social
ES,SANTA MARIA DE JETIBA,BELEM,violencia_social
ES,ARACRUZ,MOROBA,violencia_social
ES,SOORETAMA,CORREGO ALEGRE,violencia_social
ES,BREJETUBA,CENTRO,violencia_social
ES,VILA VELHA,VILA BATISTA,violencia_social
ES,ITAGUACU,OTTO LUIZ HOFFMAN,violencia_social
ES,SERRA,OURIMAR,violencia_social
ES,SOORETAMA,ZONA RURAL,violencia_social
ES,MUQUI,CENTRO,violencia_social
ES,SAO GABRIEL DA PALHA,AIMORES,violencia_social
ES,SANTA TERESA,SANTO ANTONIO,violencia_social
ES,GUARAPARI,RECANTO DA SEREIA,violencia_social
ES,SERRA,CASCATA,violencia_social
ES,SERRA,JACUHY,violencia_social
ES,CACHOEIRO DE ITAPEMIRIM,TEIXEIRA LEITE,violencia_social
ES,SERRA,PITANGA,violencia_social
ES,MARATAIZES,BELVEDERE,violencia_social
ES,CONCEICAO DA BARRA,NOVA BETHANIA,violencia_social
ES,ALEGRE,CAMPO AVIACAO,violencia_social
ES,ARACRUZ,NOVO JEQUITIBA,violencia_social
ES,CARIACICA,ITAPEMIRIM,violencia_social
ES,COLATINA,NOSSA SENHORA APARECIDA,violencia_social
ES,CARIACICA,RIO BRANCO,violencia_social
ES,IUNA,BAIRRO DO PITO,violencia_social
ES,LINHARES,CHAPADAO DAS PALMINHAS,violencia_social
ES,FUNDAO,ORLY RAMOS,violencia_social
ES,CONCEICAO DO CASTELO,PINDOBAS IV,violencia_social
ES,GUARAPARI,SETIBA,violencia_social
ES,SAO GABRIEL DA PALHA,MIRANTE,violencia_social
ES,SERRA,SAO LOURENCO,violencia_social
ES,VITORIA,CARATOIRA,violencia_social
ES,MARATAIZES,BOA VISTA,violencia_social
ES,MUNIZ FREIRE,SAO PEDRO,violencia_social
ES,NOVA VENECIA,COQUEIRAL,violencia_social
ES,ANCHIETA,JUSTICA,violencia_social
ES,ATILIO VIVACQUA,CENTRO,violencia_social
ES,SERRA,ESTANCIA MONAZITICA,violencia_social
ES,GUARAPARI,SANTA ROSA,violencia_social
ES,MONTANHA,BRASILIA,violencia_social
ES,CARIACICA,VISTA MAR,violencia_social
ES,ARACRUZ,JEQUITIBA,violencia_social
ES,SERRA,SERRAMAR,violencia_social
ES,SOORETAMA,PARQUE SAO JORGE,violencia_social
ES,ARACRUZ,PEDRINHAS,violencia_social
ES,CARIACICA,OPERARIO,violencia_social
ES,MUQUI,NOSSA SENHORA APARECIDA,violencia_social
ES,PRESIDENTE KENNEDY,MAROBA,violencia_social
ES,ALEGRE,CELINA,violencia_social
ES,CACHOEIRO DE ITAPEMIRIM,BURARAMA,violencia_social
ES,SANTA MARIA DE JETIBA,RIO CRISTAL,violencia_social
ES,IRUPI,CAROLINE BARBOSA,violencia_social
ES,MIMOSO DO SUL,OUTRO LOCAL,violencia_social
ES,SERRA,PORTO CANOA,violencia_social
ES,VILA VELHA,VILA NOVA,violencia_social
ES,VILA VELHA,INTERLAGOS I E II,violencia_social
ES,ITARANA,ITARANINHA,violencia_social
ES,PANCAS,ALTO PANQUINHAS,violencia_social
ES,MIMOSO DO SUL,CENTRO,violencia_social
ES,MARECHAL FLORIANO,COSTA PEREIRA,violencia_social
ES,VILA VELHA,OLARIA,violencia_social
ES,PIUMA,PRAIA DE ACAIACA,violencia_social
ES,SAO MATEUS,PORTO,violencia_social
ES,CONCEICAO DO CASTELO,INDAIA,violencia_social
ES,CARIACICA,PLANETA,violencia_social
ES,ARACRUZ,NOVA ESPERANCA,violencia_social
ES,SAO GABRIEL DA PALHA,JARDIM VITORIA,violencia_social
ES,ITAGUACU,ZONA RURAL,violencia_social
ES,COLATINA,PERPETUO SOCORRO,violencia_social
ES,CACHOEIRO DE ITAPEMIRIM,BELA VISTA,violencia_social
ES,SANTA LEOPOLDINA,OLARIA,violencia_social
ES,SAO ROQUE DO CANAA,SAO DAMACIO,violencia_social
ES,JERONIMO MONTEIRO,CRISTAL,violencia_social
ES,BAIXO GUANDU,ALTO MUTUM PRETO,violencia_social
ES,AFONSO CLAUDIO,OUTRO LOCAL,violencia_social
ES,SAO MATEUS,ALVORADA,violencia_social
ES,VIANA,CANAA,violencia_social
ES,SANTA TERESA,ALTO CALDEIRAO,violencia_social
ES,CARIACICA,VERA CRUZ,violencia_social
ES,ARACRUZ,NOVA CONQUISTA,violencia_social
ES,CARIACICA,SAO GERALDO II,violencia_social
ES,CASTELO,LIMOEIRO,violencia_social
ES,BOM JESUS DO NORTE,CENTRO,violencia_social
ES,SANTA MARIA DE JETIBA,ALTO POSS MOUSER,violencia_social
ES,VILA VELHA,SANTOS DUMONT,violencia_social
ES,CONCEICAO DO CASTELO,PEDRO RIGO,violencia_social
ES,VILA VELHA,PLANALTO,violencia_social
ES,VILA VELHA,JARDIM DO VALE,violencia_social
ES,ITARANA,BARRA ENCOBERTA,violencia_social
ES,MARATAIZES,LAGOA FUNDA,violencia_social
ES,SAO GABRIEL DA PALHA,JOAO COLOMBI,violencia_social
ES,MUCURICI,ZONA RURAL,violencia_social
ES,DOMINGOS MARTINS,PEDRA AZUL,violencia_social
ES,JERONIMO MONTEIRO,SANTO ANTONIO,violencia_social
ES,ITAPEMIRIM,OUTRO LOCAL,violencia_social
ES,RIO NOVO DO SUL,QUARTEIRAO,violencia_social
ES,BARRA DE SAO FRANCISCO,BAIRRO COLINA,violencia_social
ES,GUARAPARI,PORTO GRANDE,violencia_social
ES,SERRA,BICANGA,violencia_social
ES,CONCEICAO DA BARRA,ESPERANCA,violencia_social
ES,GUARAPARI,FATIMA CIDADE JARDIM,violencia_social
ES,CASTELO,NOSSA SENHORA APARECIDA,violencia_social
ES,VILA VELHA,NOVA AMERICA,violencia_social
ES,MONTANHA,DECAO,violencia_social
ES,ANCHIETA,JABAQUARA,violencia_social
ES,GUARAPARI,NOSSA SENHORA DA CONCEICAO,violencia_social
ES,CARIACICA,SAO GERALDO,violencia_social
ES,MIMOSO DO SUL,PRATINHA,violencia_social
ES,MIMOSO DO SUL,SERRANO,violencia_social
ES,CACHOEIRO DE ITAPEMIRIM,RECANTO,violencia_social
ES,VILA VELHA,BALNEARIO PONTA DA FRUTA,violencia_social
ES,JAGUARE,ABOBORA,violencia_social
ES,CARIACICA,PROLAR,violencia_social
ES,GUARAPARI,ZONA RURAL,violencia_social
ES,SAO ROQUE DO CANAA,SAO BENTO,violencia_social
ES,CACHOEIRO DE ITAPEMIRIM,SOTURNO,violencia_social
ES,ALEGRE,PRAINHA,violencia_social
ES,COLATINA,SAO PEDRO,violencia_social
ES,CASTELO,SAO MIGUEL,violencia_social
ES,SERRA,ENSEADA DE JACARAIPE,violencia_social
ES,PRESIDENTE KENNEDY,SANTA MARIA,violencia_social
ES,SOORETAMA,ALEGRE,violencia_social
ES,PINHEIROS,DOMICIANO,violencia_social
ES,IRUPI,SAO JOSE DO SACUI,violencia_social
ES,DORES DO RIO PRETO,PEDRA MENINA,violencia_social
ES,GUARAPARI,UNA,violencia_social
ES,ICONHA,CENTRO,violencia_social
ES,SAO GABRIEL DA PALHA,SANTA RITA,violencia_social
ES,VENDA NOVA DO IMIGRANTE,MINETE,violencia_social
ES,VITORIA,PRAIA DO SUA,violencia_social
ES,VILA VELHA,GAROTO,violencia_social
ES,ITAPEMIRIM,PALMITAL,violencia_social
ES,MARATAIZES,NOVA CANAA,violencia_social
ES,SERRA,CHACARA PARREIRAL,violencia_social
ES,NOVA VENECIA,IOLANDA,violencia_social
ES,ANCHIETA,PONTA DOS CASTELHANOS,violencia_social
ES,CACHOEIRO DE ITAPEMIRIM,ALTO NOVO PARQUE,violencia_social
ES,JERONIMO MONTEIRO,PARADA CRISTAL,violencia_social
ES,CARIACICA,VILA ISABEL,violencia_social
ES,VITORIA,PONTAL DE CAMBURI,violencia_social
ES,ANCHIETA,BOA VISTA,violencia_social
ES,CACHOEIRO DE ITAPEMIRIM,RUI PINTO BANDEIRA,violencia_social
ES,MANTENOPOLIS,SANTA LUZIA DE MANTENOPOLIS,violencia_social
ES,CASTELO,ESPLANADA,violencia_social
ES,ARACRUZ,SAO CAMILO,violencia_social
ES,SAO JOSE DO CALCADO,SIZENALDO DE SA VIANA,violencia_social
ES,VITORIA,INHANGUETA,violencia_social
ES,ALFREDO CHAVES,OUTRO LOCAL,violencia_social
ES,SAO MATEUS,MORADA DO RIBEIRAO,violencia_social
ES,SAO ROQUE DO CANAA,VILA VERDE,violencia_social
ES,VILA VALERIO,VILA NOVA,violencia_social
ES,CARIACICA,VASCO DA GAMA,violencia_social
ES,ALTO RIO NOVO,ZONA RURAL,violencia_social
ES,SERRA,CARAPINA,violencia_social
ES,CARIACICA,VILA MERLO,violencia_social
ES,IBATIBA,BOA VISTA,violencia_social
ES,IBIRACU,RESIDENCIAL FRANCISCO CAMPAGNARO,violencia_social
ES,SERRA,COLINA DA SERRA,violencia_social
ES,IBATIBA,SONITER,violencia_social
ES,SANTA LEOPOLDINA,CRUBIXA,violencia_social
ES,CARIACICA,SAO BENEDITO,violencia_social
ES,CARIACICA,VILA PALESTINA,violencia_social
ES,SAO MATEUS,AYRTON SENNA,violencia_social
ES,SANTA MARIA DE JETIBA,BARRACAO DO RIO POSS MOUSER,violencia_social
ES,SERRA,CACAROCA,violencia_social
ES,MIMOSO DO SUL,MANGUEIRA,violencia_social
ES,BARRA DE SAO FRANCISCO,FAZENDA GERALDO COZER,violencia_social
ES,SAO DOMINGOS DO NORTE,ZONA RURAL,violencia_social
ES,VITORIA,SANTA TEREZA,violencia_social
ES,SANTA TERESA,ALVORADA,violencia_social
ES,MARILANDIA,SAO MARCOS,violencia_social
ES,LINHARES,REGENCIA,violencia_social
ES,SANTA MARIA DE JETIBA,GARRAFAO,violencia_social
ES,CACHOEIRO DE ITAPEMIRIM,SANTA CECILIA,violencia_social
ES,SERRA,PORTAL DE JACARAIPE,violencia_social
ES,AFONSO CLAUDIO,SAO LUIZ DA BOA SORTE,violencia_social
ES,BARRA DE SAO FRANCISCO,BAIRRO BAMBE,violencia_social
ES,SAO MATEUS,BOA VISTA,violencia_social
ES,SANTA MARIA DE JETIBA,LAMEGO,violencia_social
ES,CONCEICAO DA BARRA,VILA DOS PESCADORES,violencia_social
ES,VILA PAVAO,NOVA MUNIQUE,violencia_social
ES,SERRA,PRAIA DA BALEIA,violencia_social
ES,SANTA LEOPOLDINA,VILA NOVA,violencia_social
ES,CACHOEIRO DE ITAPEMIRIM,GILBERTO MACHADO,violencia_social
ES,GUACUI,SAO ROMAO,violencia_social
ES,PEDRO CANARIO,CANARINHA,violencia_social
ES,SOORETAMA,JUNCADO,violencia_social
ES,COLATINA,SANTA HELENA,violencia_social
ES,CONCEICAO DA BARRA,ANTONIO LOPEZ,violencia_social
ES,BARRA DE SAO FRANCISCO,MORRO DA COLINA,violencia_social
ES,VARGEM ALTA,SAO JOSE,violencia_social
ES,CACHOEIRO DE ITAPEMIRIM,ZONA RURAL,violencia_social
ES,VITORIA,MATA DA PRAIA,violencia_social
ES,GUACUI,BAIRRO DO NORTE,violencia_social
ES,PEDRO CANARIO,CAMATA,violencia_social
ES,IBATIBA,SAO JOSE,violencia_social
ES,SERRA,CAMARA,violencia_social
ES,VILA VELHA,SANTA PAULA I,violencia_social
ES,SERRA,COSTA BELLA,violencia_social
ES,MARATAIZES,NOVA MARATAIZES,violencia_social
ES,DOMINGOS MARTINS,VILA DA PAZ,violencia_social
ES,RIO NOVO DO SUL,ITATAIBA,violencia_social
ES,AGUIA BRANCA,CRISTO REI,violencia_social
ES,BOA ESPERANCA,SANTO ANTONIO DO POUSO ALEGRE,violencia_social
ES,MUQUI,ALTO BOA ESPERANCA,violencia_social
ES,NOVA VENECIA,CEDROLANDIA,violencia_social
ES,MUNIZ FREIRE,ALTO NORTE,violencia_social
ES,AFONSO CLAUDIO,ALTO GUANDU,violencia_social
ES,JAGUARE,IRMA TEREZA ALTOE,violencia_social
ES,ECOPORANGA,NOSSA SENHORA APARECIDA,violencia_social
ES,CONCEICAO DO CASTELO,OUTRO LOCAL,violencia_social
ES,SERRA,MATA DA SERRA,violencia_social
ES,VITORIA,MONTE BELO,violencia_social
ES,VENDA NOVA DO IMIGRANTE,BANANEIRAS,violencia_social
ES,MUNIZ FREIRE,VIEIRA MACHADO,violencia_social
ES,BARRA DE SAO FRANCISCO,VARGEM ALEGRE,violencia_social
ES,JOAO NEIVA,BAIRRO DA PENHA,violencia_social
ES,SANTA TERESA,OUTRO LOCAL,violencia_social
ES,VARGEM ALTA,JACIGUA,violencia_social
ES,CACHOEIRO DE ITAPEMIRIM,JARDIM ITAPEMIRIM,violencia_social
ES,CACHOEIRO DE ITAPEMIRIM,CAMPO DA LEOPOLDINA,violencia_social
ES,PANCAS,ALTO PANCAS,violencia_social
ES,AFONSO CLAUDIO,JOSE VALIM,violencia_social
ES,SAO ROQUE DO CANAA,SAO JACINTO,violencia_social
ES,ANCHIETA,BAIXO PONGAL,violencia_social
ES,ALEGRE,SANTA ANGELICA,violencia_social
ES,CACHOEIRO DE ITAPEMIRIM,OUTRO LOCAL,violencia_social
ES,SANTA MARIA DE JETIBA,RIO DOS GONCALVES,violencia_social
ES,PIUMA,ITAPUTANGA,violencia_social
ES,VITORIA,SANTOS DUMONT,violencia_social
ES,COLATINA,OLIVIO ZANOTELI,violencia_social
ES,CONCEICAO DA BARRA,ZONA RURAL,violencia_social
ES,AGUA DOCE DO NORTE,VISTA BELA,violencia_social
ES,SAO MATEUS,CRICARE,violencia_social
ES,ALEGRE,UNIVERSITARIO,violencia_social
ES,MARATAIZES,BELO HORIZONTE,violencia_social
ES,JERONIMO MONTEIRO,BOA ESPERANCA,violencia_social
ES,SAO ROQUE DO CANAA,SAO ROQUINHO,violencia_social
ES,SANTA TERESA,RECANTO DO VALE,violencia_social
ES,ECOPORANGA,HOMERO AMANTE,violencia_social
ES,GUACUI,SAO MIGUEL,violencia_social
ES,COLATINA,SAO VICENTE,violencia_social
ES,BARRA DE SAO FRANCISCO,BAIRRO VILA VICENTE,violencia_social
ES,IBATIBA,LACERDA SODRE DE ASSIS,violencia_social
ES,IRUPI,CENTRO,violencia_social
ES,VITORIA,ENSEADA DO SUA,violencia_social
ES,ATILIO VIVACQUA,CORREGO DA FAMA,violencia_social
ES,CONCEICAO DA BARRA,CHACARA DO ATLANTICO,violencia_social
ES,ALFREDO CHAVES,IPANEMA,violencia_social
ES,JERONIMO MONTEIRO,VILA BRITO,violencia_social
ES,GUARAPARI,LAMEIRAO,violencia_social
ES,SERRA,NOVA ZELANDIA,violencia_social
ES,PINHEIROS,OUTRO LOCAL,violencia_social
ES,SANTA LEOPOLDINA,CARAMURU,violencia_social
ES,VENDA NOVA DO IMIGRANTE,SANTA CRUZ,violencia_social
ES,VIANA,RIBEIRA,violencia_social
ES,SANTA LEOPOLDINA,RIO DAS FARINHAS,violencia_social
ES,SAO MATEUS,CARAPINA,violencia_social
ES,COLATINA,OPERARIO,violencia_social
ES,VITORIA,DE LOURDES,violencia_social
ES,VITORIA,DO CABRAL,violencia_social
ES,SANTA TERESA,DOIS PINHEIROS,violencia_social
ES,AGUA DOCE DO NORTE,ZONA RURAL,violencia_social
ES,APIACA,CENTRO,violencia_social
ES,ECOPORANGA,DIVINO ESPIRITO SANTO,violencia_social
ES,BARRA DE SAO FRANCISCO,OUTRO LOCAL,violencia_social
ES,CASTELO,VOLTA REDONDA,violencia_social
ES,IBIRACU,BELA VISTA,violencia_social
ES,DIVINO DE SAO LOURENCO,LIMO VERDE,violencia_social
ES,NOVA VENECIA,CENTRAL,violencia_social
ES,GUARAPARI,BARRO BRANCO,violencia_social
ES,SERRA,SAO FRANCISCO,violencia_social
ES,CONCEICAO DA BARRA,COBRAICE,violencia_social
ES,MARECHAL FLORIANO,BATATAL,violencia_social
ES,PIUMA,PORTINHO,violencia_social
ES,SANTA LEOPOLDINA,RIO DO MEIO,violencia_social
ES,VILA PAVAO,ZONA RURAL,violencia_social
ES,JOAO NEIVA,BAIRRO DE FATIMA,violencia_social
ES,LINHARES,JOSE RODRIGUES MACIEL,violencia_social
ES,COLATINA,SAO MARCOS,violencia_social
ES,CONCEICAO DA BARRA,MARIA MANTEIGA,violencia_social
ES,AGUIA BRANCA,CORREGO SAO JOAO,violencia_social
ES,CACHOEIRO DE ITAPEMIRIM,MARBRASA,violencia_social
ES,IBATIBA,FLORESTA I,violencia_social
ES,PIUMA,PIUMINAS,violencia_social
ES,SAO MATEUS,RIO PRETO,violencia_social
ES,LINHARES,POVOACAO,violencia_social
ES,NOVA VENECIA,DIADEMA,violencia_social
ES,ALFREDO CHAVES,QUARTO TERRITORIO,violencia_social
ES,ITAGUACU,BARRO PRETO,violencia_social
ES,CARIACICA,TABAJARA,violencia_social
ES,ARACRUZ,ZONA RURAL,violencia_social
ES,SERRA,CIDADE NOVA DA SERRA,violencia_social
ES,MIMOSO DO SUL,COQUEIRO,violencia_social
ES,AGUIA BRANCA,ZONA RURAL,violencia_social
ES,BAIXO GUANDU,MAUA,violencia_social
ES,SAO JOSE DO CALCADO,AIRITUBA,violencia_social
ES,GUARAPARI,CONDADOS DE GUARAPARI,violencia_social
ES,CACHOEIRO DE ITAPEMIRIM,JARDIM AMERICA,violencia_social
ES,AFONSO CLAUDIO,PIRACEMA,violencia_social
ES,SANTA MARIA DE JETIBA,CORREGO DO OURO,violencia_social
ES,GUARAPARI,COROADO,violencia_social
ES,CACHOEIRO DE ITAPEMIRIM,BOM PASTOR,violencia_social
ES,BOM JESUS DO NORTE,BELVEDERE,violencia_social
ES,VILA VELHA,ARGOLAS,violencia_social
ES,JAGUARE,AGUA LIMPA,violencia_social
ES,SAO GABRIEL DA PALHA,OUTRO LOCAL,violencia_social
ES,VITORIA,VILA RUBIM,violencia_social
ES,SERRA,BAIRRO DE FATIMA,violencia_social
ES,CACHOEIRO DE ITAPEMIRIM,MONTE ALEGRE,violencia_social
ES,ARACRUZ,ALDEIA BOA ESPERANCA,violencia_social
ES,MARECHAL FLORIANO,SANTA MARIA,violencia_social
ES,SERRA,SANTA LUZIA,violencia_social
ES,SAO GABRIEL DA PALHA,SAO JOSE,violencia_social
ES,MIMOSO DO SUL,SAO PEDRO DE ITABAPOANA,violencia_social
ES,COLATINA,QUINZE DE OUTUBRO,violencia_social
ES,VILA VELHA,JARDIM GUADALAJARA,violencia_social
ES,JOAO NEIVA,CARRARETO,violencia_social
ES,LARANJA DA TERRA,CENTRO,violencia_social
ES,ANCHIETA,JUSTICA II,violencia_social
ES,SANTA MARIA DE JETIBA,CARAMURU II,violencia_social
ES,ANCHIETA,PORTAL DE ANCHIETA,violencia_social
ES,MIMOSO DO SUL,VISTA ALEGRE,violencia_social
ES,CACHOEIRO DE ITAPEMIRIM,IBITIQUARA,violencia_social
ES,CONCEICAO DA BARRA,CENTRO,violencia_social
ES,SAO DOMINGOS DO NORTE,BRACO SUL,violencia_social
ES,CACHOEIRO DE ITAPEMIRIM,ILHA DA LUZ,violencia_social
ES,SANTA TERESA,SANTO ANTONIO DO CANAA,violencia_social
ES,GUACUI,BELA VISTA,violencia_social
ES,GUARAPARI,JARDIM BOA VISTA,violencia_social
ES,MARECHAL FLORIANO,ZONA RURAL,violencia_social
ES,ICONHA,ZONA RURAL,violencia_social
ES,MUQUI,ALIANCA,violencia_social
ES,VILA VELHA,SANTA PAULA II,violencia_social
ES,SANTA TERESA,SAO JOAO DE PETROPOLIS,violencia_social
ES,VILA VELHA,JARDIM COLORADO,violencia_social
ES,VILA VELHA,CAVALIERE,violencia_social
ES,ALEGRE,ANUTIBA,violencia_social
ES,SANTA LEOPOLDINA,PEDRA BRANCA,violencia_social
ES,COLATINA,VILA NOVA,violencia_social
ES,SERRA,ROSARIO DE FATIMA,violencia_social
ES,VILA VALERIO,SAUDE,violencia_social
ES,COLATINA,LUIZ IGLESIAS,violencia_social
ES,VARGEM ALTA,PROSPERIDADE,violencia_social
ES,JAGUARE,NOVO TEMPO,violencia_social
ES,SANTA TERESA,PEDRA ALEGRE,violencia_social
ES,BOA ESPERANCA,BOA MIRA,violencia_social
ES,CACHOEIRO DE ITAPEMIRIM,CORREGO DO BRAS,violencia_social
ES,SAO JOSE DO CALCADO,DIVINEIA,violencia_social
ES,PINHEIROS,JARDIM PLANALTO,violencia_social
ES,VITORIA,JABOUR,violencia_social
ES,SERRA,SAO JUDAS TADEU,violencia_social
ES,SERRA,CONTINENTAL,violencia_social
ES,SAO GABRIEL DA PALHA,SAO SEBASTIAO,violencia_social
ES,RIO BANANAL,CORREGO PRIMAVERA,violencia_social
ES,ITAPEMIRIM,PIABANHA DO NORTE,violencia_social
ES,NOVA VENECIA,BONFIM,violencia_social
ES,SANTA TERESA,ALTO VARZEA ALEGRE,violencia_social
ES,LARANJA DA TERRA,ZONA RURAL,violencia_social
ES,VENDA NOVA DO IMIGRANTE,VARGEM GRANDE,violencia_social
ES,NOVA VENECIA,NOSSA SENHORA DE FATIMA,violencia_social
ES,SOORETAMA,JOEIRANAIS,violencia_social
ES,SAO GABRIEL DA PALHA,APARECIDA,violencia_social
ES,CACHOEIRO DE ITAPEMIRIM,MONTE LIBANO,violencia_social
ES,SANTA TERESA,VARZEA ALEGRE,violencia_social
ES,MARECHAL FLORIANO,JARBINHAS,violencia_social
ES,SANTA MARIA DE JETIBA,ALTOS SEBASTIAO,violencia_social
ES,PINHEIROS,ZONA RURAL,violencia_social
ES,SANTA MARIA DE JETIBA,RIO CLARO,violencia_social
ES,COLATINA,CORREGO DA PONTE,violencia_social
ES,COLATINA,MACUCO,violencia_social
ES,DIVINO DE SAO LOURENCO,ZONA RURAL,violencia_social
ES,ATILIO VIVACQUA,PRACA DO ORIENTE,violencia_social
ES,SERRA,CONJUNTO JACARAIPE,violencia_social
ES,IBIRACU,ARICANGA,violencia_social
ES,JAGUARE,JOAO BOSCO,violencia_social
ES,IBITIRAMA,CENTRO,violencia_social
ES,SAO MATEUS,VILA NOVA,violencia_social
ES,AFONSO CLAUDIO,SAO TARCISIO,violencia_social
ES,VITORIA,CONSOLACAO,violencia_social
ES,SAO GABRIEL DA PALHA,BARRA SECA,violencia_social
ES,IBIRACU,SAO CRISTOVAO,violencia_social
ES,CACHOEIRO DE ITAPEMIRIM,SAO JOAQUIM,violencia_social
ES,MONTANHA,FUNDAO,violencia_social
ES,AGUA DOCE DO NORTE,GOVERNADOR LACERDA,violencia_social
ES,COLATINA,MORADA DO SOL,violencia_social
ES,CASTELO,CASTELO III,violencia_social
ES,ALEGRE,VILA ALTA,violencia_social
ES,SERRA,JOSE DE ANCHIETA III,violencia_social
ES,RIO BANANAL,SANTA HELENA,violencia_social
ES,COLATINA,JARDIM PLANALTO,violencia_social
ES,LINHARES,VILA IZABEL,violencia_social
ES,SERRA,BOULEVARD LAGOA,violencia_social
ES,VILA VELHA,PONTA DA FRUTA,violencia_social
ES,ANCHIETA,PRAIA DE UBU,violencia_social
ES,ALEGRE,CHARQUEADA,violencia_social
ES,VILA VELHA,SANTA CLARA,violencia_social
ES,MUNIZ FREIRE,AMORIM,violencia_social
ES,MARILANDIA,VILA PALMIRA,violencia_social
ES,PANCAS,PANQUINHAS,violencia_social
ES,GUACUI,SANTA CRUZ,violencia_social
ES,CACHOEIRO DE ITAPEMIRIM,BASILEIA,violencia_social
ES,JOAO NEIVA,CRUZEIRO,violencia_social
ES,MIMOSO DO SUL,INHUMA,violencia_social
ES,CARIACICA,TIRADENTES,violencia_social
ES,VITORIA,MORADA DE CAMBURI,violencia_social
ES,GOVERNADOR LINDENBERG,CENTRO,violencia_social
ES,DOMINGOS MARTINS,PARAJU,violencia_social
ES,VARGEM ALTA,ZONA RURAL,violencia_social
ES,DORES DO RIO PRETO,CACHOEIRA ALEGRE,violencia_social
ES,APIACA,FRANCISCO JORGE DA SILVA,violencia_social
ES,SERRA,CIVIT II,violencia_social
ES,IRUPI,OUTRO LOCAL,violencia_social
ES,MUNIZ FREIRE,SAO VICENTE DE PAULA,violencia_social
ES,BOA ESPERANCA,ILMO COVRE,violencia_social
ES,CARIACICA,VALE ESPERANCA,violencia_social
ES,PRESIDENTE KENNEDY,CACIMBINHA,violencia_social
ES,ALFREDO CHAVES,CENTRO,violencia_social
ES,BARRA DE SAO FRANCISCO,MONTE SENIR,violencia_social
ES,SAO MATEUS,CHACARA DO CRICARE,violencia_social
ES,SANTA TERESA,SAO LOURENCO,violencia_social
ES,SAO JOSE DO CALCADO,NITEROI,violencia_social
ES,SERRA,GUARACIABA,violencia_social
ES,PRESIDENTE KENNEDY,SAO SALVADOR,violencia_social
ES,BOA ESPERANCA,CRUZEIRO,violencia_social
ES,NOVA VENECIA,CRISTALINO,violencia_social
ES,VITORIA,ANTONIO HONORIO,violencia_social
ES,IBATIBA,TROCATE,violencia_social
ES,JERONIMO MONTEIRO,OUTRO LOCAL,violencia_social
ES,COLATINA,OUTRO LOCAL,violencia_social
ES,MUQUI,SAO DOMINGOS,violencia_social
ES,SOORETAMA,OUTRO LOCAL,violencia_social
ES,SERRA,CIVIT I,violencia_social
ES,MARECHAL FLORIANO,OUTRO LOCAL,violencia_social
ES,IBATIBA,FLORESTA,violencia_social
ES,CARIACICA,SANTA PAULA,violencia_social
ES,BOA ESPERANCA,AGUA BOA,violencia_social
ES,COLATINA,SAO JOAO PEQUENO,violencia_social
ES,VITORIA,BENTO FERREIRA,violencia_social
ES,ALFREDO CHAVES,ZONA RURAL,violencia_social
ES,IBIRACU,PEDRO PALACIOS,violencia_social
ES,VENDA NOVA DO IMIGRANTE,SAO JOSE DO ALTO VICOSA,violencia_social
ES,VITORIA,SANTOS REIS,violencia_social
ES,MARECHAL FLORIANO,VICTOR HUGO,violencia_social
ES,SANTA TERESA,CENTENARIO,violencia_social
ES,SANTA MARIA DE JETIBA,ALTO RIO TRIUNFO,violencia_social
ES,CACHOEIRO DE ITAPEMIRIM,SANTA HELENA,violencia_social
ES,VITORIA,SANTA CLARA,violencia_social
ES,CACHOEIRO DE ITAPEMIRIM,COSTA E SILVA,violencia_social
ES,PRESIDENTE KENNEDY,SAO PAULO,violencia_social
ES,MONTANHA,ALCEBIADES,violencia_social
ES,ICONHA,SANTA LUZIA,violencia_social
ES,SANTA LEOPOLDINA,COLINA VERDE,violencia_social
ES,ITAPEMIRIM,BREJO GRANDE DO NORTE,violencia_social
ES,SANTA TERESA,JARDIM DA MONTANHA,violencia_social
ES,ARACRUZ,SAO JOSE,violencia_social
ES,COLATINA,ANTONIO DAMIANI,violencia_social
ES,IBIRACU,CAMPAGNARO,violencia_social
ES,BREJETUBA,CORREGO GRANDE,violencia_social
ES,SANTA TERESA,CALDEIRAO,violencia_social
ES,SAO MATEUS,NOVA ERA,violencia_social
ES,MARILANDIA,GERMANO,violencia_social
ES,ITARANA,BARRA DO LIMEIRO,violencia_social
ES,ARACRUZ,POLIVALENTE,violencia_social
ES,MARILANDIA,VISTA BELA,violencia_social
ES,COLATINA,RIVIERA,violencia_social
ES,CASTELO,MONTE ALVERNE,violencia_social
ES,CARIACICA,SOTEMA,violencia_social
ES,GUACUI,SANTO ANTONIO,violencia_social
ES,VITORIA,SAO BENEDITO,violencia_social
ES,PRESIDENTE KENNEDY,SANTA LUCIA,violencia_social
ES,ARACRUZ,RECANTO FELIZ,violencia_social
ES,IRUPI,LOTEAMENTO WILSON FERNANDES FERREIRA,violencia_social
ES,AFONSO CLAUDIO,ALEGORIA,violencia_social
ES,NOVA VENECIA,SAO FRANCISCO,violencia_social
ES,SAO MATEUS,QUILOMETRO,violencia_social
ES,CACHOEIRO DE ITAPEMIRIM,SAO GERALDO,violencia_social
ES,SAO GABRIEL DA PALHA,SAO VICENTE,violencia_social
ES,BREJETUBA,SAO DOMINGOS PEQUENO,violencia_social
ES,VITORIA,PARQUE MOSCOSO,violencia_social
ES,CONCEICAO DO CASTELO,CECILIA LARRIEU,violencia_social
ES,VITORIA,DO QUADRO,violencia_social
ES,VARGEM ALTA,CORREGO DO OURO,violencia_social
ES,JAGUARE,MATA ATLANTICA,violencia_social
ES,IBIRACU,ZONA RURAL,violencia_social
ES,ARACRUZ,SANTA ROSA,violencia_social
ES,COLATINA,MARIA ISMENIA,violencia_social
ES,DOMINGOS MARTINS,RIBEIRAO CAPIXABA,violencia_social
ES,MIMOSO DO SUL,UNIAO,violencia_social
ES,BARRA DE SAO FRANCISCO,CORREGO DA PENHA,violencia_social
ES,ALFREDO CHAVES,OURO BRANCO,violencia_social
ES,ITAGUACU,MATA PAU,violencia_social
ES,BREJETUBA,BREJAUBINHA,violencia_social
ES,IBIRACU,ELIAS BRAGATTO,violencia_social
ES,SAO MATEUS,RESIDENCIAL JACUI,violencia_social
ES,CONCEICAO DA BARRA,MARCILIO DIAS I,violencia_social
ES,CONCEICAO DO CASTELO,JATOBA,violencia_social
ES,BOA ESPERANCA,OUTRO LOCAL,violencia_social
ES,PANCAS,LIRIO DOS VALES,violencia_social
ES,MIMOSO DO SUL,ITAPOA,violencia_social
ES,CASTELO,SANTO ANDREZINHO,violencia_social
ES,AFONSO CLAUDIO,RIBEIRAO DO COSTA,violencia_social
ES,GUACUI,MORADA DAS PALMEIRAS,violencia_social
ES,ANCHIETA,CANTAGALO,violencia_social
ES,CARIACICA,MARACANA,violencia_social
ES,PANCAS,SEBASTIAO FURTADO,violencia_social
ES,CACHOEIRO DE ITAPEMIRIM,ALVARO TAVARES,violencia_social
ES,IBATIBA,SANTA CLARA,violencia_social
ES,PONTO BELO,FUNDAO,violencia_social
ES,JOAO NEIVA,SANTO AFONSO,violencia_social
ES,MARATAIZES,PRAIA DOS CACOES,violencia_social
ES,MARATAIZES,NOVA JERUSALEM,violencia_social
ES,SANTA LEOPOLDINA,MOXAFONGO,violencia_social
ES,AFONSO CLAUDIO,SAO PEDRO,violencia_social
ES,PANCAS,VILA NOVA,violencia_social
ES,PANCAS,NOSSA SENHORA DAS GRACAS,violencia_social
ES,MIMOSO DO SUL,ALTO SERTAO SEBASTIAO,violencia_social
ES,GUARAPARI,PONTAL DE SANTA MONICA,violencia_social
ES,LINHARES,MOBRASA,violencia_social
ES,CACHOEIRO DE ITAPEMIRIM,GRUTA DE BAIXO,violencia_social
ES,VIANA,NOVA VIANA,violencia_social
ES,SANTA TERESA,APARECIDINHA,violencia_social
ES,MIMOSO DO SUL,MORRO DA PALHA,violencia_social
ES,SERRA,SAO MARCOS I,violencia_social
ES,CACHOEIRO DE ITAPEMIRIM,MORRO GRANDE,violencia_social
ES,DOMINGOS MARTINS,ISABEL,violencia_social
ES,SAO ROQUE DO CANAA,PICADAO DE SAO ROQUE,violencia_social
ES,PRESIDENTE KENNEDY,MOROBA,violencia_social
ES,ICONHA,JARDIM JANDYRA,violencia_social
ES,CASTELO,BAIXA ITALIA,violencia_social
ES,CACHOEIRO DE ITAPEMIRIM,WALDIR FURTADO AMORIM,violencia_social
ES,ALEGRE,ARARAI,violencia_social
ES,ITAGUACU,SOBREIRO,violencia_social
ES,MIMOSO DO SUL,NOVO BRASIL,violencia_social
ES,BARRA DE SAO FRANCISCO,CACHOEIRINHA DE ITAUNA,violencia_social
ES,ANCHIETA,VILA RESIDENCIAL ANCHIETA,violencia_social
ES,ITAGUACU,FLORENCIO HERZOG,violencia_social
ES,SERRA,BARRO BRANCO,violencia_social
ES,PINHEIROS,NITEROI,violencia_social
ES,VILA PAVAO,ONDINA,violencia_social
ES,FUNDAO,MIRANTE DA PRAIA,violencia_social
ES,GUARAPARI,SAO JUDAS TADEU,violencia_social
ES,MUQUI,BOA ESPERANCA,violencia_social
ES,VITORIA,ARIOVALDO FAVALESSA,violencia_social
ES,MARATAIZES,BREJO DOS PATOS,violencia_social
ES,GUARAPARI,RIO GRANDE,violencia_social
ES,MIMOSO DO SUL,FUNIL,violencia_social
ES,IUNA,PERDICAO,violencia_social
ES,MARILANDIA,BREJAL,violencia_social
ES,AGUIA BRANCA,JOAO PAULO II,violencia_social
ES,ANCHIETA,RECANTO DO SOL,violencia_social
ES,VILA PAVAO,OUTRO LOCAL,violencia_social
ES,ALEGRE,ANTONIO LEMOS JUNIOR,violencia_social
ES,ANCHIETA,PORTO DE CIMA,violencia_social
ES,VILA VELHA,NOVA PONTA DA FRUTA,violencia_social
ES,PRESIDENTE KENNEDY,CAMPO NOVO I,violencia_social
ES,LARANJA DA TERRA,RECANTO DOS POETAS,violencia_social
ES,VILA VELHA,CHACARA DO CONDE,violencia_social
ES,MONTANHA,VINHATICO,violencia_social
ES,DOMINGOS MARTINS,MELGACO,violencia_social
ES,RIO NOVO DO SUL,QUARTEIRAO DE SANTANA,violencia_social
ES,VILA VELHA,ZONA RURAL,violencia_social
ES,VIANA,JUCU,violencia_social
ES,SAO ROQUE DO CANAA,CENTRO,violencia_social
ES,ALFREDO CHAVES,QUINTO TERRITORIO,violencia_social
ES,CONCEICAO DA BARRA,MARCILIO DIAS II,violencia_social
ES,ITAPEMIRIM,RETIRO,violencia_social
ES,IBITIRAMA,SANTA MARTA,violencia_social
ES,CONCEICAO DA BARRA,SANTO AMARO,violencia_social
ES,SANTA MARIA DE JETIBA,SAO BENTO,violencia_social
ES,COLATINA,GRACA ARANHA,violencia_social
ES,LARANJA DA TERRA,JOATUBA,violencia_social
ES,BREJETUBA,OUTRO LOCAL,violencia_social
ES,COLATINA,PONTE DO PANCAS,violencia_social
ES,VILA VELHA,CIDADE DA BARRA,violencia_social
ES,SERRA,CAMPINHO DA SERRA II,violencia_social
ES,GUARAPARI,TODOS OS SANTOS,violencia_social
ES,BOA ESPERANCA,SAO JOSE DO SOBRADINHO,violencia_social
ES,CARIACICA,PIRANEMA,violencia_social
ES,CONCEICAO DA BARRA,SANTA RITA,violencia_social
ES,MARATAIZES,LAGOA DANTAS,violencia_social
ES,VITORIA,SOLON BORGES,violencia_social
ES,SERRA,PARQUE RESIDENCIAL NOVA ALMEIDA,violencia_social
ES,VARGEM ALTA,ALTO CASTELINHO,violencia_social
ES,PEDRO CANARIO,OUTRO LOCAL,violencia_social
ES,IBITIRAMA,SAO FRANCISCO,violencia_social
ES,JAGUARE,BARRA SECA VELHA,violencia_social
ES,AGUIA BRANCA,SANTA CRUZ,violencia_social
ES,COLATINA,ESPLANADA,violencia_social
ES,IBIRACU,SAO BENEDITO,violencia_social
ES,MARILANDIA,CONJUNTO HABITACIONAL HONORIO PASSAMANI,violencia_social
ES,SAO MATEUS,MORRO DA ONCA,violencia_social
ES,RIO NOVO DO SUL,BORSOI,violencia_social
ES,ANCHIETA,EMBOACICA OU SACI,violencia_social
ES,SAO MATEUS,NOVA CONQUISTA,violencia_social
ES,SAO MATEUS,CORREGO DA AREIA,violencia_social
ES,CONCEICAO DO CASTELO,CANTINHO DO CEU,violencia_social
ES,SERRA,JARDIM PRIMAVERA,violencia_social
ES,ECOPORANGA,SANTA TEREZINHA,violencia_social
ES,SANTA TERESA,PENHA,violencia_social
ES,VIANA,CAXIAS DO SUL,violencia_social
ES,IUNA,TINGUACIBA,violencia_social
ES,PEDRO CANARIO,VISTA ALEGRE,violencia_social
ES,CACHOEIRO DE ITAPEMIRIM,FERROVIARIOS,violencia_social
ES,COLATINA,ADELIA GIUBERTTI,violencia_social
ES,SERRA,HELIO FERRAZ,violencia_social
ES,IUNA,SAO JOAO DO PRINCIPE,violencia_social
ES,GUACUI,EDITH CASTRO,violencia_social
ES,ITAPEMIRIM,CORREGO DO OURO,violencia_social
ES,ANCHIETA,ANCHIETA,violencia_social
ES,CONCEICAO DA BARRA,NOSSA SENHORA APARECIDA,violencia_social
ES,PRESIDENTE KENNEDY,CAMPINAS,violencia_social
ES,JOAO NEIVA,CRUBIXA,violencia_social
ES,SERRA,JARDIM GUANABARA,violencia_social
ES,SAO ROQUE DO CANAA,CABECEIRA DO RIO MUTUM,violencia_social
ES,ALTO RIO NOVO,PALMERINO,violencia_social
ES,PRESIDENTE KENNEDY,LEONEL,violencia_social
ES,CASTELO,PATRIMONIO DO OURO,violencia_social
ES,ARACRUZ,PRAIA FORMOSA,violencia_social
ES,LINHARES,RIO DO NORTE,violencia_social
ES,MARECHAL FLORIANO,BOA ESPERANCA,violencia_social
ES,MUQUI,SAO PEDRO,violencia_social
ES,MIMOSO DO SUL,SERRA,violencia_social
ES,MUNIZ FREIRE,FORTALEZA,violencia_social
ES,SERRA,POLO INSDUSTRIAL TUBARAO,violencia_social
ES,GUARAPARI,LAGOA FUNDA,violencia_social
ES,CONCEICAO DA BARRA,SANTANA,violencia_social
ES,SANTA TERESA,RIO SALTINHO,violencia_social
ES,GUACUI,ANTONIO FRANCISCO MOREIRA,violencia_social
ES,AGUA DOCE DO NORTE,CABECEIRA DO SANTO AGOSTINHO,violencia_social
ES,CASTELO,CAVA ROXA,violencia_social
ES,ARACRUZ,SAUACU,violencia_social
ES,ALTO RIO NOVO,ALTO RIO NOVO,violencia_social
ES,JAGUARE,CORREGO CAXIMBAU,violencia_social
ES,CONCEICAO DA BARRA,OUTRO LOCAL,violencia_social
ES,CARIACICA,ALICE COUTINHO,violencia_social
ES,COLATINA,ACAMPAMENTO,violencia_social
ES,ALFREDO CHAVES,SANTA LUZIA,violencia_social
ES,COLATINA,SANTA MONICA,violencia_social
ES,DOMINGOS MARTINS,PECANHA,violencia_social
ES,MUNIZ FREIRE,ASSUNCAO,violencia_social
ES,LINHARES,NOVA BETANIA,violencia_social
ES,IBIRACU,ERICINA,violencia_social
ES,ARACRUZ,SANTA MARTA,violencia_social
ES,SOORETAMA,VALE DO SOL,violencia_social
ES,PANCAS,VILA VERDE,violencia_social
ES,GUARAPARI,ELZA NADER,violencia_social
ES,SAO MATEUS,SAO BRAS,violencia_social
ES,SAO GABRIEL DA PALHA,GLORIA,violencia_social
ES,SAO DOMINGOS DO NORTE,CENTRO,violencia_social
ES,FUNDAO,ENSEADA DAS GARCAS,violencia_social
ES,VIANA,MAMOEIRO,violencia_social
ES,VIANA,PEIXE VERDE,violencia_social
ES,NOVA VENECIA,GUARAREMA,violencia_social
ES,SAO MATEUS,CEREJEIRA,violencia_social
ES,ATILIO VIVACQUA,FLECHEIRA,violencia_social
ES,SERRA,MARBELLA,violencia_social
ES,SAO GABRIEL DA PALHA,CORREGO ARARA,violencia_social
ES,BARRA DE SAO FRANCISCO,BAIRRO ALVORADA,violencia_social
ES,IBITIRAMA,PEDRA ROXA,violencia_social
ES,IBIRACU,BOA VISTA,violencia_social
ES,COLATINA,SAGRADO CORACAO DE JESUS,violencia_social
ES,ALEGRE,CAFE,violencia_social
ES,AFONSO CLAUDIO,EMPOSSADO,violencia_social
ES,MARECHAL FLORIANO,ALTO MARECHAL,violencia_social
ES,MUCURICI,PLANALTO,violencia_social
ES,CONCEICAO DO CASTELO,CAMPO VERDE,violencia_social
