data_fato,hora_fato,grupo_incidente,tipo_incidente,uf,idade,genero,cor,municipio,bairro,tipo_local,fonte_dados,categoria_macro,ano,mes,mes_nome,data_mes,dia_da_semana_num,dia_da_semana,fim_de_semana,hora_num,periodo_dia,faixa_etaria
2025-01-01,09:04,CRIMES CONTRA A PESSOA,HOMICIDIO DOLOSO,ES,45.0,1 MASCULINO,PARDA,VILA VELHA,JARDIM GUARANHUNS,DOMICILIO,homicidios,violencia_social,2025,1,JAN,2025-01-01,2,QUA,False,9,MANHA,45_54
2025-01-01,07:31,CRIMES CONTRA A PESSOA,HOMICIDIO DOLOSO,ES,39.0,1 MASCULINO,PARDA,LINHARES,PONTAL DO IPIRANGA,TERRENO BALDIO CONSTRUCAO MATA,homicidios,violencia_social,2025,1,JAN,2025-01-01,2,QUA,False,7,MANHA,35_44
2025-01-01,04:17,CRIMES CONTRA A PESSOA,HOMICIDIO DOLOSO,ES,44.0,1 MASCULINO,PARDA,VILA VELHA,BARRAMARES,VIA PUBLICA,homicidios,violencia_social,2025,1,JAN,2025-01-01,2,QUA,False,4,MADRUGADA,35_44
2025-01-01,01:08,CRIMES CONTRA A PESSOA,HOMICIDIO DOLOSO,ES,17.0,1 MASCULINO,PARDA,DIVINO DE SAO LOURENCO,PATRIMONIO DA PENHA,VIA PUBLICA,homicidios,violencia_social,2025,1,JAN,2025-01-01,2,QUA,False,1,MADRUGADA,15_17
2025-02-01,08:09,CRIMES CONTRA A PESSOA,HOMICIDIO DOLOSO,ES,21.0,1 MASCULINO,PARDA,VIANA,SOTECO,VIA PUBLICA,homicidios,violencia_social,2025,2,FEV,2025-02-01,5,SAB,True,8,MANHA,18_24
2025-03-01,22:32,CRIMES CONTRA A PESSOA,HOMICIDIO DOLOSO,ES,43.0,1 MASCULINO,BRANCA,SERRA,VILA NOVA DE COLARES,VIA PUBLICA,homicidios,violencia_social,2025,3,MAR,2025-03-01,5,SAB,True,22,NOITE,35_44
2025-03-01,22:35,CRIMES CONTRA A PESSOA,HOMICIDIO DOLOSO,ES,40.0,2 FEMININO,NEGRA,SERRA,CENTRAL CARAPINA,VIA PUBLICA,homicidios,violencia_social,2025,3,MAR,2025-03-01,5,SAB,True,22,NOITE,35_44
2025-03-01,01:04,CRIMES CONTRA A PESSOA,HOMICIDIO DOLOSO,ES,44.0,1 MASCULINO,PARDA,BOA ESPERANCA,BAIRRO_NAO_INFORMADO,ESTABELECIMENTO COMERCIAL,homicidios,violencia_social,2025,3,MAR,2025-03-01,5,SAB,True,1,MADRUGADA,35_44
2025-05-01,23:25,CRIMES CONTRA A PESSOA,FEMINICIDIO,ES,19.0,2 FEMININO,PARDA,SERRA,JOSE DE ANCHIETA,DOMICILIO,homicidios,violencia_social,2025,5,MAI,2025-05-01,3,QUI,False,23,NOITE,18_24
2025-05-01,20:44,CRIMES CONTRA A PESSOA,HOMICIDIO DOLOSO,ES,22.0,1 MASCULINO,BRANCA,SOORETAMA,CENTRO,ESTABELECIMENTO COMERCIAL,homicidios,violencia_social,2025,5,MAI,2025-05-01,3,QUI,False,20,NOITE,18_24
2025-05-01,19:30,CRIMES CONTRA A PESSOA,HOMICIDIO DOLOSO,ES,36.0,1 MASCULINO,PARDA,CARIACICA,JARDIM BOTANICO,ESTABELECIMENTO COMERCIAL,homicidios,violencia_social,2025,5,MAI,2025-05-01,3,QUI,False,19,NOITE,35_44
2025-05-01,10:10,CRIMES CONTRA A PESSOA,HOMICIDIO DOLOSO,ES,49.0,1 MASCULINO,BRANCA,FUNDAO,CENTRO,DOMICILIO,homicidios,violencia_social,2025,5,MAI,2025-05-01,3,QUI,False,10,MANHA,45_54
2025-05-01,08:10,CRIMES CONTRA A PESSOA,HOMICIDIO DOLOSO,ES,51.0,2 FEMININO,PARDA,SERRA,LARANJEIRAS VELHA,ESTABELECIMENTO INDUSTRIAL,homicidios,violencia_social,2025,5,MAI,2025-05-01,3,QUI,False,8,MANHA,45_54
2025-06-01,12:19,CRIMES CONTRA A PESSOA,HOMICIDIO DOLOSO,ES,17.0,2 FEMININO,BRANCA,CARIACICA,PADRE GABRIEL,VIA PUBLICA,homicidios,violencia_social,2025,6,JUN,2025-06-01,6,DOM,True,12,TARDE,15_17
2025-06-01,08:09,CRIMES CONTRA A PESSOA,HOMICIDIO DOLOSO,ES,26.0,1 MASCULINO,PARDA,CARIACICA,RETIRO SAUDOSO,VIA PUBLICA,homicidios,violencia_social,2025,6,JUN,2025-06-01,6,DOM,True,8,MANHA,25_34
2025-09-01,00:57,CRIMES CONTRA A PESSOA,HOMICIDIO DOLOSO,ES,22.0,1 MASCULINO,PARDA,LINHARES,NOVA BETHANIA,VIA PUBLICA,homicidios,violencia_social,2025,9,SET,2025-09-01,0,SEG,False,0,MADRUGADA,18_24
2025-10-01,15:56,CRIMES CONTRA A PESSOA,HOMICIDIO DOLOSO,ES,22.0,1 MASCULINO,PARDA,VILA VELHA,RIO MARINHO,VIA PUBLICA,homicidios,violencia_social,2025,10,OUT,2025-10-01,2,QUA,False,15,TARDE,18_24
2025-10-01,06:30,CRIMES CONTRA A PESSOA,HOMICIDIO DOLOSO,ES,30.0,1 MASCULINO,PARDA,MARATAIZES,ACAPULCO,UNIDADE PRISIONAL,homicidios,violencia_social,2025,10,OUT,2025-10-01,2,QUA,False,6,MANHA,25_34
2025-11-01,22:23,CRIMES CONTRA A PESSOA,HOMICIDIO DOLOSO,ES,35.0,1 MASCULINO,PARDA,VITORIA,ESTRELINHA,DOMICILIO,homicidios,violencia_social,2025,11,NOV,2025-11-01,5,SAB,True,22,NOITE,35_44
2025-11-01,02:39,CRIMES CONTRA A PESSOA,HOMICIDIO DOLOSO,ES,18.0,1 MASCULINO,PARDA,ALEGRE,RIVE,ESTABELECIMENTO COMERCIAL,homicidios,violencia_social,2025,11,NOV,2025-11-01,5,SAB,True,2,MADRUGADA,18_24
2025-12-01,14:54,CRIMES CONTRA A PESSOA,HOMICIDIO DOLOSO,ES,51.0,1 MASCULINO,PARDA,VITORIA,CONQUISTA,TERRENO BALDIO CONSTRUCAO MATA,homicidios,violencia_social,2025,12,DEZ,2025-12-01,0,SEG,False,14,TARDE,45_54
2025-12-01,09:09,CRIMES CONTRA A PESSOA,HOMICIDIO DOLOSO,ES,19.0,1 MASCULINO,PARDA,SERRA,BALNEARIO DE CARAPEBUS,TERRENO BALDIO CONSTRUCAO MATA,homicidios,violencia_social,2025,12,DEZ,2025-12-01,0,SEG,False,9,MANHA,18_24
2025-01-13,19:32,CRIMES CONTRA A PESSOA,HOMICIDIO DOLOSO,ES,41.0,1 MASCULINO,BRANCA,VITORIA,ROMAO,VIA PUBLICA,homicidios,violencia_social,2025,1,JAN,2025-01-01,0,SEG,False,19,NOITE,35_44
2025-01-13,16:22,CRIMES CONTRA A PESSOA,HOMICIDIO DOLOSO,ES,37.0,1 MASCULINO,BRANCA,JAGUARE,SAO ROQUE,DOMICILIO,homicidios,violencia_social,2025,1,JAN,2025-01-01,0,SEG,False,16,TARDE,35_44
2025-01-13,04:34,CRIMES CONTRA A PESSOA,HOMICIDIO DOLOSO,ES,35.0,1 MASCULINO,BRANCA,CARIACICA,PORTO BELO,VIA PUBLICA,homicidios,violencia_social,2025,1,JAN,2025-01-01,0,SEG,False,4,MADRUGADA,35_44
2025-01-13,02:09,CRIMES CONTRA A PESSOA,HOMICIDIO DOLOSO,ES,22.0,1 MASCULINO,PARDA,COLATINA,QUINZE DE OUTUBRO,VIA PUBLICA,homicidios,violencia_social,2025,1,JAN,2025-01-01,0,SEG,False,2,MADRUGADA,18_24
2025-01-14,23:19,CRIMES CONTRA A PESSOA,HOMICIDIO DOLOSO,ES,37.0,1 MASCULINO,PARDA,BAIXO GUANDU,MASCARENHAS,DOMICILIO,homicidios,violencia_social,2025,1,JAN,2025-01-01,1,TER,False,23,NOITE,35_44
2025-01-14,20:58,CRIMES CONTRA A PESSOA,HOMICIDIO DOLOSO,ES,32.0,1 MASCULINO,PARDA,VITORIA,JUCUTUQUARA,VIA PUBLICA,homicidios,violencia_social,2025,1,JAN,2025-01-01,1,TER,False,20,NOITE,25_34
2025-01-14,20:15,CRIMES CONTRA A PESSOA,HOMICIDIO DOLOSO,ES,30.0,1 MASCULINO,PARDA,GOVERNADOR LINDENBERG,NOVA BRASILIA,DOMICILIO,homicidios,violencia_social,2025,1,JAN,2025-01-01,1,TER,False,20,NOITE,25_34
2025-01-14,20:15,CRIMES CONTRA A PESSOA,HOMICIDIO DOLOSO,ES,27.0,1 MASCULINO,PARDA,GOVERNADOR LINDENBERG,NOVA BRASILIA,DOMICILIO,homicidios,violencia_social,2025,1,JAN,2025-01-01,1,TER,False,20,NOITE,25_34
2025-01-15,18:05,CRIMES CONTRA A PESSOA,HOMICIDIO DOLOSO,ES,48.0,1 MASCULINO,PARDA,SAO MATEUS,GURIRI,VIA PUBLICA,homicidios,violencia_social,2025,1,JAN,2025-01-01,2,QUA,False,18,NOITE,45_54
2025-01-16,04:54,CRIMES CONTRA A PESSOA,HOMICIDIO DOLOSO,ES,42.0,1 MASCULINO,PARDA,VITORIA,VILA RUBIM,VIA PUBLICA,homicidios,violencia_social,2025,1,JAN,2025-01-01,3,QUI,False,4,MADRUGADA,35_44
2025-01-17,17:42,CRIMES CONTRA A PESSOA,HOMICIDIO DOLOSO,ES,39.0,1 MASCULINO,BRANCA,VITORIA,GRANDE VITORIA,VIA PUBLICA,homicidios,violencia_social,2025,1,JAN,2025-01-01,4,SEX,False,17,TARDE,35_44
2025-01-17,16:43,CRIMES CONTRA A PESSOA,HOMICIDIO DOLOSO,ES,22.0,1 MASCULINO,BRANCA,SERRA,CENTRAL CARAPINA,TERRENO BALDIO CONSTRUCAO MATA,homicidios,violencia_social,2025,1,JAN,2025-01-01,4,SEX,False,16,TARDE,18_24
2025-01-18,22:10,CRIMES CONTRA A PESSOA,HOMICIDIO DOLOSO,ES,36.0,1 MASCULINO,PARDA,VITORIA,COMDUSA,DOMICILIO,homicidios,violencia_social,2025,1,JAN,2025-01-01,5,SAB,True,22,NOITE,35_44
2025-01-18,21:32,CRIMES CONTRA A PESSOA,HOMICIDIO DOLOSO,ES,28.0,1 MASCULINO,PARDA,VITORIA,SAO JOSE,VIA PUBLICA,homicidios,violencia_social,2025,1,JAN,2025-01-01,5,SAB,True,21,NOITE,25_34
2025-01-18,21:23,CRIMES CONTRA A PESSOA,HOMICIDIO DOLOSO,ES,42.0,1 MASCULINO,PARDA,CACHOEIRO DE ITAPEMIRIM,AEROPORTO,DOMICILIO,homicidios,violencia_social,2025,1,JAN,2025-01-01,5,SAB,True,21,NOITE,35_44
2025-01-18,19:47,CRIMES CONTRA A PESSOA,FEMINICIDIO,ES,40.0,2 FEMININO,PARDA,COLATINA,NOSSA SENHORA APARECIDA,DOMICILIO,homicidios,violencia_social,2025,1,JAN,2025-01-01,5,SAB,True,19,NOITE,35_44
2025-01-18,19:42,CRIMES CONTRA A PESSOA,HOMICIDIO DOLOSO,ES,40.0,1 MASCULINO,PARDA,SAO JOSE DO CALCADO,ALTO CALCADO,VIA PUBLICA,homicidios,violencia_social,2025,1,JAN,2025-01-01,5,SAB,True,19,NOITE,35_44
2025-01-18,16:07,CRIMES CONTRA A PESSOA,HOMICIDIO DOLOSO,ES,25.0,1 MASCULINO,NEGRA,RIO BANANAL,SANTA HELENA,VIA PUBLICA,homicidios,violencia_social,2025,1,JAN,2025-01-01,5,SAB,True,16,TARDE,25_34
2025-01-19,22:39,CRIMES CONTRA A PESSOA,HOMICIDIO DOLOSO,ES,25.0,1 MASCULINO,PARDA,ARACRUZ,SEGATO,VIA PUBLICA,homicidios,violencia_social,2025,1,JAN,2025-01-01,6,DOM,True,22,NOITE,25_34
2025-01-19,17:00,CRIMES CONTRA A PESSOA,HOMICIDIO DOLOSO,ES,24.0,1 MASCULINO,PARDA,CARIACICA,CAMPO VERDE,VIA PUBLICA,homicidios,violencia_social,2025,1,JAN,2025-01-01,6,DOM,True,17,TARDE,18_24
2025-01-19,17:00,CRIMES CONTRA A PESSOA,HOMICIDIO DOLOSO,ES,22.0,1 MASCULINO,PARDA,CARIACICA,CAMPO VERDE,VIA PUBLICA,homicidios,violencia_social,2025,1,JAN,2025-01-01,6,DOM,True,17,TARDE,18_24
2025-01-19,16:13,CRIMES CONTRA A PESSOA,HOMICIDIO DOLOSO,ES,49.0,1 MASCULINO,PARDA,LINHARES,RIO QUARTEL,TERRENO BALDIO CONSTRUCAO MATA,homicidios,violencia_social,2025,1,JAN,2025-01-01,6,DOM,True,16,TARDE,45_54
2025-01-19,12:11,CRIMES CONTRA A PESSOA,HOMICIDIO DOLOSO,ES,47.0,1 MASCULINO,PARDA,VILA VELHA,RESIDENCIAL JABAETE,TERRENO BALDIO CONSTRUCAO MATA,homicidios,violencia_social,2025,1,JAN,2025-01-01,6,DOM,True,12,TARDE,45_54
2025-01-19,10:40,CRIMES CONTRA A PESSOA,HOMICIDIO DOLOSO,ES,41.0,1 MASCULINO,BRANCA,VIANA,MARCILIO DE NORONHA,ESTABELECIMENTO COMERCIAL,homicidios,violencia_social,2025,1,JAN,2025-01-01,6,DOM,True,10,MANHA,35_44
2025-01-19,10:39,CRIMES CONTRA A PESSOA,FEMINICIDIO,ES,50.0,2 FEMININO,PARDA,MARECHAL FLORIANO,SOIDO DE BAIXO,DOMICILIO,homicidios,violencia_social,2025,1,JAN,2025-01-01,6,DOM,True,10,MANHA,45_54
2025-01-19,01:48,CRIMES CONTRA A PESSOA,HOMICIDIO DOLOSO,ES,18.0,1 MASCULINO,PARDA,FUNDAO,CENTRO,PRACA PARQUES AREA PUBLICA,homicidios,violencia_social,2025,1,JAN,2025-01-01,6,DOM,True,1,MADRUGADA,18_24
2025-01-20,14:08,CRIMES CONTRA A PESSOA,HOMICIDIO DOLOSO,ES,37.0,1 MASCULINO,PARDA,LINHARES,SANTA CRUZ,TERRENO BALDIO CONSTRUCAO MATA,homicidios,violencia_social,2025,1,JAN,2025-01-01,0,SEG,False,14,TARDE,35_44
2025-01-20,13:53,CRIMES CONTRA A PESSOA,HOMICIDIO DOLOSO,ES,49.0,1 MASCULINO,PARDA,ITARANA,BAIRRO_NAO_INFORMADO,VIA PUBLICA,homicidios,violencia_social,2025,1,JAN,2025-01-01,0,SEG,False,13,TARDE,45_54
2025-01-20,07:00,CRIMES CONTRA A PESSOA,HOMICIDIO DOLOSO,ES,22.0,1 MASCULINO,NEGRA,ARACRUZ,CUPIDO,TERRENO BALDIO CONSTRUCAO MATA,homicidios,violencia_social,2025,1,JAN,2025-01-01,0,SEG,False,7,MANHA,18_24
2025-01-20,04:51,CRIMES CONTRA A PESSOA,HOMICIDIO DOLOSO,ES,47.0,1 MASCULINO,NEGRA,ARACRUZ,CAIEIRA VELHA,VIA PUBLICA,homicidios,violencia_social,2025,1,JAN,2025-01-01,0,SEG,False,4,MADRUGADA,45_54
2025-01-21,23:10,CRIMES CONTRA A PESSOA,HOMICIDIO DOLOSO,ES,30.0,1 MASCULINO,PARDA,BARRA DE SAO FRANCISCO,IRMAOS FERNANDES,VIA PUBLICA,homicidios,violencia_social,2025,1,JAN,2025-01-01,1,TER,False,23,NOITE,25_34
2025-01-21,20:44,CRIMES CONTRA A PESSOA,HOMICIDIO DOLOSO,ES,21.0,1 MASCULINO,NEGRA,COLATINA,VILA AMELIA,VIA PUBLICA,homicidios,violencia_social,2025,1,JAN,2025-01-01,1,TER,False,20,NOITE,18_24
2025-01-21,19:27,CRIMES CONTRA A PESSOA,HOMICIDIO DOLOSO,ES,16.0,1 MASCULINO,NEGRA,SAO MATEUS,SAO BENEDITO,VIA PUBLICA,homicidios,violencia_social,2025,1,JAN,2025-01-01,1,TER,False,19,NOITE,15_17
2025-01-21,12:40,CRIMES CONTRA A PESSOA,HOMICIDIO DOLOSO,ES,45.0,1 MASCULINO,BRANCA,VILA VELHA,COBI DE BAIXO,VIA PUBLICA,homicidios,violencia_social,2025,1,JAN,2025-01-01,1,TER,False,12,TARDE,45_54
2025-01-22,21:10,CRIMES CONTRA A PESSOA,HOMICIDIO DOLOSO,ES,26.0,1 MASCULINO,PARDA,MONTANHA,SAO SEBASTIAO DO NORTE,DOMICILIO,homicidios,violencia_social,2025,1,JAN,2025-01-01,2,QUA,False,21,NOITE,25_34
2025-01-22,17:40,CRIMES CONTRA A PESSOA,HOMICIDIO DOLOSO,ES,37.0,1 MASCULINO,BRANCA,SAO MATEUS,BAIRRO_NAO_INFORMADO,VIA PUBLICA,homicidios,violencia_social,2025,1,JAN,2025-01-01,2,QUA,False,17,TARDE,35_44
2025-01-23,03:10,CRIMES CONTRA A PESSOA,HOMICIDIO DOLOSO,ES,43.0,1 MASCULINO,NEGRA,VILA VELHA,GUARANHUNS,VIA PUBLICA,homicidios,violencia_social,2025,1,JAN,2025-01-01,3,QUI,False,3,MADRUGADA,35_44
2025-01-24,16:31,CRIMES CONTRA A PESSOA,FEMINICIDIO,ES,44.0,2 FEMININO,PARDA,SERRA,DAS LARANJEIRAS,DOMICILIO,homicidios,violencia_social,2025,1,JAN,2025-01-01,4,SEX,False,16,TARDE,35_44
2025-01-24,00:38,CRIMES CONTRA A PESSOA,HOMICIDIO DOLOSO,ES,27.0,1 MASCULINO,PARDA,LINHARES,SANTA CRUZ,DOMICILIO,homicidios,violencia_social,2025,1,JAN,2025-01-01,4,SEX,False,0,MADRUGADA,25_34
2025-01-25,16:37,CRIMES CONTRA A PESSOA,HOMICIDIO DOLOSO,ES,24.0,1 MASCULINO,PARDA,SOORETAMA,SALVADOR,DOMICILIO,homicidios,violencia_social,2025,1,JAN,2025-01-01,5,SAB,True,16,TARDE,18_24
2025-01-25,08:22,CRIMES CONTRA A PESSOA,FEMINICIDIO,ES,49.0,2 FEMININO,PARDA,ITAPEMIRIM,ROSA MEIRELES,DOMICILIO,homicidios,violencia_social,2025,1,JAN,2025-01-01,5,SAB,True,8,MANHA,45_54
2025-01-26,23:07,CRIMES CONTRA A PESSOA,HOMICIDIO DOLOSO,ES,42.0,1 MASCULINO,PARDA,SAO MATEUS,SAO BENEDITO,TERRENO BALDIO CONSTRUCAO MATA,homicidios,violencia_social,2025,1,JAN,2025-01-01,6,DOM,True,23,NOITE,35_44
2025-01-26,22:32,CRIMES CONTRA A PESSOA,HOMICIDIO DOLOSO,ES,24.0,1 MASCULINO,BRANCA,VILA VELHA,PONTA DA FRUTA,VIA PUBLICA,homicidios,violencia_social,2025,1,JAN,2025-01-01,6,DOM,True,22,NOITE,18_24
2025-01-26,09:29,CRIMES CONTRA A PESSOA,HOMICIDIO DOLOSO,ES,30.0,1 MASCULINO,BRANCA,SAO MATEUS,VITORIA,VIA PUBLICA,homicidios,violencia_social,2025,1,JAN,2025-01-01,6,DOM,True,9,MANHA,25_34
2025-01-26,10:29,CRIMES CONTRA A PESSOA,HOMICIDIO DOLOSO,ES,0.0,2 FEMININO,PARDA,LINHARES,SANTA CRUZ,VIA PUBLICA,homicidios,violencia_social,2025,1,JAN,2025-01-01,6,DOM,True,10,MANHA,0_14
2025-01-26,00:16,CRIMES CONTRA A PESSOA,HOMICIDIO DOLOSO,ES,17.0,1 MASCULINO,PARDA,LINHARES,SANTA CRUZ,VIA PUBLICA,homicidios,violencia_social,2025,1,JAN,2025-01-01,6,DOM,True,0,MADRUGADA,15_17
2025-01-26,00:16,CRIMES CONTRA A PESSOA,HOMICIDIO DOLOSO,ES,26.0,1 MASCULINO,PARDA,LINHARES,SANTA CRUZ,VIA PUBLICA,homicidios,violencia_social,2025,1,JAN,2025-01-01,6,DOM,True,0,MADRUGADA,25_34
2025-01-27,06:31,CRIMES CONTRA A PESSOA,HOMICIDIO DOLOSO,ES,53.0,1 MASCULINO,PARDA,NOVA VENECIA,MUNICIPAL,DOMICILIO,homicidios,violencia_social,2025,1,JAN,2025-01-01,0,SEG,False,6,MANHA,45_54
2025-01-27,03:15,CRIMES CONTRA A PESSOA,HOMICIDIO DOLOSO,ES,35.0,1 MASCULINO,NEGRA,SERRA,ALTEROSAS,DOMICILIO,homicidios,violencia_social,2025,1,JAN,2025-01-01,0,SEG,False,3,MADRUGADA,35_44
2025-01-27,01:27,CRIMES CONTRA A PESSOA,HOMICIDIO DOLOSO,ES,22.0,1 MASCULINO,BRANCA,CARIACICA,JARDIM BOTANICO,VIA PUBLICA,homicidios,violencia_social,2025,1,JAN,2025-01-01,0,SEG,False,1,MADRUGADA,18_24
2025-01-28,19:42,CRIMES CONTRA A PESSOA,HOMICIDIO DOLOSO,ES,42.0,1 MASCULINO,PARDA,AGUA DOCE DO NORTE,VILA ESPERANCA,VIA PUBLICA,homicidios,violencia_social,2025,1,JAN,2025-01-01,1,TER,False,19,NOITE,35_44
2025-01-28,15:47,CRIMES CONTRA A PESSOA,HOMICIDIO DOLOSO,ES,16.0,2 FEMININO,PARDA,LINHARES,NOVA ESPERANCA,VIA PUBLICA,homicidios,violencia_social,2025,1,JAN,2025-01-01,1,TER,False,15,TARDE,15_17
2025-01-28,10:45,CRIMES CONTRA A PESSOA,HOMICIDIO DOLOSO,ES,,1 MASCULINO,NEGRA,SERRA,JACARAIPE,VIA PUBLICA,homicidios,violencia_social,2025,1,JAN,2025-01-01,1,TER,False,10,MANHA,
2025-01-28,12:55,CRIMES CONTRA A PESSOA,FEMINICIDIO,ES,29.0,2 FEMININO,PARDA,GUARAPARI,ADALBERTO SIMAO NADER,,homicidios,violencia_social,2025,1,JAN,2025-01-01,1,TER,False,12,TARDE,25_34
2025-01-29,02:00,CRIMES CONTRA A PESSOA,HOMICIDIO DOLOSO,ES,27.0,1 MASCULINO,PARDA,BARRA DE SAO FRANCISCO,COLINA,VIA PUBLICA,homicidios,violencia_social,2025,1,JAN,2025-01-01,2,QUA,False,2,MADRUGADA,25_34
2025-01-29,18:49,CRIMES CONTRA A PESSOA,HOMICIDIO DOLOSO,ES,31.0,1 MASCULINO,PARDA,SOORETAMA,SALVADOR,VIA PUBLICA,homicidios,violencia_social,2025,1,JAN,2025-01-01,2,QUA,False,18,NOITE,25_34
2025-01-30,18:00,CRIMES CONTRA A PESSOA,HOMICIDIO DOLOSO,ES,6.0,1 MASCULINO,PARDA,VILA VELHA,RESIDENCIAL JABAETE,DOMICILIO,homicidios,violencia_social,2025,1,JAN,2025-01-01,3,QUI,False,18,NOITE,0_14
2025-01-02,20:38,CRIMES CONTRA A PESSOA,HOMICIDIO DOLOSO,ES,23.0,1 MASCULINO,NEGRA,SAO GABRIEL DA PALHA,GUSTAVO BOONE,VIA PUBLICA,homicidios,violencia_social,2025,1,JAN,2025-01-01,3,QUI,False,20,NOITE,18_24
2025-02-02,02:01,CRIMES CONTRA A PESSOA,HOMICIDIO DOLOSO,ES,17.0,2 FEMININO,PARDA,SERRA,SAO GERALDO,VIA PUBLICA,homicidios,violencia_social,2025,2,FEV,2025-02-01,6,DOM,True,2,MADRUGADA,15_17
2025-02-02,00:03,CRIMES CONTRA A PESSOA,HOMICIDIO DOLOSO,ES,23.0,1 MASCULINO,PARDA,CARIACICA,SANTO ANTONIO,VIA PUBLICA,homicidios,violencia_social,2025,2,FEV,2025-02-01,6,DOM,True,0,MADRUGADA,18_24
2025-02-02,23:57,CRIMES CONTRA A PESSOA,HOMICIDIO DOLOSO,ES,26.0,1 MASCULINO,PARDA,CARIACICA,SANTO ANTONIO,VIA PUBLICA,homicidios,violencia_social,2025,2,FEV,2025-02-01,6,DOM,True,23,NOITE,25_34
2025-03-02,21:59,CRIMES CONTRA A PESSOA,HOMICIDIO DOLOSO,ES,33.0,1 MASCULINO,PARDA,VITORIA,SANTO ANTONIO,VIA PUBLICA,homicidios,violencia_social,2025,3,MAR,2025-03-01,6,DOM,True,21,NOITE,25_34
2025-03-02,21:59,CRIMES CONTRA A PESSOA,HOMICIDIO DOLOSO,ES,29.0,2 FEMININO,NEGRA,VITORIA,SANTO ANTONIO,VIA PUBLICA,homicidios,violencia_social,2025,3,MAR,2025-03-01,6,DOM,True,21,NOITE,25_34
2025-04-02,18:06,CRIMES CONTRA A PESSOA,HOMICIDIO DOLOSO,ES,43.0,1 MASCULINO,BRANCA,COLATINA,AYRTON SENNA,PRACA PARQUES AREA PUBLICA,homicidios,violencia_social,2025,4,ABR,2025-04-01,2,QUA,False,18,NOITE,35_44
2025-04-02,17:13,CRIMES CONTRA A PESSOA,HOMICIDIO DOLOSO,ES,34.0,1 MASCULINO,PARDA,VIANA,MARCILIO DE NORONHA,DOMICILIO,homicidios,violencia_social,2025,4,ABR,2025-04-01,2,QUA,False,17,TARDE,25_34
2025-04-02,07:16,CRIMES CONTRA A PESSOA,HOMICIDIO DOLOSO,ES,,1 MASCULINO,BRANCA,VARGEM ALTA,SUMIDOURO,TERRENO BALDIO CONSTRUCAO MATA,homicidios,violencia_social,2025,4,ABR,2025-04-01,2,QUA,False,7,MANHA,
2025-05-02,21:14,CRIMES CONTRA A PESSOA,HOMICIDIO DOLOSO,ES,3.0,1 MASCULINO,PARDA,CARIACICA,ORIENTE,DOMICILIO,homicidios,violencia_social,2025,5,MAI,2025-05-01,4,SEX,False,21,NOITE,0_14
2025-05-02,19:19,CRIMES CONTRA A PESSOA,HOMICIDIO DOLOSO,ES,31.0,1 MASCULINO,PARDA,VILA VELHA,COBI DE CIMA,VIA PUBLICA,homicidios,violencia_social,2025,5,MAI,2025-05-01,4,SEX,False,19,NOITE,25_34
2025-05-02,10:24,CRIMES CONTRA A PESSOA,HOMICIDIO DOLOSO,ES,35.0,1 MASCULINO,BRANCA,SERRA,VISTA DA SERRA II,VIA PUBLICA,homicidios,violencia_social,2025,5,MAI,2025-05-01,4,SEX,False,10,MANHA,35_44
2025-05-02,02:06,CRIMES CONTRA A PESSOA,HOMICIDIO DOLOSO,ES,,1 MASCULINO,,SAO MATEUS,CENTRO,VIA PUBLICA,homicidios,violencia_social,2025,5,MAI,2025-05-01,4,SEX,False,2,MADRUGADA,
2025-06-02,07:49,CRIMES CONTRA A PESSOA,HOMICIDIO DOLOSO,ES,,2 FEMININO,PARDA,SAO MATEUS,GURIRI,TERRENO BALDIO CONSTRUCAO MATA,homicidios,violencia_social,2025,6,JUN,2025-06-01,0,SEG,False,7,MANHA,
2025-06-02,06:16,CRIMES CONTRA A PESSOA,HOMICIDIO DOLOSO,ES,21.0,1 MASCULINO,BRANCA,IBIRACU,ELIAS BRAGATO,VIA PUBLICA,homicidios,violencia_social,2025,6,JUN,2025-06-01,0,SEG,False,6,MANHA,18_24
2025-06-02,03:44,CRIMES CONTRA A PESSOA,HOMICIDIO DOLOSO,ES,48.0,1 MASCULINO,PARDA,CARIACICA,NOVO BRASIL,VIA PUBLICA,homicidios,violencia_social,2025,6,JUN,2025-06-01,0,SEG,False,3,MADRUGADA,45_54
2025-06-02,03:16,CRIMES CONTRA A PESSOA,HOMICIDIO DOLOSO,ES,33.0,1 MASCULINO,AMARELA,PIUMA,CENTRO,OUTROS LOCAIS,homicidios,violencia_social,2025,6,JUN,2025-06-01,0,SEG,False,3,MADRUGADA,25_34
2025-08-02,20:56,CRIMES CONTRA A PESSOA,HOMICIDIO DOLOSO,ES,32.0,1 MASCULINO,NEGRA,NOVA VENECIA,BAIRRO_NAO_INFORMADO,VIA PUBLICA,homicidios,violencia_social,2025,8,AGO,2025-08-01,5,SAB,True,20,NOITE,25_34
2025-09-02,21:53,CRIMES CONTRA A PESSOA,HOMICIDIO DOLOSO,ES,20.0,1 MASCULINO,PARDA,VILA VELHA,ILHA DOS AYRES,DOMICILIO,homicidios,violencia_social,2025,9,SET,2025-09-01,1,TER,False,21,NOITE,18_24
2025-09-02,20:55,CRIMES CONTRA A PESSOA,HOMICIDIO DOLOSO,ES,31.0,1 MASCULINO,PARDA,CARIACICA,NOVA ROSA DA PENHA II,VIA PUBLICA,homicidios,violencia_social,2025,9,SET,2025-09-01,1,TER,False,20,NOITE,25_34
2025-09-02,07:22,CRIMES CONTRA A PESSOA,HOMICIDIO DOLOSO,ES,43.0,1 MASCULINO,BRANCA,CACHOEIRO DE ITAPEMIRIM,SANTO ANTONIO,VIA PUBLICA,homicidios,violencia_social,2025,9,SET,2025-09-01,1,TER,False,7,MANHA,35_44
2025-10-02,07:50,CRIMES CONTRA A PESSOA,HOMICIDIO DOLOSO,ES,29.0,1 MASCULINO,PARDA,SERRA,RESIDENCIAL CENTRO DA SERRA,VIA PUBLICA,homicidios,violencia_social,2025,10,OUT,2025-10-01,3,QUI,False,7,MANHA,25_34
2025-10-02,06:31,CRIMES CONTRA A PESSOA,HOMICIDIO DOLOSO,ES,49.0,1 MASCULINO,PARDA,SERRA,CIDADE POMAR,TERRENO BALDIO CONSTRUCAO MATA,homicidios,violencia_social,2025,10,OUT,2025-10-01,3,QUI,False,6,MANHA,45_54
2025-10-02,01:45,CRIMES CONTRA A PESSOA,HOMICIDIO DOLOSO,ES,36.0,2 FEMININO,PARDA,GOVERNADOR LINDENBERG,NOVO BASIL,DOMICILIO,homicidios,violencia_social,2025,10,OUT,2025-10-01,3,QUI,False,1,MADRUGADA,35_44
2025-11-02,10:23,CRIMES CONTRA A PESSOA,HOMICIDIO DOLOSO,ES,25.0,1 MASCULINO,PARDA,SERRA,PRAIA DE CARAPEBUS,VIA PUBLICA,homicidios,violencia_social,2025,11,NOV,2025-11-01,6,DOM,True,10,MANHA,25_34
2025-12-02,21:36,CRIMES CONTRA A PESSOA,HOMICIDIO DOLOSO,ES,25.0,1 MASCULINO,PARDA,ANCHIETA,JERUSALEM,VIA PUBLICA,homicidios,violencia_social,2025,12,DEZ,2025-12-01,1,TER,False,21,NOITE,25_34
2025-12-02,17:40,CRIMES CONTRA A PESSOA,HOMICIDIO DOLOSO,ES,38.0,1 MASCULINO,NEGRA,CARIACICA,CAMPINA GRANDE,VIA PUBLICA,homicidios,violencia_social,2025,12,DEZ,2025-12-01,1,TER,False,17,TARDE,35_44
2025-02-15,22:42,CRIMES CONTRA A PESSOA,HOMICIDIO DOLOSO,ES,17.0,1 MASCULINO,PARDA,LINHARES,SANTA CRUZ,PRACA PARQUES AREA PUBLICA,homicidios,violencia_social,2025,2,FEV,2025-02-01,5,SAB,True,22,NOITE,15_17
2025-02-15,12:19,CRIMES CONTRA A PESSOA,HOMICIDIO DOLOSO,ES,55.0,1 MASCULINO,PARDA,JAGUARE,NOVO TEMPO,VIA PUBLICA,homicidios,violencia_social,2025,2,FEV,2025-02-01,5,SAB,True,12,TARDE,55_64
2025-02-15,03:54,CRIMES CONTRA A PESSOA,HOMICIDIO DOLOSO,ES,33.0,2 FEMININO,PARDA,PEDRO CANARIO,CRISTAL DO NORTE,VIA PUBLICA,homicidios,violencia_social,2025,2,FEV,2025-02-01,5,SAB,True,3,MADRUGADA,25_34
2025-02-16,22:38,CRIMES CONTRA A PESSOA,HOMICIDIO DOLOSO,ES,19.0,1 MASCULINO,PARDA,BAIXO GUANDU,SAO PEDRO,VIA PUBLICA,homicidios,violencia_social,2025,2,FEV,2025-02-01,6,DOM,True,22,NOITE,18_24
2025-02-16,22:11,CRIMES CONTRA A PESSOA,HOMICIDIO DOLOSO,ES,19.0,1 MASCULINO,PARDA,JAGUARE,BAIRRO_NAO_INFORMADO,DOMICILIO,homicidios,violencia_social,2025,2,FEV,2025-02-01,6,DOM,True,22,NOITE,18_24
2025-02-16,02:20,CRIMES CONTRA A PESSOA,HOMICIDIO DOLOSO,ES,43.0,1 MASCULINO,PARDA,VITORIA,SANTO ANDRE,VIA PUBLICA,homicidios,violencia_social,2025,2,FEV,2025-02-01,6,DOM,True,2,MADRUGADA,35_44
2025-02-16,16:39,CRIMES CONTRA A PESSOA,HOMICIDIO DOLOSO,ES,82.0,1 MASCULINO,PARDA,MIMOSO DO SUL,BAIRRO_NAO_INFORMADO,TERRENO BALDIO CONSTRUCAO MATA,homicidios,violencia_social,2025,2,FEV,2025-02-01,6,DOM,True,16,TARDE,65_PLUS
2025-02-16,16:17,CRIMES CONTRA A PESSOA,HOMICIDIO DOLOSO,ES,37.0,1 MASCULINO,PARDA,GUARAPARI,VILLAGE DO SOL,VIA PUBLICA,homicidios,violencia_social,2025,2,FEV,2025-02-01,6,DOM,True,16,TARDE,35_44
2025-02-16,03:18,CRIMES CONTRA A PESSOA,HOMICIDIO DOLOSO,ES,29.0,1 MASCULINO,PARDA,LINHARES,PONTAL DO IPIRANGA,DOMICILIO,homicidios,violencia_social,2025,2,FEV,2025-02-01,6,DOM,True,3,MADRUGADA,25_34
2025-02-16,02:20,CRIMES CONTRA A PESSOA,HOMICIDIO DOLOSO,ES,22.0,1 MASCULINO,PARDA,VITORIA,SANTO ANDRE,DOMICILIO,homicidios,violencia_social,2025,2,FEV,2025-02-01,6,DOM,True,2,MADRUGADA,18_24
2025-02-16,00:35,CRIMES CONTRA A PESSOA,HOMICIDIO DOLOSO,ES,30.0,1 MASCULINO,PARDA,BOA ESPERANCA,VILA FERNANDES,VIA PUBLICA,homicidios,violencia_social,2025,2,FEV,2025-02-01,6,DOM,True,0,MADRUGADA,25_34
2025-02-17,08:45,CRIMES CONTRA A PESSOA,HOMICIDIO DOLOSO,ES,36.0,1 MASCULINO,PARDA,VILA VELHA,COBI DE BAIXO,VIA PUBLICA,homicidios,violencia_social,2025,2,FEV,2025-02-01,0,SEG,False,8,MANHA,35_44
2025-02-17,01:13,CRIMES CONTRA A PESSOA,HOMICIDIO DOLOSO,ES,27.0,1 MASCULINO,BRANCA,GUARAPARI,MEAIPE,DOMICILIO,homicidios,violencia_social,2025,2,FEV,2025-02-01,0,SEG,False,1,MADRUGADA,25_34
2025-02-18,11:37,CRIMES CONTRA A PESSOA,HOMICIDIO DOLOSO,ES,57.0,1 MASCULINO,PARDA,VILA VELHA,CRISTOVAO COLOMBO,VIA PUBLICA,homicidios,violencia_social,2025,2,FEV,2025-02-01,1,TER,False,11,MANHA,55_64
2025-02-18,04:42,CRIMES CONTRA A PESSOA,HOMICIDIO DOLOSO,ES,29.0,1 MASCULINO,PARDA,CONCEICAO DO CASTELO,NICOLAU DE VARGAS E SILVA,VIA PUBLICA,homicidios,violencia_social,2025,2,FEV,2025-02-01,1,TER,False,4,MADRUGADA,25_34
2025-02-19,22:08,CRIMES CONTRA A PESSOA,FEMINICIDIO,ES,34.0,2 FEMININO,NEGRA,PIUMA,CEU AZUL,DOMICILIO,homicidios,violencia_social,2025,2,FEV,2025-02-01,2,QUA,False,22,NOITE,25_34
2025-02-19,15:26,CRIMES CONTRA A PESSOA,HOMICIDIO DOLOSO,ES,17.0,1 MASCULINO,BRANCA,CARIACICA,PORTO DE SANTANA,MAR,homicidios,violencia_social,2025,2,FEV,2025-02-01,2,QUA,False,15,TARDE,15_17
2025-02-19,09:49,CRIMES CONTRA A PESSOA,HOMICIDIO DOLOSO,ES,52.0,1 MASCULINO,NEGRA,VILA VELHA,ITAPOA,DOMICILIO,homicidios,violencia_social,2025,2,FEV,2025-02-01,2,QUA,False,9,MANHA,45_54
2025-02-19,09:15,CRIMES CONTRA A PESSOA,HOMICIDIO DOLOSO,ES,34.0,1 MASCULINO,BRANCA,VILA VELHA,SAO TORQUATO,VIA PUBLICA,homicidios,violencia_social,2025,2,FEV,2025-02-01,2,QUA,False,9,MANHA,25_34
2025-02-20,14:19,CRIMES CONTRA A PESSOA,HOMICIDIO DOLOSO,ES,54.0,1 MASCULINO,PARDA,ALEGRE,CENTRO,VIA PUBLICA,homicidios,violencia_social,2025,2,FEV,2025-02-01,3,QUI,False,14,TARDE,45_54
2025-02-20,03:54,CRIMES CONTRA A PESSOA,HOMICIDIO DOLOSO,ES,23.0,1 MASCULINO,PARDA,COLATINA,NOVO HORIZONTE,DOMICILIO,homicidios,violencia_social,2025,2,FEV,2025-02-01,3,QUI,False,3,MADRUGADA,18_24
2025-02-21,20:45,CRIMES CONTRA A PESSOA,HOMICIDIO DOLOSO,ES,25.0,1 MASCULINO,BRANCA,ARACRUZ,POLIVALENTE,VIA PUBLICA,homicidios,violencia_social,2025,2,FEV,2025-02-01,4,SEX,False,20,NOITE,25_34
2025-02-22,18:06,CRIMES CONTRA A PESSOA,FEMINICIDIO,ES,25.0,2 FEMININO,PARDA,GUARAPARI,BARRO BRANCO,VIA PUBLICA,homicidios,violencia_social,2025,2,FEV,2025-02-01,5,SAB,True,18,NOITE,25_34
2025-02-22,17:00,CRIMES CONTRA A PESSOA,HOMICIDIO DOLOSO,ES,34.0,1 MASCULINO,PARDA,ECOPORANGA,DIVINO ESPIRITO SANTO,VIA PUBLICA,homicidios,violencia_social,2025,2,FEV,2025-02-01,5,SAB,True,17,TARDE,25_34
2025-02-22,09:11,CRIMES CONTRA A PESSOA,HOMICIDIO DOLOSO,ES,43.0,1 MASCULINO,BRANCA,IBATIBA,CENTRO,VIA PUBLICA,homicidios,violencia_social,2025,2,FEV,2025-02-01,5,SAB,True,9,MANHA,35_44
2025-02-22,03:00,CRIMES CONTRA A PESSOA,HOMICIDIO DOLOSO,ES,20.0,1 MASCULINO,PARDA,GUACUI,CENTRO,PRACA PARQUES AREA PUBLICA,homicidios,violencia_social,2025,2,FEV,2025-02-01,5,SAB,True,3,MADRUGADA,18_24
2025-02-23,22:42,CRIMES CONTRA A PESSOA,HOMICIDIO DOLOSO,ES,25.0,1 MASCULINO,PARDA,VILA VELHA,BRISAMAR,VIA PUBLICA,homicidios,violencia_social,2025,2,FEV,2025-02-01,6,DOM,True,22,NOITE,25_34
2025-02-23,18:05,CRIMES CONTRA A PESSOA,HOMICIDIO DOLOSO,ES,39.0,1 MASCULINO,NEGRA,SERRA,VISTA DA SERRA I,DOMICILIO,homicidios,violencia_social,2025,2,FEV,2025-02-01,6,DOM,True,18,NOITE,35_44
2025-02-23,17:52,CRIMES CONTRA A PESSOA,HOMICIDIO DOLOSO,ES,21.0,1 MASCULINO,PARDA,CARIACICA,FLEXAL II,VIA PUBLICA,homicidios,violencia_social,2025,2,FEV,2025-02-01,6,DOM,True,17,TARDE,18_24
2025-02-23,17:20,CRIMES CONTRA A PESSOA,HOMICIDIO DOLOSO,ES,28.0,1 MASCULINO,PARDA,BREJETUBA,BAIRRO_NAO_INFORMADO,DOMICILIO,homicidios,violencia_social,2025,2,FEV,2025-02-01,6,DOM,True,17,TARDE,25_34
2025-02-23,12:33,CRIMES CONTRA A PESSOA,FEMINICIDIO,ES,20.0,2 FEMININO,PARDA,CARIACICA,ORIENTE,DOMICILIO,homicidios,violencia_social,2025,2,FEV,2025-02-01,6,DOM,True,12,TARDE,18_24
2025-02-23,07:42,CRIMES CONTRA A PESSOA,HOMICIDIO DOLOSO,ES,52.0,1 MASCULINO,BRANCA,MONTANHA,CENTRO,PRACA PARQUES AREA PUBLICA,homicidios,violencia_social,2025,2,FEV,2025-02-01,6,DOM,True,7,MANHA,45_54
2025-02-24,06:46,CRIMES CONTRA A PESSOA,HOMICIDIO DOLOSO,ES,32.0,1 MASCULINO,PARDA,SAO GABRIEL DA PALHA,JOAO COLOMBI,VIA PUBLICA,homicidios,violencia_social,2025,2,FEV,2025-02-01,0,SEG,False,6,MANHA,25_34
2025-02-27,20:34,CRIMES CONTRA A PESSOA,HOMICIDIO DOLOSO,ES,19.0,1 MASCULINO,PARDA,MUCURICI,AGUA BOA,VIA PUBLICA,homicidios,violencia_social,2025,2,FEV,2025-02-01,3,QUI,False,20,NOITE,18_24
2025-02-27,20:34,CRIMES CONTRA A PESSOA,HOMICIDIO DOLOSO,ES,17.0,1 MASCULINO,PARDA,MUCURICI,AGUA BOA,VIA PUBLICA,homicidios,violencia_social,2025,2,FEV,2025-02-01,3,QUI,False,20,NOITE,15_17
2025-02-27,20:25,CRIMES CONTRA A PESSOA,HOMICIDIO DOLOSO,ES,21.0,1 MASCULINO,PARDA,VILA VELHA,JOAO GOULART,VIA PUBLICA,homicidios,violencia_social,2025,2,FEV,2025-02-01,3,QUI,False,20,NOITE,18_24
2025-02-27,11:49,CRIMES CONTRA A PESSOA,HOMICIDIO DOLOSO,ES,39.0,1 MASCULINO,PARDA,SERRA,NOVA ALMEIDA,VIA PUBLICA,homicidios,violencia_social,2025,2,FEV,2025-02-01,3,QUI,False,11,MANHA,35_44
2025-02-28,08:25,CRIMES CONTRA A PESSOA,HOMICIDIO DOLOSO,ES,27.0,1 MASCULINO,PARDA,VILA VELHA,NORMILIA DA CUNHA,VIA PUBLICA,homicidios,violencia_social,2025,2,FEV,2025-02-01,4,SEX,False,8,MANHA,25_34
2025-02-28,07:54,CRIMES CONTRA A PESSOA,HOMICIDIO DOLOSO,ES,37.0,2 FEMININO,PARDA,BARRA DE SAO FRANCISCO,BAIRRO_NAO_INFORMADO,VIA PUBLICA,homicidios,violencia_social,2025,2,FEV,2025-02-01,4,SEX,False,7,MANHA,35_44
2025-02-28,07:34,CRIMES CONTRA A PESSOA,HOMICIDIO DOLOSO,ES,48.0,1 MASCULINO,BRANCA,VILA VELHA,ARACAS,PRACA PARQUES AREA PUBLICA,homicidios,violencia_social,2025,2,FEV,2025-02-01,4,SEX,False,7,MANHA,45_54
2025-02-28,07:10,CRIMES CONTRA A PESSOA,HOMICIDIO DOLOSO,ES,15.0,1 MASCULINO,NEGRA,VILA VELHA,ULISSES GUIMARAES,VIA PUBLICA,homicidios,violencia_social,2025,2,FEV,2025-02-01,4,SEX,False,7,MANHA,15_17
2025-02-28,05:32,CRIMES CONTRA A PESSOA,HOMICIDIO DOLOSO,ES,31.0,1 MASCULINO,PARDA,COLATINA,BENJAMIM CARLOS DOS SANTOS,VIA PUBLICA,homicidios,violencia_social,2025,2,FEV,2025-02-01,4,SEX,False,5,MADRUGADA,25_34
2025-01-03,16:42,CRIMES CONTRA A PESSOA,HOMICIDIO DOLOSO,ES,77.0,2 FEMININO,BRANCA,VILA VELHA,ITAPOA,DOMICILIO,homicidios,violencia_social,2025,1,JAN,2025-01-01,4,SEX,False,16,TARDE,65_PLUS
2025-01-03,06:33,CRIMES CONTRA A PESSOA,HOMICIDIO DOLOSO,ES,18.0,1 MASCULINO,NEGRA,VILA VELHA,COBI DE BAIXO,TERRENO BALDIO CONSTRUCAO MATA,homicidios,violencia_social,2025,1,JAN,2025-01-01,4,SEX,False,6,MANHA,18_24
2025-02-03,20:47,CRIMES CONTRA A PESSOA,HOMICIDIO DOLOSO,ES,,1 MASCULINO,PARDA,SOORETAMA,SALVADOR,VIA PUBLICA,homicidios,violencia_social,2025,2,FEV,2025-02-01,0,SEG,False,20,NOITE,
2025-02-03,10:56,CRIMES CONTRA A PESSOA,HOMICIDIO DOLOSO,ES,18.0,1 MASCULINO,PARDA,CARIACICA,NOVA ROSA DA PENHA,DOMICILIO,homicidios,violencia_social,2025,2,FEV,2025-02-01,0,SEG,False,10,MANHA,18_24
2025-02-03,07:55,CRIMES CONTRA A PESSOA,HOMICIDIO DOLOSO,ES,19.0,1 MASCULINO,BRANCA,AFONSO CLAUDIO,SAO FRANCISCO,DOMICILIO,homicidios,violencia_social,2025,2,FEV,2025-02-01,0,SEG,False,7,MANHA,18_24
2025-03-03,09:54,CRIMES CONTRA A PESSOA,HOMICIDIO DOLOSO,ES,16.0,1 MASCULINO,PARDA,SAO MATEUS,GURIRI,TERRENO BALDIO CONSTRUCAO MATA,homicidios,violencia_social,2025,3,MAR,2025-03-01,0,SEG,False,9,MANHA,15_17
2025-04-03,07:12,CRIMES CONTRA A PESSOA,HOMICIDIO DOLOSO,ES,22.0,1 MASCULINO,PARDA,VILA VELHA,SAO TORQUATO,VIA PUBLICA,homicidios,violencia_social,2025,4,ABR,2025-04-01,3,QUI,False,7,MANHA,18_24
2025-04-03,00:10,CRIMES CONTRA A PESSOA,HOMICIDIO DOLOSO,ES,19.0,1 MASCULINO,PARDA,VITORIA,MARIO CYPRESTE,PRACA PARQUES AREA PUBLICA,homicidios,violencia_social,2025,4,ABR,2025-04-01,3,QUI,False,0,MADRUGADA,18_24
2025-07-03,22:25,CRIMES CONTRA A PESSOA,HOMICIDIO DOLOSO,ES,22.0,1 MASCULINO,PARDA,SERRA,COSTA DOURADA,VIA PUBLICA,homicidios,violencia_social,2025,7,JUL,2025-07-01,3,QUI,False,22,NOITE,18_24
2025-08-03,22:32,CRIMES CONTRA A PESSOA,HOMICIDIO DOLOSO,ES,40.0,1 MASCULINO,PARDA,ITAPEMIRIM,CAMPO ACIMA,VIA PUBLICA,homicidios,violencia_social,2025,8,AGO,2025-08-01,6,DOM,True,22,NOITE,35_44
2025-08-03,20:59,CRIMES CONTRA A PESSOA,HOMICIDIO DOLOSO,ES,48.0,1 MASCULINO,NEGRA,VITORIA,BAIRRO_NAO_INFORMADO,ESTABELECIMENTO DE SAUDE,homicidios,violencia_social,2025,8,AGO,2025-08-01,6,DOM,True,20,NOITE,45_54
2025-08-03,12:50,CRIMES CONTRA A PESSOA,HOMICIDIO DOLOSO,ES,29.0,1 MASCULINO,PARDA,SANTA MARIA DE JETIBA,BAIRRO_NAO_INFORMADO,DOMICILIO,homicidios,violencia_social,2025,8,AGO,2025-08-01,6,DOM,True,12,TARDE,25_34
2025-08-03,00:19,CRIMES CONTRA A PESSOA,HOMICIDIO DOLOSO,ES,19.0,1 MASCULINO,NEGRA,FUNDAO,CAMPESTRE,VIA PUBLICA,homicidios,violencia_social,2025,8,AGO,2025-08-01,6,DOM,True,0,MADRUGADA,18_24
2025-09-03,22:07,CRIMES CONTRA A PESSOA,HOMICIDIO DOLOSO,ES,14.0,1 MASCULINO,PARDA,VITORIA,GRANDE VITORIA,VIA PUBLICA,homicidios,violencia_social,2025,9,SET,2025-09-01,2,QUA,False,22,NOITE,0_14
2025-09-03,22:00,CRIMES CONTRA A PESSOA,HOMICIDIO DOLOSO,ES,23.0,1 MASCULINO,NEGRA,ITAGUACU,SANTA FE,VIA PUBLICA,homicidios,violencia_social,2025,9,SET,2025-09-01,2,QUA,False,22,NOITE,18_24
2025-10-03,07:28,CRIMES CONTRA A PESSOA,HOMICIDIO DOLOSO,ES,49.0,1 MASCULINO,PARDA,ITAPEMIRIM,GOMES,VIA PUBLICA,homicidios,violencia_social,2025,10,OUT,2025-10-01,4,SEX,False,7,MANHA,45_54
2025-11-03,09:53,CRIMES CONTRA A PESSOA,HOMICIDIO DOLOSO,ES,20.0,1 MASCULINO,PARDA,LINHARES,INTERLAGOS,VIA PUBLICA,homicidios,violencia_social,2025,11,NOV,2025-11-01,0,SEG,False,9,MANHA,18_24
2025-11-03,03:57,CRIMES CONTRA A PESSOA,FEMINICIDIO,ES,25.0,2 FEMININO,PARDA,VILA VELHA,GLORIA,ESTABELECIMENTO COMERCIAL,homicidios,violencia_social,2025,11,NOV,2025-11-01,0,SEG,False,3,MADRUGADA,25_34
2025-11-03,00:41,CRIMES CONTRA A PESSOA,HOMICIDIO DOLOSO,ES,47.0,1 MASCULINO,PARDA,COLATINA,BELA VISTA,DOMICILIO,homicidios,violencia_social,2025,11,NOV,2025-11-01,0,SEG,False,0,MADRUGADA,45_54
2025-12-03,15:09,CRIMES CONTRA A PESSOA,HOMICIDIO DOLOSO,ES,23.0,1 MASCULINO,PARDA,SERRA,VISTA DA SERRA I,DOMICILIO,homicidios,violencia_social,2025,12,DEZ,2025-12-01,2,QUA,False,15,TARDE,18_24
2025-12-03,06:28,CRIMES CONTRA A PESSOA,HOMICIDIO DOLOSO,ES,37.0,1 MASCULINO,PARDA,ITAPEMIRIM,GARRAFAO,OUTROS LOCAIS,homicidios,violencia_social,2025,12,DEZ,2025-12-01,2,QUA,False,6,MANHA,35_44
2025-03-13,23:03,CRIMES CONTRA A PESSOA,HOMICIDIO DOLOSO,ES,1.0,2 FEMININO,BRANCA,COLATINA,AYRTON SENNA,DOMICILIO,homicidios,violencia_social,2025,3,MAR,2025-03-01,3,QUI,False,23,NOITE,0_14
2025-03-14,22:48,CRIMES CONTRA A PESSOA,HOMICIDIO DOLOSO,ES,29.0,1 MASCULINO,NEGRA,GUARAPARI,OLARIA,VIA PUBLICA,homicidios,violencia_social,2025,3,MAR,2025-03-01,4,SEX,False,22,NOITE,25_34
2025-03-15,21:00,CRIMES CONTRA A PESSOA,HOMICIDIO DOLOSO,ES,30.0,1 MASCULINO,PARDA,LINHARES,NOVA ESPERANCA,DOMICILIO,homicidios,violencia_social,2025,3,MAR,2025-03-01,5,SAB,True,21,NOITE,25_34
2025-03-15,20:48,CRIMES CONTRA A PESSOA,HOMICIDIO DOLOSO,ES,26.0,1 MASCULINO,PARDA,CACHOEIRO DE ITAPEMIRIM,DOUTOR GILSON CARONE,VIA PUBLICA,homicidios,violencia_social,2025,3,MAR,2025-03-01,5,SAB,True,20,NOITE,25_34
2025-03-15,16:05,CRIMES CONTRA A PESSOA,HOMICIDIO DOLOSO,ES,27.0,1 MASCULINO,NEGRA,LINHARES,ARACA,VIA PUBLICA,homicidios,violencia_social,2025,3,MAR,2025-03-01,5,SAB,True,16,TARDE,25_34
2025-03-15,08:35,CRIMES CONTRA A PESSOA,HOMICIDIO DOLOSO,ES,18.0,1 MASCULINO,NEGRA,CACHOEIRO DE ITAPEMIRIM,DOUTOR GILSON CARONE,IGNORADO,homicidios,violencia_social,2025,3,MAR,2025-03-01,5,SAB,True,8,MANHA,18_24
2025-03-15,04:37,CRIMES CONTRA A PESSOA,HOMICIDIO DOLOSO,ES,25.0,1 MASCULINO,NEGRA,VITORIA,JARDIM DA PENHA,VIA PUBLICA,homicidios,violencia_social,2025,3,MAR,2025-03-01,5,SAB,True,4,MADRUGADA,25_34
2025-03-15,02:37,CRIMES CONTRA A PESSOA,HOMICIDIO DOLOSO,ES,37.0,1 MASCULINO,NEGRA,VILA VALERIO,SANTA RITA,VIA PUBLICA,homicidios,violencia_social,2025,3,MAR,2025-03-01,5,SAB,True,2,MADRUGADA,35_44
2025-03-16,23:51,CRIMES CONTRA A PESSOA,HOMICIDIO DOLOSO,ES,31.0,1 MASCULINO,BRANCA,CACHOEIRO DE ITAPEMIRIM,AEROPORTO,VIA PUBLICA,homicidios,violencia_social,2025,3,MAR,2025-03-01,6,DOM,True,23,NOITE,25_34
2025-03-16,21:07,CRIMES CONTRA A PESSOA,HOMICIDIO DOLOSO,ES,44.0,1 MASCULINO,PARDA,VILA VELHA,COBI DE BAIXO,VIA PUBLICA,homicidios,violencia_social,2025,3,MAR,2025-03-01,6,DOM,True,21,NOITE,35_44
2025-03-16,16:07,CRIMES CONTRA A PESSOA,HOMICIDIO DOLOSO,ES,16.0,1 MASCULINO,PARDA,LINHARES,RIO QUARTEL,DOMICILIO,homicidios,violencia_social,2025,3,MAR,2025-03-01,6,DOM,True,16,TARDE,15_17
2025-03-17,08:13,CRIMES CONTRA A PESSOA,HOMICIDIO DOLOSO,ES,34.0,1 MASCULINO,PARDA,VITORIA,GURIGICA,VIA PUBLICA,homicidios,violencia_social,2025,3,MAR,2025-03-01,0,SEG,False,8,MANHA,25_34
2025-03-17,01:19,CRIMES CONTRA A PESSOA,HOMICIDIO DOLOSO,ES,,1 MASCULINO,PARDA,CARIACICA,VASCO DA GAMA,VIA PUBLICA,homicidios,violencia_social,2025,3,MAR,2025-03-01,0,SEG,False,1,MADRUGADA,
2025-03-17,01:06,CRIMES CONTRA A PESSOA,HOMICIDIO DOLOSO,ES,22.0,1 MASCULINO,PARDA,PONTO BELO,CENTRO,VIA PUBLICA,homicidios,violencia_social,2025,3,MAR,2025-03-01,0,SEG,False,1,MADRUGADA,18_24
2025-03-21,21:57,CRIMES CONTRA A PESSOA,HOMICIDIO DOLOSO,ES,20.0,1 MASCULINO,PARDA,CARIACICA,JARDIM BOTANICO,ESTABELECIMENTO COMERCIAL,homicidios,violencia_social,2025,3,MAR,2025-03-01,4,SEX,False,21,NOITE,18_24
2025-03-21,21:57,CRIMES CONTRA A PESSOA,HOMICIDIO DOLOSO,ES,18.0,1 MASCULINO,PARDA,CARIACICA,JARDIM BOTANICO,ESTABELECIMENTO COMERCIAL,homicidios,violencia_social,2025,3,MAR,2025-03-01,4,SEX,False,21,NOITE,18_24
2025-03-22,23:36,CRIMES CONTRA A PESSOA,HOMICIDIO DOLOSO,ES,20.0,1 MASCULINO,NEGRA,CARIACICA,FLEXAL II,PRACA PARQUES AREA PUBLICA,homicidios,violencia_social,2025,3,MAR,2025-03-01,5,SAB,True,23,NOITE,18_24
2025-03-22,16:54,CRIMES CONTRA A PESSOA,HOMICIDIO DOLOSO,ES,26.0,1 MASCULINO,PARDA,PEDRO CANARIO,CAMATA,TERRENO BALDIO CONSTRUCAO MATA,homicidios,violencia_social,2025,3,MAR,2025-03-01,5,SAB,True,16,TARDE,25_34
2025-03-22,14:44,CRIMES CONTRA A PESSOA,HOMICIDIO DOLOSO,ES,7.0,1 MASCULINO,PARDA,SERRA,MORADA DE LARANJEIRAS,DOMICILIO,homicidios,violencia_social,2025,3,MAR,2025-03-01,5,SAB,True,14,TARDE,0_14
2025-03-23,10:38,CRIMES CONTRA A PESSOA,HOMICIDIO DOLOSO,ES,29.0,1 MASCULINO,NEGRA,JAGUARE,JIRAU,VIA PUBLICA,homicidios,violencia_social,2025,3,MAR,2025-03-01,6,DOM,True,10,MANHA,25_34
2025-03-23,06:13,CRIMES CONTRA A PESSOA,HOMICIDIO DOLOSO,ES,26.0,1 MASCULINO,PARDA,VILA VELHA,SANTA RITA,VIA PUBLICA,homicidios,violencia_social,2025,3,MAR,2025-03-01,6,DOM,True,6,MANHA,25_34
2025-03-25,06:01,CRIMES CONTRA A PESSOA,HOMICIDIO DOLOSO,ES,21.0,1 MASCULINO,PARDA,VILA VELHA,SOTECO,VIA PUBLICA,homicidios,violencia_social,2025,3,MAR,2025-03-01,1,TER,False,6,MANHA,18_24
2025-03-26,21:43,CRIMES CONTRA A PESSOA,HOMICIDIO DOLOSO,ES,21.0,1 MASCULINO,PARDA,CARIACICA,JARDIM DE ALAH,VIA PUBLICA,homicidios,violencia_social,2025,3,MAR,2025-03-01,2,QUA,False,21,NOITE,18_24
2025-03-26,13:28,CRIMES CONTRA A PESSOA,FEMINICIDIO,ES,27.0,2 FEMININO,PARDA,BAIXO GUANDU,ROSARIO I,DOMICILIO,homicidios,violencia_social,2025,3,MAR,2025-03-01,2,QUA,False,13,TARDE,25_34
2025-03-26,11:09,CRIMES CONTRA A PESSOA,HOMICIDIO DOLOSO,ES,39.0,1 MASCULINO,PARDA,SAO MATEUS,MORADA DO LAGO,DOMICILIO,homicidios,violencia_social,2025,3,MAR,2025-03-01,2,QUA,False,11,MANHA,35_44
2025-03-26,03:52,CRIMES CONTRA A PESSOA,HOMICIDIO DOLOSO,ES,35.0,1 MASCULINO,NEGRA,VILA VELHA,TERRA VERMELHA,TERRENO BALDIO CONSTRUCAO MATA,homicidios,violencia_social,2025,3,MAR,2025-03-01,2,QUA,False,3,MADRUGADA,35_44
2025-03-27,06:30,CRIMES CONTRA A PESSOA,HOMICIDIO DOLOSO,ES,42.0,1 MASCULINO,PARDA,VILA VELHA,ATAIDE,VIA PUBLICA,homicidios,violencia_social,2025,3,MAR,2025-03-01,3,QUI,False,6,MANHA,35_44
2025-03-27,00:10,CRIMES CONTRA A PESSOA,HOMICIDIO DOLOSO,ES,30.0,2 FEMININO,,LINHARES,AVISO,DOMICILIO,homicidios,violencia_social,2025,3,MAR,2025-03-01,3,QUI,False,0,MADRUGADA,25_34
2025-03-29,19:02,CRIMES CONTRA A PESSOA,HOMICIDIO DOLOSO,ES,49.0,1 MASCULINO,PARDA,BAIXO GUANDU,VILA KENNEDY,VIA PUBLICA,homicidios,violencia_social,2025,3,MAR,2025-03-01,5,SAB,True,19,NOITE,45_54
2025-03-29,17:58,CRIMES CONTRA A PESSOA,HOMICIDIO DOLOSO,ES,19.0,1 MASCULINO,PARDA,ARACRUZ,MAR AZUL,TERRENO BALDIO CONSTRUCAO MATA,homicidios,violencia_social,2025,3,MAR,2025-03-01,5,SAB,True,17,TARDE,18_24
2025-03-29,07:23,CRIMES CONTRA A PESSOA,HOMICIDIO DOLOSO,ES,21.0,1 MASCULINO,BRANCA,VARGEM ALTA,CASTELINHO,VIA PUBLICA,homicidios,violencia_social,2025,3,MAR,2025-03-01,5,SAB,True,7,MANHA,18_24
2025-03-29,03:22,CRIMES CONTRA A PESSOA,HOMICIDIO DOLOSO,ES,37.0,1 MASCULINO,PARDA,BARRA DE SAO FRANCISCO,COLINA,VIA PUBLICA,homicidios,violencia_social,2025,3,MAR,2025-03-01,5,SAB,True,3,MADRUGADA,35_44
2025-03-30,17:31,CRIMES CONTRA A PESSOA,HOMICIDIO DOLOSO,ES,23.0,1 MASCULINO,NEGRA,LINHARES,NOVA ESPERANCA,LAGO LAGOA REPRESA,homicidios,violencia_social,2025,3,MAR,2025-03-01,6,DOM,True,17,TARDE,18_24
2025-03-30,14:31,CRIMES CONTRA A PESSOA,HOMICIDIO DOLOSO,ES,23.0,1 MASCULINO,BRANCA,LINHARES,INTERLAGOS,PRACA PARQUES AREA PUBLICA,homicidios,violencia_social,2025,3,MAR,2025-03-01,6,DOM,True,14,TARDE,18_24
2025-03-30,13:08,CRIMES CONTRA A PESSOA,HOMICIDIO DOLOSO,ES,24.0,1 MASCULINO,PARDA,GUACUI,BAIRRO_NAO_INFORMADO,VIA PUBLICA,homicidios,violencia_social,2025,3,MAR,2025-03-01,6,DOM,True,13,TARDE,18_24
2025-03-30,12:32,CRIMES CONTRA A PESSOA,HOMICIDIO DOLOSO,ES,27.0,1 MASCULINO,NEGRA,CARIACICA,CAMPO GRANDE,VIA PUBLICA,homicidios,violencia_social,2025,3,MAR,2025-03-01,6,DOM,True,12,TARDE,25_34
2025-03-30,10:22,CRIMES CONTRA A PESSOA,HOMICIDIO DOLOSO,ES,,1 MASCULINO,PREJUDICADO,IBIRACU,PENDAGA,VIA PUBLICA,homicidios,violencia_social,2025,3,MAR,2025-03-01,6,DOM,True,10,MANHA,
2025-03-30,05:41,CRIMES CONTRA A PESSOA,HOMICIDIO DOLOSO,ES,15.0,1 MASCULINO,PARDA,PINHEIROS,SANTO ANTONIO,VIA PUBLICA,homicidios,violencia_social,2025,3,MAR,2025-03-01,6,DOM,True,5,MADRUGADA,15_17
2025-03-31,20:09,CRIMES CONTRA A PESSOA,HOMICIDIO DOLOSO,ES,25.0,1 MASCULINO,PARDA,LINHARES,SANTA CRUZ,DOMICILIO,homicidios,violencia_social,2025,3,MAR,2025-03-01,0,SEG,False,20,NOITE,25_34
2025-03-31,23:17,CRIMES CONTRA A PESSOA,HOMICIDIO DOLOSO,ES,34.0,1 MASCULINO,NEGRA,LINHARES,RESIDENCIAL RIO DOCE,DOMICILIO,homicidios,violencia_social,2025,3,MAR,2025-03-01,0,SEG,False,23,NOITE,25_34
2025-02-04,22:26,CRIMES CONTRA A PESSOA,HOMICIDIO DOLOSO,ES,19.0,1 MASCULINO,PARDA,AGUA DOCE DO NORTE,CORREGO DO CEDRO,VIA PUBLICA,homicidios,violencia_social,2025,2,FEV,2025-02-01,1,TER,False,22,NOITE,18_24
2025-03-04,09:12,CRIMES CONTRA A PESSOA,HOMICIDIO DOLOSO,ES,19.0,1 MASCULINO,PARDA,VILA VELHA,COBI DE CIMA,VIA PUBLICA,homicidios,violencia_social,2025,3,MAR,2025-03-01,1,TER,False,9,MANHA,18_24
2025-05-04,22:41,CRIMES CONTRA A PESSOA,HOMICIDIO DOLOSO,ES,46.0,1 MASCULINO,NEGRA,AFONSO CLAUDIO,CENTRO,VIA PUBLICA,homicidios,violencia_social,2025,5,MAI,2025-05-01,6,DOM,True,22,NOITE,45_54
2025-05-04,16:30,CRIMES CONTRA A PESSOA,HOMICIDIO DOLOSO,ES,,1 MASCULINO,PREJUDICADO,VILA VELHA,XURY,UNIDADE PRISIONAL,homicidios,violencia_social,2025,5,MAI,2025-05-01,6,DOM,True,16,TARDE,
2025-05-04,14:02,CRIMES CONTRA A PESSOA,HOMICIDIO DOLOSO,ES,33.0,1 MASCULINO,PARDA,SERRA,BAIRRO DAS LARANJEIRAS,VIA PUBLICA,homicidios,violencia_social,2025,5,MAI,2025-05-01,6,DOM,True,14,TARDE,25_34
2025-05-04,08:42,CRIMES CONTRA A PESSOA,FEMINICIDIO,ES,38.0,2 FEMININO,BRANCA,CARIACICA,BOA SORTE,CURSO D AGUA,homicidios,violencia_social,2025,5,MAI,2025-05-01,6,DOM,True,8,MANHA,35_44
2025-06-04,18:31,CRIMES CONTRA A PESSOA,HOMICIDIO DOLOSO,ES,26.0,1 MASCULINO,PARDA,ECOPORANGA,VILA NOVA,VIA PUBLICA,homicidios,violencia_social,2025,6,JUN,2025-06-01,2,QUA,False,18,NOITE,25_34
2025-06-04,18:26,CRIMES CONTRA A PESSOA,HOMICIDIO DOLOSO,ES,50.0,1 MASCULINO,PARDA,LINHARES,NOVA ESPERANCA,VIA PUBLICA,homicidios,violencia_social,2025,6,JUN,2025-06-01,2,QUA,False,18,NOITE,45_54
2025-06-04,12:30,CRIMES CONTRA A PESSOA,HOMICIDIO DOLOSO,ES,27.0,1 MASCULINO,PARDA,VILA VELHA,JABURUNA,VIA PUBLICA,homicidios,violencia_social,2025,6,JUN,2025-06-01,2,QUA,False,12,TARDE,25_34
2025-07-04,20:39,CRIMES CONTRA A PESSOA,HOMICIDIO DOLOSO,ES,65.0,1 MASCULINO,PARDA,LINHARES,AVISO,VIA PUBLICA,homicidios,violencia_social,2025,7,JUL,2025-07-01,4,SEX,False,20,NOITE,65_PLUS
2025-08-04,10:18,CRIMES CONTRA A PESSOA,HOMICIDIO DOLOSO,ES,,1 MASCULINO,PREJUDICADO,VILA VELHA,CENTRO,TERRENO BALDIO CONSTRUCAO MATA,homicidios,violencia_social,2025,8,AGO,2025-08-01,0,SEG,False,10,MANHA,
2025-09-04,02:14,CRIMES CONTRA A PESSOA,HOMICIDIO DOLOSO,ES,24.0,1 MASCULINO,BRANCA,VIANA,BOM PASTOR,DOMICILIO,homicidios,violencia_social,2025,9,SET,2025-09-01,3,QUI,False,2,MADRUGADA,18_24
2025-09-04,02:14,CRIMES CONTRA A PESSOA,HOMICIDIO DOLOSO,ES,33.0,1 MASCULINO,PARDA,VIANA,BOM PASTOR,DOMICILIO,homicidios,violencia_social,2025,9,SET,2025-09-01,3,QUI,False,2,MADRUGADA,25_34
2025-10-04,00:36,CRIMES CONTRA A PESSOA,HOMICIDIO DOLOSO,ES,26.0,1 MASCULINO,PARDA,ECOPORANGA,CENTRO,ESTABELECIMENTO COMERCIAL,homicidios,violencia_social,2025,10,OUT,2025-10-01,5,SAB,True,0,MADRUGADA,25_34
2025-11-04,23:08,CRIMES CONTRA A PESSOA,HOMICIDIO DOLOSO,ES,36.0,1 MASCULINO,NEGRA,LINHARES,SAO RAFAEL,DOMICILIO,homicidios,violencia_social,2025,11,NOV,2025-11-01,1,TER,False,23,NOITE,35_44
2025-11-04,22:35,CRIMES CONTRA A PESSOA,FEMINICIDIO,ES,8.0,2 FEMININO,PARDA,CARIACICA,ITAQUARI,DOMICILIO,homicidios,violencia_social,2025,11,NOV,2025-11-01,1,TER,False,22,NOITE,0_14
2025-11-04,18:40,CRIMES CONTRA A PESSOA,HOMICIDIO DOLOSO,ES,54.0,1 MASCULINO,PARDA,JAGUARE,NOSSA SENHORA DE FATIMA,VIA PUBLICA,homicidios,violencia_social,2025,11,NOV,2025-11-01,1,TER,False,18,NOITE,45_54
2025-11-04,14:00,CRIMES CONTRA A PESSOA,HOMICIDIO DOLOSO,ES,36.0,1 MASCULINO,PARDA,MARATAIZES,BARRA DE ITAPEMIRIM,VIA PUBLICA,homicidios,violencia_social,2025,11,NOV,2025-11-01,1,TER,False,14,TARDE,35_44
2025-12-04,22:49,CRIMES CONTRA A PESSOA,HOMICIDIO DOLOSO,ES,40.0,1 MASCULINO,PARDA,SAO MATEUS,VITORIA,VIA PUBLICA,homicidios,violencia_social,2025,12,DEZ,2025-12-01,3,QUI,False,22,NOITE,35_44
2025-12-04,21:58,CRIMES CONTRA A PESSOA,HOMICIDIO DOLOSO,ES,62.0,1 MASCULINO,BRANCA,PINHEIROS,PINHEIRINHO,VIA PUBLICA,homicidios,violencia_social,2025,12,DEZ,2025-12-01,3,QUI,False,21,NOITE,55_64
2025-04-13,06:38,CRIMES CONTRA A PESSOA,HOMICIDIO DOLOSO,ES,25.0,1 MASCULINO,PARDA,SERRA,RESIDENCIAL VISTA DO MESTRE,DOMICILIO,homicidios,violencia_social,2025,4,ABR,2025-04-01,6,DOM,True,6,MANHA,25_34
2025-04-13,05:01,CRIMES CONTRA A PESSOA,HOMICIDIO DOLOSO,ES,45.0,1 MASCULINO,PARDA,SERRA,RESIDENCIAL JACARAIPE,VIA PUBLICA,homicidios,violencia_social,2025,4,ABR,2025-04-01,6,DOM,True,5,MADRUGADA,45_54
2025-04-15,15:34,CRIMES CONTRA A PESSOA,HOMICIDIO DOLOSO,ES,55.0,1 MASCULINO,NAO INFORMADO,SERRA,CHACARA PARREIRAL,VIA PUBLICA,homicidios,violencia_social,2025,4,ABR,2025-04-01,1,TER,False,15,TARDE,55_64
2025-04-15,13:09,CRIMES CONTRA A PESSOA,HOMICIDIO DOLOSO,ES,40.0,1 MASCULINO,PARDA,VILA VELHA,GLORIA,DOMICILIO,homicidios,violencia_social,2025,4,ABR,2025-04-01,1,TER,False,13,TARDE,35_44
2025-04-15,09:37,CRIMES CONTRA A PESSOA,HOMICIDIO DOLOSO,ES,46.0,1 MASCULINO,PARDA,SAO MATEUS,GURIRI,DOMICILIO,homicidios,violencia_social,2025,4,ABR,2025-04-01,1,TER,False,9,MANHA,45_54
2025-04-17,21:09,CRIMES CONTRA A PESSOA,HOMICIDIO DOLOSO,ES,25.0,1 MASCULINO,BRANCA,BARRA DE SAO FRANCISCO,VILA LANDINHA,VIA PUBLICA,homicidios,violencia_social,2025,4,ABR,2025-04-01,3,QUI,False,21,NOITE,25_34
2025-04-18,21:47,CRIMES CONTRA A PESSOA,HOMICIDIO DOLOSO,ES,25.0,1 MASCULINO,PARDA,MUCURICI,AGUA BOA,DOMICILIO,homicidios,violencia_social,2025,4,ABR,2025-04-01,4,SEX,False,21,NOITE,25_34
2025-04-18,21:07,CRIMES CONTRA A PESSOA,HOMICIDIO DOLOSO,ES,25.0,1 MASCULINO,PARDA,CARIACICA,PADRE GABRIEL,VIA PUBLICA,homicidios,violencia_social,2025,4,ABR,2025-04-01,4,SEX,False,21,NOITE,25_34
2025-04-18,10:43,CRIMES CONTRA A PESSOA,HOMICIDIO DOLOSO,ES,51.0,1 MASCULINO,BRANCA,BARRA DE SAO FRANCISCO,VILA VICENTE,DOMICILIO,homicidios,violencia_social,2025,4,ABR,2025-04-01,4,SEX,False,10,MANHA,45_54
2025-04-18,08:10,CRIMES CONTRA A PESSOA,HOMICIDIO DOLOSO,ES,,1 MASCULINO,PARDA,VILA VELHA,COBI DE BAIXO,VIA PUBLICA,homicidios,violencia_social,2025,4,ABR,2025-04-01,4,SEX,False,8,MANHA,
2025-04-18,03:04,CRIMES CONTRA A PESSOA,HOMICIDIO DOLOSO,ES,24.0,1 MASCULINO,BRANCA,VILA VELHA,JARDIM MARILANDIA,VIA PUBLICA,homicidios,violencia_social,2025,4,ABR,2025-04-01,4,SEX,False,3,MADRUGADA,18_24
2025-04-19,19:43,CRIMES CONTRA A PESSOA,HOMICIDIO DOLOSO,ES,32.0,2 FEMININO,PARDA,BARRA DE SAO FRANCISCO,BAIRRO_NAO_INFORMADO,VIA PUBLICA,homicidios,violencia_social,2025,4,ABR,2025-04-01,5,SAB,True,19,NOITE,25_34
2025-04-19,19:37,CRIMES CONTRA A PESSOA,HOMICIDIO DOLOSO,ES,20.0,1 MASCULINO,BRANCA,BARRA DE SAO FRANCISCO,BAIRRO_NAO_INFORMADO,VIA PUBLICA,homicidios,violencia_social,2025,4,ABR,2025-04-01,5,SAB,True,19,NOITE,18_24
2025-04-19,11:07,CRIMES CONTRA A PESSOA,HOMICIDIO DOLOSO,ES,33.0,1 MASCULINO,PARDA,VILA VELHA,GLORIA,VIA PUBLICA,homicidios,violencia_social,2025,4,ABR,2025-04-01,5,SAB,True,11,MANHA,25_34
2025-04-19,09:12,CRIMES CONTRA A PESSOA,HOMICIDIO DOLOSO,ES,30.0,1 MASCULINO,PARDA,SERRA,SAO DOMINGOS,VIA PUBLICA,homicidios,violencia_social,2025,4,ABR,2025-04-01,5,SAB,True,9,MANHA,25_34
2025-04-21,07:09,CRIMES CONTRA A PESSOA,HOMICIDIO DOLOSO,ES,36.0,1 MASCULINO,PARDA,VIANA,CANTO GRANDE,DOMICILIO,homicidios,violencia_social,2025,4,ABR,2025-04-01,0,SEG,False,7,MANHA,35_44
2025-04-22,22:39,CRIMES CONTRA A PESSOA,HOMICIDIO DOLOSO,ES,38.0,1 MASCULINO,PARDA,ARACRUZ,NOVA ESPERANCA,DOMICILIO,homicidios,violencia_social,2025,4,ABR,2025-04-01,1,TER,False,22,NOITE,35_44
2025-04-22,17:35,CRIMES CONTRA A PESSOA,HOMICIDIO DOLOSO,ES,14.0,1 MASCULINO,PARDA,SOORETAMA,SAYONARA,VIA PUBLICA,homicidios,violencia_social,2025,4,ABR,2025-04-01,1,TER,False,17,TARDE,0_14
2025-04-22,16:41,CRIMES CONTRA A PESSOA,HOMICIDIO DOLOSO,ES,19.0,1 MASCULINO,BRANCA,CARIACICA,JARDIM BOTANICO,TERRENO BALDIO CONSTRUCAO MATA,homicidios,violencia_social,2025,4,ABR,2025-04-01,1,TER,False,16,TARDE,18_24
2025-04-22,10:21,CRIMES CONTRA A PESSOA,HOMICIDIO DOLOSO,ES,36.0,1 MASCULINO,PARDA,SAO MATEUS,CORREGO DA AREIA,LAGO LAGOA REPRESA,homicidios,violencia_social,2025,4,ABR,2025-04-01,1,TER,False,10,MANHA,35_44
2025-04-22,07:12,CRIMES CONTRA A PESSOA,HOMICIDIO DOLOSO,ES,43.0,1 MASCULINO,PARDA,NOVA VENECIA,PERDIDO,DOMICILIO,homicidios,violencia_social,2025,4,ABR,2025-04-01,1,TER,False,7,MANHA,35_44
2025-04-23,14:33,CRIMES CONTRA A PESSOA,HOMICIDIO DOLOSO,ES,38.0,1 MASCULINO,NEGRA,VIANA,CABRAL,UNIDADE PRISIONAL,homicidios,violencia_social,2025,4,ABR,2025-04-01,2,QUA,False,14,TARDE,35_44
2025-04-24,07:02,CRIMES CONTRA A PESSOA,HOMICIDIO DOLOSO,ES,,1 MASCULINO,,CACHOEIRO DE ITAPEMIRIM,CORONEL BORGES,VIA PUBLICA,homicidios,violencia_social,2025,4,ABR,2025-04-01,3,QUI,False,7,MANHA,
2025-04-25,12:06,CRIMES CONTRA A PESSOA,HOMICIDIO DOLOSO,ES,52.0,1 MASCULINO,PARDA,BREJETUBA,BAIRRO_NAO_INFORMADO,TERRENO BALDIO CONSTRUCAO MATA,homicidios,violencia_social,2025,4,ABR,2025-04-01,4,SEX,False,12,TARDE,45_54
2025-04-25,05:15,CRIMES CONTRA A PESSOA,HOMICIDIO DOLOSO,ES,46.0,1 MASCULINO,PARDA,IRUPI,SANTA CRUZ,VIA PUBLICA,homicidios,violencia_social,2025,4,ABR,2025-04-01,4,SEX,False,5,MADRUGADA,45_54
2025-04-26,16:21,CRIMES CONTRA A PESSOA,HOMICIDIO DOLOSO,ES,21.0,1 MASCULINO,BRANCA,CARIACICA,FLEXAL II,VIA PUBLICA,homicidios,violencia_social,2025,4,ABR,2025-04-01,5,SAB,True,16,TARDE,18_24
2025-04-27,17:31,CRIMES CONTRA A PESSOA,HOMICIDIO DOLOSO,ES,24.0,1 MASCULINO,PARDA,MONTANHA,SAO SEBASTIAO DO NORTE,LAGO LAGOA REPRESA,homicidios,violencia_social,2025,4,ABR,2025-04-01,6,DOM,True,17,TARDE,18_24
2025-04-27,17:04,CRIMES CONTRA A PESSOA,HOMICIDIO DOLOSO,ES,21.0,1 MASCULINO,PARDA,CARIACICA,CASTELO BRANCO,VIA PUBLICA,homicidios,violencia_social,2025,4,ABR,2025-04-01,6,DOM,True,17,TARDE,18_24
2025-04-27,17:04,CRIMES CONTRA A PESSOA,HOMICIDIO DOLOSO,ES,29.0,1 MASCULINO,PARDA,CARIACICA,CASTELO BRANCO,VIA PUBLICA,homicidios,violencia_social,2025,4,ABR,2025-04-01,6,DOM,True,17,TARDE,25_34
2025-04-27,05:06,CRIMES CONTRA A PESSOA,HOMICIDIO DOLOSO,ES,30.0,1 MASCULINO,BRANCA,CARIACICA,CAMPO GRANDE,DOMICILIO,homicidios,violencia_social,2025,4,ABR,2025-04-01,6,DOM,True,5,MADRUGADA,25_34
2025-04-28,14:27,CRIMES CONTRA A PESSOA,HOMICIDIO DOLOSO,ES,46.0,1 MASCULINO,PARDA,CACHOEIRO DE ITAPEMIRIM,VILAGE DA LUZ,VIA PUBLICA,homicidios,violencia_social,2025,4,ABR,2025-04-01,0,SEG,False,14,TARDE,45_54
2025-04-29,07:38,CRIMES CONTRA A PESSOA,HOMICIDIO DOLOSO,ES,36.0,1 MASCULINO,PARDA,VILA VELHA,COBI DE CIMA,VIA PUBLICA,homicidios,violencia_social,2025,4,ABR,2025-04-01,1,TER,False,7,MANHA,35_44
2025-04-30,15:49,CRIMES CONTRA A PESSOA,HOMICIDIO DOLOSO,ES,65.0,1 MASCULINO,BRANCA,CARIACICA,VILA CAPIXABA,TERRENO BALDIO CONSTRUCAO MATA,homicidios,violencia_social,2025,4,ABR,2025-04-01,2,QUA,False,15,TARDE,65_PLUS
2025-04-30,07:40,CRIMES CONTRA A PESSOA,HOMICIDIO DOLOSO,ES,28.0,2 FEMININO,PARDA,MIMOSO DO SUL,PONTE DE ITABAPOANA,VIA PUBLICA,homicidios,violencia_social,2025,4,ABR,2025-04-01,2,QUA,False,7,MANHA,25_34
2025-01-05,21:23,CRIMES CONTRA A PESSOA,HOMICIDIO DOLOSO,ES,23.0,1 MASCULINO,PARDA,ITAPEMIRIM,ITAOCA,OUTROS LOCAIS,homicidios,violencia_social,2025,1,JAN,2025-01-01,6,DOM,True,21,NOITE,18_24
2025-01-05,16:14,CRIMES CONTRA A PESSOA,HOMICIDIO DOLOSO,ES,26.0,1 MASCULINO,PARDA,CONCEICAO DA BARRA,BRACO DO RIO,PRACA PARQUES AREA PUBLICA,homicidios,violencia_social,2025,1,JAN,2025-01-01,6,DOM,True,16,TARDE,25_34
2025-01-05,15:16,CRIMES CONTRA A PESSOA,HOMICIDIO DOLOSO,ES,25.0,1 MASCULINO,NEGRA,SERRA,SERRA CENTRO,VIA PUBLICA,homicidios,violencia_social,2025,1,JAN,2025-01-01,6,DOM,True,15,TARDE,25_34
2025-01-05,12:16,CRIMES CONTRA A PESSOA,HOMICIDIO DOLOSO,ES,21.0,1 MASCULINO,PARDA,VILA VELHA,VILA GARRIDO,VIA PUBLICA,homicidios,violencia_social,2025,1,JAN,2025-01-01,6,DOM,True,12,TARDE,18_24
2025-01-05,09:18,CRIMES CONTRA A PESSOA,HOMICIDIO DOLOSO,ES,66.0,2 FEMININO,PARDA,VILA VELHA,VALE ENCANTADO,TERRENO BALDIO CONSTRUCAO MATA,homicidios,violencia_social,2025,1,JAN,2025-01-01,6,DOM,True,9,MANHA,65_PLUS
2025-02-05,21:56,CRIMES CONTRA A PESSOA,HOMICIDIO DOLOSO,ES,45.0,1 MASCULINO,NEGRA,CARIACICA,CASTELO BRANCO,VIA PUBLICA,homicidios,violencia_social,2025,2,FEV,2025-02-01,2,QUA,False,21,NOITE,45_54
2025-02-05,21:50,CRIMES CONTRA A PESSOA,HOMICIDIO DOLOSO,ES,53.0,1 MASCULINO,NEGRA,CARIACICA,JARDIM AMERICA,VIA PUBLICA,homicidios,violencia_social,2025,2,FEV,2025-02-01,2,QUA,False,21,NOITE,45_54
2025-02-05,21:01,CRIMES CONTRA A PESSOA,HOMICIDIO DOLOSO,ES,40.0,1 MASCULINO,PARDA,PANCAS,BAIRRO_NAO_INFORMADO,VIA PUBLICA,homicidios,violencia_social,2025,2,FEV,2025-02-01,2,QUA,False,21,NOITE,35_44
2025-02-05,01:00,CRIMES CONTRA A PESSOA,HOMICIDIO DOLOSO,ES,20.0,1 MASCULINO,PARDA,SERRA,JARDIM DA SERRA,VIA PUBLICA,homicidios,violencia_social,2025,2,FEV,2025-02-01,2,QUA,False,1,MADRUGADA,18_24
2025-03-05,20:15,CRIMES CONTRA A PESSOA,HOMICIDIO DOLOSO,ES,21.0,2 FEMININO,PARDA,SOORETAMA,SAYONARA,VIA PUBLICA,homicidios,violencia_social,2025,3,MAR,2025-03-01,2,QUA,False,20,NOITE,18_24
2025-04-05,11:11,CRIMES CONTRA A PESSOA,HOMICIDIO DOLOSO,ES,30.0,1 MASCULINO,PARDA,BOA ESPERANCA,VILA TAVARES,VIA PUBLICA,homicidios,violencia_social,2025,4,ABR,2025-04-01,5,SAB,True,11,MANHA,25_34
2025-04-05,03:24,CRIMES CONTRA A PESSOA,HOMICIDIO DOLOSO,ES,27.0,1 MASCULINO,PARDA,LINHARES,BREJO GRANDE,OUTROS LOCAIS,homicidios,violencia_social,2025,4,ABR,2025-04-01,5,SAB,True,3,MADRUGADA,25_34
2025-04-05,02:27,CRIMES CONTRA A PESSOA,HOMICIDIO DOLOSO,ES,30.0,1 MASCULINO,PARDA,CONCEICAO DA BARRA,BRACO DO RIO,VIA PUBLICA,homicidios,violencia_social,2025,4,ABR,2025-04-01,5,SAB,True,2,MADRUGADA,25_34
2025-04-05,01:35,CRIMES CONTRA A PESSOA,HOMICIDIO DOLOSO,ES,49.0,1 MASCULINO,BRANCA,IUNA,QUILOMBO,DOMICILIO,homicidios,violencia_social,2025,4,ABR,2025-04-01,5,SAB,True,1,MADRUGADA,45_54
2025-05-05,09:21,CRIMES CONTRA A PESSOA,HOMICIDIO DOLOSO,ES,36.0,1 MASCULINO,NEGRA,SERRA,FEU ROSA,TERRENO BALDIO CONSTRUCAO MATA,homicidios,violencia_social,2025,5,MAI,2025-05-01,0,SEG,False,9,MANHA,35_44
2025-05-05,00:24,CRIMES CONTRA A PESSOA,HOMICIDIO DOLOSO,ES,35.0,1 MASCULINO,PARDA,GUARAPARI,SAO GABRIEL,VIA PUBLICA,homicidios,violencia_social,2025,5,MAI,2025-05-01,0,SEG,False,0,MADRUGADA,35_44
2025-06-05,20:45,CRIMES CONTRA A PESSOA,HOMICIDIO DOLOSO,ES,39.0,1 MASCULINO,PARDA,PINHEIROS,SAO JOAO DO SOBRADO,DOMICILIO,homicidios,violencia_social,2025,6,JUN,2025-06-01,3,QUI,False,20,NOITE,35_44
2025-06-05,09:56,CRIMES CONTRA A PESSOA,HOMICIDIO DOLOSO,ES,23.0,1 MASCULINO,PARDA,SERRA,JARDIM BELA VISTA,VIA PUBLICA,homicidios,violencia_social,2025,6,JUN,2025-06-01,3,QUI,False,9,MANHA,18_24
2025-06-05,07:57,CRIMES CONTRA A PESSOA,HOMICIDIO DOLOSO,ES,37.0,1 MASCULINO,PARDA,CACHOEIRO DE ITAPEMIRIM,NOSSA SENHORA APARECIDA,VIA PUBLICA,homicidios,violencia_social,2025,6,JUN,2025-06-01,3,QUI,False,7,MANHA,35_44
2025-06-05,07:21,CRIMES CONTRA A PESSOA,HOMICIDIO DOLOSO,ES,26.0,1 MASCULINO,BRANCA,BAIXO GUANDU,BAIRRO_NAO_INFORMADO,VIA PUBLICA,homicidios,violencia_social,2025,6,JUN,2025-06-01,3,QUI,False,7,MANHA,25_34
2025-07-05,17:03,CRIMES CONTRA A PESSOA,HOMICIDIO DOLOSO,ES,57.0,1 MASCULINO,BRANCA,CARIACICA,VILA CAPIXABA,PONTE VIADUTO,homicidios,violencia_social,2025,7,JUL,2025-07-01,5,SAB,True,17,TARDE,55_64
2025-07-05,11:09,CRIMES CONTRA A PESSOA,HOMICIDIO DOLOSO,ES,40.0,1 MASCULINO,BRANCA,CARIACICA,VILA CAPIXABA,PONTE VIADUTO,homicidios,violencia_social,2025,7,JUL,2025-07-01,5,SAB,True,11,MANHA,35_44
2025-09-05,21:05,CRIMES CONTRA A PESSOA,HOMICIDIO DOLOSO,ES,39.0,1 MASCULINO,BRANCA,ITAGUACU,CENTRO,ESTABELECIMENTO COMERCIAL,homicidios,violencia_social,2025,9,SET,2025-09-01,4,SEX,False,21,NOITE,35_44
2025-10-05,23:29,CRIMES CONTRA A PESSOA,HOMICIDIO DOLOSO,ES,58.0,1 MASCULINO,PARDA,CARIACICA,VILA CAPIXABA,PONTE VIADUTO,homicidios,violencia_social,2025,10,OUT,2025-10-01,6,DOM,True,23,NOITE,55_64
2025-10-05,14:17,CRIMES CONTRA A PESSOA,HOMICIDIO DOLOSO,ES,45.0,1 MASCULINO,PARDA,VILA VELHA,ALECRIM,ESTABELECIMENTO COMERCIAL,homicidios,violencia_social,2025,10,OUT,2025-10-01,6,DOM,True,14,TARDE,45_54
2025-10-05,00:47,CRIMES CONTRA A PESSOA,HOMICIDIO DOLOSO,ES,29.0,1 MASCULINO,PARDA,RIO BANANAL,CORREGO LACRIMAL,DOMICILIO,homicidios,violencia_social,2025,10,OUT,2025-10-01,6,DOM,True,0,MADRUGADA,25_34
2025-11-05,04:36,CRIMES CONTRA A PESSOA,HOMICIDIO DOLOSO,ES,26.0,1 MASCULINO,PARDA,CARIACICA,FLEXAL II,PRACA PARQUES AREA PUBLICA,homicidios,violencia_social,2025,11,NOV,2025-11-01,2,QUA,False,4,MADRUGADA,25_34
2025-11-05,00:44,CRIMES CONTRA A PESSOA,HOMICIDIO DOLOSO,ES,21.0,1 MASCULINO,PARDA,VILA VELHA,PEDRA DOS BUZIOS,DOMICILIO,homicidios,violencia_social,2025,11,NOV,2025-11-01,2,QUA,False,0,MADRUGADA,18_24
2025-12-05,05:55,CRIMES CONTRA A PESSOA,FEMINICIDIO,ES,46.0,2 FEMININO,PARDA,DOMINGOS MARTINS,SOIDO,DOMICILIO,homicidios,violencia_social,2025,12,DEZ,2025-12-01,4,SEX,False,5,MADRUGADA,45_54
2025-12-05,22:46,CRIMES CONTRA A PESSOA,HOMICIDIO DOLOSO,ES,29.0,1 MASCULINO,PARDA,CARIACICA,SOTELANDIA,VIA PUBLICA,homicidios,violencia_social,2025,12,DEZ,2025-12-01,4,SEX,False,22,NOITE,25_34
2025-12-05,02:31,CRIMES CONTRA A PESSOA,HOMICIDIO DOLOSO,ES,33.0,1 MASCULINO,PARDA,GUARAPARI,SAO GABRIEL,DOMICILIO,homicidios,violencia_social,2025,12,DEZ,2025-12-01,4,SEX,False,2,MADRUGADA,25_34
2025-05-13,23:05,CRIMES CONTRA A PESSOA,HOMICIDIO DOLOSO,ES,24.0,1 MASCULINO,PARDA,COLATINA,QUINZE DE OUTUBRO,ESTABELECIMENTO COMERCIAL,homicidios,violencia_social,2025,5,MAI,2025-05-01,1,TER,False,23,NOITE,18_24
2025-05-16,23:47,CRIMES CONTRA A PESSOA,HOMICIDIO DOLOSO,ES,29.0,1 MASCULINO,PARDA,BAIXO GUANDU,VILA KENNEDY,VIA PUBLICA,homicidios,violencia_social,2025,5,MAI,2025-05-01,4,SEX,False,23,NOITE,25_34
2025-05-16,18:47,CRIMES CONTRA A PESSOA,HOMICIDIO DOLOSO,ES,26.0,1 MASCULINO,PARDA,CARIACICA,CASTELO BRANCO,VIA PUBLICA,homicidios,violencia_social,2025,5,MAI,2025-05-01,4,SEX,False,18,NOITE,25_34
2025-05-16,09:46,CRIMES CONTRA A PESSOA,HOMICIDIO DOLOSO,ES,21.0,1 MASCULINO,PARDA,VILA VELHA,SAO TORQUATO,TERRENO BALDIO CONSTRUCAO MATA,homicidios,violencia_social,2025,5,MAI,2025-05-01,4,SEX,False,9,MANHA,18_24
2025-05-17,18:19,CRIMES CONTRA A PESSOA,FEMINICIDIO,ES,1.0,2 FEMININO,BRANCA,CARIACICA,PORTO DE CARIACICA,DOMICILIO,homicidios,violencia_social,2025,5,MAI,2025-05-01,5,SAB,True,18,NOITE,0_14
2025-05-17,17:07,CRIMES CONTRA A PESSOA,HOMICIDIO DOLOSO,ES,39.0,1 MASCULINO,NEGRA,SERRA,BAIRRO DAS LARANJEIRAS,VIA PUBLICA,homicidios,violencia_social,2025,5,MAI,2025-05-01,5,SAB,True,17,TARDE,35_44
2025-05-17,03:12,CRIMES CONTRA A PESSOA,HOMICIDIO DOLOSO,ES,38.0,1 MASCULINO,PARDA,SAO MATEUS,VILA NOVA,DOMICILIO,homicidios,violencia_social,2025,5,MAI,2025-05-01,5,SAB,True,3,MADRUGADA,35_44
2025-05-17,02:53,CRIMES CONTRA A PESSOA,HOMICIDIO DOLOSO,ES,20.0,1 MASCULINO,PARDA,ARACRUZ,SAO MARCOS,VIA PUBLICA,homicidios,violencia_social,2025,5,MAI,2025-05-01,5,SAB,True,2,MADRUGADA,18_24
2025-05-18,17:27,CRIMES CONTRA A PESSOA,HOMICIDIO DOLOSO,ES,29.0,1 MASCULINO,PARDA,SAO MATEUS,CARAPINA,VIA PUBLICA,homicidios,violencia_social,2025,5,MAI,2025-05-01,6,DOM,True,17,TARDE,25_34
2025-05-18,07:40,CRIMES CONTRA A PESSOA,HOMICIDIO DOLOSO,ES,16.0,2 FEMININO,NEGRA,VILA VELHA,BARRAMARES,VIA PUBLICA,homicidios,violencia_social,2025,5,MAI,2025-05-01,6,DOM,True,7,MANHA,15_17
2025-05-19,16:28,CRIMES CONTRA A PESSOA,HOMICIDIO DOLOSO,ES,26.0,1 MASCULINO,PARDA,SERRA,PARQUE RESIDENCIAL TUBARAO,VIA PUBLICA,homicidios,violencia_social,2025,5,MAI,2025-05-01,0,SEG,False,16,TARDE,25_34
2025-05-21,18:16,CRIMES CONTRA A PESSOA,HOMICIDIO DOLOSO,ES,39.0,1 MASCULINO,PARDA,SERRA,NOVA ALMEIDA,TERRENO BALDIO CONSTRUCAO MATA,homicidios,violencia_social,2025,5,MAI,2025-05-01,2,QUA,False,18,NOITE,35_44
2025-05-21,17:02,CRIMES CONTRA A PESSOA,HOMICIDIO DOLOSO,ES,39.0,1 MASCULINO,PARDA,ATILIO VIVACQUA,SAO PEDRO,VIA PUBLICA,homicidios,violencia_social,2025,5,MAI,2025-05-01,2,QUA,False,17,TARDE,35_44
2025-05-21,17:02,CRIMES CONTRA A PESSOA,HOMICIDIO DOLOSO,ES,36.0,1 MASCULINO,PARDA,ATILIO VIVACQUA,SAO PEDRO,VIA PUBLICA,homicidios,violencia_social,2025,5,MAI,2025-05-01,2,QUA,False,17,TARDE,35_44
2025-05-21,01:46,CRIMES CONTRA A PESSOA,HOMICIDIO DOLOSO,ES,41.0,1 MASCULINO,PARDA,VILA VELHA,ZUMBI DOS PALMARES,VIA PUBLICA,homicidios,violencia_social,2025,5,MAI,2025-05-01,2,QUA,False,1,MADRUGADA,35_44
2025-05-22,18:54,CRIMES CONTRA A PESSOA,HOMICIDIO DOLOSO,ES,68.0,1 MASCULINO,PARDA,LINHARES,SANTA CRUZ,DOMICILIO,homicidios,violencia_social,2025,5,MAI,2025-05-01,3,QUI,False,18,NOITE,65_PLUS
2025-05-23,22:10,CRIMES CONTRA A PESSOA,HOMICIDIO DOLOSO,ES,23.0,1 MASCULINO,NEGRA,SERRA,BAIRRO DAS LARANJEIRAS,VIA PUBLICA,homicidios,violencia_social,2025,5,MAI,2025-05-01,4,SEX,False,22,NOITE,18_24
2025-05-23,06:30,CRIMES CONTRA A PESSOA,HOMICIDIO DOLOSO,ES,24.0,1 MASCULINO,PARDA,ARACRUZ,BARRA DO SAHY,VIA PUBLICA,homicidios,violencia_social,2025,5,MAI,2025-05-01,4,SEX,False,6,MANHA,18_24
2025-05-24,22:22,CRIMES CONTRA A PESSOA,HOMICIDIO DOLOSO,ES,34.0,1 MASCULINO,PARDA,LINHARES,HUMAITA,VIA PUBLICA,homicidios,violencia_social,2025,5,MAI,2025-05-01,5,SAB,True,22,NOITE,25_34
2025-05-24,19:55,CRIMES CONTRA A PESSOA,HOMICIDIO DOLOSO,ES,35.0,1 MASCULINO,BRANCA,VILA VELHA,JARDIM MARILANDIA,ESTABELECIMENTO COMERCIAL,homicidios,violencia_social,2025,5,MAI,2025-05-01,5,SAB,True,19,NOITE,35_44
2025-05-25,16:21,CRIMES CONTRA A PESSOA,HOMICIDIO DOLOSO,ES,56.0,1 MASCULINO,BRANCA,VILA VELHA,JARDIM MARILANDIA,ESTABELECIMENTO COMERCIAL,homicidios,violencia_social,2025,5,MAI,2025-05-01,6,DOM,True,16,TARDE,55_64
2025-05-26,03:17,CRIMES CONTRA A PESSOA,HOMICIDIO DOLOSO,ES,26.0,1 MASCULINO,NEGRA,SERRA,ROSARIO DE FATIMA,VIA PUBLICA,homicidios,violencia_social,2025,5,MAI,2025-05-01,0,SEG,False,3,MADRUGADA,25_34
2025-05-27,07:45,CRIMES CONTRA A PESSOA,HOMICIDIO DOLOSO,ES,18.0,1 MASCULINO,BRANCA,VILA VELHA,VINTE E TRES DE MAIO,VIA PUBLICA,homicidios,violencia_social,2025,5,MAI,2025-05-01,1,TER,False,7,MANHA,18_24
2025-05-27,07:45,CRIMES CONTRA A PESSOA,HOMICIDIO DOLOSO,ES,22.0,1 MASCULINO,PARDA,VILA VELHA,VINTE E TRES DE MAIO,VIA PUBLICA,homicidios,violencia_social,2025,5,MAI,2025-05-01,1,TER,False,7,MANHA,18_24
2025-05-27,00:23,CRIMES CONTRA A PESSOA,HOMICIDIO DOLOSO,ES,31.0,1 MASCULINO,PARDA,PANCAS,BAIRRO_NAO_INFORMADO,DOMICILIO,homicidios,violencia_social,2025,5,MAI,2025-05-01,1,TER,False,0,MADRUGADA,25_34
2025-05-28,11:05,CRIMES CONTRA A PESSOA,HOMICIDIO DOLOSO,ES,43.0,1 MASCULINO,PARDA,VITORIA,GURIGICA,DOMICILIO,homicidios,violencia_social,2025,5,MAI,2025-05-01,2,QUA,False,11,MANHA,35_44
2025-05-29,01:58,CRIMES CONTRA A PESSOA,HOMICIDIO DOLOSO,ES,24.0,1 MASCULINO,PARDA,VILA VELHA,BARRA DO JUCU,VIA PUBLICA,homicidios,violencia_social,2025,5,MAI,2025-05-01,3,QUI,False,1,MADRUGADA,18_24
2025-05-29,00:59,CRIMES CONTRA A PESSOA,FEMINICIDIO,ES,28.0,2 FEMININO,PARDA,VIANA,ARLINDO ANGELO VILLASCHI,DOMICILIO,homicidios,violencia_social,2025,5,MAI,2025-05-01,3,QUI,False,0,MADRUGADA,25_34
2025-05-29,22:32,CRIMES CONTRA A PESSOA,HOMICIDIO DOLOSO,ES,18.0,1 MASCULINO,PARDA,CARIACICA,APARECIDA,VIA PUBLICA,homicidios,violencia_social,2025,5,MAI,2025-05-01,3,QUI,False,22,NOITE,18_24
2025-05-29,21:10,CRIMES CONTRA A PESSOA,HOMICIDIO DOLOSO,ES,23.0,2 FEMININO,PARDA,SAO MATEUS,AROEIRA,VIA PUBLICA,homicidios,violencia_social,2025,5,MAI,2025-05-01,3,QUI,False,21,NOITE,18_24
2025-05-30,12:15,CRIMES CONTRA A PESSOA,HOMICIDIO DOLOSO,ES,50.0,1 MASCULINO,PARDA,LINHARES,REGENCIA,VIA PUBLICA,homicidios,violencia_social,2025,5,MAI,2025-05-01,4,SEX,False,12,TARDE,45_54
2025-05-30,10:55,CRIMES CONTRA A PESSOA,HOMICIDIO DOLOSO,ES,20.0,1 MASCULINO,NEGRA,VILA VELHA,SANTA RITA,VIA PUBLICA,homicidios,violencia_social,2025,5,MAI,2025-05-01,4,SEX,False,10,MANHA,18_24
2025-05-31,12:15,CRIMES CONTRA A PESSOA,HOMICIDIO DOLOSO,ES,38.0,1 MASCULINO,PARDA,COLATINA,SANTO ANTONIO,DOMICILIO,homicidios,violencia_social,2025,5,MAI,2025-05-01,5,SAB,True,12,TARDE,35_44
2025-01-06,11:31,CRIMES CONTRA A PESSOA,HOMICIDIO DOLOSO,ES,20.0,1 MASCULINO,BRANCA,VILA VELHA,JABURUNA,VIA PUBLICA,homicidios,violencia_social,2025,1,JAN,2025-01-01,0,SEG,False,11,MANHA,18_24
2025-02-06,11:43,CRIMES CONTRA A PESSOA,HOMICIDIO DOLOSO,ES,21.0,1 MASCULINO,PARDA,GUARAPARI,PATURA,PRACA PARQUES AREA PUBLICA,homicidios,violencia_social,2025,2,FEV,2025-02-01,3,QUI,False,11,MANHA,18_24
2025-04-06,18:44,CRIMES CONTRA A PESSOA,HOMICIDIO DOLOSO,ES,20.0,1 MASCULINO,PARDA,VITORIA,SANTO ANTONIO,VIA PUBLICA,homicidios,violencia_social,2025,4,ABR,2025-04-01,6,DOM,True,18,NOITE,18_24
2025-05-06,23:09,CRIMES CONTRA A PESSOA,HOMICIDIO DOLOSO,ES,34.0,1 MASCULINO,PARDA,CARIACICA,VILA PRUDENCIO,VIA PUBLICA,homicidios,violencia_social,2025,5,MAI,2025-05-01,1,TER,False,23,NOITE,25_34
2025-06-06,23:09,CRIMES CONTRA A PESSOA,HOMICIDIO DOLOSO,ES,46.0,1 MASCULINO,PARDA,CONCEICAO DO CASTELO,CENTRO,DOMICILIO,homicidios,violencia_social,2025,6,JUN,2025-06-01,4,SEX,False,23,NOITE,45_54
2025-07-06,22:30,CRIMES CONTRA A PESSOA,HOMICIDIO DOLOSO,ES,25.0,1 MASCULINO,PARDA,SOORETAMA,CENTRO,VIA PUBLICA,homicidios,violencia_social,2025,7,JUL,2025-07-01,6,DOM,True,22,NOITE,25_34
2025-07-06,22:30,CRIMES CONTRA A PESSOA,HOMICIDIO DOLOSO,ES,25.0,1 MASCULINO,PARDA,SOORETAMA,CENTRO,VIA PUBLICA,homicidios,violencia_social,2025,7,JUL,2025-07-01,6,DOM,True,22,NOITE,25_34
2025-07-06,15:36,CRIMES CONTRA A PESSOA,HOMICIDIO DOLOSO,ES,17.0,1 MASCULINO,PARDA,SAO MATEUS,BAIRRO_NAO_INFORMADO,TERRENO BALDIO CONSTRUCAO MATA,homicidios,violencia_social,2025,7,JUL,2025-07-01,6,DOM,True,15,TARDE,15_17
2025-07-06,12:04,CRIMES CONTRA A PESSOA,HOMICIDIO DOLOSO,ES,32.0,1 MASCULINO,PARDA,VIANA,PEDRA MULATA,DOMICILIO,homicidios,violencia_social,2025,7,JUL,2025-07-01,6,DOM,True,12,TARDE,25_34
2025-07-06,07:59,CRIMES CONTRA A PESSOA,HOMICIDIO DOLOSO,ES,17.0,1 MASCULINO,PARDA,SERRA,VILA NOVA DE COALRES,PRACA PARQUES AREA PUBLICA,homicidios,violencia_social,2025,7,JUL,2025-07-01,6,DOM,True,7,MANHA,15_17
2025-08-06,18:27,CRIMES CONTRA A PESSOA,HOMICIDIO DOLOSO,ES,19.0,1 MASCULINO,PARDA,VILA VELHA,DOM JOAO BATISTA,VIA PUBLICA,homicidios,violencia_social,2025,8,AGO,2025-08-01,2,QUA,False,18,NOITE,18_24
2025-08-06,15:51,CRIMES CONTRA A PESSOA,HOMICIDIO DOLOSO,ES,37.0,1 MASCULINO,BRANCA,VILA VELHA,COBILANDIA,VIA PUBLICA,homicidios,violencia_social,2025,8,AGO,2025-08-01,2,QUA,False,15,TARDE,35_44
2025-08-06,07:30,CRIMES CONTRA A PESSOA,HOMICIDIO DOLOSO,ES,23.0,1 MASCULINO,NEGRA,CARIACICA,JARDIM DE ALAH,PRACA PARQUES AREA PUBLICA,homicidios,violencia_social,2025,8,AGO,2025-08-01,2,QUA,False,7,MANHA,18_24
2025-08-06,03:05,CRIMES CONTRA A PESSOA,HOMICIDIO DOLOSO,ES,29.0,1 MASCULINO,PARDA,CARIACICA,JARDIM BOTANICO,VIA PUBLICA,homicidios,violencia_social,2025,8,AGO,2025-08-01,2,QUA,False,3,MADRUGADA,25_34
2025-09-06,23:15,CRIMES CONTRA A PESSOA,HOMICIDIO DOLOSO,ES,38.0,1 MASCULINO,PARDA,MONTANHA,LAJEDO,DOMICILIO,homicidios,violencia_social,2025,9,SET,2025-09-01,5,SAB,True,23,NOITE,35_44
2025-09-06,19:06,CRIMES CONTRA A PESSOA,HOMICIDIO DOLOSO,ES,33.0,1 MASCULINO,BRANCA,CARIACICA,SAO FRANCISCO,VIA PUBLICA,homicidios,violencia_social,2025,9,SET,2025-09-01,5,SAB,True,19,NOITE,25_34
2025-09-06,16:47,CRIMES CONTRA A PESSOA,HOMICIDIO DOLOSO,ES,42.0,1 MASCULINO,PARDA,VILA VELHA,PRAIA DA COSTA,VIA PUBLICA,homicidios,violencia_social,2025,9,SET,2025-09-01,5,SAB,True,16,TARDE,35_44
2025-09-06,15:38,CRIMES CONTRA A PESSOA,HOMICIDIO DOLOSO,ES,35.0,1 MASCULINO,PARDA,CARIACICA,SANTO ANDRE,VIA PUBLICA,homicidios,violencia_social,2025,9,SET,2025-09-01,5,SAB,True,15,TARDE,35_44
2025-09-06,10:04,CRIMES CONTRA A PESSOA,HOMICIDIO DOLOSO,ES,47.0,1 MASCULINO,NEGRA,SERRA,TAQUARA,VIA PUBLICA,homicidios,violencia_social,2025,9,SET,2025-09-01,5,SAB,True,10,MANHA,45_54
2025-09-06,02:09,CRIMES CONTRA A PESSOA,HOMICIDIO DOLOSO,ES,31.0,2 FEMININO,PARDA,PANCAS,OPERARIO,DOMICILIO,homicidios,violencia_social,2025,9,SET,2025-09-01,5,SAB,True,2,MADRUGADA,25_34
2025-10-06,18:54,CRIMES CONTRA A PESSOA,HOMICIDIO DOLOSO,ES,69.0,1 MASCULINO,PARDA,IRUPI,SANTA CLARA,DOMICILIO,homicidios,violencia_social,2025,10,OUT,2025-10-01,0,SEG,False,18,NOITE,65_PLUS
2025-10-06,12:41,CRIMES CONTRA A PESSOA,HOMICIDIO DOLOSO,ES,15.0,1 MASCULINO,PARDA,LINHARES,PLANALTO,TERRENO BALDIO CONSTRUCAO MATA,homicidios,violencia_social,2025,10,OUT,2025-10-01,0,SEG,False,12,TARDE,15_17
2025-12-06,13:03,CRIMES CONTRA A PESSOA,HOMICIDIO DOLOSO,ES,25.0,1 MASCULINO,PARDA,VILA VELHA,SAO TORQUATO,TERRENO BALDIO CONSTRUCAO MATA,homicidios,violencia_social,2025,12,DEZ,2025-12-01,5,SAB,True,13,TARDE,25_34
2025-06-13,18:59,CRIMES CONTRA A PESSOA,HOMICIDIO DOLOSO,ES,30.0,1 MASCULINO,NEGRA,CARIACICA,SOTELANDIA,VIA PUBLICA,homicidios,violencia_social,2025,6,JUN,2025-06-01,4,SEX,False,18,NOITE,25_34
2025-06-13,18:59,CRIMES CONTRA A PESSOA,HOMICIDIO DOLOSO,ES,25.0,1 MASCULINO,NEGRA,CARIACICA,SOTELANDIA,VIA PUBLICA,homicidios,violencia_social,2025,6,JUN,2025-06-01,4,SEX,False,18,NOITE,25_34
2025-06-13,17:37,CRIMES CONTRA A PESSOA,HOMICIDIO DOLOSO,ES,31.0,1 MASCULINO,BRANCA,SERRA,RESIDENCIAL MESTRE ALVARO,VIA PUBLICA,homicidios,violencia_social,2025,6,JUN,2025-06-01,4,SEX,False,17,TARDE,25_34
2025-06-13,15:48,CRIMES CONTRA A PESSOA,HOMICIDIO DOLOSO,ES,24.0,1 MASCULINO,PARDA,JAGUARE,SAO BRAS,DOMICILIO,homicidios,violencia_social,2025,6,JUN,2025-06-01,4,SEX,False,15,TARDE,18_24
2025-06-15,17:39,CRIMES CONTRA A PESSOA,HOMICIDIO DOLOSO,ES,23.0,1 MASCULINO,NEGRA,SANTA TERESA,CENTENARIO,VIA PUBLICA,homicidios,violencia_social,2025,6,JUN,2025-06-01,6,DOM,True,17,TARDE,18_24
2025-06-16,19:02,CRIMES CONTRA A PESSOA,HOMICIDIO DOLOSO,ES,36.0,1 MASCULINO,NEGRA,ALEGRE,VILA DO SUL,DOMICILIO,homicidios,violencia_social,2025,6,JUN,2025-06-01,0,SEG,False,19,NOITE,35_44
2025-06-16,00:01,CRIMES CONTRA A PESSOA,HOMICIDIO DOLOSO,ES,24.0,1 MASCULINO,PARDA,BARRA DE SAO FRANCISCO,COLINA,VIA PUBLICA,homicidios,violencia_social,2025,6,JUN,2025-06-01,0,SEG,False,0,MADRUGADA,18_24
2025-06-17,08:42,CRIMES CONTRA A PESSOA,HOMICIDIO DOLOSO,ES,20.0,1 MASCULINO,PARDA,VILA VELHA,ULISSES GUIMARAES,ESTABELECIMENTO COMERCIAL,homicidios,violencia_social,2025,6,JUN,2025-06-01,1,TER,False,8,MANHA,18_24
2025-06-17,01:16,CRIMES CONTRA A PESSOA,HOMICIDIO DOLOSO,ES,18.0,1 MASCULINO,PARDA,VILA VELHA,NORMILIA DA CUNHA,VIA PUBLICA,homicidios,violencia_social,2025,6,JUN,2025-06-01,1,TER,False,1,MADRUGADA,18_24
2025-06-17,00:37,CRIMES CONTRA A PESSOA,HOMICIDIO DOLOSO,ES,19.0,1 MASCULINO,PARDA,VILA VELHA,NORMILIA DA CUNHA,VIA PUBLICA,homicidios,violencia_social,2025,6,JUN,2025-06-01,1,TER,False,0,MADRUGADA,18_24
2025-06-18,23:56,CRIMES CONTRA A PESSOA,HOMICIDIO DOLOSO,ES,35.0,2 FEMININO,PARDA,CACHOEIRO DE ITAPEMIRIM,BNH,VIA PUBLICA,homicidios,violencia_social,2025,6,JUN,2025-06-01,2,QUA,False,23,NOITE,35_44
2025-06-18,11:45,CRIMES CONTRA A PESSOA,HOMICIDIO DOLOSO,ES,23.0,1 MASCULINO,PARDA,SAO MATEUS,BAIRRO_NAO_INFORMADO,VIA PUBLICA,homicidios,violencia_social,2025,6,JUN,2025-06-01,2,QUA,False,11,MANHA,18_24
2025-06-18,10:23,CRIMES CONTRA A PESSOA,HOMICIDIO DOLOSO,ES,17.0,1 MASCULINO,PARDA,SAO MATEUS,BAIRRO_NAO_INFORMADO,VIA PUBLICA,homicidios,violencia_social,2025,6,JUN,2025-06-01,2,QUA,False,10,MANHA,15_17
2025-06-18,08:52,CRIMES CONTRA A PESSOA,HOMICIDIO DOLOSO,ES,17.0,1 MASCULINO,PARDA,VILA VELHA,ULISSES GUIMARAES,VIA PUBLICA,homicidios,violencia_social,2025,6,JUN,2025-06-01,2,QUA,False,8,MANHA,15_17
2025-06-18,03:31,CRIMES CONTRA A PESSOA,HOMICIDIO DOLOSO,ES,37.0,1 MASCULINO,PARDA,VITORIA,ENSEADA DO SUA,VIA PUBLICA,homicidios,violencia_social,2025,6,JUN,2025-06-01,2,QUA,False,3,MADRUGADA,35_44
2025-06-19,20:12,CRIMES CONTRA A PESSOA,HOMICIDIO DOLOSO,ES,17.0,1 MASCULINO,NEGRA,BAIXO GUANDU,SAPUCAIA,VIA PUBLICA,homicidios,violencia_social,2025,6,JUN,2025-06-01,3,QUI,False,20,NOITE,15_17
2025-06-19,11:41,CRIMES CONTRA A PESSOA,HOMICIDIO DOLOSO,ES,23.0,1 MASCULINO,PARDA,VITORIA,CONQUISTA,TERRENO BALDIO CONSTRUCAO MATA,homicidios,violencia_social,2025,6,JUN,2025-06-01,3,QUI,False,11,MANHA,18_24
2025-06-19,03:28,CRIMES CONTRA A PESSOA,HOMICIDIO DOLOSO,ES,32.0,1 MASCULINO,PARDA,VILA VELHA,RIVIERA DA BARRA,VIA PUBLICA,homicidios,violencia_social,2025,6,JUN,2025-06-01,3,QUI,False,3,MADRUGADA,25_34
2025-06-20,21:31,CRIMES CONTRA A PESSOA,HOMICIDIO DOLOSO,ES,38.0,1 MASCULINO,BRANCA,SERRA,JACUHY,ESTABELECIMENTO COMERCIAL,homicidios,violencia_social,2025,6,JUN,2025-06-01,4,SEX,False,21,NOITE,35_44
2025-06-20,05:20,CRIMES CONTRA A PESSOA,HOMICIDIO DOLOSO,ES,33.0,1 MASCULINO,BRANCA,AGUIA BRANCA,BAIRRO_NAO_INFORMADO,VIA PUBLICA,homicidios,violencia_social,2025,6,JUN,2025-06-01,4,SEX,False,5,MADRUGADA,25_34
2025-06-21,01:29,CRIMES CONTRA A PESSOA,HOMICIDIO DOLOSO,ES,23.0,1 MASCULINO,PARDA,VILA VELHA,GLORIA,VIA PUBLICA,homicidios,violencia_social,2025,6,JUN,2025-06-01,5,SAB,True,1,MADRUGADA,18_24
2025-06-22,04:15,CRIMES CONTRA A PESSOA,HOMICIDIO DOLOSO,ES,39.0,1 MASCULINO,PARDA,AFONSO CLAUDIO,SAO VICENTE,VIA PUBLICA,homicidios,violencia_social,2025,6,JUN,2025-06-01,6,DOM,True,4,MADRUGADA,35_44
2025-06-23,22:48,CRIMES CONTRA A PESSOA,HOMICIDIO DOLOSO,ES,32.0,1 MASCULINO,NEGRA,VILA VELHA,COBILANDIA,VIA PUBLICA,homicidios,violencia_social,2025,6,JUN,2025-06-01,0,SEG,False,22,NOITE,25_34
2025-06-23,00:38,CRIMES CONTRA A PESSOA,HOMICIDIO DOLOSO,ES,18.0,1 MASCULINO,PARDA,VILA VELHA,PONTA DA FRUTA,VIA PUBLICA,homicidios,violencia_social,2025,6,JUN,2025-06-01,0,SEG,False,0,MADRUGADA,18_24
2025-06-24,23:43,CRIMES CONTRA A PESSOA,HOMICIDIO DOLOSO,ES,16.0,1 MASCULINO,PARDA,VIANA,VALE DO SOL,DOMICILIO,homicidios,violencia_social,2025,6,JUN,2025-06-01,1,TER,False,23,NOITE,15_17
2025-06-25,11:47,CRIMES CONTRA A PESSOA,HOMICIDIO DOLOSO,ES,21.0,1 MASCULINO,NAO INFORMADO,CONCEICAO DA BARRA,BAIRRO_NAO_INFORMADO,VIA PUBLICA,homicidios,violencia_social,2025,6,JUN,2025-06-01,2,QUA,False,11,MANHA,18_24
2025-06-26,07:10,CRIMES CONTRA A PESSOA,HOMICIDIO DOLOSO,ES,30.0,1 MASCULINO,PARDA,ITAPEMIRIM,ITAIPAVA,TERRENO BALDIO CONSTRUCAO MATA,homicidios,violencia_social,2025,6,JUN,2025-06-01,3,QUI,False,7,MANHA,25_34
2025-06-28,23:00,CRIMES CONTRA A PESSOA,HOMICIDIO DOLOSO,ES,19.0,1 MASCULINO,PARDA,CARIACICA,CAMPINA GRANDE,PRACA PARQUES AREA PUBLICA,homicidios,violencia_social,2025,6,JUN,2025-06-01,5,SAB,True,23,NOITE,18_24
2025-06-28,12:26,CRIMES CONTRA A PESSOA,HOMICIDIO DOLOSO,ES,30.0,1 MASCULINO,BRANCA,CARIACICA,VILA CAJUEIRO,VIA PUBLICA,homicidios,violencia_social,2025,6,JUN,2025-06-01,5,SAB,True,12,TARDE,25_34
2025-06-28,06:40,CRIMES CONTRA A PESSOA,HOMICIDIO DOLOSO,ES,32.0,1 MASCULINO,PARDA,PEDRO CANARIO,CENTRO,DOMICILIO,homicidios,violencia_social,2025,6,JUN,2025-06-01,5,SAB,True,6,MANHA,25_34
2025-06-28,04:03,CRIMES CONTRA A PESSOA,HOMICIDIO DOLOSO,ES,39.0,1 MASCULINO,PARDA,VILA VELHA,ULISSES GUIMARAES,VIA PUBLICA,homicidios,violencia_social,2025,6,JUN,2025-06-01,5,SAB,True,4,MADRUGADA,35_44
2025-06-30,20:20,CRIMES CONTRA A PESSOA,HOMICIDIO DOLOSO,ES,20.0,1 MASCULINO,BRANCA,VILA VELHA,ATAIDE,VIA PUBLICA,homicidios,violencia_social,2025,6,JUN,2025-06-01,0,SEG,False,20,NOITE,18_24
2025-01-07,18:48,CRIMES CONTRA A PESSOA,HOMICIDIO DOLOSO,ES,36.0,1 MASCULINO,NEGRA,CARIACICA,FLEXAL I,TERRENO BALDIO CONSTRUCAO MATA,homicidios,violencia_social,2025,1,JAN,2025-01-01,1,TER,False,18,NOITE,35_44
2025-03-07,08:23,CRIMES CONTRA A PESSOA,HOMICIDIO DOLOSO,ES,22.0,1 MASCULINO,NEGRA,VILA VELHA,SANTA RITA,VIA PUBLICA,homicidios,violencia_social,2025,3,MAR,2025-03-01,4,SEX,False,8,MANHA,18_24
2025-04-07,14:56,CRIMES CONTRA A PESSOA,HOMICIDIO DOLOSO,ES,17.0,1 MASCULINO,NEGRA,SAO MATEUS,GURIRI,TERRENO BALDIO CONSTRUCAO MATA,homicidios,violencia_social,2025,4,ABR,2025-04-01,0,SEG,False,14,TARDE,15_17
2025-05-07,23:27,CRIMES CONTRA A PESSOA,HOMICIDIO DOLOSO,ES,36.0,1 MASCULINO,PARDA,COLATINA,VILA LENIRA,DOMICILIO,homicidios,violencia_social,2025,5,MAI,2025-05-01,2,QUA,False,23,NOITE,35_44
2025-05-07,13:51,CRIMES CONTRA A PESSOA,HOMICIDIO DOLOSO,ES,35.0,1 MASCULINO,PARDA,NOVA VENECIA,BEIRA RIO,VIA PUBLICA,homicidios,violencia_social,2025,5,MAI,2025-05-01,2,QUA,False,13,TARDE,35_44
2025-05-07,10:53,CRIMES CONTRA A PESSOA,HOMICIDIO DOLOSO,ES,36.0,1 MASCULINO,NEGRA,CARIACICA,CARIACICA SEDE,ESTABELECIMENTO COMERCIAL,homicidios,violencia_social,2025,5,MAI,2025-05-01,2,QUA,False,10,MANHA,35_44
2025-05-07,02:45,CRIMES CONTRA A PESSOA,HOMICIDIO DOLOSO,ES,18.0,2 FEMININO,PARDA,GUARAPARI,SAO JOSE,TERRENO BALDIO CONSTRUCAO MATA,homicidios,violencia_social,2025,5,MAI,2025-05-01,2,QUA,False,2,MADRUGADA,18_24
2025-08-07,18:10,CRIMES CONTRA A PESSOA,HOMICIDIO DOLOSO,ES,26.0,1 MASCULINO,PARDA,SOORETAMA,SAYONARA,VIA PUBLICA,homicidios,violencia_social,2025,8,AGO,2025-08-01,3,QUI,False,18,NOITE,25_34
2025-08-07,02:31,CRIMES CONTRA A PESSOA,HOMICIDIO DOLOSO,ES,47.0,1 MASCULINO,NEGRA,GOVERNADOR LINDENBERG,NOVA BRASILIA,DOMICILIO,homicidios,violencia_social,2025,8,AGO,2025-08-01,3,QUI,False,2,MADRUGADA,45_54
2025-09-07,23:17,CRIMES CONTRA A PESSOA,HOMICIDIO DOLOSO,ES,21.0,1 MASCULINO,PARDA,MARATAIZES,BARRA DE ITAPEMIRIM,VIA PUBLICA,homicidios,violencia_social,2025,9,SET,2025-09-01,6,DOM,True,23,NOITE,18_24
2025-10-07,11:16,CRIMES CONTRA A PESSOA,HOMICIDIO DOLOSO,ES,29.0,1 MASCULINO,PARDA,GUARAPARI,VARZEA NOVA,UNIDADE PRISIONAL,homicidios,violencia_social,2025,10,OUT,2025-10-01,1,TER,False,11,MANHA,25_34
2025-10-07,09:13,CRIMES CONTRA A PESSOA,HOMICIDIO DOLOSO,ES,41.0,1 MASCULINO,PARDA,VILA VELHA,ZUMBI DOS PALMARES,VIA PUBLICA,homicidios,violencia_social,2025,10,OUT,2025-10-01,1,TER,False,9,MANHA,35_44
2025-10-07,07:33,CRIMES CONTRA A PESSOA,HOMICIDIO DOLOSO,ES,20.0,1 MASCULINO,BRANCA,VILA VELHA,SAO CONRADO,VIA PUBLICA,homicidios,violencia_social,2025,10,OUT,2025-10-01,1,TER,False,7,MANHA,18_24
2025-10-07,07:23,CRIMES CONTRA A PESSOA,HOMICIDIO DOLOSO,ES,22.0,1 MASCULINO,NEGRA,VILA VELHA,BARRAMARES,VIA PUBLICA,homicidios,violencia_social,2025,10,OUT,2025-10-01,1,TER,False,7,MANHA,18_24
2025-11-07,22:52,CRIMES CONTRA A PESSOA,HOMICIDIO DOLOSO,ES,35.0,1 MASCULINO,PARDA,SERRA,NOVO HORIZONTE,PRACA PARQUES AREA PUBLICA,homicidios,violencia_social,2025,11,NOV,2025-11-01,4,SEX,False,22,NOITE,35_44
2025-11-07,22:52,CRIMES CONTRA A PESSOA,HOMICIDIO DOLOSO,ES,18.0,1 MASCULINO,PARDA,SERRA,NOVO HORIZONTE,PRACA PARQUES AREA PUBLICA,homicidios,violencia_social,2025,11,NOV,2025-11-01,4,SEX,False,22,NOITE,18_24
2025-11-07,22:52,CRIMES CONTRA A PESSOA,HOMICIDIO DOLOSO,ES,35.0,1 MASCULINO,NEGRA,SERRA,NOVO HORIZONTE,PRACA PARQUES AREA PUBLICA,homicidios,violencia_social,2025,11,NOV,2025-11-01,4,SEX,False,22,NOITE,35_44
2025-11-07,19:55,CRIMES CONTRA A PESSOA,HOMICIDIO DOLOSO,ES,24.0,1 MASCULINO,PARDA,PONTO BELO,CENTRO,ESTABELECIMENTO COMERCIAL,homicidios,violencia_social,2025,11,NOV,2025-11-01,4,SEX,False,19,NOITE,18_24
2025-12-07,16:10,CRIMES CONTRA A PESSOA,HOMICIDIO DOLOSO,ES,24.0,1 MASCULINO,NEGRA,ITAPEMIRIM,LIMAO,CURSO D AGUA,homicidios,violencia_social,2025,12,DEZ,2025-12-01,6,DOM,True,16,TARDE,18_24
2025-12-07,12:09,CRIMES CONTRA A PESSOA,HOMICIDIO DOLOSO,ES,37.0,1 MASCULINO,PARDA,RIO BANANAL,BAIRRO_NAO_INFORMADO,TERRENO BALDIO CONSTRUCAO MATA,homicidios,violencia_social,2025,12,DEZ,2025-12-01,6,DOM,True,12,TARDE,35_44
2025-12-07,05:37,CRIMES CONTRA A PESSOA,HOMICIDIO DOLOSO,ES,26.0,1 MASCULINO,PARDA,SAO MATEUS,NOVO HORIZONTE,VIA PUBLICA,homicidios,violencia_social,2025,12,DEZ,2025-12-01,6,DOM,True,5,MADRUGADA,25_34
2025-12-07,03:18,CRIMES CONTRA A PESSOA,HOMICIDIO DOLOSO,ES,23.0,1 MASCULINO,PARDA,JAGUARE,SEAC,ESTABELECIMENTO COMERCIAL,homicidios,violencia_social,2025,12,DEZ,2025-12-01,6,DOM,True,3,MADRUGADA,18_24
2025-07-13,12:43,CRIMES CONTRA A PESSOA,HOMICIDIO DOLOSO,ES,54.0,1 MASCULINO,NEGRA,SERRA,SERRA DOURADA II,TERRENO BALDIO CONSTRUCAO MATA,homicidios,violencia_social,2025,7,JUL,2025-07-01,6,DOM,True,12,TARDE,45_54
2025-07-13,18:57,CRIMES CONTRA A PESSOA,HOMICIDIO DOLOSO,ES,29.0,1 MASCULINO,PARDA,PEDRO CANARIO,BOA VISTA,VIA PUBLICA,homicidios,violencia_social,2025,7,JUL,2025-07-01,6,DOM,True,18,NOITE,25_34
2025-07-13,05:04,CRIMES CONTRA A PESSOA,HOMICIDIO DOLOSO,ES,47.0,1 MASCULINO,NEGRA,VILA VELHA,BARRAMARES,ESTABELECIMENTO COMERCIAL,homicidios,violencia_social,2025,7,JUL,2025-07-01,6,DOM,True,5,MADRUGADA,45_54
2025-07-13,03:15,CRIMES CONTRA A PESSOA,HOMICIDIO DOLOSO,ES,23.0,1 MASCULINO,PARDA,VILA VELHA,JOAO GOULART,VIA PUBLICA,homicidios,violencia_social,2025,7,JUL,2025-07-01,6,DOM,True,3,MADRUGADA,18_24
2025-07-13,00:24,CRIMES CONTRA A PESSOA,HOMICIDIO DOLOSO,ES,19.0,1 MASCULINO,PARDA,SAO MATEUS,VILA NOVA,VIA PUBLICA,homicidios,violencia_social,2025,7,JUL,2025-07-01,6,DOM,True,0,MADRUGADA,18_24
2025-07-14,20:19,CRIMES CONTRA A PESSOA,HOMICIDIO DOLOSO,ES,25.0,1 MASCULINO,PARDA,VILA VELHA,ULISSES GUIMARAES,VIA PUBLICA,homicidios,violencia_social,2025,7,JUL,2025-07-01,0,SEG,False,20,NOITE,25_34
2025-07-14,20:47,CRIMES CONTRA A PESSOA,HOMICIDIO DOLOSO,ES,32.0,1 MASCULINO,PARDA,VITORIA,JESUS DE NAZARETH,DOMICILIO,homicidios,violencia_social,2025,7,JUL,2025-07-01,0,SEG,False,20,NOITE,25_34
2025-07-15,21:44,CRIMES CONTRA A PESSOA,HOMICIDIO DOLOSO,ES,64.0,2 FEMININO,PARDA,PEDRO CANARIO,EXPLANADA,ESTABELECIMENTO COMERCIAL,homicidios,violencia_social,2025,7,JUL,2025-07-01,1,TER,False,21,NOITE,55_64
2025-07-16,14:56,CRIMES CONTRA A PESSOA,HOMICIDIO DOLOSO,ES,26.0,1 MASCULINO,PARDA,SERRA,PARQUE JACARAIPE,,homicidios,violencia_social,2025,7,JUL,2025-07-01,2,QUA,False,14,TARDE,25_34
2025-07-16,21:18,CRIMES CONTRA A PESSOA,HOMICIDIO DOLOSO,ES,22.0,1 MASCULINO,PARDA,VITORIA,ILHA DO PRINCIPE,ESTABELECIMENTO COMERCIAL,homicidios,violencia_social,2025,7,JUL,2025-07-01,2,QUA,False,21,NOITE,18_24
2025-07-16,19:38,CRIMES CONTRA A PESSOA,HOMICIDIO DOLOSO,ES,26.0,1 MASCULINO,PARDA,SERRA,BAIRRO DAS LARANJEIRAS,VIA PUBLICA,homicidios,violencia_social,2025,7,JUL,2025-07-01,2,QUA,False,19,NOITE,25_34
2025-07-17,09:11,CRIMES CONTRA A PESSOA,HOMICIDIO DOLOSO,ES,21.0,1 MASCULINO,PARDA,NOVA VENECIA,VILA BETANIA,VIA PUBLICA,homicidios,violencia_social,2025,7,JUL,2025-07-01,3,QUI,False,9,MANHA,18_24
2025-07-17,04:04,CRIMES CONTRA A PESSOA,FEMINICIDIO,ES,88.0,2 FEMININO,BRANCA,AGUIA BRANCA,CENTRO,DOMICILIO,homicidios,violencia_social,2025,7,JUL,2025-07-01,3,QUI,False,4,MADRUGADA,65_PLUS
2025-07-18,20:09,CRIMES CONTRA A PESSOA,HOMICIDIO DOLOSO,ES,14.0,1 MASCULINO,PARDA,SERRA,NOVA CARAPINA I,VIA PUBLICA,homicidios,violencia_social,2025,7,JUL,2025-07-01,4,SEX,False,20,NOITE,0_14
2025-07-18,19:19,CRIMES CONTRA A PESSOA,HOMICIDIO DOLOSO,ES,20.0,1 MASCULINO,PARDA,SERRA,CASTELANDIA,PONTE VIADUTO,homicidios,violencia_social,2025,7,JUL,2025-07-01,4,SEX,False,19,NOITE,18_24
2025-07-18,15:37,CRIMES CONTRA A PESSOA,HOMICIDIO DOLOSO,ES,43.0,1 MASCULINO,PARDA,VILA VELHA,RIO MARINHO,TERRENO BALDIO CONSTRUCAO MATA,homicidios,violencia_social,2025,7,JUL,2025-07-01,4,SEX,False,15,TARDE,35_44
2025-07-18,11:41,CRIMES CONTRA A PESSOA,FEMINICIDIO,ES,58.0,2 FEMININO,NEGRA,BOA ESPERANCA,BAIRRO_NAO_INFORMADO,VIA PUBLICA,homicidios,violencia_social,2025,7,JUL,2025-07-01,4,SEX,False,11,MANHA,55_64
2025-07-20,22:27,CRIMES CONTRA A PESSOA,HOMICIDIO DOLOSO,ES,39.0,1 MASCULINO,PARDA,VILA VELHA,SANTA PAULA I,VIA PUBLICA,homicidios,violencia_social,2025,7,JUL,2025-07-01,6,DOM,True,22,NOITE,35_44
2025-07-20,20:00,CRIMES CONTRA A PESSOA,HOMICIDIO DOLOSO,ES,22.0,1 MASCULINO,NEGRA,VITORIA,RESISTENCIA,VIA PUBLICA,homicidios,violencia_social,2025,7,JUL,2025-07-01,6,DOM,True,20,NOITE,18_24
2025-07-20,01:51,CRIMES CONTRA A PESSOA,HOMICIDIO DOLOSO,ES,32.0,1 MASCULINO,NEGRA,LINHARES,PONTAL DO IPIRANGA,VIA PUBLICA,homicidios,violencia_social,2025,7,JUL,2025-07-01,6,DOM,True,1,MADRUGADA,25_34
2025-07-22,07:53,CRIMES CONTRA A PESSOA,HOMICIDIO DOLOSO,ES,53.0,1 MASCULINO,PARDA,VIANA,CENTRO,UNIDADE PRISIONAL,homicidios,violencia_social,2025,7,JUL,2025-07-01,1,TER,False,7,MANHA,45_54
2025-07-22,03:07,CRIMES CONTRA A PESSOA,HOMICIDIO DOLOSO,ES,32.0,1 MASCULINO,NEGRA,GUARAPARI,SANTA MONICA,VIA PUBLICA,homicidios,violencia_social,2025,7,JUL,2025-07-01,1,TER,False,3,MADRUGADA,25_34
2025-07-23,15:29,CRIMES CONTRA A PESSOA,HOMICIDIO DOLOSO,ES,15.0,1 MASCULINO,NEGRA,SERRA,BAIRRO DAS LARANJEIRAS,VIA PUBLICA,homicidios,violencia_social,2025,7,JUL,2025-07-01,2,QUA,False,15,TARDE,15_17
2025-07-23,15:29,CRIMES CONTRA A PESSOA,HOMICIDIO DOLOSO,ES,14.0,1 MASCULINO,PARDA,SERRA,BAIRRO DAS LARANJEIRAS,VIA PUBLICA,homicidios,violencia_social,2025,7,JUL,2025-07-01,2,QUA,False,15,TARDE,0_14
2025-07-23,11:19,CRIMES CONTRA A PESSOA,HOMICIDIO DOLOSO,ES,19.0,1 MASCULINO,PARDA,GUARAPARI,SANTA ROSA,TERRENO BALDIO CONSTRUCAO MATA,homicidios,violencia_social,2025,7,JUL,2025-07-01,2,QUA,False,11,MANHA,18_24
2025-07-24,20:22,CRIMES CONTRA A PESSOA,HOMICIDIO DOLOSO,ES,15.0,1 MASCULINO,PARDA,ARACRUZ,BARRA DO RIACHO,DOMICILIO,homicidios,violencia_social,2025,7,JUL,2025-07-01,3,QUI,False,20,NOITE,15_17
2025-07-25,08:55,CRIMES CONTRA A PESSOA,HOMICIDIO DOLOSO,ES,18.0,1 MASCULINO,PARDA,PANCAS,MONTES CLAROS,LAGO LAGOA REPRESA,homicidios,violencia_social,2025,7,JUL,2025-07-01,4,SEX,False,8,MANHA,18_24
2025-07-25,08:44,CRIMES CONTRA A PESSOA,HOMICIDIO DOLOSO,ES,36.0,1 MASCULINO,NEGRA,GOVERNADOR LINDENBERG,NOVO BRASIL,VIA PUBLICA,homicidios,violencia_social,2025,7,JUL,2025-07-01,4,SEX,False,8,MANHA,35_44
2025-07-25,08:43,CRIMES CONTRA A PESSOA,HOMICIDIO DOLOSO,ES,16.0,1 MASCULINO,BRANCA,COLATINA,VILA LENIRA,VIA PUBLICA,homicidios,violencia_social,2025,7,JUL,2025-07-01,4,SEX,False,8,MANHA,15_17
2025-07-26,22:40,CRIMES CONTRA A PESSOA,HOMICIDIO DOLOSO,ES,21.0,1 MASCULINO,BRANCA,VILA VELHA,BALNEARIO PONTA DA FRUTA,OUTROS LOCAIS,homicidios,violencia_social,2025,7,JUL,2025-07-01,5,SAB,True,22,NOITE,18_24
2025-07-26,10:48,CRIMES CONTRA A PESSOA,HOMICIDIO DOLOSO,ES,36.0,1 MASCULINO,PARDA,LINHARES,PONTAL DO IPIRANGA,VIA PUBLICA,homicidios,violencia_social,2025,7,JUL,2025-07-01,5,SAB,True,10,MANHA,35_44
2025-07-26,07:41,CRIMES CONTRA A PESSOA,HOMICIDIO DOLOSO,ES,22.0,1 MASCULINO,NEGRA,VILA VALERIO,CORREGO LAMBARI,TERRENO BALDIO CONSTRUCAO MATA,homicidios,violencia_social,2025,7,JUL,2025-07-01,5,SAB,True,7,MANHA,18_24
2025-07-27,14:47,CRIMES CONTRA A PESSOA,HOMICIDIO DOLOSO,ES,42.0,1 MASCULINO,PARDA,BREJETUBA,BAIRRO_NAO_INFORMADO,VIA PUBLICA,homicidios,violencia_social,2025,7,JUL,2025-07-01,6,DOM,True,14,TARDE,35_44
2025-07-27,00:14,CRIMES CONTRA A PESSOA,HOMICIDIO DOLOSO,ES,30.0,1 MASCULINO,PARDA,SAO MATEUS,BARRA NOVA,VIA PUBLICA,homicidios,violencia_social,2025,7,JUL,2025-07-01,6,DOM,True,0,MADRUGADA,25_34
2025-07-27,00:08,CRIMES CONTRA A PESSOA,HOMICIDIO DOLOSO,ES,23.0,1 MASCULINO,PARDA,ALEGRE,MORRO DO QUEROSENE,VIA PUBLICA,homicidios,violencia_social,2025,7,JUL,2025-07-01,6,DOM,True,0,MADRUGADA,18_24
2025-07-28,09:46,CRIMES CONTRA A PESSOA,HOMICIDIO DOLOSO,ES,23.0,1 MASCULINO,PARDA,JOAO NEIVA,SANTO AFONSO,VIA PUBLICA,homicidios,violencia_social,2025,7,JUL,2025-07-01,0,SEG,False,9,MANHA,18_24
2025-07-28,01:45,CRIMES CONTRA A PESSOA,HOMICIDIO DOLOSO,ES,33.0,1 MASCULINO,PARDA,GUARAPARI,JABARAI,VIA PUBLICA,homicidios,violencia_social,2025,7,JUL,2025-07-01,0,SEG,False,1,MADRUGADA,25_34
2025-07-30,15:28,CRIMES CONTRA A PESSOA,HOMICIDIO DOLOSO,ES,50.0,1 MASCULINO,BRANCA,GUARAPARI,SANTA MONICA,VIA PUBLICA,homicidios,violencia_social,2025,7,JUL,2025-07-01,2,QUA,False,15,TARDE,45_54
2025-07-30,10:36,CRIMES CONTRA A PESSOA,HOMICIDIO DOLOSO,ES,45.0,1 MASCULINO,NEGRA,SERRA,PLANALTO SERRANO,VIA PUBLICA,homicidios,violencia_social,2025,7,JUL,2025-07-01,2,QUA,False,10,MANHA,45_54
2025-07-30,08:11,CRIMES CONTRA A PESSOA,HOMICIDIO DOLOSO,ES,34.0,1 MASCULINO,BRANCA,SERRA,CENTRO DA SERRA,TERRENO BALDIO CONSTRUCAO MATA,homicidios,violencia_social,2025,7,JUL,2025-07-01,2,QUA,False,8,MANHA,25_34
2025-07-30,04:40,CRIMES CONTRA A PESSOA,HOMICIDIO DOLOSO,ES,38.0,1 MASCULINO,NEGRA,VILA VELHA,JABAETE,DOMICILIO,homicidios,violencia_social,2025,7,JUL,2025-07-01,2,QUA,False,4,MADRUGADA,35_44
2025-07-30,03:36,CRIMES CONTRA A PESSOA,HOMICIDIO DOLOSO,ES,43.0,1 MASCULINO,PARDA,SERRA,JARDIM LIMOEIRO,VIA PUBLICA,homicidios,violencia_social,2025,7,JUL,2025-07-01,2,QUA,False,3,MADRUGADA,35_44
2025-07-31,21:37,CRIMES CONTRA A PESSOA,HOMICIDIO DOLOSO,ES,26.0,1 MASCULINO,PARDA,SERRA,BALNEARIO DE CARAPEBUS,VIA PUBLICA,homicidios,violencia_social,2025,7,JUL,2025-07-01,3,QUI,False,21,NOITE,25_34
2025-07-31,00:02,CRIMES CONTRA A PESSOA,HOMICIDIO DOLOSO,ES,21.0,1 MASCULINO,PARDA,PIUMA,CEU AZUL,DOMICILIO,homicidios,violencia_social,2025,7,JUL,2025-07-01,3,QUI,False,0,MADRUGADA,18_24
2025-01-08,19:06,CRIMES CONTRA A PESSOA,HOMICIDIO DOLOSO,ES,20.0,1 MASCULINO,BRANCA,SERRA,PLANALTO SERRANO,VIA PUBLICA,homicidios,violencia_social,2025,1,JAN,2025-01-01,2,QUA,False,19,NOITE,18_24
2025-02-08,22:33,CRIMES CONTRA A PESSOA,HOMICIDIO DOLOSO,ES,39.0,1 MASCULINO,PARDA,SAO MATEUS,RESEDENCIAL PARQUE WASHIGTON,ESTABELECIMENTO DE SAUDE,homicidios,violencia_social,2025,2,FEV,2025-02-01,5,SAB,True,22,NOITE,35_44
2025-02-08,18:06,CRIMES CONTRA A PESSOA,HOMICIDIO DOLOSO,ES,38.0,1 MASCULINO,NEGRA,VITORIA,SAO JOSE,VIA PUBLICA,homicidios,violencia_social,2025,2,FEV,2025-02-01,5,SAB,True,18,NOITE,35_44
2025-02-08,15:32,CRIMES CONTRA A PESSOA,HOMICIDIO DOLOSO,ES,61.0,1 MASCULINO,PARDA,SERRA,JARDIM CARAPINA,VIA PUBLICA,homicidios,violencia_social,2025,2,FEV,2025-02-01,5,SAB,True,15,TARDE,55_64
2025-02-08,15:32,CRIMES CONTRA A PESSOA,HOMICIDIO DOLOSO,ES,28.0,1 MASCULINO,PARDA,SERRA,JARDIM CARAPINA,VIA PUBLICA,homicidios,violencia_social,2025,2,FEV,2025-02-01,5,SAB,True,15,TARDE,25_34
2025-02-08,04:48,CRIMES CONTRA A PESSOA,HOMICIDIO DOLOSO,ES,27.0,1 MASCULINO,PARDA,PRESIDENTE KENNEDY,JAQUEIRA,DOMICILIO,homicidios,violencia_social,2025,2,FEV,2025-02-01,5,SAB,True,4,MADRUGADA,25_34
2025-03-08,19:56,CRIMES CONTRA A PESSOA,HOMICIDIO DOLOSO,ES,56.0,1 MASCULINO,BRANCA,BREJETUBA,SAO JORGE,ESTABELECIMENTO COMERCIAL,homicidios,violencia_social,2025,3,MAR,2025-03-01,5,SAB,True,19,NOITE,55_64
2025-03-08,15:49,CRIMES CONTRA A PESSOA,HOMICIDIO DOLOSO,ES,27.0,1 MASCULINO,PARDA,JAGUARE,BOA VISTA,LAGO LAGOA REPRESA,homicidios,violencia_social,2025,3,MAR,2025-03-01,5,SAB,True,15,TARDE,25_34
2025-03-08,06:23,CRIMES CONTRA A PESSOA,HOMICIDIO DOLOSO,ES,20.0,1 MASCULINO,PARDA,SERRA,CIDADE POMAR,VIA PUBLICA,homicidios,violencia_social,2025,3,MAR,2025-03-01,5,SAB,True,6,MANHA,18_24
2025-03-08,00:31,CRIMES CONTRA A PESSOA,HOMICIDIO DOLOSO,ES,45.0,1 MASCULINO,PARDA,SANTA LEOPOLDINA,CENTRO,ESTABELECIMENTO COMERCIAL,homicidios,violencia_social,2025,3,MAR,2025-03-01,5,SAB,True,0,MADRUGADA,45_54
2025-03-08,00:30,CRIMES CONTRA A PESSOA,HOMICIDIO DOLOSO,ES,34.0,1 MASCULINO,PARDA,SAO GABRIEL DA PALHA,BOA VISTA,VIA PUBLICA,homicidios,violencia_social,2025,3,MAR,2025-03-01,5,SAB,True,0,MADRUGADA,25_34
2025-04-08,10:39,CRIMES CONTRA A PESSOA,HOMICIDIO DOLOSO,ES,37.0,1 MASCULINO,NEGRA,VILA VELHA,GLORIA,VIA PUBLICA,homicidios,violencia_social,2025,4,ABR,2025-04-01,1,TER,False,10,MANHA,35_44
2025-04-08,04:16,CRIMES CONTRA A PESSOA,HOMICIDIO DOLOSO,ES,24.0,1 MASCULINO,NEGRA,LINHARES,AVISO,VIA PUBLICA,homicidios,violencia_social,2025,4,ABR,2025-04-01,1,TER,False,4,MADRUGADA,18_24
2025-05-08,21:45,CRIMES CONTRA A PESSOA,HOMICIDIO DOLOSO,ES,33.0,1 MASCULINO,PARDA,LINHARES,SANTA CRUZ,VIA PUBLICA,homicidios,violencia_social,2025,5,MAI,2025-05-01,3,QUI,False,21,NOITE,25_34
2025-05-08,21:25,CRIMES CONTRA A PESSOA,HOMICIDIO DOLOSO,ES,18.0,1 MASCULINO,PARDA,VILA VELHA,ALECRIM,VIA PUBLICA,homicidios,violencia_social,2025,5,MAI,2025-05-01,3,QUI,False,21,NOITE,18_24
2025-06-08,20:50,CRIMES CONTRA A PESSOA,HOMICIDIO DOLOSO,ES,47.0,1 MASCULINO,NEGRA,CARIACICA,ITANGUA,VIA PUBLICA,homicidios,violencia_social,2025,6,JUN,2025-06-01,6,DOM,True,20,NOITE,45_54
2025-06-08,12:12,CRIMES CONTRA A PESSOA,FEMINICIDIO,ES,64.0,2 FEMININO,BRANCA,SAO JOSE DO CALCADO,BAIRRO_NAO_INFORMADO,DOMICILIO,homicidios,violencia_social,2025,6,JUN,2025-06-01,6,DOM,True,12,TARDE,55_64
2025-07-08,04:09,CRIMES CONTRA A PESSOA,HOMICIDIO DOLOSO,ES,54.0,1 MASCULINO,PARDA,MONTANHA,TRINTA DE MAIO,DOMICILIO,homicidios,violencia_social,2025,7,JUL,2025-07-01,1,TER,False,4,MADRUGADA,45_54
2025-08-08,11:30,CRIMES CONTRA A PESSOA,HOMICIDIO DOLOSO,ES,18.0,1 MASCULINO,PARDA,SERRA,BAIRRO DAS LARANJEIRAS,ESTABELECIMENTO DE SAUDE,homicidios,violencia_social,2025,8,AGO,2025-08-01,4,SEX,False,11,MANHA,18_24
2025-08-08,11:06,CRIMES CONTRA A PESSOA,HOMICIDIO DOLOSO,ES,19.0,1 MASCULINO,PARDA,BAIXO GUANDU,SAO VICENTE,VIA PUBLICA,homicidios,violencia_social,2025,8,AGO,2025-08-01,4,SEX,False,11,MANHA,18_24
2025-08-08,04:59,CRIMES CONTRA A PESSOA,HOMICIDIO DOLOSO,ES,37.0,1 MASCULINO,PARDA,GOVERNADOR LINDENBERG,NOVO BRASIL,VIA PUBLICA,homicidios,violencia_social,2025,8,AGO,2025-08-01,4,SEX,False,4,MADRUGADA,35_44
2025-08-08,02:28,CRIMES CONTRA A PESSOA,HOMICIDIO DOLOSO,ES,33.0,1 MASCULINO,NEGRA,VIANA,MORADA DE VILA BETHANIA,ESTABELECIMENTO COMERCIAL,homicidios,violencia_social,2025,8,AGO,2025-08-01,4,SEX,False,2,MADRUGADA,25_34
2025-09-08,18:25,CRIMES CONTRA A PESSOA,HOMICIDIO DOLOSO,ES,20.0,1 MASCULINO,NEGRA,VITORIA,GOIABEIRAS,PRACA PARQUES AREA PUBLICA,homicidios,violencia_social,2025,9,SET,2025-09-01,0,SEG,False,18,NOITE,18_24
2025-09-08,12:36,CRIMES CONTRA A PESSOA,HOMICIDIO DOLOSO,ES,15.0,2 FEMININO,PARDA,VILA VELHA,PRIMEIRO DE MAIO,VIA PUBLICA,homicidios,violencia_social,2025,9,SET,2025-09-01,0,SEG,False,12,TARDE,15_17
2025-09-08,15:07,CRIMES CONTRA A PESSOA,HOMICIDIO DOLOSO,ES,31.0,2 FEMININO,NEGRA,VILA VELHA,PRIMEIRO DE MAIO,VIA PUBLICA,homicidios,violencia_social,2025,9,SET,2025-09-01,0,SEG,False,15,TARDE,25_34
2025-09-08,10:06,CRIMES CONTRA A PESSOA,HOMICIDIO DOLOSO,ES,43.0,1 MASCULINO,PARDA,FUNDAO,BAIRRO_NAO_INFORMADO,VIA PUBLICA,homicidios,violencia_social,2025,9,SET,2025-09-01,0,SEG,False,10,MANHA,35_44
2025-09-08,07:08,CRIMES CONTRA A PESSOA,HOMICIDIO DOLOSO,ES,45.0,1 MASCULINO,PARDA,VIANA,CAMPO VERDE,DOMICILIO,homicidios,violencia_social,2025,9,SET,2025-09-01,0,SEG,False,7,MANHA,45_54
2025-10-08,20:39,CRIMES CONTRA A PESSOA,HOMICIDIO DOLOSO,ES,40.0,1 MASCULINO,PARDA,VILA VELHA,DIVINO ESPIRITO SANTO,TERRENO BALDIO CONSTRUCAO MATA,homicidios,violencia_social,2025,10,OUT,2025-10-01,2,QUA,False,20,NOITE,35_44
2025-10-08,17:28,CRIMES CONTRA A PESSOA,HOMICIDIO DOLOSO,ES,44.0,1 MASCULINO,NEGRA,SERRA,JARDIM CARAPINA,VIA PUBLICA,homicidios,violencia_social,2025,10,OUT,2025-10-01,2,QUA,False,17,TARDE,35_44
2025-10-08,02:34,CRIMES CONTRA A PESSOA,HOMICIDIO DOLOSO,ES,31.0,1 MASCULINO,PARDA,AGUIA BRANCA,CORREGO BOA VISTA DO ROCHEDO,DOMICILIO,homicidios,violencia_social,2025,10,OUT,2025-10-01,2,QUA,False,2,MADRUGADA,25_34
2025-11-08,08:40,CRIMES CONTRA A PESSOA,FEMINICIDIO,ES,27.0,2 FEMININO,BRANCA,SERRA,VISTA DA SERRA I,DOMICILIO,homicidios,violencia_social,2025,11,NOV,2025-11-01,5,SAB,True,8,MANHA,25_34
2025-11-08,20:20,CRIMES CONTRA A PESSOA,HOMICIDIO DOLOSO,ES,62.0,1 MASCULINO,NEGRA,CARIACICA,SANTO ANDRE,DOMICILIO,homicidios,violencia_social,2025,11,NOV,2025-11-01,5,SAB,True,20,NOITE,55_64
2025-12-08,15:55,CRIMES CONTRA A PESSOA,HOMICIDIO DOLOSO,ES,26.0,1 MASCULINO,NEGRA,ARACRUZ,VILA DO RIACHO,VIA PUBLICA,homicidios,violencia_social,2025,12,DEZ,2025-12-01,0,SEG,False,15,TARDE,25_34
2025-08-15,09:53,CRIMES CONTRA A PESSOA,HOMICIDIO DOLOSO,ES,22.0,1 MASCULINO,PARDA,AFONSO CLAUDIO,SAO VICENTE,DOMICILIO,homicidios,violencia_social,2025,8,AGO,2025-08-01,4,SEX,False,9,MANHA,18_24
2025-08-16,18:55,CRIMES CONTRA A PESSOA,HOMICIDIO DOLOSO,ES,60.0,1 MASCULINO,PARDA,MUQUI,ALTO BOA ESPERANCA,VIA PUBLICA,homicidios,violencia_social,2025,8,AGO,2025-08-01,5,SAB,True,18,NOITE,55_64
2025-08-16,18:11,CRIMES CONTRA A PESSOA,HOMICIDIO DOLOSO,ES,49.0,1 MASCULINO,PARDA,SANTA LEOPOLDINA,VILA NOVA,DOMICILIO,homicidios,violencia_social,2025,8,AGO,2025-08-01,5,SAB,True,18,NOITE,45_54
2025-08-17,00:24,CRIMES CONTRA A PESSOA,HOMICIDIO DOLOSO,ES,16.0,1 MASCULINO,PARDA,CARIACICA,ITAQUARI,VIA PUBLICA,homicidios,violencia_social,2025,8,AGO,2025-08-01,6,DOM,True,0,MADRUGADA,15_17
2025-08-18,15:48,CRIMES CONTRA A PESSOA,HOMICIDIO DOLOSO,ES,43.0,1 MASCULINO,PARDA,SANTA TERESA,ALTO SANTO ANTONIO,VIA PUBLICA,homicidios,violencia_social,2025,8,AGO,2025-08-01,0,SEG,False,15,TARDE,35_44
2025-08-20,19:43,CRIMES CONTRA A PESSOA,HOMICIDIO DOLOSO,ES,44.0,1 MASCULINO,NEGRA,CARIACICA,CRUZEIRO DO SUL,TERMINAL RODOVIARIO,homicidios,violencia_social,2025,8,AGO,2025-08-01,2,QUA,False,19,NOITE,35_44
2025-08-20,08:46,CRIMES CONTRA A PESSOA,FEMINICIDIO,ES,24.0,2 FEMININO,PARDA,PEDRO CANARIO,CAMATA,DOMICILIO,homicidios,violencia_social,2025,8,AGO,2025-08-01,2,QUA,False,8,MANHA,18_24
2025-08-21,07:55,CRIMES CONTRA A PESSOA,HOMICIDIO DOLOSO,ES,53.0,1 MASCULINO,NEGRA,AFONSO CLAUDIO,SAO DOMINGOS DE BICABA,VIA PUBLICA,homicidios,violencia_social,2025,8,AGO,2025-08-01,3,QUI,False,7,MANHA,45_54
2025-08-22,22:41,CRIMES CONTRA A PESSOA,HOMICIDIO DOLOSO,ES,28.0,1 MASCULINO,PARDA,SERRA,BALNEARIO DE CARAPEBUS,VIA PUBLICA,homicidios,violencia_social,2025,8,AGO,2025-08-01,4,SEX,False,22,NOITE,25_34
2025-08-22,22:22,CRIMES CONTRA A PESSOA,HOMICIDIO DOLOSO,ES,30.0,1 MASCULINO,PARDA,SAO MATEUS,VITORIA,VIA PUBLICA,homicidios,violencia_social,2025,8,AGO,2025-08-01,4,SEX,False,22,NOITE,25_34
2025-08-22,20:14,CRIMES CONTRA A PESSOA,HOMICIDIO DOLOSO,ES,27.0,1 MASCULINO,BRANCA,SERRA,RESIDENCIAL JACARAIPE,VIA PUBLICA,homicidios,violencia_social,2025,8,AGO,2025-08-01,4,SEX,False,20,NOITE,25_34
2025-08-22,18:34,CRIMES CONTRA A PESSOA,HOMICIDIO DOLOSO,ES,20.0,1 MASCULINO,BRANCA,VILA VALERIO,BOA VISTA,DOMICILIO,homicidios,violencia_social,2025,8,AGO,2025-08-01,4,SEX,False,18,NOITE,18_24
2025-08-22,14:22,CRIMES CONTRA A PESSOA,HOMICIDIO DOLOSO,ES,17.0,1 MASCULINO,PARDA,SERRA,LAGOA DE CARAPEBUS,VIA PUBLICA,homicidios,violencia_social,2025,8,AGO,2025-08-01,4,SEX,False,14,TARDE,15_17
2025-08-23,16:09,CRIMES CONTRA A PESSOA,HOMICIDIO DOLOSO,ES,21.0,1 MASCULINO,PARDA,VILA VELHA,COBILANDIA,VIA PUBLICA,homicidios,violencia_social,2025,8,AGO,2025-08-01,5,SAB,True,16,TARDE,18_24
2025-08-23,14:39,CRIMES CONTRA A PESSOA,HOMICIDIO DOLOSO,ES,38.0,1 MASCULINO,PARDA,NOVA VENECIA,RUBIA,VIA PUBLICA,homicidios,violencia_social,2025,8,AGO,2025-08-01,5,SAB,True,14,TARDE,35_44
2025-08-23,04:03,CRIMES CONTRA A PESSOA,HOMICIDIO DOLOSO,ES,27.0,1 MASCULINO,PARDA,CARIACICA,CASTELO BRANCO,VIA PUBLICA,homicidios,violencia_social,2025,8,AGO,2025-08-01,5,SAB,True,4,MADRUGADA,25_34
2025-08-24,18:34,CRIMES CONTRA A PESSOA,HOMICIDIO DOLOSO,ES,6.0,2 FEMININO,PARDA,SERRA,CIDADE CONTINENTAL,VIA PUBLICA,homicidios,violencia_social,2025,8,AGO,2025-08-01,6,DOM,True,18,NOITE,0_14
2025-08-24,03:49,CRIMES CONTRA A PESSOA,HOMICIDIO DOLOSO,ES,25.0,1 MASCULINO,PARDA,MUCURICI,ALTO BONITO,VIA PUBLICA,homicidios,violencia_social,2025,8,AGO,2025-08-01,6,DOM,True,3,MADRUGADA,25_34
2025-08-25,19:46,CRIMES CONTRA A PESSOA,HOMICIDIO DOLOSO,ES,42.0,2 FEMININO,PARDA,CARIACICA,NOVO BRASIL,DOMICILIO,homicidios,violencia_social,2025,8,AGO,2025-08-01,0,SEG,False,19,NOITE,35_44
2025-08-25,08:05,CRIMES CONTRA A PESSOA,HOMICIDIO DOLOSO,ES,26.0,1 MASCULINO,NEGRA,ECOPORANGA,SANTA TEREZINHA,ESTABELECIMENTO DE SAUDE,homicidios,violencia_social,2025,8,AGO,2025-08-01,0,SEG,False,8,MANHA,25_34
2025-08-26,22:38,CRIMES CONTRA A PESSOA,HOMICIDIO DOLOSO,ES,33.0,1 MASCULINO,BRANCA,VIANA,NOVA BETAHNIA,VIA PUBLICA,homicidios,violencia_social,2025,8,AGO,2025-08-01,1,TER,False,22,NOITE,25_34
2025-08-26,11:29,CRIMES CONTRA A PESSOA,HOMICIDIO DOLOSO,ES,21.0,1 MASCULINO,PARDA,SERRA,CENTRAL CARAPINA,VIA PUBLICA,homicidios,violencia_social,2025,8,AGO,2025-08-01,1,TER,False,11,MANHA,18_24
2025-08-26,10:52,CRIMES CONTRA A PESSOA,HOMICIDIO DOLOSO,ES,31.0,1 MASCULINO,BRANCA,VILA VELHA,SAO TORQUATO,VIA PUBLICA,homicidios,violencia_social,2025,8,AGO,2025-08-01,1,TER,False,10,MANHA,25_34
2025-08-27,16:15,CRIMES CONTRA A PESSOA,HOMICIDIO DOLOSO,ES,16.0,1 MASCULINO,PARDA,VITORIA,ILHA DO PRINCIPE,VIA PUBLICA,homicidios,violencia_social,2025,8,AGO,2025-08-01,2,QUA,False,16,TARDE,15_17
2025-08-27,06:14,CRIMES CONTRA A PESSOA,HOMICIDIO DOLOSO,ES,25.0,1 MASCULINO,PARDA,CARIACICA,PORTO ENGENHO,VIA PUBLICA,homicidios,violencia_social,2025,8,AGO,2025-08-01,2,QUA,False,6,MANHA,25_34
2025-08-28,17:23,CRIMES CONTRA A PESSOA,HOMICIDIO DOLOSO,ES,48.0,2 FEMININO,PARDA,ALTO RIO NOVO,CORREGO AGUA LIMPA,VIA PUBLICA,homicidios,violencia_social,2025,8,AGO,2025-08-01,3,QUI,False,17,TARDE,45_54
2025-08-28,17:23,CRIMES CONTRA A PESSOA,HOMICIDIO DOLOSO,ES,44.0,1 MASCULINO,PARDA,ALTO RIO NOVO,CORREGO AGUA LIMPA,VIA PUBLICA,homicidios,violencia_social,2025,8,AGO,2025-08-01,3,QUI,False,17,TARDE,35_44
2025-08-28,10:22,CRIMES CONTRA A PESSOA,HOMICIDIO DOLOSO,ES,,1 MASCULINO,PARDA,SERRA,VILA NOVA DE COLARES,TERRENO BALDIO CONSTRUCAO MATA,homicidios,violencia_social,2025,8,AGO,2025-08-01,3,QUI,False,10,MANHA,
2025-08-29,19:20,CRIMES CONTRA A PESSOA,HOMICIDIO DOLOSO,ES,33.0,1 MASCULINO,PARDA,VILA VELHA,JABURUNA,VIA PUBLICA,homicidios,violencia_social,2025,8,AGO,2025-08-01,4,SEX,False,19,NOITE,25_34
2025-08-29,00:15,CRIMES CONTRA A PESSOA,HOMICIDIO DOLOSO,ES,53.0,1 MASCULINO,PARDA,NOVA VENECIA,CENTRO,VIA PUBLICA,homicidios,violencia_social,2025,8,AGO,2025-08-01,4,SEX,False,0,MADRUGADA,45_54
2025-08-30,23:26,CRIMES CONTRA A PESSOA,HOMICIDIO DOLOSO,ES,38.0,1 MASCULINO,NEGRA,MONTANHA,FUNDAO,DOMICILIO,homicidios,violencia_social,2025,8,AGO,2025-08-01,5,SAB,True,23,NOITE,35_44
2025-08-31,20:50,CRIMES CONTRA A PESSOA,HOMICIDIO DOLOSO,ES,57.0,1 MASCULINO,PARDA,LINHARES,AVISO,VIA PUBLICA,homicidios,violencia_social,2025,8,AGO,2025-08-01,6,DOM,True,20,NOITE,55_64
2025-08-31,10:59,CRIMES CONTRA A PESSOA,FEMINICIDIO,ES,20.0,2 FEMININO,BRANCA,COLATINA,QUINZE DE OUTUBRO,VIA PUBLICA,homicidios,violencia_social,2025,8,AGO,2025-08-01,6,DOM,True,10,MANHA,18_24
2025-01-09,00:36,CRIMES CONTRA A PESSOA,HOMICIDIO DOLOSO,ES,37.0,1 MASCULINO,PARDA,SERRA,NOVA CARAPINA I,DOMICILIO,homicidios,violencia_social,2025,1,JAN,2025-01-01,3,QUI,False,0,MADRUGADA,35_44
2025-04-09,20:40,CRIMES CONTRA A PESSOA,HOMICIDIO DOLOSO,ES,41.0,1 MASCULINO,NEGRA,CARIACICA,NOVA ROSA DA PENHA,DOMICILIO,homicidios,violencia_social,2025,4,ABR,2025-04-01,2,QUA,False,20,NOITE,35_44
2025-06-09,22:16,CRIMES CONTRA A PESSOA,HOMICIDIO DOLOSO,ES,46.0,1 MASCULINO,PARDA,LINHARES,BAIRRO_NAO_INFORMADO,VIA PUBLICA,homicidios,violencia_social,2025,6,JUN,2025-06-01,0,SEG,False,22,NOITE,45_54
2025-06-09,07:28,CRIMES CONTRA A PESSOA,HOMICIDIO DOLOSO,ES,50.0,1 MASCULINO,AMARELA,PIUMA,CEU AZUL,VIA PUBLICA,homicidios,violencia_social,2025,6,JUN,2025-06-01,0,SEG,False,7,MANHA,45_54
2025-06-09,02:29,CRIMES CONTRA A PESSOA,HOMICIDIO DOLOSO,ES,38.0,1 MASCULINO,PARDA,SERRA,VILA NOVA DE COLARES,DOMICILIO,homicidios,violencia_social,2025,6,JUN,2025-06-01,0,SEG,False,2,MADRUGADA,35_44
2025-07-09,20:39,CRIMES CONTRA A PESSOA,FEMINICIDIO,ES,43.0,2 FEMININO,PARDA,CARIACICA,BUBU,DOMICILIO,homicidios,violencia_social,2025,7,JUL,2025-07-01,2,QUA,False,20,NOITE,35_44
2025-07-09,20:28,CRIMES CONTRA A PESSOA,HOMICIDIO DOLOSO,ES,41.0,1 MASCULINO,BRANCA,BARRA DE SAO FRANCISCO,CAMPO NOVO,VIA PUBLICA,homicidios,violencia_social,2025,7,JUL,2025-07-01,2,QUA,False,20,NOITE,35_44
2025-07-09,04:08,CRIMES CONTRA A PESSOA,HOMICIDIO DOLOSO,ES,44.0,1 MASCULINO,BRANCA,SERRA,SERRA DOURADA II,VIA PUBLICA,homicidios,violencia_social,2025,7,JUL,2025-07-01,2,QUA,False,4,MADRUGADA,35_44
2025-07-09,01:44,CRIMES CONTRA A PESSOA,HOMICIDIO DOLOSO,ES,22.0,1 MASCULINO,BRANCA,SAO GABRIEL DA PALHA,CACHOEIRA DA ONCA,ESTABELECIMENTO COMERCIAL,homicidios,violencia_social,2025,7,JUL,2025-07-01,2,QUA,False,1,MADRUGADA,18_24
2025-07-09,00:34,CRIMES CONTRA A PESSOA,HOMICIDIO DOLOSO,ES,23.0,1 MASCULINO,PARDA,VITORIA,REDENCAO,VIA PUBLICA,homicidios,violencia_social,2025,7,JUL,2025-07-01,2,QUA,False,0,MADRUGADA,18_24
2025-08-09,21:26,CRIMES CONTRA A PESSOA,HOMICIDIO DOLOSO,ES,25.0,1 MASCULINO,PARDA,NOVA VENECIA,SANTO ANTONI DO QUINZE,VIA PUBLICA,homicidios,violencia_social,2025,8,AGO,2025-08-01,5,SAB,True,21,NOITE,25_34
2025-08-09,20:35,CRIMES CONTRA A PESSOA,HOMICIDIO DOLOSO,ES,48.0,1 MASCULINO,NEGRA,IUNA,BAIRRO_NAO_INFORMADO,DOMICILIO,homicidios,violencia_social,2025,8,AGO,2025-08-01,5,SAB,True,20,NOITE,45_54
2025-08-09,12:27,CRIMES CONTRA A PESSOA,HOMICIDIO DOLOSO,ES,20.0,1 MASCULINO,PARDA,CARIACICA,TUCUM,VIA PUBLICA,homicidios,violencia_social,2025,8,AGO,2025-08-01,5,SAB,True,12,TARDE,18_24
2025-08-09,12:27,CRIMES CONTRA A PESSOA,HOMICIDIO DOLOSO,ES,27.0,2 FEMININO,PARDA,CARIACICA,TUCUM,VIA PUBLICA,homicidios,violencia_social,2025,8,AGO,2025-08-01,5,SAB,True,12,TARDE,25_34
2025-08-09,09:18,CRIMES CONTRA A PESSOA,HOMICIDIO DOLOSO,ES,37.0,1 MASCULINO,PARDA,CARIACICA,CARIACICA SEDE,VIA PUBLICA,homicidios,violencia_social,2025,8,AGO,2025-08-01,5,SAB,True,9,MANHA,35_44
2025-08-09,08:25,CRIMES CONTRA A PESSOA,HOMICIDIO DOLOSO,ES,42.0,1 MASCULINO,PARDA,RIO BANANAL,BAIRRO_NAO_INFORMADO,VIA PUBLICA,homicidios,violencia_social,2025,8,AGO,2025-08-01,5,SAB,True,8,MANHA,35_44
2025-09-09,13:19,CRIMES CONTRA A PESSOA,HOMICIDIO DOLOSO,ES,32.0,1 MASCULINO,PARDA,SERRA,BAIRRO_NAO_INFORMADO,TERRENO BALDIO CONSTRUCAO MATA,homicidios,violencia_social,2025,9,SET,2025-09-01,1,TER,False,13,TARDE,25_34
2025-10-09,22:11,CRIMES CONTRA A PESSOA,HOMICIDIO DOLOSO,ES,25.0,1 MASCULINO,PARDA,GUARAPARI,BELA VISTA,VIA PUBLICA,homicidios,violencia_social,2025,10,OUT,2025-10-01,3,QUI,False,22,NOITE,25_34
2025-11-09,22:33,CRIMES CONTRA A PESSOA,HOMICIDIO DOLOSO,ES,30.0,1 MASCULINO,PARDA,SERRA,BALNEARIO DE CARAPEBUS,VIA PUBLICA,homicidios,violencia_social,2025,11,NOV,2025-11-01,6,DOM,True,22,NOITE,25_34
2025-11-09,16:38,CRIMES CONTRA A PESSOA,HOMICIDIO DOLOSO,ES,36.0,1 MASCULINO,NEGRA,VIANA,AREINHA,VIA PUBLICA,homicidios,violencia_social,2025,11,NOV,2025-11-01,6,DOM,True,16,TARDE,35_44
2025-12-09,10:16,CRIMES CONTRA A PESSOA,HOMICIDIO DOLOSO,ES,27.0,1 MASCULINO,PARDA,SAO MATEUS,SANTA MARIA,VIA PUBLICA,homicidios,violencia_social,2025,12,DEZ,2025-12-01,1,TER,False,10,MANHA,25_34
2025-12-09,08:00,CRIMES CONTRA A PESSOA,HOMICIDIO DOLOSO,ES,49.0,1 MASCULINO,PARDA,CONCEICAO DO CASTELO,FORMOSA,VIA PUBLICA,homicidios,violencia_social,2025,12,DEZ,2025-12-01,1,TER,False,8,MANHA,45_54
2025-09-13,16:49,CRIMES CONTRA A PESSOA,HOMICIDIO DOLOSO,ES,42.0,1 MASCULINO,PARDA,LINHARES,CENTRO,VIA PUBLICA,homicidios,violencia_social,2025,9,SET,2025-09-01,5,SAB,True,16,TARDE,35_44
2025-09-13,15:07,CRIMES CONTRA A PESSOA,HOMICIDIO DOLOSO,ES,26.0,1 MASCULINO,PARDA,SAO MATEUS,MORADA DO LAGO,VIA PUBLICA,homicidios,violencia_social,2025,9,SET,2025-09-01,5,SAB,True,15,TARDE,25_34
2025-09-13,13:50,CRIMES CONTRA A PESSOA,HOMICIDIO DOLOSO,ES,47.0,1 MASCULINO,PARDA,SAO MATEUS,MORADA DO LAGO,VIA PUBLICA,homicidios,violencia_social,2025,9,SET,2025-09-01,5,SAB,True,13,TARDE,45_54
2025-09-13,02:56,CRIMES CONTRA A PESSOA,HOMICIDIO DOLOSO,ES,54.0,1 MASCULINO,NEGRA,SAO DOMINGOS DO NORTE,NITEROI,VIA PUBLICA,homicidios,violencia_social,2025,9,SET,2025-09-01,5,SAB,True,2,MADRUGADA,45_54
2025-09-14,20:35,CRIMES CONTRA A PESSOA,FEMINICIDIO,ES,33.0,2 FEMININO,NEGRA,CONCEICAO DO CASTELO,BOA ESPERANCA,DOMICILIO,homicidios,violencia_social,2025,9,SET,2025-09-01,6,DOM,True,20,NOITE,25_34
2025-09-14,20:31,CRIMES CONTRA A PESSOA,HOMICIDIO DOLOSO,ES,44.0,1 MASCULINO,BRANCA,VILA VELHA,VALE ENCANTADO,VIA PUBLICA,homicidios,violencia_social,2025,9,SET,2025-09-01,6,DOM,True,20,NOITE,35_44
2025-09-14,18:31,CRIMES CONTRA A PESSOA,HOMICIDIO DOLOSO,ES,31.0,1 MASCULINO,PARDA,ARACRUZ,SEGATO,VIA PUBLICA,homicidios,violencia_social,2025,9,SET,2025-09-01,6,DOM,True,18,NOITE,25_34
2025-09-14,14:53,CRIMES CONTRA A PESSOA,HOMICIDIO DOLOSO,ES,29.0,1 MASCULINO,PARDA,ITAPEMIRIM,CENTRO,VIA PUBLICA,homicidios,violencia_social,2025,9,SET,2025-09-01,6,DOM,True,14,TARDE,25_34
2025-09-14,03:20,CRIMES CONTRA A PESSOA,HOMICIDIO DOLOSO,ES,38.0,1 MASCULINO,PARDA,SERRA,CIDADE POMAR,VIA PUBLICA,homicidios,violencia_social,2025,9,SET,2025-09-01,6,DOM,True,3,MADRUGADA,35_44
2025-09-14,03:20,CRIMES CONTRA A PESSOA,HOMICIDIO DOLOSO,ES,41.0,1 MASCULINO,NEGRA,SERRA,CIDADE POMAR,VIA PUBLICA,homicidios,violencia_social,2025,9,SET,2025-09-01,6,DOM,True,3,MADRUGADA,35_44
2025-09-16,19:15,CRIMES CONTRA A PESSOA,HOMICIDIO DOLOSO,ES,25.0,1 MASCULINO,PARDA,VILA VELHA,RIO MARINHO,VIA PUBLICA,homicidios,violencia_social,2025,9,SET,2025-09-01,1,TER,False,19,NOITE,25_34
2025-09-16,06:12,CRIMES CONTRA A PESSOA,HOMICIDIO DOLOSO,ES,38.0,1 MASCULINO,PARDA,VILA VELHA,PONTAL DAS GARCAS,VIA PUBLICA,homicidios,violencia_social,2025,9,SET,2025-09-01,1,TER,False,6,MANHA,35_44
2025-09-17,16:51,CRIMES CONTRA A PESSOA,HOMICIDIO DOLOSO,ES,29.0,1 MASCULINO,PARDA,ARACRUZ,CENTRO,PRACA PARQUES AREA PUBLICA,homicidios,violencia_social,2025,9,SET,2025-09-01,2,QUA,False,16,TARDE,25_34
2025-09-17,16:42,CRIMES CONTRA A PESSOA,HOMICIDIO DOLOSO,ES,28.0,1 MASCULINO,PARDA,CARIACICA,SANTO ANDRE,VIA PUBLICA,homicidios,violencia_social,2025,9,SET,2025-09-01,2,QUA,False,16,TARDE,25_34
2025-09-18,17:11,CRIMES CONTRA A PESSOA,HOMICIDIO DOLOSO,ES,23.0,1 MASCULINO,PARDA,COLATINA,HONORIO FRAGA,VIA PUBLICA,homicidios,violencia_social,2025,9,SET,2025-09-01,3,QUI,False,17,TARDE,18_24
2025-09-18,16:35,CRIMES CONTRA A PESSOA,HOMICIDIO DOLOSO,ES,40.0,1 MASCULINO,NEGRA,SERRA,RESIDENCIAL VISTA DO MESTRE,TERRENO BALDIO CONSTRUCAO MATA,homicidios,violencia_social,2025,9,SET,2025-09-01,3,QUI,False,16,TARDE,35_44
2025-09-18,13:05,CRIMES CONTRA A PESSOA,HOMICIDIO DOLOSO,ES,73.0,1 MASCULINO,BRANCA,GUARAPARI,SETIBA,DOMICILIO,homicidios,violencia_social,2025,9,SET,2025-09-01,3,QUI,False,13,TARDE,65_PLUS
2025-09-19,18:09,CRIMES CONTRA A PESSOA,HOMICIDIO DOLOSO,ES,22.0,1 MASCULINO,PARDA,GUARAPARI,COROADO,VIA PUBLICA,homicidios,violencia_social,2025,9,SET,2025-09-01,4,SEX,False,18,NOITE,18_24
2025-09-19,05:20,CRIMES CONTRA A PESSOA,HOMICIDIO DOLOSO,ES,40.0,1 MASCULINO,NEGRA,LINHARES,SANTA CRUZ,VIA PUBLICA,homicidios,violencia_social,2025,9,SET,2025-09-01,4,SEX,False,5,MADRUGADA,35_44
2025-09-19,00:58,CRIMES CONTRA A PESSOA,HOMICIDIO DOLOSO,ES,21.0,1 MASCULINO,PARDA,SERRA,NOVA CARAPINA,VIA PUBLICA,homicidios,violencia_social,2025,9,SET,2025-09-01,4,SEX,False,0,MADRUGADA,18_24
2025-09-20,19:12,CRIMES CONTRA A PESSOA,HOMICIDIO DOLOSO,ES,24.0,1 MASCULINO,PARDA,SAO MATEUS,FATIMA,VIA PUBLICA,homicidios,violencia_social,2025,9,SET,2025-09-01,5,SAB,True,19,NOITE,18_24
2025-09-20,15:57,CRIMES CONTRA A PESSOA,HOMICIDIO DOLOSO,ES,33.0,1 MASCULINO,BRANCA,AFONSO CLAUDIO,PIRACEMA,VIA PUBLICA,homicidios,violencia_social,2025,9,SET,2025-09-01,5,SAB,True,15,TARDE,25_34
2025-09-20,02:34,CRIMES CONTRA A PESSOA,HOMICIDIO DOLOSO,ES,57.0,1 MASCULINO,BRANCA,LINHARES,SANTA CRUZ,ESTABELECIMENTO COMERCIAL,homicidios,violencia_social,2025,9,SET,2025-09-01,5,SAB,True,2,MADRUGADA,55_64
2025-09-21,17:30,CRIMES CONTRA A PESSOA,HOMICIDIO DOLOSO,ES,56.0,1 MASCULINO,PARDA,VILA VELHA,ILHA DA CONCEICAO,VIA PUBLICA,homicidios,violencia_social,2025,9,SET,2025-09-01,6,DOM,True,17,TARDE,55_64
2025-09-22,22:33,CRIMES CONTRA A PESSOA,HOMICIDIO DOLOSO,ES,27.0,1 MASCULINO,PARDA,CONCEICAO DA BARRA,FLORESTA,VIA PUBLICA,homicidios,violencia_social,2025,9,SET,2025-09-01,0,SEG,False,22,NOITE,25_34
2025-09-24,13:25,CRIMES CONTRA A PESSOA,HOMICIDIO DOLOSO,ES,17.0,1 MASCULINO,NEGRA,GUARAPARI,ADALBERTO SIMAO NADER,TERRENO BALDIO CONSTRUCAO MATA,homicidios,violencia_social,2025,9,SET,2025-09-01,2,QUA,False,13,TARDE,15_17
2025-09-24,06:34,CRIMES CONTRA A PESSOA,HOMICIDIO DOLOSO,ES,31.0,1 MASCULINO,PARDA,SAO MATEUS,SANTA MARIA,DOMICILIO,homicidios,violencia_social,2025,9,SET,2025-09-01,2,QUA,False,6,MANHA,25_34
2025-09-25,22:32,CRIMES CONTRA A PESSOA,HOMICIDIO DOLOSO,ES,25.0,1 MASCULINO,PARDA,VILA VELHA,VALE ENCANTADO,VIA PUBLICA,homicidios,violencia_social,2025,9,SET,2025-09-01,3,QUI,False,22,NOITE,25_34
2025-09-26,15:42,CRIMES CONTRA A PESSOA,HOMICIDIO DOLOSO,ES,43.0,1 MASCULINO,PARDA,VILA VELHA,SANTA CLARA,VIA PUBLICA,homicidios,violencia_social,2025,9,SET,2025-09-01,4,SEX,False,15,TARDE,35_44
2025-09-26,14:57,CRIMES CONTRA A PESSOA,HOMICIDIO DOLOSO,ES,46.0,1 MASCULINO,PARDA,COLATINA,SAO SILVANO,VIA PUBLICA,homicidios,violencia_social,2025,9,SET,2025-09-01,4,SEX,False,14,TARDE,45_54
2025-09-27,01:23,CRIMES CONTRA A PESSOA,HOMICIDIO DOLOSO,ES,37.0,1 MASCULINO,PARDA,SERRA,BICANGA,VIA PUBLICA,homicidios,violencia_social,2025,9,SET,2025-09-01,5,SAB,True,1,MADRUGADA,35_44
2025-09-28,15:44,CRIMES CONTRA A PESSOA,HOMICIDIO DOLOSO,ES,15.0,1 MASCULINO,PARDA,IBIRACU,BELA VISTA,VIA PUBLICA,homicidios,violencia_social,2025,9,SET,2025-09-01,6,DOM,True,15,TARDE,15_17
2025-09-28,15:05,CRIMES CONTRA A PESSOA,HOMICIDIO DOLOSO,ES,35.0,1 MASCULINO,BRANCA,CACHOEIRO DE ITAPEMIRIM,BURARAMA,OUTROS LOCAIS,homicidios,violencia_social,2025,9,SET,2025-09-01,6,DOM,True,15,TARDE,35_44
2025-09-28,11:37,CRIMES CONTRA A PESSOA,HOMICIDIO DOLOSO,ES,16.0,1 MASCULINO,PARDA,LINHARES,AVISO,VIA PUBLICA,homicidios,violencia_social,2025,9,SET,2025-09-01,6,DOM,True,11,MANHA,15_17
2025-09-28,02:19,CRIMES CONTRA A PESSOA,HOMICIDIO DOLOSO,ES,40.0,1 MASCULINO,PARDA,ARACRUZ,CUPIDO,VIA PUBLICA,homicidios,violencia_social,2025,9,SET,2025-09-01,6,DOM,True,2,MADRUGADA,35_44
2025-09-29,14:19,CRIMES CONTRA A PESSOA,HOMICIDIO DOLOSO,ES,26.0,1 MASCULINO,PARDA,SERRA,PARQUE JACARAIPE,PONTE VIADUTO,homicidios,violencia_social,2025,9,SET,2025-09-01,0,SEG,False,14,TARDE,25_34
2025-09-29,04:39,CRIMES CONTRA A PESSOA,HOMICIDIO DOLOSO,ES,26.0,1 MASCULINO,PARDA,SERRA,BALNEARIO DE CARAPEBUS,DOMICILIO,homicidios,violencia_social,2025,9,SET,2025-09-01,0,SEG,False,4,MADRUGADA,25_34
2025-09-29,04:39,CRIMES CONTRA A PESSOA,HOMICIDIO DOLOSO,ES,17.0,1 MASCULINO,PARDA,SERRA,BALNEARIO DE CARAPEBUS,DOMICILIO,homicidios,violencia_social,2025,9,SET,2025-09-01,0,SEG,False,4,MADRUGADA,15_17
2025-01-10,11:27,CRIMES CONTRA A PESSOA,HOMICIDIO DOLOSO,ES,31.0,1 MASCULINO,PARDA,VILA VELHA,ALECRIM,VIA PUBLICA,homicidios,violencia_social,2025,1,JAN,2025-01-01,4,SEX,False,11,MANHA,25_34
2025-01-10,00:51,CRIMES CONTRA A PESSOA,FEMINICIDIO,ES,29.0,2 FEMININO,PARDA,RIO BANANAL,BAIRRO_NAO_INFORMADO,DOMICILIO,homicidios,violencia_social,2025,1,JAN,2025-01-01,4,SEX,False,0,MADRUGADA,25_34
2025-02-10,20:48,CRIMES CONTRA A PESSOA,HOMICIDIO DOLOSO,ES,25.0,1 MASCULINO,PARDA,CARIACICA,GRAUNA,PRACA PARQUES AREA PUBLICA,homicidios,violencia_social,2025,2,FEV,2025-02-01,0,SEG,False,20,NOITE,25_34
2025-02-10,20:29,CRIMES CONTRA A PESSOA,HOMICIDIO DOLOSO,ES,19.0,1 MASCULINO,PARDA,LINHARES,AVISO,VIA PUBLICA,homicidios,violencia_social,2025,2,FEV,2025-02-01,0,SEG,False,20,NOITE,18_24
2025-03-10,05:13,CRIMES CONTRA A PESSOA,HOMICIDIO DOLOSO,ES,36.0,1 MASCULINO,PARDA,VIANA,MORADA DE VILA BETHANIA,TERRENO BALDIO CONSTRUCAO MATA,homicidios,violencia_social,2025,3,MAR,2025-03-01,0,SEG,False,5,MADRUGADA,35_44
2025-03-10,04:04,CRIMES CONTRA A PESSOA,HOMICIDIO DOLOSO,ES,28.0,1 MASCULINO,PARDA,VILA VELHA,JARDIM MARILANDIA,ESTABELECIMENTO COMERCIAL,homicidios,violencia_social,2025,3,MAR,2025-03-01,0,SEG,False,4,MADRUGADA,25_34
2025-04-10,22:01,CRIMES CONTRA A PESSOA,HOMICIDIO DOLOSO,ES,29.0,1 MASCULINO,NEGRA,LINHARES,SANTA CRUZ,ESTABELECIMENTO COMERCIAL,homicidios,violencia_social,2025,4,ABR,2025-04-01,3,QUI,False,22,NOITE,25_34
2025-04-10,20:09,CRIMES CONTRA A PESSOA,HOMICIDIO DOLOSO,ES,36.0,1 MASCULINO,PARDA,GUARAPARI,PEROCAO,VIA PUBLICA,homicidios,violencia_social,2025,4,ABR,2025-04-01,3,QUI,False,20,NOITE,35_44
2025-04-10,19:33,CRIMES CONTRA A PESSOA,HOMICIDIO DOLOSO,ES,25.0,1 MASCULINO,BRANCA,SANTA MARIA DE JETIBA,SAO LUIS,VIA PUBLICA,homicidios,violencia_social,2025,4,ABR,2025-04-01,3,QUI,False,19,NOITE,25_34
2025-04-10,15:52,CRIMES CONTRA A PESSOA,HOMICIDIO DOLOSO,ES,41.0,1 MASCULINO,PARDA,ARACRUZ,VILA DO RIACHO,VIA PUBLICA,homicidios,violencia_social,2025,4,ABR,2025-04-01,3,QUI,False,15,TARDE,35_44
2025-04-10,06:26,CRIMES CONTRA A PESSOA,HOMICIDIO DOLOSO,ES,23.0,1 MASCULINO,PARDA,CARIACICA,PORTO BELO,TERRENO BALDIO CONSTRUCAO MATA,homicidios,violencia_social,2025,4,ABR,2025-04-01,3,QUI,False,6,MANHA,18_24
2025-05-10,18:26,CRIMES CONTRA A PESSOA,HOMICIDIO DOLOSO,ES,48.0,1 MASCULINO,BRANCA,SERRA,SERRA DOURADA II,VIA PUBLICA,homicidios,violencia_social,2025,5,MAI,2025-05-01,5,SAB,True,18,NOITE,45_54
2025-05-10,05:41,CRIMES CONTRA A PESSOA,FEMINICIDIO,ES,20.0,2 FEMININO,PARDA,CARIACICA,ROSA DA PENHA,DOMICILIO,homicidios,violencia_social,2025,5,MAI,2025-05-01,5,SAB,True,5,MADRUGADA,18_24
2025-05-10,04:04,CRIMES CONTRA A PESSOA,HOMICIDIO DOLOSO,ES,49.0,1 MASCULINO,PARDA,VILA VELHA,JARDIM MARILANDIA,VIA PUBLICA,homicidios,violencia_social,2025,5,MAI,2025-05-01,5,SAB,True,4,MADRUGADA,45_54
2025-06-10,03:53,CRIMES CONTRA A PESSOA,HOMICIDIO DOLOSO,ES,24.0,1 MASCULINO,PARDA,MARILANDIA,BAIRRO_NAO_INFORMADO,VIA PUBLICA,homicidios,violencia_social,2025,6,JUN,2025-06-01,1,TER,False,3,MADRUGADA,18_24
2025-07-10,18:33,CRIMES CONTRA A PESSOA,HOMICIDIO DOLOSO,ES,26.0,1 MASCULINO,PARDA,ANCHIETA,BAIRRO_NAO_INFORMADO,DOMICILIO,homicidios,violencia_social,2025,7,JUL,2025-07-01,3,QUI,False,18,NOITE,25_34
2025-08-10,21:44,CRIMES CONTRA A PESSOA,HOMICIDIO DOLOSO,ES,39.0,1 MASCULINO,PARDA,JAGUARE,VARGEM GRANDE,DOMICILIO,homicidios,violencia_social,2025,8,AGO,2025-08-01,6,DOM,True,21,NOITE,35_44
2025-08-10,06:11,CRIMES CONTRA A PESSOA,HOMICIDIO DOLOSO,ES,47.0,1 MASCULINO,PARDA,VILA VELHA,PRAIA DAS GAIVOTAS,PRACA PARQUES AREA PUBLICA,homicidios,violencia_social,2025,8,AGO,2025-08-01,6,DOM,True,6,MANHA,45_54
2025-10-10,19:52,CRIMES CONTRA A PESSOA,HOMICIDIO DOLOSO,ES,34.0,1 MASCULINO,BRANCA,VENDA NOVA DO IMIGRANTE,BAIRRO_NAO_INFORMADO,VIA PUBLICA,homicidios,violencia_social,2025,10,OUT,2025-10-01,4,SEX,False,19,NOITE,25_34
2025-10-10,12:16,CRIMES CONTRA A PESSOA,HOMICIDIO DOLOSO,ES,49.0,1 MASCULINO,BRANCA,IBITIRAMA,BAIRRO_NAO_INFORMADO,VIA PUBLICA,homicidios,violencia_social,2025,10,OUT,2025-10-01,4,SEX,False,12,TARDE,45_54
2025-10-10,08:48,CRIMES CONTRA A PESSOA,FEMINICIDIO,ES,80.0,2 FEMININO,BRANCA,GUARAPARI,SANTA MONICA,DOMICILIO,homicidios,violencia_social,2025,10,OUT,2025-10-01,4,SEX,False,8,MANHA,65_PLUS
2025-10-10,03:02,CRIMES CONTRA A PESSOA,HOMICIDIO DOLOSO,ES,29.0,1 MASCULINO,PARDA,VILA VELHA,RESIDENCIAL JABAETE,VIA PUBLICA,homicidios,violencia_social,2025,10,OUT,2025-10-01,4,SEX,False,3,MADRUGADA,25_34
2025-11-10,23:31,CRIMES CONTRA A PESSOA,HOMICIDIO DOLOSO,ES,21.0,1 MASCULINO,PARDA,PINHEIROS,VILA NOVA,VIA PUBLICA,homicidios,violencia_social,2025,11,NOV,2025-11-01,0,SEG,False,23,NOITE,18_24
2025-11-10,21:43,CRIMES CONTRA A PESSOA,HOMICIDIO DOLOSO,ES,27.0,1 MASCULINO,PARDA,VIANA,IPANEMA,VIA PUBLICA,homicidios,violencia_social,2025,11,NOV,2025-11-01,0,SEG,False,21,NOITE,25_34
2025-11-10,07:02,CRIMES CONTRA A PESSOA,HOMICIDIO DOLOSO,ES,27.0,1 MASCULINO,PARDA,CARIACICA,SANTA LUZIA,VIA PUBLICA,homicidios,violencia_social,2025,11,NOV,2025-11-01,0,SEG,False,7,MANHA,25_34
2025-11-10,00:33,CRIMES CONTRA A PESSOA,HOMICIDIO DOLOSO,ES,33.0,1 MASCULINO,NEGRA,CONCEICAO DA BARRA,SAO JORGE,DOMICILIO,homicidios,violencia_social,2025,11,NOV,2025-11-01,0,SEG,False,0,MADRUGADA,25_34
2025-12-10,19:02,CRIMES CONTRA A PESSOA,HOMICIDIO DOLOSO,ES,42.0,1 MASCULINO,PARDA,COLATINA,AYRTON SENNA,VIA PUBLICA,homicidios,violencia_social,2025,12,DEZ,2025-12-01,2,QUA,False,19,NOITE,35_44
2025-12-10,10:43,CRIMES CONTRA A PESSOA,HOMICIDIO DOLOSO,ES,33.0,1 MASCULINO,PARDA,VILA VELHA,BOA VISTA I,VIA PUBLICA,homicidios,violencia_social,2025,12,DEZ,2025-12-01,2,QUA,False,10,MANHA,25_34
2025-12-10,02:39,CRIMES CONTRA A PESSOA,HOMICIDIO DOLOSO,ES,20.0,1 MASCULINO,PARDA,MONTANHA,BAIRRO_NAO_INFORMADO,VIA PUBLICA,homicidios,violencia_social,2025,12,DEZ,2025-12-01,2,QUA,False,2,MADRUGADA,18_24
2025-12-10,01:22,CRIMES CONTRA A PESSOA,HOMICIDIO DOLOSO,ES,32.0,1 MASCULINO,BRANCA,IRUPI,BAIRRO_NAO_INFORMADO,DOMICILIO,homicidios,violencia_social,2025,12,DEZ,2025-12-01,2,QUA,False,1,MADRUGADA,25_34
2025-12-10,00:56,CRIMES CONTRA A PESSOA,HOMICIDIO DOLOSO,ES,22.0,1 MASCULINO,PARDA,VILA VELHA,SANTA RITA,PRACA PARQUES AREA PUBLICA,homicidios,violencia_social,2025,12,DEZ,2025-12-01,2,QUA,False,0,MADRUGADA,18_24
2025-12-10,00:01,CRIMES CONTRA A PESSOA,HOMICIDIO DOLOSO,ES,42.0,1 MASCULINO,PREJUDICADO,VARGEM ALTA,CENTRO,VIA PUBLICA,homicidios,violencia_social,2025,12,DEZ,2025-12-01,2,QUA,False,0,MADRUGADA,35_44
2025-10-13,12:28,CRIMES CONTRA A PESSOA,HOMICIDIO DOLOSO,ES,48.0,1 MASCULINO,PARDA,LINHARES,BAIRRO_NAO_INFORMADO,DOMICILIO,homicidios,violencia_social,2025,10,OUT,2025-10-01,0,SEG,False,12,TARDE,45_54
2025-10-14,13:55,CRIMES CONTRA A PESSOA,HOMICIDIO DOLOSO,ES,25.0,1 MASCULINO,PARDA,SAO MATEUS,VITORIA,DOMICILIO,homicidios,violencia_social,2025,10,OUT,2025-10-01,1,TER,False,13,TARDE,25_34
2025-10-15,02:33,CRIMES CONTRA A PESSOA,HOMICIDIO DOLOSO,ES,43.0,1 MASCULINO,PARDA,VILA VELHA,JARDIM MARILANDIA,DOMICILIO,homicidios,violencia_social,2025,10,OUT,2025-10-01,2,QUA,False,2,MADRUGADA,35_44
2025-10-15,19:53,CRIMES CONTRA A PESSOA,HOMICIDIO DOLOSO,ES,41.0,1 MASCULINO,PARDA,LINHARES,CENTRO,VIA PUBLICA,homicidios,violencia_social,2025,10,OUT,2025-10-01,2,QUA,False,19,NOITE,35_44
2025-10-16,17:57,CRIMES CONTRA A PESSOA,HOMICIDIO DOLOSO,ES,43.0,1 MASCULINO,NEGRA,BARRA DE SAO FRANCISCO,PAULISTA,VIA PUBLICA,homicidios,violencia_social,2025,10,OUT,2025-10-01,3,QUI,False,17,TARDE,35_44
2025-10-16,00:23,CRIMES CONTRA A PESSOA,HOMICIDIO DOLOSO,ES,29.0,1 MASCULINO,PARDA,LINHARES,BAIRRO_NAO_INFORMADO,VIA PUBLICA,homicidios,violencia_social,2025,10,OUT,2025-10-01,3,QUI,False,0,MADRUGADA,25_34
2025-10-18,19:05,CRIMES CONTRA A PESSOA,HOMICIDIO DOLOSO,ES,24.0,1 MASCULINO,BRANCA,SAO GABRIEL DA PALHA,JOAO COLOMBI,VIA PUBLICA,homicidios,violencia_social,2025,10,OUT,2025-10-01,5,SAB,True,19,NOITE,18_24
2025-10-18,17:21,CRIMES CONTRA A PESSOA,HOMICIDIO DOLOSO,ES,19.0,1 MASCULINO,PARDA,SAO MATEUS,NESTOR GOMES,VIA PUBLICA,homicidios,violencia_social,2025,10,OUT,2025-10-01,5,SAB,True,17,TARDE,18_24
2025-10-18,15:53,CRIMES CONTRA A PESSOA,HOMICIDIO DOLOSO,ES,25.0,1 MASCULINO,PARDA,LINHARES,BAIRRO_NAO_INFORMADO,TERRENO BALDIO CONSTRUCAO MATA,homicidios,violencia_social,2025,10,OUT,2025-10-01,5,SAB,True,15,TARDE,25_34
2025-10-18,05:58,CRIMES CONTRA A PESSOA,HOMICIDIO DOLOSO,ES,20.0,1 MASCULINO,PARDA,CARIACICA,BELA AURORA,VIA PUBLICA,homicidios,violencia_social,2025,10,OUT,2025-10-01,5,SAB,True,5,MADRUGADA,18_24
2025-10-18,00:09,CRIMES CONTRA A PESSOA,HOMICIDIO DOLOSO,ES,24.0,1 MASCULINO,PARDA,SAO GABRIEL DA PALHA,BAIRRO_NAO_INFORMADO,ESTABELECIMENTO COMERCIAL,homicidios,violencia_social,2025,10,OUT,2025-10-01,5,SAB,True,0,MADRUGADA,18_24
2025-10-19,06:30,CRIMES CONTRA A PESSOA,HOMICIDIO DOLOSO,ES,25.0,1 MASCULINO,PARDA,ITAPEMIRIM,ITAIPAVA,VIA PUBLICA,homicidios,violencia_social,2025,10,OUT,2025-10-01,6,DOM,True,6,MANHA,25_34
2025-10-20,16:43,CRIMES CONTRA A PESSOA,HOMICIDIO DOLOSO,ES,24.0,1 MASCULINO,BRANCA,SERRA,BALNEARIO DE CARAPEBUS,VIA PUBLICA,homicidios,violencia_social,2025,10,OUT,2025-10-01,0,SEG,False,16,TARDE,18_24
2025-10-21,21:19,CRIMES CONTRA A PESSOA,HOMICIDIO DOLOSO,ES,16.0,1 MASCULINO,PARDA,LINHARES,NOVA ESPERANCA,VIA PUBLICA,homicidios,violencia_social,2025,10,OUT,2025-10-01,1,TER,False,21,NOITE,15_17
2025-10-21,17:56,CRIMES CONTRA A PESSOA,HOMICIDIO DOLOSO,ES,33.0,1 MASCULINO,BRANCA,VILA VELHA,ARACAS,VIA PUBLICA,homicidios,violencia_social,2025,10,OUT,2025-10-01,1,TER,False,17,TARDE,25_34
2025-10-21,00:21,CRIMES CONTRA A PESSOA,HOMICIDIO DOLOSO,ES,32.0,1 MASCULINO,PARDA,CARIACICA,SANTA BARBARA,VIA PUBLICA,homicidios,violencia_social,2025,10,OUT,2025-10-01,1,TER,False,0,MADRUGADA,25_34
2025-10-21,00:04,CRIMES CONTRA A PESSOA,HOMICIDIO DOLOSO,ES,28.0,1 MASCULINO,PARDA,CARIACICA,CAMPINA GRANDE,VIA PUBLICA,homicidios,violencia_social,2025,10,OUT,2025-10-01,1,TER,False,0,MADRUGADA,25_34
2025-10-22,23:03,CRIMES CONTRA A PESSOA,HOMICIDIO DOLOSO,ES,17.0,1 MASCULINO,PARDA,MANTENOPOLIS,IPIRANGA,VIA PUBLICA,homicidios,violencia_social,2025,10,OUT,2025-10-01,2,QUA,False,23,NOITE,15_17
2025-10-22,23:02,CRIMES CONTRA A PESSOA,HOMICIDIO DOLOSO,ES,40.0,2 FEMININO,PARDA,SERRA,BAIRRO DAS LARANJEIRAS,ESTABELECIMENTO COMERCIAL,homicidios,violencia_social,2025,10,OUT,2025-10-01,2,QUA,False,23,NOITE,35_44
2025-10-22,19:33,CRIMES CONTRA A PESSOA,HOMICIDIO DOLOSO,ES,34.0,1 MASCULINO,BRANCA,SERRA,MARINGA,ESTABELECIMENTO COMERCIAL,homicidios,violencia_social,2025,10,OUT,2025-10-01,2,QUA,False,19,NOITE,25_34
2025-10-23,17:54,CRIMES CONTRA A PESSOA,HOMICIDIO DOLOSO,ES,36.0,1 MASCULINO,NEGRA,SERRA,BAIRRO DAS LARANJEIRAS,ESTABELECIMENTO COMERCIAL,homicidios,violencia_social,2025,10,OUT,2025-10-01,3,QUI,False,17,TARDE,35_44
2025-10-23,00:12,CRIMES CONTRA A PESSOA,HOMICIDIO DOLOSO,ES,32.0,1 MASCULINO,PARDA,SAO MATEUS,RESIDENCIAL COLINA,VIA PUBLICA,homicidios,violencia_social,2025,10,OUT,2025-10-01,3,QUI,False,0,MADRUGADA,25_34
2025-10-24,14:15,CRIMES CONTRA A PESSOA,HOMICIDIO DOLOSO,ES,,,,VILA VELHA,PRAIA DA COSTA,CURSO D AGUA,homicidios,violencia_social,2025,10,OUT,2025-10-01,4,SEX,False,14,TARDE,
2025-10-24,05:49,CRIMES CONTRA A PESSOA,HOMICIDIO DOLOSO,ES,46.0,1 MASCULINO,PARDA,SERRA,NOVO HORIZONTE,VIA PUBLICA,homicidios,violencia_social,2025,10,OUT,2025-10-01,4,SEX,False,5,MADRUGADA,45_54
2025-10-25,13:58,CRIMES CONTRA A PESSOA,HOMICIDIO DOLOSO,ES,,,,AFONSO CLAUDIO,VISTA ALEGRE,TERRENO BALDIO CONSTRUCAO MATA,homicidios,violencia_social,2025,10,OUT,2025-10-01,5,SAB,True,13,TARDE,
2025-10-26,22:48,CRIMES CONTRA A PESSOA,HOMICIDIO DOLOSO,ES,41.0,1 MASCULINO,,ITAPEMIRIM,CAMPO ACIMA,VIA PUBLICA,homicidios,violencia_social,2025,10,OUT,2025-10-01,6,DOM,True,22,NOITE,35_44
2025-10-26,22:36,CRIMES CONTRA A PESSOA,HOMICIDIO DOLOSO,ES,34.0,1 MASCULINO,PARDA,CARIACICA,CARIACICA SEDE,ESTABELECIMENTO COMERCIAL,homicidios,violencia_social,2025,10,OUT,2025-10-01,6,DOM,True,22,NOITE,25_34
2025-10-26,22:36,CRIMES CONTRA A PESSOA,HOMICIDIO DOLOSO,ES,22.0,1 MASCULINO,PARDA,CARIACICA,CARIACICA SEDE,ESTABELECIMENTO COMERCIAL,homicidios,violencia_social,2025,10,OUT,2025-10-01,6,DOM,True,22,NOITE,18_24
2025-10-26,22:02,CRIMES CONTRA A PESSOA,HOMICIDIO DOLOSO,ES,71.0,1 MASCULINO,BRANCA,SAO ROQUE DO CANAA,SAGRADO,ESTABELECIMENTO COMERCIAL,homicidios,violencia_social,2025,10,OUT,2025-10-01,6,DOM,True,22,NOITE,65_PLUS
2025-10-26,20:04,CRIMES CONTRA A PESSOA,HOMICIDIO DOLOSO,ES,24.0,1 MASCULINO,PARDA,VIANA,NOVA BETHANIA,DOMICILIO,homicidios,violencia_social,2025,10,OUT,2025-10-01,6,DOM,True,20,NOITE,18_24
2025-10-26,16:13,CRIMES CONTRA A PESSOA,HOMICIDIO DOLOSO,ES,17.0,1 MASCULINO,PARDA,ARACRUZ,SEGATO,ESTABELECIMENTO COMERCIAL,homicidios,violencia_social,2025,10,OUT,2025-10-01,6,DOM,True,16,TARDE,15_17
2025-10-27,20:00,CRIMES CONTRA A PESSOA,HOMICIDIO DOLOSO,ES,20.0,1 MASCULINO,BRANCA,VILA VELHA,ILHA DOS AYRES,VIA PUBLICA,homicidios,violencia_social,2025,10,OUT,2025-10-01,0,SEG,False,20,NOITE,18_24
2025-10-27,17:33,CRIMES CONTRA A PESSOA,HOMICIDIO DOLOSO,ES,17.0,1 MASCULINO,PARDA,CARIACICA,NOVA ROSA DA PENHA,VIA PUBLICA,homicidios,violencia_social,2025,10,OUT,2025-10-01,0,SEG,False,17,TARDE,15_17
2025-10-27,13:22,CRIMES CONTRA A PESSOA,HOMICIDIO DOLOSO,ES,46.0,1 MASCULINO,PARDA,VILA VELHA,ARACAS,VIA PUBLICA,homicidios,violencia_social,2025,10,OUT,2025-10-01,0,SEG,False,13,TARDE,45_54
2025-10-27,07:39,CRIMES CONTRA A PESSOA,HOMICIDIO DOLOSO,ES,19.0,1 MASCULINO,NEGRA,CARIACICA,RETIRO SAUDOSO,VIA PUBLICA,homicidios,violencia_social,2025,10,OUT,2025-10-01,0,SEG,False,7,MANHA,18_24
2025-10-29,19:58,CRIMES CONTRA A PESSOA,HOMICIDIO DOLOSO,ES,,1 MASCULINO,PARDA,VILA VELHA,CAVALIERE,VIA PUBLICA,homicidios,violencia_social,2025,10,OUT,2025-10-01,2,QUA,False,19,NOITE,
2025-10-29,19:48,CRIMES CONTRA A PESSOA,HOMICIDIO DOLOSO,ES,31.0,1 MASCULINO,PARDA,SAO GABRIEL DA PALHA,CACHOEIRA DA ONCA,DOMICILIO,homicidios,violencia_social,2025,10,OUT,2025-10-01,2,QUA,False,19,NOITE,25_34
2025-10-29,18:21,CRIMES CONTRA A PESSOA,HOMICIDIO DOLOSO,ES,66.0,2 FEMININO,PARDA,VILA VELHA,DIVINO ESPIRITO SANTO,DOMICILIO,homicidios,violencia_social,2025,10,OUT,2025-10-01,2,QUA,False,18,NOITE,65_PLUS
2025-10-29,14:54,CRIMES CONTRA A PESSOA,HOMICIDIO DOLOSO,ES,24.0,1 MASCULINO,PARDA,CARIACICA,SANTA BARBARA,VIA PUBLICA,homicidios,violencia_social,2025,10,OUT,2025-10-01,2,QUA,False,14,TARDE,18_24
2025-10-30,18:09,CRIMES CONTRA A PESSOA,HOMICIDIO DOLOSO,ES,20.0,1 MASCULINO,NEGRA,CARIACICA,JARDIM BOTANICO,VIA PUBLICA,homicidios,violencia_social,2025,10,OUT,2025-10-01,3,QUI,False,18,NOITE,18_24
2025-10-30,18:09,CRIMES CONTRA A PESSOA,HOMICIDIO DOLOSO,ES,19.0,1 MASCULINO,PARDA,CARIACICA,JARDIM BOTANICO,VIA PUBLICA,homicidios,violencia_social,2025,10,OUT,2025-10-01,3,QUI,False,18,NOITE,18_24
2025-10-30,08:43,CRIMES CONTRA A PESSOA,HOMICIDIO DOLOSO,ES,37.0,1 MASCULINO,PARDA,SAO MATEUS,SEAC,TERRENO BALDIO CONSTRUCAO MATA,homicidios,violencia_social,2025,10,OUT,2025-10-01,3,QUI,False,8,MANHA,35_44
2025-10-31,23:03,CRIMES CONTRA A PESSOA,HOMICIDIO DOLOSO,ES,41.0,1 MASCULINO,PARDA,VILA VELHA,XURY,UNIDADE PRISIONAL,homicidios,violencia_social,2025,10,OUT,2025-10-01,4,SEX,False,23,NOITE,35_44
2025-10-31,18:57,CRIMES CONTRA A PESSOA,HOMICIDIO DOLOSO,ES,47.0,1 MASCULINO,PARDA,ARACRUZ,COQUEIRAL,UNIDADE PRISIONAL,homicidios,violencia_social,2025,10,OUT,2025-10-01,4,SEX,False,18,NOITE,45_54
2025-10-31,16:24,CRIMES CONTRA A PESSOA,HOMICIDIO DOLOSO,ES,34.0,1 MASCULINO,PARDA,VILA VELHA,VALE ENCANTADO,VIA PUBLICA,homicidios,violencia_social,2025,10,OUT,2025-10-01,4,SEX,False,16,TARDE,25_34
