fonte_dados,categoria_macro,genero,cor,idade,faixa_etaria,municipio,bairro,sexo,cutis
homicidios,violencia_social,1 - MASCULINO,PARDA,45.0,45_54,VILA VELHA,JARDIM GUARANHUNS,,
homicidios,violencia_social,1 - MASCULINO,PARDA,39.0,35_44,LINHARES,PONTAL DO IPIRANGA,,
homicidios,violencia_social,1 - MASCULINO,PARDA,44.0,35_44,VILA VELHA,BARRAMARES,,
homicidios,violencia_social,1 - MASCULINO,PARDA,17.0,15_17,DIVINO DE SAO LOURENCO,PATRIMONIO DA PENHA,,
homicidios,violencia_social,1 - MASCULINO,PARDA,21.0,18_24,VIANA,SOTECO,,
homicidios,violencia_social,1 - MASCULINO,BRANCA,43.0,35_44,SERRA,VILA NOVA DE COLARES,,
homicidios,violencia_social,2 - FEMININO,NEGRA,40.0,35_44,SERRA,CENTRAL CARAPINA,,
homicidios,violencia_social,1 - MASCULINO,PARDA,44.0,35_44,BOA ESPERANÇA,ZONA RURAL,,
homicidios,violencia_social,2 - FEMININO,PARDA,19.0,18_24,SERRA,JOSE DE ANCHIETA,,
homicidios,violencia_social,1 - MASCULINO,BRANCA,22.0,18_24,SOORETAMA,CENTRO,,
homicidios,violencia_social,1 - MASCULINO,PARDA,36.0,35_44,CARIACICA,JARDIM BOTANICO,,
homicidios,violencia_social,1 - MASCULINO,BRANCA,49.0,45_54,FUNDAO,CENTRO,,
homicidios,violencia_social,2 - FEMININO,PARDA,51.0,45_54,SERRA,LARANJEIRAS VELHA,,
homicidios,violencia_social,2 - FEMININO,BRANCA,17.0,15_17,CARIACICA,PADRE GABRIEL,,
homicidios,violencia_social,1 - MASCULINO,PARDA,26.0,25_34,CARIACICA,RETIRO SAUDOSO,,
homicidios,violencia_social,1 - MASCULINO,PARDA,22.0,18_24,LINHARES,NOVA BETHANIA,,
homicidios,violencia_social,1 - MASCULINO,PARDA,22.0,18_24,VILA VELHA,RIO MARINHO,,
homicidios,violencia_social,1 - MASCULINO,PARDA,30.0,25_34,MARATAIZES,ACAPULCO,,
homicidios,violencia_social,1 - MASCULINO,PARDA,35.0,35_44,VITORIA,ESTRELINHA,,
homicidios,violencia_social,1 - MASCULINO,PARDA,18.0,18_24,ALEGRE,RIVE,,
homicidios,violencia_social,1 - MASCULINO,PARDA,51.0,45_54,VITORIA,CONQUISTA,,
homicidios,violencia_social,1 - MASCULINO,PARDA,19.0,18_24,SERRA,BALNEARIO DE CARAPEBUS,,
homicidios,violencia_social,1 - MASCULINO,NEGRA,23.0,18_24,SAO GABRIEL DA PALHA,GUSTAVO BOONE,,
homicidios,violencia_social,2 - FEMININO,PARDA,17.0,15_17,SERRA,SAO GERALDO,,
homicidios,violencia_social,1 - MASCULINO,PARDA,23.0,18_24,CARIACICA,SANTO ANTONIO,,
homicidios,violencia_social,1 - MASCULINO,PARDA,26.0,25_34,CARIACICA,SANTO ANTONIO,,
homicidios,violencia_social,1 - MASCULINO,PARDA,33.0,25_34,VITORIA,SANTO ANTONIO,,
homicidios,violencia_social,2 - FEMININO,NEGRA,29.0,25_34,VITORIA,SANTO ANTONIO,,
homicidios,violencia_social,1 - MASCULINO,BRANCA,43.0,35_44,COLATINA,AYRTON SENNA,,
homicidios,violencia_social,1 - MASCULINO,PARDA,34.0,25_34,VIANA,MARCILIO DE NORONHA,,
homicidios,violencia_social,1 - MASCULINO,BRANCA,,,VARGEM ALTA,SUMIDOURO,,
homicidios,violencia_social,1 - MASCULINO,PARDA,3.0,0_14,CARIACICA,ORIENTE,,
homicidios,violencia_social,1 - MASCULINO,PARDA,31.0,25_34,VILA VELHA,COBI DE CIMA,,
homicidios,violencia_social,1 - MASCULINO,BRANCA,35.0,35_44,SERRA,VISTA DA SERRA II,,
homicidios,violencia_social,1 - MASCULINO,,,,SAO MATEUS,CENTRO,,
homicidios,violencia_social,2 - FEMININO,PARDA,,,SAO MATEUS,GURIRI,,
homicidios,violencia_social,1 - MASCULINO,BRANCA,21.0,18_24,IBIRACU,ELIAS BRAGATO,,
homicidios,violencia_social,1 - MASCULINO,PARDA,48.0,45_54,CARIACICA,NOVO BRASIL,,
homicidios,violencia_social,1 - MASCULINO,AMARELA,33.0,25_34,PIUMA,CENTRO,,
homicidios,violencia_social,1 - MASCULINO,NEGRA,32.0,25_34,NOVA VENECIA,ZONA RURAL,,
homicidios,violencia_social,1 - MASCULINO,PARDA,20.0,18_24,VILA VELHA,ILHA DOS AYRES,,
homicidios,violencia_social,1 - MASCULINO,PARDA,31.0,25_34,CARIACICA,NOVA ROSA DA PENHA II,,
homicidios,violencia_social,1 - MASCULINO,BRANCA,43.0,35_44,CACHOEIRO DE ITAPEMIRIM,SANTO ANTONIO,,
homicidios,violencia_social,1 - MASCULINO,PARDA,29.0,25_34,SERRA,RESIDENCIAL CENTRO DA SERRA,,
homicidios,violencia_social,1 - MASCULINO,PARDA,49.0,45_54,SERRA,CIDADE POMAR,,
homicidios,violencia_social,2 - FEMININO,PARDA,36.0,35_44,GOVERNADOR LINDENBERG,NOVO BASIL,,
homicidios,violencia_social,1 - MASCULINO,PARDA,25.0,25_34,SERRA,PRAIA DE CARAPEBUS,,
homicidios,violencia_social,1 - MASCULINO,PARDA,25.0,25_34,ANCHIETA,JERUSALEM,,
homicidios,violencia_social,1 - MASCULINO,NEGRA,38.0,35_44,CARIACICA,CAMPINA GRANDE,,
homicidios,violencia_social,2 - FEMININO,BRANCA,77.0,65_PLUS,VILA VELHA,ITAPOA,,
homicidios,violencia_social,1 - MASCULINO,NEGRA,18.0,18_24,VILA VELHA,COBI DE BAIXO,,
homicidios,violencia_social,1 - MASCULINO,PARDA,,,SOORETAMA,SALVADOR,,
homicidios,violencia_social,1 - MASCULINO,PARDA,18.0,18_24,CARIACICA,NOVA ROSA DA PENHA,,
homicidios,violencia_social,1 - MASCULINO,BRANCA,19.0,18_24,AFONSO CLAUDIO,SAO FRANCISCO,,
homicidios,violencia_social,1 - MASCULINO,PARDA,16.0,15_17,SAO MATEUS,GURIRI,,
homicidios,violencia_social,1 - MASCULINO,PARDA,22.0,18_24,VILA VELHA,SAO TORQUATO,,
homicidios,violencia_social,1 - MASCULINO,PARDA,19.0,18_24,VITORIA,MARIO CYPRESTE,,
homicidios,violencia_social,1 - MASCULINO,PARDA,22.0,18_24,SERRA,COSTA DOURADA,,
homicidios,violencia_social,1 - MASCULINO,PARDA,40.0,35_44,ITAPEMIRIM,CAMPO ACIMA,,
homicidios,violencia_social,1 - MASCULINO,NEGRA,48.0,45_54,VITORIA,,,
homicidios,violencia_social,1 - MASCULINO,PARDA,29.0,25_34,SANTA MARIA DE JETIBA,ZONA RURAL,,
homicidios,violencia_social,1 - MASCULINO,NEGRA,19.0,18_24,FUNDAO,CAMPESTRE,,
homicidios,violencia_social,1 - MASCULINO,PARDA,14.0,0_14,VITORIA,GRANDE VITORIA,,
homicidios,violencia_social,1 - MASCULINO,NEGRA,23.0,18_24,ITAGUACU,SANTA FE,,
homicidios,violencia_social,1 - MASCULINO,PARDA,49.0,45_54,ITAPEMIRIM,GOMES,,
homicidios,violencia_social,1 - MASCULINO,PARDA,20.0,18_24,LINHARES,INTERLAGOS,,
homicidios,violencia_social,2 - FEMININO,PARDA,25.0,25_34,VILA VELHA,GLORIA,,
homicidios,violencia_social,1 - MASCULINO,PARDA,47.0,45_54,COLATINA,BELA VISTA,,
homicidios,violencia_social,1 - MASCULINO,PARDA,23.0,18_24,SERRA,VISTA DA SERRA I,,
homicidios,violencia_social,1 - MASCULINO,PARDA,37.0,35_44,ITAPEMIRIM,GARRAFAO,,
homicidios,violencia_social,1 - MASCULINO,PARDA,19.0,18_24,AGUA DOCE DO NORTE,CORREGO DO CEDRO,,
homicidios,violencia_social,1 - MASCULINO,PARDA,19.0,18_24,VILA VELHA,COBI DE CIMA,,
homicidios,violencia_social,1 - MASCULINO,NEGRA,46.0,45_54,AFONSO CLAUDIO,CENTRO,,
homicidios,violencia_social,1 - MASCULINO,PREJUDICADO,,,VILA VELHA,XURY,,
homicidios,violencia_social,1 - MASCULINO,PARDA,33.0,25_34,SERRA,BAIRRO DAS LARANJEIRAS,,
homicidios,violencia_social,2 - FEMININO,BRANCA,38.0,35_44,CARIACICA,BOA SORTE,,
homicidios,violencia_social,1 - MASCULINO,PARDA,26.0,25_34,ECOPORANGA,VILA NOVA,,
homicidios,violencia_social,1 - MASCULINO,PARDA,50.0,45_54,LINHARES,NOVA ESPERANÇA,,
homicidios,violencia_social,1 - MASCULINO,PARDA,27.0,25_34,VILA VELHA,JABURUNA,,
homicidios,violencia_social,1 - MASCULINO,PARDA,65.0,65_PLUS,LINHARES,AVISO,,
homicidios,violencia_social,1 - MASCULINO,PREJUDICADO,,,VILA VELHA,CENTRO,,
homicidios,violencia_social,1 - MASCULINO,BRANCA,24.0,18_24,VIANA,BOM PASTOR,,
homicidios,violencia_social,1 - MASCULINO,PARDA,33.0,25_34,VIANA,BOM PASTOR,,
homicidios,violencia_social,1 - MASCULINO,PARDA,26.0,25_34,ECOPORANGA,CENTRO,,
homicidios,violencia_social,1 - MASCULINO,NEGRA,36.0,35_44,LINHARES,SAO RAFAEL,,
homicidios,violencia_social,2 - FEMININO,PARDA,8.0,0_14,CARIACICA,ITAQUARI,,
homicidios,violencia_social,1 - MASCULINO,PARDA,54.0,45_54,JAGUARE,NOSSA SENHORA DE FATIMA,,
homicidios,violencia_social,1 - MASCULINO,PARDA,36.0,35_44,MARATAIZES,BARRA DE ITAPEMIRIM,,
homicidios,violencia_social,1 - MASCULINO,PARDA,40.0,35_44,SAO MATEUS,VITORIA,,
homicidios,violencia_social,1 - MASCULINO,BRANCA,62.0,55_64,PINHEIROS,PINHEIRINHO,,
homicidios,violencia_social,1 - MASCULINO,PARDA,23.0,18_24,ITAPEMIRIM,ITAOCA,,
homicidios,violencia_social,1 - MASCULINO,PARDA,26.0,25_34,CONCEICAO DA BARRA,BRAÇO DO RIO,,
homicidios,violencia_social,1 - MASCULINO,NEGRA,25.0,25_34,SERRA,SERRA CENTRO,,
homicidios,violencia_social,1 - MASCULINO,PARDA,21.0,18_24,VILA VELHA,VILA GARRIDO,,
homicidios,violencia_social,2 - FEMININO,PARDA,66.0,65_PLUS,VILA VELHA,VALE ENCANTADO,,
homicidios,violencia_social,1 - MASCULINO,NEGRA,45.0,45_54,CARIACICA,CASTELO BRANCO,,
homicidios,violencia_social,1 - MASCULINO,NEGRA,53.0,45_54,CARIACICA,JARDIM AMERICA,,
homicidios,violencia_social,1 - MASCULINO,PARDA,40.0,35_44,PANCAS,ZONA RURAL,,
homicidios,violencia_social,1 - MASCULINO,PARDA,20.0,18_24,SERRA,JARDIM DA SERRA,,
homicidios,violencia_social,2 - FEMININO,PARDA,21.0,18_24,SOORETAMA,SAYONARA,,
homicidios,violencia_social,1 - MASCULINO,PARDA,30.0,25_34,BOA ESPERANÇA,VILA TAVARES,,
homicidios,violencia_social,1 - MASCULINO,PARDA,27.0,25_34,LINHARES,BREJO GRANDE,,
homicidios,violencia_social,1 - MASCULINO,PARDA,30.0,25_34,CONCEICAO DA BARRA,BRAÇO DO RIO,,
homicidios,violencia_social,1 - MASCULINO,BRANCA,49.0,45_54,IUNA,QUILOMBO,,
homicidios,violencia_social,1 - MASCULINO,NEGRA,36.0,35_44,SERRA,FEU ROSA,,
homicidios,violencia_social,1 - MASCULINO,PARDA,35.0,35_44,GUARAPARI,SAO GABRIEL,,
homicidios,violencia_social,1 - MASCULINO,PARDA,39.0,35_44,PINHEIROS,SAO JOAO DO SOBRADO,,
homicidios,violencia_social,1 - MASCULINO,PARDA,23.0,18_24,SERRA,JARDIM BELA VISTA,,
homicidios,violencia_social,1 - MASCULINO,PARDA,37.0,35_44,CACHOEIRO DE ITAPEMIRIM,NOSSA SENHORA APARECIDA,,
homicidios,violencia_social,1 - MASCULINO,BRANCA,26.0,25_34,BAIXO GUANDU,ZONA RURAL,,
homicidios,violencia_social,1 - MASCULINO,BRANCA,57.0,55_64,CARIACICA,VILA CAPIXABA,,
homicidios,violencia_social,1 - MASCULINO,BRANCA,40.0,35_44,CARIACICA,VILA CAPIXABA,,
homicidios,violencia_social,1 - MASCULINO,BRANCA,39.0,35_44,ITAGUACU,CENTRO,,
homicidios,violencia_social,1 - MASCULINO,PARDA,58.0,55_64,CARIACICA,VILA CAPIXABA,,
homicidios,violencia_social,1 - MASCULINO,PARDA,45.0,45_54,VILA VELHA,ALECRIM,,
homicidios,violencia_social,1 - MASCULINO,PARDA,29.0,25_34,RIO BANANAL,CORREGO LACRIMAL,,
homicidios,violencia_social,1 - MASCULINO,PARDA,26.0,25_34,CARIACICA,FLEXAL II,,
homicidios,violencia_social,1 - MASCULINO,PARDA,21.0,18_24,VILA VELHA,PEDRA DOS BUZIOS,,
homicidios,violencia_social,2 - FEMININO,PARDA,46.0,45_54,DOMINGOS MARTINS,SOIDO,,
homicidios,violencia_social,1 - MASCULINO,PARDA,29.0,25_34,CARIACICA,SOTELANDIA,,
homicidios,violencia_social,1 - MASCULINO,PARDA,33.0,25_34,GUARAPARI,SAO GABRIEL,,
homicidios,violencia_social,1 - MASCULINO,BRANCA,20.0,18_24,VILA VELHA,JABURUNA,,
homicidios,violencia_social,1 - MASCULINO,PARDA,21.0,18_24,GUARAPARI,PATURA,,
homicidios,violencia_social,1 - MASCULINO,PARDA,20.0,18_24,VITORIA,SANTO ANTONIO,,
homicidios,violencia_social,1 - MASCULINO,PARDA,34.0,25_34,CARIACICA,VILA PRUDENCIO,,
homicidios,violencia_social,1 - MASCULINO,PARDA,46.0,45_54,CONCEICAO DO CASTELO,CENTRO,,
homicidios,violencia_social,1 - MASCULINO,PARDA,25.0,25_34,SOORETAMA,CENTRO,,
homicidios,violencia_social,1 - MASCULINO,PARDA,25.0,25_34,SOORETAMA,CENTRO,,
homicidios,violencia_social,1 - MASCULINO,PARDA,17.0,15_17,SAO MATEUS,ZONA RURAL,,
homicidios,violencia_social,1 - MASCULINO,PARDA,32.0,25_34,VIANA,PEDRA MULATA,,
homicidios,violencia_social,1 - MASCULINO,PARDA,17.0,15_17,SERRA,VILA NOVA DE COALRES,,
homicidios,violencia_social,1 - MASCULINO,PARDA,19.0,18_24,VILA VELHA,DOM JOAO BATISTA,,
homicidios,violencia_social,1 - MASCULINO,BRANCA,37.0,35_44,VILA VELHA,COBILANDIA,,
homicidios,violencia_social,1 - MASCULINO,NEGRA,23.0,18_24,CARIACICA,JARDIM DE ALAH,,
homicidios,violencia_social,1 - MASCULINO,PARDA,29.0,25_34,CARIACICA,JARDIM BOTANICO,,
homicidios,violencia_social,1 - MASCULINO,PARDA,38.0,35_44,MONTANHA,LAJEDO,,
homicidios,violencia_social,1 - MASCULINO,BRANCA,33.0,25_34,CARIACICA,SAO FRANCISCO,,
homicidios,violencia_social,1 - MASCULINO,PARDA,42.0,35_44,VILA VELHA,PRAIA DA COSTA,,
homicidios,violencia_social,1 - MASCULINO,PARDA,35.0,35_44,CARIACICA,SANTO ANDRE,,
homicidios,violencia_social,1 - MASCULINO,NEGRA,47.0,45_54,SERRA,TAQUARA,,
homicidios,violencia_social,2 - FEMININO,PARDA,31.0,25_34,PANCAS,OPERARIO,,
homicidios,violencia_social,1 - MASCULINO,PARDA,69.0,65_PLUS,IRUPI,SANTA CLARA,,
homicidios,violencia_social,1 - MASCULINO,PARDA,15.0,15_17,LINHARES,PLANALTO,,
homicidios,violencia_social,1 - MASCULINO,PARDA,25.0,25_34,VILA VELHA,SAO TORQUATO,,
homicidios,violencia_social,1 - MASCULINO,NEGRA,36.0,35_44,CARIACICA,FLEXAL I,,
homicidios,violencia_social,1 - MASCULINO,NEGRA,22.0,18_24,VILA VELHA,SANTA RITA,,
homicidios,violencia_social,1 - MASCULINO,NEGRA,17.0,15_17,SAO MATEUS,GURIRI,,
homicidios,violencia_social,1 - MASCULINO,PARDA,36.0,35_44,COLATINA,VILA LENIRA,,
homicidios,violencia_social,1 - MASCULINO,PARDA,35.0,35_44,NOVA VENECIA,BEIRA RIO,,
homicidios,violencia_social,1 - MASCULINO,NEGRA,36.0,35_44,CARIACICA,CARIACICA SEDE,,
homicidios,violencia_social,2 - FEMININO,PARDA,18.0,18_24,GUARAPARI,"SAO JOSE,",,
homicidios,violencia_social,1 - MASCULINO,PARDA,26.0,25_34,SOORETAMA,SAYONARA,,
homicidios,violencia_social,1 - MASCULINO,NEGRA,47.0,45_54,GOVERNADOR LINDENBERG,NOVA BRASILIA,,
homicidios,violencia_social,1 - MASCULINO,PARDA,21.0,18_24,MARATAIZES,BARRA DE ITAPEMIRIM,,
homicidios,violencia_social,1 - MASCULINO,PARDA,29.0,25_34,GUARAPARI,VARZEA NOVA,,
homicidios,violencia_social,1 - MASCULINO,PARDA,41.0,35_44,VILA VELHA,ZUMBI DOS PALMARES,,
homicidios,violencia_social,1 - MASCULINO,BRANCA,20.0,18_24,VILA VELHA,SAO CONRADO,,
homicidios,violencia_social,1 - MASCULINO,NEGRA,22.0,18_24,VILA VELHA,BARRAMARES,,
homicidios,violencia_social,1 - MASCULINO,PARDA,35.0,35_44,SERRA,NOVO HORIZONTE,,
homicidios,violencia_social,1 - MASCULINO,PARDA,18.0,18_24,SERRA,NOVO HORIZONTE,,
homicidios,violencia_social,1 - MASCULINO,NEGRA,35.0,35_44,SERRA,NOVO HORIZONTE,,
homicidios,violencia_social,1 - MASCULINO,PARDA,24.0,18_24,PONTO BELO,CENTRO,,
homicidios,violencia_social,1 - MASCULINO,NEGRA,24.0,18_24,ITAPEMIRIM,LIMAO,,
homicidios,violencia_social,1 - MASCULINO,PARDA,37.0,35_44,RIO BANANAL,ZONA RURAL,,
homicidios,violencia_social,1 - MASCULINO,PARDA,26.0,25_34,SAO MATEUS,NOVO HORIZONTE,,
homicidios,violencia_social,1 - MASCULINO,PARDA,23.0,18_24,JAGUARE,SEAC,,
homicidios,violencia_social,1 - MASCULINO,BRANCA,20.0,18_24,SERRA,PLANALTO SERRANO,,
homicidios,violencia_social,1 - MASCULINO,PARDA,39.0,35_44,SAO MATEUS,RESEDENCIAL PARQUE WASHIGTON,,
homicidios,violencia_social,1 - MASCULINO,NEGRA,38.0,35_44,VITORIA,SAO JOSE,,
homicidios,violencia_social,1 - MASCULINO,PARDA,61.0,55_64,SERRA,JARDIM CARAPINA,,
homicidios,violencia_social,1 - MASCULINO,PARDA,28.0,25_34,SERRA,JARDIM CARAPINA,,
homicidios,violencia_social,1 - MASCULINO,PARDA,27.0,25_34,PRESIDENTE KENNEDY,JAQUEIRA,,
homicidios,violencia_social,1 - MASCULINO,BRANCA,56.0,55_64,BREJETUBA,SAO JORGE,,
homicidios,violencia_social,1 - MASCULINO,PARDA,27.0,25_34,JAGUARE,BOA VISTA,,
homicidios,violencia_social,1 - MASCULINO,PARDA,20.0,18_24,SERRA,CIDADE POMAR,,
homicidios,violencia_social,1 - MASCULINO,PARDA,45.0,45_54,SANTA LEOPOLDINA,CENTRO,,
homicidios,violencia_social,1 - MASCULINO,PARDA,34.0,25_34,SAO GABRIEL DA PALHA,BOA VISTA,,
homicidios,violencia_social,1 - MASCULINO,NEGRA,37.0,35_44,VILA VELHA,GLORIA,,
homicidios,violencia_social,1 - MASCULINO,NEGRA,24.0,18_24,LINHARES,AVISO,,
homicidios,violencia_social,1 - MASCULINO,PARDA,33.0,25_34,LINHARES,SANTA CRUZ,,
homicidios,violencia_social,1 - MASCULINO,PARDA,18.0,18_24,VILA VELHA,ALECRIM,,
homicidios,violencia_social,1 - MASCULINO,NEGRA,47.0,45_54,CARIACICA,ITANGUA,,
homicidios,violencia_social,2 - FEMININO,BRANCA,64.0,55_64,SAO JOSE DO CALCADO,ZONA RURAL,,
homicidios,violencia_social,1 - MASCULINO,PARDA,54.0,45_54,MONTANHA,TRINTA DE MAIO,,
homicidios,violencia_social,1 - MASCULINO,PARDA,18.0,18_24,SERRA,BAIRRO DAS LARANJEIRAS,,
homicidios,violencia_social,1 - MASCULINO,PARDA,19.0,18_24,BAIXO GUANDU,SAO VICENTE,,
homicidios,violencia_social,1 - MASCULINO,PARDA,37.0,35_44,GOVERNADOR LINDENBERG,NOVO BRASIL,,
homicidios,violencia_social,1 - MASCULINO,NEGRA,33.0,25_34,VIANA,MORADA DE VILA BETHANIA,,
homicidios,violencia_social,1 - MASCULINO,NEGRA,20.0,18_24,VITORIA,GOIABEIRAS,,
homicidios,violencia_social,2 - FEMININO,PARDA,15.0,15_17,VILA VELHA,PRIMEIRO DE MAIO,,
homicidios,violencia_social,2 - FEMININO,NEGRA,31.0,25_34,VILA VELHA,PRIMEIRO DE MAIO,,
homicidios,violencia_social,1 - MASCULINO,PARDA,43.0,35_44,FUNDAO,ZONA RURAL,,
homicidios,violencia_social,1 - MASCULINO,PARDA,45.0,45_54,VIANA,CAMPO VERDE,,
homicidios,violencia_social,1 - MASCULINO,PARDA,40.0,35_44,VILA VELHA,DIVINO ESPIRITO SANTO,,
homicidios,violencia_social,1 - MASCULINO,NEGRA,44.0,35_44,SERRA,JARDIM CARAPINA,,
homicidios,violencia_social,1 - MASCULINO,PARDA,31.0,25_34,AGUIA BRANCA,CORREGO BOA VISTA DO ROCHEDO,,
homicidios,violencia_social,2 - FEMININO,BRANCA,27.0,25_34,SERRA,VISTA DA SERRA I,,
homicidios,violencia_social,1 - MASCULINO,NEGRA,62.0,55_64,CARIACICA,SANTO ANDRE,,
homicidios,violencia_social,1 - MASCULINO,NEGRA,26.0,25_34,ARACRUZ,VILA DO RIACHO,,
homicidios,violencia_social,1 - MASCULINO,PARDA,37.0,35_44,SERRA,NOVA CARAPINA I,,
homicidios,violencia_social,1 - MASCULINO,NEGRA,41.0,35_44,CARIACICA,NOVA ROSA DA PENHA,,
homicidios,violencia_social,1 - MASCULINO,PARDA,46.0,45_54,LINHARES,ZONA RURAL,,
homicidios,violencia_social,1 - MASCULINO,AMARELA,50.0,45_54,PIUMA,CEU AZUL,,
homicidios,violencia_social,1 - MASCULINO,PARDA,38.0,35_44,SERRA,VILA NOVA DE COLARES,,
homicidios,violencia_social,2 - FEMININO,PARDA,43.0,35_44,CARIACICA,BUBU,,
homicidios,violencia_social,1 - MASCULINO,BRANCA,41.0,35_44,BARRA DE SAO FRANCISCO,CAMPO NOVO,,
homicidios,violencia_social,1 - MASCULINO,BRANCA,44.0,35_44,SERRA,SERRA DOURADA II,,
homicidios,violencia_social,1 - MASCULINO,BRANCA,22.0,18_24,SAO GABRIEL DA PALHA,CACHOEIRA DA ONCA,,
homicidios,violencia_social,1 - MASCULINO,PARDA,23.0,18_24,VITORIA,REDENCAO,,
homicidios,violencia_social,1 - MASCULINO,PARDA,25.0,25_34,NOVA VENECIA,SANTO ANTONI DO QUINZE,,
homicidios,violencia_social,1 - MASCULINO,NEGRA,48.0,45_54,IUNA,ZONA RURAL,,
homicidios,violencia_social,1 - MASCULINO,PARDA,20.0,18_24,CARIACICA,TUCUM,,
homicidios,violencia_social,2 - FEMININO,PARDA,27.0,25_34,CARIACICA,TUCUM,,
homicidios,violencia_social,1 - MASCULINO,PARDA,37.0,35_44,CARIACICA,CARIACICA SEDE,,
homicidios,violencia_social,1 - MASCULINO,PARDA,42.0,35_44,RIO BANANAL,ZONA RURAL,,
homicidios,violencia_social,1 - MASCULINO,PARDA,32.0,25_34,SERRA,ZONA RURAL,,
homicidios,violencia_social,1 - MASCULINO,PARDA,25.0,25_34,GUARAPARI,BELA VISTA,,
homicidios,violencia_social,1 - MASCULINO,PARDA,30.0,25_34,SERRA,BALNEARIO DE CARAPEBUS,,
homicidios,violencia_social,1 - MASCULINO,NEGRA,36.0,35_44,VIANA,AREINHA,,
homicidios,violencia_social,1 - MASCULINO,PARDA,27.0,25_34,SAO MATEUS,SANTA MARIA,,
homicidios,violencia_social,1 - MASCULINO,PARDA,49.0,45_54,CONCEICAO DO CASTELO,FORMOSA,,
homicidios,violencia_social,1 - MASCULINO,PARDA,31.0,25_34,VILA VELHA,ALECRIM,,
homicidios,violencia_social,2 - FEMININO,PARDA,29.0,25_34,RIO BANANAL,ZONA RURAL,,
homicidios,violencia_social,1 - MASCULINO,PARDA,25.0,25_34,CARIACICA,GRAUNA,,
homicidios,violencia_social,1 - MASCULINO,PARDA,19.0,18_24,LINHARES,AVISO,,
homicidios,violencia_social,1 - MASCULINO,PARDA,36.0,35_44,VIANA,MORADA DE VILA BETHANIA,,
homicidios,violencia_social,1 - MASCULINO,PARDA,28.0,25_34,VILA VELHA,JARDIM MARILANDIA,,
homicidios,violencia_social,1 - MASCULINO,NEGRA,29.0,25_34,LINHARES,SANTA CRUZ,,
homicidios,violencia_social,1 - MASCULINO,PARDA,36.0,35_44,GUARAPARI,PEROCAO,,
homicidios,violencia_social,1 - MASCULINO,BRANCA,25.0,25_34,SANTA MARIA DE JETIBA,SAO LUIS,,
homicidios,violencia_social,1 - MASCULINO,PARDA,41.0,35_44,ARACRUZ,VILA DO RIACHO,,
homicidios,violencia_social,1 - MASCULINO,PARDA,23.0,18_24,CARIACICA,PORTO BELO,,
homicidios,violencia_social,1 - MASCULINO,BRANCA,48.0,45_54,SERRA,SERRA DOURADA II,,
homicidios,violencia_social,2 - FEMININO,PARDA,20.0,18_24,CARIACICA,ROSA DA PENHA,,
homicidios,violencia_social,1 - MASCULINO,PARDA,49.0,45_54,VILA VELHA,JARDIM MARILANDIA,,
homicidios,violencia_social,1 - MASCULINO,PARDA,24.0,18_24,MARILANDIA,ZONA RURAL,,
homicidios,violencia_social,1 - MASCULINO,PARDA,26.0,25_34,ANCHIETA,ZONA RURAL,,
homicidios,violencia_social,1 - MASCULINO,PARDA,39.0,35_44,JAGUARE,VARGEM GRANDE,,
homicidios,violencia_social,1 - MASCULINO,PARDA,47.0,45_54,VILA VELHA,PRAIA DAS GAIVOTAS,,
homicidios,violencia_social,1 - MASCULINO,BRANCA,34.0,25_34,VENDA NOVA DO IMIGRANTE,ZONA RURAL,,
homicidios,violencia_social,1 - MASCULINO,BRANCA,49.0,45_54,IBITIRAMA,ZONA RURAL,,
homicidios,violencia_social,2 - FEMININO,BRANCA,80.0,65_PLUS,GUARAPARI,SANTA MONICA,,
homicidios,violencia_social,1 - MASCULINO,PARDA,29.0,25_34,VILA VELHA,RESIDENCIAL JABAETE,,
homicidios,violencia_social,1 - MASCULINO,PARDA,21.0,18_24,PINHEIROS,VILA NOVA,,
homicidios,violencia_social,1 - MASCULINO,PARDA,27.0,25_34,VIANA,IPANEMA,,
homicidios,violencia_social,1 - MASCULINO,PARDA,27.0,25_34,CARIACICA,SANTA LUZIA,,
homicidios,violencia_social,1 - MASCULINO,NEGRA,33.0,25_34,CONCEICAO DA BARRA,SAO JORGE,,
homicidios,violencia_social,1 - MASCULINO,PARDA,42.0,35_44,COLATINA,AYRTON SENNA,,
homicidios,violencia_social,1 - MASCULINO,PARDA,33.0,25_34,VILA VELHA,BOA VISTA I,,
homicidios,violencia_social,1 - MASCULINO,PARDA,20.0,18_24,MONTANHA,ZONA RURAL,,
homicidios,violencia_social,1 - MASCULINO,BRANCA,32.0,25_34,IRUPI,ZONA RURAL,,
homicidios,violencia_social,1 - MASCULINO,PARDA,22.0,18_24,VILA VELHA,SANTA RITA,,
homicidios,violencia_social,1 - MASCULINO,PREJUDICADO,42.0,35_44,VARGEM ALTA,CENTRO,,
violencia_domestica,violencia_social,,,,,VILA VELHA,COQUEIRAL DE ITAPARICA,S/I,BRANCA
violencia_domestica,violencia_social,,,,,VILA VELHA,COQUEIRAL DE ITAPARICA,S/I,BRANCA
violencia_domestica,violencia_social,,,,,VILA VELHA,COQUEIRAL DE ITAPARICA,S/I,PARDA
violencia_domestica,violencia_social,,,,,SAO ROQUE DO CANAA,FRANCISCO TOREZANI,FEMININO,PARDA
violencia_domestica,violencia_social,,,12.0,0_14,MARATAIZES,CENTRO,FEMININO,PARDA
violencia_domestica,violencia_social,,,14.0,0_14,BAIXO GUANDU,ROSARIO II,MASCULINO,PARDA
violencia_domestica,violencia_social,,,14.0,0_14,SAO MATEUS,LITORANEO,FEMININO,PARDA
violencia_domestica,violencia_social,,,15.0,15_17,MARATAIZES,CIDADE NOVA,FEMININO,BRANCA
violencia_domestica,violencia_social,,,16.0,15_17,SAO ROQUE DO CANAA,OUTRO LOCAL,FEMININO,PARDA
violencia_domestica,violencia_social,,,17.0,15_17,SERRA,FEU ROSA,FEMININO,PARDA
violencia_domestica,violencia_social,,,18.0,18_24,MARATAIZES,CIDADE NOVA,FEMININO,BRANCA
violencia_domestica,violencia_social,,,18.0,18_24,SANTA LEOPOLDINA,CENTRO,FEMININO,PARDA
violencia_domestica,violencia_social,,,18.0,18_24,VILA VALERIO,ZONA RURAL,FEMININO,BRANCA
violencia_domestica,violencia_social,,,19.0,18_24,MARATAIZES,CIDADE NOVA,MASCULINO,BRANCA
violencia_domestica,violencia_social,,,19.0,18_24,VILA VELHA,ATAIDE,FEMININO,NEGRA
violencia_domestica,violencia_social,,,20.0,18_24,SAO JOSE DO CALCADO,CENTRO,FEMININO,PARDA
violencia_domestica,violencia_social,,,20.0,18_24,CACHOEIRO DE ITAPEMIRIM,DOUTOR GILSON CARONE,FEMININO,NEGRA
violencia_domestica,violencia_social,,,21.0,18_24,FUNDAO,ZONA RURAL,FEMININO,PARDA
violencia_domestica,violencia_social,,,21.0,18_24,BARRA DE SAO FRANCISCO,JABUTICABA,S/I,INDETERMINADA
violencia_domestica,violencia_social,,,21.0,18_24,SERRA,CARAPINA GRANDE,FEMININO,BRANCA
violencia_domestica,violencia_social,,,22.0,18_24,JOAO NEIVA,OUTRO LOCAL,FEMININO,BRANCA
violencia_domestica,violencia_social,,,22.0,18_24,COLATINA,COLATINA VELHA,FEMININO,BRANCA
violencia_domestica,violencia_social,,,22.0,18_24,GUARAPARI,ADALBERTO SIMAO NADER,FEMININO,PARDA
violencia_domestica,violencia_social,,,22.0,18_24,VENDA NOVA DO IMIGRANTE,OUTRO LOCAL,FEMININO,PARDA
violencia_domestica,violencia_social,,,22.0,18_24,BAIXO GUANDU,SAO PEDRO,FEMININO,PARDA
violencia_domestica,violencia_social,,,23.0,18_24,MARECHAL FLORIANO,CENTRO,FEMININO,BRANCA
violencia_domestica,violencia_social,,,23.0,18_24,VILA VELHA,DIVINO ESPIRITO SANTO,FEMININO,NEGRA
violencia_domestica,violencia_social,,,24.0,18_24,CARIACICA,CARIACICA SEDE,FEMININO,NEGRA
violencia_domestica,violencia_social,,,24.0,18_24,CARIACICA,PRESIDENTE MEDICE,FEMININO,NEGRA
violencia_domestica,violencia_social,,,24.0,18_24,GUARAPARI,PRAIA DO MORRO,MASCULINO,INDETERMINADA
violencia_domestica,violencia_social,,,24.0,18_24,VILA VELHA,ALVORADA,FEMININO,PARDA
violencia_domestica,violencia_social,,,25.0,25_34,CACHOEIRO DE ITAPEMIRIM,VILAGE DA LUZ,FEMININO,BRANCA
violencia_domestica,violencia_social,,,25.0,25_34,BOA ESPERANCA,NOVA CIDADE,FEMININO,INDETERMINADA
violencia_domestica,violencia_social,,,26.0,25_34,VILA VELHA,ATAIDE,FEMININO,PARDA
violencia_domestica,violencia_social,,,26.0,25_34,ARACRUZ,JACUPEMBA,FEMININO,NEGRA
violencia_domestica,violencia_social,,,26.0,25_34,MUNIZ FREIRE,CENTRO,MASCULINO,NEGRA
violencia_domestica,violencia_social,,,26.0,25_34,VIANA,ARLINDO ANGELO VILLASCHI,FEMININO,PARDA
violencia_domestica,violencia_social,,,26.0,25_34,SERRA,BARCELONA,FEMININO,PARDA
violencia_domestica,violencia_social,,,26.0,25_34,SERRA,NOSSA SENHORA DA CONCEICAO,FEMININO,PARDA
violencia_domestica,violencia_social,,,26.0,25_34,BAIXO GUANDU,OUTRO LOCAL,FEMININO,PARDA
violencia_domestica,violencia_social,,,28.0,25_34,IUNA,CENTRO,FEMININO,NEGRA
violencia_domestica,violencia_social,,,28.0,25_34,CARIACICA,SANTANA,FEMININO,NEGRA
violencia_domestica,violencia_social,,,29.0,25_34,CACHOEIRO DE ITAPEMIRIM,ZUMBI,FEMININO,PARDA
violencia_domestica,violencia_social,,,29.0,25_34,VILA VELHA,SOTECO,FEMININO,PARDA
violencia_domestica,violencia_social,,,29.0,25_34,VITORIA,MARIA ORTIZ,FEMININO,PARDA
violencia_domestica,violencia_social,,,29.0,25_34,CARIACICA,PORTO NOVO,FEMININO,AMARELA
violencia_domestica,violencia_social,,,30.0,25_34,COLATINA,SAO SILVANO,FEMININO,PARDA
violencia_domestica,violencia_social,,,30.0,25_34,COLATINA,VICENTE SOELA,FEMININO,PARDA
violencia_domestica,violencia_social,,,30.0,25_34,ANCHIETA,PRAIA DE GUANABARA,FEMININO,NEGRA
violencia_domestica,violencia_social,,,30.0,25_34,VITORIA,SAO PEDRO,FEMININO,PARDA
violencia_domestica,violencia_social,,,31.0,25_34,ECOPORANGA,CENTRO,FEMININO,PARDA
violencia_domestica,violencia_social,,,31.0,25_34,BARRA DE SAO FRANCISCO,ZONA RURAL,FEMININO,NEGRA
violencia_domestica,violencia_social,,,31.0,25_34,ALFREDO CHAVES,IBITIRUI,FEMININO,BRANCA
violencia_domestica,violencia_social,,,32.0,25_34,ANCHIETA,IRIRI,FEMININO,PARDA
violencia_domestica,violencia_social,,,32.0,25_34,LINHARES,INTERLAGOS,FEMININO,BRANCA
violencia_domestica,violencia_social,,,32.0,25_34,ANCHIETA,OUTRO LOCAL,FEMININO,PARDA
violencia_domestica,violencia_social,,,33.0,25_34,JAGUARE,ZONA RURAL,FEMININO,PARDA
violencia_domestica,violencia_social,,,33.0,25_34,SANTA MARIA DE JETIBA,CENTRO,FEMININO,PARDA
violencia_domestica,violencia_social,,,33.0,25_34,CARIACICA,EXPEDITO,FEMININO,NEGRA
violencia_domestica,violencia_social,,,33.0,25_34,SERRA,MANGUINHOS,FEMININO,INDIGENA
violencia_domestica,violencia_social,,,34.0,25_34,CACHOEIRO DE ITAPEMIRIM,DOUTOR GILSON CARONE,FEMININO,NEGRA
violencia_domestica,violencia_social,,,34.0,25_34,CACHOEIRO DE ITAPEMIRIM,DOUTOR GILSON CARONE,FEMININO,NEGRA
violencia_domestica,violencia_social,,,34.0,25_34,BREJETUBA,VARGEM GRANDE,FEMININO,BRANCA
violencia_domestica,violencia_social,,,35.0,35_44,BOM JESUS DO NORTE,LOTEAMENTO GRANDE VITORIA,FEMININO,NEGRA
violencia_domestica,violencia_social,,,35.0,35_44,COLATINA,VILA REAL,FEMININO,BRANCA
violencia_domestica,violencia_social,,,36.0,35_44,COLATINA,FRANCISCO SIMONASSI,FEMININO,NEGRA
violencia_domestica,violencia_social,,,36.0,35_44,PIUMA,UNIAO,FEMININO,PARDA
violencia_domestica,violencia_social,,,36.0,35_44,BAIXO GUANDU,ROSARIO II,FEMININO,BRANCA
violencia_domestica,violencia_social,,,36.0,35_44,SAO MATEUS,SANTO ANTONIO,FEMININO,PARDA
violencia_domestica,violencia_social,,,36.0,35_44,SERRA,SAO PATRICIO,FEMININO,PARDA
violencia_domestica,violencia_social,,,36.0,35_44,SERRA,CIDADE CONTINENTAL,FEMININO,PARDA
violencia_domestica,violencia_social,,,36.0,35_44,SERRA,ANDRE CARLONI,FEMININO,BRANCA
violencia_domestica,violencia_social,,,37.0,35_44,CARIACICA,SAO FRANCISCO,FEMININO,BRANCA
violencia_domestica,violencia_social,,,37.0,35_44,ANCHIETA,CENTRO,FEMININO,PARDA
violencia_domestica,violencia_social,,,37.0,35_44,DOMINGOS MARTINS,ARACE,FEMININO,PARDA
violencia_domestica,violencia_social,,,37.0,35_44,VILA VELHA,PRAIA DE ITAPARICA,FEMININO,BRANCA
violencia_domestica,violencia_social,,,37.0,35_44,SERRA,JARDIM TROPICAL,FEMININO,BRANCA
violencia_domestica,violencia_social,,,38.0,35_44,ARACRUZ,VILA NOVA,FEMININO,PARDA
violencia_domestica,violencia_social,,,38.0,35_44,GUACUI,SAO PEDRO DE RATES,FEMININO,INDETERMINADA
violencia_domestica,violencia_social,,,39.0,35_44,SAO ROQUE DO CANAA,OUTRO LOCAL,FEMININO,PARDA
violencia_domestica,violencia_social,,,39.0,35_44,MUNIZ FREIRE,CENTRO,FEMININO,PARDA
violencia_domestica,violencia_social,,,39.0,35_44,CASTELO,VILA BARBOSA,FEMININO,PARDA
violencia_domestica,violencia_social,,,39.0,35_44,ITAPEMIRIM,ZONA RURAL,FEMININO,BRANCA
violencia_domestica,violencia_social,,,39.0,35_44,SAO MATEUS,BOM SUCESSO,FEMININO,INDETERMINADA
violencia_domestica,violencia_social,,,40.0,35_44,COLATINA,CARLOS GERMANO NAUMANN,FEMININO,PARDA
violencia_domestica,violencia_social,,,40.0,35_44,SERRA,TAQUARA II,FEMININO,PARDA
violencia_domestica,violencia_social,,,42.0,35_44,SERRA,TAQUARA II,FEMININO,PARDA
violencia_domestica,violencia_social,,,42.0,35_44,DOMINGOS MARTINS,ARACE,FEMININO,PARDA
violencia_domestica,violencia_social,,,42.0,35_44,VILA VELHA,BARRAMARES,S/I,PARDA
violencia_domestica,violencia_social,,,43.0,35_44,CARIACICA,NOVA ROSA DA PENHA,FEMININO,PARDA
violencia_domestica,violencia_social,,,43.0,35_44,ARACRUZ,VILA RICA,FEMININO,BRANCA
violencia_domestica,violencia_social,,,43.0,35_44,CARIACICA,NOVA ROSA DA PENHA,FEMININO,PARDA
violencia_domestica,violencia_social,,,44.0,35_44,COLATINA,PADRE JOSE DE ANCHIETA,FEMININO,BRANCA
violencia_domestica,violencia_social,,,45.0,45_54,GUARAPARI,PRAIA DO MORRO,FEMININO,INDETERMINADA
violencia_domestica,violencia_social,,,45.0,45_54,NOVA VENECIA,OUTRO LOCAL,FEMININO,PARDA
violencia_domestica,violencia_social,,,46.0,45_54,VITORIA,FORTE SAO JOAO,FEMININO,BRANCA
violencia_domestica,violencia_social,,,46.0,45_54,CARIACICA,ALZIRA RAMOS,FEMININO,PARDA
violencia_domestica,violencia_social,,,46.0,45_54,CARIACICA,ALZIRA RAMOS,FEMININO,PARDA
violencia_domestica,violencia_social,,,47.0,45_54,CACHOEIRO DE ITAPEMIRIM,NOVO PARQUE,FEMININO,BRANCA
violencia_domestica,violencia_social,,,47.0,45_54,CARIACICA,NOVA ROSA DA PENHA,FEMININO,NEGRA
violencia_domestica,violencia_social,,,49.0,45_54,CACHOEIRO DE ITAPEMIRIM,PACOTUBA,FEMININO,PARDA
violencia_domestica,violencia_social,,,51.0,45_54,SAO GABRIEL DA PALHA,SANTA HELENA,FEMININO,BRANCA
violencia_domestica,violencia_social,,,53.0,45_54,MARATAIZES,CIDADE NOVA,FEMININO,BRANCA
violencia_domestica,violencia_social,,,55.0,55_64,ARACRUZ,LIMAO,FEMININO,PARDA
violencia_domestica,violencia_social,,,55.0,55_64,FUNDAO,OZEIAS,FEMININO,PARDA
violencia_domestica,violencia_social,,,57.0,55_64,COLATINA,VILA LENIRA,S/I,BRANCA
violencia_domestica,violencia_social,,,57.0,55_64,COLATINA,SANTA TEREZINHA,S/I,BRANCA
violencia_domestica,violencia_social,,,59.0,55_64,SANTA MARIA DE JETIBA,CENTRO,FEMININO,BRANCA
violencia_domestica,violencia_social,,,59.0,55_64,COLATINA,AYRTON SENNA,FEMININO,BRANCA
violencia_domestica,violencia_social,,,59.0,55_64,GUACUI,VALE DO SOL,FEMININO,BRANCA
violencia_domestica,violencia_social,,,59.0,55_64,SERRA,BAIRRO DAS LARANJEIRAS,FEMININO,BRANCA
violencia_domestica,violencia_social,,,60.0,55_64,ALEGRE,MORRO DO QUEROSENE,FEMININO,BRANCA
violencia_domestica,violencia_social,,,61.0,55_64,MARATAIZES,CENTRO,FEMININO,BRANCA
violencia_domestica,violencia_social,,,62.0,55_64,VARGEM ALTA,OUTRO LOCAL,FEMININO,PARDA
violencia_domestica,violencia_social,,,65.0,65_PLUS,IBATIBA,NOVO HORIZONTE,FEMININO,BRANCA
violencia_domestica,violencia_social,,,65.0,65_PLUS,ECOPORANGA,IMBURANA,FEMININO,PARDA
violencia_domestica,violencia_social,,,67.0,65_PLUS,SERRA,SAO PATRICIO,MASCULINO,BRANCA
violencia_domestica,violencia_social,,,70.0,65_PLUS,VENDA NOVA DO IMIGRANTE,VILA DA MATA,FEMININO,BRANCA
violencia_domestica,violencia_social,,,70.0,65_PLUS,NOVA VENECIA,ZONA RURAL,FEMININO,BRANCA
violencia_domestica,violencia_social,,,71.0,65_PLUS,COLATINA,VILA REAL,FEMININO,BRANCA
violencia_domestica,violencia_social,,,73.0,65_PLUS,MARATAIZES,CENTRO,FEMININO,BRANCA
violencia_domestica,violencia_social,,,75.0,65_PLUS,COLATINA,VILA REAL,MASCULINO,BRANCA
violencia_domestica,violencia_social,,,,,COLATINA,MARIA DAS GRACAS II,FEMININO,S/I
violencia_domestica,violencia_social,,,10.0,0_14,FUNDAO,SAO JOSE,MASCULINO,BRANCA
violencia_domestica,violencia_social,,,16.0,15_17,CASTELO,VILA BARBOSA,FEMININO,PARDA
violencia_domestica,violencia_social,,,17.0,15_17,ITAPEMIRIM,ITAOCA,FEMININO,BRANCA
violencia_domestica,violencia_social,,,18.0,18_24,GUACUI,NOVA GUACUI,FEMININO,NEGRA
violencia_domestica,violencia_social,,,21.0,18_24,CACHOEIRO DE ITAPEMIRIM,CENTRO,FEMININO,PARDA
violencia_domestica,violencia_social,,,21.0,18_24,SAO MATEUS,RIBEIRAO,FEMININO,BRANCA
violencia_domestica,violencia_social,,,21.0,18_24,CARIACICA,JARDIM BOTANICO,FEMININO,PARDA
violencia_domestica,violencia_social,,,21.0,18_24,VITORIA,RESISTENCIA,FEMININO,NEGRA
violencia_domestica,violencia_social,,,22.0,18_24,VITORIA,JARDIM CAMBURI,FEMININO,PARDA
violencia_domestica,violencia_social,,,23.0,18_24,SERRA,BARCELONA,FEMININO,PARDA
violencia_domestica,violencia_social,,,23.0,18_24,MARATAIZES,JACARANDA,FEMININO,PARDA
violencia_domestica,violencia_social,,,23.0,18_24,ANCHIETA,MAIMBA,FEMININO,BRANCA
violencia_domestica,violencia_social,,,24.0,18_24,SERRA,NOVO HORIZONTE,FEMININO,BRANCA
violencia_domestica,violencia_social,,,24.0,18_24,SERRA,NOVO HORIZONTE,FEMININO,BRANCA
violencia_domestica,violencia_social,,,24.0,18_24,SERRA,PARQUE DAS GAIVOTAS,FEMININO,PARDA
violencia_domestica,violencia_social,,,26.0,25_34,PRESIDENTE KENNEDY,JAQUEIRA,FEMININO,PARDA
violencia_domestica,violencia_social,,,27.0,25_34,SAO MATEUS,NOVO HORIZONTE,FEMININO,NEGRA
violencia_domestica,violencia_social,,,27.0,25_34,CACHOEIRO DE ITAPEMIRIM,ALTO UNIAO,FEMININO,INDETERMINADA
violencia_domestica,violencia_social,,,27.0,25_34,BOM JESUS DO NORTE,LOTEAMENTO SILVANA,FEMININO,PARDA
violencia_domestica,violencia_social,,,27.0,25_34,SERRA,FEU ROSA,FEMININO,PARDA
violencia_domestica,violencia_social,,,27.0,25_34,MARATAIZES,OUTRO LOCAL,FEMININO,NEGRA
violencia_domestica,violencia_social,,,28.0,25_34,SERRA,JOSE DE ANCHIETA,FEMININO,PARDA
violencia_domestica,violencia_social,,,28.0,25_34,VILA VELHA,MORADA DA BARRA,FEMININO,PARDA
violencia_domestica,violencia_social,,,29.0,25_34,VITORIA,JARDIM CAMBURI,FEMININO,BRANCA
violencia_domestica,violencia_social,,,29.0,25_34,GUACUI,SANTA CECILIA,FEMININO,NEGRA
violencia_domestica,violencia_social,,,31.0,25_34,LINHARES,INTERLAGOS,FEMININO,PARDA
violencia_domestica,violencia_social,,,32.0,25_34,SERRA,SAO DIOGO II,FEMININO,PARDA
violencia_domestica,violencia_social,,,32.0,25_34,ARACRUZ,BARRA DO RIACHO,FEMININO,BRANCA
violencia_domestica,violencia_social,,,34.0,25_34,VITORIA,REPUBLICA,FEMININO,PARDA
violencia_domestica,violencia_social,,,34.0,25_34,IUNA,CENTRO,FEMININO,NEGRA
violencia_domestica,violencia_social,,,34.0,25_34,VITORIA,MARIA ORTIZ,FEMININO,PARDA
violencia_domestica,violencia_social,,,35.0,35_44,MANTENOPOLIS,OUTRO LOCAL,FEMININO,PARDA
violencia_domestica,violencia_social,,,36.0,35_44,VILA VELHA,PRAIA DE ITAPARICA,FEMININO,BRANCA
violencia_domestica,violencia_social,,,36.0,35_44,LINHARES,PONTAL DO IPIRANGA,FEMININO,NEGRA
violencia_domestica,violencia_social,,,36.0,35_44,SERRA,FEU ROSA,FEMININO,PARDA
violencia_domestica,violencia_social,,,36.0,35_44,BAIXO GUANDU,ZONA RURAL,FEMININO,INDETERMINADA
violencia_domestica,violencia_social,,,36.0,35_44,VITORIA,HORTO,FEMININO,BRANCA
violencia_domestica,violencia_social,,,36.0,35_44,DORES DO RIO PRETO,OUTRO LOCAL,FEMININO,BRANCA
violencia_domestica,violencia_social,,,37.0,35_44,VITORIA,RESISTENCIA,FEMININO,NEGRA
violencia_domestica,violencia_social,,,38.0,35_44,GUARAPARI,PORTAL CLUB,FEMININO,BRANCA
violencia_domestica,violencia_social,,,38.0,35_44,CARIACICA,VISTA LINDA,FEMININO,BRANCA
violencia_domestica,violencia_social,,,40.0,35_44,FUNDAO,SAO JOSE,FEMININO,PARDA
violencia_domestica,violencia_social,,,41.0,35_44,ITAPEMIRIM,ROSA MEIRELES,FEMININO,BRANCA
violencia_domestica,violencia_social,,,41.0,35_44,COLATINA,MARIA DAS GRACAS II,FEMININO,BRANCA
violencia_domestica,violencia_social,,,44.0,35_44,CARIACICA,ORIENTE,FEMININO,PARDA
violencia_domestica,violencia_social,,,45.0,45_54,SAO MATEUS,ZONA RURAL,FEMININO,PARDA
violencia_domestica,violencia_social,,,48.0,45_54,PIUMA,CENTRO,FEMININO,NEGRA
violencia_domestica,violencia_social,,,50.0,45_54,GUARAPARI,CENTRO,FEMININO,PARDA
violencia_domestica,violencia_social,,,50.0,45_54,GUARAPARI,OLARIA,FEMININO,PARDA
violencia_domestica,violencia_social,,,53.0,45_54,LINHARES,PONTAL DO IPIRANGA,FEMININO,PARDA
violencia_domestica,violencia_social,,,55.0,55_64,SERRA,ANDRE CARLONI,FEMININO,PARDA
violencia_domestica,violencia_social,,,57.0,55_64,COLATINA,SANTA TEREZINHA,FEMININO,BRANCA
violencia_domestica,violencia_social,,,63.0,55_64,SERRA,PARQUE RESIDENCIAL TUBARAO,FEMININO,PARDA
violencia_domestica,violencia_social,,,,,VILA VELHA,SAO CONRADO,S/I,BRANCA
violencia_domestica,violencia_social,,,,,ITAPEMIRIM,CAMPO ACIMA,MASCULINO,PARDA
violencia_domestica,violencia_social,,,14.0,0_14,VITORIA,MARIO CYPRESTE,FEMININO,PARDA
violencia_domestica,violencia_social,,,19.0,18_24,SERRA,BAIRRO DAS LARANJEIRAS,FEMININO,NEGRA
violencia_domestica,violencia_social,,,19.0,18_24,COLATINA,ZONA RURAL,FEMININO,BRANCA
violencia_domestica,violencia_social,,,21.0,18_24,CARIACICA,JARDIM BOTANICO,FEMININO,PARDA
violencia_domestica,violencia_social,,,21.0,18_24,VILA VELHA,MORADA DA BARRA,FEMININO,BRANCA
violencia_domestica,violencia_social,,,21.0,18_24,PIUMA,CEU AZUL,FEMININO,PARDA
violencia_domestica,violencia_social,,,21.0,18_24,VILA VELHA,JARDIM MARILANDIA,FEMININO,PARDA
violencia_domestica,violencia_social,,,22.0,18_24,MARATAIZES,CIDADE NOVA,FEMININO,BRANCA
violencia_domestica,violencia_social,,,23.0,18_24,GUARAPARI,SANTA MONICA,FEMININO,PARDA
violencia_domestica,violencia_social,,,23.0,18_24,LINHARES,AVISO,FEMININO,NEGRA
violencia_domestica,violencia_social,,,24.0,18_24,AFONSO CLAUDIO,SAO VICENTE,FEMININO,BRANCA
violencia_domestica,violencia_social,,,25.0,25_34,VILA VELHA,SAGRADA FAMILIA,FEMININO,BRANCA
violencia_domestica,violencia_social,,,27.0,25_34,RIO NOVO DO SUL,CENTRO,FEMININO,PARDA
violencia_domestica,violencia_social,,,28.0,25_34,NOVA VENECIA,BEIRA RIO,FEMININO,PARDA
violencia_domestica,violencia_social,,,29.0,25_34,IUNA,QUILOMBO,FEMININO,BRANCA
violencia_domestica,violencia_social,,,29.0,25_34,IUNA,QUILOMBO,FEMININO,BRANCA
violencia_domestica,violencia_social,,,30.0,25_34,VILA VELHA,SOTECO,FEMININO,PARDA
violencia_domestica,violencia_social,,,31.0,25_34,ALEGRE,CENTRO,FEMININO,NEGRA
violencia_domestica,violencia_social,,,32.0,25_34,SANTA LEOPOLDINA,BARRA DO MANGARAI,FEMININO,PARDA
violencia_domestica,violencia_social,,,32.0,25_34,VITORIA,JARDIM CAMBURI,FEMININO,PARDA
violencia_domestica,violencia_social,,,35.0,35_44,SAO MATEUS,GURIRI,FEMININO,PARDA
violencia_domestica,violencia_social,,,36.0,35_44,SERRA,JARDIM LIMOEIRO,FEMININO,NEGRA
violencia_domestica,violencia_social,,,36.0,35_44,PANCAS,ZONA RURAL,FEMININO,PARDA
violencia_domestica,violencia_social,,,36.0,35_44,SERRA,SERRA DOURADA II,FEMININO,PARDA
violencia_domestica,violencia_social,,,37.0,35_44,VITORIA,MARIO CYPRESTE,FEMININO,NEGRA
violencia_domestica,violencia_social,,,37.0,35_44,SERRA,CASTELANDIA,FEMININO,PARDA
violencia_domestica,violencia_social,,,38.0,35_44,ITAPEMIRIM,CAMPO ACIMA,FEMININO,PARDA
violencia_domestica,violencia_social,,,40.0,35_44,SERRA,BAIRRO NOVO,FEMININO,PARDA
violencia_domestica,violencia_social,,,41.0,35_44,SAO MATEUS,AROEIRA,FEMININO,PARDA
violencia_domestica,violencia_social,,,44.0,35_44,GUARAPARI,IGUAPE,FEMININO,BRANCA
violencia_domestica,violencia_social,,,49.0,45_54,VILA VELHA,ARIBIRI,FEMININO,NEGRA
violencia_domestica,violencia_social,,,50.0,45_54,SAO GABRIEL DA PALHA,CACHOEIRA DA ONCA,FEMININO,INDETERMINADA
violencia_domestica,violencia_social,,,50.0,45_54,CARIACICA,JARDIM AMERICA,FEMININO,INDETERMINADA
violencia_domestica,violencia_social,,,51.0,45_54,CACHOEIRO DE ITAPEMIRIM,ZUMBI,FEMININO,PARDA
violencia_domestica,violencia_social,,,52.0,45_54,BAIXO GUANDU,SAPUCAIA,FEMININO,BRANCA
violencia_domestica,violencia_social,,,52.0,45_54,SAO MATEUS,COHAB,FEMININO,PARDA
violencia_domestica,violencia_social,,,55.0,55_64,ITAPEMIRIM,ITAOCA,FEMININO,PARDA
violencia_domestica,violencia_social,,,55.0,55_64,SERRA,NOVA CARAPINA II,MASCULINO,PARDA
violencia_domestica,violencia_social,,,57.0,55_64,AFONSO CLAUDIO,VILA NOVA,FEMININO,PARDA
violencia_domestica,violencia_social,,,58.0,55_64,SAO MATEUS,CAMPO GRANDE,FEMININO,BRANCA
violencia_domestica,violencia_social,,,59.0,55_64,ALEGRE,CENTRO,FEMININO,BRANCA
violencia_domestica,violencia_social,,,61.0,55_64,FUNDAO,RIO PRETO,S/I,PARDA
violencia_domestica,violencia_social,,,71.0,65_PLUS,BAIXO GUANDU,SAPUCAIA,FEMININO,PARDA
violencia_domestica,violencia_social,,,12.0,0_14,MANTENOPOLIS,CENTRO,FEMININO,PARDA
violencia_domestica,violencia_social,,,13.0,0_14,SAO MATEUS,GURIRI,FEMININO,PARDA
violencia_domestica,violencia_social,,,18.0,18_24,CACHOEIRO DE ITAPEMIRIM,NOVO PARQUE,FEMININO,PARDA
violencia_domestica,violencia_social,,,19.0,18_24,GUARAPARI,CENTRO,FEMININO,PARDA
violencia_domestica,violencia_social,,,20.0,18_24,CARIACICA,BELA AURORA,FEMININO,BRANCA
violencia_domestica,violencia_social,,,20.0,18_24,MARILANDIA,INDUSTRIAL,FEMININO,PARDA
violencia_domestica,violencia_social,,,20.0,18_24,SERRA,LAGOA DE CARAPEBUS,FEMININO,BRANCA
violencia_domestica,violencia_social,,,21.0,18_24,VITORIA,ILHA DO PRINCIPE,FEMININO,PARDA
violencia_domestica,violencia_social,,,22.0,18_24,GUARAPARI,PRAIA DO MORRO,FEMININO,PARDA
violencia_domestica,violencia_social,,,23.0,18_24,CARIACICA,PORTO NOVO,FEMININO,PARDA
violencia_domestica,violencia_social,,,23.0,18_24,PIUMA,OUTRO LOCAL,FEMININO,NEGRA
violencia_domestica,violencia_social,,,24.0,18_24,DOMINGOS MARTINS,VILA VERDE,FEMININO,PARDA
violencia_domestica,violencia_social,,,24.0,18_24,CARIACICA,CAMPINA GRANDE,FEMININO,BRANCA
violencia_domestica,violencia_social,,,24.0,18_24,CARIACICA,CAMPINA GRANDE,FEMININO,BRANCA
violencia_domestica,violencia_social,,,24.0,18_24,CACHOEIRO DE ITAPEMIRIM,RUBEM BRAGA,FEMININO,PARDA
violencia_domestica,violencia_social,,,25.0,25_34,BAIXO GUANDU,SAO JOSE,FEMININO,PARDA
violencia_domestica,violencia_social,,,25.0,25_34,CACHOEIRO DE ITAPEMIRIM,DOUTOR GILSON CARONE,MASCULINO,BRANCA
violencia_domestica,violencia_social,,,25.0,25_34,ARACRUZ,VILA DO RIACHO,S/I,BRANCA
violencia_domestica,violencia_social,,,25.0,25_34,BOA ESPERANCA,CENTRO,S/I,INDETERMINADA
violencia_domestica,violencia_social,,,26.0,25_34,VITORIA,MARIA ORTIZ,FEMININO,BRANCA
violencia_domestica,violencia_social,,,26.0,25_34,CARIACICA,CAMPO VERDE,FEMININO,BRANCA
violencia_domestica,violencia_social,,,26.0,25_34,AFONSO CLAUDIO,ZONA RURAL,MASCULINO,BRANCA
violencia_domestica,violencia_social,,,26.0,25_34,SERRA,SAO MARCOS II,FEMININO,BRANCA
violencia_domestica,violencia_social,,,26.0,25_34,MONTANHA,ANGELA DEPOLLO,FEMININO,NEGRA
violencia_domestica,violencia_social,,,26.0,25_34,SERRA,FEU ROSA,FEMININO,PARDA
violencia_domestica,violencia_social,,,26.0,25_34,ATILIO VIVACQUA,ALTO NITEROI,FEMININO,PARDA
violencia_domestica,violencia_social,,,27.0,25_34,AFONSO CLAUDIO,JOAO VALIM,FEMININO,NEGRA
violencia_domestica,violencia_social,,,27.0,25_34,CONCEICAO DO CASTELO,SANTA LUZIA,FEMININO,PARDA
violencia_domestica,violencia_social,,,28.0,25_34,SAO JOSE DO CALCADO,CENTRO,FEMININO,NEGRA
violencia_domestica,violencia_social,,,28.0,25_34,GUARAPARI,TARTARUGA,FEMININO,PARDA
violencia_domestica,violencia_social,,,29.0,25_34,LINHARES,INTERLAGOS,FEMININO,PARDA
violencia_domestica,violencia_social,,,30.0,25_34,COLATINA,BELA VISTA,FEMININO,PARDA
violencia_domestica,violencia_social,,,30.0,25_34,SERRA,VALPARAISO,FEMININO,PARDA
violencia_domestica,violencia_social,,,32.0,25_34,PINHEIROS,GALILEIA,FEMININO,INDETERMINADA
violencia_domestica,violencia_social,,,33.0,25_34,ITAGUACU,CENTRO,FEMININO,BRANCA
violencia_domestica,violencia_social,,,33.0,25_34,SAO JOSE DO CALCADO,CENTRO,MASCULINO,PARDA
violencia_domestica,violencia_social,,,33.0,25_34,LINHARES,ARACA,FEMININO,BRANCA
violencia_domestica,violencia_social,,,33.0,25_34,VILA VELHA,ULISSES GUIMARAES,FEMININO,PARDA
violencia_domestica,violencia_social,,,33.0,25_34,SERRA,PARQUE RESIDENCIAL LARANJEIRAS,FEMININO,PARDA
violencia_domestica,violencia_social,,,33.0,25_34,COLATINA,MARIA DAS GRACAS,FEMININO,BRANCA
violencia_domestica,violencia_social,,,33.0,25_34,CARIACICA,CASTELO BRANCO,FEMININO,BRANCA
violencia_domestica,violencia_social,,,34.0,25_34,CARIACICA,PARQUE GRAMADO,FEMININO,BRANCA
violencia_domestica,violencia_social,,,34.0,25_34,CARIACICA,PARQUE GRAMADO,FEMININO,BRANCA
violencia_domestica,violencia_social,,,35.0,35_44,GUARAPARI,PRAIA DO MORRO,FEMININO,PARDA
violencia_domestica,violencia_social,,,35.0,35_44,COLATINA,MARISTA,FEMININO,BRANCA
violencia_domestica,violencia_social,,,35.0,35_44,VITORIA,GOIABEIRAS,FEMININO,PARDA
violencia_domestica,violencia_social,,,35.0,35_44,SERRA,JARDIM LIMOEIRO,FEMININO,PARDA
violencia_domestica,violencia_social,,,36.0,35_44,GUARAPARI,SAO GABRIEL,FEMININO,PARDA
violencia_domestica,violencia_social,,,36.0,35_44,CACHOEIRO DE ITAPEMIRIM,GUANDU,FEMININO,BRANCA
violencia_domestica,violencia_social,,,36.0,35_44,CACHOEIRO DE ITAPEMIRIM,AMARAL,FEMININO,NEGRA
violencia_domestica,violencia_social,,,37.0,35_44,ALEGRE,RIVE,FEMININO,BRANCA
violencia_domestica,violencia_social,,,38.0,35_44,GUARAPARI,CAMURUGI,FEMININO,BRANCA
violencia_domestica,violencia_social,,,38.0,35_44,SERRA,PLANALTO SERRANO,FEMININO,PARDA
violencia_domestica,violencia_social,,,39.0,35_44,LINHARES,BOA VISTA,FEMININO,PARDA
violencia_domestica,violencia_social,,,39.0,35_44,LINHARES,INTERLAGOS,FEMININO,BRANCA
violencia_domestica,violencia_social,,,39.0,35_44,SAO GABRIEL DA PALHA,CORREGO BLEY,FEMININO,BRANCA
violencia_domestica,violencia_social,,,39.0,35_44,LINHARES,ARACA,FEMININO,INDETERMINADA
violencia_domestica,violencia_social,,,40.0,35_44,CARIACICA,CARIACICA SEDE,FEMININO,PARDA
violencia_domestica,violencia_social,,,40.0,35_44,SAO MATEUS,GURIRI,FEMININO,BRANCA
violencia_domestica,violencia_social,,,41.0,35_44,ECOPORANGA,ZONA RURAL,FEMININO,NEGRA
violencia_domestica,violencia_social,,,41.0,35_44,NOVA VENECIA,ZONA RURAL,S/I,NEGRA
violencia_domestica,violencia_social,,,41.0,35_44,SERRA,MORADA DE LARANJEIRAS,FEMININO,PARDA
violencia_domestica,violencia_social,,,41.0,35_44,LARANJA DA TERRA,SAO LUIS DE MIRANDA,FEMININO,INDETERMINADA
violencia_domestica,violencia_social,,,42.0,35_44,AFONSO CLAUDIO,ZONA RURAL,FEMININO,BRANCA
violencia_domestica,violencia_social,,,43.0,35_44,CACHOEIRO DE ITAPEMIRIM,DOUTOR GILSON CARONE,FEMININO,BRANCA
violencia_domestica,violencia_social,,,43.0,35_44,VILA VELHA,NOSSA SENHORA DA PENHA,FEMININO,NEGRA
violencia_domestica,violencia_social,,,44.0,35_44,CACHOEIRO DE ITAPEMIRIM,BAIMINAS,FEMININO,NEGRA
violencia_domestica,violencia_social,,,44.0,35_44,VILA VALERIO,CENTRO,FEMININO,BRANCA
violencia_domestica,violencia_social,,,44.0,35_44,ECOPORANGA,VILA NOVA,FEMININO,PARDA
violencia_domestica,violencia_social,,,44.0,35_44,ARACRUZ,OUTRO LOCAL,FEMININO,INDETERMINADA
violencia_domestica,violencia_social,,,44.0,35_44,VIANA,MARCILIO DE NORONHA,FEMININO,BRANCA
violencia_domestica,violencia_social,,,45.0,45_54,VILA VALERIO,NOSSA SENHORA DA PENHA,FEMININO,PARDA
violencia_domestica,violencia_social,,,46.0,45_54,VIANA,NOVA BETHANIA,FEMININO,BRANCA
violencia_domestica,violencia_social,,,46.0,45_54,SERRA,BALNEARIO DE CARAPEBUS,FEMININO,PARDA
violencia_domestica,violencia_social,,,47.0,45_54,SAO DOMINGOS DO NORTE,CAIXA DAGUA,FEMININO,BRANCA
violencia_domestica,violencia_social,,,48.0,45_54,CACHOEIRO DE ITAPEMIRIM,BOA VISTA,FEMININO,BRANCA
violencia_domestica,violencia_social,,,48.0,45_54,GUARAPARI,SAO GABRIEL,FEMININO,NEGRA
violencia_domestica,violencia_social,,,50.0,45_54,SANTA MARIA DE JETIBA,ZONA RURAL,FEMININO,BRANCA
violencia_domestica,violencia_social,,,50.0,45_54,MARILANDIA,INDUSTRIAL,FEMININO,INDETERMINADA
violencia_domestica,violencia_social,,,52.0,45_54,SAO MATEUS,FATIMA,FEMININO,BRANCA
violencia_domestica,violencia_social,,,52.0,45_54,LINHARES,BEBEDOURO,FEMININO,PARDA
violencia_domestica,violencia_social,,,53.0,45_54,ARACRUZ,SANTA LUZIA,S/I,NEGRA
violencia_domestica,violencia_social,,,53.0,45_54,PRESIDENTE KENNEDY,CENTRO,FEMININO,PARDA
violencia_domestica,violencia_social,,,53.0,45_54,LINHARES,AVISO,FEMININO,PARDA
violencia_domestica,violencia_social,,,54.0,45_54,COLATINA,BELA VISTA,FEMININO,BRANCA
violencia_domestica,violencia_social,,,54.0,45_54,VILA VELHA,JARDIM ASTECA,FEMININO,BRANCA
violencia_domestica,violencia_social,,,57.0,55_64,GUARAPARI,BUENOS AIRES,FEMININO,BRANCA
violencia_domestica,violencia_social,,,60.0,55_64,CACHOEIRO DE ITAPEMIRIM,NOVO PARQUE,FEMININO,NEGRA
violencia_domestica,violencia_social,,,61.0,55_64,IBATIBA,CENTRO,FEMININO,NEGRA
violencia_domestica,violencia_social,,,61.0,55_64,VILA VELHA,SANTA INES,FEMININO,PARDA
violencia_domestica,violencia_social,,,62.0,55_64,DOMINGOS MARTINS,ARACE,FEMININO,BRANCA
violencia_domestica,violencia_social,,,62.0,55_64,PRESIDENTE KENNEDY,CENTRO,FEMININO,PARDA
violencia_domestica,violencia_social,,,66.0,65_PLUS,ARACRUZ,SAO FRANCISCO,FEMININO,NEGRA
violencia_domestica,violencia_social,,,66.0,65_PLUS,PINHEIROS,VILA VERDE,FEMININO,INDETERMINADA
violencia_domestica,violencia_social,,,68.0,65_PLUS,CACHOEIRO DE ITAPEMIRIM,NOVO PARQUE,MASCULINO,BRANCA
violencia_domestica,violencia_social,,,68.0,65_PLUS,VIANA,BOM PASTOR,FEMININO,PARDA
violencia_domestica,violencia_social,,,,,SERRA,CARAPINA GRANDE,S/I,BRANCA
violencia_domestica,violencia_social,,,9.0,0_14,ARACRUZ,SANTA CRUZ,S/I,INDETERMINADA
violencia_domestica,violencia_social,,,14.0,0_14,MUNIZ FREIRE,CENTRO,FEMININO,BRANCA
violencia_domestica,violencia_social,,,14.0,0_14,ARACRUZ,SANTA CRUZ,S/I,INDETERMINADA
violencia_domestica,violencia_social,,,15.0,15_17,LINHARES,SHELL,FEMININO,NEGRA
violencia_domestica,violencia_social,,,16.0,15_17,CACHOEIRO DE ITAPEMIRIM,DOUTOR GILSON CARONE,FEMININO,PARDA
violencia_domestica,violencia_social,,,18.0,18_24,LINHARES,INTERLAGOS,FEMININO,PARDA
violencia_domestica,violencia_social,,,18.0,18_24,CACHOEIRO DE ITAPEMIRIM,ZUMBI,FEMININO,BRANCA
violencia_domestica,violencia_social,,,18.0,18_24,PEDRO CANARIO,EXPLANADA,FEMININO,NEGRA
violencia_domestica,violencia_social,,,18.0,18_24,ARACRUZ,SANTA CRUZ,S/I,INDETERMINADA
violencia_domestica,violencia_social,,,19.0,18_24,PEDRO CANARIO,CRISTAL DO NORTE,FEMININO,NEGRA
violencia_domestica,violencia_social,,,19.0,18_24,SAO MATEUS,GURIRI,FEMININO,PARDA
violencia_domestica,violencia_social,,,19.0,18_24,SAO MATEUS,SANTO ANTONIO,FEMININO,INDETERMINADA
violencia_domestica,violencia_social,,,20.0,18_24,NOVA VENECIA,BEIRA RIO,FEMININO,PARDA
violencia_domestica,violencia_social,,,20.0,18_24,PIUMA,MONTE AGHA,FEMININO,PARDA
violencia_domestica,violencia_social,,,20.0,18_24,SERRA,PRAIAMAR,FEMININO,PARDA
violencia_domestica,violencia_social,,,20.0,18_24,SOORETAMA,SALVADOR,MASCULINO,NEGRA
violencia_domestica,violencia_social,,,21.0,18_24,SERRA,NOVO HORIZONTE,FEMININO,BRANCA
violencia_domestica,violencia_social,,,21.0,18_24,NOVA VENECIA,FILOMENA,FEMININO,BRANCA
violencia_domestica,violencia_social,,,22.0,18_24,CACHOEIRO DE ITAPEMIRIM,DOUTOR GILSON CARONE,FEMININO,PARDA
violencia_domestica,violencia_social,,,22.0,18_24,COLATINA,SAO MIGUEL,FEMININO,NEGRA
violencia_domestica,violencia_social,,,23.0,18_24,SANTA MARIA DE JETIBA,RIO POSS MOUSER,FEMININO,BRANCA
violencia_domestica,violencia_social,,,24.0,18_24,LINHARES,INTERLAGOS,FEMININO,NEGRA
violencia_domestica,violencia_social,,,24.0,18_24,LINHARES,INTERLAGOS,FEMININO,NEGRA
violencia_domestica,violencia_social,,,24.0,18_24,SAO MATEUS,RESIDENCIAL PARQUE WASHIGTON,FEMININO,PARDA
violencia_domestica,violencia_social,,,25.0,25_34,GUARAPARI,AEROPORTO,FEMININO,PARDA
violencia_domestica,violencia_social,,,25.0,25_34,ECOPORANGA,VILA NOVA,FEMININO,PARDA
violencia_domestica,violencia_social,,,25.0,25_34,PANCAS,ZONA RURAL,FEMININO,PARDA
violencia_domestica,violencia_social,,,25.0,25_34,ARACRUZ,JACUPEMBA,FEMININO,PARDA
violencia_domestica,violencia_social,,,25.0,25_34,ARACRUZ,JACUPEMBA,FEMININO,PARDA
violencia_domestica,violencia_social,,,26.0,25_34,IUNA,SANTISSIMA TRINDADE,FEMININO,BRANCA
violencia_domestica,violencia_social,,,27.0,25_34,ARACRUZ,BELA VISTA,FEMININO,PARDA
violencia_domestica,violencia_social,,,28.0,25_34,VILA VELHA,GLORIA,FEMININO,PARDA
violencia_domestica,violencia_social,,,28.0,25_34,VIANA,NOVA BETHANIA,FEMININO,NEGRA
violencia_domestica,violencia_social,,,29.0,25_34,RIO BANANAL,SAO SEBASTIAO,FEMININO,PARDA
violencia_domestica,violencia_social,,,29.0,25_34,VENDA NOVA DO IMIGRANTE,VILA DA MATA,FEMININO,INDETERMINADA
violencia_domestica,violencia_social,,,30.0,25_34,IBATIBA,CENTRO,FEMININO,PARDA
violencia_domestica,violencia_social,,,30.0,25_34,SERRA,FEU ROSA,FEMININO,BRANCA
violencia_domestica,violencia_social,,,30.0,25_34,SERRA,FEU ROSA,FEMININO,BRANCA
violencia_domestica,violencia_social,,,31.0,25_34,VITORIA,MARIO CYPRESTE,FEMININO,BRANCA
violencia_domestica,violencia_social,,,31.0,25_34,VITORIA,SANTO ANTONIO,FEMININO,NEGRA
violencia_domestica,violencia_social,,,31.0,25_34,SERRA,BAIRRO DAS LARANJEIRAS,FEMININO,PARDA
violencia_domestica,violencia_social,,,31.0,25_34,LINHARES,FARIAS,FEMININO,PARDA
violencia_domestica,violencia_social,,,32.0,25_34,IBATIBA,ZONA RURAL,FEMININO,BRANCA
violencia_domestica,violencia_social,,,32.0,25_34,VITORIA,BELA VISTA,FEMININO,PARDA
violencia_domestica,violencia_social,,,32.0,25_34,CARIACICA,NOVO BRASIL,FEMININO,BRANCA
violencia_domestica,violencia_social,,,33.0,25_34,SERRA,VILA NOVA DE COLARES,FEMININO,INDETERMINADA
violencia_domestica,violencia_social,,,33.0,25_34,SERRA,BAIRRO DAS LARANJEIRAS,MASCULINO,PARDA
violencia_domestica,violencia_social,,,34.0,25_34,CARIACICA,SAO FRANCISCO,FEMININO,PARDA
violencia_domestica,violencia_social,,,34.0,25_34,SERRA,SOLAR DE ANCHIETA,FEMININO,PARDA
violencia_domestica,violencia_social,,,34.0,25_34,ARACRUZ,SANTA CRUZ,FEMININO,PARDA
violencia_domestica,violencia_social,,,34.0,25_34,CARIACICA,ANTONIO FERREIRA BORGES,FEMININO,PARDA
violencia_domestica,violencia_social,,,35.0,35_44,VITORIA,MARIA ORTIZ,FEMININO,BRANCA
violencia_domestica,violencia_social,,,35.0,35_44,VILA VELHA,RIO MARINHO,FEMININO,BRANCA
violencia_domestica,violencia_social,,,35.0,35_44,VENDA NOVA DO IMIGRANTE,ALTO VICOSINHA,FEMININO,BRANCA
violencia_domestica,violencia_social,,,35.0,35_44,VILA VELHA,VALE ENCANTADO,FEMININO,PARDA
violencia_domestica,violencia_social,,,37.0,35_44,PINHEIROS,VILA NOVA,FEMININO,BRANCA
violencia_domestica,violencia_social,,,37.0,35_44,MIMOSO DO SUL,SAO JOSE DAS TORRES,FEMININO,NEGRA
violencia_domestica,violencia_social,,,37.0,35_44,VILA VELHA,SAO CONRADO,FEMININO,PARDA
violencia_domestica,violencia_social,,,38.0,35_44,ALEGRE,VILA DO SUL,FEMININO,PARDA
violencia_domestica,violencia_social,,,38.0,35_44,COLATINA,COLUMBIA,FEMININO,PARDA
violencia_domestica,violencia_social,,,38.0,35_44,CARIACICA,MORADA DE SANTA FE,FEMININO,NEGRA
violencia_domestica,violencia_social,,,39.0,35_44,DORES DO RIO PRETO,PATRIMONIO MUNDO NOVO,FEMININO,BRANCA
violencia_domestica,violencia_social,,,39.0,35_44,PRESIDENTE KENNEDY,OUTRO LOCAL,FEMININO,PARDA
violencia_domestica,violencia_social,,,40.0,35_44,SANTA TERESA,SANTA LUCIA,FEMININO,BRANCA
violencia_domestica,violencia_social,,,40.0,35_44,AFONSO CLAUDIO,CENTRO,FEMININO,PARDA
violencia_domestica,violencia_social,,,40.0,35_44,SERRA,TAQUARA II,FEMININO,PARDA
violencia_domestica,violencia_social,,,40.0,35_44,SERRA,SERRA DOURADA II,FEMININO,BRANCA
violencia_domestica,violencia_social,,,41.0,35_44,ITAPEMIRIM,ROSA MEIRELES,FEMININO,BRANCA
violencia_domestica,violencia_social,,,42.0,35_44,IBATIBA,CENTRO,FEMININO,PARDA
violencia_domestica,violencia_social,,,42.0,35_44,LINHARES,JUPARANA,FEMININO,PARDA
violencia_domestica,violencia_social,,,42.0,35_44,COLATINA,HONORIO FRAGA,FEMININO,BRANCA
violencia_domestica,violencia_social,,,42.0,35_44,VILA VELHA,JABURUNA,FEMININO,NEGRA
violencia_domestica,violencia_social,,,43.0,35_44,ARACRUZ,SEGATO,FEMININO,BRANCA
violencia_domestica,violencia_social,,,43.0,35_44,IBITIRAMA,ANTONIO PEREIRA NETO,FEMININO,PARDA
violencia_domestica,violencia_social,,,44.0,35_44,JERONIMO MONTEIRO,VILA CRUZEIRO,FEMININO,BRANCA
violencia_domestica,violencia_social,,,45.0,45_54,VILA VELHA,COQUEIRAL DE ITAPARICA,FEMININO,PARDA
violencia_domestica,violencia_social,,,45.0,45_54,JOAO NEIVA,SANTA LUZIA,FEMININO,BRANCA
violencia_domestica,violencia_social,,,45.0,45_54,JAGUARE,SAO JOAO DO ESTIVADO,FEMININO,BRANCA
violencia_domestica,violencia_social,,,45.0,45_54,GUARAPARI,OLARIA,FEMININO,BRANCA
violencia_domestica,violencia_social,,,46.0,45_54,PEDRO CANARIO,CENTRO,FEMININO,BRANCA
violencia_domestica,violencia_social,,,46.0,45_54,VIANA,BOM PASTOR,FEMININO,PARDA
violencia_domestica,violencia_social,,,46.0,45_54,SERRA,VALPARAISO,FEMININO,BRANCA
violencia_domestica,violencia_social,,,48.0,45_54,COLATINA,LACE,FEMININO,NEGRA
violencia_domestica,violencia_social,,,48.0,45_54,SERRA,CARAPINA GRANDE,FEMININO,NEGRA
violencia_domestica,violencia_social,,,49.0,45_54,VILA VELHA,COBILANDIA,FEMININO,BRANCA
violencia_domestica,violencia_social,,,49.0,45_54,CARIACICA,PARQUE GRAMADO,FEMININO,BRANCA
violencia_domestica,violencia_social,,,49.0,45_54,MARILANDIA,CENTRO,FEMININO,BRANCA
violencia_domestica,violencia_social,,,51.0,45_54,COLATINA,CARLOS GERMANO NAUMANN,FEMININO,PARDA
violencia_domestica,violencia_social,,,51.0,45_54,SERRA,LAGOA DE JACARAIPE,FEMININO,PARDA
violencia_domestica,violencia_social,,,54.0,45_54,GUARAPARI,AEROPORTO,FEMININO,INDETERMINADA
violencia_domestica,violencia_social,,,54.0,45_54,MARATAIZES,BARRA DE ITAPEMIRIM,FEMININO,NEGRA
violencia_domestica,violencia_social,,,55.0,55_64,LINHARES,BEBEDOURO,FEMININO,PARDA
violencia_domestica,violencia_social,,,55.0,55_64,CARIACICA,NOVA ROSA DA PENHA,FEMININO,BRANCA
violencia_domestica,violencia_social,,,57.0,55_64,NOVA VENECIA,ALTOE,FEMININO,INDETERMINADA
violencia_domestica,violencia_social,,,59.0,55_64,BARRA DE SAO FRANCISCO,MONTE SINAI,FEMININO,INDETERMINADA
violencia_domestica,violencia_social,,,59.0,55_64,SAO MATEUS,GURIRI,FEMININO,BRANCA
violencia_domestica,violencia_social,,,61.0,55_64,SERRA,ELDORADO,S/I,PARDA
violencia_domestica,violencia_social,,,61.0,55_64,SERRA,VALPARAISO,FEMININO,BRANCA
violencia_domestica,violencia_social,,,,,COLATINA,POR DO SOL,FEMININO,PARDA
violencia_domestica,violencia_social,,,,,CACHOEIRO DE ITAPEMIRIM,SAO LUIZ GONZAGA,S/I,PARDA
violencia_domestica,violencia_social,,,,,IRUPI,SANTA CRUZ,FEMININO,BRANCA
violencia_domestica,violencia_social,,,,,SERRA,PARQUE JACARAIPE,FEMININO,PARDA
violencia_domestica,violencia_social,,,7.0,0_14,VILA VELHA,JABURUNA,FEMININO,BRANCA
violencia_domestica,violencia_social,,,17.0,15_17,SERRA,CARAPINA GRANDE,FEMININO,BRANCA
violencia_domestica,violencia_social,,,20.0,18_24,GUARAPARI,PALMEIRAS,FEMININO,PARDA
violencia_domestica,violencia_social,,,23.0,18_24,VILA VELHA,JABURUNA,FEMININO,BRANCA
violencia_domestica,violencia_social,,,23.0,18_24,SERRA,PLANALTO SERRANO,FEMININO,NEGRA
violencia_domestica,violencia_social,,,24.0,18_24,VITORIA,SANTA MARTHA,FEMININO,PARDA
violencia_domestica,violencia_social,,,26.0,25_34,CARIACICA,SANTA BARBARA,FEMININO,BRANCA
violencia_domestica,violencia_social,,,26.0,25_34,VILA VELHA,BARRAMARES,FEMININO,PARDA
violencia_domestica,violencia_social,,,26.0,25_34,CARIACICA,CARIACICA SEDE,FEMININO,BRANCA
violencia_domestica,violencia_social,,,27.0,25_34,VIANA,CENTRO,FEMININO,NEGRA
violencia_domestica,violencia_social,,,27.0,25_34,LINHARES,LINHARES V,FEMININO,NEGRA
violencia_domestica,violencia_social,,,28.0,25_34,SERRA,CAMPINHO DA SERRA I,FEMININO,PARDA
violencia_domestica,violencia_social,,,28.0,25_34,VITORIA,GURIGICA,FEMININO,PARDA
violencia_domestica,violencia_social,,,29.0,25_34,CACHOEIRO DE ITAPEMIRIM,COUTINHO,FEMININO,BRANCA
violencia_domestica,violencia_social,,,30.0,25_34,COLATINA,ZONA RURAL,FEMININO,PARDA
violencia_domestica,violencia_social,,,31.0,25_34,RIO BANANAL,ZONA RURAL,FEMININO,NEGRA
violencia_domestica,violencia_social,,,31.0,25_34,BARRA DE SAO FRANCISCO,BAIRRO CRUZEIRO,FEMININO,BRANCA
violencia_domestica,violencia_social,,,31.0,25_34,VILA PAVAO,CENTRO,FEMININO,PARDA
violencia_domestica,violencia_social,,,32.0,25_34,VILA VELHA,DIVINO ESPIRITO SANTO,FEMININO,PARDA
violencia_domestica,violencia_social,,,32.0,25_34,BREJETUBA,ZONA RURAL,FEMININO,NEGRA
violencia_domestica,violencia_social,,,33.0,25_34,BOA ESPERANCA,NOVA CIDADE,FEMININO,BRANCA
violencia_domestica,violencia_social,,,33.0,25_34,CARIACICA,MORADA DE SANTA FE,FEMININO,PARDA
violencia_domestica,violencia_social,,,34.0,25_34,CARIACICA,ITAQUARI,FEMININO,PARDA
violencia_domestica,violencia_social,,,35.0,35_44,CARIACICA,SAO FRANCISCO,FEMININO,BRANCA
violencia_domestica,violencia_social,,,37.0,35_44,LINHARES,ARACA,FEMININO,PARDA
violencia_domestica,violencia_social,,,37.0,35_44,CACHOEIRO DE ITAPEMIRIM,NOVO PARQUE,FEMININO,PARDA
violencia_domestica,violencia_social,,,37.0,35_44,VILA VELHA,SAO CONRADO,FEMININO,PARDA
violencia_domestica,violencia_social,,,38.0,35_44,VILA VELHA,COCAL,FEMININO,BRANCA
violencia_domestica,violencia_social,,,38.0,35_44,SERRA,BALNEARIO DE CARAPEBUS,S/I,PARDA
violencia_domestica,violencia_social,,,41.0,35_44,ARACRUZ,RESERVA INDIGENA DE PAU BRASIL,MASCULINO,INDIGENA
violencia_domestica,violencia_social,,,41.0,35_44,VILA VELHA,BARRAMARES,FEMININO,NEGRA
violencia_domestica,violencia_social,,,42.0,35_44,BARRA DE SAO FRANCISCO,ESTRELA,FEMININO,PARDA
violencia_domestica,violencia_social,,,42.0,35_44,MARILANDIA,CENTRO,FEMININO,BRANCA
violencia_domestica,violencia_social,,,43.0,35_44,GUARAPARI,KUBITSCHEK,FEMININO,BRANCA
violencia_domestica,violencia_social,,,45.0,45_54,SAO MATEUS,GURIRI,FEMININO,PARDA
violencia_domestica,violencia_social,,,45.0,45_54,CASTELO,SANTA BARBARA,FEMININO,PARDA
violencia_domestica,violencia_social,,,46.0,45_54,VITORIA,MARUIPE,FEMININO,PARDA
violencia_domestica,violencia_social,,,46.0,45_54,VILA VELHA,ILHA DAS FLORES,FEMININO,PARDA
violencia_domestica,violencia_social,,,47.0,45_54,LINHARES,AVISO,FEMININO,BRANCA
violencia_domestica,violencia_social,,,47.0,45_54,ARACRUZ,RESERVA INDIGENA DE PAU BRASIL,FEMININO,INDIGENA
violencia_domestica,violencia_social,,,47.0,45_54,CACHOEIRO DE ITAPEMIRIM,MONTE CRISTO,FEMININO,PARDA
violencia_domestica,violencia_social,,,48.0,45_54,CARIACICA,VILA INDEPENDENCIA,FEMININO,PARDA
violencia_domestica,violencia_social,,,49.0,45_54,AFONSO CLAUDIO,SERRA PELADA,MASCULINO,BRANCA
violencia_domestica,violencia_social,,,49.0,45_54,CARIACICA,CAMPO GRANDE,FEMININO,PARDA
violencia_domestica,violencia_social,,,50.0,45_54,SERRA,RESIDENCIAL JACARAIPE,FEMININO,BRANCA
violencia_domestica,violencia_social,,,51.0,45_54,ITAPEMIRIM,ITAOCA,FEMININO,BRANCA
violencia_domestica,violencia_social,,,51.0,45_54,CACHOEIRO DE ITAPEMIRIM,CONDURU,FEMININO,PARDA
violencia_domestica,violencia_social,,,52.0,45_54,CARIACICA,RIO MARINHO,FEMININO,PARDA
violencia_domestica,violencia_social,,,54.0,45_54,PRESIDENTE KENNEDY,JIBOIA,FEMININO,NEGRA
violencia_domestica,violencia_social,,,55.0,55_64,MARATAIZES,BARRA DE ITAPEMIRIM,FEMININO,BRANCA
violencia_domestica,violencia_social,,,55.0,55_64,JAGUARE,LAQUINI,FEMININO,BRANCA
violencia_domestica,violencia_social,,,56.0,55_64,SAO GABRIEL DA PALHA,FARTURA,FEMININO,INDETERMINADA
violencia_domestica,violencia_social,,,57.0,55_64,CARIACICA,SANTO ANDRE,FEMININO,PARDA
violencia_domestica,violencia_social,,,60.0,55_64,VIANA,UNIVERSAL,FEMININO,PARDA
violencia_domestica,violencia_social,,,61.0,55_64,CARIACICA,CAMPO GRANDE,FEMININO,PARDA
violencia_domestica,violencia_social,,,62.0,55_64,SAO MATEUS,ZONA RURAL,FEMININO,PARDA
violencia_domestica,violencia_social,,,63.0,55_64,LINHARES,BEBEDOURO,FEMININO,NEGRA
violencia_domestica,violencia_social,,,67.0,65_PLUS,SAO MATEUS,GURIRI,FEMININO,PARDA
violencia_domestica,violencia_social,,,69.0,65_PLUS,MARATAIZES,BARRA DE ITAPEMIRIM,S/I,BRANCA
violencia_domestica,violencia_social,,,71.0,65_PLUS,AFONSO CLAUDIO,SERRA PELADA,FEMININO,BRANCA
violencia_domestica,violencia_social,,,72.0,65_PLUS,IUNA,NOSSA SENHORA DA PENHA,FEMININO,PARDA
violencia_domestica,violencia_social,,,78.0,65_PLUS,MARATAIZES,CIDADE NOVA,FEMININO,BRANCA
violencia_domestica,violencia_social,,,,,ARACRUZ,SANTA CRUZ,S/I,INDETERMINADA
violencia_domestica,violencia_social,,,,,ARACRUZ,SANTA CRUZ,FEMININO,PARDA
violencia_domestica,violencia_social,,,18.0,18_24,ARACRUZ,SANTA CRUZ,FEMININO,INDETERMINADA
violencia_domestica,violencia_social,,,18.0,18_24,VITORIA,SAO PEDRO,FEMININO,NEGRA
violencia_domestica,violencia_social,,,19.0,18_24,VITORIA,CENTRO,FEMININO,BRANCA
violencia_domestica,violencia_social,,,21.0,18_24,VITORIA,CENTRO,FEMININO,BRANCA
violencia_domestica,violencia_social,,,22.0,18_24,RIO BANANAL,SAO SEBASTIAO,FEMININO,PARDA
violencia_domestica,violencia_social,,,22.0,18_24,COLATINA,COLATINA VELHA,FEMININO,BRANCA
violencia_domestica,violencia_social,,,22.0,18_24,VILA VELHA,SANTA MONICA,FEMININO,NEGRA
violencia_domestica,violencia_social,,,23.0,18_24,GUARAPARI,PEROCAO,FEMININO,NEGRA
violencia_domestica,violencia_social,,,23.0,18_24,SANTA MARIA DE JETIBA,SAO LUIS,FEMININO,PARDA
violencia_domestica,violencia_social,,,23.0,18_24,BAIXO GUANDU,VALPARAISO,FEMININO,PARDA
violencia_domestica,violencia_social,,,24.0,18_24,CARIACICA,NOVA CANAA,FEMININO,PARDA
violencia_domestica,violencia_social,,,24.0,18_24,SAO MATEUS,GURIRI,FEMININO,NEGRA
violencia_domestica,violencia_social,,,24.0,18_24,ATILIO VIVACQUA,NITEROI,FEMININO,NEGRA
violencia_domestica,violencia_social,,,25.0,25_34,CARIACICA,ITACIBA,FEMININO,BRANCA
violencia_domestica,violencia_social,,,25.0,25_34,VILA VELHA,IBES,FEMININO,PARDA
violencia_domestica,violencia_social,,,26.0,25_34,LINHARES,BEBEDOURO,FEMININO,PARDA
violencia_domestica,violencia_social,,,26.0,25_34,GUARAPARI,PRAIA DO MORRO,FEMININO,AMARELA
violencia_domestica,violencia_social,,,27.0,25_34,CACHOEIRO DE ITAPEMIRIM,ZUMBI,FEMININO,PARDA
violencia_domestica,violencia_social,,,29.0,25_34,MARATAIZES,BARRA DE ITAPEMIRIM,FEMININO,NEGRA
violencia_domestica,violencia_social,,,29.0,25_34,VENDA NOVA DO IMIGRANTE,ZONA RURAL,FEMININO,BRANCA
violencia_domestica,violencia_social,,,29.0,25_34,VENDA NOVA DO IMIGRANTE,ZONA RURAL,FEMININO,BRANCA
violencia_domestica,violencia_social,,,32.0,25_34,NOVA VENECIA,MARGARETH,FEMININO,PARDA
violencia_domestica,violencia_social,,,33.0,25_34,GUARAPARI,CENTRO,FEMININO,BRANCA
violencia_domestica,violencia_social,,,34.0,25_34,ECOPORANGA,MURITIBA,FEMININO,INDETERMINADA
violencia_domestica,violencia_social,,,35.0,35_44,COLATINA,VILA LENIRA,FEMININO,PARDA
violencia_domestica,violencia_social,,,36.0,35_44,DOMINGOS MARTINS,CENTRO,FEMININO,BRANCA
violencia_domestica,violencia_social,,,36.0,35_44,SERRA,BARCELONA,FEMININO,BRANCA
violencia_domestica,violencia_social,,,36.0,35_44,CARIACICA,PADRE GABRIEL,FEMININO,NEGRA
violencia_domestica,violencia_social,,,37.0,35_44,LINHARES,AVISO,FEMININO,PARDA
violencia_domestica,violencia_social,,,37.0,35_44,ARACRUZ,COQUEIRAL,FEMININO,PARDA
violencia_domestica,violencia_social,,,39.0,35_44,COLATINA,SAO MIGUEL,FEMININO,NEGRA
violencia_domestica,violencia_social,,,39.0,35_44,SOORETAMA,SALVADOR,FEMININO,NEGRA
violencia_domestica,violencia_social,,,39.0,35_44,SERRA,PALMEIRAS,FEMININO,PARDA
violencia_domestica,violencia_social,,,39.0,35_44,SOORETAMA,SALVADOR,FEMININO,NEGRA
violencia_domestica,violencia_social,,,40.0,35_44,SERRA,SERRA DOURADA II,FEMININO,PARDA
violencia_domestica,violencia_social,,,40.0,35_44,COLATINA,MARIA DAS GRACAS,FEMININO,PARDA
violencia_domestica,violencia_social,,,41.0,35_44,SERRA,COLINA DE LARANJEIRAS,FEMININO,BRANCA
violencia_domestica,violencia_social,,,43.0,35_44,JAGUARE,SAO ROQUE,S/I,NEGRA
violencia_domestica,violencia_social,,,43.0,35_44,ARACRUZ,COQUEIRAL,FEMININO,BRANCA
violencia_domestica,violencia_social,,,43.0,35_44,ANCHIETA,OUTRO LOCAL,FEMININO,NEGRA
violencia_domestica,violencia_social,,,44.0,35_44,CACHOEIRO DE ITAPEMIRIM,ZUMBI,FEMININO,BRANCA
violencia_domestica,violencia_social,,,48.0,45_54,COLATINA,BAUNILHA,FEMININO,NEGRA
violencia_domestica,violencia_social,,,49.0,45_54,COLATINA,COLATINA VELHA,FEMININO,BRANCA
violencia_domestica,violencia_social,,,50.0,45_54,BARRA DE SAO FRANCISCO,CORREGO DO OURO,FEMININO,PARDA
violencia_domestica,violencia_social,,,52.0,45_54,SAO MATEUS,SANTO ANTONIO,FEMININO,PARDA
violencia_domestica,violencia_social,,,56.0,55_64,SERRA,NOVA CARAPINA II,FEMININO,BRANCA
violencia_domestica,violencia_social,,,57.0,55_64,COLATINA,COLATINA VELHA,FEMININO,BRANCA
violencia_domestica,violencia_social,,,63.0,55_64,AFONSO CLAUDIO,PONTOES,FEMININO,PARDA
violencia_domestica,violencia_social,,,63.0,55_64,GUARAPARI,SANTA MONICA,FEMININO,BRANCA
violencia_domestica,violencia_social,,,,,VILA VELHA,MORADA DA BARRA,S/I,NEGRA
violencia_domestica,violencia_social,,,,,IUNA,QUILOMBO,FEMININO,BRANCA
violencia_domestica,violencia_social,,,11.0,0_14,PRESIDENTE KENNEDY,JAQUEIRA,FEMININO,PARDA
violencia_domestica,violencia_social,,,20.0,18_24,CARIACICA,VILA PRUDENCIO,FEMININO,BRANCA
violencia_domestica,violencia_social,,,20.0,18_24,SAO MATEUS,SEAC,FEMININO,NEGRA
violencia_domestica,violencia_social,,,21.0,18_24,BREJETUBA,MARAPE,FEMININO,NEGRA
violencia_domestica,violencia_social,,,24.0,18_24,ARACRUZ,GUARANA,FEMININO,PARDA
violencia_domestica,violencia_social,,,24.0,18_24,SAO MATEUS,SAO PEDRO,FEMININO,PARDA
violencia_domestica,violencia_social,,,25.0,25_34,MARATAIZES,ILMENITA,FEMININO,NEGRA
violencia_domestica,violencia_social,,,26.0,25_34,MUNIZ FREIRE,CENTRO,FEMININO,BRANCA
violencia_domestica,violencia_social,,,27.0,25_34,COLATINA,VICENTE SOELA,FEMININO,PARDA
violencia_domestica,violencia_social,,,27.0,25_34,CARIACICA,ANTONIO FERREIRA BORGES,FEMININO,PARDA
violencia_domestica,violencia_social,,,27.0,25_34,SAO GABRIEL DA PALHA,JARDIM DE INFANCIA,FEMININO,INDETERMINADA
violencia_domestica,violencia_social,,,28.0,25_34,LINHARES,NOVA ESPERANCA,FEMININO,BRANCA
violencia_domestica,violencia_social,,,29.0,25_34,SERRA,VISTA DA SERRA I,FEMININO,PARDA
violencia_domestica,violencia_social,,,29.0,25_34,SERRA,FEU ROSA,FEMININO,PARDA
violencia_domestica,violencia_social,,,30.0,25_34,JERONIMO MONTEIRO,VILA CRUZEIRO,FEMININO,BRANCA
violencia_domestica,violencia_social,,,30.0,25_34,MARATAIZES,BARRA DE ITAPEMIRIM,FEMININO,PARDA
violencia_domestica,violencia_social,,,31.0,25_34,VENDA NOVA DO IMIGRANTE,ALTO TAPERA,FEMININO,BRANCA
violencia_domestica,violencia_social,,,31.0,25_34,CARIACICA,CASTELO BRANCO,FEMININO,AMARELA
violencia_domestica,violencia_social,,,31.0,25_34,VILA VELHA,BARRAMARES,FEMININO,PARDA
violencia_domestica,violencia_social,,,33.0,25_34,SERRA,RESIDENCIAL JACARAIPE,FEMININO,BRANCA
violencia_domestica,violencia_social,,,33.0,25_34,ARACRUZ,GUANABARA,S/I,PARDA
violencia_domestica,violencia_social,,,33.0,25_34,VITORIA,JARDIM DA PENHA,FEMININO,BRANCA
violencia_domestica,violencia_social,,,35.0,35_44,DOMINGOS MARTINS,PEROBAS,FEMININO,NEGRA
violencia_domestica,violencia_social,,,35.0,35_44,ARACRUZ,SANTA CRUZ,FEMININO,PARDA
violencia_domestica,violencia_social,,,36.0,35_44,AFONSO CLAUDIO,ZONA RURAL,MASCULINO,BRANCA
violencia_domestica,violencia_social,,,37.0,35_44,BOA ESPERANCA,ZONA RURAL,FEMININO,PARDA
violencia_domestica,violencia_social,,,38.0,35_44,LINHARES,NOVA ESPERANCA,FEMININO,NEGRA
violencia_domestica,violencia_social,,,38.0,35_44,ALFREDO CHAVES,ARAPONGA,FEMININO,BRANCA
violencia_domestica,violencia_social,,,40.0,35_44,VITORIA,JARDIM CAMBURI,FEMININO,BRANCA
violencia_domestica,violencia_social,,,42.0,35_44,SERRA,VILA MARIA NIOBE,FEMININO,PARDA
violencia_domestica,violencia_social,,,43.0,35_44,ARACRUZ,OUTRO LOCAL,FEMININO,PARDA
violencia_domestica,violencia_social,,,44.0,35_44,CARIACICA,EXPEDITO,FEMININO,PARDA
violencia_domestica,violencia_social,,,44.0,35_44,COLATINA,SAO MIGUEL,FEMININO,NEGRA
violencia_domestica,violencia_social,,,44.0,35_44,SAO MATEUS,SEAC,FEMININO,NEGRA
violencia_domestica,violencia_social,,,44.0,35_44,MARATAIZES,ILMENITA,FEMININO,BRANCA
violencia_domestica,violencia_social,,,45.0,45_54,NOVA VENECIA,CENTRO,FEMININO,PARDA
violencia_domestica,violencia_social,,,46.0,45_54,PRESIDENTE KENNEDY,JAQUEIRA,FEMININO,PARDA
violencia_domestica,violencia_social,,,46.0,45_54,SAO GABRIEL DA PALHA,SANTA HELENA,FEMININO,PARDA
violencia_domestica,violencia_social,,,48.0,45_54,MARATAIZES,PONTAL DA BARRA,FEMININO,BRANCA
violencia_domestica,violencia_social,,,49.0,45_54,SERRA,CIDADE POMAR,FEMININO,PARDA
violencia_domestica,violencia_social,,,49.0,45_54,SERRA,BAIRRO DAS LARANJEIRAS,FEMININO,NEGRA
violencia_domestica,violencia_social,,,58.0,55_64,SANTA MARIA DE JETIBA,VILA ITALIANOS,FEMININO,BRANCA
violencia_domestica,violencia_social,,,63.0,55_64,AFONSO CLAUDIO,ZONA RURAL,FEMININO,PARDA
violencia_domestica,violencia_social,,,,,MONTANHA,LAJEDO,FEMININO,INDETERMINADA
violencia_domestica,violencia_social,,,5.0,0_14,SERRA,BAIRRO DAS LARANJEIRAS,FEMININO,PARDA
violencia_domestica,violencia_social,,,18.0,18_24,IUNA,PITO,FEMININO,PARDA
violencia_domestica,violencia_social,,,21.0,18_24,ARACRUZ,VILA RICA,FEMININO,BRANCA
violencia_domestica,violencia_social,,,21.0,18_24,MARATAIZES,BARRA DE ITAPEMIRIM,FEMININO,NEGRA
violencia_domestica,violencia_social,,,22.0,18_24,ANCHIETA,OUTRO LOCAL,FEMININO,PARDA
violencia_domestica,violencia_social,,,23.0,18_24,VILA VELHA,ULISSES GUIMARAES,FEMININO,NEGRA
violencia_domestica,violencia_social,,,23.0,18_24,VARGEM ALTA,CENTRO,FEMININO,NEGRA
violencia_domestica,violencia_social,,,24.0,18_24,COLATINA,AYRTON SENNA,FEMININO,NEGRA
violencia_domestica,violencia_social,,,24.0,18_24,IUNA,PITO,FEMININO,PARDA
violencia_domestica,violencia_social,,,25.0,25_34,VITORIA,RESISTENCIA,FEMININO,PARDA
violencia_domestica,violencia_social,,,26.0,25_34,VILA VELHA,PRIMEIRO DE MAIO,FEMININO,PARDA
violencia_domestica,violencia_social,,,26.0,25_34,SERRA,JARDIM LIMOEIRO,S/I,PARDA
violencia_domestica,violencia_social,,,27.0,25_34,VITORIA,REDENCAO,FEMININO,PARDA
violencia_domestica,violencia_social,,,29.0,25_34,IUNA,PEQUIA,MASCULINO,BRANCA
violencia_domestica,violencia_social,,,29.0,25_34,MONTANHA,CENTRO,FEMININO,BRANCA
violencia_domestica,violencia_social,,,30.0,25_34,IUNA,PEQUIA,MASCULINO,BRANCA
violencia_domestica,violencia_social,,,31.0,25_34,BARRA DE SAO FRANCISCO,BAIRRO CRUZEIRO,FEMININO,INDETERMINADA
violencia_domestica,violencia_social,,,31.0,25_34,PINHEIROS,VILA NOVA,FEMININO,PARDA
violencia_domestica,violencia_social,,,32.0,25_34,LINHARES,PLANALTO,FEMININO,BRANCA
violencia_domestica,violencia_social,,,32.0,25_34,VILA VELHA,OUTRO LOCAL,FEMININO,BRANCA
violencia_domestica,violencia_social,,,33.0,25_34,IUNA,PEQUIA,FEMININO,PARDA
violencia_domestica,violencia_social,,,33.0,25_34,ARACRUZ,FATIMA,FEMININO,PARDA
violencia_domestica,violencia_social,,,33.0,25_34,SAO MATEUS,RESIDENCIAL COLINA,FEMININO,PARDA
violencia_domestica,violencia_social,,,34.0,25_34,VITORIA,NOVA PALESTINA,FEMININO,NEGRA
violencia_domestica,violencia_social,,,34.0,25_34,VILA VELHA,JARDIM MARILANDIA,FEMININO,BRANCA
violencia_domestica,violencia_social,,,38.0,35_44,CARIACICA,PORTO DE CARIACICA,FEMININO,BRANCA
violencia_domestica,violencia_social,,,39.0,35_44,VITORIA,JARDIM CAMBURI,FEMININO,BRANCA
violencia_domestica,violencia_social,,,39.0,35_44,GUARAPARI,SANTA MARGARIDA,FEMININO,PARDA
violencia_domestica,violencia_social,,,41.0,35_44,VITORIA,NOVA PALESTINA,FEMININO,PARDA
violencia_domestica,violencia_social,,,42.0,35_44,ARACRUZ,ITAPARICA,FEMININO,PARDA
violencia_domestica,violencia_social,,,42.0,35_44,VILA VELHA,JOCKEY DE ITAPARICA,FEMININO,BRANCA
violencia_domestica,violencia_social,,,42.0,35_44,CACHOEIRO DE ITAPEMIRIM,CORAMARA,FEMININO,BRANCA
violencia_domestica,violencia_social,,,42.0,35_44,MARILANDIA,CENTRO,FEMININO,PARDA
violencia_domestica,violencia_social,,,44.0,35_44,VILA VELHA,BARRAMARES,FEMININO,PARDA
violencia_domestica,violencia_social,,,45.0,45_54,CARIACICA,CRUZEIRO DO SUL,FEMININO,PARDA
violencia_domestica,violencia_social,,,47.0,45_54,SANTA MARIA DE JETIBA,SAO SEBASTIAO DO MEIO,FEMININO,PARDA
violencia_domestica,violencia_social,,,48.0,45_54,SAO MATEUS,SAO PEDRO,FEMININO,PARDA
violencia_domestica,violencia_social,,,49.0,45_54,ALEGRE,CENTRO,FEMININO,BRANCA
violencia_domestica,violencia_social,,,52.0,45_54,LINHARES,BEBEDOURO,FEMININO,PARDA
violencia_domestica,violencia_social,,,52.0,45_54,CARIACICA,PORTO DE CARIACICA,FEMININO,PARDA
violencia_domestica,violencia_social,,,54.0,45_54,FUNDAO,PRAIA GRANDE,S/I,BRANCA
violencia_domestica,violencia_social,,,55.0,55_64,CACHOEIRO DE ITAPEMIRIM,MONTE BELO,FEMININO,NEGRA
violencia_domestica,violencia_social,,,57.0,55_64,MARATAIZES,ZONA RURAL,FEMININO,BRANCA
violencia_domestica,violencia_social,,,57.0,55_64,MARATAIZES,JABOTI,FEMININO,BRANCA
violencia_domestica,violencia_social,,,58.0,55_64,ALEGRE,OUTRO LOCAL,FEMININO,BRANCA
violencia_domestica,violencia_social,,,62.0,55_64,CARIACICA,ITAQUARI,FEMININO,PARDA
violencia_domestica,violencia_social,,,62.0,55_64,MARATAIZES,ZONA RURAL,MASCULINO,PARDA
violencia_domestica,violencia_social,,,63.0,55_64,VILA VELHA,JARDIM MARILANDIA,FEMININO,PARDA
violencia_domestica,violencia_social,,,69.0,65_PLUS,VIANA,PRIMAVERA,FEMININO,PARDA
violencia_domestica,violencia_social,,,,,VILA VALERIO,BOA VISTA,S/I,NEGRA
violencia_domestica,violencia_social,,,,,ITARANA,CENTRO,S/I,BRANCA
violencia_domestica,violencia_social,,,,,NOVA VENECIA,AEROPORTO,FEMININO,BRANCA
violencia_domestica,violencia_social,,,14.0,0_14,VENDA NOVA DO IMIGRANTE,ZONA RURAL,FEMININO,NEGRA
violencia_domestica,violencia_social,,,14.0,0_14,SAO MATEUS,ARNALDO BASTOS,FEMININO,PARDA
violencia_domestica,violencia_social,,,16.0,15_17,CACHOEIRO DE ITAPEMIRIM,AMARAL,FEMININO,BRANCA
violencia_domestica,violencia_social,,,17.0,15_17,ALEGRE,GUARAREMA,FEMININO,BRANCA
violencia_domestica,violencia_social,,,18.0,18_24,LINHARES,INTERLAGOS,FEMININO,NEGRA
violencia_domestica,violencia_social,,,18.0,18_24,VILA VELHA,TERRA VERMELHA,FEMININO,BRANCA
violencia_domestica,violencia_social,,,18.0,18_24,VILA VELHA,TERRA VERMELHA,FEMININO,BRANCA
violencia_domestica,violencia_social,,,20.0,18_24,VILA VELHA,PRIMEIRO DE MAIO,FEMININO,PARDA
violencia_domestica,violencia_social,,,20.0,18_24,RIO BANANAL,SAO SEBASTIAO,FEMININO,PARDA
violencia_domestica,violencia_social,,,20.0,18_24,SERRA,NOVO HORIZONTE,FEMININO,PARDA
violencia_domestica,violencia_social,,,22.0,18_24,VITORIA,JARDIM CAMBURI,FEMININO,BRANCA
violencia_domestica,violencia_social,,,23.0,18_24,VILA VELHA,ALECRIM,FEMININO,PARDA
violencia_domestica,violencia_social,,,23.0,18_24,ANCHIETA,OUTRO LOCAL,FEMININO,PARDA
violencia_domestica,violencia_social,,,24.0,18_24,VENDA NOVA DO IMIGRANTE,ZONA RURAL,FEMININO,PARDA
violencia_domestica,violencia_social,,,25.0,25_34,VITORIA,DA PENHA,FEMININO,PARDA
violencia_domestica,violencia_social,,,25.0,25_34,VILA VELHA,COQUEIRAL DE ITAPARICA,FEMININO,BRANCA
violencia_domestica,violencia_social,,,25.0,25_34,SERRA,SAO MARCOS II,FEMININO,PARDA
violencia_domestica,violencia_social,,,27.0,25_34,SAO MATEUS,PEDRA DAGUA,S/I,PARDA
violencia_domestica,violencia_social,,,28.0,25_34,SERRA,NOVO HORIZONTE,S/I,PARDA
violencia_domestica,violencia_social,,,29.0,25_34,LINHARES,PLANALTO,FEMININO,NEGRA
violencia_domestica,violencia_social,,,29.0,25_34,VILA VELHA,SANTA MONICA POPULAR,FEMININO,NEGRA
violencia_domestica,violencia_social,,,29.0,25_34,CACHOEIRO DE ITAPEMIRIM,VILAGE DA LUZ,FEMININO,PARDA
violencia_domestica,violencia_social,,,30.0,25_34,CACHOEIRO DE ITAPEMIRIM,BNH,MASCULINO,NEGRA
violencia_domestica,violencia_social,,,30.0,25_34,CARIACICA,JARDIM DE ALAH,S/I,PARDA
violencia_domestica,violencia_social,,,30.0,25_34,VILA VELHA,NOSSA SENHORA DA PENHA,FEMININO,BRANCA
violencia_domestica,violencia_social,,,30.0,25_34,IBATIBA,BOA ESPERANCA,FEMININO,NEGRA
violencia_domestica,violencia_social,,,31.0,25_34,CACHOEIRO DE ITAPEMIRIM,VILAGE DA LUZ,FEMININO,NEGRA
violencia_domestica,violencia_social,,,31.0,25_34,ITARANA,CENTRO,MASCULINO,BRANCA
violencia_domestica,violencia_social,,,31.0,25_34,COLATINA,JOAO MANOEL MENEGUELI,FEMININO,BRANCA
violencia_domestica,violencia_social,,,32.0,25_34,LINHARES,SANTA CRUZ,FEMININO,BRANCA
violencia_domestica,violencia_social,,,32.0,25_34,CACHOEIRO DE ITAPEMIRIM,FE E RACA,FEMININO,NEGRA
violencia_domestica,violencia_social,,,32.0,25_34,NOVA VENECIA,MARGARETH,FEMININO,PARDA
violencia_domestica,violencia_social,,,32.0,25_34,LINHARES,NOVO HORIZONTE,FEMININO,PARDA
violencia_domestica,violencia_social,,,32.0,25_34,SERRA,JARDIM TROPICAL,FEMININO,NEGRA
violencia_domestica,violencia_social,,,34.0,25_34,LINHARES,INTERLAGOS,MASCULINO,NEGRA
violencia_domestica,violencia_social,,,34.0,25_34,ARACRUZ,GUARANA,FEMININO,PARDA
violencia_domestica,violencia_social,,,34.0,25_34,SERRA,NOVO PORTO CANOA,FEMININO,BRANCA
violencia_domestica,violencia_social,,,35.0,35_44,LINHARES,ARACA,FEMININO,PARDA
violencia_domestica,violencia_social,,,35.0,35_44,ALEGRE,GUARAREMA,FEMININO,BRANCA
violencia_domestica,violencia_social,,,36.0,35_44,GUARAPARI,BELA VISTA,FEMININO,PARDA
violencia_domestica,violencia_social,,,37.0,35_44,SERRA,ELDORADO,FEMININO,NEGRA
violencia_domestica,violencia_social,,,37.0,35_44,IBATIBA,BOA ESPERANCA,FEMININO,BRANCA
violencia_domestica,violencia_social,,,39.0,35_44,GUARAPARI,ITAPEBUSSU,FEMININO,PARDA
violencia_domestica,violencia_social,,,39.0,35_44,SAO MATEUS,ARNALDO BASTOS,FEMININO,PARDA
violencia_domestica,violencia_social,,,40.0,35_44,MARATAIZES,OUTRO LOCAL,FEMININO,PARDA
violencia_domestica,violencia_social,,,40.0,35_44,CARIACICA,NOVO BRASIL,FEMININO,PARDA
violencia_domestica,violencia_social,,,42.0,35_44,COLATINA,RESIDENCIAL NOBRE,FEMININO,BRANCA
violencia_domestica,violencia_social,,,42.0,35_44,ANCHIETA,JOAO XXIII,FEMININO,BRANCA
violencia_domestica,violencia_social,,,42.0,35_44,SERRA,SAO PATRICIO,FEMININO,PARDA
violencia_domestica,violencia_social,,,42.0,35_44,CARIACICA,ITAQUARI,FEMININO,PARDA
violencia_domestica,violencia_social,,,43.0,35_44,BARRA DE SAO FRANCISCO,CENTRO,FEMININO,BRANCA
violencia_domestica,violencia_social,,,43.0,35_44,CARIACICA,JARDIM CAMPO GRANDE,FEMININO,PARDA
violencia_domestica,violencia_social,,,43.0,35_44,VILA VELHA,PRAIA DA COSTA,FEMININO,BRANCA
violencia_domestica,violencia_social,,,45.0,45_54,CARIACICA,SANTA BARBARA,MASCULINO,BRANCA
violencia_domestica,violencia_social,,,46.0,45_54,SERRA,SAO JOAO,FEMININO,PARDA
violencia_domestica,violencia_social,,,50.0,45_54,CARIACICA,VILA PRUDENCIO,FEMININO,PARDA
violencia_domestica,violencia_social,,,50.0,45_54,SERRA,SAO JOAO,FEMININO,PARDA
violencia_domestica,violencia_social,,,50.0,45_54,SAO MATEUS,FAZENDA PAULISTA,FEMININO,BRANCA
violencia_domestica,violencia_social,,,51.0,45_54,VENDA NOVA DO IMIGRANTE,ZONA RURAL,MASCULINO,PARDA
violencia_domestica,violencia_social,,,51.0,45_54,CARIACICA,CASTELO BRANCO,FEMININO,PARDA
violencia_domestica,violencia_social,,,53.0,45_54,GUARAPARI,MUQUICABA,FEMININO,PARDA
violencia_domestica,violencia_social,,,56.0,55_64,CACHOEIRO DE ITAPEMIRIM,BNH,MASCULINO,NEGRA
violencia_domestica,violencia_social,,,57.0,55_64,CARIACICA,ITACIBA,FEMININO,BRANCA
violencia_domestica,violencia_social,,,58.0,55_64,GUARAPARI,TARTARUGA,FEMININO,BRANCA
violencia_domestica,violencia_social,,,64.0,55_64,VILA VELHA,BARRAMARES,FEMININO,NEGRA
violencia_domestica,violencia_social,,,67.0,65_PLUS,GUACUI,PARQUE INDUSTRIAL,FEMININO,NEGRA
violencia_domestica,violencia_social,,,,,NOVA VENECIA,SAO CRISTOVAO,S/I,INDETERMINADA
violencia_domestica,violencia_social,,,,,SAO JOSE DO CALCADO,JOAO MARCELINO DE FREITAS,FEMININO,BRANCA
violencia_domestica,violencia_social,,,,,GOVERNADOR LINDENBERG,CORREGO OURO II,FEMININO,PARDA
violencia_domestica,violencia_social,,,3.0,0_14,COLATINA,ZONA RURAL,MASCULINO,BRANCA
violencia_domestica,violencia_social,,,14.0,0_14,LINHARES,SANTA CRUZ,FEMININO,NEGRA
violencia_domestica,violencia_social,,,15.0,15_17,CACHOEIRO DE ITAPEMIRIM,IBC,FEMININO,PARDA
violencia_domestica,violencia_social,,,18.0,18_24,LINHARES,PALMITAL,FEMININO,PARDA
violencia_domestica,violencia_social,,,18.0,18_24,BAIXO GUANDU,ROSARIO I,FEMININO,PARDA
violencia_domestica,violencia_social,,,18.0,18_24,SERRA,NOVA CARAPINA I,FEMININO,PARDA
violencia_domestica,violencia_social,,,18.0,18_24,CARIACICA,ITANGUA,MASCULINO,PARDA
violencia_domestica,violencia_social,,,18.0,18_24,CARIACICA,ITACIBA,FEMININO,BRANCA
violencia_domestica,violencia_social,,,18.0,18_24,ANCHIETA,OUTRO LOCAL,FEMININO,BRANCA
violencia_domestica,violencia_social,,,19.0,18_24,ARACRUZ,IRAJA,FEMININO,INDETERMINADA
violencia_domestica,violencia_social,,,19.0,18_24,SERRA,JOSE DE ANCHIETA II,FEMININO,PARDA
violencia_domestica,violencia_social,,,20.0,18_24,VIANA,NOVA BETHANIA,FEMININO,PARDA
violencia_domestica,violencia_social,,,21.0,18_24,AGUA DOCE DO NORTE,OUTRO LOCAL,FEMININO,PARDA
violencia_domestica,violencia_social,,,21.0,18_24,SERRA,NOVA CARAPINA I,FEMININO,PARDA
violencia_domestica,violencia_social,,,22.0,18_24,VITORIA,TABUAZEIRO,FEMININO,PARDA
violencia_domestica,violencia_social,,,23.0,18_24,ITAPEMIRIM,JOACIMA,FEMININO,PARDA
violencia_domestica,violencia_social,,,23.0,18_24,SAO GABRIEL DA PALHA,ZONA RURAL,FEMININO,PARDA
violencia_domestica,violencia_social,,,24.0,18_24,VILA VELHA,BARRAMARES,FEMININO,NEGRA
violencia_domestica,violencia_social,,,24.0,18_24,CARIACICA,NOVA ROSA DA PENHA,FEMININO,PARDA
violencia_domestica,violencia_social,,,24.0,18_24,JERONIMO MONTEIRO,ZONA RURAL,FEMININO,NEGRA
violencia_domestica,violencia_social,,,25.0,25_34,CARIACICA,CASTELO BRANCO,FEMININO,BRANCA
violencia_domestica,violencia_social,,,26.0,25_34,BREJETUBA,BAIRRO NOBRE,FEMININO,PARDA
violencia_domestica,violencia_social,,,26.0,25_34,CACHOEIRO DE ITAPEMIRIM,AQUIDABAN,FEMININO,PARDA
violencia_domestica,violencia_social,,,26.0,25_34,LINHARES,PALMITAL,FEMININO,PARDA
violencia_domestica,violencia_social,,,26.0,25_34,JAGUARE,PALMITO,FEMININO,PARDA
violencia_domestica,violencia_social,,,26.0,25_34,ARACRUZ,SAO PEDRO,FEMININO,NEGRA
violencia_domestica,violencia_social,,,26.0,25_34,SERRA,NOVA CARAPINA II,FEMININO,BRANCA
violencia_domestica,violencia_social,,,27.0,25_34,ARACRUZ,MORADA BARRA DO SAHY,FEMININO,PARDA
violencia_domestica,violencia_social,,,27.0,25_34,SERRA,SOLAR DE ANCHIETA,FEMININO,PARDA
violencia_domestica,violencia_social,,,28.0,25_34,APIACA,BOA VISTA,FEMININO,NEGRA
violencia_domestica,violencia_social,,,28.0,25_34,CACHOEIRO DE ITAPEMIRIM,DOUTOR GILSON CARONE,FEMININO,BRANCA
violencia_domestica,violencia_social,,,29.0,25_34,CARIACICA,CAMPO GRANDE,FEMININO,BRANCA
violencia_domestica,violencia_social,,,29.0,25_34,LINHARES,INTERLAGOS,FEMININO,INDETERMINADA
violencia_domestica,violencia_social,,,29.0,25_34,SERRA,FEU ROSA,FEMININO,PARDA
violencia_domestica,violencia_social,,,29.0,25_34,ITAPEMIRIM,JOACIMA,FEMININO,BRANCA
violencia_domestica,violencia_social,,,29.0,25_34,SERRA,FEU ROSA,FEMININO,PARDA
violencia_domestica,violencia_social,,,29.0,25_34,VILA VELHA,ATAIDE,FEMININO,NEGRA
violencia_domestica,violencia_social,,,29.0,25_34,ITAGUACU,CENTRO,FEMININO,PARDA
violencia_domestica,violencia_social,,,30.0,25_34,VITORIA,RESISTENCIA,FEMININO,NEGRA
violencia_domestica,violencia_social,,,30.0,25_34,LINHARES,SANTA CRUZ,FEMININO,PARDA
violencia_domestica,violencia_social,,,31.0,25_34,BARRA DE SAO FRANCISCO,BAIRRO NOVA BARRA,FEMININO,PARDA
violencia_domestica,violencia_social,,,31.0,25_34,VILA VELHA,SOTECO,FEMININO,NEGRA
violencia_domestica,violencia_social,,,32.0,25_34,GUACUI,ZONA RURAL,FEMININO,BRANCA
violencia_domestica,violencia_social,,,32.0,25_34,SERRA,SAO DIOGO II,FEMININO,BRANCA
violencia_domestica,violencia_social,,,32.0,25_34,CARIACICA,CAMPO GRANDE,FEMININO,PARDA
violencia_domestica,violencia_social,,,32.0,25_34,CARIACICA,SANTANA,FEMININO,BRANCA
violencia_domestica,violencia_social,,,32.0,25_34,VILA VELHA,DARLY SANTOS,FEMININO,PARDA
violencia_domestica,violencia_social,,,33.0,25_34,CACHOEIRO DE ITAPEMIRIM,CORREGO DOS MONOS,FEMININO,PARDA
violencia_domestica,violencia_social,,,34.0,25_34,COLATINA,ZONA RURAL,FEMININO,PARDA
violencia_domestica,violencia_social,,,35.0,35_44,ITAGUACU,AMERICO FREDERICO COSER,FEMININO,PARDA
violencia_domestica,violencia_social,,,35.0,35_44,VILA VELHA,ULISSES GUIMARAES,FEMININO,BRANCA
violencia_domestica,violencia_social,,,35.0,35_44,MARATAIZES,OUTRO LOCAL,FEMININO,PARDA
violencia_domestica,violencia_social,,,36.0,35_44,JERONIMO MONTEIRO,ZONA RURAL,FEMININO,BRANCA
violencia_domestica,violencia_social,,,36.0,35_44,CARIACICA,NOVA VALVERDE,FEMININO,PARDA
violencia_domestica,violencia_social,,,37.0,35_44,RIO BANANAL,SANTO ANTONIO,FEMININO,NEGRA
violencia_domestica,violencia_social,,,38.0,35_44,BAIXO GUANDU,SAO VICENTE,FEMININO,BRANCA
violencia_domestica,violencia_social,,,39.0,35_44,DORES DO RIO PRETO,CENTRO,FEMININO,PARDA
violencia_domestica,violencia_social,,,40.0,35_44,JAGUARE,SEAC,FEMININO,BRANCA
violencia_domestica,violencia_social,,,40.0,35_44,CARIACICA,BANDEIRANTES,FEMININO,PARDA
violencia_domestica,violencia_social,,,41.0,35_44,FUNDAO,PRAIA GRANDE,FEMININO,PARDA
violencia_domestica,violencia_social,,,41.0,35_44,CASTELO,INDEPENDENCIA,FEMININO,PARDA
violencia_domestica,violencia_social,,,41.0,35_44,ALTO RIO NOVO,MONTE CARMELO,FEMININO,NEGRA
violencia_domestica,violencia_social,,,41.0,35_44,MARILANDIA,INDUSTRIAL,FEMININO,INDETERMINADA
violencia_domestica,violencia_social,,,41.0,35_44,JERONIMO MONTEIRO,ZONA RURAL,FEMININO,BRANCA
violencia_domestica,violencia_social,,,41.0,35_44,SERRA,VILA NOVA DE COLARES,FEMININO,PARDA
violencia_domestica,violencia_social,,,41.0,35_44,CARIACICA,ITANGUA,FEMININO,PARDA
violencia_domestica,violencia_social,,,42.0,35_44,SERRA,BOA VISTA II,S/I,PARDA
violencia_domestica,violencia_social,,,43.0,35_44,MARATAIZES,SANTA TEREZA,FEMININO,NEGRA
violencia_domestica,violencia_social,,,43.0,35_44,SERRA,SAO DIOGO II,FEMININO,BRANCA
violencia_domestica,violencia_social,,,43.0,35_44,GUARAPARI,KUBITSCHEK,FEMININO,BRANCA
violencia_domestica,violencia_social,,,43.0,35_44,VARGEM ALTA,SAO JOSE DE FRUTEIRA,FEMININO,PARDA
violencia_domestica,violencia_social,,,43.0,35_44,CARIACICA,ORIENTE,FEMININO,PARDA
violencia_domestica,violencia_social,,,44.0,35_44,VILA VALERIO,ZONA RURAL,S/I,PARDA
violencia_domestica,violencia_social,,,44.0,35_44,GUARAPARI,ITAPEBUSSU,FEMININO,BRANCA
violencia_domestica,violencia_social,,,45.0,45_54,AGUA DOCE DO NORTE,OUTRO LOCAL,FEMININO,BRANCA
violencia_domestica,violencia_social,,,45.0,45_54,CARIACICA,CAMPO GRANDE,FEMININO,PARDA
violencia_domestica,violencia_social,,,46.0,45_54,CARIACICA,ALZIRA RAMOS,FEMININO,AMARELA
violencia_domestica,violencia_social,,,46.0,45_54,BARRA DE SAO FRANCISCO,BAIRRO CRUZEIRO,FEMININO,PARDA
violencia_domestica,violencia_social,,,46.0,45_54,AFONSO CLAUDIO,VILA NOVA,FEMININO,BRANCA
violencia_domestica,violencia_social,,,47.0,45_54,VARGEM ALTA,SAO JOSE DE FRUTEIRA,FEMININO,PARDA
violencia_domestica,violencia_social,,,48.0,45_54,SANTA MARIA DE JETIBA,CENTRO,FEMININO,PARDA
violencia_domestica,violencia_social,,,49.0,45_54,SERRA,PALMEIRAS,FEMININO,PARDA
violencia_domestica,violencia_social,,,49.0,45_54,VARGEM ALTA,CASTELINHO,FEMININO,BRANCA
violencia_domestica,violencia_social,,,53.0,45_54,CARIACICA,ITACIBA,FEMININO,PARDA
violencia_domestica,violencia_social,,,53.0,45_54,VILA VELHA,CENTRO VILA VELHA,FEMININO,BRANCA
violencia_domestica,violencia_social,,,56.0,55_64,BARRA DE SAO FRANCISCO,BAIRRO IRMAOS FERNANDES,FEMININO,PARDA
violencia_domestica,violencia_social,,,59.0,55_64,PIUMA,LAGO AZUL,FEMININO,BRANCA
violencia_domestica,violencia_social,,,60.0,55_64,ITAGUACU,AMERICO FREDERICO COSER,FEMININO,PARDA
violencia_domestica,violencia_social,,,60.0,55_64,RIO BANANAL,SAO SEBASTIAO,FEMININO,NEGRA
violencia_domestica,violencia_social,,,61.0,55_64,PONTO BELO,MORUMBI,FEMININO,NEGRA
violencia_domestica,violencia_social,,,61.0,55_64,SAO GABRIEL DA PALHA,GUSTAVO BOONE,FEMININO,BRANCA
violencia_domestica,violencia_social,,,61.0,55_64,VITORIA,CENTRO,FEMININO,PARDA
violencia_domestica,violencia_social,,,63.0,55_64,BOA ESPERANCA,VILA FERNANDES,FEMININO,PARDA
violencia_domestica,violencia_social,,,63.0,55_64,BAIXO GUANDU,SAO JOSE,FEMININO,PARDA
violencia_domestica,violencia_social,,,67.0,65_PLUS,LINHARES,INTERLAGOS,FEMININO,PARDA
violencia_domestica,violencia_social,,,69.0,65_PLUS,VILA VELHA,NOVO MEXICO,FEMININO,BRANCA
violencia_domestica,violencia_social,,,83.0,65_PLUS,RIO NOVO DO SUL,CENTRO,FEMININO,BRANCA
violencia_domestica,violencia_social,,,86.0,65_PLUS,VIANA,VILA BETHANIA,FEMININO,NEGRA
violencia_domestica,violencia_social,,,,,RIO NOVO DO SUL,CENTRO,S/I,BRANCA
violencia_domestica,violencia_social,,,15.0,15_17,VILA VELHA,ARACAS,FEMININO,NEGRA
violencia_domestica,violencia_social,,,15.0,15_17,CACHOEIRO DE ITAPEMIRIM,DOUTOR GILSON CARONE,FEMININO,PARDA
violencia_domestica,violencia_social,,,18.0,18_24,PIUMA,JARDIM MAILY,FEMININO,INDETERMINADA
violencia_domestica,violencia_social,,,18.0,18_24,COLATINA,COLUMBIA,MASCULINO,BRANCA
violencia_domestica,violencia_social,,,18.0,18_24,SOORETAMA,SAYONARA,FEMININO,PARDA
violencia_domestica,violencia_social,,,18.0,18_24,MANTENOPOLIS,BELA VISTA,MASCULINO,PARDA
violencia_domestica,violencia_social,,,19.0,18_24,CARIACICA,MORADA DE SANTA FE,FEMININO,BRANCA
violencia_domestica,violencia_social,,,19.0,18_24,CARIACICA,SANTANA,FEMININO,PARDA
violencia_domestica,violencia_social,,,19.0,18_24,VILA VELHA,CRISTOVAO COLOMBO,FEMININO,BRANCA
violencia_domestica,violencia_social,,,20.0,18_24,VILA PAVAO,CENTRO,FEMININO,BRANCA
violencia_domestica,violencia_social,,,20.0,18_24,SERRA,JARDIM ATLANTICO,FEMININO,PARDA
violencia_domestica,violencia_social,,,20.0,18_24,VITORIA,ITARARE,FEMININO,BRANCA
violencia_domestica,violencia_social,,,21.0,18_24,VITORIA,GURIGICA,FEMININO,BRANCA
violencia_domestica,violencia_social,,,22.0,18_24,SERRA,BAIRRO DAS LARANJEIRAS,FEMININO,PARDA
violencia_domestica,violencia_social,,,22.0,18_24,COLATINA,BAUNILHA,FEMININO,PARDA
violencia_domestica,violencia_social,,,22.0,18_24,SERRA,RESIDENCIAL CENTRO DA SERRA,FEMININO,BRANCA
violencia_domestica,violencia_social,,,23.0,18_24,CACHOEIRO DE ITAPEMIRIM,NOSSA SENHORA DE FATIMA,FEMININO,NEGRA
violencia_domestica,violencia_social,,,23.0,18_24,SERRA,CENTRAL CARAPINA,FEMININO,NEGRA
violencia_domestica,violencia_social,,,24.0,18_24,PANCAS,NOSSA SENHORA APARECIDA,FEMININO,NEGRA
violencia_domestica,violencia_social,,,24.0,18_24,SERRA,PARQUE JACARAIPE,FEMININO,PARDA
violencia_domestica,violencia_social,,,24.0,18_24,SAO JOSE DO CALCADO,JOAO MARCELINO DE FREITAS,FEMININO,PARDA
violencia_domestica,violencia_social,,,24.0,18_24,VITORIA,GURIGICA,FEMININO,BRANCA
violencia_domestica,violencia_social,,,24.0,18_24,COLATINA,AYRTON SENNA,FEMININO,NEGRA
violencia_domestica,violencia_social,,,24.0,18_24,COLATINA,AYRTON SENNA,FEMININO,PARDA
violencia_domestica,violencia_social,,,25.0,25_34,SAO MATEUS,RIBEIRAO,FEMININO,NEGRA
violencia_domestica,violencia_social,,,25.0,25_34,CARIACICA,NOVA BRASILIA,FEMININO,BRANCA
violencia_domestica,violencia_social,,,25.0,25_34,COLATINA,ALTO VILA NOVA,FEMININO,AMARELA
violencia_domestica,violencia_social,,,25.0,25_34,COLATINA,AYRTON SENNA,MASCULINO,NEGRA
violencia_domestica,violencia_social,,,26.0,25_34,ITAPEMIRIM,CENTRO,FEMININO,INDETERMINADA
violencia_domestica,violencia_social,,,26.0,25_34,DORES DO RIO PRETO,CENTRO,FEMININO,NEGRA
violencia_domestica,violencia_social,,,26.0,25_34,ARACRUZ,VILA DO RIACHO,FEMININO,PARDA
violencia_domestica,violencia_social,,,27.0,25_34,CARIACICA,JARDIM CAMPO GRANDE,FEMININO,PARDA
violencia_domestica,violencia_social,,,27.0,25_34,GUARAPARI,AMARELO,S/I,NEGRA
violencia_domestica,violencia_social,,,27.0,25_34,ARACRUZ,COHAB II,FEMININO,PARDA
violencia_domestica,violencia_social,,,28.0,25_34,GUACUI,BALANCA,FEMININO,PARDA
violencia_domestica,violencia_social,,,28.0,25_34,VITORIA,SAO CRISTOVAO,FEMININO,NEGRA
violencia_domestica,violencia_social,,,28.0,25_34,SERRA,VALPARAISO,FEMININO,NEGRA
violencia_domestica,violencia_social,,,28.0,25_34,SAO MATEUS,MORADA DO LAGO,FEMININO,NEGRA
violencia_domestica,violencia_social,,,29.0,25_34,CARIACICA,FLEXAL I,FEMININO,NEGRA
violencia_domestica,violencia_social,,,29.0,25_34,SERRA,PLANALTO SERRANO,FEMININO,PARDA
violencia_domestica,violencia_social,,,29.0,25_34,MARATAIZES,BARRA DE ITAPEMIRIM,FEMININO,NEGRA
violencia_domestica,violencia_social,,,29.0,25_34,VILA VELHA,ATAIDE,FEMININO,NEGRA
violencia_domestica,violencia_social,,,29.0,25_34,ARACRUZ,OUTRO LOCAL,FEMININO,BRANCA
violencia_domestica,violencia_social,,,30.0,25_34,CARIACICA,PORTO DE CARIACICA,FEMININO,NEGRA
violencia_domestica,violencia_social,,,32.0,25_34,NOVA VENECIA,AEROPORTO,FEMININO,BRANCA
violencia_domestica,violencia_social,,,32.0,25_34,CARIACICA,BANDEIRANTES,FEMININO,PARDA
violencia_domestica,violencia_social,,,33.0,25_34,SERRA,PARQUE RESIDENCIAL LARANJEIRAS,FEMININO,BRANCA
violencia_domestica,violencia_social,,,33.0,25_34,GUARAPARI,PRAIA DO MORRO,FEMININO,BRANCA
violencia_domestica,violencia_social,,,34.0,25_34,ANCHIETA,IRIRI,MASCULINO,BRANCA
violencia_domestica,violencia_social,,,34.0,25_34,BARRA DE SAO FRANCISCO,BAIRRO IRMAOS FERNANDES,FEMININO,BRANCA
violencia_domestica,violencia_social,,,34.0,25_34,SERRA,NOVA ALMEIDA CENTRO,FEMININO,PARDA
violencia_domestica,violencia_social,,,34.0,25_34,VITORIA,MARIA ORTIZ,FEMININO,PARDA
violencia_domestica,violencia_social,,,35.0,35_44,BARRA DE SAO FRANCISCO,BAIRRO IRMAOS FERNANDES,FEMININO,PARDA
violencia_domestica,violencia_social,,,35.0,35_44,SAO MATEUS,GURIRI,FEMININO,PARDA
violencia_domestica,violencia_social,,,35.0,35_44,SERRA,MARIA NIOBE,FEMININO,PARDA
violencia_domestica,violencia_social,,,36.0,35_44,ITARANA,ZONA RURAL,FEMININO,NEGRA
violencia_domestica,violencia_social,,,36.0,35_44,PRESIDENTE KENNEDY,CENTRO,FEMININO,BRANCA
violencia_domestica,violencia_social,,,36.0,35_44,SAO MATEUS,AROEIRA,FEMININO,PARDA
violencia_domestica,violencia_social,,,36.0,35_44,ARACRUZ,VILA DO RIACHO,FEMININO,BRANCA
violencia_domestica,violencia_social,,,37.0,35_44,GUARAPARI,CENTRO,FEMININO,PARDA
violencia_domestica,violencia_social,,,37.0,35_44,GUARAPARI,CENTRO,FEMININO,BRANCA
violencia_domestica,violencia_social,,,38.0,35_44,VILA VELHA,BARRAMARES,FEMININO,PARDA
violencia_domestica,violencia_social,,,38.0,35_44,PINHEIROS,PINHEIRINHO,FEMININO,BRANCA
violencia_domestica,violencia_social,,,38.0,35_44,SAO ROQUE DO CANAA,ZONA RURAL,FEMININO,PARDA
violencia_domestica,violencia_social,,,38.0,35_44,SERRA,SANTO ANTONIO,FEMININO,PARDA
violencia_domestica,violencia_social,,,38.0,35_44,VILA VELHA,BARRAMARES,FEMININO,PARDA
violencia_domestica,violencia_social,,,39.0,35_44,LINHARES,SHELL,FEMININO,BRANCA
violencia_domestica,violencia_social,,,39.0,35_44,SAO JOSE DO CALCADO,CENTRO,FEMININO,PARDA
violencia_domestica,violencia_social,,,39.0,35_44,SERRA,FEU ROSA,FEMININO,PARDA
violencia_domestica,violencia_social,,,39.0,35_44,VITORIA,BONFIM,FEMININO,NEGRA
violencia_domestica,violencia_social,,,39.0,35_44,VILA VELHA,RIVIERA DA BARRA,FEMININO,PARDA
violencia_domestica,violencia_social,,,40.0,35_44,PRESIDENTE KENNEDY,ZONA RURAL,FEMININO,NEGRA
violencia_domestica,violencia_social,,,41.0,35_44,SAO GABRIEL DA PALHA,GUSTAVO BOONE,FEMININO,PARDA
violencia_domestica,violencia_social,,,41.0,35_44,VILA VELHA,SOTECO,FEMININO,PARDA
violencia_domestica,violencia_social,,,41.0,35_44,MUQUI,ENTRE MORROS,FEMININO,BRANCA
violencia_domestica,violencia_social,,,41.0,35_44,SAO GABRIEL DA PALHA,CENTRO,FEMININO,PARDA
violencia_domestica,violencia_social,,,41.0,35_44,CARIACICA,TUCUM,FEMININO,PARDA
violencia_domestica,violencia_social,,,42.0,35_44,SERRA,CIDADE CONTINENTAL,FEMININO,NEGRA
violencia_domestica,violencia_social,,,42.0,35_44,LINHARES,PONTAL DO IPIRANGA,FEMININO,PARDA
violencia_domestica,violencia_social,,,42.0,35_44,SERRA,MANGUINHOS,FEMININO,BRANCA
violencia_domestica,violencia_social,,,42.0,35_44,CARIACICA,SAO JOAO BATISTA,FEMININO,PARDA
violencia_domestica,violencia_social,,,42.0,35_44,SERRA,JARDIM LIMOEIRO,FEMININO,NEGRA
violencia_domestica,violencia_social,,,43.0,35_44,ALEGRE,RIVE,FEMININO,PARDA
violencia_domestica,violencia_social,,,44.0,35_44,COLATINA,AYRTON SENNA,FEMININO,NEGRA
violencia_domestica,violencia_social,,,44.0,35_44,ARACRUZ,ITAPUTERA,FEMININO,BRANCA
violencia_domestica,violencia_social,,,45.0,45_54,VITORIA,CENTRO,FEMININO,PARDA
violencia_domestica,violencia_social,,,45.0,45_54,COLATINA,MOACYR BROTAS,FEMININO,PARDA
violencia_domestica,violencia_social,,,45.0,45_54,CACHOEIRO DE ITAPEMIRIM,PARAISO,FEMININO,BRANCA
violencia_domestica,violencia_social,,,46.0,45_54,SERRA,PARQUE RESIDENCIAL LARANJEIRAS,FEMININO,BRANCA
violencia_domestica,violencia_social,,,48.0,45_54,CARIACICA,SANTA LUZIA,FEMININO,PARDA
violencia_domestica,violencia_social,,,49.0,45_54,MUCURICI,ITABAIANA,FEMININO,NEGRA
violencia_domestica,violencia_social,,,49.0,45_54,COLATINA,BELA VISTA,FEMININO,BRANCA
violencia_domestica,violencia_social,,,49.0,45_54,SAO GABRIEL DA PALHA,SANTA TEREZINHA,FEMININO,BRANCA
violencia_domestica,violencia_social,,,49.0,45_54,ARACRUZ,SAO MARCOS,FEMININO,BRANCA
violencia_domestica,violencia_social,,,50.0,45_54,SOORETAMA,SALVADOR,FEMININO,PARDA
violencia_domestica,violencia_social,,,50.0,45_54,ARACRUZ,PLANALTO,FEMININO,BRANCA
violencia_domestica,violencia_social,,,52.0,45_54,MANTENOPOLIS,BELA VISTA,FEMININO,NEGRA
violencia_domestica,violencia_social,,,52.0,45_54,VIANA,VILA BETHANIA,FEMININO,PARDA
violencia_domestica,violencia_social,,,62.0,55_64,COLATINA,SAO JUDAS TADEU,FEMININO,NEGRA
violencia_domestica,violencia_social,,,66.0,65_PLUS,SERRA,VALPARAISO,FEMININO,PARDA
violencia_domestica,violencia_social,,,67.0,65_PLUS,LINHARES,AVISO,FEMININO,NEGRA
violencia_domestica,violencia_social,,,69.0,65_PLUS,ALEGRE,CLERIO MOULIM,FEMININO,BRANCA
violencia_domestica,violencia_social,,,70.0,65_PLUS,COLATINA,VILA AMELIA,FEMININO,BRANCA
violencia_domestica,violencia_social,,,86.0,65_PLUS,PIUMA,CENTRO,FEMININO,PARDA
violencia_domestica,violencia_social,,,,,LINHARES,AVISO,S/I,BRANCA
violencia_domestica,violencia_social,,,,,MANTENOPOLIS,BELA VISTA,FEMININO,BRANCA
violencia_domestica,violencia_social,,,13.0,0_14,CACHOEIRO DE ITAPEMIRIM,VALAO,FEMININO,PARDA
violencia_domestica,violencia_social,,,18.0,18_24,NOVA VENECIA,RUBIA,FEMININO,INDETERMINADA
violencia_domestica,violencia_social,,,18.0,18_24,VILA VELHA,TERRA VERMELHA,FEMININO,BRANCA
violencia_domestica,violencia_social,,,20.0,18_24,BARRA DE SAO FRANCISCO,BAIRRO VILA GONCALVES,FEMININO,PARDA
violencia_domestica,violencia_social,,,20.0,18_24,CARIACICA,FLEXAL I,FEMININO,PARDA
violencia_domestica,violencia_social,,,20.0,18_24,JOAO NEIVA,MONTE LIBANO,FEMININO,BRANCA
violencia_domestica,violencia_social,,,21.0,18_24,ITAPEMIRIM,GARRAFAO,MASCULINO,BRANCA
violencia_domestica,violencia_social,,,22.0,18_24,CARIACICA,FLEXAL II,FEMININO,PARDA
violencia_domestica,violencia_social,,,22.0,18_24,SERRA,SAO PEDRO,FEMININO,PARDA
violencia_domestica,violencia_social,,,22.0,18_24,SAO MATEUS,SERNAMBY,FEMININO,PARDA
violencia_domestica,violencia_social,,,22.0,18_24,SAO MATEUS,OUTRO LOCAL,FEMININO,PARDA
violencia_domestica,violencia_social,,,23.0,18_24,ALFREDO CHAVES,PARQUE RESIDENCIAL ALFREDO CHAVES,FEMININO,PARDA
violencia_domestica,violencia_social,,,23.0,18_24,MARATAIZES,CIDADE NOVA,FEMININO,PARDA
violencia_domestica,violencia_social,,,23.0,18_24,FUNDAO,PRAIA GRANDE,FEMININO,PARDA
violencia_domestica,violencia_social,,,24.0,18_24,COLATINA,COLUMBIA,FEMININO,PARDA
violencia_domestica,violencia_social,,,24.0,18_24,CARIACICA,FLEXAL I,FEMININO,NEGRA
violencia_domestica,violencia_social,,,24.0,18_24,ANCHIETA,CENTRO,FEMININO,BRANCA
violencia_domestica,violencia_social,,,24.0,18_24,VILA VELHA,VISTA DA PENHA,FEMININO,NEGRA
violencia_domestica,violencia_social,,,24.0,18_24,SERRA,PARQUE RESIDENCIAL TUBARAO,FEMININO,NEGRA
violencia_domestica,violencia_social,,,25.0,25_34,CACHOEIRO DE ITAPEMIRIM,ZUMBI,FEMININO,BRANCA
violencia_domestica,violencia_social,,,26.0,25_34,VILA VELHA,ITAPOA,FEMININO,BRANCA
violencia_domestica,violencia_social,,,27.0,25_34,CACHOEIRO DE ITAPEMIRIM,AQUIDABAN,FEMININO,NEGRA
violencia_domestica,violencia_social,,,27.0,25_34,VITORIA,ILHA DE SANTA MARIA,FEMININO,BRANCA
violencia_domestica,violencia_social,,,27.0,25_34,ITAPEMIRIM,BOM SERA,FEMININO,PARDA
violencia_domestica,violencia_social,,,27.0,25_34,CARIACICA,ITAQUARI,FEMININO,PARDA
violencia_domestica,violencia_social,,,27.0,25_34,SERRA,JARDIM TROPICAL,FEMININO,NEGRA
violencia_domestica,violencia_social,,,28.0,25_34,VILA VELHA,GLORIA,FEMININO,BRANCA
violencia_domestica,violencia_social,,,29.0,25_34,CACHOEIRO DE ITAPEMIRIM,MONTE CRISTO,FEMININO,PARDA
violencia_domestica,violencia_social,,,29.0,25_34,COLATINA,VICENTE SOELA,FEMININO,PARDA
violencia_domestica,violencia_social,,,29.0,25_34,CACHOEIRO DE ITAPEMIRIM,BNH,FEMININO,BRANCA
violencia_domestica,violencia_social,,,29.0,25_34,CARIACICA,FLEXAL II,FEMININO,PARDA
violencia_domestica,violencia_social,,,30.0,25_34,LINHARES,TRES BARRAS,FEMININO,NEGRA
violencia_domestica,violencia_social,,,30.0,25_34,COLATINA,CARLOS GERMANO NAUMANN,FEMININO,PARDA
violencia_domestica,violencia_social,,,30.0,25_34,AGUA DOCE DO NORTE,VILA NELITA,FEMININO,INDETERMINADA
violencia_domestica,violencia_social,,,30.0,25_34,GUARAPARI,JABARAI,FEMININO,PARDA
violencia_domestica,violencia_social,,,30.0,25_34,MARILANDIA,CENTRO,FEMININO,PARDA
violencia_domestica,violencia_social,,,31.0,25_34,SAO MATEUS,LIBERDADE,FEMININO,PARDA
violencia_domestica,violencia_social,,,31.0,25_34,COLATINA,CARLOS GERMANO NAUMANN,FEMININO,BRANCA
violencia_domestica,violencia_social,,,31.0,25_34,GUARAPARI,SANTA MONICA,FEMININO,PARDA
violencia_domestica,violencia_social,,,31.0,25_34,MARATAIZES,BARRA DE ITAPEMIRIM,FEMININO,PARDA
violencia_domestica,violencia_social,,,32.0,25_34,VILA VELHA,SAO CONRADO,FEMININO,PARDA
violencia_domestica,violencia_social,,,33.0,25_34,VENDA NOVA DO IMIGRANTE,SAO JOAO DE VICOSA,FEMININO,BRANCA
violencia_domestica,violencia_social,,,33.0,25_34,VILA VELHA,VILA GARRIDO,FEMININO,PARDA
violencia_domestica,violencia_social,,,33.0,25_34,VITORIA,CONQUISTA,FEMININO,PARDA
violencia_domestica,violencia_social,,,33.0,25_34,SAO MATEUS,VITORIA,FEMININO,INDETERMINADA
violencia_domestica,violencia_social,,,34.0,25_34,VITORIA,JARDIM CAMBURI,FEMININO,NEGRA
violencia_domestica,violencia_social,,,34.0,25_34,SERRA,PARQUE RESIDENCIAL MESTRE ALVARO,MASCULINO,BRANCA
violencia_domestica,violencia_social,,,34.0,25_34,SAO MATEUS,SEAC,FEMININO,NEGRA
violencia_domestica,violencia_social,,,36.0,35_44,SANTA MARIA DE JETIBA,SAO LUIS,FEMININO,PARDA
violencia_domestica,violencia_social,,,36.0,35_44,CARIACICA,VILA CAPIXABA,FEMININO,NEGRA
violencia_domestica,violencia_social,,,36.0,35_44,CACHOEIRO DE ITAPEMIRIM,TIJUCA,FEMININO,BRANCA
violencia_domestica,violencia_social,,,36.0,35_44,VILA VELHA,COQUEIRAL DE ITAPARICA,FEMININO,PARDA
violencia_domestica,violencia_social,,,37.0,35_44,CACHOEIRO DE ITAPEMIRIM,AMARELO,FEMININO,PARDA
violencia_domestica,violencia_social,,,37.0,35_44,CONCEICAO DO CASTELO,ARTHUR SOARES,FEMININO,BRANCA
violencia_domestica,violencia_social,,,37.0,35_44,SERRA,BELVEDERE,FEMININO,INDIGENA
violencia_domestica,violencia_social,,,37.0,35_44,VIANA,UNIVERSAL,FEMININO,BRANCA
violencia_domestica,violencia_social,,,38.0,35_44,ARACRUZ,JACUPEMBA,FEMININO,BRANCA
violencia_domestica,violencia_social,,,38.0,35_44,JAGUARE,CENTRO,FEMININO,PARDA
violencia_domestica,violencia_social,,,39.0,35_44,LINHARES,NOVA ESPERANCA,FEMININO,INDETERMINADA
violencia_domestica,violencia_social,,,40.0,35_44,SAO GABRIEL DA PALHA,SANTA CECILIA,FEMININO,INDETERMINADA
violencia_domestica,violencia_social,,,40.0,35_44,ITAPEMIRIM,ITAOCA,FEMININO,PARDA
violencia_domestica,violencia_social,,,40.0,35_44,SAO GABRIEL DA PALHA,SANTA CECILIA,FEMININO,INDETERMINADA
violencia_domestica,violencia_social,,,40.0,35_44,CACHOEIRO DE ITAPEMIRIM,IBC,FEMININO,PARDA
violencia_domestica,violencia_social,,,41.0,35_44,ITAPEMIRIM,GARRAFAO,FEMININO,BRANCA
violencia_domestica,violencia_social,,,41.0,35_44,JOAO NEIVA,SANTA LUZIA,FEMININO,PARDA
violencia_domestica,violencia_social,,,41.0,35_44,PEDRO CANARIO,BOA VISTA,FEMININO,PARDA
violencia_domestica,violencia_social,,,42.0,35_44,VITORIA,COMDUSA,FEMININO,NEGRA
violencia_domestica,violencia_social,,,42.0,35_44,CACHOEIRO DE ITAPEMIRIM,VALAO,FEMININO,PARDA
violencia_domestica,violencia_social,,,42.0,35_44,SERRA,JARDIM LIMOEIRO,FEMININO,BRANCA
violencia_domestica,violencia_social,,,42.0,35_44,AFONSO CLAUDIO,JOAO VALIM,FEMININO,BRANCA
violencia_domestica,violencia_social,,,42.0,35_44,SERRA,JARDIM TROPICAL,FEMININO,PARDA
violencia_domestica,violencia_social,,,42.0,35_44,CACHOEIRO DE ITAPEMIRIM,AGOSTINHO SIMONATO,FEMININO,PARDA
violencia_domestica,violencia_social,,,42.0,35_44,COLATINA,AEROPORTO,FEMININO,BRANCA
violencia_domestica,violencia_social,,,43.0,35_44,SAO GABRIEL DA PALHA,CENTRO,FEMININO,INDETERMINADA
violencia_domestica,violencia_social,,,44.0,35_44,ALFREDO CHAVES,CACHOEIRA ALTA,FEMININO,BRANCA
violencia_domestica,violencia_social,,,44.0,35_44,VILA VELHA,JARDIM MARILANDIA,FEMININO,BRANCA
violencia_domestica,violencia_social,,,44.0,35_44,FUNDAO,PRAIA GRANDE,FEMININO,PARDA
violencia_domestica,violencia_social,,,45.0,45_54,MARATAIZES,CIDADE NOVA,FEMININO,INDETERMINADA
violencia_domestica,violencia_social,,,46.0,45_54,VILA VALERIO,ZONA RURAL,FEMININO,BRANCA
violencia_domestica,violencia_social,,,46.0,45_54,SERRA,MANGUINHOS,FEMININO,BRANCA
violencia_domestica,violencia_social,,,46.0,45_54,ARACRUZ,BARRA DO RIACHO,FEMININO,PARDA
violencia_domestica,violencia_social,,,46.0,45_54,VILA VELHA,ILHA DA CONCEICAO,FEMININO,PARDA
violencia_domestica,violencia_social,,,47.0,45_54,VILA VALERIO,ZONA RURAL,FEMININO,PARDA
violencia_domestica,violencia_social,,,47.0,45_54,COLATINA,MOACYR BROTAS,FEMININO,BRANCA
violencia_domestica,violencia_social,,,48.0,45_54,ARACRUZ,JACUPEMBA,MASCULINO,PARDA
violencia_domestica,violencia_social,,,48.0,45_54,VITORIA,JARDIM DA PENHA,FEMININO,BRANCA
violencia_domestica,violencia_social,,,49.0,45_54,VILA VALERIO,ZONA RURAL,MASCULINO,PARDA
violencia_domestica,violencia_social,,,50.0,45_54,SAO MATEUS,NOVO HORIZONTE,FEMININO,NEGRA
violencia_domestica,violencia_social,,,50.0,45_54,SANTA MARIA DE JETIBA,CENTRO,FEMININO,BRANCA
violencia_domestica,violencia_social,,,50.0,45_54,SANTA MARIA DE JETIBA,CENTRO,FEMININO,BRANCA
violencia_domestica,violencia_social,,,50.0,45_54,VILA VELHA,SANTA MONICA POPULAR,FEMININO,BRANCA
violencia_domestica,violencia_social,,,50.0,45_54,GUARAPARI,PRAIA DO MORRO,FEMININO,BRANCA
violencia_domestica,violencia_social,,,50.0,45_54,VITORIA,JARDIM CAMBURI,FEMININO,NEGRA
violencia_domestica,violencia_social,,,52.0,45_54,VENDA NOVA DO IMIGRANTE,VILA BETANEA,FEMININO,NEGRA
violencia_domestica,violencia_social,,,53.0,45_54,CACHOEIRO DE ITAPEMIRIM,CONDURU,FEMININO,NEGRA
violencia_domestica,violencia_social,,,55.0,55_64,MARECHAL FLORIANO,SUIDO DE BAIXO,FEMININO,BRANCA
violencia_domestica,violencia_social,,,55.0,55_64,COLATINA,NOVO HORIZONTE,FEMININO,BRANCA
violencia_domestica,violencia_social,,,55.0,55_64,SERRA,BAIRRO DAS LARANJEIRAS,FEMININO,NEGRA
violencia_domestica,violencia_social,,,55.0,55_64,IBATIBA,SANTA ISABEL,FEMININO,BRANCA
violencia_domestica,violencia_social,,,57.0,55_64,BAIXO GUANDU,ALTO GUANDU,FEMININO,PARDA
violencia_domestica,violencia_social,,,58.0,55_64,ARACRUZ,SAO CLEMENTE,FEMININO,BRANCA
violencia_domestica,violencia_social,,,58.0,55_64,RIO BANANAL,SAO SEBASTIAO,FEMININO,PARDA
violencia_domestica,violencia_social,,,60.0,55_64,VILA VELHA,RIVIERA DA BARRA,FEMININO,PARDA
violencia_domestica,violencia_social,,,62.0,55_64,CARIACICA,SAO CONRADO,FEMININO,PARDA
violencia_domestica,violencia_social,,,70.0,65_PLUS,CASTELO,ZONA RURAL,FEMININO,BRANCA
violencia_domestica,violencia_social,,,,,AGUA DOCE DO NORTE,VILA NELITA,FEMININO,PARDA
violencia_domestica,violencia_social,,,,,AGUIA BRANCA,CORREGO AGUAS CLARAS,FEMININO,INDETERMINADA
violencia_domestica,violencia_social,,,,,NOVA VENECIA,AEROPORTO,S/I,INDETERMINADA
violencia_domestica,violencia_social,,,15.0,15_17,IBATIBA,NOVO HORIZONTE,FEMININO,PARDA
violencia_domestica,violencia_social,,,15.0,15_17,SERRA,VILA NOVA DE COLARES,S/I,BRANCA
violencia_domestica,violencia_social,,,16.0,15_17,MARATAIZES,ACAPULCO,FEMININO,BRANCA
violencia_domestica,violencia_social,,,16.0,15_17,COLATINA,JOAO MANOEL MENEGUELI,FEMININO,PARDA
violencia_domestica,violencia_social,,,16.0,15_17,CACHOEIRO DE ITAPEMIRIM,NOVO PARQUE,FEMININO,PARDA
violencia_domestica,violencia_social,,,16.0,15_17,VILA PAVAO,PRACA RICA,MASCULINO,BRANCA
violencia_domestica,violencia_social,,,17.0,15_17,VILA VELHA,RIO MARINHO,FEMININO,PARDA
violencia_domestica,violencia_social,,,18.0,18_24,ALTO RIO NOVO,SANTA BARBARA II,FEMININO,PARDA
violencia_domestica,violencia_social,,,18.0,18_24,ALTO RIO NOVO,SANTA BARBARA II,FEMININO,PARDA
violencia_domestica,violencia_social,,,19.0,18_24,CASTELO,CENTRO,FEMININO,PARDA
violencia_domestica,violencia_social,,,20.0,18_24,SERRA,VILA NOVA DE COLARES,FEMININO,NEGRA
violencia_domestica,violencia_social,,,20.0,18_24,VILA VELHA,PAUL,FEMININO,PARDA
violencia_domestica,violencia_social,,,21.0,18_24,GUARAPARI,AEROPORTO,FEMININO,PARDA
violencia_domestica,violencia_social,,,21.0,18_24,IUNA,QUILOMBO,FEMININO,PARDA
violencia_domestica,violencia_social,,,21.0,18_24,VILA VELHA,RIO MARINHO,FEMININO,NEGRA
violencia_domestica,violencia_social,,,22.0,18_24,BAIXO GUANDU,ROSARIO II,FEMININO,PARDA
violencia_domestica,violencia_social,,,22.0,18_24,BAIXO GUANDU,ROSARIO II,MASCULINO,PARDA
violencia_domestica,violencia_social,,,22.0,18_24,NOVA VENECIA,SAO CRISTOVAO,FEMININO,PARDA
violencia_domestica,violencia_social,,,22.0,18_24,SAO MATEUS,LITORANEO,MASCULINO,PARDA
violencia_domestica,violencia_social,,,22.0,18_24,SERRA,JARDIM CARAPINA,FEMININO,PARDA
violencia_domestica,violencia_social,,,22.0,18_24,IBIRACU,OUTRO LOCAL,FEMININO,PARDA
violencia_domestica,violencia_social,,,23.0,18_24,COLATINA,CARLOS GERMANO NAUMANN,FEMININO,PARDA
violencia_domestica,violencia_social,,,23.0,18_24,COLATINA,CARLOS GERMANO NAUMANN,FEMININO,PARDA
violencia_domestica,violencia_social,,,23.0,18_24,VITORIA,PRAIA DO CANTO,FEMININO,BRANCA
violencia_domestica,violencia_social,,,23.0,18_24,CARIACICA,CASTELO BRANCO,FEMININO,PARDA
violencia_domestica,violencia_social,,,24.0,18_24,RIO NOVO DO SUL,SANTO ANTONIO,FEMININO,BRANCA
violencia_domestica,violencia_social,,,24.0,18_24,SANTA MARIA DE JETIBA,CENTRO,FEMININO,NEGRA
violencia_domestica,violencia_social,,,24.0,18_24,SERRA,VILA NOVA DE COLARES,FEMININO,PARDA
violencia_domestica,violencia_social,,,25.0,25_34,SERRA,VILA NOVA DE COLARES,FEMININO,PARDA
violencia_domestica,violencia_social,,,25.0,25_34,SANTA MARIA DE JETIBA,OUTRO LOCAL,FEMININO,BRANCA
violencia_domestica,violencia_social,,,25.0,25_34,VILA VELHA,JOAO GOULART,FEMININO,NEGRA
violencia_domestica,violencia_social,,,25.0,25_34,VIANA,VILA NOVA,FEMININO,PARDA
violencia_domestica,violencia_social,,,26.0,25_34,CACHOEIRO DE ITAPEMIRIM,CAICARA,FEMININO,BRANCA
violencia_domestica,violencia_social,,,26.0,25_34,ITAPEMIRIM,GARRAFAO,FEMININO,BRANCA
violencia_domestica,violencia_social,,,26.0,25_34,AFONSO CLAUDIO,BOA VISTA,FEMININO,PARDA
violencia_domestica,violencia_social,,,26.0,25_34,COLATINA,AYRTON SENNA,FEMININO,PARDA
violencia_domestica,violencia_social,,,26.0,25_34,JAGUARE,FATIMA,FEMININO,BRANCA
violencia_domestica,violencia_social,,,26.0,25_34,VITORIA,MARIO CYPRESTE,FEMININO,NEGRA
violencia_domestica,violencia_social,,,27.0,25_34,VITORIA,FORTE SAO JOAO,FEMININO,PARDA
violencia_domestica,violencia_social,,,27.0,25_34,CONCEICAO DA BARRA,SAYONARA,FEMININO,BRANCA
violencia_domestica,violencia_social,,,27.0,25_34,RIO BANANAL,SAO SEBASTIAO,S/I,PARDA
violencia_domestica,violencia_social,,,27.0,25_34,SAO GABRIEL DA PALHA,JARDIM PASSAMANI,FEMININO,PARDA
violencia_domestica,violencia_social,,,27.0,25_34,LINHARES,SANTA CRUZ,FEMININO,PARDA
violencia_domestica,violencia_social,,,27.0,25_34,SERRA,PLANICIE DA SERRA,FEMININO,BRANCA
violencia_domestica,violencia_social,,,27.0,25_34,IBATIBA,IPE,FEMININO,BRANCA
violencia_domestica,violencia_social,,,28.0,25_34,COLATINA,SANTA FE,FEMININO,PARDA
violencia_domestica,violencia_social,,,28.0,25_34,VITORIA,GRANDE VITORIA,FEMININO,PARDA
violencia_domestica,violencia_social,,,28.0,25_34,CASTELO,NITEROI,FEMININO,BRANCA
violencia_domestica,violencia_social,,,29.0,25_34,SERRA,NOVO PORTO CANOA,FEMININO,PARDA
violencia_domestica,violencia_social,,,29.0,25_34,CACHOEIRO DE ITAPEMIRIM,SAO LUCAS,FEMININO,PARDA
violencia_domestica,violencia_social,,,29.0,25_34,SERRA,VILA NOVA DE COLARES,FEMININO,PARDA
violencia_domestica,violencia_social,,,30.0,25_34,IBATIBA,NOVO HORIZONTE,MASCULINO,PARDA
violencia_domestica,violencia_social,,,30.0,25_34,BARRA DE SAO FRANCISCO,VARGEM GRANDE,FEMININO,BRANCA
violencia_domestica,violencia_social,,,30.0,25_34,GUARAPARI,CENTRO,FEMININO,BRANCA
violencia_domestica,violencia_social,,,31.0,25_34,BOM JESUS DO NORTE,SAO JOAO,FEMININO,AMARELA
violencia_domestica,violencia_social,,,31.0,25_34,CASTELO,VILA IZABEL,FEMININO,BRANCA
violencia_domestica,violencia_social,,,31.0,25_34,GUARAPARI,SANTA MONICA,FEMININO,PARDA
violencia_domestica,violencia_social,,,32.0,25_34,IBATIBA,NOVO HORIZONTE,FEMININO,BRANCA
violencia_domestica,violencia_social,,,32.0,25_34,SERRA,TAQUARA II,FEMININO,BRANCA
violencia_domestica,violencia_social,,,32.0,25_34,SERRA,VILA NOVA DE COLARES,FEMININO,BRANCA
violencia_domestica,violencia_social,,,32.0,25_34,VILA VELHA,COBILANDIA,FEMININO,BRANCA
violencia_domestica,violencia_social,,,33.0,25_34,GUARAPARI,PEROCAO,FEMININO,PARDA
violencia_domestica,violencia_social,,,34.0,25_34,SAO MATEUS,GURIRI,FEMININO,PARDA
violencia_domestica,violencia_social,,,34.0,25_34,RIO BANANAL,SAO JORGE DO TIRADENTES,FEMININO,PARDA
violencia_domestica,violencia_social,,,34.0,25_34,SERRA,CANTINHO DO CEU,FEMININO,PARDA
violencia_domestica,violencia_social,,,34.0,25_34,SANTA MARIA DE JETIBA,OUTRO LOCAL,FEMININO,BRANCA
violencia_domestica,violencia_social,,,35.0,35_44,SANTA MARIA DE JETIBA,SAO LUIS,MASCULINO,BRANCA
violencia_domestica,violencia_social,,,36.0,35_44,CACHOEIRO DE ITAPEMIRIM,NOVO PARQUE,FEMININO,PARDA
violencia_domestica,violencia_social,,,36.0,35_44,MARATAIZES,BARRA DE ITAPEMIRIM,FEMININO,PARDA
violencia_domestica,violencia_social,,,36.0,35_44,VILA VELHA,JABURUNA,FEMININO,BRANCA
violencia_domestica,violencia_social,,,36.0,35_44,VILA VELHA,BARRAMARES,FEMININO,PARDA
violencia_domestica,violencia_social,,,37.0,35_44,ALTO RIO NOVO,MONTE CARMELO,MASCULINO,PARDA
violencia_domestica,violencia_social,,,38.0,35_44,COLATINA,VILA AMELIA,FEMININO,PARDA
violencia_domestica,violencia_social,,,38.0,35_44,LINHARES,INTERLAGOS,FEMININO,NEGRA
violencia_domestica,violencia_social,,,38.0,35_44,CARIACICA,NOVO BRASIL,FEMININO,INDETERMINADA
violencia_domestica,violencia_social,,,39.0,35_44,SERRA,NOVO HORIZONTE,FEMININO,NEGRA
violencia_domestica,violencia_social,,,39.0,35_44,CACHOEIRO DE ITAPEMIRIM,ZUMBI,FEMININO,BRANCA
violencia_domestica,violencia_social,,,39.0,35_44,CARIACICA,VISTA DOURADA,FEMININO,BRANCA
violencia_domestica,violencia_social,,,39.0,35_44,LINHARES,NOVA ESPERANCA,FEMININO,INDETERMINADA
violencia_domestica,violencia_social,,,40.0,35_44,NOVA VENECIA,AEROPORTO,FEMININO,PARDA
violencia_domestica,violencia_social,,,40.0,35_44,VILA VELHA,ITAPOA,FEMININO,PARDA
violencia_domestica,violencia_social,,,40.0,35_44,VILA VELHA,VALE ENCANTADO,FEMININO,PARDA
violencia_domestica,violencia_social,,,40.0,35_44,LINHARES,AVISO,FEMININO,INDETERMINADA
violencia_domestica,violencia_social,,,41.0,35_44,SERRA,ELDORADO,FEMININO,PARDA
violencia_domestica,violencia_social,,,44.0,35_44,COLATINA,BAUNILHA,FEMININO,BRANCA
violencia_domestica,violencia_social,,,44.0,35_44,SERRA,SERRA DOURADA II,FEMININO,PARDA
violencia_domestica,violencia_social,,,45.0,45_54,SERRA,TAQUARA II,FEMININO,BRANCA
violencia_domestica,violencia_social,,,45.0,45_54,ITARANA,COHAB,FEMININO,BRANCA
violencia_domestica,violencia_social,,,45.0,45_54,ITARANA,COHAB,FEMININO,BRANCA
violencia_domestica,violencia_social,,,45.0,45_54,CARIACICA,FLEXAL I,FEMININO,BRANCA
violencia_domestica,violencia_social,,,45.0,45_54,VILA VELHA,RIO MARINHO,FEMININO,PARDA
violencia_domestica,violencia_social,,,45.0,45_54,SAO MATEUS,CENTRO,FEMININO,PARDA
violencia_domestica,violencia_social,,,46.0,45_54,VARGEM ALTA,VARGEM GRANDE,FEMININO,PARDA
violencia_domestica,violencia_social,,,46.0,45_54,DORES DO RIO PRETO,FORQUILHA DO RIO,FEMININO,PARDA
violencia_domestica,violencia_social,,,46.0,45_54,VARGEM ALTA,CENTRO,FEMININO,PARDA
violencia_domestica,violencia_social,,,46.0,45_54,CARIACICA,CASTELO BRANCO,FEMININO,PARDA
violencia_domestica,violencia_social,,,47.0,45_54,IBATIBA,NOVO HORIZONTE,MASCULINO,PARDA
violencia_domestica,violencia_social,,,47.0,45_54,CACHOEIRO DE ITAPEMIRIM,SAO LUCAS,MASCULINO,BRANCA
violencia_domestica,violencia_social,,,47.0,45_54,LINHARES,AVISO,FEMININO,PARDA
violencia_domestica,violencia_social,,,48.0,45_54,VILA VELHA,ARIBIRI,FEMININO,NEGRA
violencia_domestica,violencia_social,,,48.0,45_54,ARACRUZ,BARRA DO SAHY,FEMININO,PARDA
violencia_domestica,violencia_social,,,48.0,45_54,VILA VELHA,SOTECO,FEMININO,NEGRA
violencia_domestica,violencia_social,,,49.0,45_54,VITORIA,SANTA LUCIA,FEMININO,PARDA
violencia_domestica,violencia_social,,,50.0,45_54,CARIACICA,NOVA ROSA DA PENHA,FEMININO,BRANCA
violencia_domestica,violencia_social,,,51.0,45_54,VITORIA,SANTA CECILIA,FEMININO,BRANCA
violencia_domestica,violencia_social,,,51.0,45_54,VILA VELHA,BOA VISTA II,FEMININO,BRANCA
violencia_domestica,violencia_social,,,52.0,45_54,SAO MATEUS,GURIRI,FEMININO,PARDA
violencia_domestica,violencia_social,,,53.0,45_54,SERRA,ELDORADO,FEMININO,BRANCA
violencia_domestica,violencia_social,,,54.0,45_54,CACHOEIRO DE ITAPEMIRIM,VILA RICA,FEMININO,PARDA
violencia_domestica,violencia_social,,,55.0,55_64,VILA PAVAO,PRACA RICA,FEMININO,BRANCA
violencia_domestica,violencia_social,,,56.0,55_64,LINHARES,INTERLAGOS,FEMININO,NEGRA
violencia_domestica,violencia_social,,,58.0,55_64,SANTA MARIA DE JETIBA,SAO LUIS,FEMININO,BRANCA
violencia_domestica,violencia_social,,,58.0,55_64,VILA VELHA,COBILANDIA,FEMININO,BRANCA
violencia_domestica,violencia_social,,,64.0,55_64,MUQUI,ZONA RURAL,FEMININO,BRANCA
violencia_domestica,violencia_social,,,67.0,65_PLUS,PINHEIROS,JUNDIA,FEMININO,PARDA
violencia_domestica,violencia_social,,,,,ITAPEMIRIM,ITAOCA,S/I,INDETERMINADA
violencia_domestica,violencia_social,,,,,ARACRUZ,BELA VISTA,FEMININO,PARDA
violencia_domestica,violencia_social,,,7.0,0_14,AFONSO CLAUDIO,FAZENDA GUANDU,MASCULINO,BRANCA
violencia_domestica,violencia_social,,,15.0,15_17,CACHOEIRO DE ITAPEMIRIM,ITAOCA,FEMININO,PARDA
violencia_domestica,violencia_social,,,17.0,15_17,ANCHIETA,CENTRO,FEMININO,PARDA
violencia_domestica,violencia_social,,,17.0,15_17,DIVINO DE SAO LOURENCO,PENHA,FEMININO,PARDA
violencia_domestica,violencia_social,,,17.0,15_17,AGUIA BRANCA,APARECIDA,FEMININO,PARDA
violencia_domestica,violencia_social,,,17.0,15_17,AFONSO CLAUDIO,FAZENDA GUANDU,FEMININO,BRANCA
violencia_domestica,violencia_social,,,18.0,18_24,PIUMA,LAGO AZUL,FEMININO,PARDA
violencia_domestica,violencia_social,,,19.0,18_24,SERRA,RESIDENCIAL JACARAIPE,FEMININO,BRANCA
violencia_domestica,violencia_social,,,20.0,18_24,COLATINA,ITAPINA,FEMININO,NEGRA
violencia_domestica,violencia_social,,,20.0,18_24,VILA VELHA,DIVINO ESPIRITO SANTO,FEMININO,PARDA
violencia_domestica,violencia_social,,,22.0,18_24,SAO MATEUS,LITORANEO,MASCULINO,PARDA
violencia_domestica,violencia_social,,,23.0,18_24,LINHARES,OUTRO LOCAL,FEMININO,PARDA
violencia_domestica,violencia_social,,,23.0,18_24,FUNDAO,PRAIA GRANDE,FEMININO,PARDA
violencia_domestica,violencia_social,,,24.0,18_24,COLATINA,SAO JUDAS TADEU,FEMININO,PARDA
violencia_domestica,violencia_social,,,25.0,25_34,SERRA,JOSE DE ANCHIETA,FEMININO,PARDA
violencia_domestica,violencia_social,,,25.0,25_34,COLATINA,VISTA DA SERRA,FEMININO,PARDA
violencia_domestica,violencia_social,,,25.0,25_34,CARIACICA,SOTELANDIA,FEMININO,PARDA
violencia_domestica,violencia_social,,,25.0,25_34,CARIACICA,SANTA BARBARA,FEMININO,PARDA
violencia_domestica,violencia_social,,,26.0,25_34,SERRA,JARDIM LIMOEIRO,FEMININO,PARDA
violencia_domestica,violencia_social,,,26.0,25_34,BOA ESPERANCA,VILA TAVARES,FEMININO,BRANCA
violencia_domestica,violencia_social,,,26.0,25_34,VILA VELHA,IBES,FEMININO,PARDA
violencia_domestica,violencia_social,,,27.0,25_34,BAIXO GUANDU,CENTRO,FEMININO,NEGRA
violencia_domestica,violencia_social,,,27.0,25_34,LINHARES,CENTRO,FEMININO,NEGRA
violencia_domestica,violencia_social,,,27.0,25_34,MARATAIZES,BARRA DE ITAPEMIRIM,FEMININO,NEGRA
violencia_domestica,violencia_social,,,27.0,25_34,VIANA,UNIVERSAL,FEMININO,PARDA
violencia_domestica,violencia_social,,,27.0,25_34,CACHOEIRO DE ITAPEMIRIM,NOSSA SENHORA APARECIDA,FEMININO,BRANCA
violencia_domestica,violencia_social,,,27.0,25_34,SERRA,PLANALTO SERRANO,FEMININO,PARDA
violencia_domestica,violencia_social,,,28.0,25_34,ALEGRE,CENTRO,MASCULINO,BRANCA
violencia_domestica,violencia_social,,,28.0,25_34,SERRA,MORADA DE LARANJEIRAS,FEMININO,PARDA
violencia_domestica,violencia_social,,,28.0,25_34,ALEGRE,VILA DO SUL,FEMININO,BRANCA
violencia_domestica,violencia_social,,,28.0,25_34,VILA VELHA,ARIBIRI,FEMININO,PARDA
violencia_domestica,violencia_social,,,28.0,25_34,MANTENOPOLIS,ZONA RURAL,FEMININO,PARDA
violencia_domestica,violencia_social,,,28.0,25_34,ARACRUZ,GUARANA,FEMININO,PARDA
violencia_domestica,violencia_social,,,30.0,25_34,ARACRUZ,OUTRO LOCAL,FEMININO,BRANCA
violencia_domestica,violencia_social,,,30.0,25_34,LINHARES,CENTRO,FEMININO,PARDA
violencia_domestica,violencia_social,,,30.0,25_34,CARIACICA,NOVO BRASIL,FEMININO,NEGRA
violencia_domestica,violencia_social,,,30.0,25_34,ARACRUZ,SANTA LUZIA,FEMININO,INDIGENA
violencia_domestica,violencia_social,,,31.0,25_34,VILA VELHA,ULISSES GUIMARAES,FEMININO,BRANCA
violencia_domestica,violencia_social,,,31.0,25_34,VILA VELHA,BARRAMARES,FEMININO,PARDA
violencia_domestica,violencia_social,,,32.0,25_34,DORES DO RIO PRETO,ZONA RURAL,FEMININO,PARDA
violencia_domestica,violencia_social,,,33.0,25_34,SAO GABRIEL DA PALHA,VILA COMBONI,FEMININO,BRANCA
violencia_domestica,violencia_social,,,33.0,25_34,APIACA,JOSE CARLOS,FEMININO,NEGRA
violencia_domestica,violencia_social,,,34.0,25_34,PIUMA,JARDIM MAILY,FEMININO,PARDA
violencia_domestica,violencia_social,,,34.0,25_34,SERRA,SAO DIOGO I,FEMININO,PARDA
violencia_domestica,violencia_social,,,36.0,35_44,MONTANHA,OUTRO LOCAL,FEMININO,NEGRA
violencia_domestica,violencia_social,,,36.0,35_44,GUARAPARI,SAO JOSE,FEMININO,NEGRA
violencia_domestica,violencia_social,,,37.0,35_44,AGUA DOCE DO NORTE,CRISTO REI,FEMININO,PARDA
violencia_domestica,violencia_social,,,37.0,35_44,LINHARES,NOSSA SENHORA DA CONCEICAO,FEMININO,PARDA
violencia_domestica,violencia_social,,,37.0,35_44,CACHOEIRO DE ITAPEMIRIM,ITAOCA,FEMININO,BRANCA
violencia_domestica,violencia_social,,,37.0,35_44,GUARAPARI,KUBITSCHEK,FEMININO,NEGRA
violencia_domestica,violencia_social,,,37.0,35_44,SERRA,ALTEROSAS,FEMININO,BRANCA
violencia_domestica,violencia_social,,,37.0,35_44,BAIXO GUANDU,SAO VICENTE,FEMININO,PARDA
violencia_domestica,violencia_social,,,38.0,35_44,FUNDAO,OUTRO LOCAL,FEMININO,INDETERMINADA
violencia_domestica,violencia_social,,,38.0,35_44,COLATINA,HONORIO FRAGA,FEMININO,BRANCA
violencia_domestica,violencia_social,,,38.0,35_44,SERRA,JARDIM ATLANTICO,FEMININO,PARDA
violencia_domestica,violencia_social,,,38.0,35_44,SANTA LEOPOLDINA,BARRA DO MANGARAI,FEMININO,PARDA
violencia_domestica,violencia_social,,,38.0,35_44,SERRA,SERRA CENTRO,FEMININO,PARDA
violencia_domestica,violencia_social,,,38.0,35_44,BARRA DE SAO FRANCISCO,CENTRO,FEMININO,INDETERMINADA
violencia_domestica,violencia_social,,,39.0,35_44,NOVA VENECIA,AEROPORTO,FEMININO,PARDA
violencia_domestica,violencia_social,,,39.0,35_44,SERRA,BAIRRO DAS LARANJEIRAS,FEMININO,NEGRA
violencia_domestica,violencia_social,,,40.0,35_44,ITAPEMIRIM,ITAOCA,FEMININO,PARDA
violencia_domestica,violencia_social,,,40.0,35_44,SERRA,JARDIM TROPICAL,FEMININO,BRANCA
violencia_domestica,violencia_social,,,41.0,35_44,VITORIA,ITARARE,FEMININO,BRANCA
violencia_domestica,violencia_social,,,43.0,35_44,MUCURICI,ALTO BONITO,FEMININO,NEGRA
violencia_domestica,violencia_social,,,43.0,35_44,ARACRUZ,IRAJA,FEMININO,INDIGENA
violencia_domestica,violencia_social,,,43.0,35_44,IBIRACU,CENTRO,FEMININO,BRANCA
violencia_domestica,violencia_social,,,44.0,35_44,CACHOEIRO DE ITAPEMIRIM,AQUIDABAN,FEMININO,BRANCA
violencia_domestica,violencia_social,,,44.0,35_44,VILA VELHA,PRAIA DA COSTA,S/I,BRANCA
violencia_domestica,violencia_social,,,44.0,35_44,CARIACICA,CAMPO GRANDE,FEMININO,PARDA
violencia_domestica,violencia_social,,,45.0,45_54,CARIACICA,VILA CAPIXABA,FEMININO,PARDA
violencia_domestica,violencia_social,,,46.0,45_54,SAO MATEUS,GURIRI,FEMININO,PARDA
violencia_domestica,violencia_social,,,46.0,45_54,CACHOEIRO DE ITAPEMIRIM,INDEPENDENCIA,FEMININO,BRANCA
violencia_domestica,violencia_social,,,47.0,45_54,CACHOEIRO DE ITAPEMIRIM,DOUTOR GILSON CARONE,FEMININO,BRANCA
violencia_domestica,violencia_social,,,49.0,45_54,AFONSO CLAUDIO,ALTO SAO PEDRO,FEMININO,PARDA
violencia_domestica,violencia_social,,,50.0,45_54,SAO MATEUS,GURIRI,FEMININO,BRANCA
violencia_domestica,violencia_social,,,52.0,45_54,VILA VELHA,BARRA DO JUCU,FEMININO,PARDA
violencia_domestica,violencia_social,,,54.0,45_54,LINHARES,SANTA CRUZ,FEMININO,NEGRA
violencia_domestica,violencia_social,,,54.0,45_54,VENDA NOVA DO IMIGRANTE,BICUIBA,FEMININO,BRANCA
violencia_domestica,violencia_social,,,55.0,55_64,VARGEM ALTA,TAQUARACU,FEMININO,BRANCA
violencia_domestica,violencia_social,,,55.0,55_64,SERRA,ANDRE CARLONI,FEMININO,PARDA
violencia_domestica,violencia_social,,,57.0,55_64,PIUMA,NITEROI,FEMININO,NEGRA
violencia_domestica,violencia_social,,,58.0,55_64,LINHARES,BEBEDOURO,FEMININO,PARDA
violencia_domestica,violencia_social,,,60.0,55_64,PINHEIROS,SANTO ANTONIO,FEMININO,PARDA
violencia_domestica,violencia_social,,,61.0,55_64,VILA VELHA,ILHA DOS AYRES,FEMININO,PARDA
violencia_domestica,violencia_social,,,62.0,55_64,COLATINA,VISTA DA SERRA,FEMININO,PARDA
violencia_domestica,violencia_social,,,62.0,55_64,CACHOEIRO DE ITAPEMIRIM,BAIMINAS,S/I,BRANCA
violencia_domestica,violencia_social,,,65.0,65_PLUS,PEDRO CANARIO,LIONORIO I,FEMININO,NEGRA
violencia_domestica,violencia_social,,,68.0,65_PLUS,BARRA DE SAO FRANCISCO,MONTE SINAI,FEMININO,BRANCA
violencia_domestica,violencia_social,,,71.0,65_PLUS,SAO GABRIEL DA PALHA,ASA BRANCA,FEMININO,PARDA
violencia_domestica,violencia_social,,,,,COLATINA,COLUMBIA,FEMININO,PARDA
violencia_domestica,violencia_social,,,,,PANCAS,CENTRO,FEMININO,INDETERMINADA
violencia_domestica,violencia_social,,,14.0,0_14,ITAGUACU,ITAIMBE,FEMININO,PARDA
violencia_domestica,violencia_social,,,16.0,15_17,SAO MATEUS,OUTRO LOCAL,FEMININO,BRANCA
violencia_domestica,violencia_social,,,17.0,15_17,ITAPEMIRIM,ROSA MEIRELES,FEMININO,PARDA
violencia_domestica,violencia_social,,,18.0,18_24,SAO MATEUS,LIBERDADE,FEMININO,PARDA
violencia_domestica,violencia_social,,,18.0,18_24,BAIXO GUANDU,SAO JOSE,FEMININO,PARDA
violencia_domestica,violencia_social,,,18.0,18_24,IBATIBA,BRASIL NOVO,FEMININO,BRANCA
violencia_domestica,violencia_social,,,19.0,18_24,SAO MATEUS,AROEIRA,FEMININO,PARDA
violencia_domestica,violencia_social,,,19.0,18_24,CARIACICA,PORTO DE SANTANA,FEMININO,PARDA
violencia_domestica,violencia_social,,,20.0,18_24,VITORIA,BELA VISTA,FEMININO,PARDA
violencia_domestica,violencia_social,,,20.0,18_24,CARIACICA,NOVA VALVERDE,FEMININO,PARDA
violencia_domestica,violencia_social,,,21.0,18_24,SERRA,CASTELANDIA,FEMININO,PARDA
violencia_domestica,violencia_social,,,22.0,18_24,SANTA TERESA,VILA NOVA,FEMININO,PARDA
violencia_domestica,violencia_social,,,24.0,18_24,SERRA,PLANALTO SERRANO,FEMININO,PARDA
violencia_domestica,violencia_social,,,24.0,18_24,CARIACICA,SANTA CECILIA,FEMININO,BRANCA
violencia_domestica,violencia_social,,,25.0,25_34,ARACRUZ,IRAJA,FEMININO,PARDA
violencia_domestica,violencia_social,,,28.0,25_34,VILA VELHA,JOCKEY DE ITAPARICA,FEMININO,BRANCA
violencia_domestica,violencia_social,,,28.0,25_34,ITAPEMIRIM,CENTRO,FEMININO,PARDA
violencia_domestica,violencia_social,,,29.0,25_34,VITORIA,JARDIM CAMBURI,FEMININO,BRANCA
violencia_domestica,violencia_social,,,29.0,25_34,VILA VELHA,DOM JOAO BATISTA,FEMININO,PARDA
violencia_domestica,violencia_social,,,29.0,25_34,VITORIA,JARDIM CAMBURI,FEMININO,BRANCA
violencia_domestica,violencia_social,,,30.0,25_34,VILA VELHA,COBILANDIA,FEMININO,BRANCA
violencia_domestica,violencia_social,,,30.0,25_34,ARACRUZ,COQUEIRAL,FEMININO,BRANCA
violencia_domestica,violencia_social,,,30.0,25_34,CARIACICA,BELA AURORA,FEMININO,PARDA
violencia_domestica,violencia_social,,,31.0,25_34,SOORETAMA,CENTRO,FEMININO,PARDA
violencia_domestica,violencia_social,,,32.0,25_34,VILA VELHA,COBILANDIA,MASCULINO,INDETERMINADA
violencia_domestica,violencia_social,,,32.0,25_34,CARIACICA,PORTO DE SANTANA,FEMININO,PARDA
violencia_domestica,violencia_social,,,32.0,25_34,LARANJA DA TERRA,SAO LUIS DE MIRANDA,FEMININO,INDETERMINADA
violencia_domestica,violencia_social,,,33.0,25_34,ITAPEMIRIM,ROSA MEIRELES,FEMININO,BRANCA
violencia_domestica,violencia_social,,,34.0,25_34,VIANA,MARCILIO DE NORONHA,FEMININO,BRANCA
violencia_domestica,violencia_social,,,34.0,25_34,VITORIA,NOVA PALESTINA,FEMININO,PARDA
violencia_domestica,violencia_social,,,36.0,35_44,VILA VELHA,RESIDENCIAL COQUEIRAL,FEMININO,PARDA
violencia_domestica,violencia_social,,,37.0,35_44,VILA VELHA,GLORIA,FEMININO,PARDA
violencia_domestica,violencia_social,,,37.0,35_44,VILA VELHA,SAO CONRADO,FEMININO,PARDA
violencia_domestica,violencia_social,,,39.0,35_44,VILA VELHA,ALECRIM,FEMININO,BRANCA
violencia_domestica,violencia_social,,,39.0,35_44,SOORETAMA,CENTRO,FEMININO,PARDA
violencia_domestica,violencia_social,,,39.0,35_44,SERRA,PLANALTO SERRANO,FEMININO,PARDA
violencia_domestica,violencia_social,,,40.0,35_44,ITAPEMIRIM,ITAOCA,FEMININO,PARDA
violencia_domestica,violencia_social,,,40.0,35_44,VILA VELHA,JARDIM MARILANDIA,FEMININO,PARDA
violencia_domestica,violencia_social,,,40.0,35_44,SERRA,SERRA DOURADA I,FEMININO,PARDA
violencia_domestica,violencia_social,,,41.0,35_44,CASTELO,VILA NOVA,FEMININO,BRANCA
violencia_domestica,violencia_social,,,41.0,35_44,VITORIA,ILHA DE SANTA MARIA,FEMININO,BRANCA
violencia_domestica,violencia_social,,,44.0,35_44,SERRA,CASTELANDIA,FEMININO,PARDA
violencia_domestica,violencia_social,,,45.0,45_54,CARIACICA,MORADA DE SANTA FE,FEMININO,PARDA
violencia_domestica,violencia_social,,,46.0,45_54,RIO NOVO DO SUL,ZONA RURAL,FEMININO,BRANCA
violencia_domestica,violencia_social,,,47.0,45_54,VENDA NOVA DO IMIGRANTE,VILA BETANEA,FEMININO,BRANCA
violencia_domestica,violencia_social,,,47.0,45_54,VENDA NOVA DO IMIGRANTE,VILA BETANEA,FEMININO,BRANCA
violencia_domestica,violencia_social,,,47.0,45_54,VILA VELHA,JOAO GOULART,FEMININO,PARDA
violencia_domestica,violencia_social,,,48.0,45_54,ICONHA,TOCAIA,FEMININO,BRANCA
violencia_domestica,violencia_social,,,49.0,45_54,LINHARES,SAO JOSE,FEMININO,BRANCA
violencia_domestica,violencia_social,,,52.0,45_54,ITAPEMIRIM,JOACIMA,FEMININO,BRANCA
violencia_domestica,violencia_social,,,53.0,45_54,VILA VELHA,VINTE E TRES DE MAIO,FEMININO,NEGRA
violencia_domestica,violencia_social,,,54.0,45_54,VILA VELHA,PRAIA DA COSTA,FEMININO,PARDA
violencia_domestica,violencia_social,,,54.0,45_54,SAO MATEUS,GURIRI,FEMININO,BRANCA
violencia_domestica,violencia_social,,,58.0,55_64,VITORIA,ROMAO,FEMININO,PARDA
violencia_domestica,violencia_social,,,62.0,55_64,COLATINA,COLUMBIA,FEMININO,PARDA
violencia_domestica,violencia_social,,,64.0,55_64,SERRA,PLANALTO SERRANO,FEMININO,BRANCA
violencia_domestica,violencia_social,,,73.0,65_PLUS,CACHOEIRO DE ITAPEMIRIM,ABELARDO MACHADO,FEMININO,PARDA
violencia_domestica,violencia_social,,,81.0,65_PLUS,BOA ESPERANCA,VILA FERNANDES,FEMININO,BRANCA
violencia_domestica,violencia_social,,,,,PEDRO CANARIO,LIONORIO I,S/I,BRANCA
violencia_domestica,violencia_social,,,,,COLATINA,FIORAVANTE MARINO,FEMININO,S/I
violencia_domestica,violencia_social,,,15.0,15_17,ARACRUZ,VILA NOVA,FEMININO,PARDA
violencia_domestica,violencia_social,,,17.0,15_17,CARIACICA,CAMPO GRANDE,S/I,PARDA
violencia_domestica,violencia_social,,,17.0,15_17,LINHARES,INTERLAGOS,FEMININO,PARDA
violencia_domestica,violencia_social,,,18.0,18_24,SAO MATEUS,GURIRI,FEMININO,PARDA
violencia_domestica,violencia_social,,,19.0,18_24,SERRA,TAQUARA I,FEMININO,PARDA
violencia_domestica,violencia_social,,,21.0,18_24,IUNA,QUILOMBO,FEMININO,NEGRA
violencia_domestica,violencia_social,,,21.0,18_24,ARACRUZ,OUTRO LOCAL,FEMININO,BRANCA
violencia_domestica,violencia_social,,,22.0,18_24,SERRA,JARDIM CARAPINA,FEMININO,PARDA
violencia_domestica,violencia_social,,,23.0,18_24,ECOPORANGA,BENEDITA MONTEIRO,FEMININO,PARDA
violencia_domestica,violencia_social,,,23.0,18_24,CARIACICA,CARIACICA SEDE,FEMININO,PARDA
violencia_domestica,violencia_social,,,23.0,18_24,VITORIA,OUTRO LOCAL,FEMININO,PARDA
violencia_domestica,violencia_social,,,23.0,18_24,VITORIA,OUTRO LOCAL,FEMININO,PARDA
violencia_domestica,violencia_social,,,23.0,18_24,ANCHIETA,CENTRO,FEMININO,NEGRA
violencia_domestica,violencia_social,,,23.0,18_24,CARIACICA,VILA INDEPENDENCIA,FEMININO,BRANCA
violencia_domestica,violencia_social,,,23.0,18_24,ANCHIETA,OUTRO LOCAL,FEMININO,PARDA
violencia_domestica,violencia_social,,,24.0,18_24,SANTA MARIA DE JETIBA,ZONA RURAL,FEMININO,NEGRA
violencia_domestica,violencia_social,,,24.0,18_24,LINHARES,NOVA ESPERANCA,FEMININO,S/I
violencia_domestica,violencia_social,,,25.0,25_34,ARACRUZ,SANTA LUZIA,FEMININO,BRANCA
violencia_domestica,violencia_social,,,25.0,25_34,ANCHIETA,MAIMBA,FEMININO,PARDA
violencia_domestica,violencia_social,,,25.0,25_34,VARGEM ALTA,VILA MARIA,FEMININO,BRANCA
violencia_domestica,violencia_social,,,26.0,25_34,LINHARES,SAO JOSE,FEMININO,BRANCA
violencia_domestica,violencia_social,,,27.0,25_34,SERRA,NOVO HORIZONTE,FEMININO,PARDA
violencia_domestica,violencia_social,,,29.0,25_34,JOAO NEIVA,SAO BRAS,FEMININO,PARDA
violencia_domestica,violencia_social,,,30.0,25_34,CARIACICA,JARDIM BOTANICO,MASCULINO,PARDA
violencia_domestica,violencia_social,,,30.0,25_34,SERRA,SERRA DOURADA II,FEMININO,PARDA
violencia_domestica,violencia_social,,,31.0,25_34,MARECHAL FLORIANO,RIO FUNDO,FEMININO,PARDA
violencia_domestica,violencia_social,,,32.0,25_34,SANTA MARIA DE JETIBA,VILA JETIBA,FEMININO,BRANCA
violencia_domestica,violencia_social,,,32.0,25_34,SANTA MARIA DE JETIBA,CENTRO,FEMININO,BRANCA
violencia_domestica,violencia_social,,,34.0,25_34,COLATINA,VILA AMELIA,FEMININO,PARDA
violencia_domestica,violencia_social,,,34.0,25_34,CONCEICAO DA BARRA,NOVO HORIZONTE,FEMININO,INDETERMINADA
violencia_domestica,violencia_social,,,35.0,35_44,CARIACICA,CAMPO VERDE,FEMININO,PARDA
violencia_domestica,violencia_social,,,36.0,35_44,SERRA,PLANALTO SERRANO,FEMININO,PARDA
violencia_domestica,violencia_social,,,37.0,35_44,CARIACICA,CAMPINA GRANDE,FEMININO,BRANCA
violencia_domestica,violencia_social,,,37.0,35_44,SERRA,RESIDENCIAL CENTRO DA SERRA,FEMININO,BRANCA
violencia_domestica,violencia_social,,,39.0,35_44,ITARANA,CENTRO,FEMININO,PARDA
violencia_domestica,violencia_social,,,39.0,35_44,COLATINA,AYRTON SENNA,FEMININO,PARDA
violencia_domestica,violencia_social,,,40.0,35_44,ITAPEMIRIM,ITAOCA,FEMININO,PARDA
violencia_domestica,violencia_social,,,40.0,35_44,SERRA,JARDIM TROPICAL,FEMININO,NEGRA
violencia_domestica,violencia_social,,,40.0,35_44,CARIACICA,NOVA VALVERDE,FEMININO,PARDA
violencia_domestica,violencia_social,,,42.0,35_44,COLATINA,MARIA DAS GRACAS,FEMININO,BRANCA
violencia_domestica,violencia_social,,,43.0,35_44,CARIACICA,CAMPO GRANDE,FEMININO,PARDA
violencia_domestica,violencia_social,,,43.0,35_44,GUARAPARI,SANTA MARGARIDA,FEMININO,BRANCA
violencia_domestica,violencia_social,,,44.0,35_44,GUARAPARI,PRAIA DO MORRO,FEMININO,PARDA
violencia_domestica,violencia_social,,,44.0,35_44,VILA VELHA,ZUMBI DOS PALMARES,FEMININO,PARDA
violencia_domestica,violencia_social,,,45.0,45_54,ECOPORANGA,VILA NOVA,FEMININO,PARDA
violencia_domestica,violencia_social,,,47.0,45_54,AFONSO CLAUDIO,JOAO VALIM,FEMININO,BRANCA
violencia_domestica,violencia_social,,,47.0,45_54,JOAO NEIVA,CENTRO,FEMININO,BRANCA
violencia_domestica,violencia_social,,,48.0,45_54,RIO BANANAL,SAO SEBASTIAO,FEMININO,BRANCA
violencia_domestica,violencia_social,,,48.0,45_54,VITORIA,SANTA LUCIA,FEMININO,PARDA
violencia_domestica,violencia_social,,,49.0,45_54,SERRA,JARDIM TROPICAL,S/I,PARDA
violencia_domestica,violencia_social,,,53.0,45_54,VITORIA,GRANDE VITORIA,FEMININO,NEGRA
violencia_domestica,violencia_social,,,57.0,55_64,CONCEICAO DA BARRA,FLORESTA,S/I,PARDA
violencia_domestica,violencia_social,,,57.0,55_64,LINHARES,SAO RAFAEL,FEMININO,NEGRA
violencia_domestica,violencia_social,,,57.0,55_64,CACHOEIRO DE ITAPEMIRIM,CAICARA,FEMININO,NEGRA
violencia_domestica,violencia_social,,,58.0,55_64,SANTA MARIA DE JETIBA,VILA JETIBA,FEMININO,BRANCA
violencia_domestica,violencia_social,,,58.0,55_64,CARIACICA,SOTELANDIA,FEMININO,PARDA
violencia_domestica,violencia_social,,,59.0,55_64,ITAPEMIRIM,ITAIPAVA,FEMININO,BRANCA
violencia_domestica,violencia_social,,,59.0,55_64,CACHOEIRO DE ITAPEMIRIM,CENTRO,FEMININO,BRANCA
violencia_domestica,violencia_social,,,64.0,55_64,CARIACICA,ANTONIO FERREIRA BORGES,FEMININO,BRANCA
violencia_domestica,violencia_social,,,70.0,65_PLUS,CARIACICA,SAO FRANCISCO,FEMININO,PARDA
violencia_domestica,violencia_social,,,5.0,0_14,LINHARES,SAO JOSE,MASCULINO,PARDA
violencia_domestica,violencia_social,,,15.0,15_17,BOA ESPERANCA,CENTRO,FEMININO,PARDA
violencia_domestica,violencia_social,,,16.0,15_17,CACHOEIRO DE ITAPEMIRIM,RUBEM BRAGA,FEMININO,BRANCA
violencia_domestica,violencia_social,,,17.0,15_17,CACHOEIRO DE ITAPEMIRIM,NOSSA SENHORA DA PENHA,FEMININO,BRANCA
violencia_domestica,violencia_social,,,18.0,18_24,PIUMA,CENTRO,FEMININO,BRANCA
violencia_domestica,violencia_social,,,21.0,18_24,SAO MATEUS,PEDRA DAGUA,FEMININO,PARDA
violencia_domestica,violencia_social,,,22.0,18_24,SERRA,JARDIM ATLANTICO,FEMININO,BRANCA
violencia_domestica,violencia_social,,,24.0,18_24,CACHOEIRO DE ITAPEMIRIM,NOVA BRASILIA,FEMININO,NEGRA
violencia_domestica,violencia_social,,,24.0,18_24,VILA VELHA,PRAIA DA COSTA,FEMININO,PARDA
violencia_domestica,violencia_social,,,25.0,25_34,CARIACICA,ALTO LAGE,FEMININO,NEGRA
violencia_domestica,violencia_social,,,28.0,25_34,BAIXO GUANDU,SAO PEDRO,FEMININO,INDETERMINADA
violencia_domestica,violencia_social,,,28.0,25_34,CARIACICA,NOVO BRASIL,MASCULINO,PARDA
violencia_domestica,violencia_social,,,28.0,25_34,VILA VELHA,ITAPOA,MASCULINO,PARDA
violencia_domestica,violencia_social,,,29.0,25_34,VILA VELHA,BARRAMARES,FEMININO,PARDA
violencia_domestica,violencia_social,,,29.0,25_34,SERRA,MARINGA,FEMININO,PARDA
violencia_domestica,violencia_social,,,30.0,25_34,CARIACICA,JARDIM BOTANICO,FEMININO,BRANCA
violencia_domestica,violencia_social,,,30.0,25_34,CONCEICAO DA BARRA,ITAUNAS,FEMININO,PARDA
violencia_domestica,violencia_social,,,30.0,25_34,VILA VELHA,PAUL,FEMININO,NEGRA
violencia_domestica,violencia_social,,,31.0,25_34,LINHARES,RIO QUARTEL,FEMININO,PARDA
violencia_domestica,violencia_social,,,31.0,25_34,CARIACICA,ITANGUA,FEMININO,PARDA
violencia_domestica,violencia_social,,,33.0,25_34,LINHARES,INTERLAGOS,FEMININO,PARDA
violencia_domestica,violencia_social,,,33.0,25_34,SERRA,NOVA CARAPINA I,FEMININO,NEGRA
violencia_domestica,violencia_social,,,34.0,25_34,SANTA LEOPOLDINA,FUNIL,FEMININO,PARDA
violencia_domestica,violencia_social,,,35.0,35_44,VILA VELHA,JOCKEY DE ITAPARICA,FEMININO,PARDA
violencia_domestica,violencia_social,,,36.0,35_44,CARIACICA,NOVO BRASIL,FEMININO,PARDA
violencia_domestica,violencia_social,,,36.0,35_44,SERRA,RESIDENCIAL VISTA DO MESTRE,FEMININO,PARDA
violencia_domestica,violencia_social,,,37.0,35_44,ALEGRE,RIVE,FEMININO,BRANCA
violencia_domestica,violencia_social,,,38.0,35_44,SERRA,PLANALTO SERRANO,FEMININO,PARDA
violencia_domestica,violencia_social,,,38.0,35_44,ITAPEMIRIM,GARRAFAO,FEMININO,PARDA
violencia_domestica,violencia_social,,,38.0,35_44,VILA VELHA,COQUEIRAL DE ITAPARICA,FEMININO,BRANCA
violencia_domestica,violencia_social,,,39.0,35_44,CARIACICA,ALTO DA BOA VISTA,FEMININO,PARDA
violencia_domestica,violencia_social,,,39.0,35_44,LINHARES,SAO JOSE,FEMININO,PARDA
violencia_domestica,violencia_social,,,40.0,35_44,GUARAPARI,OUTRO LOCAL,FEMININO,BRANCA
violencia_domestica,violencia_social,,,41.0,35_44,JERONIMO MONTEIRO,CENTRO,FEMININO,NEGRA
violencia_domestica,violencia_social,,,41.0,35_44,JOAO NEIVA,VILA NOVA DE BAIXO,FEMININO,BRANCA
violencia_domestica,violencia_social,,,42.0,35_44,VILA VELHA,JARDIM ASTECA,FEMININO,PARDA
violencia_domestica,violencia_social,,,42.0,35_44,CARIACICA,VISTA LINDA,FEMININO,PARDA
violencia_domestica,violencia_social,,,42.0,35_44,SERRA,JARDIM DA SERRA,FEMININO,PARDA
violencia_domestica,violencia_social,,,42.0,35_44,VILA VELHA,COQUEIRAL DE ITAPARICA,FEMININO,NEGRA
violencia_domestica,violencia_social,,,43.0,35_44,COLATINA,CARLOS GERMANO NAUMANN,FEMININO,BRANCA
violencia_domestica,violencia_social,,,43.0,35_44,VILA VELHA,COQUEIRAL DE ITAPARICA,FEMININO,NEGRA
violencia_domestica,violencia_social,,,43.0,35_44,ARACRUZ,COQUEIRAL,FEMININO,PARDA
violencia_domestica,violencia_social,,,44.0,35_44,VITORIA,ANDORINHAS,FEMININO,BRANCA
violencia_domestica,violencia_social,,,45.0,45_54,ARACRUZ,CAIEIRA VELHA,FEMININO,INDIGENA
violencia_domestica,violencia_social,,,45.0,45_54,CACHOEIRO DE ITAPEMIRIM,AQUIDABAN,FEMININO,BRANCA
violencia_domestica,violencia_social,,,45.0,45_54,MARATAIZES,CIDADE NOVA,FEMININO,INDETERMINADA
violencia_domestica,violencia_social,,,45.0,45_54,PRESIDENTE KENNEDY,ZONA RURAL,FEMININO,PARDA
violencia_domestica,violencia_social,,,45.0,45_54,VILA VELHA,COBILANDIA,FEMININO,PARDA
violencia_domestica,violencia_social,,,46.0,45_54,VILA VELHA,RIO MARINHO,FEMININO,PARDA
violencia_domestica,violencia_social,,,46.0,45_54,VILA VELHA,ARACAS,FEMININO,PARDA
violencia_domestica,violencia_social,,,48.0,45_54,SERRA,JOSE DE ANCHIETA,FEMININO,PARDA
violencia_domestica,violencia_social,,,50.0,45_54,CACHOEIRO DE ITAPEMIRIM,SAO FRANCISCO DE ASSIS,FEMININO,BRANCA
violencia_domestica,violencia_social,,,50.0,45_54,PRESIDENTE KENNEDY,ZONA RURAL,MASCULINO,NEGRA
violencia_domestica,violencia_social,,,52.0,45_54,VILA VELHA,PRAIA DA COSTA,FEMININO,BRANCA
violencia_domestica,violencia_social,,,53.0,45_54,GOVERNADOR LINDENBERG,MOACIR AVIDOS,FEMININO,BRANCA
violencia_domestica,violencia_social,,,53.0,45_54,VILA VELHA,BRISAMAR,FEMININO,PARDA
violencia_domestica,violencia_social,,,57.0,55_64,CARIACICA,NOVO BRASIL,FEMININO,PARDA
violencia_domestica,violencia_social,,,60.0,55_64,MANTENOPOLIS,SAO JOSE,FEMININO,PARDA
violencia_domestica,violencia_social,,,66.0,65_PLUS,CARIACICA,NOVO BRASIL,FEMININO,BRANCA
violencia_domestica,violencia_social,,,68.0,65_PLUS,ITAPEMIRIM,ITAOCA,FEMININO,BRANCA
violencia_domestica,violencia_social,,,72.0,65_PLUS,SERRA,SERRA DOURADA II,FEMININO,PARDA
violencia_domestica,violencia_social,,,82.0,65_PLUS,CACHOEIRO DE ITAPEMIRIM,SAO FRANCISCO DE ASSIS,FEMININO,BRANCA
violencia_domestica,violencia_social,,,,,MONTANHA,OUTRO LOCAL,S/I,INDETERMINADA
violencia_domestica,violencia_social,,,14.0,0_14,CACHOEIRO DE ITAPEMIRIM,VILAGE DA LUZ,MASCULINO,PARDA
violencia_domestica,violencia_social,,,15.0,15_17,GUARAPARI,PORTAL CLUB,FEMININO,PARDA
violencia_domestica,violencia_social,,,17.0,15_17,ARACRUZ,NOVA COLATINA,FEMININO,BRANCA
violencia_domestica,violencia_social,,,18.0,18_24,VILA VELHA,ARIBIRI,FEMININO,BRANCA
violencia_domestica,violencia_social,,,19.0,18_24,SERRA,PARQUE RESIDENCIAL LARANJEIRAS,FEMININO,BRANCA
violencia_domestica,violencia_social,,,19.0,18_24,SAO MATEUS,FATIMA,S/I,PARDA
violencia_domestica,violencia_social,,,19.0,18_24,CONCEICAO DO CASTELO,ZONA RURAL,FEMININO,NEGRA
violencia_domestica,violencia_social,,,19.0,18_24,CARIACICA,CAMPO VERDE,FEMININO,BRANCA
violencia_domestica,violencia_social,,,20.0,18_24,GUARAPARI,BELA VISTA,FEMININO,BRANCA
violencia_domestica,violencia_social,,,20.0,18_24,JAGUARE,CENTRO,MASCULINO,PARDA
violencia_domestica,violencia_social,,,21.0,18_24,CARIACICA,PORTO NOVO,FEMININO,PARDA
violencia_domestica,violencia_social,,,23.0,18_24,GUACUI,CENTRO,FEMININO,BRANCA
violencia_domestica,violencia_social,,,23.0,18_24,LINHARES,OLARIA,MASCULINO,NEGRA
violencia_domestica,violencia_social,,,24.0,18_24,VITORIA,JARDIM DA PENHA,FEMININO,BRANCA
violencia_domestica,violencia_social,,,24.0,18_24,GUARAPARI,CENTRO,FEMININO,BRANCA
violencia_domestica,violencia_social,,,25.0,25_34,SERRA,FEU ROSA,FEMININO,PARDA
violencia_domestica,violencia_social,,,26.0,25_34,CARIACICA,ITACIBA,FEMININO,PARDA
violencia_domestica,violencia_social,,,26.0,25_34,VILA VALERIO,ZONA RURAL,FEMININO,PARDA
violencia_domestica,violencia_social,,,27.0,25_34,SERRA,SAO MARCOS II,FEMININO,BRANCA
violencia_domestica,violencia_social,,,28.0,25_34,ITAPEMIRIM,CAMPO ACIMA,S/I,BRANCA
violencia_domestica,violencia_social,,,29.0,25_34,VITORIA,SANTO ANTONIO,FEMININO,PARDA
violencia_domestica,violencia_social,,,29.0,25_34,LINHARES,OUTRO LOCAL,FEMININO,BRANCA
violencia_domestica,violencia_social,,,29.0,25_34,SERRA,CANTINHO DO CEU,FEMININO,PARDA
violencia_domestica,violencia_social,,,33.0,25_34,CARIACICA,NOVO HORIZONTE,FEMININO,PARDA
violencia_domestica,violencia_social,,,33.0,25_34,VITORIA,CENTRO,FEMININO,BRANCA
violencia_domestica,violencia_social,,,33.0,25_34,AFONSO CLAUDIO,CENTRO,FEMININO,NEGRA
violencia_domestica,violencia_social,,,34.0,25_34,CARIACICA,NOVO HORIZONTE,FEMININO,PARDA
violencia_domestica,violencia_social,,,34.0,25_34,BARRA DE SAO FRANCISCO,CENTRO,FEMININO,BRANCA
violencia_domestica,violencia_social,,,34.0,25_34,ITAGUACU,PALMEIRA,FEMININO,BRANCA
violencia_domestica,violencia_social,,,34.0,25_34,CONCEICAO DA BARRA,NOVO HORIZONTE,FEMININO,INDETERMINADA
violencia_domestica,violencia_social,,,34.0,25_34,MARECHAL FLORIANO,SANTA RITA,FEMININO,PARDA
violencia_domestica,violencia_social,,,35.0,35_44,BARRA DE SAO FRANCISCO,BARRO PRETO,FEMININO,PARDA
violencia_domestica,violencia_social,,,35.0,35_44,VILA VELHA,DARLY SANTOS,FEMININO,PARDA
violencia_domestica,violencia_social,,,35.0,35_44,BARRA DE SAO FRANCISCO,BARRO PRETO,FEMININO,PARDA
violencia_domestica,violencia_social,,,36.0,35_44,VITORIA,JARDIM CAMBURI,FEMININO,PARDA
violencia_domestica,violencia_social,,,36.0,35_44,SERRA,SERRA DOURADA III,FEMININO,NEGRA
violencia_domestica,violencia_social,,,36.0,35_44,SERRA,SERRA DOURADA III,FEMININO,NEGRA
violencia_domestica,violencia_social,,,37.0,35_44,VILA VELHA,NORMILIA DA CUNHA,FEMININO,BRANCA
violencia_domestica,violencia_social,,,38.0,35_44,CARIACICA,BUBU,FEMININO,PARDA
violencia_domestica,violencia_social,,,40.0,35_44,SOORETAMA,CENTRO,FEMININO,PARDA
violencia_domestica,violencia_social,,,40.0,35_44,ITAGUACU,CENTRO,FEMININO,PARDA
violencia_domestica,violencia_social,,,40.0,35_44,VILA VELHA,PRAIA DA COSTA,FEMININO,BRANCA
violencia_domestica,violencia_social,,,41.0,35_44,CACHOEIRO DE ITAPEMIRIM,ZUMBI,FEMININO,PARDA
violencia_domestica,violencia_social,,,42.0,35_44,ARACRUZ,VILA NOVA,FEMININO,NEGRA
violencia_domestica,violencia_social,,,42.0,35_44,COLATINA,SANTO ANTONIO,FEMININO,NEGRA
violencia_domestica,violencia_social,,,42.0,35_44,LINHARES,PONTAL DO IPIRANGA,FEMININO,NEGRA
violencia_domestica,violencia_social,,,42.0,35_44,VILA VELHA,BARRAMARES,FEMININO,PARDA
violencia_domestica,violencia_social,,,44.0,35_44,GUARAPARI,MUQUICABA,FEMININO,BRANCA
violencia_domestica,violencia_social,,,44.0,35_44,CARIACICA,SANTO ANTONIO,FEMININO,PARDA
violencia_domestica,violencia_social,,,44.0,35_44,SAO MATEUS,MARIRICU,FEMININO,PARDA
violencia_domestica,violencia_social,,,46.0,45_54,VILA VELHA,RIO MARINHO,FEMININO,PARDA
violencia_domestica,violencia_social,,,47.0,45_54,SANTA MARIA DE JETIBA,SAO SEBASTIAO DO MEIO,FEMININO,PARDA
violencia_domestica,violencia_social,,,48.0,45_54,CACHOEIRO DE ITAPEMIRIM,VILAGE DA LUZ,FEMININO,BRANCA
violencia_domestica,violencia_social,,,49.0,45_54,GUACUI,MANOEL ALVES SIQUEIRA,FEMININO,NEGRA
violencia_domestica,violencia_social,,,50.0,45_54,CONCEICAO DO CASTELO,ZONA RURAL,MASCULINO,NEGRA
violencia_domestica,violencia_social,,,50.0,45_54,VILA VELHA,MORRO DA LAGOA,FEMININO,PARDA
violencia_domestica,violencia_social,,,52.0,45_54,COLATINA,AYRTON SENNA,FEMININO,BRANCA
violencia_domestica,violencia_social,,,55.0,55_64,MARATAIZES,CENTRO,FEMININO,PARDA
violencia_domestica,violencia_social,,,56.0,55_64,SERRA,SERRA DOURADA I,MASCULINO,BRANCA
violencia_domestica,violencia_social,,,63.0,55_64,SERRA,PARQUE RESIDENCIAL TUBARAO,FEMININO,PARDA
violencia_domestica,violencia_social,,,71.0,65_PLUS,ARACRUZ,COHAB II,FEMININO,BRANCA
violencia_domestica,violencia_social,,,71.0,65_PLUS,LINHARES,LAGOA DO MEIO,FEMININO,BRANCA
violencia_domestica,violencia_social,,,,,BOA ESPERANCA,BOA VISTA,FEMININO,NEGRA
violencia_domestica,violencia_social,,,,,VILA VELHA,GUARANHUNS,FEMININO,PARDA
violencia_domestica,violencia_social,,,16.0,15_17,LINHARES,SAO JOSE,FEMININO,PARDA
violencia_domestica,violencia_social,,,17.0,15_17,FUNDAO,PRAIA GRANDE,FEMININO,PARDA
violencia_domestica,violencia_social,,,17.0,15_17,FUNDAO,PRAIA GRANDE,S/I,PARDA
violencia_domestica,violencia_social,,,18.0,18_24,GUARAPARI,OUTRO LOCAL,FEMININO,PARDA
violencia_domestica,violencia_social,,,18.0,18_24,VIANA,MARCILIO DE NORONHA,FEMININO,PARDA
violencia_domestica,violencia_social,,,18.0,18_24,CARIACICA,FLEXAL II,FEMININO,NEGRA
violencia_domestica,violencia_social,,,19.0,18_24,VITORIA,RESISTENCIA,FEMININO,NEGRA
violencia_domestica,violencia_social,,,20.0,18_24,VILA VELHA,BRISAMAR,FEMININO,PARDA
violencia_domestica,violencia_social,,,21.0,18_24,COLATINA,VILA AMELIA,MASCULINO,PARDA
violencia_domestica,violencia_social,,,22.0,18_24,CACHOEIRO DE ITAPEMIRIM,AEROPORTO,FEMININO,BRANCA
violencia_domestica,violencia_social,,,22.0,18_24,SAO MATEUS,ZONA RURAL,FEMININO,PARDA
violencia_domestica,violencia_social,,,22.0,18_24,VITORIA,NOVA PALESTINA,FEMININO,PARDA
violencia_domestica,violencia_social,,,22.0,18_24,MARATAIZES,ATLANTICO,FEMININO,NEGRA
violencia_domestica,violencia_social,,,23.0,18_24,GOVERNADOR LINDENBERG,SAO JOAO,FEMININO,PARDA
violencia_domestica,violencia_social,,,24.0,18_24,NOVA VENECIA,FILOMENA,FEMININO,PARDA
violencia_domestica,violencia_social,,,25.0,25_34,VENDA NOVA DO IMIGRANTE,PROVIDENCIA,FEMININO,BRANCA
violencia_domestica,violencia_social,,,25.0,25_34,IUNA,QUILOMBO,FEMININO,BRANCA
violencia_domestica,violencia_social,,,25.0,25_34,COLATINA,CARLOS GERMANO NAUMANN,FEMININO,NEGRA
violencia_domestica,violencia_social,,,25.0,25_34,NOVA VENECIA,AEROPORTO,FEMININO,PARDA
violencia_domestica,violencia_social,,,26.0,25_34,ECOPORANGA,BENEDITA MONTEIRO,FEMININO,NEGRA
violencia_domestica,violencia_social,,,26.0,25_34,COLATINA,COLATINA VELHA,FEMININO,PARDA
violencia_domestica,violencia_social,,,26.0,25_34,SAO GABRIEL DA PALHA,CACHOEIRA DA ONCA,FEMININO,INDETERMINADA
violencia_domestica,violencia_social,,,27.0,25_34,MANTENOPOLIS,SAO JOSE,FEMININO,BRANCA
violencia_domestica,violencia_social,,,27.0,25_34,CACHOEIRO DE ITAPEMIRIM,VILAGE DA LUZ,FEMININO,PARDA
violencia_domestica,violencia_social,,,28.0,25_34,MARATAIZES,BARRA DE ITAPEMIRIM,FEMININO,INDETERMINADA
violencia_domestica,violencia_social,,,29.0,25_34,CACHOEIRO DE ITAPEMIRIM,CORAMARA,FEMININO,BRANCA
violencia_domestica,violencia_social,,,29.0,25_34,ITAPEMIRIM,JOACIMA,FEMININO,BRANCA
violencia_domestica,violencia_social,,,29.0,25_34,SAO MATEUS,NESTOR GOMES,MASCULINO,PARDA
violencia_domestica,violencia_social,,,29.0,25_34,CARIACICA,NOVO BRASIL,FEMININO,BRANCA
violencia_domestica,violencia_social,,,30.0,25_34,SERRA,DIVINOPOLIS,S/I,PARDA
violencia_domestica,violencia_social,,,30.0,25_34,SERRA,VISTA DA SERRA II,FEMININO,PARDA
violencia_domestica,violencia_social,,,31.0,25_34,CONCEICAO DO CASTELO,NICOLAU DE VARGAS E SILVA,FEMININO,NEGRA
violencia_domestica,violencia_social,,,33.0,25_34,NOVA VENECIA,OUTRO LOCAL,FEMININO,BRANCA
violencia_domestica,violencia_social,,,33.0,25_34,MARATAIZES,CIDADE NOVA,FEMININO,BRANCA
violencia_domestica,violencia_social,,,33.0,25_34,ARACRUZ,BARRA DO RIACHO,FEMININO,PARDA
violencia_domestica,violencia_social,,,34.0,25_34,IBATIBA,IPE,FEMININO,PARDA
violencia_domestica,violencia_social,,,34.0,25_34,CARIACICA,PORTO DE SANTANA,FEMININO,PARDA
violencia_domestica,violencia_social,,,34.0,25_34,SERRA,NOVA CARAPINA II,FEMININO,PARDA
violencia_domestica,violencia_social,,,35.0,35_44,ALFREDO CHAVES,MACRINA,FEMININO,PARDA
violencia_domestica,violencia_social,,,35.0,35_44,IBATIBA,BRASIL NOVO,FEMININO,PARDA
violencia_domestica,violencia_social,,,35.0,35_44,CACHOEIRO DE ITAPEMIRIM,ALTO MONTE CRISTO,FEMININO,PARDA
violencia_domestica,violencia_social,,,36.0,35_44,IBATIBA,SAO SEBASTIAO,FEMININO,NEGRA
violencia_domestica,violencia_social,,,36.0,35_44,ARACRUZ,VILA DO RIACHO,FEMININO,PARDA
violencia_domestica,violencia_social,,,36.0,35_44,SERRA,VALPARAISO,FEMININO,PARDA
violencia_domestica,violencia_social,,,37.0,35_44,SAO MATEUS,LITORANEO,FEMININO,INDETERMINADA
violencia_domestica,violencia_social,,,38.0,35_44,VENDA NOVA DO IMIGRANTE,PROVIDENCIA,FEMININO,NEGRA
violencia_domestica,violencia_social,,,38.0,35_44,ALFREDO CHAVES,MACRINA,FEMININO,PARDA
violencia_domestica,violencia_social,,,38.0,35_44,SERRA,JARDIM ATLANTICO,FEMININO,PARDA
violencia_domestica,violencia_social,,,38.0,35_44,ARACRUZ,OUTRO LOCAL,FEMININO,BRANCA
violencia_domestica,violencia_social,,,38.0,35_44,VIANA,NOVA BETHANIA,FEMININO,PARDA
violencia_domestica,violencia_social,,,40.0,35_44,ITAPEMIRIM,GRAUNA,FEMININO,NEGRA
violencia_domestica,violencia_social,,,40.0,35_44,CACHOEIRO DE ITAPEMIRIM,NOSSA SENHORA DA PENHA,FEMININO,PARDA
violencia_domestica,violencia_social,,,40.0,35_44,VILA VELHA,COQUEIRAL DE ITAPARICA,FEMININO,PARDA
violencia_domestica,violencia_social,,,41.0,35_44,VENDA NOVA DO IMIGRANTE,CENTRO,FEMININO,BRANCA
violencia_domestica,violencia_social,,,42.0,35_44,CACHOEIRO DE ITAPEMIRIM,PARAISO,FEMININO,BRANCA
violencia_domestica,violencia_social,,,42.0,35_44,FUNDAO,AGRIN CORREIA DA VITORIA,FEMININO,PARDA
violencia_domestica,violencia_social,,,43.0,35_44,SAO MATEUS,LITORANEO,FEMININO,INDETERMINADA
violencia_domestica,violencia_social,,,43.0,35_44,VIANA,AREINHA,FEMININO,PARDA
violencia_domestica,violencia_social,,,43.0,35_44,SERRA,BOA VISTA II,FEMININO,PARDA
violencia_domestica,violencia_social,,,44.0,35_44,BOA ESPERANCA,VILA TAVARES,FEMININO,NEGRA
violencia_domestica,violencia_social,,,44.0,35_44,SANTA MARIA DE JETIBA,SAO LUIS,FEMININO,NEGRA
violencia_domestica,violencia_social,,,45.0,45_54,ITARANA,COHAB,FEMININO,BRANCA
violencia_domestica,violencia_social,,,45.0,45_54,CACHOEIRO DE ITAPEMIRIM,AEROPORTO,FEMININO,BRANCA
violencia_domestica,violencia_social,,,45.0,45_54,ARACRUZ,PRIMAVERA,FEMININO,PARDA
violencia_domestica,violencia_social,,,45.0,45_54,FUNDAO,TIMBUI,FEMININO,BRANCA
violencia_domestica,violencia_social,,,45.0,45_54,SERRA,CIDADE CONTINENTAL,FEMININO,BRANCA
violencia_domestica,violencia_social,,,45.0,45_54,CARIACICA,SANTA BARBARA,FEMININO,PARDA
violencia_domestica,violencia_social,,,46.0,45_54,CARIACICA,FLEXAL I,FEMININO,INDETERMINADA
violencia_domestica,violencia_social,,,46.0,45_54,CARIACICA,CASTELO BRANCO,FEMININO,PARDA
violencia_domestica,violencia_social,,,47.0,45_54,VILA VELHA,IBES,FEMININO,BRANCA
violencia_domestica,violencia_social,,,48.0,45_54,COLATINA,VICENTE SOELA,FEMININO,BRANCA
violencia_domestica,violencia_social,,,51.0,45_54,CACHOEIRO DE ITAPEMIRIM,SAFRA,FEMININO,BRANCA
violencia_domestica,violencia_social,,,53.0,45_54,COLATINA,VILA AMELIA,FEMININO,PARDA
violencia_domestica,violencia_social,,,54.0,45_54,SERRA,MANGUINHOS,FEMININO,BRANCA
violencia_domestica,violencia_social,,,55.0,55_64,AFONSO CLAUDIO,FAZENDA GUANDU,FEMININO,PARDA
violencia_domestica,violencia_social,,,56.0,55_64,SAO GABRIEL DA PALHA,PROGRESSO,FEMININO,BRANCA
violencia_domestica,violencia_social,,,56.0,55_64,LINHARES,AVISO,FEMININO,PARDA
violencia_domestica,violencia_social,,,58.0,55_64,MANTENOPOLIS,CENTRO,FEMININO,PARDA
violencia_domestica,violencia_social,,,58.0,55_64,SANTA MARIA DE JETIBA,VILA ITALIANOS,FEMININO,BRANCA
violencia_domestica,violencia_social,,,59.0,55_64,ECOPORANGA,BENEDITA MONTEIRO,FEMININO,NEGRA
violencia_domestica,violencia_social,,,61.0,55_64,VENDA NOVA DO IMIGRANTE,SAO PEDRO,FEMININO,BRANCA
violencia_domestica,violencia_social,,,67.0,65_PLUS,VILA VELHA,IBES,FEMININO,BRANCA
violencia_domestica,violencia_social,,,,,RIO BANANAL,SAO SEBASTIAO,S/I,PARDA
violencia_domestica,violencia_social,,,,,PONTO BELO,CARVAO,FEMININO,BRANCA
violencia_domestica,violencia_social,,,,,NOVA VENECIA,BEIRA RIO,FEMININO,PARDA
violencia_domestica,violencia_social,,,,,SAO MATEUS,JAMBEIRO,FEMININO,PARDA
violencia_domestica,violencia_social,,,16.0,15_17,SERRA,FEU ROSA,FEMININO,PARDA
violencia_domestica,violencia_social,,,17.0,15_17,BREJETUBA,RANCHO DA ANTA,MASCULINO,PARDA
violencia_domestica,violencia_social,,,18.0,18_24,ARACRUZ,BELA VISTA,FEMININO,PARDA
violencia_domestica,violencia_social,,,20.0,18_24,PEDRO CANARIO,CRISTAL DO NORTE,FEMININO,PARDA
violencia_domestica,violencia_social,,,21.0,18_24,BAIXO GUANDU,SAO JOSE,FEMININO,BRANCA
violencia_domestica,violencia_social,,,21.0,18_24,VILA VELHA,BOA VISTA I,FEMININO,PARDA
violencia_domestica,violencia_social,,,22.0,18_24,COLATINA,MARIA DAS GRACAS,FEMININO,BRANCA
violencia_domestica,violencia_social,,,22.0,18_24,CACHOEIRO DE ITAPEMIRIM,CORREGO DOS MONOS,FEMININO,BRANCA
violencia_domestica,violencia_social,,,22.0,18_24,SERRA,FEU ROSA,FEMININO,PARDA
violencia_domestica,violencia_social,,,22.0,18_24,SAO GABRIEL DA PALHA,ASA BRANCA,FEMININO,PARDA
violencia_domestica,violencia_social,,,22.0,18_24,VIANA,VILA BETHANIA,FEMININO,INDETERMINADA
violencia_domestica,violencia_social,,,23.0,18_24,SERRA,FEU ROSA,FEMININO,BRANCA
violencia_domestica,violencia_social,,,23.0,18_24,MARATAIZES,LAGOA DO SIRI,FEMININO,BRANCA
violencia_domestica,violencia_social,,,24.0,18_24,LINHARES,JUPARANA,FEMININO,PARDA
violencia_domestica,violencia_social,,,24.0,18_24,LINHARES,ZONA RURAL,FEMININO,INDETERMINADA
violencia_domestica,violencia_social,,,24.0,18_24,VILA VALERIO,BOA VISTA,FEMININO,PARDA
violencia_domestica,violencia_social,,,25.0,25_34,LINHARES,PONTAL DO IPIRANGA,FEMININO,NEGRA
violencia_domestica,violencia_social,,,25.0,25_34,VILA VELHA,JOCKEY DE ITAPARICA,FEMININO,PARDA
violencia_domestica,violencia_social,,,26.0,25_34,ARACRUZ,DECARLI,FEMININO,BRANCA
violencia_domestica,violencia_social,,,26.0,25_34,LINHARES,MOVELAR,FEMININO,PARDA
violencia_domestica,violencia_social,,,26.0,25_34,SAO GABRIEL DA PALHA,JARDIM DE INFANCIA,FEMININO,PARDA
violencia_domestica,violencia_social,,,26.0,25_34,ALEGRE,VILA DO SUL,FEMININO,BRANCA
violencia_domestica,violencia_social,,,26.0,25_34,LINHARES,MOVELAR,FEMININO,PARDA
violencia_domestica,violencia_social,,,26.0,25_34,PONTO BELO,ITAMIRA,FEMININO,INDETERMINADA
violencia_domestica,violencia_social,,,26.0,25_34,SERRA,JARDIM LIMOEIRO,FEMININO,PARDA
violencia_domestica,violencia_social,,,26.0,25_34,VITORIA,SAO CRISTOVAO,FEMININO,NEGRA
violencia_domestica,violencia_social,,,27.0,25_34,CONCEICAO DO CASTELO,NICOLAU DE VARGAS E SILVA,FEMININO,BRANCA
violencia_domestica,violencia_social,,,28.0,25_34,COLATINA,SANTOS DUMONT,FEMININO,BRANCA
violencia_domestica,violencia_social,,,28.0,25_34,ITAGUACU,ITACU,FEMININO,BRANCA
violencia_domestica,violencia_social,,,28.0,25_34,COLATINA,FIORAVANTE MARINO,FEMININO,NEGRA
violencia_domestica,violencia_social,,,28.0,25_34,GUARAPARI,BELA VISTA,FEMININO,NEGRA
violencia_domestica,violencia_social,,,28.0,25_34,SAO GABRIEL DA PALHA,JARDIM DE INFANCIA,FEMININO,PARDA
violencia_domestica,violencia_social,,,28.0,25_34,JOAO NEIVA,FLORESTA,FEMININO,NEGRA
violencia_domestica,violencia_social,,,29.0,25_34,VITORIA,SANTA MARTHA,FEMININO,NEGRA
violencia_domestica,violencia_social,,,30.0,25_34,CASTELO,NITEROI,FEMININO,PARDA
violencia_domestica,violencia_social,,,30.0,25_34,LINHARES,PLANALTO,FEMININO,PARDA
violencia_domestica,violencia_social,,,31.0,25_34,SAO MATEUS,BOM SUCESSO,FEMININO,NEGRA
violencia_domestica,violencia_social,,,32.0,25_34,SAO MATEUS,CACIQUE,FEMININO,BRANCA
violencia_domestica,violencia_social,,,33.0,25_34,CARIACICA,SANTA CECILIA,FEMININO,PARDA
violencia_domestica,violencia_social,,,33.0,25_34,SAO GABRIEL DA PALHA,JARDIM DE INFANCIA,FEMININO,PARDA
violencia_domestica,violencia_social,,,33.0,25_34,VITORIA,PRAIA DO CANTO,FEMININO,BRANCA
violencia_domestica,violencia_social,,,34.0,25_34,PINHEIROS,CENTRO,FEMININO,BRANCA
violencia_domestica,violencia_social,,,34.0,25_34,CARIACICA,JARDIM AMERICA,FEMININO,PARDA
violencia_domestica,violencia_social,,,35.0,35_44,ARACRUZ,JACUPEMBA,FEMININO,PARDA
violencia_domestica,violencia_social,,,35.0,35_44,VILA VELHA,ILHA DAS FLORES,FEMININO,NEGRA
violencia_domestica,violencia_social,,,36.0,35_44,LINHARES,CANIVETE,FEMININO,NEGRA
violencia_domestica,violencia_social,,,36.0,35_44,GUARAPARI,IPIRANGA,FEMININO,INDIGENA
violencia_domestica,violencia_social,,,36.0,35_44,VIANA,SANTO AGOSTINHO,FEMININO,INDIGENA
violencia_domestica,violencia_social,,,36.0,35_44,IUNA,LARANJA DA TERRA,FEMININO,PARDA
violencia_domestica,violencia_social,,,37.0,35_44,VILA VELHA,DIVINO ESPIRITO SANTO,FEMININO,PARDA
violencia_domestica,violencia_social,,,37.0,35_44,GUARAPARI,PALMEIRAS,FEMININO,NEGRA
violencia_domestica,violencia_social,,,37.0,35_44,CARIACICA,MUCURI,FEMININO,NEGRA
violencia_domestica,violencia_social,,,40.0,35_44,SANTA MARIA DE JETIBA,SANTA LUZIA DO RECREIO,FEMININO,BRANCA
violencia_domestica,violencia_social,,,40.0,35_44,MARATAIZES,BARRA DE ITAPEMIRIM,FEMININO,PARDA
violencia_domestica,violencia_social,,,40.0,35_44,JERONIMO MONTEIRO,SANTA CLARA,FEMININO,BRANCA
violencia_domestica,violencia_social,,,40.0,35_44,SAO MATEUS,JAMBEIRO,FEMININO,PARDA
violencia_domestica,violencia_social,,,41.0,35_44,AGUIA BRANCA,OUTRO LOCAL,FEMININO,NEGRA
violencia_domestica,violencia_social,,,41.0,35_44,GUACUI,OUTRO LOCAL,FEMININO,BRANCA
violencia_domestica,violencia_social,,,42.0,35_44,ANCHIETA,OUTRO LOCAL,FEMININO,NEGRA
violencia_domestica,violencia_social,,,42.0,35_44,SERRA,CIDADE POMAR,FEMININO,NEGRA
violencia_domestica,violencia_social,,,43.0,35_44,GUARAPARI,SANTA MONICA,FEMININO,NEGRA
violencia_domestica,violencia_social,,,43.0,35_44,BREJETUBA,RANCHO DA ANTA,FEMININO,PARDA
violencia_domestica,violencia_social,,,43.0,35_44,SERRA,BAIRRO DAS LARANJEIRAS,FEMININO,PARDA
violencia_domestica,violencia_social,,,44.0,35_44,GUARAPARI,SANTA MONICA,FEMININO,BRANCA
violencia_domestica,violencia_social,,,45.0,45_54,AFONSO CLAUDIO,GRAMA,FEMININO,BRANCA
violencia_domestica,violencia_social,,,45.0,45_54,SAO MATEUS,OUTRO LOCAL,FEMININO,BRANCA
violencia_domestica,violencia_social,,,46.0,45_54,BAIXO GUANDU,SANTA MONICA,FEMININO,BRANCA
violencia_domestica,violencia_social,,,46.0,45_54,GUARAPARI,SAO GABRIEL,FEMININO,NEGRA
violencia_domestica,violencia_social,,,46.0,45_54,VITORIA,SANTA MARTHA,FEMININO,PARDA
violencia_domestica,violencia_social,,,47.0,45_54,CACHOEIRO DE ITAPEMIRIM,CORAMARA,FEMININO,BRANCA
violencia_domestica,violencia_social,,,47.0,45_54,VILA VELHA,BOA VISTA II,FEMININO,PARDA
violencia_domestica,violencia_social,,,48.0,45_54,LINHARES,INTERLAGOS,FEMININO,PARDA
violencia_domestica,violencia_social,,,48.0,45_54,BAIXO GUANDU,SAO JOSE,FEMININO,PARDA
violencia_domestica,violencia_social,,,48.0,45_54,SERRA,CIDADE CONTINENTAL,FEMININO,BRANCA
violencia_domestica,violencia_social,,,48.0,45_54,VILA VELHA,ILHA DOS BENTOS,FEMININO,PARDA
violencia_domestica,violencia_social,,,50.0,45_54,SERRA,PARQUE JACARAIPE,S/I,PARDA
violencia_domestica,violencia_social,,,51.0,45_54,VILA VELHA,ILHA DOS BENTOS,FEMININO,PARDA
violencia_domestica,violencia_social,,,53.0,45_54,CACHOEIRO DE ITAPEMIRIM,ZUMBI,FEMININO,BRANCA
violencia_domestica,violencia_social,,,54.0,45_54,GUARAPARI,OUTRO LOCAL,FEMININO,PARDA
violencia_domestica,violencia_social,,,55.0,55_64,DOMINGOS MARTINS,GOIABEIRA,FEMININO,BRANCA
violencia_domestica,violencia_social,,,55.0,55_64,SANTA MARIA DE JETIBA,SANTA LUZIA DO RECREIO,FEMININO,BRANCA
violencia_domestica,violencia_social,,,56.0,55_64,GUACUI,SAO PEDRO DE RATES,FEMININO,PARDA
violencia_domestica,violencia_social,,,57.0,55_64,LINHARES,SAO RAFAEL,FEMININO,PARDA
violencia_domestica,violencia_social,,,64.0,55_64,SERRA,PRAIAMAR,FEMININO,BRANCA
violencia_domestica,violencia_social,,,67.0,65_PLUS,VILA VELHA,ITAPOA,FEMININO,BRANCA
violencia_domestica,violencia_social,,,69.0,65_PLUS,JOAO NEIVA,CENTRO,FEMININO,BRANCA
violencia_domestica,violencia_social,,,70.0,65_PLUS,NOVA VENECIA,ALTOE,FEMININO,PARDA
violencia_domestica,violencia_social,,,76.0,65_PLUS,ANCHIETA,ALVORADA,FEMININO,BRANCA
violencia_domestica,violencia_social,,,,,JERONIMO MONTEIRO,PEDREGAL,FEMININO,PARDA
violencia_domestica,violencia_social,,,,,VILA VELHA,DIVINO ESPIRITO SANTO,FEMININO,PARDA
violencia_domestica,violencia_social,,,14.0,0_14,ALTO RIO NOVO,SANTA BARBARA II,FEMININO,BRANCA
violencia_domestica,violencia_social,,,16.0,15_17,SERRA,NOVO HORIZONTE,FEMININO,NEGRA
violencia_domestica,violencia_social,,,17.0,15_17,MARATAIZES,CENTRO,FEMININO,BRANCA
violencia_domestica,violencia_social,,,18.0,18_24,BARRA DE SAO FRANCISCO,BAIRRO VILA LANDINHA,FEMININO,NEGRA
violencia_domestica,violencia_social,,,18.0,18_24,LINHARES,PLANALTO,FEMININO,PARDA
violencia_domestica,violencia_social,,,18.0,18_24,VITORIA,MARIA ORTIZ,FEMININO,NEGRA
violencia_domestica,violencia_social,,,19.0,18_24,DOMINGOS MARTINS,SAO RAFAEL,FEMININO,BRANCA
violencia_domestica,violencia_social,,,20.0,18_24,PEDRO CANARIO,ZONA RURAL,FEMININO,NEGRA
violencia_domestica,violencia_social,,,20.0,18_24,ALEGRE,VILA DO SUL,FEMININO,BRANCA
violencia_domestica,violencia_social,,,20.0,18_24,VITORIA,ITARARE,FEMININO,PARDA
violencia_domestica,violencia_social,,,20.0,18_24,IBATIBA,FLORESTA II,FEMININO,BRANCA
violencia_domestica,violencia_social,,,20.0,18_24,CARIACICA,NOVA ROSA DA PENHA,FEMININO,PARDA
violencia_domestica,violencia_social,,,20.0,18_24,SERRA,CIDADE CONTINENTAL,FEMININO,PARDA
violencia_domestica,violencia_social,,,21.0,18_24,MANTENOPOLIS,SAO JOSE DE MANTENOPOLIS,FEMININO,PARDA
violencia_domestica,violencia_social,,,21.0,18_24,VILA VELHA,VALE ENCANTADO,FEMININO,BRANCA
violencia_domestica,violencia_social,,,22.0,18_24,BARRA DE SAO FRANCISCO,ZONA RURAL,FEMININO,BRANCA
violencia_domestica,violencia_social,,,22.0,18_24,VILA VELHA,RESIDENCIAL COQUEIRAL,FEMININO,PARDA
violencia_domestica,violencia_social,,,23.0,18_24,LINHARES,SANTA CRUZ,FEMININO,PARDA
violencia_domestica,violencia_social,,,23.0,18_24,VITORIA,REDENCAO,FEMININO,PARDA
violencia_domestica,violencia_social,,,24.0,18_24,ALTO RIO NOVO,AGUA LIMPA,FEMININO,PARDA
violencia_domestica,violencia_social,,,24.0,18_24,IBATIBA,BRASIL NOVO,FEMININO,PARDA
violencia_domestica,violencia_social,,,24.0,18_24,MARECHAL FLORIANO,CENTRO,S/I,PARDA
violencia_domestica,violencia_social,,,24.0,18_24,DOMINGOS MARTINS,FAZENDA DO ESTADO,FEMININO,PARDA
violencia_domestica,violencia_social,,,25.0,25_34,ANCHIETA,DOIS IRMAOS,FEMININO,PARDA
violencia_domestica,violencia_social,,,25.0,25_34,CACHOEIRO DE ITAPEMIRIM,CORONEL BORGES,FEMININO,NEGRA
violencia_domestica,violencia_social,,,25.0,25_34,CARIACICA,NOVA CANAA,FEMININO,PARDA
violencia_domestica,violencia_social,,,25.0,25_34,ARACRUZ,JACUPEMBA,FEMININO,PARDA
violencia_domestica,violencia_social,,,26.0,25_34,IUNA,QUILOMBO,FEMININO,PARDA
violencia_domestica,violencia_social,,,26.0,25_34,LINHARES,OUTRO LOCAL,FEMININO,PARDA
violencia_domestica,violencia_social,,,26.0,25_34,LINHARES,OUTRO LOCAL,FEMININO,BRANCA
violencia_domestica,violencia_social,,,27.0,25_34,VILA VELHA,BARRAMARES,FEMININO,PARDA
violencia_domestica,violencia_social,,,27.0,25_34,VILA VELHA,RIVIERA DA BARRA,FEMININO,BRANCA
violencia_domestica,violencia_social,,,28.0,25_34,ITAPEMIRIM,MARAGUA,MASCULINO,BRANCA
violencia_domestica,violencia_social,,,28.0,25_34,IUNA,NITEROI,FEMININO,BRANCA
violencia_domestica,violencia_social,,,28.0,25_34,COLATINA,SAO SILVANO,FEMININO,BRANCA
violencia_domestica,violencia_social,,,28.0,25_34,SERRA,PRAIAMAR,FEMININO,PARDA
violencia_domestica,violencia_social,,,29.0,25_34,LINHARES,FARIAS,FEMININO,PARDA
violencia_domestica,violencia_social,,,30.0,25_34,LINHARES,OUTRO LOCAL,FEMININO,BRANCA
violencia_domestica,violencia_social,,,31.0,25_34,COLATINA,CARLOS GERMANO NAUMANN,FEMININO,BRANCA
violencia_domestica,violencia_social,,,32.0,25_34,BAIXO GUANDU,CENTRO,FEMININO,PARDA
violencia_domestica,violencia_social,,,32.0,25_34,SERRA,JARDIM ATLANTICO,FEMININO,PARDA
violencia_domestica,violencia_social,,,32.0,25_34,CACHOEIRO DE ITAPEMIRIM,VALAO,FEMININO,PARDA
violencia_domestica,violencia_social,,,32.0,25_34,CACHOEIRO DE ITAPEMIRIM,OTTON MARINS,FEMININO,PARDA
violencia_domestica,violencia_social,,,34.0,25_34,SANTA MARIA DE JETIBA,VILA NOVA,FEMININO,BRANCA
violencia_domestica,violencia_social,,,34.0,25_34,LINHARES,LINHARES V,FEMININO,PARDA
violencia_domestica,violencia_social,,,34.0,25_34,BAIXO GUANDU,VALPARAISO,FEMININO,NEGRA
violencia_domestica,violencia_social,,,35.0,35_44,LINHARES,PLANALTO,FEMININO,PARDA
violencia_domestica,violencia_social,,,35.0,35_44,CACHOEIRO DE ITAPEMIRIM,BAIMINAS,FEMININO,PARDA
violencia_domestica,violencia_social,,,37.0,35_44,SERRA,SERRA DOURADA I,FEMININO,PARDA
violencia_domestica,violencia_social,,,37.0,35_44,CARIACICA,SANTA LUZIA,FEMININO,BRANCA
violencia_domestica,violencia_social,,,37.0,35_44,SERRA,VISTA DA SERRA I,FEMININO,NEGRA
violencia_domestica,violencia_social,,,38.0,35_44,SERRA,CIDADE CONTINENTAL,FEMININO,BRANCA
violencia_domestica,violencia_social,,,38.0,35_44,VITORIA,ILHA DO BOI,FEMININO,PARDA
violencia_domestica,violencia_social,,,38.0,35_44,COLATINA,HONORIO FRAGA,FEMININO,BRANCA
violencia_domestica,violencia_social,,,39.0,35_44,LINHARES,SANTA CRUZ,FEMININO,PARDA
violencia_domestica,violencia_social,,,39.0,35_44,ITAPEMIRIM,ITAIPAVA,FEMININO,PARDA
violencia_domestica,violencia_social,,,39.0,35_44,VITORIA,JARDIM DA PENHA,FEMININO,BRANCA
violencia_domestica,violencia_social,,,40.0,35_44,COLATINA,FAZENDA VITALI,FEMININO,BRANCA
violencia_domestica,violencia_social,,,41.0,35_44,AFONSO CLAUDIO,VARGEM GRANDE,FEMININO,NEGRA
violencia_domestica,violencia_social,,,42.0,35_44,COLATINA,MARTINELI,FEMININO,BRANCA
violencia_domestica,violencia_social,,,42.0,35_44,IUNA,GUANABARA,FEMININO,NEGRA
violencia_domestica,violencia_social,,,43.0,35_44,BREJETUBA,SERTAOZINHO,MASCULINO,BRANCA
violencia_domestica,violencia_social,,,43.0,35_44,SERRA,NOVO HORIZONTE,FEMININO,NEGRA
violencia_domestica,violencia_social,,,43.0,35_44,CACHOEIRO DE ITAPEMIRIM,BAIMINAS,FEMININO,PARDA
violencia_domestica,violencia_social,,,43.0,35_44,SAO MATEUS,SERNAMBY,FEMININO,BRANCA
violencia_domestica,violencia_social,,,48.0,45_54,SERRA,LAGOA DE CARAPEBUS,FEMININO,PARDA
violencia_domestica,violencia_social,,,49.0,45_54,CACHOEIRO DE ITAPEMIRIM,DOUTOR GILSON CARONE,FEMININO,BRANCA
violencia_domestica,violencia_social,,,49.0,45_54,CASTELO,GARAGE,FEMININO,BRANCA
violencia_domestica,violencia_social,,,50.0,45_54,DOMINGOS MARTINS,CENTRO,FEMININO,BRANCA
violencia_domestica,violencia_social,,,51.0,45_54,BOM JESUS DO NORTE,ZONA RURAL,FEMININO,NEGRA
violencia_domestica,violencia_social,,,55.0,55_64,BAIXO GUANDU,VILA KENNEDY,FEMININO,PARDA
violencia_domestica,violencia_social,,,55.0,55_64,SERRA,ANDRE CARLONI,FEMININO,PARDA
violencia_domestica,violencia_social,,,56.0,55_64,NOVA VENECIA,OUTRO LOCAL,FEMININO,PARDA
violencia_domestica,violencia_social,,,56.0,55_64,SAO MATEUS,URUSSUQUARA,FEMININO,BRANCA
violencia_domestica,violencia_social,,,57.0,55_64,VILA VELHA,DIVINO ESPIRITO SANTO,FEMININO,PARDA
violencia_domestica,violencia_social,,,57.0,55_64,CACHOEIRO DE ITAPEMIRIM,CAICARA,FEMININO,NEGRA
violencia_domestica,violencia_social,,,58.0,55_64,CARIACICA,CAMPO GRANDE,FEMININO,BRANCA
violencia_domestica,violencia_social,,,59.0,55_64,LINHARES,RIO QUARTEL,FEMININO,BRANCA
violencia_domestica,violencia_social,,,67.0,65_PLUS,GOVERNADOR LINDENBERG,NOVO BRASIL,S/I,BRANCA
violencia_domestica,violencia_social,,,70.0,65_PLUS,SERRA,NOVA CARAPINA II,FEMININO,PARDA
violencia_domestica,violencia_social,,,72.0,65_PLUS,SERRA,FEU ROSA,FEMININO,PARDA
violencia_domestica,violencia_social,,,,,ALTO RIO NOVO,SANTA BARBARA II,S/I,NEGRA
violencia_domestica,violencia_social,,,,,LINHARES,AVISO,FEMININO,INDETERMINADA
violencia_domestica,violencia_social,,,17.0,15_17,VILA VELHA,JOAO GOULART,FEMININO,NEGRA
violencia_domestica,violencia_social,,,17.0,15_17,AFONSO CLAUDIO,SAO VICENTE,FEMININO,PARDA
violencia_domestica,violencia_social,,,17.0,15_17,JERONIMO MONTEIRO,ZONA RURAL,FEMININO,BRANCA
violencia_domestica,violencia_social,,,18.0,18_24,VITORIA,JESUS DE NAZARETH,FEMININO,PARDA
violencia_domestica,violencia_social,,,20.0,18_24,LINHARES,AVISO,FEMININO,NEGRA
violencia_domestica,violencia_social,,,20.0,18_24,VITORIA,MARIA ORTIZ,FEMININO,PARDA
violencia_domestica,violencia_social,,,22.0,18_24,VITORIA,ITARARE,FEMININO,BRANCA
violencia_domestica,violencia_social,,,23.0,18_24,SAO MATEUS,LITORANEO,FEMININO,PARDA
violencia_domestica,violencia_social,,,25.0,25_34,VITORIA,GURIGICA,FEMININO,PARDA
violencia_domestica,violencia_social,,,26.0,25_34,CARIACICA,CARIACICA SEDE,FEMININO,PARDA
violencia_domestica,violencia_social,,,27.0,25_34,ARACRUZ,CENTRO,FEMININO,BRANCA
violencia_domestica,violencia_social,,,27.0,25_34,ARACRUZ,BARRA DO SAHY,FEMININO,PARDA
violencia_domestica,violencia_social,,,27.0,25_34,VITORIA,DA PENHA,FEMININO,PARDA
violencia_domestica,violencia_social,,,28.0,25_34,SAO MATEUS,VITORIA,FEMININO,BRANCA
violencia_domestica,violencia_social,,,28.0,25_34,ARACRUZ,PRAIA SAUE,FEMININO,NEGRA
violencia_domestica,violencia_social,,,28.0,25_34,GUACUI,CID MOREIRA,FEMININO,NEGRA
violencia_domestica,violencia_social,,,28.0,25_34,BARRA DE SAO FRANCISCO,BAIRRO CAMPO NOVO,FEMININO,PARDA
violencia_domestica,violencia_social,,,29.0,25_34,CACHOEIRO DE ITAPEMIRIM,SAO FRANCISCO DE ASSIS,FEMININO,PARDA
violencia_domestica,violencia_social,,,29.0,25_34,SAO DOMINGOS DO NORTE,NITEROI,FEMININO,BRANCA
violencia_domestica,violencia_social,,,30.0,25_34,BARRA DE SAO FRANCISCO,BAIRRO VILA LUCIENE,FEMININO,PARDA
violencia_domestica,violencia_social,,,30.0,25_34,ARACRUZ,PRAIA SAUE,MASCULINO,PARDA
violencia_domestica,violencia_social,,,30.0,25_34,SERRA,CARAPINA GRANDE,FEMININO,PARDA
violencia_domestica,violencia_social,,,30.0,25_34,GUARAPARI,IPIRANGA,FEMININO,PARDA
violencia_domestica,violencia_social,,,30.0,25_34,SERRA,SERRA DOURADA II,FEMININO,NEGRA
violencia_domestica,violencia_social,,,32.0,25_34,VITORIA,JOANA DARC,FEMININO,PARDA
violencia_domestica,violencia_social,,,32.0,25_34,VITORIA,MARIA ORTIZ,FEMININO,NEGRA
violencia_domestica,violencia_social,,,33.0,25_34,GUARAPARI,PRAIA DO MORRO,FEMININO,BRANCA
violencia_domestica,violencia_social,,,34.0,25_34,SERRA,RESIDENCIAL CENTRO DA SERRA,FEMININO,PARDA
violencia_domestica,violencia_social,,,35.0,35_44,IBATIBA,NOVO HORIZONTE,FEMININO,BRANCA
violencia_domestica,violencia_social,,,35.0,35_44,SERRA,JARDIM LIMOEIRO,FEMININO,PARDA
violencia_domestica,violencia_social,,,38.0,35_44,JAGUARE,JIRAU,FEMININO,PARDA
violencia_domestica,violencia_social,,,38.0,35_44,CARIACICA,NOVA ROSA DA PENHA,FEMININO,NEGRA
violencia_domestica,violencia_social,,,39.0,35_44,PIUMA,NOVA ESPERANCA,FEMININO,BRANCA
violencia_domestica,violencia_social,,,40.0,35_44,SERRA,NOVA CARAPINA I,FEMININO,BRANCA
violencia_domestica,violencia_social,,,40.0,35_44,SAO ROQUE DO CANAA,CINCO CASINHAS,FEMININO,NEGRA
violencia_domestica,violencia_social,,,41.0,35_44,COLATINA,CENTRO,FEMININO,BRANCA
violencia_domestica,violencia_social,,,41.0,35_44,CARIACICA,CAMPO VERDE,FEMININO,PARDA
violencia_domestica,violencia_social,,,41.0,35_44,SAO MATEUS,GURIRI,FEMININO,BRANCA
violencia_domestica,violencia_social,,,42.0,35_44,GUARAPARI,PRAIA DO MORRO,FEMININO,INDETERMINADA
violencia_domestica,violencia_social,,,42.0,35_44,VITORIA,JARDIM DA PENHA,FEMININO,BRANCA
violencia_domestica,violencia_social,,,45.0,45_54,VILA VELHA,CENTRO VILA VELHA,FEMININO,BRANCA
violencia_domestica,violencia_social,,,46.0,45_54,VITORIA,NOVA PALESTINA,FEMININO,PARDA
violencia_domestica,violencia_social,,,46.0,45_54,CACHOEIRO DE ITAPEMIRIM,CORAMARA,FEMININO,BRANCA
violencia_domestica,violencia_social,,,46.0,45_54,SAO MATEUS,SERNAMBY,FEMININO,BRANCA
violencia_domestica,violencia_social,,,48.0,45_54,VILA VELHA,JOCKEY DE ITAPARICA,FEMININO,NEGRA
violencia_domestica,violencia_social,,,49.0,45_54,VILA VELHA,NOVA ITAPARICA,FEMININO,NEGRA
violencia_domestica,violencia_social,,,49.0,45_54,ARACRUZ,MUCURATA,FEMININO,BRANCA
violencia_domestica,violencia_social,,,50.0,45_54,DOMINGOS MARTINS,CENTRO,FEMININO,BRANCA
violencia_domestica,violencia_social,,,50.0,45_54,SERRA,VALPARAISO,FEMININO,BRANCA
violencia_domestica,violencia_social,,,52.0,45_54,VILA VELHA,SANTA INES,FEMININO,BRANCA
violencia_domestica,violencia_social,,,53.0,45_54,PIUMA,CENTRO,FEMININO,PARDA
violencia_domestica,violencia_social,,,53.0,45_54,VILA VELHA,PAUL,FEMININO,BRANCA
violencia_domestica,violencia_social,,,54.0,45_54,VITORIA,DA PENHA,FEMININO,PARDA
violencia_domestica,violencia_social,,,54.0,45_54,VITORIA,BARRO VERMELHO,FEMININO,NEGRA
violencia_domestica,violencia_social,,,55.0,55_64,SERRA,NOVA CARAPINA II,FEMININO,BRANCA
violencia_domestica,violencia_social,,,62.0,55_64,COLATINA,VILA LENIRA,FEMININO,BRANCA
violencia_domestica,violencia_social,,,64.0,55_64,CACHOEIRO DE ITAPEMIRIM,PARQUE DAS LARANJEIRAS,FEMININO,PARDA
violencia_domestica,violencia_social,,,66.0,65_PLUS,CARIACICA,ANTONIO FERREIRA BORGES,FEMININO,NEGRA
violencia_domestica,violencia_social,,,68.0,65_PLUS,MARATAIZES,PONTAL DA BARRA,FEMININO,BRANCA
violencia_domestica,violencia_social,,,74.0,65_PLUS,MIMOSO DO SUL,SAO JOSE DAS TORRES,FEMININO,PARDA
violencia_domestica,violencia_social,,,75.0,65_PLUS,VILA VELHA,PAUL,FEMININO,BRANCA
violencia_domestica,violencia_social,,,77.0,65_PLUS,VILA VELHA,PAUL,MASCULINO,BRANCA
violencia_domestica,violencia_social,,,81.0,65_PLUS,MIMOSO DO SUL,SAO JOSE DAS TORRES,MASCULINO,BRANCA
violencia_domestica,violencia_social,,,,,VITORIA,ILHA DO PRINCIPE,FEMININO,PARDA
violencia_domestica,violencia_social,,,,,SAO MATEUS,NOVA AIMORES,S/I,PARDA
violencia_domestica,violencia_social,,,,,CACHOEIRO DE ITAPEMIRIM,CENTRO,FEMININO,S/I
violencia_domestica,violencia_social,,,15.0,15_17,MANTENOPOLIS,IPIRANGA,FEMININO,PARDA
violencia_domestica,violencia_social,,,16.0,15_17,BARRA DE SAO FRANCISCO,PAULISTA,MASCULINO,PARDA
violencia_domestica,violencia_social,,,18.0,18_24,VILA VELHA,ALVORADA,FEMININO,PARDA
violencia_domestica,violencia_social,,,18.0,18_24,JAGUARE,NOVO HORIZONTE,FEMININO,PARDA
violencia_domestica,violencia_social,,,18.0,18_24,NOVA VENECIA,RUBIA,FEMININO,PARDA
violencia_domestica,violencia_social,,,19.0,18_24,LINHARES,OUTRO LOCAL,FEMININO,PARDA
violencia_domestica,violencia_social,,,20.0,18_24,ARACRUZ,PLANALTO,FEMININO,PARDA
violencia_domestica,violencia_social,,,21.0,18_24,MANTENOPOLIS,SAO JOSE,FEMININO,NEGRA
violencia_domestica,violencia_social,,,21.0,18_24,ECOPORANGA,CENTRO,FEMININO,INDETERMINADA
violencia_domestica,violencia_social,,,21.0,18_24,VITORIA,GOIABEIRAS,FEMININO,NEGRA
violencia_domestica,violencia_social,,,22.0,18_24,PINHEIROS,COLINA,FEMININO,BRANCA
violencia_domestica,violencia_social,,,22.0,18_24,LINHARES,JARDIM LAGUNA,FEMININO,BRANCA
violencia_domestica,violencia_social,,,23.0,18_24,SERRA,NOVA ALMEIDA CENTRO,FEMININO,PARDA
violencia_domestica,violencia_social,,,23.0,18_24,LINHARES,AVISO,FEMININO,BRANCA
violencia_domestica,violencia_social,,,23.0,18_24,SERRA,CANTINHO DO CEU,FEMININO,PARDA
violencia_domestica,violencia_social,,,23.0,18_24,VILA VELHA,MORADA DA BARRA,FEMININO,NEGRA
violencia_domestica,violencia_social,,,24.0,18_24,CARIACICA,CAMPO GRANDE,FEMININO,PARDA
violencia_domestica,violencia_social,,,24.0,18_24,VILA VELHA,GLORIA,FEMININO,BRANCA
violencia_domestica,violencia_social,,,25.0,25_34,JAGUARE,BOA VISTA I,FEMININO,PARDA
violencia_domestica,violencia_social,,,25.0,25_34,LINHARES,OUTRO LOCAL,FEMININO,PARDA
violencia_domestica,violencia_social,,,27.0,25_34,PANCAS,ZONA RURAL,FEMININO,PARDA
violencia_domestica,violencia_social,,,28.0,25_34,BAIXO GUANDU,SANTA MONICA,FEMININO,PARDA
violencia_domestica,violencia_social,,,30.0,25_34,CACHOEIRO DE ITAPEMIRIM,VILAGE DA LUZ,FEMININO,BRANCA
violencia_domestica,violencia_social,,,30.0,25_34,VILA VELHA,ATAIDE,FEMININO,PARDA
violencia_domestica,violencia_social,,,31.0,25_34,SERRA,NOVA ALMEIDA CENTRO,FEMININO,PARDA
violencia_domestica,violencia_social,,,31.0,25_34,ICONHA,OUTRO LOCAL,FEMININO,PARDA
violencia_domestica,violencia_social,,,32.0,25_34,COLATINA,COLATINA VELHA,FEMININO,PARDA
violencia_domestica,violencia_social,,,33.0,25_34,LINHARES,AVISO,FEMININO,NEGRA
violencia_domestica,violencia_social,,,33.0,25_34,IBATIBA,IPE,FEMININO,BRANCA
violencia_domestica,violencia_social,,,34.0,25_34,VILA VELHA,JARDIM MARILANDIA,FEMININO,BRANCA
violencia_domestica,violencia_social,,,37.0,35_44,BARRA DE SAO FRANCISCO,PAULISTA,FEMININO,PARDA
violencia_domestica,violencia_social,,,37.0,35_44,VILA VELHA,ARIBIRI,FEMININO,PARDA
violencia_domestica,violencia_social,,,38.0,35_44,SERRA,CIDADE CONTINENTAL,FEMININO,BRANCA
violencia_domestica,violencia_social,,,38.0,35_44,PINHEIROS,VILA NOVA,FEMININO,PARDA
violencia_domestica,violencia_social,,,38.0,35_44,CARIACICA,NOVO BRASIL,FEMININO,PARDA
violencia_domestica,violencia_social,,,39.0,35_44,ARACRUZ,CUPIDO,FEMININO,PARDA
violencia_domestica,violencia_social,,,39.0,35_44,DOMINGOS MARTINS,ZONA RURAL,FEMININO,NEGRA
violencia_domestica,violencia_social,,,39.0,35_44,LINHARES,CONCEICAO,FEMININO,PARDA
violencia_domestica,violencia_social,,,40.0,35_44,SERRA,SERRA DOURADA I,FEMININO,PARDA
violencia_domestica,violencia_social,,,40.0,35_44,ALEGRE,CENTRO,FEMININO,BRANCA
violencia_domestica,violencia_social,,,41.0,35_44,VITORIA,SANTA HELENA,FEMININO,BRANCA
violencia_domestica,violencia_social,,,42.0,35_44,SANTA MARIA DE JETIBA,ZONA RURAL,FEMININO,PARDA
violencia_domestica,violencia_social,,,42.0,35_44,CACHOEIRO DE ITAPEMIRIM,VALAO,FEMININO,PARDA
violencia_domestica,violencia_social,,,42.0,35_44,IBIRACU,PIABAS,FEMININO,NEGRA
violencia_domestica,violencia_social,,,44.0,35_44,SAO GABRIEL DA PALHA,SANTA HELENA,FEMININO,PARDA
violencia_domestica,violencia_social,,,44.0,35_44,SAO GABRIEL DA PALHA,SANTA HELENA,FEMININO,PARDA
violencia_domestica,violencia_social,,,44.0,35_44,SERRA,JARDIM CARAPINA,FEMININO,BRANCA
violencia_domestica,violencia_social,,,45.0,45_54,SAO MATEUS,PEDRA DAGUA,FEMININO,INDETERMINADA
violencia_domestica,violencia_social,,,45.0,45_54,MUNIZ FREIRE,ZONA RURAL,FEMININO,BRANCA
violencia_domestica,violencia_social,,,45.0,45_54,FUNDAO,TIMBUI,FEMININO,BRANCA
violencia_domestica,violencia_social,,,45.0,45_54,CASTELO,CENTRO,FEMININO,BRANCA
violencia_domestica,violencia_social,,,45.0,45_54,VILA VELHA,RIVIERA DA BARRA,FEMININO,BRANCA
violencia_domestica,violencia_social,,,46.0,45_54,VILA VELHA,ALVORADA,FEMININO,PARDA
violencia_domestica,violencia_social,,,46.0,45_54,IBATIBA,VILA NOVA,FEMININO,BRANCA
violencia_domestica,violencia_social,,,47.0,45_54,LINHARES,INTERLAGOS,FEMININO,BRANCA
violencia_domestica,violencia_social,,,48.0,45_54,CARIACICA,JARDIM AMERICA,FEMININO,NEGRA
violencia_domestica,violencia_social,,,49.0,45_54,COLATINA,FRANCISCO SIMONASSI,FEMININO,BRANCA
violencia_domestica,violencia_social,,,49.0,45_54,SERRA,JARDIM LIMOEIRO,FEMININO,PARDA
violencia_domestica,violencia_social,,,51.0,45_54,CARIACICA,APARECIDA,FEMININO,BRANCA
violencia_domestica,violencia_social,,,57.0,55_64,VITORIA,ILHA DE SANTA MARIA,FEMININO,NEGRA
violencia_domestica,violencia_social,,,58.0,55_64,IUNA,ZONA RURAL,FEMININO,PARDA
violencia_domestica,violencia_social,,,58.0,55_64,IRUPI,VARGEM ALEGRE,FEMININO,PARDA
violencia_domestica,violencia_social,,,59.0,55_64,COLATINA,CARLOS GERMANO NAUMANN,FEMININO,BRANCA
violencia_domestica,violencia_social,,,59.0,55_64,LINHARES,PLANALTO,FEMININO,BRANCA
violencia_domestica,violencia_social,,,61.0,55_64,CASTELO,ZONA RURAL,FEMININO,PARDA
violencia_domestica,violencia_social,,,61.0,55_64,NOVA VENECIA,OUTRO LOCAL,FEMININO,NEGRA
violencia_domestica,violencia_social,,,65.0,65_PLUS,RIO NOVO DO SUL,ZONA RURAL,FEMININO,PARDA
violencia_domestica,violencia_social,,,71.0,65_PLUS,CARIACICA,CASTELO BRANCO,FEMININO,BRANCA
violencia_domestica,violencia_social,,,73.0,65_PLUS,LINHARES,INTERLAGOS,FEMININO,PARDA
violencia_domestica,violencia_social,,,73.0,65_PLUS,VILA VELHA,PEDRA DOS BUZIOS,FEMININO,PARDA
violencia_domestica,violencia_social,,,,,ARACRUZ,BARRA DO SAHY,FEMININO,BRANCA
violencia_domestica,violencia_social,,,8.0,0_14,SAO MATEUS,AVIACAO,S/I,BRANCA
violencia_domestica,violencia_social,,,14.0,0_14,VIANA,AREINHA,MASCULINO,PARDA
violencia_domestica,violencia_social,,,18.0,18_24,ITAPEMIRIM,ITAOCA,FEMININO,PARDA
violencia_domestica,violencia_social,,,18.0,18_24,CARIACICA,JARDIM AMERICA,FEMININO,PARDA
violencia_domestica,violencia_social,,,19.0,18_24,VITORIA,MARIA ORTIZ,FEMININO,PARDA
violencia_domestica,violencia_social,,,20.0,18_24,CARIACICA,SANTO ANDRE,FEMININO,PARDA
violencia_domestica,violencia_social,,,21.0,18_24,LINHARES,PONTAL DO IPIRANGA,FEMININO,PARDA
violencia_domestica,violencia_social,,,21.0,18_24,CARIACICA,BELA AURORA,FEMININO,PARDA
violencia_domestica,violencia_social,,,22.0,18_24,NOVA VENECIA,ALTOE,FEMININO,PARDA
violencia_domestica,violencia_social,,,23.0,18_24,COLATINA,CARLOS GERMANO NAUMANN,FEMININO,PARDA
violencia_domestica,violencia_social,,,23.0,18_24,IBATIBA,ZONA RURAL,FEMININO,NEGRA
violencia_domestica,violencia_social,,,23.0,18_24,VITORIA,BONFIM,FEMININO,PARDA
violencia_domestica,violencia_social,,,24.0,18_24,SAO GABRIEL DA PALHA,CENTRO,FEMININO,INDETERMINADA
violencia_domestica,violencia_social,,,24.0,18_24,CARIACICA,ALTO DA BOA VISTA,FEMININO,BRANCA
violencia_domestica,violencia_social,,,25.0,25_34,VITORIA,SANTA MARTHA,FEMININO,AMARELA
violencia_domestica,violencia_social,,,25.0,25_34,VILA VELHA,ZUMBI DOS PALMARES,FEMININO,PARDA
violencia_domestica,violencia_social,,,27.0,25_34,GUARAPARI,SANTA MONICA,FEMININO,BRANCA
violencia_domestica,violencia_social,,,27.0,25_34,SANTA TERESA,CENTRO,FEMININO,BRANCA
violencia_domestica,violencia_social,,,28.0,25_34,SERRA,PALMEIRAS,FEMININO,BRANCA
violencia_domestica,violencia_social,,,29.0,25_34,SAO MATEUS,SANTO ANTONIO,FEMININO,PARDA
violencia_domestica,violencia_social,,,29.0,25_34,ANCHIETA,IRIRI,FEMININO,BRANCA
violencia_domestica,violencia_social,,,29.0,25_34,SERRA,NOVO PORTO CANOA,FEMININO,PARDA
violencia_domestica,violencia_social,,,29.0,25_34,VENDA NOVA DO IMIGRANTE,SAPUCAIA,FEMININO,BRANCA
violencia_domestica,violencia_social,,,29.0,25_34,ARACRUZ,FATIMA,FEMININO,PARDA
violencia_domestica,violencia_social,,,29.0,25_34,ALEGRE,ZONA RURAL,FEMININO,PARDA
violencia_domestica,violencia_social,,,29.0,25_34,CARIACICA,FLEXAL I,FEMININO,PARDA
violencia_domestica,violencia_social,,,29.0,25_34,ECOPORANGA,OUTRO LOCAL,S/I,INDETERMINADA
violencia_domestica,violencia_social,,,29.0,25_34,VITORIA,SANTA MARTHA,FEMININO,BRANCA
violencia_domestica,violencia_social,,,30.0,25_34,VILA VELHA,VILA GUARANHUNS,FEMININO,PARDA
violencia_domestica,violencia_social,,,31.0,25_34,CARIACICA,SANTO ANDRE,FEMININO,NEGRA
violencia_domestica,violencia_social,,,31.0,25_34,VIANA,AREINHA,FEMININO,PARDA
violencia_domestica,violencia_social,,,31.0,25_34,VILA VELHA,VILA GARRIDO,FEMININO,PARDA
violencia_domestica,violencia_social,,,32.0,25_34,PRESIDENTE KENNEDY,JAQUEIRA,FEMININO,PARDA
violencia_domestica,violencia_social,,,32.0,25_34,SOORETAMA,CONJUNTO DALVO LOUREIRO,FEMININO,INDETERMINADA
violencia_domestica,violencia_social,,,33.0,25_34,SAO GABRIEL DA PALHA,SANTA HELENA,FEMININO,NEGRA
violencia_domestica,violencia_social,,,33.0,25_34,CARIACICA,ITACIBA,FEMININO,NEGRA
violencia_domestica,violencia_social,,,35.0,35_44,FUNDAO,BEIRA RIO,FEMININO,BRANCA
violencia_domestica,violencia_social,,,36.0,35_44,ARACRUZ,VILA DO RIACHO,FEMININO,PARDA
violencia_domestica,violencia_social,,,36.0,35_44,MARATAIZES,OUTRO LOCAL,FEMININO,PARDA
violencia_domestica,violencia_social,,,36.0,35_44,LINHARES,PONTAL DO IPIRANGA,FEMININO,PARDA
violencia_domestica,violencia_social,,,37.0,35_44,ARACRUZ,BARRA DO RIACHO,FEMININO,INDETERMINADA
violencia_domestica,violencia_social,,,37.0,35_44,BARRA DE SAO FRANCISCO,CENTRO,FEMININO,NEGRA
violencia_domestica,violencia_social,,,38.0,35_44,PINHEIROS,SAO JOAO DO SOBRADO,FEMININO,NEGRA
violencia_domestica,violencia_social,,,38.0,35_44,SERRA,CIDADE CONTINENTAL,FEMININO,BRANCA
violencia_domestica,violencia_social,,,38.0,35_44,VITORIA,JARDIM DA PENHA,FEMININO,BRANCA
violencia_domestica,violencia_social,,,38.0,35_44,ARACRUZ,OUTRO LOCAL,FEMININO,PARDA
violencia_domestica,violencia_social,,,39.0,35_44,VILA VELHA,JOAO GOULART,FEMININO,NEGRA
violencia_domestica,violencia_social,,,39.0,35_44,VITORIA,JARDIM CAMBURI,FEMININO,PARDA
violencia_domestica,violencia_social,,,40.0,35_44,ANCHIETA,CENTRO,FEMININO,PARDA
violencia_domestica,violencia_social,,,40.0,35_44,LINHARES,AVISO,FEMININO,BRANCA
violencia_domestica,violencia_social,,,40.0,35_44,VITORIA,SANTO ANDRE,FEMININO,NEGRA
violencia_domestica,violencia_social,,,41.0,35_44,COLATINA,CENTRO,FEMININO,BRANCA
violencia_domestica,violencia_social,,,41.0,35_44,LINHARES,PONTAL DO IPIRANGA,FEMININO,PARDA
violencia_domestica,violencia_social,,,41.0,35_44,CONCEICAO DA BARRA,BRACO DO RIO,FEMININO,INDETERMINADA
violencia_domestica,violencia_social,,,41.0,35_44,MARATAIZES,CENTRO,FEMININO,BRANCA
violencia_domestica,violencia_social,,,41.0,35_44,COLATINA,SANTO ANTONIO,FEMININO,PARDA
violencia_domestica,violencia_social,,,42.0,35_44,CONCEICAO DA BARRA,BRACO DO RIO,FEMININO,PARDA
violencia_domestica,violencia_social,,,42.0,35_44,RIO NOVO DO SUL,SAO JOSE,FEMININO,BRANCA
violencia_domestica,violencia_social,,,42.0,35_44,JAGUARE,OUTRO LOCAL,FEMININO,BRANCA
violencia_domestica,violencia_social,,,43.0,35_44,ARACRUZ,GUAXINDIBA,FEMININO,PARDA
violencia_domestica,violencia_social,,,44.0,35_44,ITAPEMIRIM,ITAOCA,FEMININO,PARDA
violencia_domestica,violencia_social,,,45.0,45_54,CACHOEIRO DE ITAPEMIRIM,BOA VISTA,FEMININO,BRANCA
violencia_domestica,violencia_social,,,45.0,45_54,ITARANA,CENTRO,FEMININO,BRANCA
violencia_domestica,violencia_social,,,45.0,45_54,SANTA MARIA DE JETIBA,OUTRO LOCAL,FEMININO,BRANCA
violencia_domestica,violencia_social,,,46.0,45_54,VIANA,NOVA BETHANIA,FEMININO,BRANCA
violencia_domestica,violencia_social,,,46.0,45_54,VIANA,NOVA BETHANIA,FEMININO,BRANCA
violencia_domestica,violencia_social,,,46.0,45_54,SERRA,JARDIM TROPICAL,FEMININO,PARDA
violencia_domestica,violencia_social,,,47.0,45_54,GUARAPARI,BALNEARIO MEAIPE,TRANSEXUAL,BRANCA
violencia_domestica,violencia_social,,,47.0,45_54,SERRA,BAIRRO DAS LARANJEIRAS,FEMININO,BRANCA
violencia_domestica,violencia_social,,,48.0,45_54,GUARAPARI,SAO GABRIEL,FEMININO,NEGRA
violencia_domestica,violencia_social,,,48.0,45_54,MIMOSO DO SUL,SAO JOSE,FEMININO,PARDA
violencia_domestica,violencia_social,,,49.0,45_54,VIANA,ZONA RURAL,FEMININO,PARDA
violencia_domestica,violencia_social,,,50.0,45_54,SERRA,PALMEIRAS,FEMININO,BRANCA
violencia_domestica,violencia_social,,,50.0,45_54,SANTA MARIA DE JETIBA,CENTRO,FEMININO,PARDA
violencia_domestica,violencia_social,,,50.0,45_54,COLATINA,COLATINA VELHA,FEMININO,BRANCA
violencia_domestica,violencia_social,,,50.0,45_54,NOVA VENECIA,AEROPORTO,FEMININO,BRANCA
violencia_domestica,violencia_social,,,51.0,45_54,ARACRUZ,PRAIA SAUE,FEMININO,PARDA
violencia_domestica,violencia_social,,,52.0,45_54,ALEGRE,VILA DO SUL,MASCULINO,NEGRA
violencia_domestica,violencia_social,,,52.0,45_54,SERRA,MORADA DE LARANJEIRAS,FEMININO,BRANCA
violencia_domestica,violencia_social,,,53.0,45_54,JOAO NEIVA,CRISTAL,FEMININO,PARDA
violencia_domestica,violencia_social,,,55.0,55_64,GUARAPARI,BALNEARIO MEAIPE,FEMININO,PARDA
violencia_domestica,violencia_social,,,55.0,55_64,SERRA,BOA VISTA II,FEMININO,BRANCA
violencia_domestica,violencia_social,,,56.0,55_64,SAO DOMINGOS DO NORTE,CRISTAL,FEMININO,PARDA
violencia_domestica,violencia_social,,,56.0,55_64,ALEGRE,VILA DO SUL,FEMININO,NEGRA
violencia_domestica,violencia_social,,,58.0,55_64,CACHOEIRO DE ITAPEMIRIM,PARAISO,FEMININO,PARDA
violencia_domestica,violencia_social,,,60.0,55_64,ALEGRE,ZONA RURAL,MASCULINO,NEGRA
violencia_domestica,violencia_social,,,61.0,55_64,CACHOEIRO DE ITAPEMIRIM,VILA RICA,FEMININO,PARDA
violencia_domestica,violencia_social,,,61.0,55_64,CARIACICA,VILA INDEPENDENCIA,FEMININO,NEGRA
violencia_domestica,violencia_social,,,61.0,55_64,VITORIA,ILHA DAS CAIEIRAS,FEMININO,PARDA
violencia_domestica,violencia_social,,,62.0,55_64,COLATINA,COLATINA VELHA,FEMININO,PARDA
violencia_domestica,violencia_social,,,64.0,55_64,SAO MATEUS,GURIRI,FEMININO,BRANCA
violencia_domestica,violencia_social,,,,,CARIACICA,NOVA ROSA DA PENHA,S/I,PARDA
violencia_domestica,violencia_social,,,,,SERRA,NOVA CARAPINA II,MASCULINO,BRANCA
violencia_domestica,violencia_social,,,1.0,0_14,CACHOEIRO DE ITAPEMIRIM,CORAMARA,FEMININO,BRANCA
violencia_domestica,violencia_social,,,7.0,0_14,SERRA,NOVA CARAPINA II,MASCULINO,BRANCA
violencia_domestica,violencia_social,,,13.0,0_14,DOMINGOS MARTINS,RIO PONTE,FEMININO,BRANCA
violencia_domestica,violencia_social,,,14.0,0_14,ITAPEMIRIM,ITAIPAVA,S/I,INDETERMINADA
violencia_domestica,violencia_social,,,17.0,15_17,PINHEIROS,SAO JOAO DO SOBRADO,FEMININO,PARDA
violencia_domestica,violencia_social,,,19.0,18_24,MONTANHA,ANGELA DEPOLLO,FEMININO,BRANCA
violencia_domestica,violencia_social,,,19.0,18_24,MARECHAL FLORIANO,ARAGUAIA,FEMININO,NEGRA
violencia_domestica,violencia_social,,,20.0,18_24,SAO MATEUS,CACIQUE,FEMININO,BRANCA
violencia_domestica,violencia_social,,,20.0,18_24,SAO MATEUS,CACIQUE,FEMININO,BRANCA
violencia_domestica,violencia_social,,,22.0,18_24,JERONIMO MONTEIRO,CENTRO,FEMININO,PARDA
violencia_domestica,violencia_social,,,22.0,18_24,CACHOEIRO DE ITAPEMIRIM,CORAMARA,FEMININO,BRANCA
violencia_domestica,violencia_social,,,22.0,18_24,VITORIA,ILHA DO BOI,FEMININO,BRANCA
violencia_domestica,violencia_social,,,23.0,18_24,VITORIA,FORTE SAO JOAO,FEMININO,BRANCA
violencia_domestica,violencia_social,,,23.0,18_24,CACHOEIRO DE ITAPEMIRIM,PARAISO,FEMININO,BRANCA
violencia_domestica,violencia_social,,,23.0,18_24,FUNDAO,TIMBUI,FEMININO,BRANCA
violencia_domestica,violencia_social,,,24.0,18_24,SAO MATEUS,CACIQUE,MASCULINO,PARDA
violencia_domestica,violencia_social,,,24.0,18_24,SAO MATEUS,CACIQUE,MASCULINO,PARDA
violencia_domestica,violencia_social,,,24.0,18_24,CARIACICA,JARDIM AMERICA,FEMININO,PARDA
violencia_domestica,violencia_social,,,24.0,18_24,SAO MATEUS,OUTRO LOCAL,FEMININO,NEGRA
violencia_domestica,violencia_social,,,25.0,25_34,SERRA,SAO PATRICIO,FEMININO,PARDA
violencia_domestica,violencia_social,,,25.0,25_34,CARIACICA,ITAQUARI,FEMININO,PARDA
violencia_domestica,violencia_social,,,25.0,25_34,CARIACICA,NOVA ROSA DA PENHA,FEMININO,PARDA
violencia_domestica,violencia_social,,,25.0,25_34,NOVA VENECIA,RUBIA,FEMININO,PARDA
violencia_domestica,violencia_social,,,26.0,25_34,COLATINA,VILA LENIRA,MASCULINO,BRANCA
violencia_domestica,violencia_social,,,26.0,25_34,VITORIA,UNIVERSITARIO,FEMININO,PARDA
violencia_domestica,violencia_social,,,26.0,25_34,IUNA,SANTISSIMA TRINDADE,FEMININO,BRANCA
violencia_domestica,violencia_social,,,26.0,25_34,SERRA,PARQUE RESIDENCIAL LARANJEIRAS,FEMININO,PARDA
violencia_domestica,violencia_social,,,26.0,25_34,SERRA,VISTA DA SERRA II,FEMININO,PARDA
violencia_domestica,violencia_social,,,27.0,25_34,SERRA,VISTA DA SERRA II,FEMININO,PARDA
violencia_domestica,violencia_social,,,27.0,25_34,SAO MATEUS,CACIQUE,FEMININO,BRANCA
violencia_domestica,violencia_social,,,27.0,25_34,MUNIZ FREIRE,PIACU,FEMININO,BRANCA
violencia_domestica,violencia_social,,,27.0,25_34,COLATINA,SANTO ANTONIO,FEMININO,PARDA
violencia_domestica,violencia_social,,,27.0,25_34,SAO MATEUS,JAQUELINE,FEMININO,PARDA
violencia_domestica,violencia_social,,,27.0,25_34,SAO MATEUS,OUTRO LOCAL,FEMININO,BRANCA
violencia_domestica,violencia_social,,,28.0,25_34,MIMOSO DO SUL,ZONA RURAL,FEMININO,BRANCA
violencia_domestica,violencia_social,,,28.0,25_34,BARRA DE SAO FRANCISCO,BAIRRO IRMAOS FERNANDES,FEMININO,PARDA
violencia_domestica,violencia_social,,,28.0,25_34,CARIACICA,VALE DOS REIS,FEMININO,BRANCA
violencia_domestica,violencia_social,,,29.0,25_34,VIANA,BOM PASTOR,FEMININO,PARDA
violencia_domestica,violencia_social,,,29.0,25_34,CACHOEIRO DE ITAPEMIRIM,VILAGE DA LUZ,FEMININO,PARDA
violencia_domestica,violencia_social,,,30.0,25_34,SAO GABRIEL DA PALHA,SANTA CECILIA,FEMININO,BRANCA
violencia_domestica,violencia_social,,,30.0,25_34,LINHARES,INTERLAGOS,FEMININO,PARDA
violencia_domestica,violencia_social,,,30.0,25_34,BAIXO GUANDU,CENTRO,FEMININO,BRANCA
violencia_domestica,violencia_social,,,31.0,25_34,JAGUARE,FATIMA,FEMININO,PARDA
violencia_domestica,violencia_social,,,31.0,25_34,ALEGRE,CENTRO,FEMININO,BRANCA
violencia_domestica,violencia_social,,,31.0,25_34,CACHOEIRO DE ITAPEMIRIM,SUMARE,FEMININO,AMARELA
violencia_domestica,violencia_social,,,31.0,25_34,CACHOEIRO DE ITAPEMIRIM,AEROPORTO,FEMININO,S/I
violencia_domestica,violencia_social,,,31.0,25_34,CARIACICA,JARDIM AMERICA,FEMININO,PARDA
violencia_domestica,violencia_social,,,31.0,25_34,CARIACICA,NOVA ESPERANCA,FEMININO,PARDA
violencia_domestica,violencia_social,,,32.0,25_34,ANCHIETA,ZONA RURAL,FEMININO,PARDA
violencia_domestica,violencia_social,,,32.0,25_34,SERRA,NOVA CARAPINA II,FEMININO,BRANCA
violencia_domestica,violencia_social,,,33.0,25_34,VITORIA,ITARARE,FEMININO,PARDA
violencia_domestica,violencia_social,,,34.0,25_34,SAO GABRIEL DA PALHA,GUSTAVO BOONE,FEMININO,PARDA
violencia_domestica,violencia_social,,,35.0,35_44,PEDRO CANARIO,LIONORIO I,FEMININO,PARDA
violencia_domestica,violencia_social,,,35.0,35_44,JAGUARE,CENTRO,FEMININO,BRANCA
violencia_domestica,violencia_social,,,35.0,35_44,SAO MATEUS,GURIRI,FEMININO,PARDA
violencia_domestica,violencia_social,,,35.0,35_44,VILA VELHA,VILA GARRIDO,FEMININO,PARDA
violencia_domestica,violencia_social,,,35.0,35_44,VILA VELHA,ALECRIM,FEMININO,PARDA
violencia_domestica,violencia_social,,,35.0,35_44,VITORIA,ILHA DO PRINCIPE,FEMININO,PARDA
violencia_domestica,violencia_social,,,36.0,35_44,SAO GABRIEL DA PALHA,SANTA CECILIA,FEMININO,BRANCA
violencia_domestica,violencia_social,,,36.0,35_44,CARIACICA,NOVA ROSA DA PENHA,FEMININO,PARDA
violencia_domestica,violencia_social,,,36.0,35_44,ITAPEMIRIM,ITAOCA,FEMININO,BRANCA
violencia_domestica,violencia_social,,,36.0,35_44,VILA VELHA,PONTAL DAS GARCAS,FEMININO,PARDA
violencia_domestica,violencia_social,,,37.0,35_44,CASTELO,ARACUI,FEMININO,BRANCA
violencia_domestica,violencia_social,,,38.0,35_44,CARIACICA,SAO CONRADO,FEMININO,BRANCA
violencia_domestica,violencia_social,,,39.0,35_44,LINHARES,PONTAL DO IPIRANGA,FEMININO,BRANCA
violencia_domestica,violencia_social,,,39.0,35_44,VILA VELHA,COCAL,FEMININO,BRANCA
violencia_domestica,violencia_social,,,41.0,35_44,NOVA VENECIA,BELA VISTA,FEMININO,PARDA
violencia_domestica,violencia_social,,,41.0,35_44,VITORIA,ITARARE,FEMININO,BRANCA
violencia_domestica,violencia_social,,,41.0,35_44,VENDA NOVA DO IMIGRANTE,TAPERA,FEMININO,BRANCA
violencia_domestica,violencia_social,,,42.0,35_44,BREJETUBA,ZONA RURAL,FEMININO,PARDA
violencia_domestica,violencia_social,,,43.0,35_44,VITORIA,SANTA LUIZA,FEMININO,BRANCA
violencia_domestica,violencia_social,,,43.0,35_44,LINHARES,BNH,FEMININO,PARDA
violencia_domestica,violencia_social,,,43.0,35_44,SANTA TERESA,VALAO DE SAO PEDRO,FEMININO,PARDA
violencia_domestica,violencia_social,,,44.0,35_44,FUNDAO,TIMBUI,MASCULINO,PARDA
violencia_domestica,violencia_social,,,45.0,45_54,ITAPEMIRIM,ITAIPAVA,S/I,INDETERMINADA
violencia_domestica,violencia_social,,,45.0,45_54,CARIACICA,NOVO HORIZONTE,FEMININO,NEGRA
violencia_domestica,violencia_social,,,45.0,45_54,SERRA,VISTA DA SERRA I,FEMININO,BRANCA
violencia_domestica,violencia_social,,,48.0,45_54,ITAPEMIRIM,ITAIPAVA,FEMININO,PARDA
violencia_domestica,violencia_social,,,49.0,45_54,ALEGRE,BILAU,FEMININO,NEGRA
violencia_domestica,violencia_social,,,49.0,45_54,ANCHIETA,PRAIA DE PARATI,FEMININO,PARDA
violencia_domestica,violencia_social,,,51.0,45_54,ARACRUZ,MAR AZUL,FEMININO,BRANCA
violencia_domestica,violencia_social,,,51.0,45_54,SANTA MARIA DE JETIBA,BELEM,FEMININO,BRANCA
violencia_domestica,violencia_social,,,52.0,45_54,ARACRUZ,MOROBA,FEMININO,BRANCA
violencia_domestica,violencia_social,,,53.0,45_54,SANTA MARIA DE JETIBA,CENTRO,FEMININO,BRANCA
violencia_domestica,violencia_social,,,57.0,55_64,SOORETAMA,CORREGO ALEGRE,FEMININO,PARDA
violencia_domestica,violencia_social,,,67.0,65_PLUS,ITAGUACU,SANTA FE,FEMININO,PARDA
violencia_domestica,violencia_social,,,67.0,65_PLUS,VITORIA,CENTRO,S/I,BRANCA
violencia_domestica,violencia_social,,,77.0,65_PLUS,IUNA,ZONA RURAL,FEMININO,PARDA
violencia_domestica,violencia_social,,,86.0,65_PLUS,VITORIA,CENTRO,FEMININO,BRANCA
violencia_domestica,violencia_social,,,,,MONTANHA,LAJEDO,MASCULINO,PARDA
violencia_domestica,violencia_social,,,,,SAO MATEUS,BOM SUCESSO,FEMININO,PARDA
violencia_domestica,violencia_social,,,18.0,18_24,CARIACICA,NOVA VALVERDE,FEMININO,BRANCA
violencia_domestica,violencia_social,,,18.0,18_24,SAO MATEUS,GURIRI,FEMININO,PARDA
violencia_domestica,violencia_social,,,19.0,18_24,ANCHIETA,CENTRO,FEMININO,BRANCA
violencia_domestica,violencia_social,,,19.0,18_24,CARIACICA,GRAUNA,FEMININO,PARDA
violencia_domestica,violencia_social,,,20.0,18_24,SAO MATEUS,CACIQUE,FEMININO,BRANCA
violencia_domestica,violencia_social,,,21.0,18_24,MARATAIZES,BARRA DE ITAPEMIRIM,FEMININO,BRANCA
violencia_domestica,violencia_social,,,21.0,18_24,BREJETUBA,CENTRO,FEMININO,BRANCA
violencia_domestica,violencia_social,,,21.0,18_24,VILA VELHA,VILA BATISTA,FEMININO,BRANCA
violencia_domestica,violencia_social,,,22.0,18_24,CACHOEIRO DE ITAPEMIRIM,CENTRO,FEMININO,PARDA
violencia_domestica,violencia_social,,,22.0,18_24,ANCHIETA,ALVORADA,FEMININO,BRANCA
violencia_domestica,violencia_social,,,22.0,18_24,VITORIA,JARDIM CAMBURI,FEMININO,BRANCA
violencia_domestica,violencia_social,,,22.0,18_24,VILA VELHA,ATAIDE,FEMININO,BRANCA
violencia_domestica,violencia_social,,,22.0,18_24,SERRA,MANGUINHOS,FEMININO,PARDA
violencia_domestica,violencia_social,,,23.0,18_24,SERRA,VILA NOVA DE COLARES,FEMININO,BRANCA
violencia_domestica,violencia_social,,,23.0,18_24,ITAGUACU,OTTO LUIZ HOFFMAN,FEMININO,AMARELA
violencia_domestica,violencia_social,,,23.0,18_24,SERRA,OURIMAR,FEMININO,NEGRA
violencia_domestica,violencia_social,,,23.0,18_24,CARIACICA,BELA AURORA,FEMININO,NEGRA
violencia_domestica,violencia_social,,,23.0,18_24,PIUMA,CENTRO,FEMININO,BRANCA
violencia_domestica,violencia_social,,,23.0,18_24,SERRA,PLANALTO SERRANO,FEMININO,PARDA
violencia_domestica,violencia_social,,,24.0,18_24,SOORETAMA,ZONA RURAL,FEMININO,NEGRA
violencia_domestica,violencia_social,,,24.0,18_24,MUQUI,CENTRO,FEMININO,PARDA
violencia_domestica,violencia_social,,,25.0,25_34,SOORETAMA,ZONA RURAL,FEMININO,BRANCA
violencia_domestica,violencia_social,,,25.0,25_34,ANCHIETA,CENTRO,FEMININO,PARDA
violencia_domestica,violencia_social,,,25.0,25_34,VILA VELHA,SOTECO,FEMININO,PARDA
violencia_domestica,violencia_social,,,27.0,25_34,NOVA VENECIA,AEROPORTO,FEMININO,PARDA
violencia_domestica,violencia_social,,,28.0,25_34,CARIACICA,PORTO DE SANTANA,FEMININO,PARDA
violencia_domestica,violencia_social,,,28.0,25_34,SAO GABRIEL DA PALHA,AIMORES,FEMININO,PARDA
violencia_domestica,violencia_social,,,28.0,25_34,SERRA,JARDIM BELA VISTA,FEMININO,NEGRA
violencia_domestica,violencia_social,,,29.0,25_34,SAO MATEUS,BOM SUCESSO,FEMININO,PARDA
violencia_domestica,violencia_social,,,29.0,25_34,ARACRUZ,BARRA DO SAHY,FEMININO,INDIGENA
violencia_domestica,violencia_social,,,29.0,25_34,PRESIDENTE KENNEDY,JAQUEIRA,FEMININO,NEGRA
violencia_domestica,violencia_social,,,29.0,25_34,SANTA TERESA,SANTO ANTONIO,FEMININO,BRANCA
violencia_domestica,violencia_social,,,30.0,25_34,SAO MATEUS,GURIRI,FEMININO,BRANCA
violencia_domestica,violencia_social,,,30.0,25_34,MARATAIZES,OUTRO LOCAL,FEMININO,BRANCA
violencia_domestica,violencia_social,,,31.0,25_34,COLATINA,BELA VISTA,FEMININO,PARDA
violencia_domestica,violencia_social,,,31.0,25_34,COLATINA,BELA VISTA,FEMININO,PARDA
violencia_domestica,violencia_social,,,31.0,25_34,COLATINA,BELA VISTA,FEMININO,PARDA
violencia_domestica,violencia_social,,,31.0,25_34,GUARAPARI,RECANTO DA SEREIA,FEMININO,BRANCA
violencia_domestica,violencia_social,,,32.0,25_34,SERRA,COLINA DE LARANJEIRAS,FEMININO,PARDA
violencia_domestica,violencia_social,,,33.0,25_34,SERRA,CASCATA,FEMININO,NEGRA
violencia_domestica,violencia_social,,,33.0,25_34,SERRA,JACUHY,FEMININO,BRANCA
violencia_domestica,violencia_social,,,34.0,25_34,ARACRUZ,BARRA DO SAHY,MASCULINO,BRANCA
violencia_domestica,violencia_social,,,34.0,25_34,VILA VELHA,CRISTOVAO COLOMBO,FEMININO,BRANCA
violencia_domestica,violencia_social,,,35.0,35_44,ECOPORANGA,ZONA RURAL,FEMININO,NEGRA
violencia_domestica,violencia_social,,,35.0,35_44,SAO MATEUS,GURIRI,FEMININO,PARDA
violencia_domestica,violencia_social,,,35.0,35_44,CACHOEIRO DE ITAPEMIRIM,TEIXEIRA LEITE,FEMININO,PARDA
violencia_domestica,violencia_social,,,36.0,35_44,SERRA,BAIRRO DAS LARANJEIRAS,FEMININO,BRANCA
violencia_domestica,violencia_social,,,37.0,35_44,GUARAPARI,KUBITSCHEK,FEMININO,BRANCA
violencia_domestica,violencia_social,,,40.0,35_44,MUQUI,CENTRO,FEMININO,AMARELA
violencia_domestica,violencia_social,,,40.0,35_44,GUARAPARI,MUQUICABA,FEMININO,PARDA
violencia_domestica,violencia_social,,,41.0,35_44,MONTANHA,LAJEDO,FEMININO,INDETERMINADA
violencia_domestica,violencia_social,,,42.0,35_44,CARIACICA,NOVA ESPERANCA,FEMININO,BRANCA
violencia_domestica,violencia_social,,,44.0,35_44,SERRA,JARDIM TROPICAL,FEMININO,PARDA
violencia_domestica,violencia_social,,,44.0,35_44,VITORIA,NOVA PALESTINA,FEMININO,PARDA
violencia_domestica,violencia_social,,,46.0,45_54,CARIACICA,RIO MARINHO,FEMININO,PARDA
violencia_domestica,violencia_social,,,46.0,45_54,VILA VELHA,COCAL,FEMININO,BRANCA
violencia_domestica,violencia_social,,,47.0,45_54,SERRA,COLINA DE LARANJEIRAS,FEMININO,BRANCA
violencia_domestica,violencia_social,,,48.0,45_54,SERRA,PITANGA,FEMININO,PARDA
violencia_domestica,violencia_social,,,49.0,45_54,PIUMA,CENTRO,FEMININO,PARDA
violencia_domestica,violencia_social,,,51.0,45_54,MARATAIZES,BELVEDERE,FEMININO,BRANCA
violencia_domestica,violencia_social,,,54.0,45_54,ANCHIETA,CENTRO,FEMININO,BRANCA
violencia_domestica,violencia_social,,,56.0,55_64,PIUMA,CENTRO,MASCULINO,PARDA
violencia_domestica,violencia_social,,,63.0,55_64,VILA VELHA,JARDIM MARILANDIA,FEMININO,PARDA
violencia_domestica,violencia_social,,,71.0,65_PLUS,VENDA NOVA DO IMIGRANTE,SAO PEDRO,FEMININO,INDETERMINADA
violencia_domestica,violencia_social,,,,,MARATAIZES,CIDADE NOVA,FEMININO,NEGRA
violencia_domestica,violencia_social,,,,,COLATINA,AYRTON SENNA,FEMININO,PARDA
violencia_domestica,violencia_social,,,,,CONCEICAO DA BARRA,NOVA BETHANIA,FEMININO,PARDA
violencia_domestica,violencia_social,,,,,ALEGRE,CAMPO AVIACAO,FEMININO,NEGRA
violencia_domestica,violencia_social,,,7.0,0_14,CONCEICAO DA BARRA,NOVA BETHANIA,FEMININO,BRANCA
violencia_domestica,violencia_social,,,7.0,0_14,ARACRUZ,BARRA DO RIACHO,MASCULINO,INDIGENA
violencia_domestica,violencia_social,,,18.0,18_24,AFONSO CLAUDIO,CENTRO,FEMININO,PARDA
violencia_domestica,violencia_social,,,21.0,18_24,ARACRUZ,NOVO JEQUITIBA,FEMININO,PARDA
violencia_domestica,violencia_social,,,22.0,18_24,CARIACICA,ITAPEMIRIM,FEMININO,PARDA
violencia_domestica,violencia_social,,,22.0,18_24,COLATINA,NOSSA SENHORA APARECIDA,FEMININO,PARDA
violencia_domestica,violencia_social,,,22.0,18_24,SERRA,JARDIM LIMOEIRO,FEMININO,PARDA
violencia_domestica,violencia_social,,,22.0,18_24,MARATAIZES,CENTRO,FEMININO,PARDA
violencia_domestica,violencia_social,,,23.0,18_24,SERRA,JARDIM CARAPINA,FEMININO,INDETERMINADA
violencia_domestica,violencia_social,,,24.0,18_24,CONCEICAO DA BARRA,NOVA BETHANIA,FEMININO,PARDA
violencia_domestica,violencia_social,,,24.0,18_24,NOVA VENECIA,FILOMENA,FEMININO,PARDA
violencia_domestica,violencia_social,,,25.0,25_34,SERRA,CAMPINHO DA SERRA I,FEMININO,PARDA
violencia_domestica,violencia_social,,,25.0,25_34,CACHOEIRO DE ITAPEMIRIM,DOUTOR GILSON CARONE,MASCULINO,BRANCA
violencia_domestica,violencia_social,,,26.0,25_34,SERRA,CASTELANDIA,FEMININO,PARDA
violencia_domestica,violencia_social,,,26.0,25_34,CARIACICA,RIO BRANCO,FEMININO,PARDA
violencia_domestica,violencia_social,,,26.0,25_34,COLATINA,VILA LENIRA,FEMININO,BRANCA
violencia_domestica,violencia_social,,,26.0,25_34,SAO MATEUS,SEAC,FEMININO,PARDA
violencia_domestica,violencia_social,,,27.0,25_34,ARACRUZ,PLANALTO,FEMININO,PARDA
violencia_domestica,violencia_social,,,27.0,25_34,LINHARES,PLANALTO,FEMININO,BRANCA
violencia_domestica,violencia_social,,,28.0,25_34,IUNA,BAIRRO DO PITO,FEMININO,BRANCA
violencia_domestica,violencia_social,,,29.0,25_34,GUACUI,CENTRO,FEMININO,PARDA
violencia_domestica,violencia_social,,,29.0,25_34,AFONSO CLAUDIO,SAO VICENTE,FEMININO,NEGRA
violencia_domestica,violencia_social,,,29.0,25_34,LINHARES,CHAPADAO DAS PALMINHAS,FEMININO,PARDA
violencia_domestica,violencia_social,,,30.0,25_34,FUNDAO,ORLY RAMOS,FEMININO,PARDA
violencia_domestica,violencia_social,,,30.0,25_34,FUNDAO,ORLY RAMOS,FEMININO,PARDA
violencia_domestica,violencia_social,,,30.0,25_34,CARIACICA,MORADA DE SANTA FE,FEMININO,BRANCA
violencia_domestica,violencia_social,,,31.0,25_34,CONCEICAO DO CASTELO,PINDOBAS IV,FEMININO,NEGRA
violencia_domestica,violencia_social,,,32.0,25_34,VILA VELHA,ULISSES GUIMARAES,FEMININO,PARDA
violencia_domestica,violencia_social,,,32.0,25_34,VILA VELHA,JOAO GOULART,FEMININO,PARDA
violencia_domestica,violencia_social,,,32.0,25_34,CACHOEIRO DE ITAPEMIRIM,MONTE CRISTO,FEMININO,PARDA
violencia_domestica,violencia_social,,,33.0,25_34,VILA VELHA,GUARANHUNS,FEMININO,BRANCA
violencia_domestica,violencia_social,,,33.0,25_34,GUARAPARI,SETIBA,S/I,PARDA
violencia_domestica,violencia_social,,,33.0,25_34,VITORIA,ITARARE,FEMININO,NEGRA
violencia_domestica,violencia_social,,,34.0,25_34,ARACRUZ,BARRA DO SAHY,FEMININO,NEGRA
violencia_domestica,violencia_social,,,34.0,25_34,SAO GABRIEL DA PALHA,MIRANTE,FEMININO,PARDA
violencia_domestica,violencia_social,,,34.0,25_34,LINHARES,PLANALTO,FEMININO,BRANCA
violencia_domestica,violencia_social,,,34.0,25_34,VITORIA,SANTA MARTHA,FEMININO,PARDA
violencia_domestica,violencia_social,,,35.0,35_44,COLATINA,AYRTON SENNA,FEMININO,PARDA
violencia_domestica,violencia_social,,,37.0,35_44,COLATINA,NOSSA SENHORA APARECIDA,FEMININO,NEGRA
violencia_domestica,violencia_social,,,38.0,35_44,ARACRUZ,BARRA DO RIACHO,FEMININO,INDIGENA
violencia_domestica,violencia_social,,,40.0,35_44,BARRA DE SAO FRANCISCO,BAIRRO VILA LANDINHA,FEMININO,PARDA
violencia_domestica,violencia_social,,,40.0,35_44,SERRA,SAO LOURENCO,FEMININO,BRANCA
violencia_domestica,violencia_social,,,40.0,35_44,ITARANA,CENTRO,FEMININO,PARDA
violencia_domestica,violencia_social,,,40.0,35_44,SAO MATEUS,VITORIA,FEMININO,PARDA
violencia_domestica,violencia_social,,,40.0,35_44,VITORIA,CARATOIRA,FEMININO,PARDA
violencia_domestica,violencia_social,,,41.0,35_44,SAO MATEUS,GURIRI,FEMININO,PARDA
violencia_domestica,violencia_social,,,41.0,35_44,CARIACICA,CAMPO GRANDE,FEMININO,PARDA
violencia_domestica,violencia_social,,,43.0,35_44,ARACRUZ,BARRA DO RIACHO,FEMININO,PARDA
violencia_domestica,violencia_social,,,43.0,35_44,VITORIA,CONQUISTA,FEMININO,PARDA
violencia_domestica,violencia_social,,,43.0,35_44,LINHARES,CENTRO,FEMININO,PARDA
violencia_domestica,violencia_social,,,44.0,35_44,GUARAPARI,PORTAL CLUB,FEMININO,NEGRA
violencia_domestica,violencia_social,,,44.0,35_44,SERRA,PLANALTO SERRANO,FEMININO,PARDA
violencia_domestica,violencia_social,,,46.0,45_54,ARACRUZ,VILA NOVA,FEMININO,PARDA
violencia_domestica,violencia_social,,,46.0,45_54,ITAPEMIRIM,ITAIPAVA,FEMININO,PARDA
violencia_domestica,violencia_social,,,46.0,45_54,MARATAIZES,BOA VISTA,FEMININO,PARDA
violencia_domestica,violencia_social,,,49.0,45_54,LINHARES,PALMITAL,FEMININO,NEGRA
violencia_domestica,violencia_social,,,50.0,45_54,VITORIA,JARDIM CAMBURI,FEMININO,BRANCA
violencia_domestica,violencia_social,,,51.0,45_54,ARACRUZ,GUARANA,FEMININO,PARDA
violencia_domestica,violencia_social,,,52.0,45_54,MUNIZ FREIRE,SAO PEDRO,FEMININO,NEGRA
violencia_domestica,violencia_social,,,54.0,45_54,NOVA VENECIA,ZONA RURAL,FEMININO,NEGRA
violencia_domestica,violencia_social,,,56.0,55_64,AFONSO CLAUDIO,SAO FRANCISCO,FEMININO,BRANCA
violencia_domestica,violencia_social,,,56.0,55_64,AFONSO CLAUDIO,SAO FRANCISCO,FEMININO,BRANCA
violencia_domestica,violencia_social,,,57.0,55_64,VILA VELHA,ILHA DA CONCEICAO,FEMININO,PARDA
violencia_domestica,violencia_social,,,57.0,55_64,VILA VELHA,COQUEIRAL DE ITAPARICA,FEMININO,PARDA
violencia_domestica,violencia_social,,,58.0,55_64,NOVA VENECIA,COQUEIRAL,FEMININO,BRANCA
violencia_domestica,violencia_social,,,59.0,55_64,LINHARES,NOVO HORIZONTE,FEMININO,PARDA
violencia_domestica,violencia_social,,,59.0,55_64,SAO MATEUS,GURIRI,FEMININO,BRANCA
violencia_domestica,violencia_social,,,62.0,55_64,SERRA,SAO DIOGO II,MASCULINO,PARDA
violencia_domestica,violencia_social,,,1.0,0_14,ARACRUZ,GUARANA,MASCULINO,INDETERMINADA
violencia_domestica,violencia_social,,,5.0,0_14,ARACRUZ,GUARANA,MASCULINO,INDETERMINADA
violencia_domestica,violencia_social,,,8.0,0_14,ARACRUZ,GUARANA,MASCULINO,BRANCA
violencia_domestica,violencia_social,,,12.0,0_14,SERRA,ANDRE CARLONI,MASCULINO,BRANCA
violencia_domestica,violencia_social,,,19.0,18_24,ANCHIETA,JUSTICA,FEMININO,BRANCA
violencia_domestica,violencia_social,,,21.0,18_24,ATILIO VIVACQUA,CENTRO,FEMININO,PARDA
violencia_domestica,violencia_social,,,21.0,18_24,SERRA,MANGUINHOS,FEMININO,BRANCA
violencia_domestica,violencia_social,,,22.0,18_24,PIUMA,NITEROI,FEMININO,BRANCA
violencia_domestica,violencia_social,,,22.0,18_24,ANCHIETA,IRIRI,FEMININO,BRANCA
violencia_domestica,violencia_social,,,22.0,18_24,ARACRUZ,GUARANA,FEMININO,PARDA
violencia_domestica,violencia_social,,,24.0,18_24,SERRA,ESTANCIA MONAZITICA,FEMININO,PARDA
violencia_domestica,violencia_social,,,25.0,25_34,IUNA,QUILOMBO,FEMININO,BRANCA
violencia_domestica,violencia_social,,,26.0,25_34,CARIACICA,CAMPO GRANDE,FEMININO,NEGRA
violencia_domestica,violencia_social,,,28.0,25_34,VILA VELHA,CRISTOVAO COLOMBO,FEMININO,PARDA
violencia_domestica,violencia_social,,,28.0,25_34,VITORIA,ESTRELINHA,FEMININO,BRANCA
violencia_domestica,violencia_social,,,29.0,25_34,ARACRUZ,OUTRO LOCAL,FEMININO,PARDA
violencia_domestica,violencia_social,,,29.0,25_34,GUARAPARI,SANTA ROSA,FEMININO,PARDA
violencia_domestica,violencia_social,,,30.0,25_34,VILA VELHA,ARIBIRI,FEMININO,PARDA
violencia_domestica,violencia_social,,,31.0,25_34,VITORIA,JARDIM DA PENHA,MASCULINO,PARDA
violencia_domestica,violencia_social,,,31.0,25_34,VILA VELHA,CRISTOVAO COLOMBO,MASCULINO,NEGRA
violencia_domestica,violencia_social,,,31.0,25_34,MONTANHA,BRASILIA,FEMININO,NEGRA
violencia_domestica,violencia_social,,,32.0,25_34,VITORIA,REDENCAO,FEMININO,PARDA
violencia_domestica,violencia_social,,,32.0,25_34,SERRA,ANDRE CARLONI,FEMININO,PARDA
violencia_domestica,violencia_social,,,33.0,25_34,GUACUI,CENTRO,FEMININO,NEGRA
violencia_domestica,violencia_social,,,33.0,25_34,GUARAPARI,BELA VISTA,FEMININO,PARDA
violencia_domestica,violencia_social,,,34.0,25_34,GUARAPARI,IPIRANGA,FEMININO,PARDA
violencia_domestica,violencia_social,,,34.0,25_34,PRESIDENTE KENNEDY,JAQUEIRA,FEMININO,PARDA
violencia_domestica,violencia_social,,,34.0,25_34,GUARAPARI,SAO JOSE,FEMININO,BRANCA
violencia_domestica,violencia_social,,,34.0,25_34,PRESIDENTE KENNEDY,JAQUEIRA,FEMININO,PARDA
violencia_domestica,violencia_social,,,34.0,25_34,GUARAPARI,IPIRANGA,FEMININO,PARDA
violencia_domestica,violencia_social,,,34.0,25_34,VILA VELHA,COCAL,FEMININO,BRANCA
violencia_domestica,violencia_social,,,34.0,25_34,CARIACICA,VILA INDEPENDENCIA,FEMININO,PARDA
violencia_domestica,violencia_social,,,34.0,25_34,BAIXO GUANDU,SAO JOSE,FEMININO,BRANCA
violencia_domestica,violencia_social,,,35.0,35_44,ARACRUZ,MAR AZUL,FEMININO,PARDA
violencia_domestica,violencia_social,,,36.0,35_44,VILA VELHA,SAO TORQUATO,FEMININO,PARDA
violencia_domestica,violencia_social,,,37.0,35_44,VITORIA,BONFIM,FEMININO,BRANCA
violencia_domestica,violencia_social,,,37.0,35_44,COLATINA,CENTRO,S/I,PARDA
violencia_domestica,violencia_social,,,39.0,35_44,SERRA,JARDIM BELA VISTA,FEMININO,BRANCA
violencia_domestica,violencia_social,,,40.0,35_44,VILA VELHA,COCAL,MASCULINO,PARDA
violencia_domestica,violencia_social,,,40.0,35_44,CARIACICA,VISTA MAR,FEMININO,PARDA
violencia_domestica,violencia_social,,,41.0,35_44,MUNIZ FREIRE,ZONA RURAL,FEMININO,BRANCA
violencia_domestica,violencia_social,,,41.0,35_44,CARIACICA,NOVA ROSA DA PENHA,FEMININO,PARDA
violencia_domestica,violencia_social,,,42.0,35_44,VITORIA,JARDIM DA PENHA,FEMININO,BRANCA
violencia_domestica,violencia_social,,,42.0,35_44,ARACRUZ,JEQUITIBA,FEMININO,BRANCA
violencia_domestica,violencia_social,,,42.0,35_44,SERRA,SERRAMAR,FEMININO,BRANCA
violencia_domestica,violencia_social,,,42.0,35_44,SOORETAMA,PARQUE SAO JORGE,S/I,PARDA
violencia_domestica,violencia_social,,,44.0,35_44,ARACRUZ,PEDRINHAS,FEMININO,PARDA
violencia_domestica,violencia_social,,,44.0,35_44,ARACRUZ,PEDRINHAS,FEMININO,PARDA
violencia_domestica,violencia_social,,,44.0,35_44,CARIACICA,OPERARIO,FEMININO,PARDA
violencia_domestica,violencia_social,,,46.0,45_54,MUQUI,NOSSA SENHORA APARECIDA,FEMININO,PARDA
violencia_domestica,violencia_social,,,47.0,45_54,CACHOEIRO DE ITAPEMIRIM,INDEPENDENCIA,FEMININO,BRANCA
violencia_domestica,violencia_social,,,48.0,45_54,GUARAPARI,ITAPEBUSSU,FEMININO,NEGRA
violencia_domestica,violencia_social,,,53.0,45_54,SERRA,JARDIM CARAPINA,FEMININO,PARDA
violencia_domestica,violencia_social,,,58.0,55_64,PRESIDENTE KENNEDY,MAROBA,FEMININO,PARDA
violencia_domestica,violencia_social,,,64.0,55_64,VITORIA,SANTO ANTONIO,FEMININO,PARDA
violencia_domestica,violencia_social,,,66.0,65_PLUS,VILA VELHA,COCAL,FEMININO,BRANCA
violencia_domestica,violencia_social,,,66.0,65_PLUS,RIO BANANAL,ZONA RURAL,FEMININO,PARDA
violencia_domestica,violencia_social,,,71.0,65_PLUS,ALEGRE,CELINA,FEMININO,BRANCA
violencia_domestica,violencia_social,,,73.0,65_PLUS,MARATAIZES,ILMENITA,FEMININO,BRANCA
violencia_domestica,violencia_social,,,80.0,65_PLUS,CACHOEIRO DE ITAPEMIRIM,BURARAMA,FEMININO,BRANCA
violencia_domestica,violencia_social,,,13.0,0_14,PINHEIROS,COLINA,FEMININO,PARDA
violencia_domestica,violencia_social,,,16.0,15_17,NOVA VENECIA,ZONA RURAL,FEMININO,NEGRA
violencia_domestica,violencia_social,,,16.0,15_17,COLATINA,ZONA RURAL,FEMININO,BRANCA
violencia_domestica,violencia_social,,,18.0,18_24,COLATINA,MARIA DAS GRACAS,FEMININO,BRANCA
violencia_domestica,violencia_social,,,19.0,18_24,VITORIA,CENTRO,FEMININO,BRANCA
violencia_domestica,violencia_social,,,22.0,18_24,SANTA MARIA DE JETIBA,RIO CRISTAL,FEMININO,BRANCA
violencia_domestica,violencia_social,,,22.0,18_24,CARIACICA,ORIENTE,FEMININO,BRANCA
violencia_domestica,violencia_social,,,22.0,18_24,SERRA,NOVO HORIZONTE,FEMININO,BRANCA
violencia_domestica,violencia_social,,,23.0,18_24,IRUPI,CAROLINE BARBOSA,FEMININO,BRANCA
violencia_domestica,violencia_social,,,23.0,18_24,MIMOSO DO SUL,OUTRO LOCAL,FEMININO,PARDA
violencia_domestica,violencia_social,,,23.0,18_24,VILA VELHA,TERRA VERMELHA,FEMININO,PARDA
violencia_domestica,violencia_social,,,24.0,18_24,VITORIA,ILHA DE SANTA MARIA,FEMININO,PARDA
violencia_domestica,violencia_social,,,24.0,18_24,SERRA,JARDIM CARAPINA,FEMININO,NEGRA
violencia_domestica,violencia_social,,,24.0,18_24,AGUA DOCE DO NORTE,CRISTO REI,FEMININO,PARDA
violencia_domestica,violencia_social,,,24.0,18_24,SERRA,PLANALTO SERRANO,FEMININO,NEGRA
violencia_domestica,violencia_social,,,25.0,25_34,CARIACICA,ORIENTE,FEMININO,PARDA
violencia_domestica,violencia_social,,,25.0,25_34,VIANA,NOVA BETHANIA,FEMININO,PARDA
violencia_domestica,violencia_social,,,25.0,25_34,VITORIA,ESTRELINHA,FEMININO,PARDA
violencia_domestica,violencia_social,,,27.0,25_34,VITORIA,JARDIM CAMBURI,FEMININO,BRANCA
violencia_domestica,violencia_social,,,28.0,25_34,ICONHA,OUTRO LOCAL,FEMININO,PARDA
violencia_domestica,violencia_social,,,29.0,25_34,ITAGUACU,ITAIMBE,FEMININO,PARDA
violencia_domestica,violencia_social,,,29.0,25_34,COLATINA,CENTRO,FEMININO,PARDA
violencia_domestica,violencia_social,,,29.0,25_34,PEDRO CANARIO,CENTRO,FEMININO,BRANCA
violencia_domestica,violencia_social,,,29.0,25_34,VIANA,NOVA BETHANIA,MASCULINO,PARDA
violencia_domestica,violencia_social,,,30.0,25_34,PEDRO CANARIO,CENTRO,FEMININO,NEGRA
violencia_domestica,violencia_social,,,30.0,25_34,SERRA,PORTO CANOA,FEMININO,PARDA
violencia_domestica,violencia_social,,,33.0,25_34,CARIACICA,NOVA ESPERANCA,FEMININO,PARDA
violencia_domestica,violencia_social,,,35.0,35_44,MARATAIZES,OUTRO LOCAL,FEMININO,BRANCA
violencia_domestica,violencia_social,,,35.0,35_44,VILA VELHA,CENTRO VILA VELHA,FEMININO,BRANCA
violencia_domestica,violencia_social,,,36.0,35_44,SERRA,JARDIM TROPICAL,FEMININO,NEGRA
violencia_domestica,violencia_social,,,37.0,35_44,RIO BANANAL,SAO SEBASTIAO,FEMININO,BRANCA
violencia_domestica,violencia_social,,,37.0,35_44,VITORIA,SANTO ANDRE,FEMININO,PARDA
violencia_domestica,violencia_social,,,39.0,35_44,LINHARES,AVISO,FEMININO,BRANCA
violencia_domestica,violencia_social,,,39.0,35_44,VILA VELHA,VILA NOVA,FEMININO,PARDA
violencia_domestica,violencia_social,,,40.0,35_44,ARACRUZ,BARRA DO RIACHO,FEMININO,BRANCA
violencia_domestica,violencia_social,,,42.0,35_44,VILA VELHA,ARIBIRI,FEMININO,PARDA
violencia_domestica,violencia_social,,,42.0,35_44,VILA VELHA,INTERLAGOS I E II,FEMININO,BRANCA
violencia_domestica,violencia_social,,,42.0,35_44,NOVA VENECIA,AEROPORTO,FEMININO,BRANCA
violencia_domestica,violencia_social,,,42.0,35_44,NOVA VENECIA,AEROPORTO,FEMININO,BRANCA
violencia_domestica,violencia_social,,,43.0,35_44,SANTA MARIA DE JETIBA,RIO CRISTAL,FEMININO,BRANCA
violencia_domestica,violencia_social,,,43.0,35_44,VILA VELHA,PRAIA DA COSTA,FEMININO,BRANCA
violencia_domestica,violencia_social,,,43.0,35_44,VILA VELHA,PRAIA DA COSTA,FEMININO,BRANCA
violencia_domestica,violencia_social,,,43.0,35_44,VITORIA,MARIA ORTIZ,FEMININO,PARDA
violencia_domestica,violencia_social,,,44.0,35_44,SERRA,JARDIM TROPICAL,FEMININO,NEGRA
violencia_domestica,violencia_social,,,45.0,45_54,CARIACICA,SANTA BARBARA,FEMININO,PARDA
violencia_domestica,violencia_social,,,45.0,45_54,ITAGUACU,ITAIMBE,FEMININO,PARDA
violencia_domestica,violencia_social,,,45.0,45_54,ITARANA,ITARANINHA,FEMININO,BRANCA
violencia_domestica,violencia_social,,,45.0,45_54,PANCAS,ALTO PANQUINHAS,FEMININO,PARDA
violencia_domestica,violencia_social,,,46.0,45_54,ITAPEMIRIM,GARRAFAO,FEMININO,PARDA
violencia_domestica,violencia_social,,,47.0,45_54,ARACRUZ,LIMAO,FEMININO,PARDA
violencia_domestica,violencia_social,,,47.0,45_54,VARGEM ALTA,SAO JOSE DE FRUTEIRA,FEMININO,PARDA
violencia_domestica,violencia_social,,,49.0,45_54,VILA VELHA,BARRA DO JUCU,FEMININO,PARDA
violencia_domestica,violencia_social,,,53.0,45_54,MIMOSO DO SUL,CENTRO,FEMININO,BRANCA
violencia_domestica,violencia_social,,,57.0,55_64,GUARAPARI,PRAIA DO MORRO,FEMININO,BRANCA
violencia_domestica,violencia_social,,,58.0,55_64,SERRA,SAO PATRICIO,FEMININO,BRANCA
violencia_domestica,violencia_social,,,59.0,55_64,MARECHAL FLORIANO,COSTA PEREIRA,FEMININO,PARDA
violencia_domestica,violencia_social,,,59.0,55_64,ARACRUZ,GUARANA,FEMININO,NEGRA
violencia_domestica,violencia_social,,,62.0,55_64,SERRA,SAO DIOGO II,MASCULINO,PARDA
violencia_domestica,violencia_social,,,63.0,55_64,VILA VELHA,OLARIA,FEMININO,PARDA
violencia_domestica,violencia_social,,,67.0,65_PLUS,PRESIDENTE KENNEDY,MAROBA,FEMININO,NEGRA
violencia_domestica,violencia_social,,,83.0,65_PLUS,COLATINA,SAO SILVANO,FEMININO,BRANCA
violencia_domestica,violencia_social,,,,,PIUMA,PRAIA DE ACAIACA,FEMININO,PARDA
violencia_domestica,violencia_social,,,17.0,15_17,GUARAPARI,JABARAI,FEMININO,PARDA
violencia_domestica,violencia_social,,,19.0,18_24,SAO MATEUS,PORTO,FEMININO,PARDA
violencia_domestica,violencia_social,,,19.0,18_24,CONCEICAO DO CASTELO,INDAIA,FEMININO,PARDA
violencia_domestica,violencia_social,,,20.0,18_24,VIANA,SANTO AGOSTINHO,FEMININO,PARDA
violencia_domestica,violencia_social,,,20.0,18_24,VITORIA,HORTO,FEMININO,NEGRA
violencia_domestica,violencia_social,,,22.0,18_24,VILA VELHA,COBILANDIA,FEMININO,NEGRA
violencia_domestica,violencia_social,,,22.0,18_24,SERRA,NOVO HORIZONTE,FEMININO,BRANCA
violencia_domestica,violencia_social,,,22.0,18_24,BARRA DE SAO FRANCISCO,BAIRRO IRMAOS FERNANDES,FEMININO,INDETERMINADA
violencia_domestica,violencia_social,,,22.0,18_24,GUACUI,NOVA GUACUI,FEMININO,PARDA
violencia_domestica,violencia_social,,,25.0,25_34,CARIACICA,PLANETA,FEMININO,PARDA
violencia_domestica,violencia_social,,,25.0,25_34,LINHARES,INTERLAGOS,FEMININO,BRANCA
violencia_domestica,violencia_social,,,26.0,25_34,CARIACICA,JARDIM BOTANICO,FEMININO,BRANCA
violencia_domestica,violencia_social,,,27.0,25_34,VILA VELHA,NOVO MEXICO,FEMININO,INDETERMINADA
violencia_domestica,violencia_social,,,27.0,25_34,NOVA VENECIA,MARGARETH,FEMININO,PARDA
violencia_domestica,violencia_social,,,29.0,25_34,BARRA DE SAO FRANCISCO,BAIRRO IRMAOS FERNANDES,MASCULINO,INDETERMINADA
violencia_domestica,violencia_social,,,29.0,25_34,SERRA,NOVO HORIZONTE,FEMININO,PARDA
violencia_domestica,violencia_social,,,30.0,25_34,ARACRUZ,NOVA ESPERANCA,FEMININO,BRANCA
violencia_domestica,violencia_social,,,31.0,25_34,VITORIA,SANTO ANTONIO,FEMININO,NEGRA
violencia_domestica,violencia_social,,,31.0,25_34,MONTANHA,BRASILIA,FEMININO,NEGRA
violencia_domestica,violencia_social,,,31.0,25_34,CACHOEIRO DE ITAPEMIRIM,SANTO ANTONIO,FEMININO,PARDA
violencia_domestica,violencia_social,,,32.0,25_34,BAIXO GUANDU,SAPUCAIA,FEMININO,PARDA
violencia_domestica,violencia_social,,,32.0,25_34,ARACRUZ,FATIMA,FEMININO,NEGRA
violencia_domestica,violencia_social,,,32.0,25_34,SERRA,CARAPINA GRANDE,FEMININO,BRANCA
violencia_domestica,violencia_social,,,32.0,25_34,LINHARES,PLANALTO,FEMININO,NEGRA
violencia_domestica,violencia_social,,,33.0,25_34,VENDA NOVA DO IMIGRANTE,SAO JOAO DE VICOSA,FEMININO,BRANCA
violencia_domestica,violencia_social,,,34.0,25_34,SAO GABRIEL DA PALHA,JARDIM VITORIA,FEMININO,PARDA
violencia_domestica,violencia_social,,,35.0,35_44,DOMINGOS MARTINS,GOIABEIRA,FEMININO,BRANCA
violencia_domestica,violencia_social,,,38.0,35_44,VILA VELHA,ITAPOA,FEMININO,PARDA
violencia_domestica,violencia_social,,,38.0,35_44,GUACUI,VALE DO SOL,FEMININO,PARDA
violencia_domestica,violencia_social,,,39.0,35_44,ITAGUACU,ZONA RURAL,FEMININO,BRANCA
violencia_domestica,violencia_social,,,40.0,35_44,COLATINA,VICENTE SOELA,FEMININO,PARDA
violencia_domestica,violencia_social,,,40.0,35_44,VILA VELHA,VILA NOVA,FEMININO,NEGRA
violencia_domestica,violencia_social,,,40.0,35_44,CARIACICA,VILA PRUDENCIO,FEMININO,PARDA
violencia_domestica,violencia_social,,,42.0,35_44,VITORIA,JARDIM DA PENHA,FEMININO,BRANCA
violencia_domestica,violencia_social,,,42.0,35_44,CARIACICA,SANTA LUZIA,FEMININO,PARDA
violencia_domestica,violencia_social,,,43.0,35_44,GUARAPARI,KUBITSCHEK,FEMININO,PARDA
violencia_domestica,violencia_social,,,43.0,35_44,ITAGUACU,CENTRO,FEMININO,PARDA
violencia_domestica,violencia_social,,,43.0,35_44,VITORIA,TABUAZEIRO,FEMININO,PARDA
violencia_domestica,violencia_social,,,44.0,35_44,COLATINA,PERPETUO SOCORRO,FEMININO,NEGRA
violencia_domestica,violencia_social,,,45.0,45_54,ITARANA,ITARANINHA,FEMININO,BRANCA
violencia_domestica,violencia_social,,,45.0,45_54,SAO GABRIEL DA PALHA,CACHOEIRA DA ONCA,FEMININO,PARDA
violencia_domestica,violencia_social,,,45.0,45_54,SAO GABRIEL DA PALHA,CACHOEIRA DA ONCA,FEMININO,PARDA
violencia_domestica,violencia_social,,,46.0,45_54,VIANA,MARCILIO DE NORONHA,FEMININO,NEGRA
violencia_domestica,violencia_social,,,49.0,45_54,LINHARES,CANIVETE,FEMININO,BRANCA
violencia_domestica,violencia_social,,,49.0,45_54,LINHARES,SHELL,FEMININO,BRANCA
violencia_domestica,violencia_social,,,49.0,45_54,CACHOEIRO DE ITAPEMIRIM,BELA VISTA,FEMININO,NEGRA
violencia_domestica,violencia_social,,,50.0,45_54,SERRA,SERRA DOURADA II,FEMININO,PARDA
violencia_domestica,violencia_social,,,51.0,45_54,CARIACICA,CASTELO BRANCO,FEMININO,PARDA
violencia_domestica,violencia_social,,,51.0,45_54,VITORIA,CONQUISTA,FEMININO,PARDA
violencia_domestica,violencia_social,,,52.0,45_54,CACHOEIRO DE ITAPEMIRIM,VILA RICA,FEMININO,BRANCA
violencia_domestica,violencia_social,,,55.0,55_64,SANTA LEOPOLDINA,OLARIA,FEMININO,PARDA
violencia_domestica,violencia_social,,,59.0,55_64,CARIACICA,CASTELO BRANCO,FEMININO,NEGRA
violencia_domestica,violencia_social,,,71.0,65_PLUS,SAO ROQUE DO CANAA,SAO DAMACIO,FEMININO,PARDA
violencia_domestica,violencia_social,,,71.0,65_PLUS,GUARAPARI,PRAIA DO MORRO,FEMININO,BRANCA
violencia_domestica,violencia_social,,,96.0,65_PLUS,GUARAPARI,PRAIA DO MORRO,FEMININO,BRANCA
violencia_domestica,violencia_social,,,,,SAO GABRIEL DA PALHA,JARDIM DE INFANCIA,FEMININO,PARDA
violencia_domestica,violencia_social,,,2.0,0_14,CONCEICAO DO CASTELO,ZONA RURAL,MASCULINO,PARDA
violencia_domestica,violencia_social,,,13.0,0_14,LINHARES,RIO QUARTEL,MASCULINO,PARDA
violencia_domestica,violencia_social,,,16.0,15_17,SAO MATEUS,GURIRI,FEMININO,PARDA
violencia_domestica,violencia_social,,,16.0,15_17,SAO MATEUS,GURIRI,FEMININO,BRANCA
violencia_domestica,violencia_social,,,18.0,18_24,CARIACICA,NOVA ESPERANCA,FEMININO,PARDA
violencia_domestica,violencia_social,,,18.0,18_24,CARIACICA,BOA SORTE,FEMININO,BRANCA
violencia_domestica,violencia_social,,,19.0,18_24,ARACRUZ,VILA DO RIACHO,FEMININO,BRANCA
violencia_domestica,violencia_social,,,20.0,18_24,GUARAPARI,IPIRANGA,MASCULINO,PARDA
violencia_domestica,violencia_social,,,20.0,18_24,JERONIMO MONTEIRO,CRISTAL,FEMININO,NEGRA
violencia_domestica,violencia_social,,,21.0,18_24,BAIXO GUANDU,ALTO MUTUM PRETO,FEMININO,PARDA
violencia_domestica,violencia_social,,,21.0,18_24,AFONSO CLAUDIO,OUTRO LOCAL,FEMININO,NEGRA
violencia_domestica,violencia_social,,,23.0,18_24,CARIACICA,PORTO NOVO,FEMININO,NEGRA
violencia_domestica,violencia_social,,,23.0,18_24,SAO MATEUS,ALVORADA,FEMININO,PARDA
violencia_domestica,violencia_social,,,24.0,18_24,SERRA,TAQUARA II,FEMININO,PARDA
violencia_domestica,violencia_social,,,24.0,18_24,CASTELO,ZONA RURAL,FEMININO,PARDA
violencia_domestica,violencia_social,,,24.0,18_24,SERRA,VILA NOVA DE COLARES,FEMININO,NEGRA
violencia_domestica,violencia_social,,,25.0,25_34,CACHOEIRO DE ITAPEMIRIM,CORONEL BORGES,FEMININO,PARDA
violencia_domestica,violencia_social,,,25.0,25_34,VIANA,CANAA,FEMININO,BRANCA
violencia_domestica,violencia_social,,,26.0,25_34,VIANA,AREINHA,FEMININO,NEGRA
violencia_domestica,violencia_social,,,26.0,25_34,SANTA TERESA,ALTO CALDEIRAO,FEMININO,BRANCA
violencia_domestica,violencia_social,,,27.0,25_34,PINHEIROS,VILA VERDE,FEMININO,PARDA
violencia_domestica,violencia_social,,,27.0,25_34,CARIACICA,VERA CRUZ,FEMININO,NEGRA
violencia_domestica,violencia_social,,,27.0,25_34,SERRA,ANDRE CARLONI,FEMININO,BRANCA
violencia_domestica,violencia_social,,,28.0,25_34,ARACRUZ,PLANALTO,FEMININO,PARDA
violencia_domestica,violencia_social,,,28.0,25_34,SAO MATEUS,PEDRA DAGUA,FEMININO,BRANCA
violencia_domestica,violencia_social,,,28.0,25_34,SAO MATEUS,PEDRA DAGUA,FEMININO,BRANCA
violencia_domestica,violencia_social,,,28.0,25_34,VITORIA,ILHA DE SANTA MARIA,FEMININO,PARDA
violencia_domestica,violencia_social,,,28.0,25_34,CASTELO,ZONA RURAL,FEMININO,PARDA
violencia_domestica,violencia_social,,,29.0,25_34,SERRA,TAQUARA II,FEMININO,PARDA
violencia_domestica,violencia_social,,,29.0,25_34,ARACRUZ,NOVA CONQUISTA,FEMININO,NEGRA
violencia_domestica,violencia_social,,,29.0,25_34,CACHOEIRO DE ITAPEMIRIM,ITAOCA,FEMININO,PARDA
violencia_domestica,violencia_social,,,30.0,25_34,CARIACICA,SAO GERALDO II,FEMININO,PARDA
violencia_domestica,violencia_social,,,30.0,25_34,SERRA,TAQUARA II,MASCULINO,PARDA
violencia_domestica,violencia_social,,,30.0,25_34,CARIACICA,JARDIM AMERICA,FEMININO,PARDA
violencia_domestica,violencia_social,,,30.0,25_34,JOAO NEIVA,VILA NOVA DE BAIXO,MASCULINO,PARDA
violencia_domestica,violencia_social,,,31.0,25_34,LINHARES,BEBEDOURO,FEMININO,NEGRA
violencia_domestica,violencia_social,,,31.0,25_34,LINHARES,ARACA,FEMININO,NEGRA
violencia_domestica,violencia_social,,,31.0,25_34,BREJETUBA,ZONA RURAL,FEMININO,PARDA
violencia_domestica,violencia_social,,,32.0,25_34,LINHARES,BEBEDOURO,FEMININO,PARDA
violencia_domestica,violencia_social,,,32.0,25_34,CASTELO,LIMOEIRO,FEMININO,BRANCA
violencia_domestica,violencia_social,,,32.0,25_34,BOM JESUS DO NORTE,CENTRO,FEMININO,BRANCA
violencia_domestica,violencia_social,,,32.0,25_34,BARRA DE SAO FRANCISCO,CENTRO,FEMININO,BRANCA
violencia_domestica,violencia_social,,,34.0,25_34,CONCEICAO DO CASTELO,ZONA RURAL,FEMININO,BRANCA
violencia_domestica,violencia_social,,,34.0,25_34,GUACUI,BALANCA,FEMININO,PARDA
violencia_domestica,violencia_social,,,35.0,35_44,COLATINA,VICENTE SOELA,FEMININO,PARDA
violencia_domestica,violencia_social,,,35.0,35_44,SAO MATEUS,GURIRI,FEMININO,PARDA
violencia_domestica,violencia_social,,,35.0,35_44,SANTA MARIA DE JETIBA,ALTO POSS MOUSER,FEMININO,BRANCA
violencia_domestica,violencia_social,,,35.0,35_44,VILA VELHA,SANTOS DUMONT,FEMININO,PARDA
violencia_domestica,violencia_social,,,35.0,35_44,VILA VELHA,PRAIA DE ITAPARICA,FEMININO,PARDA
violencia_domestica,violencia_social,,,35.0,35_44,COLATINA,ZONA RURAL,FEMININO,PARDA
violencia_domestica,violencia_social,,,36.0,35_44,CONCEICAO DO CASTELO,PEDRO RIGO,FEMININO,NEGRA
violencia_domestica,violencia_social,,,36.0,35_44,SAO MATEUS,AROEIRA,FEMININO,PARDA
violencia_domestica,violencia_social,,,36.0,35_44,VILA VELHA,PLANALTO,FEMININO,BRANCA
violencia_domestica,violencia_social,,,37.0,35_44,ARACRUZ,VILA DO RIACHO,FEMININO,PARDA
violencia_domestica,violencia_social,,,37.0,35_44,SERRA,TAQUARA II,FEMININO,PARDA
violencia_domestica,violencia_social,,,37.0,35_44,ARACRUZ,VILA DO RIACHO,FEMININO,PARDA
violencia_domestica,violencia_social,,,37.0,35_44,CACHOEIRO DE ITAPEMIRIM,AMARAL,FEMININO,BRANCA
violencia_domestica,violencia_social,,,37.0,35_44,VILA VELHA,JARDIM DO VALE,FEMININO,PARDA
violencia_domestica,violencia_social,,,38.0,35_44,BARRA DE SAO FRANCISCO,BAIRRO VILA LANDINHA,FEMININO,PARDA
violencia_domestica,violencia_social,,,39.0,35_44,GUARAPARI,MUQUICABA,FEMININO,BRANCA
violencia_domestica,violencia_social,,,40.0,35_44,ITARANA,BARRA ENCOBERTA,FEMININO,PARDA
violencia_domestica,violencia_social,,,41.0,35_44,MARATAIZES,LAGOA FUNDA,FEMININO,PARDA
violencia_domestica,violencia_social,,,41.0,35_44,SERRA,MARIA NIOBE,FEMININO,NEGRA
violencia_domestica,violencia_social,,,43.0,35_44,CARIACICA,NOVA ROSA DA PENHA,FEMININO,PARDA
violencia_domestica,violencia_social,,,43.0,35_44,SERRA,COLINA DE LARANJEIRAS,FEMININO,PARDA
violencia_domestica,violencia_social,,,43.0,35_44,VITORIA,JARDIM CAMBURI,MASCULINO,PARDA
violencia_domestica,violencia_social,,,44.0,35_44,SANTA MARIA DE JETIBA,SAO LUIS,FEMININO,PARDA
violencia_domestica,violencia_social,,,44.0,35_44,LINHARES,NOVA ESPERANCA,MASCULINO,PARDA
violencia_domestica,violencia_social,,,44.0,35_44,CARIACICA,VISTA DOURADA,FEMININO,NEGRA
violencia_domestica,violencia_social,,,45.0,45_54,VILA VELHA,ATAIDE,FEMININO,PARDA
violencia_domestica,violencia_social,,,45.0,45_54,LINHARES,RIO QUARTEL,FEMININO,PARDA
violencia_domestica,violencia_social,,,46.0,45_54,PINHEIROS,SANTO ANTONIO,FEMININO,PARDA
violencia_domestica,violencia_social,,,46.0,45_54,COLATINA,MOACYR BROTAS,FEMININO,BRANCA
violencia_domestica,violencia_social,,,46.0,45_54,CACHOEIRO DE ITAPEMIRIM,DOUTOR GILSON CARONE,FEMININO,BRANCA
violencia_domestica,violencia_social,,,47.0,45_54,SERRA,TAQUARA II,MASCULINO,PARDA
violencia_domestica,violencia_social,,,48.0,45_54,SAO GABRIEL DA PALHA,JOAO COLOMBI,FEMININO,BRANCA
violencia_domestica,violencia_social,,,49.0,45_54,MUCURICI,ZONA RURAL,FEMININO,PARDA
violencia_domestica,violencia_social,,,49.0,45_54,SERRA,SERRA DOURADA II,FEMININO,PARDA
violencia_domestica,violencia_social,,,52.0,45_54,ITAPEMIRIM,CENTRO,FEMININO,BRANCA
violencia_domestica,violencia_social,,,54.0,45_54,DOMINGOS MARTINS,PEDRA AZUL,FEMININO,PARDA
violencia_domestica,violencia_social,,,54.0,45_54,COLATINA,ZONA RURAL,FEMININO,PARDA
violencia_domestica,violencia_social,,,56.0,55_64,SERRA,SERRA DOURADA I,FEMININO,AMARELA
violencia_domestica,violencia_social,,,57.0,55_64,MARATAIZES,CIDADE NOVA,FEMININO,PARDA
violencia_domestica,violencia_social,,,59.0,55_64,JOAO NEIVA,VILA NOVA DE BAIXO,FEMININO,PARDA
violencia_domestica,violencia_social,,,59.0,55_64,MARATAIZES,CENTRO,FEMININO,BRANCA
violencia_domestica,violencia_social,,,60.0,55_64,JERONIMO MONTEIRO,SANTO ANTONIO,FEMININO,PARDA
violencia_domestica,violencia_social,,,61.0,55_64,LINHARES,BNH,FEMININO,BRANCA
violencia_domestica,violencia_social,,,63.0,55_64,IUNA,CENTRO,FEMININO,BRANCA
violencia_domestica,violencia_social,,,75.0,65_PLUS,LINHARES,LAGOA DO MEIO,FEMININO,BRANCA
violencia_domestica,violencia_social,,,77.0,65_PLUS,COLATINA,AYRTON SENNA,FEMININO,PARDA
violencia_domestica,violencia_social,,,,,ITAPEMIRIM,ITAOCA,FEMININO,INDETERMINADA
violencia_domestica,violencia_social,,,,,SERRA,MORADA DE LARANJEIRAS,S/I,BRANCA
violencia_domestica,violencia_social,,,15.0,15_17,ITAPEMIRIM,OUTRO LOCAL,FEMININO,BRANCA
violencia_domestica,violencia_social,,,16.0,15_17,RIO NOVO DO SUL,QUARTEIRAO,FEMININO,PARDA
violencia_domestica,violencia_social,,,17.0,15_17,BARRA DE SAO FRANCISCO,BAIRRO COLINA,FEMININO,NEGRA
violencia_domestica,violencia_social,,,17.0,15_17,ALEGRE,VILA DO SUL,FEMININO,PARDA
violencia_domestica,violencia_social,,,19.0,18_24,IUNA,GUANABARA,FEMININO,BRANCA
violencia_domestica,violencia_social,,,19.0,18_24,BARRA DE SAO FRANCISCO,PAULISTA,FEMININO,NEGRA
violencia_domestica,violencia_social,,,19.0,18_24,ARACRUZ,BELA VISTA,FEMININO,PARDA
violencia_domestica,violencia_social,,,20.0,18_24,MARATAIZES,CENTRO,FEMININO,PARDA
violencia_domestica,violencia_social,,,20.0,18_24,SANTA MARIA DE JETIBA,SANTA LUZIA DO RECREIO,MASCULINO,BRANCA
violencia_domestica,violencia_social,,,20.0,18_24,PINHEIROS,SAO JOAO DO SOBRADO,FEMININO,PARDA
violencia_domestica,violencia_social,,,20.0,18_24,VILA VELHA,ARACAS,FEMININO,BRANCA
violencia_domestica,violencia_social,,,20.0,18_24,SAO MATEUS,BOM SUCESSO,FEMININO,PARDA
violencia_domestica,violencia_social,,,20.0,18_24,JERONIMO MONTEIRO,CENTRO,FEMININO,NEGRA
violencia_domestica,violencia_social,,,20.0,18_24,SERRA,NOVO HORIZONTE,FEMININO,PARDA
violencia_domestica,violencia_social,,,20.0,18_24,VITORIA,JESUS DE NAZARETH,FEMININO,PARDA
violencia_domestica,violencia_social,,,21.0,18_24,CARIACICA,PADRE GABRIEL,FEMININO,PARDA
violencia_domestica,violencia_social,,,22.0,18_24,GUARAPARI,PORTO GRANDE,FEMININO,PARDA
violencia_domestica,violencia_social,,,22.0,18_24,SAO GABRIEL DA PALHA,JOAO COLOMBI,FEMININO,PARDA
violencia_domestica,violencia_social,,,22.0,18_24,SERRA,BICANGA,FEMININO,PARDA
violencia_domestica,violencia_social,,,23.0,18_24,CACHOEIRO DE ITAPEMIRIM,ZUMBI,FEMININO,PARDA
violencia_domestica,violencia_social,,,24.0,18_24,GUARAPARI,PORTO GRANDE,MASCULINO,PARDA
violencia_domestica,violencia_social,,,24.0,18_24,VILA VELHA,VILA GARRIDO,FEMININO,NEGRA
violencia_domestica,violencia_social,,,25.0,25_34,IUNA,BAIRRO DO PITO,FEMININO,BRANCA
violencia_domestica,violencia_social,,,25.0,25_34,VILA VELHA,SAO CONRADO,FEMININO,PARDA
violencia_domestica,violencia_social,,,25.0,25_34,PINHEIROS,SANTO ANTONIO,FEMININO,NEGRA
violencia_domestica,violencia_social,,,25.0,25_34,CONCEICAO DA BARRA,ESPERANCA,FEMININO,PARDA
violencia_domestica,violencia_social,,,26.0,25_34,ANCHIETA,CENTRO,FEMININO,INDETERMINADA
violencia_domestica,violencia_social,,,26.0,25_34,SANTA MARIA DE JETIBA,SANTA LUZIA DO RECREIO,FEMININO,PARDA
violencia_domestica,violencia_social,,,26.0,25_34,CACHOEIRO DE ITAPEMIRIM,BAIMINAS,FEMININO,NEGRA
violencia_domestica,violencia_social,,,26.0,25_34,GUARAPARI,FATIMA CIDADE JARDIM,FEMININO,PARDA
violencia_domestica,violencia_social,,,26.0,25_34,JAGUARE,OUTRO LOCAL,FEMININO,BRANCA
violencia_domestica,violencia_social,,,27.0,25_34,CASTELO,NOSSA SENHORA APARECIDA,FEMININO,PARDA
violencia_domestica,violencia_social,,,27.0,25_34,CARIACICA,GRAUNA,FEMININO,PARDA
violencia_domestica,violencia_social,,,27.0,25_34,VILA VELHA,NOVA AMERICA,FEMININO,PARDA
violencia_domestica,violencia_social,,,28.0,25_34,SERRA,NOVA CARAPINA II,FEMININO,BRANCA
violencia_domestica,violencia_social,,,28.0,25_34,VILA VELHA,ITAPOA,FEMININO,NEGRA
violencia_domestica,violencia_social,,,28.0,25_34,MONTANHA,DECAO,FEMININO,NEGRA
violencia_domestica,violencia_social,,,29.0,25_34,BREJETUBA,SAO JORGE,FEMININO,PARDA
violencia_domestica,violencia_social,,,29.0,25_34,VIANA,NOVA BETHANIA,FEMININO,PARDA
violencia_domestica,violencia_social,,,29.0,25_34,VITORIA,SANTA LUCIA,S/I,PARDA
violencia_domestica,violencia_social,,,29.0,25_34,SERRA,RESIDENCIAL VISTA DO MESTRE,MASCULINO,PARDA
violencia_domestica,violencia_social,,,29.0,25_34,VILA VELHA,BARRAMARES,FEMININO,PARDA
violencia_domestica,violencia_social,,,30.0,25_34,ANCHIETA,JABAQUARA,FEMININO,PARDA
violencia_domestica,violencia_social,,,30.0,25_34,VITORIA,BONFIM,FEMININO,PARDA
violencia_domestica,violencia_social,,,30.0,25_34,ATILIO VIVACQUA,NITEROI,FEMININO,BRANCA
violencia_domestica,violencia_social,,,30.0,25_34,GUARAPARI,NOSSA SENHORA DA CONCEICAO,FEMININO,NEGRA
violencia_domestica,violencia_social,,,31.0,25_34,VIANA,NOVA BETHANIA,FEMININO,PARDA
violencia_domestica,violencia_social,,,31.0,25_34,SERRA,ELDORADO,FEMININO,PARDA
violencia_domestica,violencia_social,,,32.0,25_34,SAO GABRIEL DA PALHA,CACHOEIRA DA ONCA,FEMININO,PARDA
violencia_domestica,violencia_social,,,32.0,25_34,BARRA DE SAO FRANCISCO,BAIRRO IRMAOS FERNANDES,FEMININO,INDETERMINADA
violencia_domestica,violencia_social,,,32.0,25_34,CARIACICA,SAO GERALDO,MASCULINO,PARDA
violencia_domestica,violencia_social,,,32.0,25_34,LINHARES,PONTAL DO IPIRANGA,FEMININO,PARDA
violencia_domestica,violencia_social,,,32.0,25_34,VIANA,VILA BETHANIA,FEMININO,BRANCA
violencia_domestica,violencia_social,,,33.0,25_34,CARIACICA,NOVA ROSA DA PENHA,FEMININO,INDETERMINADA
violencia_domestica,violencia_social,,,33.0,25_34,CACHOEIRO DE ITAPEMIRIM,AGOSTINHO SIMONATO,FEMININO,PARDA
violencia_domestica,violencia_social,,,33.0,25_34,MIMOSO DO SUL,PRATINHA,FEMININO,BRANCA
violencia_domestica,violencia_social,,,34.0,25_34,CARIACICA,ITACIBA,FEMININO,PARDA
violencia_domestica,violencia_social,,,35.0,35_44,NOVA VENECIA,RUBIA,FEMININO,PARDA
violencia_domestica,violencia_social,,,35.0,35_44,CARIACICA,SAO GERALDO,FEMININO,PARDA
violencia_domestica,violencia_social,,,35.0,35_44,LINHARES,NOVA ESPERANCA,FEMININO,PARDA
violencia_domestica,violencia_social,,,35.0,35_44,MARATAIZES,PONTAL DA BARRA,FEMININO,PARDA
violencia_domestica,violencia_social,,,35.0,35_44,ARACRUZ,MAR AZUL,FEMININO,PARDA
violencia_domestica,violencia_social,,,35.0,35_44,ARACRUZ,MAR AZUL,FEMININO,PARDA
violencia_domestica,violencia_social,,,35.0,35_44,VITORIA,GOIABEIRAS,FEMININO,PARDA
violencia_domestica,violencia_social,,,36.0,35_44,CACHOEIRO DE ITAPEMIRIM,VILAGE DA LUZ,FEMININO,NEGRA
violencia_domestica,violencia_social,,,36.0,35_44,VENDA NOVA DO IMIGRANTE,SAO PEDRO,FEMININO,BRANCA
violencia_domestica,violencia_social,,,36.0,35_44,JERONIMO MONTEIRO,CENTRO,FEMININO,NEGRA
violencia_domestica,violencia_social,,,36.0,35_44,MIMOSO DO SUL,SERRANO,FEMININO,NEGRA
violencia_domestica,violencia_social,,,36.0,35_44,CACHOEIRO DE ITAPEMIRIM,RECANTO,FEMININO,PARDA
violencia_domestica,violencia_social,,,37.0,35_44,SANTA MARIA DE JETIBA,CENTRO,FEMININO,PARDA
violencia_domestica,violencia_social,,,37.0,35_44,VILA VELHA,BALNEARIO PONTA DA FRUTA,FEMININO,NEGRA
violencia_domestica,violencia_social,,,38.0,35_44,JAGUARE,ABOBORA,FEMININO,BRANCA
violencia_domestica,violencia_social,,,38.0,35_44,SANTA MARIA DE JETIBA,SANTA LUZIA DO RECREIO,FEMININO,BRANCA
violencia_domestica,violencia_social,,,38.0,35_44,SERRA,VILA NOVA DE COLARES,FEMININO,NEGRA
violencia_domestica,violencia_social,,,38.0,35_44,VIANA,CENTRO,FEMININO,PARDA
violencia_domestica,violencia_social,,,39.0,35_44,BARRA DE SAO FRANCISCO,BAIRRO COLINA,FEMININO,NEGRA
violencia_domestica,violencia_social,,,39.0,35_44,CARIACICA,PROLAR,FEMININO,NEGRA
violencia_domestica,violencia_social,,,39.0,35_44,GUARAPARI,ZONA RURAL,FEMININO,PARDA
violencia_domestica,violencia_social,,,40.0,35_44,SAO ROQUE DO CANAA,SAO BENTO,FEMININO,BRANCA
violencia_domestica,violencia_social,,,40.0,35_44,MARATAIZES,JACARANDA,FEMININO,PARDA
violencia_domestica,violencia_social,,,41.0,35_44,JAGUARE,SAO ROQUE,FEMININO,PARDA
violencia_domestica,violencia_social,,,43.0,35_44,CARIACICA,JARDIM AMERICA,FEMININO,PARDA
violencia_domestica,violencia_social,,,43.0,35_44,VILA VELHA,RESIDENCIAL JABAETE,FEMININO,NEGRA
violencia_domestica,violencia_social,,,45.0,45_54,VILA VELHA,CENTRO VILA VELHA,FEMININO,PARDA
violencia_domestica,violencia_social,,,45.0,45_54,CARIACICA,OPERARIO,FEMININO,BRANCA
violencia_domestica,violencia_social,,,46.0,45_54,SERRA,PARQUE RESIDENCIAL LARANJEIRAS,FEMININO,PARDA
violencia_domestica,violencia_social,,,46.0,45_54,ARACRUZ,VILA NOVA,FEMININO,PARDA
violencia_domestica,violencia_social,,,46.0,45_54,ITAGUACU,OTTO LUIZ HOFFMAN,FEMININO,NEGRA
violencia_domestica,violencia_social,,,46.0,45_54,ALEGRE,VILA DO SUL,FEMININO,NEGRA
violencia_domestica,violencia_social,,,48.0,45_54,PIUMA,NITEROI,FEMININO,PARDA
violencia_domestica,violencia_social,,,48.0,45_54,LINHARES,ARACA,FEMININO,NEGRA
violencia_domestica,violencia_social,,,50.0,45_54,COLATINA,ZONA RURAL,FEMININO,NEGRA
violencia_domestica,violencia_social,,,53.0,45_54,GUACUI,SAO PEDRO DE RATES,S/I,BRANCA
violencia_domestica,violencia_social,,,55.0,55_64,SAO MATEUS,RESIDENCIAL PARQUE WASHIGTON,FEMININO,PARDA
violencia_domestica,violencia_social,,,55.0,55_64,VILA VELHA,SAO TORQUATO,FEMININO,PARDA
violencia_domestica,violencia_social,,,55.0,55_64,SAO MATEUS,AVIACAO,FEMININO,NEGRA
violencia_domestica,violencia_social,,,56.0,55_64,MARATAIZES,JACARANDA,FEMININO,BRANCA
violencia_domestica,violencia_social,,,56.0,55_64,CACHOEIRO DE ITAPEMIRIM,SOTURNO,FEMININO,PARDA
violencia_domestica,violencia_social,,,58.0,55_64,COLATINA,SANTA TEREZINHA,FEMININO,PARDA
violencia_domestica,violencia_social,,,60.0,55_64,ECOPORANGA,OUTRO LOCAL,FEMININO,PARDA
violencia_domestica,violencia_social,,,64.0,55_64,BAIXO GUANDU,SAO VICENTE,FEMININO,PARDA
violencia_domestica,violencia_social,,,68.0,65_PLUS,SANTA MARIA DE JETIBA,SAO LUIS,FEMININO,BRANCA
violencia_domestica,violencia_social,,,76.0,65_PLUS,BAIXO GUANDU,SAO VICENTE,MASCULINO,PARDA
violencia_domestica,violencia_social,,,4.0,0_14,JERONIMO MONTEIRO,CENTRO,MASCULINO,PARDA
violencia_domestica,violencia_social,,,12.0,0_14,JERONIMO MONTEIRO,CENTRO,FEMININO,PARDA
violencia_domestica,violencia_social,,,14.0,0_14,SERRA,BAIRRO DAS LARANJEIRAS,FEMININO,PARDA
violencia_domestica,violencia_social,,,14.0,0_14,ARACRUZ,FATIMA,FEMININO,PARDA
violencia_domestica,violencia_social,,,14.0,0_14,NOVA VENECIA,RUBIA,FEMININO,PARDA
violencia_domestica,violencia_social,,,16.0,15_17,VITORIA,DA PENHA,FEMININO,BRANCA
violencia_domestica,violencia_social,,,16.0,15_17,COLATINA,ZONA RURAL,FEMININO,NEGRA
violencia_domestica,violencia_social,,,18.0,18_24,IUNA,PITO,FEMININO,NEGRA
violencia_domestica,violencia_social,,,18.0,18_24,ALEGRE,PRAINHA,FEMININO,BRANCA
violencia_domestica,violencia_social,,,19.0,18_24,BARRA DE SAO FRANCISCO,BAIRRO VILA GONCALVES,FEMININO,PARDA
violencia_domestica,violencia_social,,,19.0,18_24,VILA VELHA,NOSSA SENHORA DA PENHA,FEMININO,BRANCA
violencia_domestica,violencia_social,,,19.0,18_24,BARRA DE SAO FRANCISCO,BAIRRO VILA GONCALVES,FEMININO,PARDA
violencia_domestica,violencia_social,,,20.0,18_24,CARIACICA,SANTA BARBARA,FEMININO,PARDA
violencia_domestica,violencia_social,,,21.0,18_24,CACHOEIRO DE ITAPEMIRIM,VALAO,FEMININO,PARDA
violencia_domestica,violencia_social,,,21.0,18_24,VIANA,MARCILIO DE NORONHA,FEMININO,PARDA
violencia_domestica,violencia_social,,,22.0,18_24,CARIACICA,JARDIM CAMPO GRANDE,FEMININO,PARDA
violencia_domestica,violencia_social,,,22.0,18_24,SERRA,NOVO HORIZONTE,FEMININO,BRANCA
violencia_domestica,violencia_social,,,22.0,18_24,ARACRUZ,FATIMA,FEMININO,PARDA
violencia_domestica,violencia_social,,,22.0,18_24,MARATAIZES,ILMENITA,FEMININO,BRANCA
violencia_domestica,violencia_social,,,22.0,18_24,COLATINA,SAO PEDRO,FEMININO,PARDA
violencia_domestica,violencia_social,,,25.0,25_34,CACHOEIRO DE ITAPEMIRIM,BOA VISTA,FEMININO,NEGRA
violencia_domestica,violencia_social,,,25.0,25_34,SERRA,OURIMAR,FEMININO,PARDA
violencia_domestica,violencia_social,,,25.0,25_34,DORES DO RIO PRETO,PATRIMONIO MUNDO NOVO,FEMININO,NEGRA
violencia_domestica,violencia_social,,,26.0,25_34,PONTO BELO,ITAMIRA,FEMININO,INDETERMINADA
violencia_domestica,violencia_social,,,26.0,25_34,VITORIA,GOIABEIRAS,FEMININO,BRANCA
violencia_domestica,violencia_social,,,26.0,25_34,SAO MATEUS,GURIRI,FEMININO,BRANCA
violencia_domestica,violencia_social,,,26.0,25_34,VILA PAVAO,CENTRO,FEMININO,PARDA
violencia_domestica,violencia_social,,,27.0,25_34,VITORIA,GRANDE VITORIA,FEMININO,NEGRA
violencia_domestica,violencia_social,,,27.0,25_34,ARACRUZ,CENTRO,FEMININO,PARDA
violencia_domestica,violencia_social,,,28.0,25_34,CASTELO,SAO MIGUEL,FEMININO,PARDA
violencia_domestica,violencia_social,,,28.0,25_34,MARATAIZES,BARRA DE ITAPEMIRIM,FEMININO,BRANCA
violencia_domestica,violencia_social,,,28.0,25_34,GUARAPARI,KUBITSCHEK,FEMININO,PARDA
violencia_domestica,violencia_social,,,28.0,25_34,PIUMA,NITEROI,FEMININO,PARDA
violencia_domestica,violencia_social,,,28.0,25_34,PIUMA,NITEROI,S/I,PARDA
violencia_domestica,violencia_social,,,28.0,25_34,VILA VELHA,CENTRO VILA VELHA,FEMININO,PARDA
violencia_domestica,violencia_social,,,29.0,25_34,PANCAS,OPERARIO,FEMININO,PARDA
violencia_domestica,violencia_social,,,29.0,25_34,SERRA,NOVO HORIZONTE,FEMININO,BRANCA
violencia_domestica,violencia_social,,,30.0,25_34,CASTELO,NITEROI,FEMININO,PARDA
violencia_domestica,violencia_social,,,30.0,25_34,CARIACICA,VISTA MAR,FEMININO,PARDA
violencia_domestica,violencia_social,,,30.0,25_34,VILA VELHA,RIO MARINHO,FEMININO,PARDA
violencia_domestica,violencia_social,,,31.0,25_34,SERRA,SAO JOAO,FEMININO,PARDA
violencia_domestica,violencia_social,,,31.0,25_34,CARIACICA,ITACIBA,FEMININO,NEGRA
violencia_domestica,violencia_social,,,33.0,25_34,LINHARES,PLANALTO,FEMININO,BRANCA
violencia_domestica,violencia_social,,,33.0,25_34,VITORIA,JARDIM CAMBURI,FEMININO,PARDA
violencia_domestica,violencia_social,,,33.0,25_34,LINHARES,PLANALTO,FEMININO,BRANCA
violencia_domestica,violencia_social,,,33.0,25_34,SERRA,SAO GERALDO,FEMININO,PARDA
violencia_domestica,violencia_social,,,34.0,25_34,SERRA,SAO DIOGO I,FEMININO,PARDA
violencia_domestica,violencia_social,,,34.0,25_34,SERRA,ENSEADA DE JACARAIPE,FEMININO,PARDA
violencia_domestica,violencia_social,,,34.0,25_34,SAO MATEUS,LITORANEO,FEMININO,BRANCA
violencia_domestica,violencia_social,,,34.0,25_34,VILA VELHA,MORADA DA BARRA,FEMININO,PARDA
violencia_domestica,violencia_social,,,35.0,35_44,CACHOEIRO DE ITAPEMIRIM,NOVO PARQUE,FEMININO,BRANCA
violencia_domestica,violencia_social,,,36.0,35_44,VILA VELHA,JARDIM ASTECA,FEMININO,NEGRA
violencia_domestica,violencia_social,,,36.0,35_44,CARIACICA,JARDIM CAMPO GRANDE,FEMININO,NEGRA
violencia_domestica,violencia_social,,,37.0,35_44,PRESIDENTE KENNEDY,SANTA MARIA,FEMININO,PARDA
violencia_domestica,violencia_social,,,37.0,35_44,SOORETAMA,ALEGRE,FEMININO,NEGRA
violencia_domestica,violencia_social,,,37.0,35_44,CARIACICA,ITACIBA,FEMININO,PARDA
violencia_domestica,violencia_social,,,38.0,35_44,SANTA LEOPOLDINA,BARRA DO MANGARAI,FEMININO,PARDA
violencia_domestica,violencia_social,,,38.0,35_44,VILA VELHA,SOTECO,FEMININO,BRANCA
violencia_domestica,violencia_social,,,38.0,35_44,PINHEIROS,DOMICIANO,FEMININO,BRANCA
violencia_domestica,violencia_social,,,38.0,35_44,SERRA,JACUHY,FEMININO,BRANCA
violencia_domestica,violencia_social,,,38.0,35_44,IRUPI,SAO JOSE DO SACUI,FEMININO,BRANCA
violencia_domestica,violencia_social,,,39.0,35_44,SERRA,BAIRRO DAS LARANJEIRAS,FEMININO,PARDA
violencia_domestica,violencia_social,,,39.0,35_44,VITORIA,FORTE SAO JOAO,FEMININO,PARDA
violencia_domestica,violencia_social,,,39.0,35_44,JERONIMO MONTEIRO,CENTRO,FEMININO,BRANCA
violencia_domestica,violencia_social,,,40.0,35_44,DORES DO RIO PRETO,PEDRA MENINA,FEMININO,NEGRA
violencia_domestica,violencia_social,,,40.0,35_44,GUARAPARI,PORTAL CLUB,FEMININO,PARDA
violencia_domestica,violencia_social,,,41.0,35_44,VIANA,PRIMAVERA,FEMININO,PARDA
violencia_domestica,violencia_social,,,42.0,35_44,VILA VELHA,COBILANDIA,FEMININO,PARDA
violencia_domestica,violencia_social,,,42.0,35_44,GUARAPARI,UNA,FEMININO,PARDA
violencia_domestica,violencia_social,,,43.0,35_44,VILA VELHA,COBILANDIA,FEMININO,PARDA
violencia_domestica,violencia_social,,,43.0,35_44,GUARAPARI,PALMEIRAS,FEMININO,PARDA
violencia_domestica,violencia_social,,,44.0,35_44,NOVA VENECIA,RUBIA,FEMININO,PARDA
violencia_domestica,violencia_social,,,45.0,45_54,ICONHA,CENTRO,FEMININO,PARDA
violencia_domestica,violencia_social,,,48.0,45_54,LINHARES,SHELL,FEMININO,NEGRA
violencia_domestica,violencia_social,,,48.0,45_54,LINHARES,JUPARANA,FEMININO,PARDA
violencia_domestica,violencia_social,,,49.0,45_54,BARRA DE SAO FRANCISCO,BAIRRO CAMPO NOVO,FEMININO,PARDA
violencia_domestica,violencia_social,,,50.0,45_54,CARIACICA,ALTO DA BOA VISTA,FEMININO,PARDA
violencia_domestica,violencia_social,,,51.0,45_54,MARATAIZES,ILMENITA,FEMININO,PARDA
violencia_domestica,violencia_social,,,51.0,45_54,GUARAPARI,PRAIA DO MORRO,FEMININO,BRANCA
violencia_domestica,violencia_social,,,52.0,45_54,ITAPEMIRIM,CENTRO,FEMININO,AMARELA
violencia_domestica,violencia_social,,,52.0,45_54,VILA VELHA,SANTA MONICA,FEMININO,BRANCA
violencia_domestica,violencia_social,,,53.0,45_54,SAO GABRIEL DA PALHA,SANTA RITA,FEMININO,INDETERMINADA
violencia_domestica,violencia_social,,,53.0,45_54,PRESIDENTE KENNEDY,CENTRO,FEMININO,AMARELA
violencia_domestica,violencia_social,,,53.0,45_54,CACHOEIRO DE ITAPEMIRIM,ZUMBI,FEMININO,PARDA
violencia_domestica,violencia_social,,,54.0,45_54,ARACRUZ,MAR AZUL,FEMININO,BRANCA
violencia_domestica,violencia_social,,,54.0,45_54,NOVA VENECIA,RUBIA,FEMININO,PARDA
violencia_domestica,violencia_social,,,57.0,55_64,LINHARES,PONTAL DO IPIRANGA,FEMININO,BRANCA
violencia_domestica,violencia_social,,,57.0,55_64,GUARAPARI,SANTA MONICA,FEMININO,PARDA
violencia_domestica,violencia_social,,,58.0,55_64,ARACRUZ,FATIMA,FEMININO,BRANCA
violencia_domestica,violencia_social,,,64.0,55_64,CACHOEIRO DE ITAPEMIRIM,VILA RICA,FEMININO,NEGRA
violencia_domestica,violencia_social,,,64.0,55_64,ANCHIETA,ALVORADA,FEMININO,PARDA
violencia_domestica,violencia_social,,,76.0,65_PLUS,RIO BANANAL,SANTO ANTONIO,FEMININO,PARDA
violencia_domestica,violencia_social,,,,,COLATINA,CARLOS GERMANO NAUMANN,FEMININO,PARDA
violencia_domestica,violencia_social,,,14.0,0_14,VENDA NOVA DO IMIGRANTE,MINETE,FEMININO,PARDA
violencia_domestica,violencia_social,,,15.0,15_17,CARIACICA,SAO JOAO BATISTA,FEMININO,PARDA
violencia_domestica,violencia_social,,,18.0,18_24,IUNA,PITO,FEMININO,NEGRA
violencia_domestica,violencia_social,,,19.0,18_24,PINHEIROS,DOMICIANO,FEMININO,PARDA
violencia_domestica,violencia_social,,,19.0,18_24,SERRA,JARDIM TROPICAL,FEMININO,PARDA
violencia_domestica,violencia_social,,,19.0,18_24,SERRA,VILA NOVA DE COLARES,FEMININO,INDETERMINADA
violencia_domestica,violencia_social,,,22.0,18_24,VILA VELHA,NOSSA SENHORA DA PENHA,FEMININO,PARDA
violencia_domestica,violencia_social,,,24.0,18_24,GUARAPARI,SANTA ROSA,FEMININO,PARDA
violencia_domestica,violencia_social,,,25.0,25_34,VITORIA,PRAIA DO SUA,FEMININO,PARDA
violencia_domestica,violencia_social,,,25.0,25_34,SERRA,ANDRE CARLONI,FEMININO,BRANCA
violencia_domestica,violencia_social,,,26.0,25_34,VILA VELHA,GAROTO,FEMININO,PARDA
violencia_domestica,violencia_social,,,26.0,25_34,SERRA,VILA NOVA DE COLARES,MASCULINO,PARDA
violencia_domestica,violencia_social,,,27.0,25_34,SERRA,JARDIM CARAPINA,FEMININO,BRANCA
violencia_domestica,violencia_social,,,27.0,25_34,ARACRUZ,SANTA CRUZ,FEMININO,PARDA
violencia_domestica,violencia_social,,,27.0,25_34,SERRA,SERRA DOURADA I,FEMININO,PARDA
violencia_domestica,violencia_social,,,27.0,25_34,SERRA,SERRA DOURADA I,FEMININO,PARDA
violencia_domestica,violencia_social,,,27.0,25_34,SERRA,JARDIM CARAPINA,FEMININO,BRANCA
violencia_domestica,violencia_social,,,28.0,25_34,ITAPEMIRIM,PALMITAL,FEMININO,PARDA
violencia_domestica,violencia_social,,,28.0,25_34,LINHARES,PLANALTO,FEMININO,PARDA
violencia_domestica,violencia_social,,,28.0,25_34,SAO GABRIEL DA PALHA,PROGRESSO,FEMININO,PARDA
violencia_domestica,violencia_social,,,29.0,25_34,LINHARES,NOVA ESPERANCA,FEMININO,PARDA
violencia_domestica,violencia_social,,,29.0,25_34,COLATINA,JOAO MANOEL MENEGUELI,FEMININO,PARDA
violencia_domestica,violencia_social,,,29.0,25_34,LINHARES,NOVA ESPERANCA,FEMININO,PARDA
violencia_domestica,violencia_social,,,29.0,25_34,ITAPEMIRIM,ITAIPAVA,FEMININO,PARDA
violencia_domestica,violencia_social,,,29.0,25_34,VITORIA,ROMAO,FEMININO,PARDA
violencia_domestica,violencia_social,,,29.0,25_34,VILA VELHA,PRAIA DA COSTA,FEMININO,BRANCA
violencia_domestica,violencia_social,,,29.0,25_34,MARATAIZES,NOVA CANAA,FEMININO,BRANCA
violencia_domestica,violencia_social,,,30.0,25_34,CASTELO,NITEROI,FEMININO,BRANCA
violencia_domestica,violencia_social,,,30.0,25_34,VITORIA,GOIABEIRAS,FEMININO,PARDA
violencia_domestica,violencia_social,,,31.0,25_34,ANCHIETA,IRIRI,FEMININO,PARDA
violencia_domestica,violencia_social,,,31.0,25_34,VITORIA,ITARARE,FEMININO,BRANCA
violencia_domestica,violencia_social,,,32.0,25_34,SERRA,CHACARA PARREIRAL,FEMININO,PARDA
violencia_domestica,violencia_social,,,32.0,25_34,NOVA VENECIA,IOLANDA,FEMININO,BRANCA
violencia_domestica,violencia_social,,,32.0,25_34,CARIACICA,SAO GERALDO,FEMININO,PARDA
violencia_domestica,violencia_social,,,33.0,25_34,ANCHIETA,PONTA DOS CASTELHANOS,FEMININO,PARDA
violencia_domestica,violencia_social,,,33.0,25_34,CARIACICA,SANTA CECILIA,FEMININO,PARDA
violencia_domestica,violencia_social,,,33.0,25_34,SERRA,VILA NOVA DE COLARES,FEMININO,PARDA
violencia_domestica,violencia_social,,,33.0,25_34,SERRA,BALNEARIO DE CARAPEBUS,FEMININO,PARDA
violencia_domestica,violencia_social,,,33.0,25_34,SAO MATEUS,OUTRO LOCAL,FEMININO,PARDA
violencia_domestica,violencia_social,,,34.0,25_34,CACHOEIRO DE ITAPEMIRIM,ALTO NOVO PARQUE,FEMININO,BRANCA
violencia_domestica,violencia_social,,,34.0,25_34,SERRA,BICANGA,FEMININO,PARDA
violencia_domestica,violencia_social,,,36.0,35_44,CACHOEIRO DE ITAPEMIRIM,MONTE CRISTO,FEMININO,PARDA
violencia_domestica,violencia_social,,,37.0,35_44,GUARAPARI,CAMURUGI,FEMININO,NEGRA
violencia_domestica,violencia_social,,,37.0,35_44,GUARAPARI,PRAIA DO MORRO,FEMININO,BRANCA
violencia_domestica,violencia_social,,,38.0,35_44,CACHOEIRO DE ITAPEMIRIM,BELA VISTA,FEMININO,BRANCA
violencia_domestica,violencia_social,,,38.0,35_44,JERONIMO MONTEIRO,PARADA CRISTAL,FEMININO,PARDA
violencia_domestica,violencia_social,,,39.0,35_44,CACHOEIRO DE ITAPEMIRIM,CORREGO DOS MONOS,FEMININO,PARDA
violencia_domestica,violencia_social,,,40.0,35_44,CARIACICA,VILA ISABEL,FEMININO,NEGRA
violencia_domestica,violencia_social,,,41.0,35_44,VITORIA,SANTA MARTHA,FEMININO,NEGRA
violencia_domestica,violencia_social,,,41.0,35_44,NOVA VENECIA,RUBIA,FEMININO,INDETERMINADA
violencia_domestica,violencia_social,,,41.0,35_44,CARIACICA,TUCUM,FEMININO,PARDA
violencia_domestica,violencia_social,,,42.0,35_44,CACHOEIRO DE ITAPEMIRIM,NOSSA SENHORA APARECIDA,FEMININO,PARDA
violencia_domestica,violencia_social,,,43.0,35_44,SERRA,CHACARA PARREIRAL,FEMININO,BRANCA
violencia_domestica,violencia_social,,,43.0,35_44,VITORIA,ITARARE,FEMININO,PARDA
violencia_domestica,violencia_social,,,43.0,35_44,CARIACICA,BELA AURORA,FEMININO,PARDA
violencia_domestica,violencia_social,,,45.0,45_54,AFONSO CLAUDIO,GRAMA,FEMININO,INDETERMINADA
violencia_domestica,violencia_social,,,45.0,45_54,AFONSO CLAUDIO,GRAMA,FEMININO,INDETERMINADA
violencia_domestica,violencia_social,,,45.0,45_54,CARIACICA,NOVA VALVERDE,S/I,PARDA
violencia_domestica,violencia_social,,,46.0,45_54,LINHARES,PLANALTO,FEMININO,PARDA
violencia_domestica,violencia_social,,,47.0,45_54,CARIACICA,CAMPO GRANDE,FEMININO,BRANCA
violencia_domestica,violencia_social,,,48.0,45_54,LINHARES,ZONA RURAL,FEMININO,PARDA
violencia_domestica,violencia_social,,,50.0,45_54,CARIACICA,SANTANA,FEMININO,PARDA
violencia_domestica,violencia_social,,,50.0,45_54,SERRA,COLINA DE LARANJEIRAS,FEMININO,BRANCA
violencia_domestica,violencia_social,,,51.0,45_54,NOVA VENECIA,AEROPORTO,FEMININO,INDETERMINADA
violencia_domestica,violencia_social,,,52.0,45_54,ITAPEMIRIM,ITAIPAVA,S/I,PARDA
violencia_domestica,violencia_social,,,52.0,45_54,VITORIA,PONTAL DE CAMBURI,FEMININO,BRANCA
violencia_domestica,violencia_social,,,53.0,45_54,ITAPEMIRIM,ITAIPAVA,FEMININO,NEGRA
violencia_domestica,violencia_social,,,54.0,45_54,ANCHIETA,BOA VISTA,FEMININO,BRANCA
violencia_domestica,violencia_social,,,55.0,55_64,CACHOEIRO DE ITAPEMIRIM,RUI PINTO BANDEIRA,FEMININO,BRANCA
violencia_domestica,violencia_social,,,57.0,55_64,GUARAPARI,SANTA MONICA,FEMININO,PARDA
violencia_domestica,violencia_social,,,57.0,55_64,VITORIA,DA PENHA,FEMININO,NEGRA
violencia_domestica,violencia_social,,,63.0,55_64,BARRA DE SAO FRANCISCO,CENTRO,FEMININO,BRANCA
violencia_domestica,violencia_social,,,64.0,55_64,MARATAIZES,BARRA DE ITAPEMIRIM,FEMININO,PARDA
violencia_domestica,violencia_social,,,69.0,65_PLUS,VITORIA,MARIA ORTIZ,FEMININO,INDETERMINADA
violencia_domestica,violencia_social,,,70.0,65_PLUS,VILA VELHA,IBES,FEMININO,PARDA
violencia_domestica,violencia_social,,,76.0,65_PLUS,MIMOSO DO SUL,OUTRO LOCAL,FEMININO,NEGRA
violencia_domestica,violencia_social,,,2.0,0_14,MANTENOPOLIS,SANTA LUZIA DE MANTENOPOLIS,FEMININO,BRANCA
violencia_domestica,violencia_social,,,7.0,0_14,SERRA,SAO LOURENCO,FEMININO,BRANCA
violencia_domestica,violencia_social,,,17.0,15_17,PRESIDENTE KENNEDY,JAQUEIRA,FEMININO,PARDA
violencia_domestica,violencia_social,,,18.0,18_24,PRESIDENTE KENNEDY,JAQUEIRA,FEMININO,BRANCA
violencia_domestica,violencia_social,,,18.0,18_24,CASTELO,ESPLANADA,FEMININO,NEGRA
violencia_domestica,violencia_social,,,19.0,18_24,IBATIBA,ZONA RURAL,FEMININO,BRANCA
violencia_domestica,violencia_social,,,19.0,18_24,ARACRUZ,SAO CAMILO,FEMININO,BRANCA
violencia_domestica,violencia_social,,,20.0,18_24,JOAO NEIVA,MONTE LIBANO,FEMININO,BRANCA
violencia_domestica,violencia_social,,,20.0,18_24,ITAPEMIRIM,JOACIMA,FEMININO,PARDA
violencia_domestica,violencia_social,,,20.0,18_24,SAO MATEUS,MARIRICU,FEMININO,PARDA
violencia_domestica,violencia_social,,,21.0,18_24,SAO JOSE DO CALCADO,SIZENALDO DE SA VIANA,FEMININO,BRANCA
violencia_domestica,violencia_social,,,22.0,18_24,PINHEIROS,JUNDIA,FEMININO,PARDA
violencia_domestica,violencia_social,,,22.0,18_24,VITORIA,ITARARE,MASCULINO,PARDA
violencia_domestica,violencia_social,,,23.0,18_24,COLATINA,MARIA DAS GRACAS,FEMININO,BRANCA
violencia_domestica,violencia_social,,,23.0,18_24,VITORIA,MARUIPE,FEMININO,NEGRA
violencia_domestica,violencia_social,,,24.0,18_24,VIANA,AREINHA,FEMININO,PARDA
violencia_domestica,violencia_social,,,24.0,18_24,AFONSO CLAUDIO,OUTRO LOCAL,FEMININO,NEGRA
violencia_domestica,violencia_social,,,26.0,25_34,VITORIA,INHANGUETA,FEMININO,NEGRA
violencia_domestica,violencia_social,,,27.0,25_34,ALFREDO CHAVES,OUTRO LOCAL,FEMININO,PARDA
violencia_domestica,violencia_social,,,28.0,25_34,PIUMA,CENTRO,FEMININO,PARDA
violencia_domestica,violencia_social,,,28.0,25_34,COLATINA,PERPETUO SOCORRO,FEMININO,PARDA
violencia_domestica,violencia_social,,,29.0,25_34,SAO MATEUS,MORADA DO RIBEIRAO,FEMININO,PARDA
violencia_domestica,violencia_social,,,29.0,25_34,VITORIA,CENTRO,MASCULINO,PARDA
violencia_domestica,violencia_social,,,30.0,25_34,CACHOEIRO DE ITAPEMIRIM,AEROPORTO,FEMININO,PARDA
violencia_domestica,violencia_social,,,30.0,25_34,IUNA,ZONA RURAL,FEMININO,BRANCA
violencia_domestica,violencia_social,,,31.0,25_34,JAGUARE,JIRAU,FEMININO,PARDA
violencia_domestica,violencia_social,,,31.0,25_34,CARIACICA,SANTO ANDRE,FEMININO,PARDA
violencia_domestica,violencia_social,,,31.0,25_34,CARIACICA,RIO BRANCO,FEMININO,PARDA
violencia_domestica,violencia_social,,,31.0,25_34,CARIACICA,RIO BRANCO,FEMININO,PARDA
violencia_domestica,violencia_social,,,32.0,25_34,VITORIA,JARDIM CAMBURI,FEMININO,BRANCA
violencia_domestica,violencia_social,,,32.0,25_34,SAO ROQUE DO CANAA,VILA VERDE,FEMININO,BRANCA
violencia_domestica,violencia_social,,,33.0,25_34,VILA VELHA,DIVINO ESPIRITO SANTO,FEMININO,PARDA
violencia_domestica,violencia_social,,,33.0,25_34,VILA VELHA,ULISSES GUIMARAES,FEMININO,NEGRA
violencia_domestica,violencia_social,,,33.0,25_34,VILA VELHA,ATAIDE,FEMININO,PARDA
violencia_domestica,violencia_social,,,34.0,25_34,VILA VELHA,JARDIM GUARANHUNS,FEMININO,PARDA
violencia_domestica,violencia_social,,,35.0,35_44,VILA VALERIO,VILA NOVA,FEMININO,NEGRA
violencia_domestica,violencia_social,,,35.0,35_44,SERRA,PLANALTO SERRANO,FEMININO,PARDA
violencia_domestica,violencia_social,,,35.0,35_44,SERRA,SAO LOURENCO,FEMININO,PARDA
violencia_domestica,violencia_social,,,35.0,35_44,BREJETUBA,ZONA RURAL,FEMININO,BRANCA
violencia_domestica,violencia_social,,,36.0,35_44,VITORIA,CONQUISTA,FEMININO,PARDA
violencia_domestica,violencia_social,,,36.0,35_44,GUARAPARI,PRAIA DO MORRO,FEMININO,AMARELA
violencia_domestica,violencia_social,,,38.0,35_44,ITAPEMIRIM,JOACIMA,FEMININO,BRANCA
violencia_domestica,violencia_social,,,38.0,35_44,ITAPEMIRIM,ROSA MEIRELES,FEMININO,PARDA
violencia_domestica,violencia_social,,,39.0,35_44,SERRA,SERRA DOURADA III,FEMININO,NEGRA
violencia_domestica,violencia_social,,,39.0,35_44,SERRA,NOVA ALMEIDA CENTRO,FEMININO,PARDA
violencia_domestica,violencia_social,,,40.0,35_44,IUNA,ZONA RURAL,FEMININO,PARDA
violencia_domestica,violencia_social,,,41.0,35_44,JERONIMO MONTEIRO,CENTRO,FEMININO,PARDA
violencia_domestica,violencia_social,,,41.0,35_44,CARIACICA,GRAUNA,FEMININO,PARDA
violencia_domestica,violencia_social,,,42.0,35_44,CARIACICA,PORTO NOVO,FEMININO,PARDA
violencia_domestica,violencia_social,,,43.0,35_44,JAGUARE,SEAC,FEMININO,PARDA
violencia_domestica,violencia_social,,,44.0,35_44,CARIACICA,VASCO DA GAMA,FEMININO,PARDA
violencia_domestica,violencia_social,,,45.0,45_54,SAO GABRIEL DA PALHA,SANTA HELENA,FEMININO,BRANCA
violencia_domestica,violencia_social,,,45.0,45_54,GUARAPARI,SAO GABRIEL,FEMININO,PARDA
violencia_domestica,violencia_social,,,45.0,45_54,VIANA,VILA BETHANIA,FEMININO,PARDA
violencia_domestica,violencia_social,,,46.0,45_54,VILA VALERIO,ZONA RURAL,FEMININO,BRANCA
violencia_domestica,violencia_social,,,46.0,45_54,VILA VELHA,NOVO MEXICO,FEMININO,NEGRA
violencia_domestica,violencia_social,,,46.0,45_54,VILA VELHA,NOVO MEXICO,FEMININO,NEGRA
violencia_domestica,violencia_social,,,46.0,45_54,VILA VELHA,NOVO MEXICO,FEMININO,NEGRA
violencia_domestica,violencia_social,,,46.0,45_54,ALTO RIO NOVO,ZONA RURAL,FEMININO,NEGRA
violencia_domestica,violencia_social,,,46.0,45_54,VILA VELHA,ITAPOA,FEMININO,BRANCA
violencia_domestica,violencia_social,,,46.0,45_54,VITORIA,CENTRO,FEMININO,BRANCA
violencia_domestica,violencia_social,,,46.0,45_54,VILA VELHA,RESIDENCIAL COQUEIRAL,FEMININO,PARDA
violencia_domestica,violencia_social,,,46.0,45_54,VITORIA,ILHA DO PRINCIPE,FEMININO,NEGRA
violencia_domestica,violencia_social,,,48.0,45_54,VIANA,BOM PASTOR,FEMININO,BRANCA
violencia_domestica,violencia_social,,,49.0,45_54,SERRA,NOVA CARAPINA II,FEMININO,PARDA
violencia_domestica,violencia_social,,,50.0,45_54,MONTANHA,CENTRO,FEMININO,NEGRA
violencia_domestica,violencia_social,,,53.0,45_54,GUARAPARI,PORTAL CLUB,S/I,NEGRA
violencia_domestica,violencia_social,,,53.0,45_54,CACHOEIRO DE ITAPEMIRIM,AGOSTINHO SIMONATO,FEMININO,BRANCA
violencia_domestica,violencia_social,,,54.0,45_54,VITORIA,PRAIA DO CANTO,FEMININO,BRANCA
violencia_domestica,violencia_social,,,54.0,45_54,LINHARES,RIO QUARTEL,FEMININO,PARDA
violencia_domestica,violencia_social,,,55.0,55_64,SERRA,CARAPINA,FEMININO,PARDA
violencia_domestica,violencia_social,,,56.0,55_64,CACHOEIRO DE ITAPEMIRIM,CENTRO,FEMININO,BRANCA
violencia_domestica,violencia_social,,,62.0,55_64,CARIACICA,VILA MERLO,FEMININO,PARDA
violencia_domestica,violencia_social,,,64.0,55_64,MIMOSO DO SUL,CENTRO,FEMININO,BRANCA
violencia_domestica,violencia_social,,,64.0,55_64,CACHOEIRO DE ITAPEMIRIM,INDEPENDENCIA,FEMININO,PARDA
violencia_domestica,violencia_social,,,65.0,65_PLUS,ARACRUZ,BARRA DO RIACHO,FEMININO,NEGRA
violencia_domestica,violencia_social,,,71.0,65_PLUS,CACHOEIRO DE ITAPEMIRIM,AQUIDABAN,FEMININO,PARDA
violencia_domestica,violencia_social,,,75.0,65_PLUS,AFONSO CLAUDIO,SAO VICENTE,FEMININO,BRANCA
violencia_domestica,violencia_social,,,,,MARATAIZES,BARRA DE ITAPEMIRIM,FEMININO,BRANCA
violencia_domestica,violencia_social,,,,,VIANA,MARCILIO DE NORONHA,S/I,PARDA
violencia_domestica,violencia_social,,,,,PRESIDENTE KENNEDY,MAROBA,FEMININO,PARDA
violencia_domestica,violencia_social,,,16.0,15_17,ITAGUACU,PALMEIRA,FEMININO,BRANCA
violencia_domestica,violencia_social,,,18.0,18_24,GUARAPARI,SAO GABRIEL,FEMININO,PARDA
violencia_domestica,violencia_social,,,19.0,18_24,SOORETAMA,CENTRO,FEMININO,PARDA
violencia_domestica,violencia_social,,,23.0,18_24,CASTELO,ARACUI,FEMININO,NEGRA
violencia_domestica,violencia_social,,,23.0,18_24,CASTELO,ARACUI,FEMININO,NEGRA
violencia_domestica,violencia_social,,,24.0,18_24,CARIACICA,CAMPINA GRANDE,FEMININO,PARDA
violencia_domestica,violencia_social,,,24.0,18_24,VILA VELHA,JOAO GOULART,FEMININO,PARDA
violencia_domestica,violencia_social,,,25.0,25_34,SERRA,RESIDENCIAL CENTRO DA SERRA,FEMININO,NEGRA
violencia_domestica,violencia_social,,,25.0,25_34,MARATAIZES,BARRA DE ITAPEMIRIM,FEMININO,BRANCA
violencia_domestica,violencia_social,,,25.0,25_34,CACHOEIRO DE ITAPEMIRIM,NOSSA SENHORA DA PENHA,FEMININO,PARDA
violencia_domestica,violencia_social,,,25.0,25_34,SERRA,SERRA DOURADA II,FEMININO,PARDA
violencia_domestica,violencia_social,,,26.0,25_34,VARGEM ALTA,CENTRO,FEMININO,PARDA
violencia_domestica,violencia_social,,,26.0,25_34,BOM JESUS DO NORTE,CENTRO,FEMININO,BRANCA
violencia_domestica,violencia_social,,,26.0,25_34,COLATINA,BELA VISTA,FEMININO,PARDA
violencia_domestica,violencia_social,,,27.0,25_34,VILA VELHA,VALE ENCANTADO,FEMININO,NEGRA
violencia_domestica,violencia_social,,,28.0,25_34,SAO MATEUS,SEAC,FEMININO,PARDA
violencia_domestica,violencia_social,,,29.0,25_34,IBATIBA,BOA VISTA,FEMININO,BRANCA
violencia_domestica,violencia_social,,,29.0,25_34,CACHOEIRO DE ITAPEMIRIM,NOSSA SENHORA DA PENHA,MASCULINO,PARDA
violencia_domestica,violencia_social,,,30.0,25_34,SERRA,BAIRRO DAS LARANJEIRAS,FEMININO,BRANCA
violencia_domestica,violencia_social,,,31.0,25_34,IBIRACU,RESIDENCIAL FRANCISCO CAMPAGNARO,FEMININO,PARDA
violencia_domestica,violencia_social,,,31.0,25_34,VITORIA,GOIABEIRAS,FEMININO,PARDA
violencia_domestica,violencia_social,,,35.0,35_44,SAO MATEUS,BOM SUCESSO,FEMININO,PARDA
violencia_domestica,violencia_social,,,35.0,35_44,SAO MATEUS,GURIRI,FEMININO,PARDA
violencia_domestica,violencia_social,,,35.0,35_44,CONCEICAO DA BARRA,ITAUNAS,FEMININO,NEGRA
violencia_domestica,violencia_social,,,35.0,35_44,CARIACICA,SANTA CECILIA,FEMININO,BRANCA
violencia_domestica,violencia_social,,,35.0,35_44,SERRA,COLINA DA SERRA,FEMININO,BRANCA
violencia_domestica,violencia_social,,,35.0,35_44,SERRA,COLINA DA SERRA,FEMININO,BRANCA
violencia_domestica,violencia_social,,,36.0,35_44,VILA VELHA,SANTA RITA,FEMININO,BRANCA
violencia_domestica,violencia_social,,,37.0,35_44,AFONSO CLAUDIO,OUTRO LOCAL,FEMININO,PARDA
violencia_domestica,violencia_social,,,38.0,35_44,BOA ESPERANCA,VILA TAVARES,FEMININO,NEGRA
violencia_domestica,violencia_social,,,38.0,35_44,LINHARES,PALMITAL,FEMININO,PARDA
violencia_domestica,violencia_social,,,39.0,35_44,VILA VELHA,ILHA DAS FLORES,FEMININO,BRANCA
violencia_domestica,violencia_social,,,39.0,35_44,IBATIBA,SONITER,FEMININO,INDIGENA
violencia_domestica,violencia_social,,,41.0,35_44,LINHARES,INTERLAGOS,FEMININO,NEGRA
violencia_domestica,violencia_social,,,41.0,35_44,LINHARES,INTERLAGOS,FEMININO,NEGRA
violencia_domestica,violencia_social,,,41.0,35_44,LINHARES,OUTRO LOCAL,S/I,NEGRA
violencia_domestica,violencia_social,,,41.0,35_44,CASTELO,CENTRO,FEMININO,PARDA
violencia_domestica,violencia_social,,,42.0,35_44,CARIACICA,NOVO BRASIL,FEMININO,PARDA
violencia_domestica,violencia_social,,,42.0,35_44,JOAO NEIVA,SAO BRAS,S/I,PARDA
violencia_domestica,violencia_social,,,42.0,35_44,CARIACICA,CAMPO GRANDE,FEMININO,PARDA
violencia_domestica,violencia_social,,,42.0,35_44,JOAO NEIVA,SAO BRAS,FEMININO,PARDA
violencia_domestica,violencia_social,,,44.0,35_44,CACHOEIRO DE ITAPEMIRIM,RUI PINTO BANDEIRA,FEMININO,BRANCA
violencia_domestica,violencia_social,,,45.0,45_54,CACHOEIRO DE ITAPEMIRIM,INDEPENDENCIA,FEMININO,BRANCA
violencia_domestica,violencia_social,,,46.0,45_54,LINHARES,CENTRO,FEMININO,BRANCA
violencia_domestica,violencia_social,,,47.0,45_54,SANTA LEOPOLDINA,CRUBIXA,FEMININO,PARDA
violencia_domestica,violencia_social,,,48.0,45_54,SERRA,VILA NOVA DE COLARES,FEMININO,PARDA
violencia_domestica,violencia_social,,,49.0,45_54,CACHOEIRO DE ITAPEMIRIM,NOSSA SENHORA APARECIDA,FEMININO,PARDA
violencia_domestica,violencia_social,,,53.0,45_54,ITAPEMIRIM,ITAIPAVA,FEMININO,BRANCA
violencia_domestica,violencia_social,,,54.0,45_54,COLATINA,BELA VISTA,MASCULINO,NEGRA
violencia_domestica,violencia_social,,,57.0,55_64,CACHOEIRO DE ITAPEMIRIM,DOUTOR GILSON CARONE,FEMININO,PARDA
violencia_domestica,violencia_social,,,59.0,55_64,VITORIA,JARDIM CAMBURI,FEMININO,PARDA
violencia_domestica,violencia_social,,,60.0,55_64,JOAO NEIVA,VILA NOVA DE BAIXO,FEMININO,PARDA
violencia_domestica,violencia_social,,,64.0,55_64,SERRA,BOA VISTA II,S/I,PARDA
violencia_domestica,violencia_social,,,67.0,65_PLUS,ARACRUZ,MAR AZUL,FEMININO,PARDA
violencia_domestica,violencia_social,,,,,VILA VELHA,ARIBIRI,FEMININO,NEGRA
violencia_domestica,violencia_social,,,15.0,15_17,COLATINA,MARIA DAS GRACAS,FEMININO,NEGRA
violencia_domestica,violencia_social,,,19.0,18_24,LINHARES,OUTRO LOCAL,FEMININO,PARDA
violencia_domestica,violencia_social,,,20.0,18_24,CARIACICA,SAO GERALDO,FEMININO,PARDA
violencia_domestica,violencia_social,,,20.0,18_24,ALEGRE,CENTRO,FEMININO,BRANCA
violencia_domestica,violencia_social,,,21.0,18_24,LINHARES,SHELL,FEMININO,NEGRA
violencia_domestica,violencia_social,,,22.0,18_24,COLATINA,CARLOS GERMANO NAUMANN,FEMININO,PARDA
violencia_domestica,violencia_social,,,22.0,18_24,LINHARES,PLANALTO,FEMININO,BRANCA
violencia_domestica,violencia_social,,,25.0,25_34,COLATINA,CARLOS GERMANO NAUMANN,FEMININO,BRANCA
violencia_domestica,violencia_social,,,25.0,25_34,BAIXO GUANDU,SAPUCAIA,FEMININO,PARDA
violencia_domestica,violencia_social,,,25.0,25_34,CARIACICA,SAO BENEDITO,FEMININO,PARDA
violencia_domestica,violencia_social,,,25.0,25_34,CACHOEIRO DE ITAPEMIRIM,NOSSA SENHORA DA PENHA,FEMININO,PARDA
violencia_domestica,violencia_social,,,25.0,25_34,COLATINA,AYRTON SENNA,FEMININO,BRANCA
violencia_domestica,violencia_social,,,27.0,25_34,SERRA,COLINA DE LARANJEIRAS,FEMININO,NEGRA
violencia_domestica,violencia_social,,,28.0,25_34,CARIACICA,VILA PALESTINA,FEMININO,PARDA
violencia_domestica,violencia_social,,,29.0,25_34,VILA VELHA,ARIBIRI,FEMININO,PARDA
violencia_domestica,violencia_social,,,30.0,25_34,SAO MATEUS,AYRTON SENNA,FEMININO,AMARELA
violencia_domestica,violencia_social,,,32.0,25_34,GUARAPARI,BALNEARIO MEAIPE,FEMININO,BRANCA
violencia_domestica,violencia_social,,,32.0,25_34,VILA VELHA,COCAL,FEMININO,PARDA
violencia_domestica,violencia_social,,,32.0,25_34,SERRA,JARDIM CARAPINA,FEMININO,NEGRA
violencia_domestica,violencia_social,,,32.0,25_34,SERRA,SAO DIOGO II,FEMININO,PARDA
violencia_domestica,violencia_social,,,32.0,25_34,GUARAPARI,BALNEARIO MEAIPE,FEMININO,BRANCA
violencia_domestica,violencia_social,,,34.0,25_34,CARIACICA,SANTANA,FEMININO,PARDA
violencia_domestica,violencia_social,,,35.0,35_44,SANTA MARIA DE JETIBA,BARRACAO DO RIO POSS MOUSER,MASCULINO,BRANCA
violencia_domestica,violencia_social,,,36.0,35_44,CARIACICA,ALTO LAGE,FEMININO,BRANCA
violencia_domestica,violencia_social,,,36.0,35_44,COLATINA,NOVO HORIZONTE,FEMININO,BRANCA
violencia_domestica,violencia_social,,,36.0,35_44,VILA VELHA,ATAIDE,FEMININO,NEGRA
violencia_domestica,violencia_social,,,37.0,35_44,ANCHIETA,BOA VISTA,FEMININO,BRANCA
violencia_domestica,violencia_social,,,38.0,35_44,LINHARES,OLARIA,FEMININO,NEGRA
violencia_domestica,violencia_social,,,39.0,35_44,VITORIA,INHANGUETA,FEMININO,PARDA
violencia_domestica,violencia_social,,,40.0,35_44,SERRA,CACAROCA,FEMININO,NEGRA
violencia_domestica,violencia_social,,,40.0,35_44,SERRA,SERRA DOURADA I,FEMININO,PARDA
violencia_domestica,violencia_social,,,41.0,35_44,VILA VELHA,ULISSES GUIMARAES,FEMININO,BRANCA
violencia_domestica,violencia_social,,,41.0,35_44,VIANA,UNIVERSAL,FEMININO,PARDA
violencia_domestica,violencia_social,,,42.0,35_44,CARIACICA,SANTANA,FEMININO,PARDA
violencia_domestica,violencia_social,,,42.0,35_44,CACHOEIRO DE ITAPEMIRIM,INDEPENDENCIA,FEMININO,BRANCA
violencia_domestica,violencia_social,,,42.0,35_44,SERRA,PLANICIE DA SERRA,FEMININO,BRANCA
violencia_domestica,violencia_social,,,43.0,35_44,PRESIDENTE KENNEDY,ZONA RURAL,FEMININO,NEGRA
violencia_domestica,violencia_social,,,44.0,35_44,ITAPEMIRIM,CENTRO,FEMININO,PARDA
violencia_domestica,violencia_social,,,44.0,35_44,MIMOSO DO SUL,MANGUEIRA,FEMININO,PARDA
violencia_domestica,violencia_social,,,44.0,35_44,SAO JOSE DO CALCADO,CENTRO,FEMININO,PARDA
violencia_domestica,violencia_social,,,44.0,35_44,SAO MATEUS,LITORANEO,FEMININO,PARDA
violencia_domestica,violencia_social,,,45.0,45_54,BARRA DE SAO FRANCISCO,FAZENDA GERALDO COZER,FEMININO,BRANCA
violencia_domestica,violencia_social,,,45.0,45_54,ITARANA,ITARANINHA,FEMININO,BRANCA
violencia_domestica,violencia_social,,,45.0,45_54,CARIACICA,MUCURI,FEMININO,PARDA
violencia_domestica,violencia_social,,,46.0,45_54,NOVA VENECIA,ZONA RURAL,FEMININO,BRANCA
violencia_domestica,violencia_social,,,46.0,45_54,ANCHIETA,BOA VISTA,FEMININO,PARDA
violencia_domestica,violencia_social,,,46.0,45_54,BAIXO GUANDU,ROSARIO II,FEMININO,PARDA
violencia_domestica,violencia_social,,,46.0,45_54,SAO GABRIEL DA PALHA,JOAO COLOMBI,FEMININO,PARDA
violencia_domestica,violencia_social,,,47.0,45_54,SERRA,PRAIAMAR,FEMININO,BRANCA
violencia_domestica,violencia_social,,,48.0,45_54,ARACRUZ,PLANALTO,FEMININO,BRANCA
violencia_domestica,violencia_social,,,48.0,45_54,GUARAPARI,SANTA MONICA,FEMININO,PARDA
violencia_domestica,violencia_social,,,48.0,45_54,GUARAPARI,CAMURUGI,FEMININO,NEGRA
violencia_domestica,violencia_social,,,49.0,45_54,VIANA,MARCILIO DE NORONHA,FEMININO,PARDA
violencia_domestica,violencia_social,,,50.0,45_54,ALFREDO CHAVES,PARQUE RESIDENCIAL ALFREDO CHAVES,FEMININO,BRANCA
violencia_domestica,violencia_social,,,50.0,45_54,SAO DOMINGOS DO NORTE,ZONA RURAL,FEMININO,NEGRA
violencia_domestica,violencia_social,,,50.0,45_54,VITORIA,SANTA TEREZA,FEMININO,BRANCA
violencia_domestica,violencia_social,,,50.0,45_54,VITORIA,SANTA LUCIA,FEMININO,BRANCA
violencia_domestica,violencia_social,,,52.0,45_54,VILA VELHA,PRAIA DA COSTA,FEMININO,PARDA
violencia_domestica,violencia_social,,,58.0,55_64,VITORIA,BONFIM,FEMININO,NEGRA
violencia_domestica,violencia_social,,,59.0,55_64,VIANA,MARCILIO DE NORONHA,FEMININO,PARDA
violencia_domestica,violencia_social,,,67.0,65_PLUS,NOVA VENECIA,BEIRA RIO,FEMININO,PARDA
violencia_domestica,violencia_social,,,67.0,65_PLUS,LINHARES,AVISO,FEMININO,NEGRA
violencia_domestica,violencia_social,,,16.0,15_17,BAIXO GUANDU,ZONA RURAL,FEMININO,BRANCA
violencia_domestica,violencia_social,,,17.0,15_17,CARIACICA,ITACIBA,FEMININO,PARDA
violencia_domestica,violencia_social,,,17.0,15_17,SANTA TERESA,ALVORADA,FEMININO,BRANCA
violencia_domestica,violencia_social,,,20.0,18_24,COLATINA,SAO SILVANO,FEMININO,PARDA
violencia_domestica,violencia_social,,,23.0,18_24,SERRA,BAIRRO DAS LARANJEIRAS,FEMININO,PARDA
violencia_domestica,violencia_social,,,23.0,18_24,BAIXO GUANDU,ZONA RURAL,MASCULINO,BRANCA
violencia_domestica,violencia_social,,,24.0,18_24,DOMINGOS MARTINS,CENTRO,FEMININO,PARDA
violencia_domestica,violencia_social,,,24.0,18_24,LINHARES,AVISO,FEMININO,NEGRA
violencia_domestica,violencia_social,,,24.0,18_24,SERRA,NOVA CARAPINA I,FEMININO,NEGRA
violencia_domestica,violencia_social,,,25.0,25_34,CARIACICA,BANDEIRANTES,FEMININO,PARDA
violencia_domestica,violencia_social,,,26.0,25_34,BARRA DE SAO FRANCISCO,BAIRRO COLINA,S/I,INDETERMINADA
violencia_domestica,violencia_social,,,26.0,25_34,SERRA,CARAPINA GRANDE,FEMININO,NEGRA
violencia_domestica,violencia_social,,,26.0,25_34,ANCHIETA,JUSTICA,S/I,NEGRA
violencia_domestica,violencia_social,,,26.0,25_34,MARILANDIA,SAO MARCOS,FEMININO,INDETERMINADA
violencia_domestica,violencia_social,,,27.0,25_34,CACHOEIRO DE ITAPEMIRIM,DOUTOR GILSON CARONE,FEMININO,NEGRA
violencia_domestica,violencia_social,,,28.0,25_34,IBATIBA,FLORESTA II,FEMININO,PARDA
violencia_domestica,violencia_social,,,28.0,25_34,LINHARES,INTERLAGOS,FEMININO,AMARELA
violencia_domestica,violencia_social,,,28.0,25_34,CARIACICA,ALTO LAGE,FEMININO,BRANCA
violencia_domestica,violencia_social,,,29.0,25_34,LINHARES,REGENCIA,FEMININO,INDIGENA
violencia_domestica,violencia_social,,,29.0,25_34,SANTA MARIA DE JETIBA,CENTRO,FEMININO,NEGRA
violencia_domestica,violencia_social,,,31.0,25_34,CACHOEIRO DE ITAPEMIRIM,CAICARA,FEMININO,PARDA
violencia_domestica,violencia_social,,,31.0,25_34,ALEGRE,ZONA RURAL,FEMININO,PARDA
violencia_domestica,violencia_social,,,32.0,25_34,VILA VELHA,COQUEIRAL DE ITAPARICA,FEMININO,PARDA
violencia_domestica,violencia_social,,,32.0,25_34,VILA VELHA,PRAIA DA COSTA,FEMININO,PARDA
violencia_domestica,violencia_social,,,34.0,25_34,SANTA MARIA DE JETIBA,GARRAFAO,FEMININO,BRANCA
violencia_domestica,violencia_social,,,34.0,25_34,SERRA,OURIMAR,FEMININO,PARDA
violencia_domestica,violencia_social,,,35.0,35_44,SERRA,FEU ROSA,FEMININO,PARDA
violencia_domestica,violencia_social,,,36.0,35_44,VIANA,CAMPO VERDE,FEMININO,BRANCA
violencia_domestica,violencia_social,,,38.0,35_44,SOORETAMA,ZONA RURAL,FEMININO,PARDA
violencia_domestica,violencia_social,,,38.0,35_44,LINHARES,LINHARES V,FEMININO,BRANCA
violencia_domestica,violencia_social,,,38.0,35_44,CACHOEIRO DE ITAPEMIRIM,DOUTOR GILSON CARONE,FEMININO,BRANCA
violencia_domestica,violencia_social,,,38.0,35_44,CACHOEIRO DE ITAPEMIRIM,SANTA CECILIA,FEMININO,BRANCA
violencia_domestica,violencia_social,,,40.0,35_44,LINHARES,OUTRO LOCAL,FEMININO,PARDA
violencia_domestica,violencia_social,,,40.0,35_44,LINHARES,INTERLAGOS,FEMININO,PARDA
violencia_domestica,violencia_social,,,42.0,35_44,SERRA,PORTAL DE JACARAIPE,S/I,PARDA
violencia_domestica,violencia_social,,,42.0,35_44,NOVA VENECIA,AEROPORTO,FEMININO,PARDA
violencia_domestica,violencia_social,,,43.0,35_44,AFONSO CLAUDIO,SAO LUIZ DA BOA SORTE,FEMININO,PARDA
violencia_domestica,violencia_social,,,44.0,35_44,MARECHAL FLORIANO,CENTRO,S/I,PARDA
violencia_domestica,violencia_social,,,45.0,45_54,MONTANHA,OUTRO LOCAL,FEMININO,NEGRA
violencia_domestica,violencia_social,,,45.0,45_54,BARRA DE SAO FRANCISCO,BAIRRO BAMBE,MASCULINO,BRANCA
violencia_domestica,violencia_social,,,46.0,45_54,CARIACICA,PRESIDENTE MEDICE,FEMININO,PARDA
violencia_domestica,violencia_social,,,47.0,45_54,VITORIA,JARDIM DA PENHA,FEMININO,PARDA
violencia_domestica,violencia_social,,,48.0,45_54,SERRA,COLINA DE LARANJEIRAS,FEMININO,BRANCA
violencia_domestica,violencia_social,,,48.0,45_54,ARACRUZ,SANTA CRUZ,FEMININO,PARDA
violencia_domestica,violencia_social,,,50.0,45_54,CACHOEIRO DE ITAPEMIRIM,SAO FRANCISCO DE ASSIS,FEMININO,PARDA
violencia_domestica,violencia_social,,,51.0,45_54,NOVA VENECIA,SAO CRISTOVAO,FEMININO,BRANCA
violencia_domestica,violencia_social,,,60.0,55_64,SAO MATEUS,BOA VISTA,FEMININO,NEGRA
violencia_domestica,violencia_social,,,60.0,55_64,SAO MATEUS,BOA VISTA,FEMININO,NEGRA
violencia_domestica,violencia_social,,,63.0,55_64,SERRA,VILA NOVA DE COLARES,FEMININO,BRANCA
violencia_domestica,violencia_social,,,67.0,65_PLUS,CACHOEIRO DE ITAPEMIRIM,AGOSTINHO SIMONATO,FEMININO,BRANCA
violencia_domestica,violencia_social,,,74.0,65_PLUS,AFONSO CLAUDIO,SAO VICENTE,FEMININO,BRANCA
violencia_domestica,violencia_social,,,12.0,0_14,SANTA MARIA DE JETIBA,LAMEGO,MASCULINO,BRANCA
violencia_domestica,violencia_social,,,16.0,15_17,SANTA MARIA DE JETIBA,LAMEGO,FEMININO,BRANCA
violencia_domestica,violencia_social,,,19.0,18_24,PIUMA,JARDIM MAILY,FEMININO,INDETERMINADA
violencia_domestica,violencia_social,,,20.0,18_24,SAO MATEUS,MORADA DO RIBEIRAO,FEMININO,PARDA
violencia_domestica,violencia_social,,,21.0,18_24,VILA VELHA,SANTA INES,FEMININO,PARDA
violencia_domestica,violencia_social,,,22.0,18_24,CARIACICA,VALE DOS REIS,FEMININO,PARDA
violencia_domestica,violencia_social,,,22.0,18_24,CARIACICA,ITACIBA,FEMININO,PARDA
violencia_domestica,violencia_social,,,23.0,18_24,CONCEICAO DA BARRA,VILA DOS PESCADORES,FEMININO,NEGRA
violencia_domestica,violencia_social,,,23.0,18_24,SAO MATEUS,OUTRO LOCAL,FEMININO,BRANCA
violencia_domestica,violencia_social,,,23.0,18_24,VILA VELHA,ILHA DAS FLORES,FEMININO,BRANCA
violencia_domestica,violencia_social,,,25.0,25_34,ARACRUZ,ITAPUTERA,FEMININO,NEGRA
violencia_domestica,violencia_social,,,25.0,25_34,SAO GABRIEL DA PALHA,CENTRO,FEMININO,INDETERMINADA
violencia_domestica,violencia_social,,,26.0,25_34,VITORIA,PRAIA DO SUA,FEMININO,PARDA
violencia_domestica,violencia_social,,,27.0,25_34,BARRA DE SAO FRANCISCO,CENTRO,FEMININO,BRANCA
violencia_domestica,violencia_social,,,28.0,25_34,SERRA,NOVO HORIZONTE,FEMININO,PARDA
violencia_domestica,violencia_social,,,28.0,25_34,ANCHIETA,OUTRO LOCAL,FEMININO,BRANCA
violencia_domestica,violencia_social,,,29.0,25_34,VILA VELHA,GLORIA,FEMININO,PARDA
violencia_domestica,violencia_social,,,29.0,25_34,SAO MATEUS,OUTRO LOCAL,FEMININO,NEGRA
violencia_domestica,violencia_social,,,32.0,25_34,GUARAPARI,ITAPEBUSSU,FEMININO,PARDA
violencia_domestica,violencia_social,,,32.0,25_34,SANTA MARIA DE JETIBA,LAMEGO,FEMININO,BRANCA
violencia_domestica,violencia_social,,,33.0,25_34,VILA PAVAO,NOVA MUNIQUE,FEMININO,BRANCA
violencia_domestica,violencia_social,,,33.0,25_34,SAO MATEUS,MARIRICU,FEMININO,NEGRA
violencia_domestica,violencia_social,,,33.0,25_34,LINHARES,TRES BARRAS,FEMININO,PARDA
violencia_domestica,violencia_social,,,34.0,25_34,SANTA MARIA DE JETIBA,RIO POSS MOUSER,FEMININO,BRANCA
violencia_domestica,violencia_social,,,34.0,25_34,CARIACICA,SANTA BARBARA,FEMININO,BRANCA
violencia_domestica,violencia_social,,,34.0,25_34,DOMINGOS MARTINS,VILA VERDE,FEMININO,BRANCA
violencia_domestica,violencia_social,,,34.0,25_34,CARIACICA,ITACIBA,FEMININO,PARDA
violencia_domestica,violencia_social,,,34.0,25_34,CACHOEIRO DE ITAPEMIRIM,AGOSTINHO SIMONATO,FEMININO,PARDA
violencia_domestica,violencia_social,,,35.0,35_44,GUACUI,CENTRO,FEMININO,PARDA
violencia_domestica,violencia_social,,,35.0,35_44,NOVA VENECIA,BEIRA RIO,MASCULINO,AMARELA
violencia_domestica,violencia_social,,,35.0,35_44,VITORIA,CENTRO,FEMININO,PARDA
violencia_domestica,violencia_social,,,36.0,35_44,VENDA NOVA DO IMIGRANTE,SAO JOAO DE VICOSA,FEMININO,PARDA
violencia_domestica,violencia_social,,,39.0,35_44,ALEGRE,CENTRO,FEMININO,PARDA
violencia_domestica,violencia_social,,,40.0,35_44,VILA VELHA,PRAIA DAS GAIVOTAS,FEMININO,BRANCA
violencia_domestica,violencia_social,,,40.0,35_44,SERRA,PRAIA DA BALEIA,FEMININO,NEGRA
violencia_domestica,violencia_social,,,41.0,35_44,SAO GABRIEL DA PALHA,BOA VISTA,FEMININO,PARDA
violencia_domestica,violencia_social,,,41.0,35_44,GOVERNADOR LINDENBERG,NOVO BRASIL,FEMININO,BRANCA
violencia_domestica,violencia_social,,,42.0,35_44,RIO NOVO DO SUL,SAO JOSE,FEMININO,PARDA
violencia_domestica,violencia_social,,,42.0,35_44,SERRA,DIVINOPOLIS,FEMININO,PARDA
violencia_domestica,violencia_social,,,42.0,35_44,VITORIA,JARDIM CAMBURI,FEMININO,BRANCA
violencia_domestica,violencia_social,,,42.0,35_44,CARIACICA,NOVA ROSA DA PENHA,FEMININO,PARDA
violencia_domestica,violencia_social,,,44.0,35_44,VILA VELHA,PRAIA DE ITAPARICA,FEMININO,BRANCA
violencia_domestica,violencia_social,,,45.0,45_54,SANTA LEOPOLDINA,VILA NOVA,FEMININO,PARDA
violencia_domestica,violencia_social,,,46.0,45_54,SAO MATEUS,MORADA DO RIBEIRAO,FEMININO,PARDA
violencia_domestica,violencia_social,,,46.0,45_54,VILA VELHA,BOA VISTA I,FEMININO,PARDA
violencia_domestica,violencia_social,,,47.0,45_54,CARIACICA,CAMPO GRANDE,FEMININO,BRANCA
violencia_domestica,violencia_social,,,47.0,45_54,VILA VELHA,BARRAMARES,FEMININO,PARDA
violencia_domestica,violencia_social,,,47.0,45_54,VILA VELHA,BARRAMARES,FEMININO,PARDA
violencia_domestica,violencia_social,,,48.0,45_54,VITORIA,ILHA DO PRINCIPE,FEMININO,PARDA
violencia_domestica,violencia_social,,,49.0,45_54,ANCHIETA,OUTRO LOCAL,FEMININO,PARDA
violencia_domestica,violencia_social,,,49.0,45_54,VITORIA,SANTA LUCIA,FEMININO,PARDA
violencia_domestica,violencia_social,,,50.0,45_54,SANTA LEOPOLDINA,CENTRO,FEMININO,BRANCA
violencia_domestica,violencia_social,,,50.0,45_54,SANTA TERESA,VILA NOVA,FEMININO,BRANCA
violencia_domestica,violencia_social,,,52.0,45_54,CACHOEIRO DE ITAPEMIRIM,GILBERTO MACHADO,MASCULINO,BRANCA
violencia_domestica,violencia_social,,,53.0,45_54,CASTELO,CENTRO,FEMININO,BRANCA
violencia_domestica,violencia_social,,,54.0,45_54,RIO BANANAL,SAO SEBASTIAO,FEMININO,NEGRA
violencia_domestica,violencia_social,,,56.0,55_64,GUACUI,SAO ROMAO,FEMININO,PARDA
violencia_domestica,violencia_social,,,57.0,55_64,IBATIBA,IPE,FEMININO,NEGRA
violencia_domestica,violencia_social,,,60.0,55_64,CACHOEIRO DE ITAPEMIRIM,RECANTO,FEMININO,BRANCA
violencia_domestica,violencia_social,,,63.0,55_64,ARACRUZ,SEGATO,FEMININO,PARDA
violencia_domestica,violencia_social,,,64.0,55_64,VITORIA,MARUIPE,FEMININO,PARDA
violencia_domestica,violencia_social,,,64.0,55_64,BARRA DE SAO FRANCISCO,BAIRRO COLINA,FEMININO,BRANCA
violencia_domestica,violencia_social,,,66.0,65_PLUS,CACHOEIRO DE ITAPEMIRIM,VILA RICA,FEMININO,NEGRA
violencia_domestica,violencia_social,,,69.0,65_PLUS,PEDRO CANARIO,CANARINHA,FEMININO,NEGRA
violencia_domestica,violencia_social,,,70.0,65_PLUS,CONCEICAO DO CASTELO,CENTRO,FEMININO,PARDA
violencia_domestica,violencia_social,,,,,SOORETAMA,JUNCADO,S/I,NEGRA
violencia_domestica,violencia_social,,,,,MARILANDIA,ZONA RURAL,FEMININO,PARDA
violencia_domestica,violencia_social,,,15.0,15_17,CACHOEIRO DE ITAPEMIRIM,SOTURNO,FEMININO,PARDA
violencia_domestica,violencia_social,,,20.0,18_24,COLATINA,SANTA HELENA,FEMININO,NEGRA
violencia_domestica,violencia_social,,,21.0,18_24,SERRA,VILA NOVA DE COLARES,FEMININO,PARDA
violencia_domestica,violencia_social,,,21.0,18_24,LINHARES,INTERLAGOS,FEMININO,BRANCA
violencia_domestica,violencia_social,,,22.0,18_24,CONCEICAO DA BARRA,ANTONIO LOPEZ,FEMININO,PARDA
violencia_domestica,violencia_social,,,22.0,18_24,VILA VELHA,ATAIDE,FEMININO,PARDA
violencia_domestica,violencia_social,,,24.0,18_24,VILA VELHA,JABURUNA,FEMININO,PARDA
violencia_domestica,violencia_social,,,25.0,25_34,VILA VELHA,ULISSES GUIMARAES,FEMININO,NEGRA
violencia_domestica,violencia_social,,,25.0,25_34,BARRA DE SAO FRANCISCO,MORRO DA COLINA,FEMININO,PARDA
violencia_domestica,violencia_social,,,25.0,25_34,SAO GABRIEL DA PALHA,CENTRO,FEMININO,NEGRA
violencia_domestica,violencia_social,,,25.0,25_34,NOVA VENECIA,RUBIA,FEMININO,PARDA
violencia_domestica,violencia_social,,,25.0,25_34,VITORIA,SANTO ANTONIO,FEMININO,PARDA
violencia_domestica,violencia_social,,,26.0,25_34,VARGEM ALTA,SAO JOSE,FEMININO,PARDA
violencia_domestica,violencia_social,,,26.0,25_34,CACHOEIRO DE ITAPEMIRIM,DOUTOR GILSON CARONE,FEMININO,BRANCA
violencia_domestica,violencia_social,,,26.0,25_34,CACHOEIRO DE ITAPEMIRIM,DOUTOR GILSON CARONE,FEMININO,BRANCA
violencia_domestica,violencia_social,,,26.0,25_34,CACHOEIRO DE ITAPEMIRIM,ZONA RURAL,FEMININO,PARDA
violencia_domestica,violencia_social,,,26.0,25_34,COLATINA,COLATINA VELHA,MASCULINO,BRANCA
violencia_domestica,violencia_social,,,26.0,25_34,COLATINA,JOAO MANOEL MENEGUELI,FEMININO,PARDA
violencia_domestica,violencia_social,,,26.0,25_34,VITORIA,MATA DA PRAIA,FEMININO,PARDA
violencia_domestica,violencia_social,,,27.0,25_34,LINHARES,INTERLAGOS,FEMININO,BRANCA
violencia_domestica,violencia_social,,,27.0,25_34,JAGUARE,SEAC,FEMININO,NEGRA
violencia_domestica,violencia_social,,,27.0,25_34,SANTA MARIA DE JETIBA,CENTRO,FEMININO,PARDA
violencia_domestica,violencia_social,,,28.0,25_34,CASTELO,CENTRO,FEMININO,PARDA
violencia_domestica,violencia_social,,,28.0,25_34,COLATINA,COLATINA VELHA,FEMININO,BRANCA
violencia_domestica,violencia_social,,,29.0,25_34,LINHARES,FARIAS,FEMININO,NEGRA
violencia_domestica,violencia_social,,,29.0,25_34,VILA VELHA,GLORIA,FEMININO,PARDA
violencia_domestica,violencia_social,,,29.0,25_34,VILA VELHA,BARRAMARES,FEMININO,PARDA
violencia_domestica,violencia_social,,,29.0,25_34,SERRA,JARDIM LIMOEIRO,FEMININO,PARDA
violencia_domestica,violencia_social,,,30.0,25_34,PRESIDENTE KENNEDY,ZONA RURAL,FEMININO,PARDA
violencia_domestica,violencia_social,,,30.0,25_34,BOM JESUS DO NORTE,LOTEAMENTO GRANDE VITORIA,FEMININO,NEGRA
violencia_domestica,violencia_social,,,31.0,25_34,GUARAPARI,BELA VISTA,FEMININO,PARDA
violencia_domestica,violencia_social,,,31.0,25_34,CACHOEIRO DE ITAPEMIRIM,BOA VISTA,FEMININO,PARDA
violencia_domestica,violencia_social,,,31.0,25_34,LINHARES,SAO JOSE,FEMININO,PARDA
violencia_domestica,violencia_social,,,32.0,25_34,BOA ESPERANCA,CENTRO,FEMININO,NEGRA
violencia_domestica,violencia_social,,,32.0,25_34,BOA ESPERANCA,CENTRO,FEMININO,NEGRA
violencia_domestica,violencia_social,,,32.0,25_34,APIACA,BOA VISTA,FEMININO,NEGRA
violencia_domestica,violencia_social,,,32.0,25_34,LINHARES,RIO QUARTEL,FEMININO,PARDA
violencia_domestica,violencia_social,,,32.0,25_34,CACHOEIRO DE ITAPEMIRIM,ALTO UNIAO,FEMININO,BRANCA
violencia_domestica,violencia_social,,,33.0,25_34,PONTO BELO,MORUMBI,FEMININO,PARDA
violencia_domestica,violencia_social,,,33.0,25_34,NOVA VENECIA,RUBIA,FEMININO,INDETERMINADA
violencia_domestica,violencia_social,,,33.0,25_34,CARIACICA,VILA PRUDENCIO,FEMININO,PARDA
violencia_domestica,violencia_social,,,33.0,25_34,LINHARES,REGENCIA,FEMININO,BRANCA
violencia_domestica,violencia_social,,,34.0,25_34,CACHOEIRO DE ITAPEMIRIM,AQUIDABAN,FEMININO,BRANCA
violencia_domestica,violencia_social,,,35.0,35_44,SANTA MARIA DE JETIBA,CENTRO,FEMININO,BRANCA
violencia_domestica,violencia_social,,,35.0,35_44,VILA VELHA,SANTA INES,FEMININO,PARDA
violencia_domestica,violencia_social,,,35.0,35_44,GUACUI,BAIRRO DO NORTE,FEMININO,NEGRA
violencia_domestica,violencia_social,,,35.0,35_44,VITORIA,BARRO VERMELHO,FEMININO,BRANCA
violencia_domestica,violencia_social,,,35.0,35_44,ARACRUZ,SAO MARCOS,FEMININO,PARDA
violencia_domestica,violencia_social,,,35.0,35_44,MONTANHA,CENTRO,FEMININO,PARDA
violencia_domestica,violencia_social,,,35.0,35_44,PEDRO CANARIO,CAMATA,FEMININO,PARDA
violencia_domestica,violencia_social,,,37.0,35_44,IBATIBA,SAO JOSE,FEMININO,PARDA
violencia_domestica,violencia_social,,,37.0,35_44,CACHOEIRO DE ITAPEMIRIM,SOTURNO,FEMININO,PARDA
violencia_domestica,violencia_social,,,38.0,35_44,VILA VELHA,MORADA DA BARRA,FEMININO,PARDA
violencia_domestica,violencia_social,,,39.0,35_44,CARIACICA,NOVA ROSA DA PENHA,FEMININO,PARDA
violencia_domestica,violencia_social,,,39.0,35_44,CARIACICA,JARDIM CAMPO GRANDE,FEMININO,PARDA
violencia_domestica,violencia_social,,,40.0,35_44,CONCEICAO DO CASTELO,ZONA RURAL,FEMININO,PARDA
violencia_domestica,violencia_social,,,40.0,35_44,BARRA DE SAO FRANCISCO,BAIRRO BAMBE,FEMININO,PARDA
violencia_domestica,violencia_social,,,40.0,35_44,MARATAIZES,BARRA DE ITAPEMIRIM,FEMININO,BRANCA
violencia_domestica,violencia_social,,,41.0,35_44,SOORETAMA,JUNCADO,FEMININO,NEGRA
violencia_domestica,violencia_social,,,41.0,35_44,SERRA,CAMARA,FEMININO,PARDA
violencia_domestica,violencia_social,,,42.0,35_44,VILA VELHA,IBES,FEMININO,PARDA
violencia_domestica,violencia_social,,,42.0,35_44,VILA VELHA,ALECRIM,FEMININO,PARDA
violencia_domestica,violencia_social,,,43.0,35_44,VITORIA,JARDIM DA PENHA,FEMININO,PARDA
violencia_domestica,violencia_social,,,43.0,35_44,SERRA,TAQUARA II,FEMININO,PARDA
violencia_domestica,violencia_social,,,43.0,35_44,VIANA,ARLINDO ANGELO VILLASCHI,FEMININO,BRANCA
violencia_domestica,violencia_social,,,43.0,35_44,IUNA,NOSSA SENHORA DA PENHA,FEMININO,PARDA
violencia_domestica,violencia_social,,,44.0,35_44,MARATAIZES,ILMENITA,FEMININO,BRANCA
violencia_domestica,violencia_social,,,45.0,45_54,SAO GABRIEL DA PALHA,JARDIM PASSAMANI,FEMININO,BRANCA
violencia_domestica,violencia_social,,,45.0,45_54,VILA VELHA,SANTA PAULA I,FEMININO,BRANCA
violencia_domestica,violencia_social,,,47.0,45_54,SAO MATEUS,FATIMA,FEMININO,PARDA
violencia_domestica,violencia_social,,,47.0,45_54,SAO ROQUE DO CANAA,VILA VERDE,FEMININO,PARDA
violencia_domestica,violencia_social,,,47.0,45_54,ITAPEMIRIM,ITAOCA,S/I,BRANCA
violencia_domestica,violencia_social,,,47.0,45_54,MARILANDIA,ZONA RURAL,FEMININO,PARDA
violencia_domestica,violencia_social,,,47.0,45_54,SERRA,COSTA BELLA,FEMININO,NEGRA
violencia_domestica,violencia_social,,,48.0,45_54,MARATAIZES,NOVA MARATAIZES,FEMININO,BRANCA
violencia_domestica,violencia_social,,,49.0,45_54,ARACRUZ,IRAJA,FEMININO,INDETERMINADA
violencia_domestica,violencia_social,,,49.0,45_54,ANCHIETA,PRAIA DE PARATI,FEMININO,BRANCA
violencia_domestica,violencia_social,,,50.0,45_54,PIUMA,PRAIA DE ACAIACA,FEMININO,PARDA
violencia_domestica,violencia_social,,,50.0,45_54,VILA VELHA,JABURUNA,FEMININO,NEGRA
violencia_domestica,violencia_social,,,50.0,45_54,VILA VELHA,BARRAMARES,FEMININO,PARDA
violencia_domestica,violencia_social,,,52.0,45_54,SERRA,SAO DIOGO I,FEMININO,PARDA
violencia_domestica,violencia_social,,,52.0,45_54,CARIACICA,RIO BRANCO,FEMININO,BRANCA
violencia_domestica,violencia_social,,,52.0,45_54,CARIACICA,RIO BRANCO,FEMININO,PARDA
violencia_domestica,violencia_social,,,53.0,45_54,VILA VELHA,RIVIERA DA BARRA,FEMININO,PARDA
violencia_domestica,violencia_social,,,53.0,45_54,COLATINA,FIORAVANTE MARINO,FEMININO,PARDA
violencia_domestica,violencia_social,,,53.0,45_54,VILA VELHA,ILHA DAS FLORES,FEMININO,BRANCA
violencia_domestica,violencia_social,,,56.0,55_64,DOMINGOS MARTINS,VILA DA PAZ,FEMININO,PARDA
violencia_domestica,violencia_social,,,58.0,55_64,ARACRUZ,OUTRO LOCAL,FEMININO,BRANCA
violencia_domestica,violencia_social,,,62.0,55_64,ALEGRE,CENTRO,FEMININO,BRANCA
violencia_domestica,violencia_social,,,64.0,55_64,RIO NOVO DO SUL,ITATAIBA,FEMININO,BRANCA
violencia_domestica,violencia_social,,,65.0,65_PLUS,SERRA,RESIDENCIAL JACARAIPE,FEMININO,NEGRA
violencia_domestica,violencia_social,,,69.0,65_PLUS,SERRA,RESIDENCIAL JACARAIPE,FEMININO,PARDA
violencia_domestica,violencia_social,,,82.0,65_PLUS,LINHARES,CONCEICAO,FEMININO,BRANCA
violencia_domestica,violencia_social,,,,,LINHARES,INTERLAGOS,S/I,BRANCA
violencia_domestica,violencia_social,,,,,ALTO RIO NOVO,SANTA BARBARA II,S/I,BRANCA
violencia_domestica,violencia_social,,,,,AGUIA BRANCA,CRISTO REI,FEMININO,PARDA
violencia_domestica,violencia_social,,,,,SERRA,NOVA CARAPINA II,FEMININO,PARDA
violencia_domestica,violencia_social,,,16.0,15_17,COLATINA,BAUNILHA,FEMININO,PARDA
violencia_domestica,violencia_social,,,17.0,15_17,SAO MATEUS,SANTA MARIA,FEMININO,BRANCA
violencia_domestica,violencia_social,,,17.0,15_17,SAO MATEUS,SANTA MARIA,MASCULINO,NEGRA
violencia_domestica,violencia_social,,,18.0,18_24,COLATINA,SAO JUDAS TADEU,FEMININO,PARDA
violencia_domestica,violencia_social,,,19.0,18_24,SAO GABRIEL DA PALHA,BOA VISTA,FEMININO,BRANCA
violencia_domestica,violencia_social,,,20.0,18_24,BOA ESPERANCA,SANTO ANTONIO DO POUSO ALEGRE,FEMININO,PARDA
violencia_domestica,violencia_social,,,21.0,18_24,SAO MATEUS,BOA VISTA,S/I,PARDA
violencia_domestica,violencia_social,,,21.0,18_24,SERRA,JARDIM LIMOEIRO,FEMININO,BRANCA
violencia_domestica,violencia_social,,,21.0,18_24,SERRA,SERRA DOURADA II,FEMININO,NEGRA
violencia_domestica,violencia_social,,,22.0,18_24,NOVA VENECIA,AEROPORTO,FEMININO,NEGRA
violencia_domestica,violencia_social,,,23.0,18_24,MUQUI,ALTO BOA ESPERANCA,FEMININO,PARDA
violencia_domestica,violencia_social,,,23.0,18_24,SERRA,VILA NOVA DE COLARES,FEMININO,NEGRA
violencia_domestica,violencia_social,,,24.0,18_24,CACHOEIRO DE ITAPEMIRIM,SAO FRANCISCO DE ASSIS,FEMININO,PARDA
violencia_domestica,violencia_social,,,24.0,18_24,SERRA,VILA NOVA DE COLARES,FEMININO,PARDA
violencia_domestica,violencia_social,,,25.0,25_34,ANCHIETA,CENTRO,FEMININO,PARDA
violencia_domestica,violencia_social,,,25.0,25_34,CARIACICA,NOVA ROSA DA PENHA,FEMININO,PARDA
violencia_domestica,violencia_social,,,27.0,25_34,NOVA VENECIA,MARGARETH,FEMININO,BRANCA
violencia_domestica,violencia_social,,,28.0,25_34,NOVA VENECIA,CEDROLANDIA,FEMININO,PARDA
violencia_domestica,violencia_social,,,29.0,25_34,PINHEIROS,SANTO ANTONIO,FEMININO,PARDA
violencia_domestica,violencia_social,,,29.0,25_34,SANTA MARIA DE JETIBA,SAO LUIS,FEMININO,PARDA
violencia_domestica,violencia_social,,,29.0,25_34,CARIACICA,ITACIBA,FEMININO,PARDA
violencia_domestica,violencia_social,,,30.0,25_34,CARIACICA,NOVA ROSA DA PENHA,FEMININO,PARDA
violencia_domestica,violencia_social,,,30.0,25_34,VILA VELHA,NOVO MEXICO,FEMININO,PARDA
violencia_domestica,violencia_social,,,30.0,25_34,VILA VELHA,CENTRO VILA VELHA,FEMININO,BRANCA
violencia_domestica,violencia_social,,,31.0,25_34,SAO MATEUS,GURIRI,FEMININO,NEGRA
violencia_domestica,violencia_social,,,31.0,25_34,CACHOEIRO DE ITAPEMIRIM,AEROPORTO,FEMININO,BRANCA
violencia_domestica,violencia_social,,,32.0,25_34,ARACRUZ,GUARANA,FEMININO,PARDA
violencia_domestica,violencia_social,,,32.0,25_34,MUNIZ FREIRE,ALTO NORTE,FEMININO,PARDA
violencia_domestica,violencia_social,,,32.0,25_34,SERRA,BOA VISTA II,S/I,NEGRA
violencia_domestica,violencia_social,,,33.0,25_34,SAO MATEUS,GURIRI,FEMININO,PARDA
violencia_domestica,violencia_social,,,34.0,25_34,AFONSO CLAUDIO,ALTO GUANDU,FEMININO,BRANCA
violencia_domestica,violencia_social,,,35.0,35_44,GOVERNADOR LINDENBERG,NOVA BRASILIA,FEMININO,PARDA
violencia_domestica,violencia_social,,,35.0,35_44,CACHOEIRO DE ITAPEMIRIM,NOSSA SENHORA DE FATIMA,FEMININO,NEGRA
violencia_domestica,violencia_social,,,35.0,35_44,LINHARES,BEBEDOURO,FEMININO,NEGRA
violencia_domestica,violencia_social,,,35.0,35_44,JAGUARE,IRMA TEREZA ALTOE,FEMININO,PARDA
violencia_domestica,violencia_social,,,35.0,35_44,NOVA VENECIA,RUBIA,FEMININO,PARDA
violencia_domestica,violencia_social,,,36.0,35_44,CONCEICAO DO CASTELO,SANTA LUZIA,FEMININO,PARDA
violencia_domestica,violencia_social,,,36.0,35_44,SAO MATEUS,SANTA MARIA,FEMININO,PARDA
violencia_domestica,violencia_social,,,37.0,35_44,PANCAS,NOSSA SENHORA APARECIDA,FEMININO,NEGRA
violencia_domestica,violencia_social,,,37.0,35_44,ECOPORANGA,NOSSA SENHORA APARECIDA,FEMININO,PARDA
violencia_domestica,violencia_social,,,39.0,35_44,BAIXO GUANDU,SANTA MONICA,FEMININO,PARDA
violencia_domestica,violencia_social,,,39.0,35_44,CONCEICAO DA BARRA,ANTONIO LOPEZ,FEMININO,NEGRA
violencia_domestica,violencia_social,,,40.0,35_44,MARATAIZES,BARRA DE ITAPEMIRIM,FEMININO,BRANCA
violencia_domestica,violencia_social,,,40.0,35_44,RIO BANANAL,SAO JORGE DO TIRADENTES,FEMININO,BRANCA
violencia_domestica,violencia_social,,,40.0,35_44,VILA VELHA,JARDIM DO VALE,FEMININO,NEGRA
violencia_domestica,violencia_social,,,42.0,35_44,LINHARES,ARACA,FEMININO,PARDA
violencia_domestica,violencia_social,,,42.0,35_44,CARIACICA,VISTA MAR,FEMININO,NEGRA
violencia_domestica,violencia_social,,,43.0,35_44,SERRA,NOVO PORTO CANOA,FEMININO,PARDA
violencia_domestica,violencia_social,,,44.0,35_44,COLATINA,AYRTON SENNA,FEMININO,PARDA
violencia_domestica,violencia_social,,,44.0,35_44,CONCEICAO DO CASTELO,OUTRO LOCAL,FEMININO,BRANCA
violencia_domestica,violencia_social,,,44.0,35_44,VILA VALERIO,ZONA RURAL,FEMININO,BRANCA
violencia_domestica,violencia_social,,,45.0,45_54,VILA VELHA,SANTA PAULA I,FEMININO,BRANCA
violencia_domestica,violencia_social,,,45.0,45_54,GUARAPARI,BALNEARIO MEAIPE,FEMININO,PARDA
violencia_domestica,violencia_social,,,45.0,45_54,SERRA,MATA DA SERRA,FEMININO,BRANCA
violencia_domestica,violencia_social,,,45.0,45_54,SERRA,FEU ROSA,FEMININO,PARDA
violencia_domestica,violencia_social,,,45.0,45_54,COLATINA,SAO JUDAS TADEU,FEMININO,BRANCA
violencia_domestica,violencia_social,,,45.0,45_54,VILA VELHA,ALECRIM,FEMININO,PARDA
violencia_domestica,violencia_social,,,46.0,45_54,VITORIA,MONTE BELO,FEMININO,NEGRA
violencia_domestica,violencia_social,,,46.0,45_54,CONCEICAO DA BARRA,ANTONIO LOPEZ,FEMININO,PARDA
violencia_domestica,violencia_social,,,47.0,45_54,JAGUARE,OUTRO LOCAL,FEMININO,PARDA
violencia_domestica,violencia_social,,,48.0,45_54,ARACRUZ,SAO CLEMENTE,FEMININO,NEGRA
violencia_domestica,violencia_social,,,48.0,45_54,SERRA,TAQUARA I,FEMININO,BRANCA
violencia_domestica,violencia_social,,,48.0,45_54,CACHOEIRO DE ITAPEMIRIM,SAO FRANCISCO DE ASSIS,FEMININO,PARDA
violencia_domestica,violencia_social,,,48.0,45_54,SERRA,JARDIM LIMOEIRO,FEMININO,PARDA
violencia_domestica,violencia_social,,,50.0,45_54,SERRA,FEU ROSA,FEMININO,BRANCA
violencia_domestica,violencia_social,,,51.0,45_54,SERRA,ANDRE CARLONI,FEMININO,PARDA
violencia_domestica,violencia_social,,,52.0,45_54,VENDA NOVA DO IMIGRANTE,BANANEIRAS,FEMININO,INDETERMINADA
violencia_domestica,violencia_social,,,53.0,45_54,NOVA VENECIA,RUBIA,FEMININO,PARDA
violencia_domestica,violencia_social,,,53.0,45_54,NOVA VENECIA,RUBIA,FEMININO,BRANCA
violencia_domestica,violencia_social,,,53.0,45_54,VILA VELHA,COQUEIRAL DE ITAPARICA,FEMININO,BRANCA
violencia_domestica,violencia_social,,,53.0,45_54,VILA VELHA,COQUEIRAL DE ITAPARICA,FEMININO,BRANCA
violencia_domestica,violencia_social,,,53.0,45_54,SERRA,SERRA DOURADA II,FEMININO,PARDA
violencia_domestica,violencia_social,,,54.0,45_54,GUARAPARI,RECANTO DA SEREIA,FEMININO,BRANCA
violencia_domestica,violencia_social,,,57.0,55_64,MARILANDIA,CENTRO,FEMININO,NEGRA
violencia_domestica,violencia_social,,,58.0,55_64,COLATINA,SANTO ANTONIO,FEMININO,BRANCA
violencia_domestica,violencia_social,,,66.0,65_PLUS,MARILANDIA,CENTRO,MASCULINO,BRANCA
violencia_domestica,violencia_social,,,67.0,65_PLUS,IBATIBA,BRASIL NOVO,FEMININO,INDETERMINADA
violencia_domestica,violencia_social,,,,,MARECHAL FLORIANO,ARAGUAIA,S/I,BRANCA
violencia_domestica,violencia_social,,,,,MUNIZ FREIRE,VIEIRA MACHADO,FEMININO,AMARELA
violencia_domestica,violencia_social,,,8.0,0_14,SERRA,JARDIM LIMOEIRO,MASCULINO,PARDA
violencia_domestica,violencia_social,,,18.0,18_24,COLATINA,CENTRO,FEMININO,BRANCA
violencia_domestica,violencia_social,,,20.0,18_24,SAO MATEUS,BOM SUCESSO,FEMININO,PARDA
violencia_domestica,violencia_social,,,20.0,18_24,BOA ESPERANCA,SANTO ANTONIO DO POUSO ALEGRE,FEMININO,PARDA
violencia_domestica,violencia_social,,,20.0,18_24,CARIACICA,SANTA CECILIA,FEMININO,NEGRA
violencia_domestica,violencia_social,,,21.0,18_24,MUNIZ FREIRE,VIEIRA MACHADO,FEMININO,BRANCA
violencia_domestica,violencia_social,,,21.0,18_24,BARRA DE SAO FRANCISCO,VARGEM ALEGRE,FEMININO,PARDA
violencia_domestica,violencia_social,,,25.0,25_34,ALEGRE,CENTRO,FEMININO,PARDA
violencia_domestica,violencia_social,,,26.0,25_34,COLATINA,MARIA DAS GRACAS,FEMININO,PARDA
violencia_domestica,violencia_social,,,26.0,25_34,VARGEM ALTA,CASTELINHO,FEMININO,NEGRA
violencia_domestica,violencia_social,,,27.0,25_34,VILA VELHA,SANTA INES,FEMININO,PARDA
violencia_domestica,violencia_social,,,27.0,25_34,JAGUARE,SEAC,FEMININO,PARDA
violencia_domestica,violencia_social,,,28.0,25_34,JOAO NEIVA,CENTRO,FEMININO,PARDA
violencia_domestica,violencia_social,,,28.0,25_34,JOAO NEIVA,BAIRRO DA PENHA,FEMININO,BRANCA
violencia_domestica,violencia_social,,,28.0,25_34,SAO MATEUS,MORADA DO RIBEIRAO,FEMININO,PARDA
violencia_domestica,violencia_social,,,29.0,25_34,SERRA,VILA NOVA DE COLARES,FEMININO,PARDA
violencia_domestica,violencia_social,,,29.0,25_34,MARECHAL FLORIANO,ARAGUAIA,FEMININO,BRANCA
violencia_domestica,violencia_social,,,29.0,25_34,SERRA,VILA NOVA DE COLARES,FEMININO,PARDA
violencia_domestica,violencia_social,,,29.0,25_34,SERRA,VILA NOVA DE COLARES,FEMININO,PARDA
violencia_domestica,violencia_social,,,29.0,25_34,SERRA,PARQUE DAS GAIVOTAS,FEMININO,NEGRA
violencia_domestica,violencia_social,,,29.0,25_34,SERRA,JARDIM LIMOEIRO,FEMININO,PARDA
violencia_domestica,violencia_social,,,31.0,25_34,SANTA TERESA,OUTRO LOCAL,FEMININO,PARDA
violencia_domestica,violencia_social,,,32.0,25_34,SERRA,BALNEARIO DE CARAPEBUS,FEMININO,NEGRA
violencia_domestica,violencia_social,,,33.0,25_34,CACHOEIRO DE ITAPEMIRIM,AEROPORTO,FEMININO,PARDA
violencia_domestica,violencia_social,,,33.0,25_34,GUACUI,ZONA RURAL,FEMININO,NEGRA
violencia_domestica,violencia_social,,,35.0,35_44,CACHOEIRO DE ITAPEMIRIM,IBC,FEMININO,INDIGENA
violencia_domestica,violencia_social,,,35.0,35_44,SAO MATEUS,SANTO ANTONIO,FEMININO,NEGRA
violencia_domestica,violencia_social,,,36.0,35_44,SAO MATEUS,AROEIRA,FEMININO,AMARELA
violencia_domestica,violencia_social,,,36.0,35_44,ITAPEMIRIM,CENTRO,FEMININO,PARDA
violencia_domestica,violencia_social,,,36.0,35_44,VILA VELHA,DIVINO ESPIRITO SANTO,FEMININO,NEGRA
violencia_domestica,violencia_social,,,37.0,35_44,CACHOEIRO DE ITAPEMIRIM,CONDURU,FEMININO,BRANCA
violencia_domestica,violencia_social,,,37.0,35_44,SERRA,VISTA DA SERRA I,FEMININO,NEGRA
violencia_domestica,violencia_social,,,37.0,35_44,CARIACICA,GRAUNA,FEMININO,PARDA
violencia_domestica,violencia_social,,,37.0,35_44,VILA VELHA,ITAPOA,FEMININO,BRANCA
violencia_domestica,violencia_social,,,38.0,35_44,MUNIZ FREIRE,VIEIRA MACHADO,FEMININO,PARDA
violencia_domestica,violencia_social,,,38.0,35_44,VILA VELHA,ALVORADA,FEMININO,PARDA
violencia_domestica,violencia_social,,,40.0,35_44,SERRA,MORADA DE LARANJEIRAS,FEMININO,BRANCA
violencia_domestica,violencia_social,,,41.0,35_44,LINHARES,NOVO HORIZONTE,FEMININO,PARDA
violencia_domestica,violencia_social,,,41.0,35_44,GUACUI,CENTRO,FEMININO,BRANCA
violencia_domestica,violencia_social,,,42.0,35_44,ITAPEMIRIM,OUTRO LOCAL,FEMININO,BRANCA
violencia_domestica,violencia_social,,,42.0,35_44,VARGEM ALTA,JACIGUA,FEMININO,PARDA
violencia_domestica,violencia_social,,,42.0,35_44,VARGEM ALTA,JACIGUA,MASCULINO,BRANCA
violencia_domestica,violencia_social,,,43.0,35_44,CACHOEIRO DE ITAPEMIRIM,VILA RICA,FEMININO,PARDA
violencia_domestica,violencia_social,,,43.0,35_44,CACHOEIRO DE ITAPEMIRIM,VILA RICA,FEMININO,PARDA
violencia_domestica,violencia_social,,,45.0,45_54,CACHOEIRO DE ITAPEMIRIM,AEROPORTO,FEMININO,PARDA
violencia_domestica,violencia_social,,,45.0,45_54,ALEGRE,CENTRO,FEMININO,INDETERMINADA
violencia_domestica,violencia_social,,,47.0,45_54,CACHOEIRO DE ITAPEMIRIM,JARDIM ITAPEMIRIM,FEMININO,BRANCA
violencia_domestica,violencia_social,,,47.0,45_54,CACHOEIRO DE ITAPEMIRIM,VILA RICA,MASCULINO,BRANCA
violencia_domestica,violencia_social,,,47.0,45_54,SERRA,PRAIAMAR,FEMININO,BRANCA
violencia_domestica,violencia_social,,,47.0,45_54,LINHARES,OUTRO LOCAL,FEMININO,PARDA
violencia_domestica,violencia_social,,,48.0,45_54,MONTANHA,ZONA RURAL,FEMININO,BRANCA
violencia_domestica,violencia_social,,,48.0,45_54,VILA VELHA,RIO MARINHO,FEMININO,PARDA
violencia_domestica,violencia_social,,,48.0,45_54,CARIACICA,JARDIM BOTANICO,FEMININO,PARDA
violencia_domestica,violencia_social,,,49.0,45_54,ARACRUZ,MAR AZUL,FEMININO,BRANCA
violencia_domestica,violencia_social,,,50.0,45_54,MARECHAL FLORIANO,COSTA PEREIRA,FEMININO,PARDA
violencia_domestica,violencia_social,,,53.0,45_54,SANTA MARIA DE JETIBA,SAO SEBASTIAO DO MEIO,FEMININO,BRANCA
violencia_domestica,violencia_social,,,53.0,45_54,ARACRUZ,MAR AZUL,MASCULINO,BRANCA
violencia_domestica,violencia_social,,,55.0,55_64,BAIXO GUANDU,CENTRO,FEMININO,BRANCA
violencia_domestica,violencia_social,,,56.0,55_64,GOVERNADOR LINDENBERG,NOVA BRASILIA,FEMININO,PARDA
violencia_domestica,violencia_social,,,60.0,55_64,CACHOEIRO DE ITAPEMIRIM,NOVO PARQUE,FEMININO,NEGRA
violencia_domestica,violencia_social,,,61.0,55_64,SERRA,SAO DIOGO I,S/I,BRANCA
violencia_domestica,violencia_social,,,62.0,55_64,CACHOEIRO DE ITAPEMIRIM,CAMPO DA LEOPOLDINA,FEMININO,PARDA
violencia_domestica,violencia_social,,,63.0,55_64,PINHEIROS,SANTO ANTONIO,FEMININO,PARDA
violencia_domestica,violencia_social,,,64.0,55_64,PANCAS,ALTO PANCAS,FEMININO,INDETERMINADA
violencia_domestica,violencia_social,,,64.0,55_64,MANTENOPOLIS,BELA VISTA,FEMININO,BRANCA
violencia_domestica,violencia_social,,,65.0,65_PLUS,VILA VELHA,RESIDENCIAL COQUEIRAL,FEMININO,BRANCA
violencia_domestica,violencia_social,,,72.0,65_PLUS,AFONSO CLAUDIO,JOSE VALIM,FEMININO,PARDA
violencia_domestica,violencia_social,,,76.0,65_PLUS,AFONSO CLAUDIO,JOSE VALIM,MASCULINO,PARDA
violencia_domestica,violencia_social,,,79.0,65_PLUS,SAO GABRIEL DA PALHA,MIRANTE,FEMININO,INDETERMINADA
violencia_domestica,violencia_social,,,2.0,0_14,SAO ROQUE DO CANAA,SAO JACINTO,MASCULINO,PARDA
violencia_domestica,violencia_social,,,13.0,0_14,VITORIA,CENTRO,FEMININO,INDETERMINADA
violencia_domestica,violencia_social,,,15.0,15_17,ITAPEMIRIM,CAMPO ACIMA,FEMININO,PARDA
violencia_domestica,violencia_social,,,18.0,18_24,CARIACICA,VISTA DOURADA,FEMININO,BRANCA
violencia_domestica,violencia_social,,,21.0,18_24,SAO GABRIEL DA PALHA,SANTA HELENA,FEMININO,PARDA
violencia_domestica,violencia_social,,,22.0,18_24,LINHARES,BEBEDOURO,MASCULINO,PARDA
violencia_domestica,violencia_social,,,23.0,18_24,VITORIA,BONFIM,FEMININO,BRANCA
violencia_domestica,violencia_social,,,24.0,18_24,SERRA,CIDADE CONTINENTAL,FEMININO,PARDA
violencia_domestica,violencia_social,,,25.0,25_34,SERRA,FEU ROSA,FEMININO,PARDA
violencia_domestica,violencia_social,,,27.0,25_34,CARIACICA,ORIENTE,FEMININO,PARDA
violencia_domestica,violencia_social,,,28.0,25_34,NOVA VENECIA,OUTRO LOCAL,FEMININO,BRANCA
violencia_domestica,violencia_social,,,28.0,25_34,JOAO NEIVA,FLORESTA,FEMININO,BRANCA
violencia_domestica,violencia_social,,,29.0,25_34,ARACRUZ,CUPIDO,FEMININO,PARDA
violencia_domestica,violencia_social,,,29.0,25_34,SAO ROQUE DO CANAA,SAO JACINTO,FEMININO,PARDA
violencia_domestica,violencia_social,,,29.0,25_34,SERRA,NOVO PORTO CANOA,FEMININO,BRANCA
violencia_domestica,violencia_social,,,30.0,25_34,IUNA,CENTRO,FEMININO,BRANCA
violencia_domestica,violencia_social,,,30.0,25_34,LINHARES,INTERLAGOS,FEMININO,PARDA
violencia_domestica,violencia_social,,,30.0,25_34,COLATINA,COLATINA VELHA,FEMININO,PARDA
violencia_domestica,violencia_social,,,31.0,25_34,NOVA VENECIA,ALTOE,FEMININO,NEGRA
violencia_domestica,violencia_social,,,31.0,25_34,ANCHIETA,BAIXO PONGAL,FEMININO,BRANCA
violencia_domestica,violencia_social,,,31.0,25_34,VILA VELHA,BOA VISTA I,FEMININO,PARDA
violencia_domestica,violencia_social,,,32.0,25_34,MUQUI,CENTRO,FEMININO,BRANCA
violencia_domestica,violencia_social,,,33.0,25_34,PIUMA,CEU AZUL,FEMININO,BRANCA
violencia_domestica,violencia_social,,,33.0,25_34,PIUMA,CEU AZUL,FEMININO,BRANCA
violencia_domestica,violencia_social,,,34.0,25_34,COLATINA,SANTOS DUMONT,FEMININO,PARDA
violencia_domestica,violencia_social,,,35.0,35_44,JAGUARE,IRMA TEREZA ALTOE,FEMININO,PARDA
violencia_domestica,violencia_social,,,36.0,35_44,ALEGRE,SANTA ANGELICA,FEMININO,BRANCA
violencia_domestica,violencia_social,,,37.0,35_44,LINHARES,BEBEDOURO,FEMININO,PARDA
violencia_domestica,violencia_social,,,38.0,35_44,CARIACICA,CAMPO VERDE,FEMININO,PARDA
violencia_domestica,violencia_social,,,38.0,35_44,LINHARES,INTERLAGOS,FEMININO,PARDA
violencia_domestica,violencia_social,,,38.0,35_44,LINHARES,INTERLAGOS,FEMININO,PARDA
violencia_domestica,violencia_social,,,40.0,35_44,SERRA,SERRA DOURADA I,FEMININO,PARDA
violencia_domestica,violencia_social,,,41.0,35_44,SERRA,TAQUARA II,FEMININO,BRANCA
violencia_domestica,violencia_social,,,42.0,35_44,VENDA NOVA DO IMIGRANTE,CENTRO,FEMININO,PARDA
violencia_domestica,violencia_social,,,42.0,35_44,GUARAPARI,CAMURUGI,FEMININO,PARDA
violencia_domestica,violencia_social,,,42.0,35_44,SERRA,FEU ROSA,FEMININO,PARDA
violencia_domestica,violencia_social,,,45.0,45_54,VILA VELHA,NOVA ITAPARICA,FEMININO,BRANCA
violencia_domestica,violencia_social,,,45.0,45_54,CACHOEIRO DE ITAPEMIRIM,ZUMBI,FEMININO,NEGRA
violencia_domestica,violencia_social,,,46.0,45_54,CARIACICA,CARIACICA SEDE,FEMININO,PARDA
violencia_domestica,violencia_social,,,47.0,45_54,SANTA MARIA DE JETIBA,CENTRO,FEMININO,BRANCA
violencia_domestica,violencia_social,,,48.0,45_54,VILA VELHA,RESIDENCIAL JABAETE,FEMININO,PARDA
violencia_domestica,violencia_social,,,49.0,45_54,COLATINA,JOAO MANOEL MENEGUELI,FEMININO,INDIGENA
violencia_domestica,violencia_social,,,52.0,45_54,CACHOEIRO DE ITAPEMIRIM,ITAOCA,FEMININO,PARDA
violencia_domestica,violencia_social,,,53.0,45_54,CACHOEIRO DE ITAPEMIRIM,OUTRO LOCAL,FEMININO,BRANCA
violencia_domestica,violencia_social,,,55.0,55_64,VIANA,MARCILIO DE NORONHA,FEMININO,PARDA
violencia_domestica,violencia_social,,,59.0,55_64,CARIACICA,SAO BENEDITO,FEMININO,BRANCA
violencia_domestica,violencia_social,,,59.0,55_64,SAO ROQUE DO CANAA,SAO JACINTO,FEMININO,BRANCA
violencia_domestica,violencia_social,,,65.0,65_PLUS,SANTA MARIA DE JETIBA,RIO DOS GONCALVES,FEMININO,BRANCA
violencia_domestica,violencia_social,,,65.0,65_PLUS,SANTA MARIA DE JETIBA,RIO DOS GONCALVES,MASCULINO,BRANCA
violencia_domestica,violencia_social,,,66.0,65_PLUS,SAO ROQUE DO CANAA,SAO JACINTO,MASCULINO,BRANCA
violencia_domestica,violencia_social,,,69.0,65_PLUS,VIANA,PRIMAVERA,FEMININO,PARDA
violencia_domestica,violencia_social,,,71.0,65_PLUS,ECOPORANGA,CENTRO,FEMININO,PARDA
violencia_domestica,violencia_social,,,75.0,65_PLUS,CARIACICA,VILA PRUDENCIO,FEMININO,NEGRA
violencia_domestica,violencia_social,,,77.0,65_PLUS,CACHOEIRO DE ITAPEMIRIM,OUTRO LOCAL,FEMININO,BRANCA
violencia_domestica,violencia_social,,,14.0,0_14,ITAPEMIRIM,ITAIPAVA,FEMININO,NEGRA
violencia_domestica,violencia_social,,,16.0,15_17,COLATINA,COLATINA VELHA,FEMININO,NEGRA
violencia_domestica,violencia_social,,,16.0,15_17,ITAPEMIRIM,CAMPO ACIMA,FEMININO,BRANCA
violencia_domestica,violencia_social,,,17.0,15_17,GUARAPARI,SANTA MONICA,FEMININO,NEGRA
violencia_domestica,violencia_social,,,19.0,18_24,GUARAPARI,RECANTO DA SEREIA,FEMININO,PARDA
violencia_domestica,violencia_social,,,20.0,18_24,IBATIBA,CENTRO,FEMININO,INDETERMINADA
violencia_domestica,violencia_social,,,21.0,18_24,PIUMA,ITAPUTANGA,MASCULINO,PARDA
violencia_domestica,violencia_social,,,21.0,18_24,ARACRUZ,OUTRO LOCAL,FEMININO,PARDA
violencia_domestica,violencia_social,,,21.0,18_24,VITORIA,ESTRELINHA,FEMININO,PARDA
violencia_domestica,violencia_social,,,21.0,18_24,IBATIBA,CENTRO,FEMININO,NEGRA
violencia_domestica,violencia_social,,,21.0,18_24,GUACUI,BAIRRO DO NORTE,FEMININO,PARDA
violencia_domestica,violencia_social,,,21.0,18_24,VIANA,MARCILIO DE NORONHA,FEMININO,PARDA
violencia_domestica,violencia_social,,,23.0,18_24,VIANA,CENTRO,FEMININO,PARDA
violencia_domestica,violencia_social,,,23.0,18_24,CARIACICA,ROSA DA PENHA,FEMININO,BRANCA
violencia_domestica,violencia_social,,,24.0,18_24,PIUMA,ITAPUTANGA,FEMININO,BRANCA
violencia_domestica,violencia_social,,,24.0,18_24,MANTENOPOLIS,IPIRANGA,INDETERMINADO,PARDA
violencia_domestica,violencia_social,,,24.0,18_24,VILA VELHA,NOVO MEXICO,FEMININO,PARDA
violencia_domestica,violencia_social,,,25.0,25_34,ARACRUZ,BELA VISTA,FEMININO,NEGRA
violencia_domestica,violencia_social,,,25.0,25_34,VITORIA,SANTOS DUMONT,FEMININO,PARDA
violencia_domestica,violencia_social,,,25.0,25_34,SAO MATEUS,BOM SUCESSO,FEMININO,INDETERMINADA
violencia_domestica,violencia_social,,,26.0,25_34,MUCURICI,ITABAIANA,FEMININO,PARDA
violencia_domestica,violencia_social,,,26.0,25_34,LINHARES,SHELL,FEMININO,PARDA
violencia_domestica,violencia_social,,,26.0,25_34,CARIACICA,NOVA ESPERANCA,FEMININO,PARDA
violencia_domestica,violencia_social,,,28.0,25_34,SERRA,COSTA DOURADA,FEMININO,PARDA
violencia_domestica,violencia_social,,,28.0,25_34,SANTA MARIA DE JETIBA,CENTRO,FEMININO,BRANCA
violencia_domestica,violencia_social,,,29.0,25_34,VILA VELHA,SOTECO,FEMININO,PARDA
violencia_domestica,violencia_social,,,31.0,25_34,ITAPEMIRIM,CAMPO ACIMA,FEMININO,PARDA
violencia_domestica,violencia_social,,,31.0,25_34,CACHOEIRO DE ITAPEMIRIM,ABELARDO MACHADO,FEMININO,PARDA
violencia_domestica,violencia_social,,,32.0,25_34,BARRA DE SAO FRANCISCO,BAIRRO NOVA BARRA,FEMININO,INDETERMINADA
violencia_domestica,violencia_social,,,33.0,25_34,ITAPEMIRIM,ITAIPAVA,FEMININO,PARDA
violencia_domestica,violencia_social,,,35.0,35_44,VILA VELHA,SOTECO,FEMININO,BRANCA
violencia_domestica,violencia_social,,,35.0,35_44,VILA VELHA,JARDIM GUARANHUNS,FEMININO,PARDA
violencia_domestica,violencia_social,,,35.0,35_44,GUARAPARI,IPIRANGA,FEMININO,NEGRA
violencia_domestica,violencia_social,,,35.0,35_44,SERRA,BAIRRO DAS LARANJEIRAS,FEMININO,PARDA
violencia_domestica,violencia_social,,,35.0,35_44,SERRA,VISTA DA SERRA I,FEMININO,PARDA
violencia_domestica,violencia_social,,,37.0,35_44,SERRA,CIDADE CONTINENTAL,FEMININO,PARDA
violencia_domestica,violencia_social,,,37.0,35_44,NOVA VENECIA,RUBIA,FEMININO,BRANCA
violencia_domestica,violencia_social,,,37.0,35_44,COLATINA,COLATINA VELHA,FEMININO,NEGRA
violencia_domestica,violencia_social,,,37.0,35_44,CARIACICA,NOVA ESPERANCA,FEMININO,INDIGENA
violencia_domestica,violencia_social,,,38.0,35_44,JAGUARE,ABOBORA,FEMININO,BRANCA
violencia_domestica,violencia_social,,,38.0,35_44,COLATINA,OLIVIO ZANOTELI,MASCULINO,PARDA
violencia_domestica,violencia_social,,,38.0,35_44,CARIACICA,ITAQUARI,FEMININO,PARDA
violencia_domestica,violencia_social,,,39.0,35_44,CACHOEIRO DE ITAPEMIRIM,CORONEL BORGES,FEMININO,BRANCA
violencia_domestica,violencia_social,,,39.0,35_44,CONCEICAO DA BARRA,ZONA RURAL,FEMININO,PARDA
violencia_domestica,violencia_social,,,39.0,35_44,COLATINA,SANTA HELENA,FEMININO,BRANCA
violencia_domestica,violencia_social,,,39.0,35_44,CACHOEIRO DE ITAPEMIRIM,CORAMARA,FEMININO,BRANCA
violencia_domestica,violencia_social,,,39.0,35_44,CARIACICA,CAMPO VERDE,FEMININO,PARDA
violencia_domestica,violencia_social,,,40.0,35_44,GUARAPARI,RECANTO DA SEREIA,MASCULINO,PARDA
violencia_domestica,violencia_social,,,42.0,35_44,SERRA,PLANALTO SERRANO,FEMININO,PARDA
violencia_domestica,violencia_social,,,43.0,35_44,NOVA VENECIA,ZONA RURAL,FEMININO,PARDA
violencia_domestica,violencia_social,,,43.0,35_44,JERONIMO MONTEIRO,CENTRO,FEMININO,BRANCA
violencia_domestica,violencia_social,,,45.0,45_54,RIO NOVO DO SUL,SAO JOSE,FEMININO,PARDA
violencia_domestica,violencia_social,,,45.0,45_54,COLATINA,COLATINA VELHA,FEMININO,NEGRA
violencia_domestica,violencia_social,,,45.0,45_54,VILA VELHA,RIVIERA DA BARRA,FEMININO,BRANCA
violencia_domestica,violencia_social,,,46.0,45_54,VENDA NOVA DO IMIGRANTE,VILA BETANEA,MASCULINO,BRANCA
violencia_domestica,violencia_social,,,49.0,45_54,SAO MATEUS,OUTRO LOCAL,FEMININO,PARDA
violencia_domestica,violencia_social,,,49.0,45_54,VENDA NOVA DO IMIGRANTE,VILA BETANEA,FEMININO,BRANCA
violencia_domestica,violencia_social,,,49.0,45_54,GUARAPARI,SANTA MONICA,FEMININO,PARDA
violencia_domestica,violencia_social,,,51.0,45_54,COLATINA,OLIVIO ZANOTELI,FEMININO,PARDA
violencia_domestica,violencia_social,,,54.0,45_54,AGUA DOCE DO NORTE,VISTA BELA,FEMININO,BRANCA
violencia_domestica,violencia_social,,,55.0,55_64,SANTA MARIA DE JETIBA,CENTRO,FEMININO,BRANCA
violencia_domestica,violencia_social,,,55.0,55_64,VITORIA,JARDIM CAMBURI,FEMININO,BRANCA
violencia_domestica,violencia_social,,,56.0,55_64,VIANA,MARCILIO DE NORONHA,FEMININO,PARDA
violencia_domestica,violencia_social,,,60.0,55_64,SAO MATEUS,CRICARE,FEMININO,NEGRA
violencia_domestica,violencia_social,,,67.0,65_PLUS,GUACUI,PARQUE INDUSTRIAL,S/I,NEGRA
violencia_domestica,violencia_social,,,85.0,65_PLUS,ALEGRE,UNIVERSITARIO,FEMININO,BRANCA
violencia_domestica,violencia_social,,,,,VILA VELHA,ITAPOA,FEMININO,PARDA
violencia_domestica,violencia_social,,,,,BOA ESPERANCA,SANTO ANTONIO DO POUSO ALEGRE,S/I,PARDA
violencia_domestica,violencia_social,,,18.0,18_24,MIMOSO DO SUL,ZONA RURAL,FEMININO,PARDA
violencia_domestica,violencia_social,,,18.0,18_24,CARIACICA,CAMPO GRANDE,FEMININO,PARDA
violencia_domestica,violencia_social,,,19.0,18_24,BOA ESPERANCA,BOA VISTA,FEMININO,BRANCA
violencia_domestica,violencia_social,,,19.0,18_24,GUARAPARI,ITAPEBUSSU,FEMININO,BRANCA
violencia_domestica,violencia_social,,,20.0,18_24,MARATAIZES,BELO HORIZONTE,FEMININO,INDETERMINADA
violencia_domestica,violencia_social,,,20.0,18_24,IRUPI,ZONA RURAL,FEMININO,NEGRA
violencia_domestica,violencia_social,,,21.0,18_24,VILA VELHA,RESIDENCIAL JABAETE,FEMININO,PARDA
violencia_domestica,violencia_social,,,23.0,18_24,JERONIMO MONTEIRO,BOA ESPERANCA,FEMININO,PARDA
violencia_domestica,violencia_social,,,23.0,18_24,COLATINA,VISTA DA SERRA,FEMININO,PARDA
violencia_domestica,violencia_social,,,24.0,18_24,SANTA LEOPOLDINA,BARRA DO MANGARAI,FEMININO,PARDA
violencia_domestica,violencia_social,,,24.0,18_24,BOA ESPERANCA,BOA VISTA,MASCULINO,INDETERMINADA
violencia_domestica,violencia_social,,,24.0,18_24,SAO MATEUS,GURIRI,FEMININO,PARDA
violencia_domestica,violencia_social,,,24.0,18_24,COLATINA,SAO SILVANO,FEMININO,BRANCA
violencia_domestica,violencia_social,,,25.0,25_34,SAO MATEUS,GURIRI,FEMININO,INDETERMINADA
violencia_domestica,violencia_social,,,26.0,25_34,VILA VELHA,PLANALTO,FEMININO,NEGRA
violencia_domestica,violencia_social,,,28.0,25_34,GUACUI,OUTRO LOCAL,FEMININO,NEGRA
violencia_domestica,violencia_social,,,28.0,25_34,PEDRO CANARIO,CRISTAL DO NORTE,FEMININO,PARDA
violencia_domestica,violencia_social,,,28.0,25_34,BAIXO GUANDU,CENTRO,FEMININO,BRANCA
violencia_domestica,violencia_social,,,28.0,25_34,SAO ROQUE DO CANAA,SAO ROQUINHO,FEMININO,PARDA
violencia_domestica,violencia_social,,,28.0,25_34,CARIACICA,NOVA ROSA DA PENHA,FEMININO,PARDA
violencia_domestica,violencia_social,,,28.0,25_34,ICONHA,CENTRO,FEMININO,PARDA
violencia_domestica,violencia_social,,,28.0,25_34,VILA VELHA,PRIMEIRO DE MAIO,FEMININO,BRANCA
violencia_domestica,violencia_social,,,29.0,25_34,VITORIA,BONFIM,FEMININO,BRANCA
violencia_domestica,violencia_social,,,29.0,25_34,CARIACICA,JARDIM DE ALAH,FEMININO,PARDA
violencia_domestica,violencia_social,,,30.0,25_34,MARATAIZES,SANTA TEREZA,FEMININO,BRANCA
violencia_domestica,violencia_social,,,30.0,25_34,IUNA,CENTRO,FEMININO,BRANCA
violencia_domestica,violencia_social,,,31.0,25_34,VITORIA,NOVA PALESTINA,FEMININO,PARDA
violencia_domestica,violencia_social,,,31.0,25_34,LINHARES,NOVO HORIZONTE,FEMININO,BRANCA
violencia_domestica,violencia_social,,,31.0,25_34,LINHARES,OUTRO LOCAL,FEMININO,PARDA
violencia_domestica,violencia_social,,,32.0,25_34,SERRA,JARDIM LIMOEIRO,TRANSEXUAL,NEGRA
violencia_domestica,violencia_social,,,33.0,25_34,SANTA TERESA,RECANTO DO VALE,FEMININO,BRANCA
violencia_domestica,violencia_social,,,33.0,25_34,ECOPORANGA,HOMERO AMANTE,FEMININO,INDETERMINADA
violencia_domestica,violencia_social,,,33.0,25_34,BOA ESPERANCA,SANTO ANTONIO DO POUSO ALEGRE,FEMININO,NEGRA
violencia_domestica,violencia_social,,,34.0,25_34,SERRA,PLANALTO SERRANO,FEMININO,BRANCA
violencia_domestica,violencia_social,,,34.0,25_34,VIANA,NOVA BETHANIA,FEMININO,PARDA
violencia_domestica,violencia_social,,,36.0,35_44,PINHEIROS,JUNDIA,FEMININO,PARDA
violencia_domestica,violencia_social,,,36.0,35_44,GUACUI,SAO MIGUEL,S/I,NEGRA
violencia_domestica,violencia_social,,,36.0,35_44,SERRA,SAO GERALDO,FEMININO,PARDA
violencia_domestica,violencia_social,,,36.0,35_44,SERRA,SAO GERALDO,FEMININO,BRANCA
violencia_domestica,violencia_social,,,37.0,35_44,SERRA,CENTRAL CARAPINA,FEMININO,NEGRA
violencia_domestica,violencia_social,,,38.0,35_44,SERRA,BARCELONA,FEMININO,PARDA
violencia_domestica,violencia_social,,,39.0,35_44,PIUMA,MONTE AGHA,FEMININO,PARDA
violencia_domestica,violencia_social,,,40.0,35_44,COLATINA,CENTRO,FEMININO,PARDA
violencia_domestica,violencia_social,,,41.0,35_44,LINHARES,INTERLAGOS,FEMININO,PARDA
violencia_domestica,violencia_social,,,41.0,35_44,GUARAPARI,SAO GABRIEL,FEMININO,PARDA
violencia_domestica,violencia_social,,,41.0,35_44,CARIACICA,PORTO NOVO,FEMININO,PARDA
violencia_domestica,violencia_social,,,42.0,35_44,BAIXO GUANDU,ALTO GUANDU,FEMININO,INDETERMINADA
violencia_domestica,violencia_social,,,42.0,35_44,LINHARES,BNH,FEMININO,PARDA
violencia_domestica,violencia_social,,,43.0,35_44,CARIACICA,JARDIM CAMPO GRANDE,FEMININO,NEGRA
violencia_domestica,violencia_social,,,43.0,35_44,COLATINA,SAO VICENTE,FEMININO,BRANCA
violencia_domestica,violencia_social,,,44.0,35_44,CONCEICAO DA BARRA,NOVO HORIZONTE,FEMININO,PARDA
violencia_domestica,violencia_social,,,44.0,35_44,BARRA DE SAO FRANCISCO,BAIRRO NOVA BARRA,FEMININO,BRANCA
violencia_domestica,violencia_social,,,45.0,45_54,AFONSO CLAUDIO,SAO VICENTE,FEMININO,BRANCA
violencia_domestica,violencia_social,,,45.0,45_54,SANTA MARIA DE JETIBA,OUTRO LOCAL,FEMININO,BRANCA
violencia_domestica,violencia_social,,,47.0,45_54,VILA VELHA,VALE ENCANTADO,MASCULINO,BRANCA
violencia_domestica,violencia_social,,,51.0,45_54,BARRA DE SAO FRANCISCO,BAIRRO VILA VICENTE,MASCULINO,NEGRA
violencia_domestica,violencia_social,,,53.0,45_54,ECOPORANGA,HOMERO AMANTE,FEMININO,NEGRA
violencia_domestica,violencia_social,,,57.0,55_64,BAIXO GUANDU,CENTRO,FEMININO,BRANCA
violencia_domestica,violencia_social,,,61.0,55_64,VILA VELHA,JARDIM DO VALE,FEMININO,PARDA
violencia_domestica,violencia_social,,,69.0,65_PLUS,VILA VELHA,BALNEARIO PONTA DA FRUTA,FEMININO,BRANCA
violencia_domestica,violencia_social,,,73.0,65_PLUS,PIUMA,MONTE AGHA,FEMININO,PARDA
violencia_domestica,violencia_social,,,16.0,15_17,ANCHIETA,ALVORADA,FEMININO,PARDA
violencia_domestica,violencia_social,,,19.0,18_24,COLATINA,BAUNILHA,FEMININO,PARDA
violencia_domestica,violencia_social,,,19.0,18_24,NOVA VENECIA,OUTRO LOCAL,FEMININO,PARDA
violencia_domestica,violencia_social,,,21.0,18_24,IBATIBA,LACERDA SODRE DE ASSIS,FEMININO,PARDA
violencia_domestica,violencia_social,,,21.0,18_24,IRUPI,CENTRO,FEMININO,PARDA
violencia_domestica,violencia_social,,,22.0,18_24,SERRA,JARDIM LIMOEIRO,FEMININO,BRANCA
violencia_domestica,violencia_social,,,24.0,18_24,VITORIA,ENSEADA DO SUA,FEMININO,PARDA
violencia_domestica,violencia_social,,,25.0,25_34,CARIACICA,FLEXAL II,FEMININO,BRANCA
violencia_domestica,violencia_social,,,25.0,25_34,ANCHIETA,OUTRO LOCAL,FEMININO,INDETERMINADA
violencia_domestica,violencia_social,,,25.0,25_34,CARIACICA,NOVA VALVERDE,FEMININO,PARDA
violencia_domestica,violencia_social,,,26.0,25_34,VILA VELHA,MORADA DA BARRA,FEMININO,BRANCA
violencia_domestica,violencia_social,,,26.0,25_34,ATILIO VIVACQUA,CORREGO DA FAMA,FEMININO,BRANCA
violencia_domestica,violencia_social,,,27.0,25_34,CARIACICA,VISTA DOURADA,FEMININO,PARDA
violencia_domestica,violencia_social,,,27.0,25_34,GUARAPARI,PRAIA DO MORRO,FEMININO,PARDA
violencia_domestica,violencia_social,,,28.0,25_34,GUARAPARI,SANTA MONICA,FEMININO,NEGRA
violencia_domestica,violencia_social,,,28.0,25_34,CONCEICAO DA BARRA,CHACARA DO ATLANTICO,FEMININO,BRANCA
violencia_domestica,violencia_social,,,28.0,25_34,SERRA,PLANALTO SERRANO,FEMININO,PARDA
violencia_domestica,violencia_social,,,28.0,25_34,SERRA,NOVA CARAPINA I,FEMININO,PARDA
violencia_domestica,violencia_social,,,29.0,25_34,ALFREDO CHAVES,IPANEMA,FEMININO,PARDA
violencia_domestica,violencia_social,,,29.0,25_34,COLATINA,COLUMBIA,FEMININO,PARDA
violencia_domestica,violencia_social,,,29.0,25_34,SAO MATEUS,BOM SUCESSO,FEMININO,PARDA
violencia_domestica,violencia_social,,,31.0,25_34,SANTA LEOPOLDINA,BARRA DO MANGARAI,FEMININO,NEGRA
violencia_domestica,violencia_social,,,31.0,25_34,JERONIMO MONTEIRO,VILA BRITO,FEMININO,PARDA
violencia_domestica,violencia_social,,,32.0,25_34,CACHOEIRO DE ITAPEMIRIM,SAO FRANCISCO DE ASSIS,FEMININO,NEGRA
violencia_domestica,violencia_social,,,32.0,25_34,CARIACICA,FLEXAL II,FEMININO,PARDA
violencia_domestica,violencia_social,,,33.0,25_34,COLATINA,VISTA DA SERRA,FEMININO,PARDA
violencia_domestica,violencia_social,,,34.0,25_34,RIO BANANAL,SANTO ANTONIO,FEMININO,PARDA
violencia_domestica,violencia_social,,,34.0,25_34,GUARAPARI,LAMEIRAO,FEMININO,PARDA
violencia_domestica,violencia_social,,,34.0,25_34,SERRA,NOVA ZELANDIA,FEMININO,PARDA
violencia_domestica,violencia_social,,,34.0,25_34,SERRA,NOVA ZELANDIA,FEMININO,PARDA
violencia_domestica,violencia_social,,,35.0,35_44,SERRA,SAO LOURENCO,FEMININO,PARDA
violencia_domestica,violencia_social,,,36.0,35_44,PINHEIROS,OUTRO LOCAL,FEMININO,PARDA
violencia_domestica,violencia_social,,,36.0,35_44,SANTA LEOPOLDINA,CARAMURU,FEMININO,PARDA
violencia_domestica,violencia_social,,,37.0,35_44,MUNIZ FREIRE,CENTRO,FEMININO,BRANCA
violencia_domestica,violencia_social,,,37.0,35_44,VITORIA,JARDIM DA PENHA,FEMININO,PARDA
violencia_domestica,violencia_social,,,40.0,35_44,SERRA,CACAROCA,FEMININO,NEGRA
violencia_domestica,violencia_social,,,42.0,35_44,MONTANHA,CENTRO,FEMININO,INDETERMINADA
violencia_domestica,violencia_social,,,42.0,35_44,VENDA NOVA DO IMIGRANTE,SANTA CRUZ,FEMININO,BRANCA
violencia_domestica,violencia_social,,,43.0,35_44,CARIACICA,BUBU,FEMININO,PARDA
violencia_domestica,violencia_social,,,43.0,35_44,SERRA,NOVA CARAPINA I,FEMININO,NEGRA
violencia_domestica,violencia_social,,,45.0,45_54,SERRA,MORADA DE LARANJEIRAS,FEMININO,BRANCA
violencia_domestica,violencia_social,,,47.0,45_54,VILA VELHA,PRAIA DE ITAPARICA,FEMININO,INDETERMINADA
violencia_domestica,violencia_social,,,47.0,45_54,SERRA,CIDADE CONTINENTAL,FEMININO,PARDA
violencia_domestica,violencia_social,,,47.0,45_54,NOVA VENECIA,OUTRO LOCAL,FEMININO,BRANCA
violencia_domestica,violencia_social,,,49.0,45_54,CARIACICA,FLEXAL I,FEMININO,PARDA
violencia_domestica,violencia_social,,,49.0,45_54,COLATINA,JOAO MANOEL MENEGUELI,FEMININO,INDIGENA
violencia_domestica,violencia_social,,,50.0,45_54,SANTA MARIA DE JETIBA,SANTA LUZIA DO RECREIO,FEMININO,BRANCA
violencia_domestica,violencia_social,,,52.0,45_54,VILA VALERIO,NOSSA SENHORA DA PENHA,FEMININO,INDETERMINADA
violencia_domestica,violencia_social,,,52.0,45_54,VIANA,RIBEIRA,FEMININO,PARDA
violencia_domestica,violencia_social,,,56.0,55_64,GUARAPARI,SANTA MONICA,FEMININO,INDETERMINADA
violencia_domestica,violencia_social,,,57.0,55_64,SANTA LEOPOLDINA,RIO DAS FARINHAS,FEMININO,BRANCA
violencia_domestica,violencia_social,,,65.0,65_PLUS,SERRA,RESIDENCIAL JACARAIPE,FEMININO,NEGRA
violencia_domestica,violencia_social,,,66.0,65_PLUS,RIO NOVO DO SUL,CENTRO,FEMININO,BRANCA
violencia_domestica,violencia_social,,,71.0,65_PLUS,SAO MATEUS,CARAPINA,FEMININO,NEGRA
violencia_domestica,violencia_social,,,,,IRUPI,SANTA CRUZ,S/I,BRANCA
violencia_domestica,violencia_social,,,,,IRUPI,SANTA CRUZ,S/I,PARDA
violencia_domestica,violencia_social,,,,,PIUMA,UNIAO,S/I,BRANCA
violencia_domestica,violencia_social,,,,,RIO BANANAL,ZONA RURAL,FEMININO,NEGRA
violencia_domestica,violencia_social,,,15.0,15_17,CARIACICA,ITACIBA,FEMININO,PARDA
violencia_domestica,violencia_social,,,18.0,18_24,ARACRUZ,VILA DO RIACHO,FEMININO,PARDA
violencia_domestica,violencia_social,,,20.0,18_24,ARACRUZ,PLANALTO,S/I,BRANCA
violencia_domestica,violencia_social,,,20.0,18_24,JOAO NEIVA,FLORESTA,FEMININO,BRANCA
violencia_domestica,violencia_social,,,20.0,18_24,CARIACICA,NOVA ESPERANCA,FEMININO,PARDA
violencia_domestica,violencia_social,,,22.0,18_24,LINHARES,AVISO,FEMININO,INDETERMINADA
violencia_domestica,violencia_social,,,22.0,18_24,AFONSO CLAUDIO,JOAO VALIM,FEMININO,PARDA
violencia_domestica,violencia_social,,,23.0,18_24,CARIACICA,SAO FRANCISCO,FEMININO,NEGRA
violencia_domestica,violencia_social,,,23.0,18_24,SAO MATEUS,ALVORADA,FEMININO,PARDA
violencia_domestica,violencia_social,,,23.0,18_24,CARIACICA,NOVA CANAA,FEMININO,PARDA
violencia_domestica,violencia_social,,,24.0,18_24,GUARAPARI,SANTA MARGARIDA,FEMININO,BRANCA
violencia_domestica,violencia_social,,,24.0,18_24,IRUPI,SANTA CRUZ,MASCULINO,BRANCA
violencia_domestica,violencia_social,,,24.0,18_24,VILA VELHA,ILHA DOS AYRES,FEMININO,PARDA
violencia_domestica,violencia_social,,,25.0,25_34,BARRA DE SAO FRANCISCO,MORRO DA COLINA,FEMININO,PARDA
violencia_domestica,violencia_social,,,25.0,25_34,NOVA VENECIA,ALTOE,FEMININO,PARDA
violencia_domestica,violencia_social,,,25.0,25_34,GUARAPARI,JABARAI,FEMININO,PARDA
violencia_domestica,violencia_social,,,25.0,25_34,COLATINA,SAO VICENTE,FEMININO,PARDA
violencia_domestica,violencia_social,,,26.0,25_34,SAO MATEUS,GURIRI,FEMININO,PARDA
violencia_domestica,violencia_social,,,26.0,25_34,SERRA,NOVA CARAPINA II,FEMININO,PARDA
violencia_domestica,violencia_social,,,27.0,25_34,COLATINA,OPERARIO,FEMININO,PARDA
violencia_domestica,violencia_social,,,27.0,25_34,CARIACICA,PADRE GABRIEL,FEMININO,PARDA
violencia_domestica,violencia_social,,,28.0,25_34,VILA VELHA,ITAPOA,FEMININO,BRANCA
violencia_domestica,violencia_social,,,28.0,25_34,CACHOEIRO DE ITAPEMIRIM,ZONA RURAL,S/I,NEGRA
violencia_domestica,violencia_social,,,28.0,25_34,CACHOEIRO DE ITAPEMIRIM,ZUMBI,FEMININO,NEGRA
violencia_domestica,violencia_social,,,29.0,25_34,MIMOSO DO SUL,PRATINHA,FEMININO,INDIGENA
violencia_domestica,violencia_social,,,31.0,25_34,SAO MATEUS,GURIRI,FEMININO,INDETERMINADA
violencia_domestica,violencia_social,,,31.0,25_34,SAO MATEUS,GURIRI,FEMININO,INDETERMINADA
violencia_domestica,violencia_social,,,32.0,25_34,VITORIA,DE LOURDES,FEMININO,NEGRA
violencia_domestica,violencia_social,,,32.0,25_34,NOVA VENECIA,ZONA RURAL,FEMININO,PARDA
violencia_domestica,violencia_social,,,33.0,25_34,SANTA MARIA DE JETIBA,CENTRO,FEMININO,BRANCA
violencia_domestica,violencia_social,,,33.0,25_34,SERRA,NOVO HORIZONTE,FEMININO,PARDA
violencia_domestica,violencia_social,,,34.0,25_34,LINHARES,NOVA ESPERANCA,FEMININO,NEGRA
violencia_domestica,violencia_social,,,34.0,25_34,CARIACICA,NOVA VALVERDE,FEMININO,BRANCA
violencia_domestica,violencia_social,,,34.0,25_34,GUARAPARI,SANTA MONICA,S/I,PARDA
violencia_domestica,violencia_social,,,36.0,35_44,ARACRUZ,OUTRO LOCAL,FEMININO,BRANCA
violencia_domestica,violencia_social,,,37.0,35_44,CARIACICA,GRAUNA,FEMININO,PARDA
violencia_domestica,violencia_social,,,37.0,35_44,VITORIA,SAO PEDRO,FEMININO,NEGRA
violencia_domestica,violencia_social,,,37.0,35_44,ECOPORANGA,MURITIBA,FEMININO,INDETERMINADA
violencia_domestica,violencia_social,,,38.0,35_44,CASTELO,INDEPENDENCIA,FEMININO,NEGRA
violencia_domestica,violencia_social,,,38.0,35_44,VILA VELHA,CENTRO VILA VELHA,FEMININO,BRANCA
violencia_domestica,violencia_social,,,38.0,35_44,SERRA,JARDIM TROPICAL,FEMININO,PARDA
violencia_domestica,violencia_social,,,39.0,35_44,CONCEICAO DO CASTELO,INDAIA,FEMININO,PARDA
violencia_domestica,violencia_social,,,39.0,35_44,VITORIA,DO CABRAL,FEMININO,NEGRA
violencia_domestica,violencia_social,,,40.0,35_44,LINHARES,CENTRO,FEMININO,BRANCA
violencia_domestica,violencia_social,,,40.0,35_44,VIANA,NOVA BETHANIA,FEMININO,PARDA
violencia_domestica,violencia_social,,,40.0,35_44,ARACRUZ,IRAJA,FEMININO,PARDA
violencia_domestica,violencia_social,,,40.0,35_44,RIO BANANAL,ZONA RURAL,FEMININO,NEGRA
violencia_domestica,violencia_social,,,41.0,35_44,NOVA VENECIA,ALTOE,FEMININO,PARDA
violencia_domestica,violencia_social,,,43.0,35_44,MARECHAL FLORIANO,CENTRO,FEMININO,BRANCA
violencia_domestica,violencia_social,,,44.0,35_44,BARRA DE SAO FRANCISCO,BAIRRO NOVA BARRA,FEMININO,BRANCA
violencia_domestica,violencia_social,,,45.0,45_54,CACHOEIRO DE ITAPEMIRIM,AEROPORTO,FEMININO,PARDA
violencia_domestica,violencia_social,,,45.0,45_54,CARIACICA,SOTELANDIA,FEMININO,PARDA
violencia_domestica,violencia_social,,,46.0,45_54,VITORIA,SANTA MARTHA,FEMININO,PARDA
violencia_domestica,violencia_social,,,46.0,45_54,SERRA,NOVA ALMEIDA CENTRO,FEMININO,PARDA
violencia_domestica,violencia_social,,,46.0,45_54,SAO GABRIEL DA PALHA,ASA BRANCA,FEMININO,PARDA
violencia_domestica,violencia_social,,,48.0,45_54,AFONSO CLAUDIO,SAO VICENTE,MASCULINO,PARDA
violencia_domestica,violencia_social,,,49.0,45_54,CARIACICA,SAO GERALDO II,FEMININO,BRANCA
violencia_domestica,violencia_social,,,52.0,45_54,ITAGUACU,ZONA RURAL,FEMININO,PARDA
violencia_domestica,violencia_social,,,52.0,45_54,SERRA,VALPARAISO,FEMININO,BRANCA
violencia_domestica,violencia_social,,,53.0,45_54,LINHARES,RIO QUARTEL,FEMININO,NEGRA
violencia_domestica,violencia_social,,,55.0,55_64,ALFREDO CHAVES,OUTRO LOCAL,FEMININO,BRANCA
violencia_domestica,violencia_social,,,56.0,55_64,VITORIA,GOIABEIRAS,FEMININO,PARDA
violencia_domestica,violencia_social,,,61.0,55_64,SANTA TERESA,DOIS PINHEIROS,FEMININO,BRANCA
violencia_domestica,violencia_social,,,62.0,55_64,AGUA DOCE DO NORTE,ZONA RURAL,FEMININO,INDETERMINADA
violencia_domestica,violencia_social,,,64.0,55_64,SERRA,COSTA DOURADA,FEMININO,BRANCA
violencia_domestica,violencia_social,,,68.0,65_PLUS,CONCEICAO DO CASTELO,INDAIA,FEMININO,PARDA
violencia_domestica,violencia_social,,,72.0,65_PLUS,SERRA,PARQUE RESIDENCIAL LARANJEIRAS,FEMININO,PARDA
violencia_domestica,violencia_social,,,85.0,65_PLUS,BARRA DE SAO FRANCISCO,BAIRRO COLINA,FEMININO,PARDA
violencia_domestica,violencia_social,,,,,CACHOEIRO DE ITAPEMIRIM,AQUIDABAN,FEMININO,BRANCA
violencia_domestica,violencia_social,,,16.0,15_17,MARATAIZES,PONTAL DA BARRA,FEMININO,PARDA
violencia_domestica,violencia_social,,,16.0,15_17,CARIACICA,VILA PALESTINA,FEMININO,BRANCA
violencia_domestica,violencia_social,,,16.0,15_17,APIACA,CENTRO,FEMININO,BRANCA
violencia_domestica,violencia_social,,,18.0,18_24,PRESIDENTE KENNEDY,JAQUEIRA,FEMININO,PARDA
violencia_domestica,violencia_social,,,18.0,18_24,SERRA,CAMARA,FEMININO,PARDA
violencia_domestica,violencia_social,,,18.0,18_24,VIANA,MARCILIO DE NORONHA,FEMININO,PARDA
violencia_domestica,violencia_social,,,19.0,18_24,CARIACICA,BANDEIRANTES,FEMININO,BRANCA
violencia_domestica,violencia_social,,,20.0,18_24,CARIACICA,NOVA ROSA DA PENHA,FEMININO,NEGRA
violencia_domestica,violencia_social,,,20.0,18_24,JOAO NEIVA,MONTE LIBANO,FEMININO,PARDA
violencia_domestica,violencia_social,,,22.0,18_24,SERRA,ELDORADO,FEMININO,BRANCA
violencia_domestica,violencia_social,,,23.0,18_24,ECOPORANGA,DIVINO ESPIRITO SANTO,FEMININO,BRANCA
violencia_domestica,violencia_social,,,23.0,18_24,VITORIA,GOIABEIRAS,FEMININO,BRANCA
violencia_domestica,violencia_social,,,23.0,18_24,ITAPEMIRIM,GRAUNA,FEMININO,INDETERMINADA
violencia_domestica,violencia_social,,,23.0,18_24,JOAO NEIVA,MONTE LIBANO,FEMININO,NEGRA
violencia_domestica,violencia_social,,,23.0,18_24,BARRA DE SAO FRANCISCO,OUTRO LOCAL,FEMININO,BRANCA
violencia_domestica,violencia_social,,,24.0,18_24,CASTELO,VOLTA REDONDA,FEMININO,PARDA
violencia_domestica,violencia_social,,,25.0,25_34,VILA VELHA,COBILANDIA,FEMININO,PARDA
violencia_domestica,violencia_social,,,25.0,25_34,SERRA,JARDIM CARAPINA,FEMININO,PARDA
violencia_domestica,violencia_social,,,26.0,25_34,SANTA MARIA DE JETIBA,ZONA RURAL,FEMININO,BRANCA
violencia_domestica,violencia_social,,,26.0,25_34,ALEGRE,CENTRO,FEMININO,NEGRA
violencia_domestica,violencia_social,,,27.0,25_34,SAO MATEUS,NESTOR GOMES,FEMININO,NEGRA
violencia_domestica,violencia_social,,,27.0,25_34,JERONIMO MONTEIRO,SANTO ANTONIO,FEMININO,PARDA
violencia_domestica,violencia_social,,,27.0,25_34,VITORIA,CENTRO,FEMININO,PARDA
violencia_domestica,violencia_social,,,27.0,25_34,SAO MATEUS,NESTOR GOMES,FEMININO,NEGRA
violencia_domestica,violencia_social,,,28.0,25_34,SANTA MARIA DE JETIBA,ZONA RURAL,MASCULINO,PARDA
violencia_domestica,violencia_social,,,28.0,25_34,CONCEICAO DO CASTELO,PEDRO RIGO,FEMININO,AMARELA
violencia_domestica,violencia_social,,,28.0,25_34,VENDA NOVA DO IMIGRANTE,ALTO VICOSINHA,FEMININO,BRANCA
violencia_domestica,violencia_social,,,28.0,25_34,SAO MATEUS,OUTRO LOCAL,FEMININO,PARDA
violencia_domestica,violencia_social,,,29.0,25_34,CACHOEIRO DE ITAPEMIRIM,SAO FRANCISCO DE ASSIS,FEMININO,NEGRA
violencia_domestica,violencia_social,,,29.0,25_34,SERRA,JARDIM TROPICAL,FEMININO,PARDA
violencia_domestica,violencia_social,,,29.0,25_34,SERRA,OURIMAR,FEMININO,NEGRA
violencia_domestica,violencia_social,,,29.0,25_34,COLATINA,NOVO HORIZONTE,FEMININO,PARDA
violencia_domestica,violencia_social,,,30.0,25_34,CARIACICA,RIO BRANCO,FEMININO,PARDA
violencia_domestica,violencia_social,,,31.0,25_34,IBIRACU,BELA VISTA,FEMININO,NEGRA
violencia_domestica,violencia_social,,,31.0,25_34,CARIACICA,BOA SORTE,FEMININO,PARDA
violencia_domestica,violencia_social,,,31.0,25_34,SERRA,NOVO PORTO CANOA,FEMININO,PARDA
violencia_domestica,violencia_social,,,31.0,25_34,SERRA,NOVO PORTO CANOA,FEMININO,PARDA
violencia_domestica,violencia_social,,,32.0,25_34,COLATINA,COLATINA VELHA,FEMININO,PARDA
violencia_domestica,violencia_social,,,33.0,25_34,SERRA,CHACARA PARREIRAL,FEMININO,BRANCA
violencia_domestica,violencia_social,,,34.0,25_34,JERONIMO MONTEIRO,CENTRO,FEMININO,PARDA
violencia_domestica,violencia_social,,,35.0,35_44,COLATINA,POR DO SOL,FEMININO,PARDA
violencia_domestica,violencia_social,,,36.0,35_44,PEDRO CANARIO,CANARINHA,TRANSEXUAL,INDETERMINADA
violencia_domestica,violencia_social,,,37.0,35_44,ITAPEMIRIM,ITAIPAVA,FEMININO,BRANCA
violencia_domestica,violencia_social,,,37.0,35_44,NOVA VENECIA,RUBIA,FEMININO,BRANCA
violencia_domestica,violencia_social,,,38.0,35_44,CONCEICAO DO CASTELO,PEDRO RIGO,MASCULINO,BRANCA
violencia_domestica,violencia_social,,,38.0,35_44,CACHOEIRO DE ITAPEMIRIM,CORAMARA,FEMININO,BRANCA
violencia_domestica,violencia_social,,,38.0,35_44,IBATIBA,IPE,FEMININO,BRANCA
violencia_domestica,violencia_social,,,39.0,35_44,ANCHIETA,ALVORADA,FEMININO,PARDA
violencia_domestica,violencia_social,,,39.0,35_44,VITORIA,CENTRO,FEMININO,PARDA
violencia_domestica,violencia_social,,,39.0,35_44,SERRA,PORTAL DE JACARAIPE,FEMININO,BRANCA
violencia_domestica,violencia_social,,,39.0,35_44,SOORETAMA,JUNCADO,FEMININO,NEGRA
violencia_domestica,violencia_social,,,40.0,35_44,SERRA,BAIRRO DAS LARANJEIRAS,FEMININO,PARDA
violencia_domestica,violencia_social,,,40.0,35_44,MARECHAL FLORIANO,CENTRO,FEMININO,PARDA
violencia_domestica,violencia_social,,,41.0,35_44,CACHOEIRO DE ITAPEMIRIM,ZUMBI,FEMININO,PARDA
violencia_domestica,violencia_social,,,42.0,35_44,VILA VELHA,MORADA DA BARRA,FEMININO,PARDA
violencia_domestica,violencia_social,,,43.0,35_44,SANTA MARIA DE JETIBA,ZONA RURAL,FEMININO,BRANCA
violencia_domestica,violencia_social,,,43.0,35_44,VITORIA,ITARARE,FEMININO,PARDA
violencia_domestica,violencia_social,,,44.0,35_44,IUNA,QUILOMBO,FEMININO,NEGRA
violencia_domestica,violencia_social,,,45.0,45_54,SERRA,CARAPINA GRANDE,FEMININO,PARDA
violencia_domestica,violencia_social,,,45.0,45_54,VILA VELHA,RIVIERA DA BARRA,FEMININO,NEGRA
violencia_domestica,violencia_social,,,47.0,45_54,SERRA,FEU ROSA,FEMININO,NEGRA
violencia_domestica,violencia_social,,,48.0,45_54,LINHARES,INTERLAGOS,FEMININO,PARDA
violencia_domestica,violencia_social,,,48.0,45_54,DIVINO DE SAO LOURENCO,LIMO VERDE,FEMININO,BRANCA
violencia_domestica,violencia_social,,,50.0,45_54,SERRA,TAQUARA I,FEMININO,PARDA
violencia_domestica,violencia_social,,,50.0,45_54,VILA VELHA,COCAL,FEMININO,PARDA
violencia_domestica,violencia_social,,,50.0,45_54,ICONHA,TOCAIA,FEMININO,BRANCA
violencia_domestica,violencia_social,,,50.0,45_54,LINHARES,ZONA RURAL,FEMININO,PARDA
violencia_domestica,violencia_social,,,51.0,45_54,MARATAIZES,PONTAL DA BARRA,FEMININO,BRANCA
violencia_domestica,violencia_social,,,53.0,45_54,CARIACICA,PRESIDENTE MEDICE,FEMININO,NEGRA
violencia_domestica,violencia_social,,,54.0,45_54,CARIACICA,SOTELANDIA,FEMININO,NEGRA
violencia_domestica,violencia_social,,,54.0,45_54,NOVA VENECIA,CENTRAL,FEMININO,BRANCA
violencia_domestica,violencia_social,,,56.0,55_64,COLATINA,SANTOS DUMONT,FEMININO,PARDA
violencia_domestica,violencia_social,,,59.0,55_64,GUARAPARI,IPIRANGA,FEMININO,BRANCA
violencia_domestica,violencia_social,,,63.0,55_64,VITORIA,CENTRO,MASCULINO,BRANCA
violencia_domestica,violencia_social,,,66.0,65_PLUS,SERRA,COSTA BELLA,FEMININO,NEGRA
violencia_domestica,violencia_social,,,68.0,65_PLUS,SERRA,NOVO HORIZONTE,FEMININO,PARDA
violencia_domestica,violencia_social,,,69.0,65_PLUS,PEDRO CANARIO,CANARINHA,FEMININO,NEGRA
violencia_domestica,violencia_social,,,71.0,65_PLUS,SERRA,SERRA DOURADA I,FEMININO,NEGRA
violencia_domestica,violencia_social,,,74.0,65_PLUS,ANCHIETA,IRIRI,FEMININO,NEGRA
violencia_domestica,violencia_social,,,,,PRESIDENTE KENNEDY,JAQUEIRA,FEMININO,NEGRA
violencia_domestica,violencia_social,,,6.0,0_14,PRESIDENTE KENNEDY,CENTRO,FEMININO,PARDA
violencia_domestica,violencia_social,,,11.0,0_14,LINHARES,INTERLAGOS,S/I,INDETERMINADA
violencia_domestica,violencia_social,,,16.0,15_17,PRESIDENTE KENNEDY,CENTRO,FEMININO,PARDA
violencia_domestica,violencia_social,,,21.0,18_24,SAO GABRIEL DA PALHA,CACHOEIRA DA ONCA,FEMININO,PARDA
violencia_domestica,violencia_social,,,21.0,18_24,CARIACICA,SANTANA,FEMININO,PARDA
violencia_domestica,violencia_social,,,22.0,18_24,ARACRUZ,OUTRO LOCAL,FEMININO,PARDA
violencia_domestica,violencia_social,,,25.0,25_34,ANCHIETA,OUTRO LOCAL,FEMININO,PARDA
violencia_domestica,violencia_social,,,25.0,25_34,SERRA,JARDIM CARAPINA,FEMININO,PARDA
violencia_domestica,violencia_social,,,25.0,25_34,ANCHIETA,ALVORADA,FEMININO,PARDA
violencia_domestica,violencia_social,,,26.0,25_34,COLATINA,MARIA DAS GRACAS,FEMININO,PARDA
violencia_domestica,violencia_social,,,26.0,25_34,SANTA MARIA DE JETIBA,CENTRO,FEMININO,NEGRA
violencia_domestica,violencia_social,,,26.0,25_34,VILA VELHA,PAUL,FEMININO,BRANCA
violencia_domestica,violencia_social,,,26.0,25_34,CASTELO,INDEPENDENCIA,FEMININO,BRANCA
violencia_domestica,violencia_social,,,27.0,25_34,SERRA,RESIDENCIAL JACARAIPE,FEMININO,PARDA
violencia_domestica,violencia_social,,,28.0,25_34,LINHARES,INTERLAGOS,MASCULINO,INDETERMINADA
violencia_domestica,violencia_social,,,28.0,25_34,SAO MATEUS,PEDRA DAGUA,MASCULINO,INDETERMINADA
violencia_domestica,violencia_social,,,28.0,25_34,LINHARES,OUTRO LOCAL,FEMININO,PARDA
violencia_domestica,violencia_social,,,29.0,25_34,LINHARES,INTERLAGOS,S/I,INDETERMINADA
violencia_domestica,violencia_social,,,30.0,25_34,GUARAPARI,BARRO BRANCO,FEMININO,BRANCA
violencia_domestica,violencia_social,,,30.0,25_34,SERRA,CANTINHO DO CEU,FEMININO,PARDA
violencia_domestica,violencia_social,,,30.0,25_34,SERRA,SAO FRANCISCO,FEMININO,BRANCA
violencia_domestica,violencia_social,,,30.0,25_34,LINHARES,ZONA RURAL,FEMININO,BRANCA
violencia_domestica,violencia_social,,,31.0,25_34,GUARAPARI,PEROCAO,FEMININO,PARDA
violencia_domestica,violencia_social,,,32.0,25_34,VIANA,NOVA BETHANIA,FEMININO,PARDA
violencia_domestica,violencia_social,,,33.0,25_34,SERRA,FEU ROSA,FEMININO,PARDA
violencia_domestica,violencia_social,,,33.0,25_34,CONCEICAO DA BARRA,COBRAICE,FEMININO,PARDA
violencia_domestica,violencia_social,,,34.0,25_34,SERRA,OURIMAR,FEMININO,PARDA
violencia_domestica,violencia_social,,,35.0,35_44,CONCEICAO DA BARRA,VILA DOS PESCADORES,FEMININO,PARDA
violencia_domestica,violencia_social,,,35.0,35_44,VILA VELHA,PRAIA DA COSTA,FEMININO,PARDA
violencia_domestica,violencia_social,,,37.0,35_44,MUNIZ FREIRE,CENTRO,FEMININO,BRANCA
violencia_domestica,violencia_social,,,37.0,35_44,SERRA,FEU ROSA,FEMININO,PARDA
violencia_domestica,violencia_social,,,39.0,35_44,SAO MATEUS,PEDRA DAGUA,FEMININO,INDETERMINADA
violencia_domestica,violencia_social,,,40.0,35_44,MARECHAL FLORIANO,BATATAL,FEMININO,PARDA
violencia_domestica,violencia_social,,,40.0,35_44,GUACUI,BAIRRO DO NORTE,FEMININO,BRANCA
violencia_domestica,violencia_social,,,40.0,35_44,CARIACICA,PORTO DE SANTANA,FEMININO,PARDA
violencia_domestica,violencia_social,,,41.0,35_44,SERRA,BARCELONA,S/I,BRANCA
violencia_domestica,violencia_social,,,41.0,35_44,GUACUI,CENTRO,FEMININO,BRANCA
violencia_domestica,violencia_social,,,42.0,35_44,DORES DO RIO PRETO,ZONA RURAL,FEMININO,BRANCA
violencia_domestica,violencia_social,,,42.0,35_44,BAIXO GUANDU,SAO JOSE,FEMININO,BRANCA
violencia_domestica,violencia_social,,,44.0,35_44,GUARAPARI,PRAIA DO MORRO,FEMININO,INDETERMINADA
violencia_domestica,violencia_social,,,44.0,35_44,VITORIA,FORTE SAO JOAO,FEMININO,PARDA
violencia_domestica,violencia_social,,,46.0,45_54,DIVINO DE SAO LOURENCO,PENHA,S/I,NEGRA
violencia_domestica,violencia_social,,,48.0,45_54,SERRA,SAO FRANCISCO,FEMININO,PARDA
violencia_domestica,violencia_social,,,48.0,45_54,GUARAPARI,SAO GABRIEL,FEMININO,NEGRA
violencia_domestica,violencia_social,,,50.0,45_54,PIUMA,PORTINHO,FEMININO,BRANCA
violencia_domestica,violencia_social,,,52.0,45_54,AGUIA BRANCA,CRISTO REI,FEMININO,PARDA
violencia_domestica,violencia_social,,,52.0,45_54,VITORIA,SAO PEDRO,MASCULINO,PARDA
violencia_domestica,violencia_social,,,52.0,45_54,VITORIA,SAO PEDRO,MASCULINO,PARDA
violencia_domestica,violencia_social,,,52.0,45_54,SANTA LEOPOLDINA,RIO DO MEIO,FEMININO,BRANCA
violencia_domestica,violencia_social,,,53.0,45_54,NOVA VENECIA,IOLANDA,FEMININO,BRANCA
violencia_domestica,violencia_social,,,53.0,45_54,VILA PAVAO,NOVA MUNIQUE,FEMININO,BRANCA
violencia_domestica,violencia_social,,,62.0,55_64,VITORIA,DA PENHA,FEMININO,INDIGENA
violencia_domestica,violencia_social,,,62.0,55_64,VITORIA,DA PENHA,FEMININO,INDIGENA
violencia_domestica,violencia_social,,,65.0,65_PLUS,SAO JOSE DO CALCADO,CENTRO,FEMININO,BRANCA
violencia_domestica,violencia_social,,,,,VILA PAVAO,ZONA RURAL,FEMININO,NEGRA
violencia_domestica,violencia_social,,,15.0,15_17,SAO MATEUS,SAO PEDRO,FEMININO,NEGRA
violencia_domestica,violencia_social,,,15.0,15_17,SANTA MARIA DE JETIBA,VILA JETIBA,FEMININO,PARDA
violencia_domestica,violencia_social,,,16.0,15_17,SAO MATEUS,GURIRI,FEMININO,BRANCA
violencia_domestica,violencia_social,,,17.0,15_17,CARIACICA,VILA INDEPENDENCIA,FEMININO,NEGRA
violencia_domestica,violencia_social,,,18.0,18_24,AGUIA BRANCA,CORREGO AGUAS CLARAS,FEMININO,INDETERMINADA
violencia_domestica,violencia_social,,,18.0,18_24,BAIXO GUANDU,SANTA MONICA,FEMININO,PARDA
violencia_domestica,violencia_social,,,18.0,18_24,JOAO NEIVA,BAIRRO DE FATIMA,MASCULINO,PARDA
violencia_domestica,violencia_social,,,19.0,18_24,LINHARES,RIO QUARTEL,FEMININO,INDETERMINADA
violencia_domestica,violencia_social,,,19.0,18_24,PRESIDENTE KENNEDY,JAQUEIRA,FEMININO,BRANCA
violencia_domestica,violencia_social,,,20.0,18_24,PIUMA,NITEROI,FEMININO,NEGRA
violencia_domestica,violencia_social,,,20.0,18_24,IUNA,GUANABARA,FEMININO,PARDA
violencia_domestica,violencia_social,,,21.0,18_24,SOORETAMA,CENTRO,FEMININO,PARDA
violencia_domestica,violencia_social,,,23.0,18_24,CARIACICA,ORIENTE,FEMININO,PARDA
violencia_domestica,violencia_social,,,24.0,18_24,NOVA VENECIA,ALTOE,FEMININO,NEGRA
violencia_domestica,violencia_social,,,25.0,25_34,COLATINA,SANTA HELENA,FEMININO,BRANCA
violencia_domestica,violencia_social,,,26.0,25_34,JOAO NEIVA,BAIRRO DE FATIMA,FEMININO,PARDA
violencia_domestica,violencia_social,,,26.0,25_34,ARACRUZ,VILA NOVA,FEMININO,PARDA
violencia_domestica,violencia_social,,,27.0,25_34,LINHARES,INTERLAGOS,FEMININO,PARDA
violencia_domestica,violencia_social,,,27.0,25_34,GUARAPARI,FATIMA CIDADE JARDIM,FEMININO,PARDA
violencia_domestica,violencia_social,,,27.0,25_34,GUARAPARI,FATIMA CIDADE JARDIM,FEMININO,PARDA
violencia_domestica,violencia_social,,,28.0,25_34,ARACRUZ,ITAPUTERA,FEMININO,BRANCA
violencia_domestica,violencia_social,,,28.0,25_34,CARIACICA,RIO BRANCO,FEMININO,BRANCA
violencia_domestica,violencia_social,,,29.0,25_34,IUNA,LARANJA DA TERRA,FEMININO,BRANCA
violencia_domestica,violencia_social,,,29.0,25_34,LINHARES,JOSE RODRIGUES MACIEL,FEMININO,NEGRA
violencia_domestica,violencia_social,,,29.0,25_34,SERRA,PARQUE RESIDENCIAL MESTRE ALVARO,FEMININO,PARDA
violencia_domestica,violencia_social,,,30.0,25_34,COLATINA,SAO MARCOS,FEMININO,PARDA
violencia_domestica,violencia_social,,,30.0,25_34,SERRA,PARQUE JACARAIPE,FEMININO,PARDA
violencia_domestica,violencia_social,,,31.0,25_34,CACHOEIRO DE ITAPEMIRIM,SAO LUIZ GONZAGA,FEMININO,PARDA
violencia_domestica,violencia_social,,,31.0,25_34,MARATAIZES,BARRA DE ITAPEMIRIM,FEMININO,NEGRA
violencia_domestica,violencia_social,,,31.0,25_34,VILA VELHA,BARRAMARES,FEMININO,PARDA
violencia_domestica,violencia_social,,,33.0,25_34,BARRA DE SAO FRANCISCO,BAIRRO VILA LANDINHA,MASCULINO,PARDA
violencia_domestica,violencia_social,,,34.0,25_34,CONCEICAO DA BARRA,MARIA MANTEIGA,FEMININO,INDETERMINADA
violencia_domestica,violencia_social,,,34.0,25_34,ALEGRE,VILA DO SUL,FEMININO,PARDA
violencia_domestica,violencia_social,,,34.0,25_34,LINHARES,REGENCIA,FEMININO,PARDA
violencia_domestica,violencia_social,,,36.0,35_44,AGUIA BRANCA,CORREGO SAO JOAO,FEMININO,INDETERMINADA
violencia_domestica,violencia_social,,,36.0,35_44,VILA VELHA,IBES,FEMININO,PARDA
violencia_domestica,violencia_social,,,36.0,35_44,GUARAPARI,PRAIA DO MORRO,FEMININO,BRANCA
violencia_domestica,violencia_social,,,38.0,35_44,ITAPEMIRIM,ITAIPAVA,FEMININO,PARDA
violencia_domestica,violencia_social,,,38.0,35_44,SANTA MARIA DE JETIBA,VILA JETIBA,FEMININO,PARDA
violencia_domestica,violencia_social,,,40.0,35_44,COLATINA,SANTA HELENA,FEMININO,INDETERMINADA
violencia_domestica,violencia_social,,,41.0,35_44,CACHOEIRO DE ITAPEMIRIM,MARBRASA,FEMININO,BRANCA
violencia_domestica,violencia_social,,,41.0,35_44,SERRA,BALNEARIO DE CARAPEBUS,FEMININO,NEGRA
violencia_domestica,violencia_social,,,41.0,35_44,IBATIBA,FLORESTA I,FEMININO,BRANCA
violencia_domestica,violencia_social,,,41.0,35_44,CACHOEIRO DE ITAPEMIRIM,MONTE CRISTO,FEMININO,BRANCA
violencia_domestica,violencia_social,,,41.0,35_44,SANTA MARIA DE JETIBA,OUTRO LOCAL,FEMININO,PARDA
violencia_domestica,violencia_social,,,42.0,35_44,PIUMA,PIUMINAS,FEMININO,BRANCA
violencia_domestica,violencia_social,,,42.0,35_44,FUNDAO,ORLY RAMOS,FEMININO,NEGRA
violencia_domestica,violencia_social,,,44.0,35_44,AGUA DOCE DO NORTE,ZONA RURAL,MASCULINO,NEGRA
violencia_domestica,violencia_social,,,44.0,35_44,SAO GABRIEL DA PALHA,BOA VISTA,MASCULINO,PARDA
violencia_domestica,violencia_social,,,45.0,45_54,VILA VELHA,SOTECO,FEMININO,BRANCA
violencia_domestica,violencia_social,,,45.0,45_54,SAO MATEUS,RIO PRETO,FEMININO,BRANCA
violencia_domestica,violencia_social,,,45.0,45_54,LINHARES,POVOACAO,FEMININO,PARDA
violencia_domestica,violencia_social,,,46.0,45_54,SAO GABRIEL DA PALHA,BOA VISTA,FEMININO,BRANCA
violencia_domestica,violencia_social,,,46.0,45_54,CACHOEIRO DE ITAPEMIRIM,ITAOCA,FEMININO,BRANCA
violencia_domestica,violencia_social,,,46.0,45_54,SERRA,PARQUE RESIDENCIAL MESTRE ALVARO,FEMININO,PARDA
violencia_domestica,violencia_social,,,46.0,45_54,LINHARES,NOVA ESPERANCA,FEMININO,BRANCA
violencia_domestica,violencia_social,,,48.0,45_54,PIUMA,JARDIM MAILY,MASCULINO,BRANCA
violencia_domestica,violencia_social,,,49.0,45_54,VILA VELHA,ALVORADA,FEMININO,PARDA
violencia_domestica,violencia_social,,,50.0,45_54,NOVA VENECIA,DIADEMA,FEMININO,BRANCA
violencia_domestica,violencia_social,,,50.0,45_54,SAO MATEUS,GURIRI,FEMININO,INDETERMINADA
violencia_domestica,violencia_social,,,50.0,45_54,SAO MATEUS,GURIRI,FEMININO,PARDA
violencia_domestica,violencia_social,,,51.0,45_54,VITORIA,ITARARE,FEMININO,BRANCA
violencia_domestica,violencia_social,,,52.0,45_54,SERRA,CASTELANDIA,FEMININO,NEGRA
violencia_domestica,violencia_social,,,54.0,45_54,VILA VELHA,ARIBIRI,FEMININO,NEGRA
violencia_domestica,violencia_social,,,57.0,55_64,GUARAPARI,IPIRANGA,FEMININO,PARDA
violencia_domestica,violencia_social,,,58.0,55_64,PRESIDENTE KENNEDY,JIBOIA,FEMININO,BRANCA
violencia_domestica,violencia_social,,,64.0,55_64,ALFREDO CHAVES,PARQUE RESIDENCIAL ALFREDO CHAVES,FEMININO,PARDA
violencia_domestica,violencia_social,,,77.0,65_PLUS,ALFREDO CHAVES,QUARTO TERRITORIO,FEMININO,INDETERMINADA
violencia_domestica,violencia_social,,,,,CARIACICA,CAMPO VERDE,S/I,NEGRA
violencia_domestica,violencia_social,,,,,PIUMA,LAGO AZUL,FEMININO,BRANCA
violencia_domestica,violencia_social,,,,,JAGUARE,ZONA RURAL,S/I,INDETERMINADA
violencia_domestica,violencia_social,,,,,CACHOEIRO DE ITAPEMIRIM,VILAGE DA LUZ,FEMININO,S/I
violencia_domestica,violencia_social,,,,,CACHOEIRO DE ITAPEMIRIM,VILAGE DA LUZ,FEMININO,S/I
violencia_domestica,violencia_social,,,,,CASTELO,VILA BARBOSA,MASCULINO,BRANCA
violencia_domestica,violencia_social,,,16.0,15_17,CACHOEIRO DE ITAPEMIRIM,SAO LUIZ GONZAGA,FEMININO,NEGRA
violencia_domestica,violencia_social,,,17.0,15_17,LINHARES,AVISO,FEMININO,PARDA
violencia_domestica,violencia_social,,,20.0,18_24,BOA ESPERANCA,SANTO ANTONIO DO POUSO ALEGRE,FEMININO,NEGRA
violencia_domestica,violencia_social,,,20.0,18_24,ITAPEMIRIM,ITAIPAVA,FEMININO,INDETERMINADA
violencia_domestica,violencia_social,,,20.0,18_24,PINHEIROS,VILA NOVA,FEMININO,PARDA
violencia_domestica,violencia_social,,,22.0,18_24,VITORIA,ILHA DE SANTA MARIA,FEMININO,PARDA
violencia_domestica,violencia_social,,,22.0,18_24,CARIACICA,MUCURI,FEMININO,PARDA
violencia_domestica,violencia_social,,,22.0,18_24,GUARAPARI,SAO GABRIEL,FEMININO,PARDA
violencia_domestica,violencia_social,,,23.0,18_24,BOM JESUS DO NORTE,LOTEAMENTO SILVANA,FEMININO,PARDA
violencia_domestica,violencia_social,,,23.0,18_24,CACHOEIRO DE ITAPEMIRIM,ITAOCA,FEMININO,BRANCA
violencia_domestica,violencia_social,,,24.0,18_24,SERRA,BALNEARIO DE CARAPEBUS,FEMININO,BRANCA
violencia_domestica,violencia_social,,,24.0,18_24,VILA VELHA,BARRAMARES,FEMININO,PARDA
violencia_domestica,violencia_social,,,24.0,18_24,CARIACICA,SANTO ANDRE,FEMININO,PARDA
violencia_domestica,violencia_social,,,25.0,25_34,VIANA,ARLINDO ANGELO VILLASCHI,FEMININO,PARDA
violencia_domestica,violencia_social,,,25.0,25_34,VILA VELHA,ULISSES GUIMARAES,FEMININO,BRANCA
violencia_domestica,violencia_social,,,27.0,25_34,SANTA MARIA DE JETIBA,ZONA RURAL,FEMININO,PARDA
violencia_domestica,violencia_social,,,27.0,25_34,VITORIA,JESUS DE NAZARETH,FEMININO,PARDA
violencia_domestica,violencia_social,,,28.0,25_34,VILA VELHA,ILHA DAS FLORES,FEMININO,PARDA
violencia_domestica,violencia_social,,,29.0,25_34,CARIACICA,PORTO NOVO,FEMININO,PARDA
violencia_domestica,violencia_social,,,29.0,25_34,ALFREDO CHAVES,IBITIRUI,FEMININO,PARDA
violencia_domestica,violencia_social,,,30.0,25_34,SERRA,BAIRRO DAS LARANJEIRAS,FEMININO,PARDA
violencia_domestica,violencia_social,,,31.0,25_34,ITAGUACU,BARRO PRETO,FEMININO,BRANCA
violencia_domestica,violencia_social,,,31.0,25_34,VITORIA,NOVA PALESTINA,FEMININO,PARDA
violencia_domestica,violencia_social,,,33.0,25_34,SERRA,CARAPINA GRANDE,FEMININO,BRANCA
violencia_domestica,violencia_social,,,33.0,25_34,CARIACICA,TABAJARA,FEMININO,PARDA
violencia_domestica,violencia_social,,,34.0,25_34,CONCEICAO DA BARRA,MARIA MANTEIGA,FEMININO,INDETERMINADA
violencia_domestica,violencia_social,,,34.0,25_34,SAO JOSE DO CALCADO,JOAO MARCELINO DE FREITAS,FEMININO,BRANCA
violencia_domestica,violencia_social,,,34.0,25_34,BOA ESPERANCA,CENTRO,FEMININO,PARDA
violencia_domestica,violencia_social,,,35.0,35_44,AFONSO CLAUDIO,CENTRO,MASCULINO,NEGRA
violencia_domestica,violencia_social,,,35.0,35_44,IUNA,CENTRO,FEMININO,BRANCA
violencia_domestica,violencia_social,,,36.0,35_44,SERRA,BAIRRO DAS LARANJEIRAS,FEMININO,BRANCA
violencia_domestica,violencia_social,,,37.0,35_44,VILA VELHA,SANTOS DUMONT,S/I,INDETERMINADA
violencia_domestica,violencia_social,,,38.0,35_44,CARIACICA,EXPEDITO,FEMININO,BRANCA
violencia_domestica,violencia_social,,,39.0,35_44,SERRA,FEU ROSA,FEMININO,PARDA
violencia_domestica,violencia_social,,,39.0,35_44,ARACRUZ,ZONA RURAL,FEMININO,PARDA
violencia_domestica,violencia_social,,,39.0,35_44,VIANA,CAMPO VERDE,FEMININO,PARDA
violencia_domestica,violencia_social,,,39.0,35_44,ANCHIETA,OUTRO LOCAL,FEMININO,PARDA
violencia_domestica,violencia_social,,,40.0,35_44,VIANA,ARLINDO ANGELO VILLASCHI,FEMININO,PARDA
violencia_domestica,violencia_social,,,41.0,35_44,SERRA,CENTRAL CARAPINA,FEMININO,BRANCA
violencia_domestica,violencia_social,,,41.0,35_44,ECOPORANGA,DIVINO ESPIRITO SANTO,FEMININO,PARDA
violencia_domestica,violencia_social,,,42.0,35_44,MUCURICI,ALTO BONITO,FEMININO,BRANCA
violencia_domestica,violencia_social,,,42.0,35_44,SERRA,CIDADE NOVA DA SERRA,FEMININO,PARDA
violencia_domestica,violencia_social,,,43.0,35_44,IBATIBA,ZONA RURAL,FEMININO,BRANCA
violencia_domestica,violencia_social,,,43.0,35_44,AFONSO CLAUDIO,CENTRO,FEMININO,PARDA
violencia_domestica,violencia_social,,,44.0,35_44,CACHOEIRO DE ITAPEMIRIM,JARDIM ITAPEMIRIM,FEMININO,PARDA
violencia_domestica,violencia_social,,,44.0,35_44,MIMOSO DO SUL,COQUEIRO,FEMININO,BRANCA
violencia_domestica,violencia_social,,,44.0,35_44,SERRA,TAQUARA I,FEMININO,NEGRA
violencia_domestica,violencia_social,,,44.0,35_44,CASTELO,VILA BARBOSA,FEMININO,PARDA
violencia_domestica,violencia_social,,,45.0,45_54,VILA VELHA,SOTECO,FEMININO,BRANCA
violencia_domestica,violencia_social,,,47.0,45_54,GUARAPARI,SAO GABRIEL,FEMININO,NEGRA
violencia_domestica,violencia_social,,,47.0,45_54,CACHOEIRO DE ITAPEMIRIM,OUTRO LOCAL,FEMININO,PARDA
violencia_domestica,violencia_social,,,47.0,45_54,CARIACICA,FLEXAL II,FEMININO,PARDA
violencia_domestica,violencia_social,,,48.0,45_54,VITORIA,REDENCAO,FEMININO,BRANCA
violencia_domestica,violencia_social,,,49.0,45_54,AGUA DOCE DO NORTE,CRISTO REI,FEMININO,PARDA
violencia_domestica,violencia_social,,,51.0,45_54,CARIACICA,MORADA DE SANTA FE,FEMININO,PARDA
violencia_domestica,violencia_social,,,57.0,55_64,VITORIA,ILHA DE SANTA MARIA,FEMININO,PARDA
violencia_domestica,violencia_social,,,59.0,55_64,CARIACICA,RETIRO SAUDOSO,FEMININO,PARDA
violencia_domestica,violencia_social,,,61.0,55_64,LINHARES,REGENCIA,FEMININO,INDETERMINADA
violencia_domestica,violencia_social,,,68.0,65_PLUS,AGUIA BRANCA,ZONA RURAL,FEMININO,PARDA
violencia_domestica,violencia_social,,,,,BAIXO GUANDU,MAUA,FEMININO,BRANCA
violencia_domestica,violencia_social,,,,,BAIXO GUANDU,SAO VICENTE,FEMININO,INDETERMINADA
violencia_domestica,violencia_social,,,2.0,0_14,ALEGRE,ZONA RURAL,MASCULINO,NEGRA
violencia_domestica,violencia_social,,,2.0,0_14,ALEGRE,ZONA RURAL,MASCULINO,NEGRA
violencia_domestica,violencia_social,,,5.0,0_14,ALEGRE,ZONA RURAL,FEMININO,PARDA
violencia_domestica,violencia_social,,,5.0,0_14,ALEGRE,ZONA RURAL,FEMININO,PARDA
violencia_domestica,violencia_social,,,14.0,0_14,COLATINA,BELA VISTA,FEMININO,PARDA
violencia_domestica,violencia_social,,,16.0,15_17,COLATINA,BELA VISTA,MASCULINO,PARDA
violencia_domestica,violencia_social,,,21.0,18_24,LINHARES,AVISO,FEMININO,PARDA
violencia_domestica,violencia_social,,,21.0,18_24,ICONHA,CENTRO,FEMININO,PARDA
violencia_domestica,violencia_social,,,22.0,18_24,VILA VELHA,ARIBIRI,FEMININO,PARDA
violencia_domestica,violencia_social,,,23.0,18_24,MARATAIZES,SANTA TEREZA,FEMININO,BRANCA
violencia_domestica,violencia_social,,,23.0,18_24,VITORIA,PRAIA DO CANTO,FEMININO,BRANCA
violencia_domestica,violencia_social,,,24.0,18_24,CARIACICA,CAMPO GRANDE,FEMININO,PARDA
violencia_domestica,violencia_social,,,24.0,18_24,SERRA,VISTA DA SERRA I,FEMININO,PARDA
violencia_domestica,violencia_social,,,26.0,25_34,SAO JOSE DO CALCADO,AIRITUBA,FEMININO,NEGRA
violencia_domestica,violencia_social,,,26.0,25_34,CARIACICA,SAO GERALDO II,FEMININO,NEGRA
violencia_domestica,violencia_social,,,26.0,25_34,SAO MATEUS,OUTRO LOCAL,FEMININO,NEGRA
violencia_domestica,violencia_social,,,27.0,25_34,SAO MATEUS,OUTRO LOCAL,S/I,NEGRA
violencia_domestica,violencia_social,,,27.0,25_34,GUARAPARI,CONDADOS DE GUARAPARI,FEMININO,BRANCA
violencia_domestica,violencia_social,,,27.0,25_34,VITORIA,SAO PEDRO,FEMININO,NEGRA
violencia_domestica,violencia_social,,,30.0,25_34,JOAO NEIVA,CENTRO,FEMININO,PARDA
violencia_domestica,violencia_social,,,32.0,25_34,LINHARES,JUPARANA,FEMININO,BRANCA
violencia_domestica,violencia_social,,,32.0,25_34,SAO GABRIEL DA PALHA,CACHOEIRA DA ONCA,FEMININO,PARDA
violencia_domestica,violencia_social,,,32.0,25_34,LINHARES,JUPARANA,FEMININO,BRANCA
violencia_domestica,violencia_social,,,32.0,25_34,VILA VELHA,BARRAMARES,FEMININO,PARDA
violencia_domestica,violencia_social,,,32.0,25_34,CACHOEIRO DE ITAPEMIRIM,JARDIM AMERICA,FEMININO,BRANCA
violencia_domestica,violencia_social,,,33.0,25_34,SERRA,PARQUE RESIDENCIAL LARANJEIRAS,FEMININO,PARDA
violencia_domestica,violencia_social,,,34.0,25_34,ALEGRE,ZONA RURAL,FEMININO,NEGRA
violencia_domestica,violencia_social,,,34.0,25_34,ALEGRE,ZONA RURAL,FEMININO,NEGRA
violencia_domestica,violencia_social,,,34.0,25_34,VILA VELHA,ILHA DAS FLORES,FEMININO,BRANCA
violencia_domestica,violencia_social,,,35.0,35_44,AFONSO CLAUDIO,PIRACEMA,FEMININO,NEGRA
violencia_domestica,violencia_social,,,35.0,35_44,GUARAPARI,ZONA RURAL,FEMININO,BRANCA
violencia_domestica,violencia_social,,,36.0,35_44,VILA VELHA,PRAIA DA COSTA,FEMININO,PARDA
violencia_domestica,violencia_social,,,36.0,35_44,VIANA,UNIVERSAL,FEMININO,PARDA
violencia_domestica,violencia_social,,,37.0,35_44,LINHARES,JUPARANA,FEMININO,BRANCA
violencia_domestica,violencia_social,,,37.0,35_44,ITAPEMIRIM,ROSA MEIRELES,FEMININO,BRANCA
violencia_domestica,violencia_social,,,37.0,35_44,SAO DOMINGOS DO NORTE,CAIXA DAGUA,FEMININO,PARDA
violencia_domestica,violencia_social,,,38.0,35_44,SOORETAMA,CENTRO,FEMININO,BRANCA
violencia_domestica,violencia_social,,,39.0,35_44,COLATINA,BELA VISTA,FEMININO,PARDA
violencia_domestica,violencia_social,,,39.0,35_44,CARIACICA,NOVA BRASILIA,FEMININO,PARDA
violencia_domestica,violencia_social,,,40.0,35_44,VITORIA,DA PENHA,FEMININO,PARDA
violencia_domestica,violencia_social,,,45.0,45_54,NOVA VENECIA,BELA VISTA,FEMININO,PARDA
violencia_domestica,violencia_social,,,46.0,45_54,BAIXO GUANDU,SAO VICENTE,FEMININO,INDETERMINADA
violencia_domestica,violencia_social,,,46.0,45_54,SAO MATEUS,SANTA MARIA,FEMININO,INDETERMINADA
violencia_domestica,violencia_social,,,46.0,45_54,ANCHIETA,PONTA DOS CASTELHANOS,FEMININO,PARDA
violencia_domestica,violencia_social,,,49.0,45_54,VIANA,NOVA BETHANIA,FEMININO,NEGRA
violencia_domestica,violencia_social,,,49.0,45_54,VIANA,NOVA BETHANIA,FEMININO,NEGRA
violencia_domestica,violencia_social,,,49.0,45_54,BREJETUBA,ZONA RURAL,FEMININO,PARDA
violencia_domestica,violencia_social,,,50.0,45_54,SANTA MARIA DE JETIBA,CORREGO DO OURO,FEMININO,BRANCA
violencia_domestica,violencia_social,,,51.0,45_54,LINHARES,BNH,FEMININO,PARDA
violencia_domestica,violencia_social,,,53.0,45_54,VENDA NOVA DO IMIGRANTE,MINETE,FEMININO,BRANCA
violencia_domestica,violencia_social,,,53.0,45_54,SAO MATEUS,AROEIRA,FEMININO,PARDA
violencia_domestica,violencia_social,,,54.0,45_54,PIUMA,NITEROI,FEMININO,PARDA
violencia_domestica,violencia_social,,,63.0,55_64,VITORIA,JARDIM CAMBURI,FEMININO,BRANCA
violencia_domestica,violencia_social,,,67.0,65_PLUS,VENDA NOVA DO IMIGRANTE,VILA DA MATA,FEMININO,BRANCA
violencia_domestica,violencia_social,,,77.0,65_PLUS,VIANA,MARCILIO DE NORONHA,FEMININO,PARDA
violencia_domestica,violencia_social,,,81.0,65_PLUS,BOA ESPERANCA,VILA FERNANDES,FEMININO,BRANCA
violencia_domestica,violencia_social,,,7.0,0_14,COLATINA,CENTRO,FEMININO,PARDA
violencia_domestica,violencia_social,,,18.0,18_24,GUARAPARI,COROADO,FEMININO,PARDA
violencia_domestica,violencia_social,,,20.0,18_24,JAGUARE,CENTRO,FEMININO,PARDA
violencia_domestica,violencia_social,,,21.0,18_24,LINHARES,INTERLAGOS,FEMININO,PARDA
violencia_domestica,violencia_social,,,21.0,18_24,SERRA,SERRAMAR,FEMININO,PARDA
violencia_domestica,violencia_social,,,21.0,18_24,CACHOEIRO DE ITAPEMIRIM,BOM PASTOR,FEMININO,PARDA
violencia_domestica,violencia_social,,,22.0,18_24,CACHOEIRO DE ITAPEMIRIM,ITAOCA,FEMININO,BRANCA
violencia_domestica,violencia_social,,,23.0,18_24,CARIACICA,ANTONIO FERREIRA BORGES,FEMININO,NEGRA
violencia_domestica,violencia_social,,,24.0,18_24,CARIACICA,GRAUNA,FEMININO,PARDA
violencia_domestica,violencia_social,,,24.0,18_24,CARIACICA,CAMPINA GRANDE,FEMININO,BRANCA
violencia_domestica,violencia_social,,,24.0,18_24,ARACRUZ,OUTRO LOCAL,FEMININO,BRANCA
violencia_domestica,violencia_social,,,24.0,18_24,VITORIA,JARDIM CAMBURI,FEMININO,PARDA
violencia_domestica,violencia_social,,,24.0,18_24,LINHARES,RIO QUARTEL,FEMININO,PARDA
violencia_domestica,violencia_social,,,25.0,25_34,BARRA DE SAO FRANCISCO,BAIRRO NOVA BARRA,FEMININO,PARDA
violencia_domestica,violencia_social,,,25.0,25_34,VIANA,NOVA BETHANIA,FEMININO,PARDA
violencia_domestica,violencia_social,,,25.0,25_34,BOM JESUS DO NORTE,BELVEDERE,FEMININO,NEGRA
violencia_domestica,violencia_social,,,26.0,25_34,LINHARES,OUTRO LOCAL,FEMININO,BRANCA
violencia_domestica,violencia_social,,,26.0,25_34,VILA VELHA,ARGOLAS,FEMININO,NEGRA
violencia_domestica,violencia_social,,,27.0,25_34,SERRA,BAIRRO DAS LARANJEIRAS,FEMININO,NEGRA
violencia_domestica,violencia_social,,,27.0,25_34,JAGUARE,AGUA LIMPA,FEMININO,PARDA
violencia_domestica,violencia_social,,,28.0,25_34,CACHOEIRO DE ITAPEMIRIM,ZUMBI,MASCULINO,NEGRA
violencia_domestica,violencia_social,,,29.0,25_34,CACHOEIRO DE ITAPEMIRIM,CORAMARA,MASCULINO,BRANCA
violencia_domestica,violencia_social,,,29.0,25_34,CARIACICA,CAMPO VERDE,FEMININO,PARDA
violencia_domestica,violencia_social,,,30.0,25_34,CARIACICA,FLEXAL II,FEMININO,PARDA
violencia_domestica,violencia_social,,,30.0,25_34,CASTELO,NOSSA SENHORA APARECIDA,FEMININO,PARDA
violencia_domestica,violencia_social,,,31.0,25_34,CARIACICA,RIO MARINHO,FEMININO,PARDA
violencia_domestica,violencia_social,,,31.0,25_34,SAO GABRIEL DA PALHA,OUTRO LOCAL,FEMININO,INDETERMINADA
violencia_domestica,violencia_social,,,32.0,25_34,VITORIA,VILA RUBIM,FEMININO,NEGRA
violencia_domestica,violencia_social,,,32.0,25_34,CARIACICA,CASTELO BRANCO,S/I,PARDA
violencia_domestica,violencia_social,,,32.0,25_34,GUARAPARI,BELA VISTA,FEMININO,PARDA
violencia_domestica,violencia_social,,,32.0,25_34,SERRA,JARDIM CARAPINA,MASCULINO,PARDA
violencia_domestica,violencia_social,,,34.0,25_34,CACHOEIRO DE ITAPEMIRIM,ZUMBI,FEMININO,NEGRA
violencia_domestica,violencia_social,,,34.0,25_34,VILA VELHA,ALECRIM,FEMININO,PARDA
violencia_domestica,violencia_social,,,35.0,35_44,CARIACICA,SANTO ANTONIO,FEMININO,PARDA
violencia_domestica,violencia_social,,,36.0,35_44,VILA VELHA,ARGOLAS,FEMININO,PARDA
violencia_domestica,violencia_social,,,38.0,35_44,MARECHAL FLORIANO,SANTA RITA,S/I,PARDA
violencia_domestica,violencia_social,,,38.0,35_44,SAO MATEUS,SERNAMBY,FEMININO,BRANCA
violencia_domestica,violencia_social,,,39.0,35_44,IBATIBA,BOA ESPERANCA,FEMININO,BRANCA
violencia_domestica,violencia_social,,,40.0,35_44,COLATINA,CENTRO,FEMININO,PARDA
violencia_domestica,violencia_social,,,40.0,35_44,BARRA DE SAO FRANCISCO,ZONA RURAL,FEMININO,PARDA
violencia_domestica,violencia_social,,,40.0,35_44,CONCEICAO DA BARRA,VILA DOS PESCADORES,FEMININO,PARDA
violencia_domestica,violencia_social,,,40.0,35_44,CASTELO,NOSSA SENHORA APARECIDA,FEMININO,PARDA
violencia_domestica,violencia_social,,,40.0,35_44,SERRA,VILA NOVA DE COLARES,FEMININO,PARDA
violencia_domestica,violencia_social,,,40.0,35_44,VITORIA,JARDIM CAMBURI,FEMININO,NEGRA
violencia_domestica,violencia_social,,,41.0,35_44,AGUIA BRANCA,ZONA RURAL,FEMININO,NEGRA
violencia_domestica,violencia_social,,,42.0,35_44,VILA VELHA,SOTECO,FEMININO,INDETERMINADA
violencia_domestica,violencia_social,,,42.0,35_44,SAO MATEUS,GURIRI,FEMININO,PARDA
violencia_domestica,violencia_social,,,42.0,35_44,CACHOEIRO DE ITAPEMIRIM,SAO LUCAS,FEMININO,PARDA
violencia_domestica,violencia_social,,,44.0,35_44,COLATINA,SANTO ANTONIO,FEMININO,NEGRA
violencia_domestica,violencia_social,,,44.0,35_44,GUARAPARI,IGUAPE,FEMININO,BRANCA
violencia_domestica,violencia_social,,,44.0,35_44,SERRA,BAIRRO DE FATIMA,FEMININO,PARDA
violencia_domestica,violencia_social,,,46.0,45_54,IBATIBA,SAO JOSE,MASCULINO,PARDA
violencia_domestica,violencia_social,,,47.0,45_54,VITORIA,BARRO VERMELHO,FEMININO,PARDA
violencia_domestica,violencia_social,,,48.0,45_54,CARIACICA,CASTELO BRANCO,FEMININO,PARDA
violencia_domestica,violencia_social,,,50.0,45_54,GUACUI,CENTRO,FEMININO,BRANCA
violencia_domestica,violencia_social,,,52.0,45_54,CARIACICA,VILA MERLO,FEMININO,BRANCA
violencia_domestica,violencia_social,,,53.0,45_54,IBATIBA,CENTRO,FEMININO,BRANCA
violencia_domestica,violencia_social,,,61.0,55_64,CACHOEIRO DE ITAPEMIRIM,MONTE ALEGRE,FEMININO,NEGRA
violencia_domestica,violencia_social,,,77.0,65_PLUS,SERRA,NOVO HORIZONTE,FEMININO,BRANCA
violencia_domestica,violencia_social,,,,,NOVA VENECIA,IOLANDA,FEMININO,PARDA
violencia_domestica,violencia_social,,,4.0,0_14,LINHARES,INTERLAGOS,MASCULINO,PARDA
violencia_domestica,violencia_social,,,18.0,18_24,MANTENOPOLIS,BELA VISTA,FEMININO,PARDA
violencia_domestica,violencia_social,,,20.0,18_24,RIO BANANAL,SAO SEBASTIAO,FEMININO,NEGRA
violencia_domestica,violencia_social,,,21.0,18_24,VITORIA,SAO JOSE,FEMININO,PARDA
violencia_domestica,violencia_social,,,22.0,18_24,VITORIA,JOANA DARC,FEMININO,NEGRA
violencia_domestica,violencia_social,,,22.0,18_24,VITORIA,ITARARE,FEMININO,PARDA
violencia_domestica,violencia_social,,,22.0,18_24,SERRA,CIDADE CONTINENTAL,FEMININO,PARDA
violencia_domestica,violencia_social,,,22.0,18_24,ITAPEMIRIM,CAMPO ACIMA,FEMININO,BRANCA
violencia_domestica,violencia_social,,,25.0,25_34,ITAPEMIRIM,CENTRO,FEMININO,BRANCA
violencia_domestica,violencia_social,,,25.0,25_34,CARIACICA,CAMPINA GRANDE,FEMININO,BRANCA
violencia_domestica,violencia_social,,,26.0,25_34,JOAO NEIVA,CENTRO,FEMININO,PARDA
violencia_domestica,violencia_social,,,27.0,25_34,ARACRUZ,NOVO JEQUITIBA,FEMININO,BRANCA
violencia_domestica,violencia_social,,,27.0,25_34,ARACRUZ,ALDEIA BOA ESPERANCA,FEMININO,INDIGENA
violencia_domestica,violencia_social,,,27.0,25_34,SAO MATEUS,BOA VISTA,S/I,PARDA
violencia_domestica,violencia_social,,,29.0,25_34,LINHARES,INTERLAGOS,FEMININO,NEGRA
violencia_domestica,violencia_social,,,30.0,25_34,BARRA DE SAO FRANCISCO,BAIRRO VILA GONCALVES,FEMININO,PARDA
violencia_domestica,violencia_social,,,32.0,25_34,MARECHAL FLORIANO,SANTA RITA,FEMININO,PARDA
violencia_domestica,violencia_social,,,34.0,25_34,PEDRO CANARIO,CANARINHA,FEMININO,BRANCA
violencia_domestica,violencia_social,,,34.0,25_34,CARIACICA,ITACIBA,FEMININO,PARDA
violencia_domestica,violencia_social,,,35.0,35_44,CARIACICA,ALTO LAGE,FEMININO,BRANCA
violencia_domestica,violencia_social,,,37.0,35_44,PEDRO CANARIO,CANARINHA,MASCULINO,PARDA
violencia_domestica,violencia_social,,,37.0,35_44,NOVA VENECIA,AEROPORTO,FEMININO,PARDA
violencia_domestica,violencia_social,,,38.0,35_44,ITAPEMIRIM,ROSA MEIRELES,FEMININO,PARDA
violencia_domestica,violencia_social,,,39.0,35_44,GUARAPARI,CENTRO,FEMININO,BRANCA
violencia_domestica,violencia_social,,,39.0,35_44,COLATINA,OPERARIO,FEMININO,PARDA
violencia_domestica,violencia_social,,,39.0,35_44,CARIACICA,BELA AURORA,FEMININO,PARDA
violencia_domestica,violencia_social,,,39.0,35_44,SERRA,COSTA DOURADA,FEMININO,PARDA
violencia_domestica,violencia_social,,,40.0,35_44,ARACRUZ,LIMAO,FEMININO,NEGRA
violencia_domestica,violencia_social,,,40.0,35_44,MARATAIZES,CIDADE NOVA,FEMININO,BRANCA
violencia_domestica,violencia_social,,,40.0,35_44,VILA VELHA,SANTOS DUMONT,FEMININO,BRANCA
violencia_domestica,violencia_social,,,40.0,35_44,MARECHAL FLORIANO,SANTA MARIA,FEMININO,BRANCA
violencia_domestica,violencia_social,,,40.0,35_44,SERRA,MORADA DE LARANJEIRAS,FEMININO,BRANCA
violencia_domestica,violencia_social,,,42.0,35_44,SERRA,SANTA LUZIA,FEMININO,BRANCA
violencia_domestica,violencia_social,,,42.0,35_44,SAO MATEUS,GURIRI,FEMININO,PARDA
violencia_domestica,violencia_social,,,42.0,35_44,SAO MATEUS,SAO PEDRO,FEMININO,PARDA
violencia_domestica,violencia_social,,,43.0,35_44,SERRA,PARQUE RESIDENCIAL LARANJEIRAS,FEMININO,PARDA
violencia_domestica,violencia_social,,,45.0,45_54,VIANA,CENTRO,FEMININO,PARDA
violencia_domestica,violencia_social,,,49.0,45_54,BARRA DE SAO FRANCISCO,BAIRRO VILA GONCALVES,FEMININO,PARDA
violencia_domestica,violencia_social,,,52.0,45_54,CARIACICA,VILA MERLO,FEMININO,BRANCA
violencia_domestica,violencia_social,,,52.0,45_54,CASTELO,ARACUI,MASCULINO,BRANCA
violencia_domestica,violencia_social,,,53.0,45_54,JAGUARE,NOVO HORIZONTE,FEMININO,BRANCA
violencia_domestica,violencia_social,,,62.0,55_64,SAO GABRIEL DA PALHA,SAO JOSE,FEMININO,INDETERMINADA
violencia_domestica,violencia_social,,,63.0,55_64,MIMOSO DO SUL,SAO PEDRO DE ITABAPOANA,FEMININO,PARDA
violencia_domestica,violencia_social,,,,,GUARAPARI,KUBITSCHEK,FEMININO,BRANCA
violencia_domestica,violencia_social,,,,,IUNA,QUILOMBO,FEMININO,PARDA
violencia_domestica,violencia_social,,,,,GUACUI,MANOEL ALVES SIQUEIRA,S/I,PARDA
violencia_domestica,violencia_social,,,,,IRUPI,SANTA CRUZ,FEMININO,BRANCA
violencia_domestica,violencia_social,,,18.0,18_24,ITAPEMIRIM,ROSA MEIRELES,FEMININO,BRANCA
violencia_domestica,violencia_social,,,20.0,18_24,VENDA NOVA DO IMIGRANTE,ZONA RURAL,FEMININO,PARDA
violencia_domestica,violencia_social,,,22.0,18_24,ICONHA,CENTRO,FEMININO,BRANCA
violencia_domestica,violencia_social,,,23.0,18_24,PRESIDENTE KENNEDY,CENTRO,FEMININO,BRANCA
violencia_domestica,violencia_social,,,23.0,18_24,CARIACICA,SAO FRANCISCO,FEMININO,PARDA
violencia_domestica,violencia_social,,,24.0,18_24,VILA VELHA,JARDIM MARILANDIA,FEMININO,PARDA
violencia_domestica,violencia_social,,,24.0,18_24,VITORIA,PRAIA DO SUA,FEMININO,PARDA
violencia_domestica,violencia_social,,,25.0,25_34,JERONIMO MONTEIRO,BOA ESPERANCA,FEMININO,NEGRA
violencia_domestica,violencia_social,,,26.0,25_34,SERRA,VILA NOVA DE COLARES,FEMININO,PARDA
violencia_domestica,violencia_social,,,26.0,25_34,VILA VELHA,RIO MARINHO,FEMININO,PARDA
violencia_domestica,violencia_social,,,27.0,25_34,BARRA DE SAO FRANCISCO,BAIRRO IRMAOS FERNANDES,FEMININO,PARDA
violencia_domestica,violencia_social,,,27.0,25_34,AGUIA BRANCA,APARECIDA,FEMININO,PARDA
violencia_domestica,violencia_social,,,29.0,25_34,SERRA,CANTINHO DO CEU,FEMININO,PARDA
violencia_domestica,violencia_social,,,29.0,25_34,COLATINA,QUINZE DE OUTUBRO,FEMININO,NEGRA
violencia_domestica,violencia_social,,,31.0,25_34,IRUPI,CENTRO,FEMININO,PARDA
violencia_domestica,violencia_social,,,31.0,25_34,VILA VELHA,RESIDENCIAL COQUEIRAL,FEMININO,BRANCA
violencia_domestica,violencia_social,,,32.0,25_34,MARECHAL FLORIANO,SANTA RITA,FEMININO,PARDA
violencia_domestica,violencia_social,,,33.0,25_34,VILA VELHA,SOTECO,FEMININO,PARDA
violencia_domestica,violencia_social,,,34.0,25_34,JAGUARE,CENTRO,FEMININO,PARDA
violencia_domestica,violencia_social,,,34.0,25_34,VITORIA,JARDIM CAMBURI,MASCULINO,BRANCA
violencia_domestica,violencia_social,,,35.0,35_44,SERRA,CENTRAL CARAPINA,FEMININO,PARDA
violencia_domestica,violencia_social,,,35.0,35_44,VILA VELHA,ARACAS,FEMININO,PARDA
violencia_domestica,violencia_social,,,36.0,35_44,PIUMA,PRAIA DE ACAIACA,FEMININO,INDETERMINADA
violencia_domestica,violencia_social,,,36.0,35_44,VILA VELHA,CENTRO VILA VELHA,FEMININO,BRANCA
violencia_domestica,violencia_social,,,37.0,35_44,VITORIA,MARUIPE,FEMININO,PARDA
violencia_domestica,violencia_social,,,37.0,35_44,VILA VELHA,JARDIM GUADALAJARA,FEMININO,PARDA
violencia_domestica,violencia_social,,,39.0,35_44,IRUPI,SANTA CRUZ,MASCULINO,PARDA
violencia_domestica,violencia_social,,,41.0,35_44,SAO GABRIEL DA PALHA,BOA VISTA,FEMININO,PARDA
violencia_domestica,violencia_social,,,43.0,35_44,VENDA NOVA DO IMIGRANTE,ZONA RURAL,FEMININO,NEGRA
violencia_domestica,violencia_social,,,43.0,35_44,SERRA,VALPARAISO,FEMININO,PARDA
violencia_domestica,violencia_social,,,43.0,35_44,CARIACICA,BUBU,FEMININO,PARDA
violencia_domestica,violencia_social,,,45.0,45_54,ALEGRE,VILA DO SUL,FEMININO,PARDA
violencia_domestica,violencia_social,,,45.0,45_54,GUARAPARI,SANTA MARGARIDA,S/I,NEGRA
violencia_domestica,violencia_social,,,45.0,45_54,ARACRUZ,ZONA RURAL,FEMININO,NEGRA
violencia_domestica,violencia_social,,,45.0,45_54,SERRA,PARQUE DAS GAIVOTAS,FEMININO,PARDA
violencia_domestica,violencia_social,,,47.0,45_54,CASTELO,INDEPENDENCIA,FEMININO,PARDA
violencia_domestica,violencia_social,,,49.0,45_54,PIUMA,NOVA ESPERANCA,FEMININO,NEGRA
violencia_domestica,violencia_social,,,49.0,45_54,ITARANA,CENTRO,FEMININO,BRANCA
violencia_domestica,violencia_social,,,49.0,45_54,LINHARES,ZONA RURAL,FEMININO,PARDA
violencia_domestica,violencia_social,,,49.0,45_54,SAO MATEUS,AYRTON SENNA,FEMININO,NEGRA
violencia_domestica,violencia_social,,,51.0,45_54,JOAO NEIVA,CARRARETO,FEMININO,BRANCA
violencia_domestica,violencia_social,,,51.0,45_54,LARANJA DA TERRA,CENTRO,FEMININO,PARDA
violencia_domestica,violencia_social,,,52.0,45_54,GUARAPARI,MUQUICABA,FEMININO,BRANCA
violencia_domestica,violencia_social,,,53.0,45_54,ARACRUZ,SAO CAMILO,FEMININO,NEGRA
violencia_domestica,violencia_social,,,55.0,55_64,DOMINGOS MARTINS,VILA DA PAZ,FEMININO,PARDA
violencia_domestica,violencia_social,,,57.0,55_64,LINHARES,SAO JOSE,FEMININO,PARDA
violencia_domestica,violencia_social,,,64.0,55_64,CASTELO,INDEPENDENCIA,FEMININO,BRANCA
violencia_domestica,violencia_social,,,65.0,65_PLUS,ANCHIETA,JUSTICA II,FEMININO,PARDA
violencia_domestica,violencia_social,,,66.0,65_PLUS,ANCHIETA,JUSTICA II,MASCULINO,BRANCA
violencia_domestica,violencia_social,,,68.0,65_PLUS,COLATINA,VILA LENIRA,FEMININO,BRANCA
violencia_domestica,violencia_social,,,74.0,65_PLUS,CARIACICA,PRESIDENTE MEDICE,FEMININO,BRANCA
violencia_domestica,violencia_social,,,74.0,65_PLUS,SAO JOSE DO CALCADO,JOAO MARCELINO DE FREITAS,FEMININO,PARDA
violencia_domestica,violencia_social,,,75.0,65_PLUS,ALEGRE,VILA DO SUL,MASCULINO,NEGRA
violencia_domestica,violencia_social,,,79.0,65_PLUS,VIANA,MARCILIO DE NORONHA,FEMININO,PARDA
violencia_domestica,violencia_social,,,,,PONTO BELO,MORUMBI,S/I,NEGRA
violencia_domestica,violencia_social,,,19.0,18_24,SANTA MARIA DE JETIBA,CARAMURU II,FEMININO,NEGRA
violencia_domestica,violencia_social,,,19.0,18_24,IUNA,PITO,FEMININO,NEGRA
violencia_domestica,violencia_social,,,20.0,18_24,BARRA DE SAO FRANCISCO,BAIRRO IRMAOS FERNANDES,FEMININO,NEGRA
violencia_domestica,violencia_social,,,21.0,18_24,VILA VELHA,JOAO GOULART,FEMININO,PARDA
violencia_domestica,violencia_social,,,22.0,18_24,VILA VELHA,ARIBIRI,FEMININO,PARDA
violencia_domestica,violencia_social,,,22.0,18_24,BARRA DE SAO FRANCISCO,BAIRRO COLINA,FEMININO,PARDA
violencia_domestica,violencia_social,,,22.0,18_24,VIANA,NOVA BETHANIA,FEMININO,NEGRA
violencia_domestica,violencia_social,,,22.0,18_24,VITORIA,ITARARE,FEMININO,PARDA
violencia_domestica,violencia_social,,,22.0,18_24,ARACRUZ,BARRA DO SAHY,FEMININO,NEGRA
violencia_domestica,violencia_social,,,25.0,25_34,CARIACICA,MORADA DE SANTA FE,FEMININO,BRANCA
violencia_domestica,violencia_social,,,25.0,25_34,LINHARES,INTERLAGOS,FEMININO,PARDA
violencia_domestica,violencia_social,,,26.0,25_34,CACHOEIRO DE ITAPEMIRIM,INDEPENDENCIA,FEMININO,PARDA
violencia_domestica,violencia_social,,,26.0,25_34,SAO MATEUS,CENTRO,FEMININO,PARDA
violencia_domestica,violencia_social,,,26.0,25_34,ATILIO VIVACQUA,NITEROI,FEMININO,PARDA
violencia_domestica,violencia_social,,,26.0,25_34,CACHOEIRO DE ITAPEMIRIM,CORAMARA,FEMININO,BRANCA
violencia_domestica,violencia_social,,,26.0,25_34,ANCHIETA,PORTAL DE ANCHIETA,S/I,S/I
violencia_domestica,violencia_social,,,26.0,25_34,MIMOSO DO SUL,VISTA ALEGRE,FEMININO,PARDA
violencia_domestica,violencia_social,,,26.0,25_34,SERRA,CIDADE POMAR,FEMININO,NEGRA
violencia_domestica,violencia_social,,,27.0,25_34,CACHOEIRO DE ITAPEMIRIM,SAO FRANCISCO DE ASSIS,FEMININO,PARDA
violencia_domestica,violencia_social,,,29.0,25_34,VITORIA,MARIO CYPRESTE,FEMININO,PARDA
violencia_domestica,violencia_social,,,30.0,25_34,CARIACICA,PADRE GABRIEL,FEMININO,PARDA
violencia_domestica,violencia_social,,,30.0,25_34,BAIXO GUANDU,SAPUCAIA,FEMININO,PARDA
violencia_domestica,violencia_social,,,30.0,25_34,NOVA VENECIA,SAO CRISTOVAO,FEMININO,PARDA
violencia_domestica,violencia_social,,,32.0,25_34,VILA VELHA,ITAPOA,TRANSEXUAL,PARDA
violencia_domestica,violencia_social,,,33.0,25_34,SERRA,OURIMAR,FEMININO,PARDA
violencia_domestica,violencia_social,,,33.0,25_34,SAO MATEUS,AROEIRA,FEMININO,NEGRA
violencia_domestica,violencia_social,,,33.0,25_34,SERRA,JARDIM TROPICAL,FEMININO,PARDA
violencia_domestica,violencia_social,,,33.0,25_34,LINHARES,INTERLAGOS,FEMININO,NEGRA
violencia_domestica,violencia_social,,,33.0,25_34,CACHOEIRO DE ITAPEMIRIM,CORAMARA,FEMININO,BRANCA
violencia_domestica,violencia_social,,,33.0,25_34,SERRA,NOVA CARAPINA II,FEMININO,BRANCA
violencia_domestica,violencia_social,,,34.0,25_34,BAIXO GUANDU,SAPUCAIA,FEMININO,PARDA
violencia_domestica,violencia_social,,,35.0,35_44,VILA VELHA,OUTRO LOCAL,FEMININO,PARDA
violencia_domestica,violencia_social,,,35.0,35_44,CACHOEIRO DE ITAPEMIRIM,IBITIQUARA,FEMININO,BRANCA
violencia_domestica,violencia_social,,,36.0,35_44,CACHOEIRO DE ITAPEMIRIM,CENTRO,FEMININO,NEGRA
violencia_domestica,violencia_social,,,36.0,35_44,GUARAPARI,SANTA MONICA,FEMININO,PARDA
violencia_domestica,violencia_social,,,38.0,35_44,CARIACICA,PORTO DE SANTANA,FEMININO,BRANCA
violencia_domestica,violencia_social,,,38.0,35_44,CONCEICAO DO CASTELO,INDAIA,FEMININO,INDETERMINADA
violencia_domestica,violencia_social,,,38.0,35_44,GOVERNADOR LINDENBERG,NOVA BRASILIA,FEMININO,PARDA
violencia_domestica,violencia_social,,,39.0,35_44,GUARAPARI,CENTRO,FEMININO,BRANCA
violencia_domestica,violencia_social,,,40.0,35_44,CASTELO,SAO MIGUEL,FEMININO,BRANCA
violencia_domestica,violencia_social,,,41.0,35_44,CACHOEIRO DE ITAPEMIRIM,ZUMBI,FEMININO,BRANCA
violencia_domestica,violencia_social,,,44.0,35_44,GUARAPARI,OLARIA,FEMININO,BRANCA
violencia_domestica,violencia_social,,,46.0,45_54,PINHEIROS,OUTRO LOCAL,FEMININO,PARDA
violencia_domestica,violencia_social,,,46.0,45_54,ARACRUZ,NOVO JEQUITIBA,FEMININO,BRANCA
violencia_domestica,violencia_social,,,48.0,45_54,SERRA,PARQUE RESIDENCIAL LARANJEIRAS,FEMININO,PARDA
violencia_domestica,violencia_social,,,49.0,45_54,VILA VELHA,BARRA DO JUCU,FEMININO,PARDA
violencia_domestica,violencia_social,,,49.0,45_54,COLATINA,PERPETUO SOCORRO,FEMININO,BRANCA
violencia_domestica,violencia_social,,,50.0,45_54,BAIXO GUANDU,SAPUCAIA,FEMININO,NEGRA
violencia_domestica,violencia_social,,,51.0,45_54,MARILANDIA,INDUSTRIAL,FEMININO,BRANCA
violencia_domestica,violencia_social,,,54.0,45_54,MARATAIZES,CENTRO,FEMININO,PARDA
violencia_domestica,violencia_social,,,59.0,55_64,CARIACICA,RETIRO SAUDOSO,FEMININO,PARDA
violencia_domestica,violencia_social,,,61.0,55_64,SAO GABRIEL DA PALHA,SANTA CECILIA,FEMININO,BRANCA
violencia_domestica,violencia_social,,,66.0,65_PLUS,CONCEICAO DA BARRA,CENTRO,FEMININO,BRANCA
violencia_domestica,violencia_social,,,87.0,65_PLUS,AGUA DOCE DO NORTE,VILA NELITA,FEMININO,PARDA
violencia_domestica,violencia_social,,,,,VIANA,MARCILIO DE NORONHA,FEMININO,BRANCA
violencia_domestica,violencia_social,,,,,BOA ESPERANCA,SANTO ANTONIO DO POUSO ALEGRE,FEMININO,S/I
violencia_domestica,violencia_social,,,,,BOA ESPERANCA,SANTO ANTONIO DO POUSO ALEGRE,MASCULINO,S/I
violencia_domestica,violencia_social,,,3.0,0_14,ITAPEMIRIM,CAMPO ACIMA,FEMININO,BRANCA
violencia_domestica,violencia_social,,,17.0,15_17,SAO DOMINGOS DO NORTE,ZONA RURAL,FEMININO,BRANCA
violencia_domestica,violencia_social,,,17.0,15_17,SAO DOMINGOS DO NORTE,BRACO SUL,FEMININO,PARDA
violencia_domestica,violencia_social,,,19.0,18_24,SERRA,PORTO CANOA,FEMININO,NEGRA
violencia_domestica,violencia_social,,,19.0,18_24,CARIACICA,EXPEDITO,FEMININO,PARDA
violencia_domestica,violencia_social,,,19.0,18_24,SERRA,CANTINHO DO CEU,MASCULINO,NEGRA
violencia_domestica,violencia_social,,,19.0,18_24,VITORIA,JARDIM CAMBURI,FEMININO,BRANCA
violencia_domestica,violencia_social,,,19.0,18_24,JAGUARE,CENTRO,FEMININO,NEGRA
violencia_domestica,violencia_social,,,20.0,18_24,JOAO NEIVA,CENTRO,FEMININO,PARDA
violencia_domestica,violencia_social,,,20.0,18_24,VITORIA,SAO JOSE,FEMININO,PARDA
violencia_domestica,violencia_social,,,20.0,18_24,PRESIDENTE KENNEDY,CENTRO,FEMININO,NEGRA
violencia_domestica,violencia_social,,,20.0,18_24,VITORIA,NOVA PALESTINA,FEMININO,PARDA
violencia_domestica,violencia_social,,,21.0,18_24,PIUMA,PORTINHO,FEMININO,PARDA
violencia_domestica,violencia_social,,,21.0,18_24,SERRA,PARQUE JACARAIPE,FEMININO,NEGRA
violencia_domestica,violencia_social,,,21.0,18_24,SERRA,SOLAR DE ANCHIETA,FEMININO,PARDA
violencia_domestica,violencia_social,,,23.0,18_24,ARACRUZ,SAO CAMILO,FEMININO,PARDA
violencia_domestica,violencia_social,,,23.0,18_24,MARATAIZES,OUTRO LOCAL,FEMININO,BRANCA
violencia_domestica,violencia_social,,,24.0,18_24,SOORETAMA,SALVADOR,FEMININO,PARDA
violencia_domestica,violencia_social,,,24.0,18_24,VILA VELHA,PRIMEIRO DE MAIO,FEMININO,PARDA
violencia_domestica,violencia_social,,,24.0,18_24,SOORETAMA,PARQUE SAO JORGE,FEMININO,PARDA
violencia_domestica,violencia_social,,,24.0,18_24,CARIACICA,SANTA CECILIA,FEMININO,BRANCA
violencia_domestica,violencia_social,,,25.0,25_34,VILA VELHA,PRAIA DE ITAPARICA,FEMININO,PARDA
violencia_domestica,violencia_social,,,25.0,25_34,VITORIA,CARATOIRA,FEMININO,AMARELA
violencia_domestica,violencia_social,,,25.0,25_34,VITORIA,TABUAZEIRO,FEMININO,BRANCA
violencia_domestica,violencia_social,,,25.0,25_34,VITORIA,JOANA DARC,FEMININO,NEGRA
violencia_domestica,violencia_social,,,26.0,25_34,VITORIA,CARATOIRA,FEMININO,PARDA
violencia_domestica,violencia_social,,,26.0,25_34,CACHOEIRO DE ITAPEMIRIM,MARBRASA,FEMININO,PARDA
violencia_domestica,violencia_social,,,26.0,25_34,SERRA,VILA NOVA DE COLARES,FEMININO,PARDA
violencia_domestica,violencia_social,,,27.0,25_34,SANTA MARIA DE JETIBA,CENTRO,FEMININO,PARDA
violencia_domestica,violencia_social,,,27.0,25_34,CARIACICA,JARDIM DE ALAH,FEMININO,PARDA
violencia_domestica,violencia_social,,,27.0,25_34,MARECHAL FLORIANO,CENTRO,FEMININO,PARDA
violencia_domestica,violencia_social,,,27.0,25_34,LINHARES,INTERLAGOS,FEMININO,PARDA
violencia_domestica,violencia_social,,,27.0,25_34,VIANA,NOVA BETHANIA,FEMININO,PARDA
violencia_domestica,violencia_social,,,27.0,25_34,SAO GABRIEL DA PALHA,SANTA TEREZINHA,MASCULINO,INDETERMINADA
violencia_domestica,violencia_social,,,27.0,25_34,ITARANA,CENTRO,FEMININO,PARDA
violencia_domestica,violencia_social,,,27.0,25_34,CACHOEIRO DE ITAPEMIRIM,ILHA DA LUZ,FEMININO,BRANCA
violencia_domestica,violencia_social,,,28.0,25_34,COLATINA,VILA AMELIA,MASCULINO,PARDA
violencia_domestica,violencia_social,,,28.0,25_34,COLATINA,PADRE JOSE DE ANCHIETA,FEMININO,BRANCA
violencia_domestica,violencia_social,,,28.0,25_34,BOA ESPERANCA,ZONA RURAL,FEMININO,INDETERMINADA
violencia_domestica,violencia_social,,,29.0,25_34,CASTELO,SANTA BARBARA,FEMININO,BRANCA
violencia_domestica,violencia_social,,,30.0,25_34,SERRA,JARDIM CARAPINA,FEMININO,PARDA
violencia_domestica,violencia_social,,,31.0,25_34,SERRA,SERRA DOURADA I,FEMININO,NEGRA
violencia_domestica,violencia_social,,,31.0,25_34,SAO GABRIEL DA PALHA,SANTA TEREZINHA,FEMININO,PARDA
violencia_domestica,violencia_social,,,31.0,25_34,GUARAPARI,PORTAL CLUB,FEMININO,INDETERMINADA
violencia_domestica,violencia_social,,,32.0,25_34,MONTANHA,OUTRO LOCAL,FEMININO,BRANCA
violencia_domestica,violencia_social,,,33.0,25_34,CACHOEIRO DE ITAPEMIRIM,CORAMARA,FEMININO,BRANCA
violencia_domestica,violencia_social,,,33.0,25_34,MIMOSO DO SUL,SAO JOSE DAS TORRES,FEMININO,BRANCA
violencia_domestica,violencia_social,,,35.0,35_44,MARATAIZES,CIDADE NOVA,FEMININO,BRANCA
violencia_domestica,violencia_social,,,35.0,35_44,AFONSO CLAUDIO,CENTRO,FEMININO,PARDA
violencia_domestica,violencia_social,,,35.0,35_44,ARACRUZ,FATIMA,FEMININO,BRANCA
violencia_domestica,violencia_social,,,36.0,35_44,BOM JESUS DO NORTE,LOTEAMENTO SILVANA,FEMININO,BRANCA
violencia_domestica,violencia_social,,,36.0,35_44,AFONSO CLAUDIO,FAZENDA GUANDU,FEMININO,PARDA
violencia_domestica,violencia_social,,,36.0,35_44,DOMINGOS MARTINS,ZONA RURAL,FEMININO,BRANCA
violencia_domestica,violencia_social,,,37.0,35_44,ARACRUZ,SAO MARCOS,FEMININO,NEGRA
violencia_domestica,violencia_social,,,37.0,35_44,ARACRUZ,VILA DO RIACHO,FEMININO,PARDA
violencia_domestica,violencia_social,,,37.0,35_44,MARATAIZES,BARRA DE ITAPEMIRIM,FEMININO,PARDA
violencia_domestica,violencia_social,,,37.0,35_44,SAO GABRIEL DA PALHA,SAO JOSE,FEMININO,BRANCA
violencia_domestica,violencia_social,,,38.0,35_44,DORES DO RIO PRETO,PEDRA MENINA,FEMININO,PARDA
violencia_domestica,violencia_social,,,38.0,35_44,DORES DO RIO PRETO,PEDRA MENINA,FEMININO,PARDA
violencia_domestica,violencia_social,,,38.0,35_44,PRESIDENTE KENNEDY,CENTRO,FEMININO,NEGRA
violencia_domestica,violencia_social,,,40.0,35_44,LINHARES,FARIAS,FEMININO,NEGRA
violencia_domestica,violencia_social,,,41.0,35_44,ECOPORANGA,DIVINO ESPIRITO SANTO,MASCULINO,PARDA
violencia_domestica,violencia_social,,,41.0,35_44,JERONIMO MONTEIRO,PARADA CRISTAL,FEMININO,PARDA
violencia_domestica,violencia_social,,,41.0,35_44,CACHOEIRO DE ITAPEMIRIM,ZUMBI,FEMININO,BRANCA
violencia_domestica,violencia_social,,,46.0,45_54,CACHOEIRO DE ITAPEMIRIM,ZUMBI,FEMININO,BRANCA
violencia_domestica,violencia_social,,,48.0,45_54,VIANA,UNIVERSAL,FEMININO,BRANCA
violencia_domestica,violencia_social,,,48.0,45_54,VILA VALERIO,VILA NOVA,FEMININO,PARDA
violencia_domestica,violencia_social,,,48.0,45_54,ARACRUZ,SANTA CRUZ,FEMININO,PARDA
violencia_domestica,violencia_social,,,49.0,45_54,VENDA NOVA DO IMIGRANTE,VILA BETANEA,FEMININO,BRANCA
violencia_domestica,violencia_social,,,49.0,45_54,VENDA NOVA DO IMIGRANTE,VILA BETANEA,FEMININO,BRANCA
violencia_domestica,violencia_social,,,49.0,45_54,SAO MATEUS,ZONA RURAL,FEMININO,NEGRA
violencia_domestica,violencia_social,,,50.0,45_54,SANTA TERESA,SANTO ANTONIO DO CANAA,FEMININO,PARDA
violencia_domestica,violencia_social,,,50.0,45_54,VILA VELHA,BARRA DO JUCU,FEMININO,BRANCA
violencia_domestica,violencia_social,,,51.0,45_54,NOVA VENECIA,AEROPORTO,FEMININO,PARDA
violencia_domestica,violencia_social,,,55.0,55_64,JERONIMO MONTEIRO,CENTRO,FEMININO,BRANCA
violencia_domestica,violencia_social,,,56.0,55_64,CACHOEIRO DE ITAPEMIRIM,SAO FRANCISCO DE ASSIS,FEMININO,BRANCA
violencia_domestica,violencia_social,,,57.0,55_64,JERONIMO MONTEIRO,PARADA CRISTAL,MASCULINO,BRANCA
violencia_domestica,violencia_social,,,57.0,55_64,GUARAPARI,PORTAL CLUB,FEMININO,PARDA
violencia_domestica,violencia_social,,,57.0,55_64,CARIACICA,APARECIDA,FEMININO,PARDA
violencia_domestica,violencia_social,,,60.0,55_64,MUQUI,CENTRO,FEMININO,PARDA
violencia_domestica,violencia_social,,,61.0,55_64,ECOPORANGA,DIVINO ESPIRITO SANTO,FEMININO,PARDA
violencia_domestica,violencia_social,,,65.0,65_PLUS,CACHOEIRO DE ITAPEMIRIM,MONTE BELO,FEMININO,BRANCA
violencia_domestica,violencia_social,,,67.0,65_PLUS,SERRA,BAIRRO DAS LARANJEIRAS,FEMININO,NEGRA
violencia_domestica,violencia_social,,,67.0,65_PLUS,GUACUI,BELA VISTA,FEMININO,BRANCA
violencia_domestica,violencia_social,,,71.0,65_PLUS,MARATAIZES,CIDADE NOVA,MASCULINO,BRANCA
violencia_domestica,violencia_social,,,,,CACHOEIRO DE ITAPEMIRIM,CORAMARA,FEMININO,BRANCA
violencia_domestica,violencia_social,,,,,LINHARES,SHELL,S/I,INDETERMINADA
violencia_domestica,violencia_social,,,,,LINHARES,SHELL,S/I,INDETERMINADA
violencia_domestica,violencia_social,,,14.0,0_14,CACHOEIRO DE ITAPEMIRIM,CORREGO DOS MONOS,MASCULINO,PARDA
violencia_domestica,violencia_social,,,17.0,15_17,PIUMA,CENTRO,FEMININO,PARDA
violencia_domestica,violencia_social,,,18.0,18_24,SERRA,NOVA ZELANDIA,FEMININO,NEGRA
violencia_domestica,violencia_social,,,20.0,18_24,CACHOEIRO DE ITAPEMIRIM,NOSSA SENHORA DA PENHA,FEMININO,PARDA
violencia_domestica,violencia_social,,,21.0,18_24,SAO GABRIEL DA PALHA,SANTA HELENA,FEMININO,PARDA
violencia_domestica,violencia_social,,,21.0,18_24,CACHOEIRO DE ITAPEMIRIM,CORREGO DOS MONOS,MASCULINO,BRANCA
violencia_domestica,violencia_social,,,21.0,18_24,RIO BANANAL,SAO SEBASTIAO,FEMININO,BRANCA
violencia_domestica,violencia_social,,,21.0,18_24,CARIACICA,PORTO DE CARIACICA,FEMININO,PARDA
violencia_domestica,violencia_social,,,22.0,18_24,LINHARES,ARACA,FEMININO,PARDA
violencia_domestica,violencia_social,,,22.0,18_24,VILA VELHA,SOTECO,FEMININO,BRANCA
violencia_domestica,violencia_social,,,22.0,18_24,NOVA VENECIA,RUBIA,FEMININO,BRANCA
violencia_domestica,violencia_social,,,23.0,18_24,AFONSO CLAUDIO,FAZENDA GUANDU,FEMININO,PARDA
violencia_domestica,violencia_social,,,23.0,18_24,VILA VELHA,BALNEARIO PONTA DA FRUTA,FEMININO,PARDA
violencia_domestica,violencia_social,,,24.0,18_24,SANTA LEOPOLDINA,OLARIA,FEMININO,PARDA
violencia_domestica,violencia_social,,,24.0,18_24,VILA VELHA,SANTA RITA,FEMININO,PARDA
violencia_domestica,violencia_social,,,25.0,25_34,CARIACICA,BOA SORTE,FEMININO,PARDA
violencia_domestica,violencia_social,,,26.0,25_34,CARIACICA,SANTA LUZIA,FEMININO,PARDA
violencia_domestica,violencia_social,,,26.0,25_34,ARACRUZ,PLANALTO,FEMININO,PARDA
violencia_domestica,violencia_social,,,26.0,25_34,VILA VALERIO,ZONA RURAL,FEMININO,NEGRA
violencia_domestica,violencia_social,,,26.0,25_34,MONTANHA,OUTRO LOCAL,FEMININO,NEGRA
violencia_domestica,violencia_social,,,26.0,25_34,ARACRUZ,OUTRO LOCAL,FEMININO,BRANCA
violencia_domestica,violencia_social,,,27.0,25_34,ARACRUZ,LIMAO,FEMININO,BRANCA
violencia_domestica,violencia_social,,,27.0,25_34,SAO MATEUS,ZONA RURAL,FEMININO,PARDA
violencia_domestica,violencia_social,,,27.0,25_34,VITORIA,BARRO VERMELHO,FEMININO,BRANCA
violencia_domestica,violencia_social,,,28.0,25_34,CARIACICA,MUCURI,FEMININO,PARDA
violencia_domestica,violencia_social,,,28.0,25_34,PEDRO CANARIO,BOA VISTA,FEMININO,NEGRA
violencia_domestica,violencia_social,,,28.0,25_34,CARIACICA,SANTO ANTONIO,FEMININO,PARDA
violencia_domestica,violencia_social,,,29.0,25_34,CACHOEIRO DE ITAPEMIRIM,NOSSA SENHORA DA PENHA,MASCULINO,BRANCA
violencia_domestica,violencia_social,,,29.0,25_34,SERRA,JARDIM LIMOEIRO,FEMININO,NEGRA
violencia_domestica,violencia_social,,,29.0,25_34,VILA VELHA,PAUL,FEMININO,BRANCA
violencia_domestica,violencia_social,,,30.0,25_34,CARIACICA,BUBU,FEMININO,BRANCA
violencia_domestica,violencia_social,,,30.0,25_34,NOVA VENECIA,AEROPORTO,FEMININO,NEGRA
violencia_domestica,violencia_social,,,30.0,25_34,SERRA,PRAIA DE CARAPEBUS,FEMININO,PARDA
violencia_domestica,violencia_social,,,30.0,25_34,FUNDAO,PRAIA GRANDE,FEMININO,PARDA
violencia_domestica,violencia_social,,,30.0,25_34,GUARAPARI,IGUAPE,FEMININO,NEGRA
violencia_domestica,violencia_social,,,30.0,25_34,GUARAPARI,JARDIM BOA VISTA,FEMININO,PARDA
violencia_domestica,violencia_social,,,30.0,25_34,LINHARES,BOA VISTA,FEMININO,PARDA
violencia_domestica,violencia_social,,,30.0,25_34,CARIACICA,OPERARIO,FEMININO,PARDA
violencia_domestica,violencia_social,,,31.0,25_34,GUARAPARI,PALMEIRAS,FEMININO,PARDA
violencia_domestica,violencia_social,,,32.0,25_34,JAGUARE,SAO ROQUE,FEMININO,PARDA
violencia_domestica,violencia_social,,,33.0,25_34,PONTO BELO,MORUMBI,FEMININO,PARDA
violencia_domestica,violencia_social,,,33.0,25_34,VILA VELHA,NOVO MEXICO,FEMININO,NEGRA
violencia_domestica,violencia_social,,,33.0,25_34,DORES DO RIO PRETO,PEDRA MENINA,S/I,PARDA
violencia_domestica,violencia_social,,,33.0,25_34,VITORIA,SANTA HELENA,FEMININO,PARDA
violencia_domestica,violencia_social,,,34.0,25_34,COLATINA,VILA AMELIA,FEMININO,PARDA
violencia_domestica,violencia_social,,,34.0,25_34,LINHARES,BEBEDOURO,FEMININO,PARDA
violencia_domestica,violencia_social,,,34.0,25_34,VITORIA,BELA VISTA,FEMININO,BRANCA
violencia_domestica,violencia_social,,,34.0,25_34,CARIACICA,CASTELO BRANCO,FEMININO,PARDA
violencia_domestica,violencia_social,,,35.0,35_44,GUARAPARI,JABARAI,FEMININO,BRANCA
violencia_domestica,violencia_social,,,35.0,35_44,COLATINA,AEROPORTO,FEMININO,PARDA
violencia_domestica,violencia_social,,,35.0,35_44,GUARAPARI,JABARAI,FEMININO,BRANCA
violencia_domestica,violencia_social,,,35.0,35_44,VENDA NOVA DO IMIGRANTE,SAO PEDRO,FEMININO,BRANCA
violencia_domestica,violencia_social,,,36.0,35_44,SAO JOSE DO CALCADO,CENTRO,FEMININO,NEGRA
violencia_domestica,violencia_social,,,37.0,35_44,CACHOEIRO DE ITAPEMIRIM,NOSSA SENHORA DA PENHA,MASCULINO,BRANCA
violencia_domestica,violencia_social,,,37.0,35_44,SERRA,COLINA DE LARANJEIRAS,FEMININO,BRANCA
violencia_domestica,violencia_social,,,38.0,35_44,PEDRO CANARIO,CENTRO,FEMININO,PARDA
violencia_domestica,violencia_social,,,38.0,35_44,SERRA,NOVO HORIZONTE,FEMININO,PARDA
violencia_domestica,violencia_social,,,39.0,35_44,CACHOEIRO DE ITAPEMIRIM,CORREGO DOS MONOS,FEMININO,PARDA
violencia_domestica,violencia_social,,,39.0,35_44,CARIACICA,PORTO DE CARIACICA,FEMININO,PARDA
violencia_domestica,violencia_social,,,39.0,35_44,VITORIA,JARDIM CAMBURI,FEMININO,INDETERMINADA
violencia_domestica,violencia_social,,,39.0,35_44,SERRA,JARDIM BELA VISTA,FEMININO,PARDA
violencia_domestica,violencia_social,,,40.0,35_44,ARACRUZ,LIMAO,FEMININO,NEGRA
violencia_domestica,violencia_social,,,40.0,35_44,VILA VELHA,IBES,FEMININO,PARDA
violencia_domestica,violencia_social,,,41.0,35_44,COLATINA,COLUMBIA,FEMININO,BRANCA
violencia_domestica,violencia_social,,,41.0,35_44,SERRA,BELVEDERE,FEMININO,PARDA
violencia_domestica,violencia_social,,,42.0,35_44,PIUMA,PORTINHO,FEMININO,NEGRA
violencia_domestica,violencia_social,,,42.0,35_44,PIUMA,PORTINHO,FEMININO,NEGRA
violencia_domestica,violencia_social,,,43.0,35_44,MARECHAL FLORIANO,ZONA RURAL,FEMININO,BRANCA
violencia_domestica,violencia_social,,,44.0,35_44,COLATINA,BELA VISTA,FEMININO,PARDA
violencia_domestica,violencia_social,,,44.0,35_44,MARATAIZES,ACAPULCO,FEMININO,PARDA
violencia_domestica,violencia_social,,,44.0,35_44,ARACRUZ,VILA NOVA,FEMININO,PARDA
violencia_domestica,violencia_social,,,45.0,45_54,CASTELO,NITEROI,FEMININO,NEGRA
violencia_domestica,violencia_social,,,45.0,45_54,ICONHA,ZONA RURAL,FEMININO,PARDA
violencia_domestica,violencia_social,,,46.0,45_54,SERRA,BALNEARIO DE CARAPEBUS,FEMININO,NEGRA
violencia_domestica,violencia_social,,,47.0,45_54,CARIACICA,ITACIBA,FEMININO,NEGRA
violencia_domestica,violencia_social,,,47.0,45_54,CARIACICA,PLANETA,FEMININO,PARDA
violencia_domestica,violencia_social,,,47.0,45_54,GUARAPARI,SANTA MONICA,FEMININO,BRANCA
violencia_domestica,violencia_social,,,48.0,45_54,GUARAPARI,SAO GABRIEL,FEMININO,BRANCA
violencia_domestica,violencia_social,,,48.0,45_54,CARIACICA,JARDIM AMERICA,FEMININO,NEGRA
violencia_domestica,violencia_social,,,49.0,45_54,CONCEICAO DA BARRA,ZONA RURAL,S/I,INDETERMINADA
violencia_domestica,violencia_social,,,50.0,45_54,PRESIDENTE KENNEDY,MAROBA,FEMININO,NEGRA
violencia_domestica,violencia_social,,,51.0,45_54,AFONSO CLAUDIO,JOAO VALIM,FEMININO,PARDA
violencia_domestica,violencia_social,,,51.0,45_54,CARIACICA,SOTELANDIA,FEMININO,BRANCA
violencia_domestica,violencia_social,,,51.0,45_54,COLATINA,RESIDENCIAL NOBRE,FEMININO,NEGRA
violencia_domestica,violencia_social,,,51.0,45_54,VITORIA,SANTA HELENA,FEMININO,BRANCA
violencia_domestica,violencia_social,,,51.0,45_54,SERRA,CARAPINA GRANDE,FEMININO,PARDA
violencia_domestica,violencia_social,,,52.0,45_54,CARIACICA,SANTA LUZIA,FEMININO,PARDA
violencia_domestica,violencia_social,,,53.0,45_54,VITORIA,MARIA ORTIZ,FEMININO,NEGRA
violencia_domestica,violencia_social,,,53.0,45_54,MUQUI,ALIANCA,FEMININO,BRANCA
violencia_domestica,violencia_social,,,55.0,55_64,SERRA,BALNEARIO DE CARAPEBUS,FEMININO,NEGRA
violencia_domestica,violencia_social,,,55.0,55_64,CACHOEIRO DE ITAPEMIRIM,CONDURU,FEMININO,BRANCA
violencia_domestica,violencia_social,,,56.0,55_64,VILA VELHA,PRAIA DA COSTA,S/I,PARDA
violencia_domestica,violencia_social,,,60.0,55_64,LINHARES,NOVA ESPERANCA,FEMININO,PARDA
violencia_domestica,violencia_social,,,60.0,55_64,SERRA,PARQUE DAS GAIVOTAS,FEMININO,NEGRA
violencia_domestica,violencia_social,,,60.0,55_64,ITAPEMIRIM,ROSA MEIRELES,FEMININO,BRANCA
violencia_domestica,violencia_social,,,62.0,55_64,BAIXO GUANDU,SAO JOSE,FEMININO,NEGRA
violencia_domestica,violencia_social,,,62.0,55_64,CASTELO,SAO MIGUEL,FEMININO,BRANCA
violencia_domestica,violencia_social,,,62.0,55_64,VILA VELHA,BARRAMARES,FEMININO,PARDA
violencia_domestica,violencia_social,,,64.0,55_64,VITORIA,MATA DA PRAIA,FEMININO,BRANCA
violencia_domestica,violencia_social,,,65.0,65_PLUS,CASTELO,SAO MIGUEL,S/I,BRANCA
violencia_domestica,violencia_social,,,66.0,65_PLUS,COLATINA,HONORIO FRAGA,FEMININO,BRANCA
violencia_domestica,violencia_social,,,70.0,65_PLUS,AFONSO CLAUDIO,FAZENDA GUANDU,FEMININO,NEGRA
violencia_domestica,violencia_social,,,70.0,65_PLUS,VITORIA,JARDIM CAMBURI,FEMININO,INDETERMINADA
violencia_domestica,violencia_social,,,,,CACHOEIRO DE ITAPEMIRIM,BAIMINAS,FEMININO,INDETERMINADA
violencia_domestica,violencia_social,,,,,VILA VELHA,GLORIA,FEMININO,BRANCA
violencia_domestica,violencia_social,,,18.0,18_24,COLATINA,VILA AMELIA,FEMININO,BRANCA
violencia_domestica,violencia_social,,,19.0,18_24,SANTA TERESA,VILA NOVA,FEMININO,PARDA
violencia_domestica,violencia_social,,,19.0,18_24,VILA VELHA,VILA BATISTA,FEMININO,BRANCA
violencia_domestica,violencia_social,,,20.0,18_24,SAO JOSE DO CALCADO,CENTRO,FEMININO,PARDA
violencia_domestica,violencia_social,,,21.0,18_24,VILA VELHA,SANTA PAULA II,FEMININO,PARDA
violencia_domestica,violencia_social,,,22.0,18_24,VITORIA,SAO PEDRO,FEMININO,PARDA
violencia_domestica,violencia_social,,,22.0,18_24,VITORIA,RESISTENCIA,FEMININO,PARDA
violencia_domestica,violencia_social,,,25.0,25_34,SANTA TERESA,SAO JOAO DE PETROPOLIS,FEMININO,PARDA
violencia_domestica,violencia_social,,,25.0,25_34,CARIACICA,NOVO HORIZONTE,FEMININO,PARDA
violencia_domestica,violencia_social,,,26.0,25_34,NOVA VENECIA,OUTRO LOCAL,FEMININO,PARDA
violencia_domestica,violencia_social,,,26.0,25_34,LINHARES,AVISO,FEMININO,BRANCA
violencia_domestica,violencia_social,,,27.0,25_34,CARIACICA,NOVA BRASILIA,FEMININO,BRANCA
violencia_domestica,violencia_social,,,27.0,25_34,COLATINA,SANTOS DUMONT,FEMININO,BRANCA
violencia_domestica,violencia_social,,,28.0,25_34,VILA VELHA,JARDIM COLORADO,FEMININO,BRANCA
violencia_domestica,violencia_social,,,28.0,25_34,VILA VELHA,PRAIA DA COSTA,FEMININO,BRANCA
violencia_domestica,violencia_social,,,29.0,25_34,CARIACICA,NOVO HORIZONTE,FEMININO,BRANCA
violencia_domestica,violencia_social,,,30.0,25_34,SERRA,VISTA DA SERRA I,FEMININO,PARDA
violencia_domestica,violencia_social,,,31.0,25_34,COLATINA,COLUMBIA,FEMININO,NEGRA
violencia_domestica,violencia_social,,,31.0,25_34,SERRA,LAGOA DE JACARAIPE,FEMININO,PARDA
violencia_domestica,violencia_social,,,31.0,25_34,VILA VELHA,CAVALIERE,FEMININO,PARDA
violencia_domestica,violencia_social,,,31.0,25_34,VILA VELHA,CAVALIERE,FEMININO,PARDA
violencia_domestica,violencia_social,,,31.0,25_34,SERRA,NOVA CARAPINA I,FEMININO,BRANCA
violencia_domestica,violencia_social,,,32.0,25_34,LINHARES,REGENCIA,FEMININO,INDETERMINADA
violencia_domestica,violencia_social,,,33.0,25_34,DORES DO RIO PRETO,PEDRA MENINA,FEMININO,PARDA
violencia_domestica,violencia_social,,,35.0,35_44,SAO MATEUS,RESIDENCIAL PARQUE WASHIGTON,FEMININO,NEGRA
violencia_domestica,violencia_social,,,35.0,35_44,VILA VELHA,ILHA DAS FLORES,FEMININO,BRANCA
violencia_domestica,violencia_social,,,36.0,35_44,CACHOEIRO DE ITAPEMIRIM,NOVA BRASILIA,FEMININO,PARDA
violencia_domestica,violencia_social,,,36.0,35_44,SERRA,SERRA CENTRO,FEMININO,NEGRA
violencia_domestica,violencia_social,,,37.0,35_44,ALEGRE,ANUTIBA,FEMININO,PARDA
violencia_domestica,violencia_social,,,37.0,35_44,IBATIBA,CENTRO,FEMININO,BRANCA
violencia_domestica,violencia_social,,,38.0,35_44,MARECHAL FLORIANO,CENTRO,FEMININO,PARDA
violencia_domestica,violencia_social,,,38.0,35_44,IUNA,QUILOMBO,FEMININO,BRANCA
violencia_domestica,violencia_social,,,39.0,35_44,GUARAPARI,PRAIA DO MORRO,FEMININO,PARDA
violencia_domestica,violencia_social,,,39.0,35_44,SANTA LEOPOLDINA,PEDRA BRANCA,S/I,S/I
violencia_domestica,violencia_social,,,39.0,35_44,SERRA,CIDADE POMAR,FEMININO,NEGRA
violencia_domestica,violencia_social,,,40.0,35_44,VITORIA,JARDIM DA PENHA,FEMININO,BRANCA
violencia_domestica,violencia_social,,,40.0,35_44,COLATINA,VILA NOVA,S/I,PARDA
violencia_domestica,violencia_social,,,41.0,35_44,SERRA,BOA VISTA II,FEMININO,NEGRA
violencia_domestica,violencia_social,,,42.0,35_44,SERRA,SERRA DOURADA I,FEMININO,BRANCA
violencia_domestica,violencia_social,,,42.0,35_44,VITORIA,ANDORINHAS,FEMININO,PARDA
violencia_domestica,violencia_social,,,42.0,35_44,VITORIA,CENTRO,FEMININO,BRANCA
violencia_domestica,violencia_social,,,42.0,35_44,SERRA,PARQUE RESIDENCIAL LARANJEIRAS,FEMININO,PARDA
violencia_domestica,violencia_social,,,43.0,35_44,VILA VELHA,ARIBIRI,FEMININO,PARDA
violencia_domestica,violencia_social,,,43.0,35_44,BARRA DE SAO FRANCISCO,BAIRRO VILA LUCIENE,FEMININO,BRANCA
violencia_domestica,violencia_social,,,43.0,35_44,VILA VELHA,SOTECO,FEMININO,NEGRA
violencia_domestica,violencia_social,,,43.0,35_44,VILA VELHA,SOTECO,FEMININO,NEGRA
violencia_domestica,violencia_social,,,45.0,45_54,PANCAS,CENTRO,FEMININO,PARDA
violencia_domestica,violencia_social,,,51.0,45_54,VITORIA,FORTE SAO JOAO,FEMININO,PARDA
violencia_domestica,violencia_social,,,51.0,45_54,VITORIA,JARDIM DA PENHA,FEMININO,PARDA
violencia_domestica,violencia_social,,,51.0,45_54,CARIACICA,CASTELO BRANCO,FEMININO,BRANCA
violencia_domestica,violencia_social,,,51.0,45_54,VENDA NOVA DO IMIGRANTE,CENTRO,MASCULINO,PARDA
violencia_domestica,violencia_social,,,53.0,45_54,SERRA,ROSARIO DE FATIMA,FEMININO,PARDA
violencia_domestica,violencia_social,,,54.0,45_54,CARIACICA,JARDIM CAMPO GRANDE,FEMININO,PARDA
violencia_domestica,violencia_social,,,55.0,55_64,VILA VELHA,GLORIA,FEMININO,PARDA
violencia_domestica,violencia_social,,,56.0,55_64,IBATIBA,CENTRO,FEMININO,BRANCA
violencia_domestica,violencia_social,,,60.0,55_64,CACHOEIRO DE ITAPEMIRIM,NOVA BRASILIA,FEMININO,PARDA
violencia_domestica,violencia_social,,,60.0,55_64,LINHARES,CANIVETE,FEMININO,PARDA
violencia_domestica,violencia_social,,,62.0,55_64,SERRA,SERRA DOURADA II,FEMININO,PARDA
violencia_domestica,violencia_social,,,65.0,65_PLUS,VILA VELHA,SOTECO,S/I,PARDA
violencia_domestica,violencia_social,,,66.0,65_PLUS,JOAO NEIVA,OUTRO LOCAL,FEMININO,BRANCA
violencia_domestica,violencia_social,,,68.0,65_PLUS,VENDA NOVA DO IMIGRANTE,CENTRO,FEMININO,BRANCA
violencia_domestica,violencia_social,,,70.0,65_PLUS,ITAPEMIRIM,CAMPO ACIMA,FEMININO,BRANCA
violencia_domestica,violencia_social,,,71.0,65_PLUS,NOVA VENECIA,OUTRO LOCAL,S/I,PARDA
violencia_domestica,violencia_social,,,73.0,65_PLUS,CACHOEIRO DE ITAPEMIRIM,ZUMBI,FEMININO,BRANCA
violencia_domestica,violencia_social,,,,,CARIACICA,SANTANA,FEMININO,PARDA
violencia_domestica,violencia_social,,,,,VILA VALERIO,SAUDE,FEMININO,NEGRA
violencia_domestica,violencia_social,,,6.0,0_14,CARIACICA,VILA CAPIXABA,FEMININO,BRANCA
violencia_domestica,violencia_social,,,9.0,0_14,SERRA,NOVA CARAPINA II,MASCULINO,NEGRA
violencia_domestica,violencia_social,,,12.0,0_14,SERRA,PORTAL DE JACARAIPE,FEMININO,PARDA
violencia_domestica,violencia_social,,,16.0,15_17,SERRA,PORTAL DE JACARAIPE,FEMININO,PARDA
violencia_domestica,violencia_social,,,16.0,15_17,COLATINA,LUIZ IGLESIAS,FEMININO,PARDA
violencia_domestica,violencia_social,,,17.0,15_17,LINHARES,ZONA RURAL,FEMININO,NEGRA
violencia_domestica,violencia_social,,,18.0,18_24,VARGEM ALTA,PROSPERIDADE,FEMININO,NEGRA
violencia_domestica,violencia_social,,,18.0,18_24,CARIACICA,VILA CAPIXABA,FEMININO,PARDA
violencia_domestica,violencia_social,,,18.0,18_24,VITORIA,INHANGUETA,FEMININO,NEGRA
violencia_domestica,violencia_social,,,19.0,18_24,COLATINA,SAO MARCOS,FEMININO,PARDA
violencia_domestica,violencia_social,,,19.0,18_24,COLATINA,HONORIO FRAGA,FEMININO,PARDA
violencia_domestica,violencia_social,,,20.0,18_24,SANTA TERESA,SANTA LUCIA,FEMININO,BRANCA
violencia_domestica,violencia_social,,,20.0,18_24,SERRA,BARCELONA,FEMININO,PARDA
violencia_domestica,violencia_social,,,20.0,18_24,SERRA,NOVO HORIZONTE,FEMININO,NEGRA
violencia_domestica,violencia_social,,,21.0,18_24,COLATINA,MARIA DAS GRACAS,FEMININO,INDETERMINADA
violencia_domestica,violencia_social,,,22.0,18_24,NOVA VENECIA,ALTOE,FEMININO,PARDA
violencia_domestica,violencia_social,,,23.0,18_24,VITORIA,JARDIM CAMBURI,FEMININO,NEGRA
violencia_domestica,violencia_social,,,23.0,18_24,VIANA,VILA NOVA,FEMININO,PARDA
violencia_domestica,violencia_social,,,23.0,18_24,VILA VELHA,VALE ENCANTADO,FEMININO,BRANCA
violencia_domestica,violencia_social,,,23.0,18_24,CARIACICA,SAO CONRADO,FEMININO,PARDA
violencia_domestica,violencia_social,,,25.0,25_34,JAGUARE,NOVO TEMPO,FEMININO,PARDA
violencia_domestica,violencia_social,,,25.0,25_34,SERRA,COSTA DOURADA,FEMININO,PARDA
violencia_domestica,violencia_social,,,26.0,25_34,COLATINA,MARIA DAS GRACAS,FEMININO,PARDA
violencia_domestica,violencia_social,,,27.0,25_34,SANTA TERESA,PEDRA ALEGRE,FEMININO,PARDA
violencia_domestica,violencia_social,,,27.0,25_34,BOA ESPERANCA,BOA MIRA,FEMININO,PARDA
violencia_domestica,violencia_social,,,27.0,25_34,COLATINA,COLATINA VELHA,FEMININO,NEGRA
violencia_domestica,violencia_social,,,27.0,25_34,CACHOEIRO DE ITAPEMIRIM,CORREGO DO BRAS,FEMININO,BRANCA
violencia_domestica,violencia_social,,,28.0,25_34,SAO JOSE DO CALCADO,DIVINEIA,FEMININO,BRANCA
violencia_domestica,violencia_social,,,28.0,25_34,ARACRUZ,BELA VISTA,FEMININO,INDETERMINADA
violencia_domestica,violencia_social,,,28.0,25_34,DIVINO DE SAO LOURENCO,PENHA,FEMININO,PARDA
violencia_domestica,violencia_social,,,28.0,25_34,COLATINA,VILA AMELIA,FEMININO,PARDA
violencia_domestica,violencia_social,,,28.0,25_34,RIO BANANAL,SANTO ANTONIO,FEMININO,PARDA
violencia_domestica,violencia_social,,,28.0,25_34,CONCEICAO DA BARRA,FLORESTA,FEMININO,BRANCA
violencia_domestica,violencia_social,,,28.0,25_34,CARIACICA,SANTANA,FEMININO,BRANCA
violencia_domestica,violencia_social,,,28.0,25_34,VILA VELHA,DIVINO ESPIRITO SANTO,FEMININO,PARDA
violencia_domestica,violencia_social,,,28.0,25_34,SERRA,FEU ROSA,FEMININO,PARDA
violencia_domestica,violencia_social,,,29.0,25_34,PINHEIROS,JARDIM PLANALTO,FEMININO,PARDA
violencia_domestica,violencia_social,,,29.0,25_34,SERRA,CARAPINA GRANDE,FEMININO,PARDA
violencia_domestica,violencia_social,,,29.0,25_34,CARIACICA,NOVA ESPERANCA,FEMININO,INDETERMINADA
violencia_domestica,violencia_social,,,30.0,25_34,VITORIA,JABOUR,FEMININO,NEGRA
violencia_domestica,violencia_social,,,30.0,25_34,BAIXO GUANDU,ALTO MUTUM PRETO,FEMININO,INDETERMINADA
violencia_domestica,violencia_social,,,30.0,25_34,VITORIA,TABUAZEIRO,FEMININO,PARDA
violencia_domestica,violencia_social,,,31.0,25_34,SERRA,NOVA CARAPINA II,FEMININO,PARDA
violencia_domestica,violencia_social,,,31.0,25_34,SAO MATEUS,AVIACAO,FEMININO,PARDA
violencia_domestica,violencia_social,,,31.0,25_34,SERRA,JARDIM TROPICAL,FEMININO,PARDA
violencia_domestica,violencia_social,,,31.0,25_34,COLATINA,VICENTE SOELA,FEMININO,BRANCA
violencia_domestica,violencia_social,,,33.0,25_34,CACHOEIRO DE ITAPEMIRIM,INDEPENDENCIA,FEMININO,BRANCA
violencia_domestica,violencia_social,,,33.0,25_34,JAGUARE,CENTRO,FEMININO,PARDA
violencia_domestica,violencia_social,,,33.0,25_34,SAO MATEUS,SANTA MARIA,FEMININO,PARDA
violencia_domestica,violencia_social,,,34.0,25_34,ALEGRE,CLERIO MOULIM,FEMININO,PARDA
violencia_domestica,violencia_social,,,34.0,25_34,SERRA,SAO JUDAS TADEU,FEMININO,NEGRA
violencia_domestica,violencia_social,,,34.0,25_34,VILA VELHA,ILHA DOS AYRES,FEMININO,PARDA
violencia_domestica,violencia_social,,,35.0,35_44,VITORIA,JARDIM DA PENHA,FEMININO,BRANCA
violencia_domestica,violencia_social,,,36.0,35_44,SERRA,CONTINENTAL,FEMININO,PARDA
violencia_domestica,violencia_social,,,36.0,35_44,SERRA,CONTINENTAL,FEMININO,PARDA
violencia_domestica,violencia_social,,,36.0,35_44,SERRA,ROSARIO DE FATIMA,FEMININO,PARDA
violencia_domestica,violencia_social,,,38.0,35_44,SAO GABRIEL DA PALHA,SAO SEBASTIAO,FEMININO,PARDA
violencia_domestica,violencia_social,,,38.0,35_44,MANTENOPOLIS,IPIRANGA,MASCULINO,BRANCA
violencia_domestica,violencia_social,,,39.0,35_44,VIANA,CENTRO,FEMININO,PARDA
violencia_domestica,violencia_social,,,39.0,35_44,RIO BANANAL,CORREGO PRIMAVERA,FEMININO,PARDA
violencia_domestica,violencia_social,,,40.0,35_44,MUQUI,ZONA RURAL,FEMININO,BRANCA
violencia_domestica,violencia_social,,,40.0,35_44,VILA VELHA,SANTA PAULA II,FEMININO,BRANCA
violencia_domestica,violencia_social,,,41.0,35_44,VITORIA,TABUAZEIRO,MASCULINO,PARDA
violencia_domestica,violencia_social,,,41.0,35_44,VILA VELHA,ITAPOA,FEMININO,PARDA
violencia_domestica,violencia_social,,,41.0,35_44,VILA VELHA,VALE ENCANTADO,FEMININO,BRANCA
violencia_domestica,violencia_social,,,42.0,35_44,SANTA TERESA,SANTA LUCIA,FEMININO,BRANCA
violencia_domestica,violencia_social,,,42.0,35_44,VILA VELHA,COBI DE CIMA,FEMININO,PARDA
violencia_domestica,violencia_social,,,43.0,35_44,MARATAIZES,BELO HORIZONTE,FEMININO,BRANCA
violencia_domestica,violencia_social,,,44.0,35_44,SAO MATEUS,SEAC,FEMININO,PARDA
violencia_domestica,violencia_social,,,44.0,35_44,CARIACICA,GRAUNA,FEMININO,PARDA
violencia_domestica,violencia_social,,,44.0,35_44,CARIACICA,GRAUNA,FEMININO,PARDA
violencia_domestica,violencia_social,,,44.0,35_44,SERRA,PORTAL DE JACARAIPE,FEMININO,NEGRA
violencia_domestica,violencia_social,,,46.0,45_54,GUARAPARI,SANTA MONICA,FEMININO,PARDA
violencia_domestica,violencia_social,,,47.0,45_54,SERRA,FEU ROSA,FEMININO,NEGRA
violencia_domestica,violencia_social,,,47.0,45_54,ITAPEMIRIM,PIABANHA DO NORTE,S/I,NEGRA
violencia_domestica,violencia_social,,,48.0,45_54,NOVA VENECIA,BONFIM,FEMININO,PARDA
violencia_domestica,violencia_social,,,48.0,45_54,CARIACICA,VILA CAPIXABA,FEMININO,BRANCA
violencia_domestica,violencia_social,,,48.0,45_54,VITORIA,SANTO ANTONIO,FEMININO,PARDA
violencia_domestica,violencia_social,,,50.0,45_54,ITAPEMIRIM,JOACIMA,FEMININO,PARDA
violencia_domestica,violencia_social,,,50.0,45_54,SANTA TERESA,ALTO VARZEA ALEGRE,MASCULINO,PARDA
violencia_domestica,violencia_social,,,51.0,45_54,COLATINA,VILA LENIRA,FEMININO,NEGRA
violencia_domestica,violencia_social,,,53.0,45_54,CACHOEIRO DE ITAPEMIRIM,ALTO UNIAO,FEMININO,PARDA
violencia_domestica,violencia_social,,,54.0,45_54,ARACRUZ,BARRA DO RIACHO,FEMININO,PARDA
violencia_domestica,violencia_social,,,55.0,55_64,VITORIA,SANTO ANTONIO,FEMININO,PARDA
violencia_domestica,violencia_social,,,55.0,55_64,PRESIDENTE KENNEDY,ZONA RURAL,FEMININO,NEGRA
violencia_domestica,violencia_social,,,59.0,55_64,CACHOEIRO DE ITAPEMIRIM,ALTO UNIAO,FEMININO,NEGRA
violencia_domestica,violencia_social,,,61.0,55_64,VILA VELHA,BRISAMAR,FEMININO,BRANCA
violencia_domestica,violencia_social,,,,,LINHARES,RIO QUARTEL,S/I,INDETERMINADA
violencia_domestica,violencia_social,,,2.0,0_14,VILA VELHA,BARRAMARES,MASCULINO,NEGRA
violencia_domestica,violencia_social,,,14.0,0_14,GUARAPARI,SANTA ROSA,FEMININO,PARDA
violencia_domestica,violencia_social,,,15.0,15_17,LARANJA DA TERRA,ZONA RURAL,FEMININO,BRANCA
violencia_domestica,violencia_social,,,15.0,15_17,SERRA,BALNEARIO DE CARAPEBUS,FEMININO,PARDA
violencia_domestica,violencia_social,,,20.0,18_24,VENDA NOVA DO IMIGRANTE,VARGEM GRANDE,MASCULINO,BRANCA
violencia_domestica,violencia_social,,,20.0,18_24,VITORIA,CARATOIRA,FEMININO,BRANCA
violencia_domestica,violencia_social,,,21.0,18_24,VILA VELHA,SANTA INES,FEMININO,PARDA
violencia_domestica,violencia_social,,,22.0,18_24,VITORIA,SAO PEDRO,FEMININO,PARDA
violencia_domestica,violencia_social,,,22.0,18_24,VILA VELHA,MORRO DA LAGOA,FEMININO,BRANCA
violencia_domestica,violencia_social,,,23.0,18_24,VILA VELHA,BARRAMARES,FEMININO,NEGRA
violencia_domestica,violencia_social,,,23.0,18_24,VIANA,NOVA BETHANIA,FEMININO,NEGRA
violencia_domestica,violencia_social,,,24.0,18_24,MARATAIZES,CENTRO,FEMININO,PARDA
violencia_domestica,violencia_social,,,25.0,25_34,SERRA,JARDIM CARAPINA,FEMININO,PARDA
violencia_domestica,violencia_social,,,25.0,25_34,SAO MATEUS,GURIRI,FEMININO,NEGRA
violencia_domestica,violencia_social,,,25.0,25_34,VITORIA,CONQUISTA,FEMININO,PARDA
violencia_domestica,violencia_social,,,27.0,25_34,VITORIA,DA PENHA,FEMININO,NEGRA
violencia_domestica,violencia_social,,,27.0,25_34,BARRA DE SAO FRANCISCO,BAIRRO IRMAOS FERNANDES,FEMININO,PARDA
violencia_domestica,violencia_social,,,27.0,25_34,BARRA DE SAO FRANCISCO,BAIRRO IRMAOS FERNANDES,FEMININO,PARDA
violencia_domestica,violencia_social,,,27.0,25_34,SERRA,JARDIM LIMOEIRO,FEMININO,BRANCA
violencia_domestica,violencia_social,,,28.0,25_34,VILA VELHA,ALVORADA,FEMININO,NEGRA
violencia_domestica,violencia_social,,,28.0,25_34,BARRA DE SAO FRANCISCO,BAIRRO VILA LUCIENE,FEMININO,PARDA
violencia_domestica,violencia_social,,,29.0,25_34,COLATINA,SAO MIGUEL,FEMININO,NEGRA
violencia_domestica,violencia_social,,,29.0,25_34,AFONSO CLAUDIO,SAO VICENTE,FEMININO,PARDA
violencia_domestica,violencia_social,,,30.0,25_34,CARIACICA,APARECIDA,MASCULINO,NEGRA
violencia_domestica,violencia_social,,,30.0,25_34,SERRA,BOA VISTA II,FEMININO,PARDA
violencia_domestica,violencia_social,,,30.0,25_34,NOVA VENECIA,NOSSA SENHORA DE FATIMA,FEMININO,PARDA
violencia_domestica,violencia_social,,,31.0,25_34,VILA VELHA,SANTA INES,FEMININO,PARDA
violencia_domestica,violencia_social,,,32.0,25_34,ARACRUZ,SAO MARCOS,FEMININO,PARDA
violencia_domestica,violencia_social,,,32.0,25_34,ALFREDO CHAVES,MACRINA,FEMININO,PARDA
violencia_domestica,violencia_social,,,32.0,25_34,CACHOEIRO DE ITAPEMIRIM,NOVO PARQUE,FEMININO,NEGRA
violencia_domestica,violencia_social,,,33.0,25_34,SERRA,SAO DIOGO II,FEMININO,PARDA
violencia_domestica,violencia_social,,,34.0,25_34,LARANJA DA TERRA,ZONA RURAL,FEMININO,INDETERMINADA
violencia_domestica,violencia_social,,,35.0,35_44,VIANA,PRIMAVERA,FEMININO,BRANCA
violencia_domestica,violencia_social,,,35.0,35_44,VENDA NOVA DO IMIGRANTE,VARGEM GRANDE,FEMININO,PARDA
violencia_domestica,violencia_social,,,36.0,35_44,SERRA,COLINA DE LARANJEIRAS,FEMININO,BRANCA
violencia_domestica,violencia_social,,,37.0,35_44,GUARAPARI,SANTA ROSA,FEMININO,BRANCA
violencia_domestica,violencia_social,,,38.0,35_44,SERRA,VILA NOVA DE COLARES,FEMININO,BRANCA
violencia_domestica,violencia_social,,,39.0,35_44,SAO JOSE DO CALCADO,CENTRO,FEMININO,PARDA
violencia_domestica,violencia_social,,,39.0,35_44,SOORETAMA,JOEIRANAIS,FEMININO,INDETERMINADA
violencia_domestica,violencia_social,,,39.0,35_44,CARIACICA,SANTA BARBARA,FEMININO,PARDA
violencia_domestica,violencia_social,,,41.0,35_44,GUARAPARI,JABARAI,FEMININO,PARDA
violencia_domestica,violencia_social,,,41.0,35_44,CARIACICA,ALTO DA BOA VISTA,FEMININO,PARDA
violencia_domestica,violencia_social,,,41.0,35_44,GUARAPARI,LAMEIRAO,FEMININO,BRANCA
violencia_domestica,violencia_social,,,42.0,35_44,SAO GABRIEL DA PALHA,APARECIDA,FEMININO,BRANCA
violencia_domestica,violencia_social,,,42.0,35_44,VITORIA,ILHA DE SANTA MARIA,FEMININO,PARDA
violencia_domestica,violencia_social,,,43.0,35_44,NOVA VENECIA,CEDROLANDIA,FEMININO,BRANCA
violencia_domestica,violencia_social,,,43.0,35_44,VILA VELHA,ARIBIRI,FEMININO,BRANCA
violencia_domestica,violencia_social,,,43.0,35_44,LINHARES,OUTRO LOCAL,FEMININO,PARDA
violencia_domestica,violencia_social,,,43.0,35_44,VILA VELHA,BARRA DO JUCU,FEMININO,PARDA
violencia_domestica,violencia_social,,,44.0,35_44,VILA VELHA,BOA VISTA I,FEMININO,PARDA
violencia_domestica,violencia_social,,,44.0,35_44,CACHOEIRO DE ITAPEMIRIM,MONTE LIBANO,FEMININO,PARDA
violencia_domestica,violencia_social,,,47.0,45_54,CACHOEIRO DE ITAPEMIRIM,SOTURNO,FEMININO,PARDA
violencia_domestica,violencia_social,,,50.0,45_54,SANTA TERESA,VARZEA ALEGRE,FEMININO,BRANCA
violencia_domestica,violencia_social,,,50.0,45_54,BOA ESPERANCA,CENTRO,MASCULINO,BRANCA
violencia_domestica,violencia_social,,,51.0,45_54,VITORIA,ITARARE,FEMININO,BRANCA
violencia_domestica,violencia_social,,,55.0,55_64,MUNIZ FREIRE,ZONA RURAL,FEMININO,BRANCA
violencia_domestica,violencia_social,,,56.0,55_64,ARACRUZ,VILA NOVA,S/I,PARDA
violencia_domestica,violencia_social,,,58.0,55_64,CARIACICA,APARECIDA,FEMININO,NEGRA
violencia_domestica,violencia_social,,,59.0,55_64,CARIACICA,CAMPO GRANDE,FEMININO,BRANCA
violencia_domestica,violencia_social,,,59.0,55_64,VILA VELHA,ARIBIRI,FEMININO,PARDA
violencia_domestica,violencia_social,,,62.0,55_64,MARECHAL FLORIANO,JARBINHAS,FEMININO,PARDA
violencia_domestica,violencia_social,,,,,VILA VELHA,ITAPOA,FEMININO,PARDA
violencia_domestica,violencia_social,,,1.0,0_14,SANTA MARIA DE JETIBA,ALTOS SEBASTIAO,FEMININO,NEGRA
violencia_domestica,violencia_social,,,16.0,15_17,LINHARES,CENTRO,MASCULINO,PARDA
violencia_domestica,violencia_social,,,18.0,18_24,VARGEM ALTA,PROSPERIDADE,FEMININO,NEGRA
violencia_domestica,violencia_social,,,19.0,18_24,VILA VELHA,BARRA DO JUCU,FEMININO,PARDA
violencia_domestica,violencia_social,,,20.0,18_24,ARACRUZ,OUTRO LOCAL,FEMININO,BRANCA
violencia_domestica,violencia_social,,,20.0,18_24,SERRA,BARCELONA,FEMININO,BRANCA
violencia_domestica,violencia_social,,,20.0,18_24,CACHOEIRO DE ITAPEMIRIM,SAO LUCAS,FEMININO,BRANCA
violencia_domestica,violencia_social,,,20.0,18_24,VIANA,MARCILIO DE NORONHA,FEMININO,PARDA
violencia_domestica,violencia_social,,,20.0,18_24,SANTA MARIA DE JETIBA,ALTOS SEBASTIAO,FEMININO,NEGRA
violencia_domestica,violencia_social,,,21.0,18_24,SAO GABRIEL DA PALHA,AIMORES,FEMININO,BRANCA
violencia_domestica,violencia_social,,,22.0,18_24,VITORIA,GOIABEIRAS,FEMININO,BRANCA
violencia_domestica,violencia_social,,,22.0,18_24,CARIACICA,CAMPO GRANDE,FEMININO,PARDA
violencia_domestica,violencia_social,,,22.0,18_24,VITORIA,JARDIM CAMBURI,FEMININO,BRANCA
violencia_domestica,violencia_social,,,24.0,18_24,MARATAIZES,CIDADE NOVA,FEMININO,PARDA
violencia_domestica,violencia_social,,,24.0,18_24,VILA VELHA,DIVINO ESPIRITO SANTO,FEMININO,PARDA
violencia_domestica,violencia_social,,,24.0,18_24,PINHEIROS,ZONA RURAL,FEMININO,INDETERMINADA
violencia_domestica,violencia_social,,,24.0,18_24,PINHEIROS,GALILEIA,FEMININO,PARDA
violencia_domestica,violencia_social,,,25.0,25_34,CARIACICA,NOVA ROSA DA PENHA,FEMININO,PARDA
violencia_domestica,violencia_social,,,26.0,25_34,SERRA,SERRA DOURADA II,FEMININO,PARDA
violencia_domestica,violencia_social,,,27.0,25_34,SAO MATEUS,OUTRO LOCAL,FEMININO,NEGRA
violencia_domestica,violencia_social,,,30.0,25_34,MUNIZ FREIRE,ZONA RURAL,FEMININO,NEGRA
violencia_domestica,violencia_social,,,30.0,25_34,VITORIA,SANTA MARTHA,FEMININO,BRANCA
violencia_domestica,violencia_social,,,31.0,25_34,GUARAPARI,PEROCAO,FEMININO,NEGRA
violencia_domestica,violencia_social,,,32.0,25_34,CARIACICA,NOVA ROSA DA PENHA,FEMININO,NEGRA
violencia_domestica,violencia_social,,,32.0,25_34,CARIACICA,ALTO DA BOA VISTA,FEMININO,PARDA
violencia_domestica,violencia_social,,,32.0,25_34,GUARAPARI,CONDADOS DE GUARAPARI,FEMININO,PARDA
violencia_domestica,violencia_social,,,32.0,25_34,SANTA MARIA DE JETIBA,RIO CLARO,FEMININO,BRANCA
violencia_domestica,violencia_social,,,34.0,25_34,CARIACICA,FLEXAL I,FEMININO,PARDA
violencia_domestica,violencia_social,,,34.0,25_34,CACHOEIRO DE ITAPEMIRIM,BOA VISTA,FEMININO,NEGRA
violencia_domestica,violencia_social,,,35.0,35_44,SERRA,BAIRRO DE FATIMA,FEMININO,BRANCA
violencia_domestica,violencia_social,,,36.0,35_44,SERRA,BALNEARIO DE CARAPEBUS,FEMININO,PARDA
violencia_domestica,violencia_social,,,37.0,35_44,VITORIA,MARIA ORTIZ,FEMININO,NEGRA
violencia_domestica,violencia_social,,,37.0,35_44,SERRA,ANDRE CARLONI,FEMININO,BRANCA
violencia_domestica,violencia_social,,,38.0,35_44,LINHARES,SANTA CRUZ,FEMININO,NEGRA
violencia_domestica,violencia_social,,,38.0,35_44,SERRA,JARDIM ATLANTICO,FEMININO,NEGRA
violencia_domestica,violencia_social,,,39.0,35_44,COLATINA,CORREGO DA PONTE,FEMININO,PARDA
violencia_domestica,violencia_social,,,40.0,35_44,VILA VELHA,PRAIA DE ITAPARICA,FEMININO,PARDA
violencia_domestica,violencia_social,,,40.0,35_44,CARIACICA,APARECIDA,FEMININO,PARDA
violencia_domestica,violencia_social,,,41.0,35_44,VITORIA,JARDIM CAMBURI,FEMININO,BRANCA
violencia_domestica,violencia_social,,,41.0,35_44,SERRA,SANTA LUZIA,FEMININO,BRANCA
violencia_domestica,violencia_social,,,42.0,35_44,CACHOEIRO DE ITAPEMIRIM,AGOSTINHO SIMONATO,FEMININO,PARDA
violencia_domestica,violencia_social,,,43.0,35_44,SERRA,BARCELONA,FEMININO,BRANCA
violencia_domestica,violencia_social,,,43.0,35_44,SERRA,BOA VISTA II,FEMININO,PARDA
violencia_domestica,violencia_social,,,43.0,35_44,VILA VELHA,SAO TORQUATO,FEMININO,NEGRA
violencia_domestica,violencia_social,,,46.0,45_54,CARIACICA,MUCURI,FEMININO,PARDA
violencia_domestica,violencia_social,,,46.0,45_54,GUARAPARI,CENTRO,FEMININO,BRANCA
violencia_domestica,violencia_social,,,47.0,45_54,LINHARES,CENTRO,FEMININO,BRANCA
violencia_domestica,violencia_social,,,47.0,45_54,VILA VELHA,ITAPOA,FEMININO,PARDA
violencia_domestica,violencia_social,,,48.0,45_54,BARRA DE SAO FRANCISCO,BAIRRO COLINA,FEMININO,NEGRA
violencia_domestica,violencia_social,,,49.0,45_54,SANTA MARIA DE JETIBA,RIO CLARO,FEMININO,BRANCA
violencia_domestica,violencia_social,,,50.0,45_54,ITAPEMIRIM,ITAOCA,FEMININO,PARDA
violencia_domestica,violencia_social,,,50.0,45_54,VILA VELHA,VILA BATISTA,FEMININO,PARDA
violencia_domestica,violencia_social,,,50.0,45_54,SERRA,PARQUE DAS GAIVOTAS,FEMININO,BRANCA
violencia_domestica,violencia_social,,,53.0,45_54,VILA VELHA,INTERLAGOS I E II,FEMININO,PARDA
violencia_domestica,violencia_social,,,56.0,55_64,SERRA,COLINA DE LARANJEIRAS,FEMININO,BRANCA
violencia_domestica,violencia_social,,,57.0,55_64,CARIACICA,TUCUM,FEMININO,PARDA
violencia_domestica,violencia_social,,,62.0,55_64,COLATINA,CORREGO DA PONTE,FEMININO,BRANCA
violencia_domestica,violencia_social,,,62.0,55_64,COLATINA,MACUCO,FEMININO,BRANCA
violencia_domestica,violencia_social,,,62.0,55_64,DIVINO DE SAO LOURENCO,ZONA RURAL,FEMININO,NEGRA
violencia_domestica,violencia_social,,,67.0,65_PLUS,DIVINO DE SAO LOURENCO,ZONA RURAL,MASCULINO,NEGRA
violencia_domestica,violencia_social,,,,,LINHARES,NOVA ESPERANCA,FEMININO,PARDA
violencia_domestica,violencia_social,,,,,SAO DOMINGOS DO NORTE,ZONA RURAL,FEMININO,S/I
violencia_domestica,violencia_social,,,14.0,0_14,SERRA,NOVA CARAPINA II,MASCULINO,PARDA
violencia_domestica,violencia_social,,,14.0,0_14,SERRA,CANTINHO DO CEU,FEMININO,PARDA
violencia_domestica,violencia_social,,,15.0,15_17,CACHOEIRO DE ITAPEMIRIM,DOUTOR GILSON CARONE,FEMININO,PARDA
violencia_domestica,violencia_social,,,17.0,15_17,ARACRUZ,COQUEIRAL,MASCULINO,BRANCA
violencia_domestica,violencia_social,,,18.0,18_24,VITORIA,DE LOURDES,FEMININO,PARDA
violencia_domestica,violencia_social,,,18.0,18_24,SOORETAMA,SAYONARA,FEMININO,PARDA
violencia_domestica,violencia_social,,,19.0,18_24,VILA VELHA,NOVA ITAPARICA,FEMININO,BRANCA
violencia_domestica,violencia_social,,,20.0,18_24,CARIACICA,SANTA BARBARA,FEMININO,PARDA
violencia_domestica,violencia_social,,,21.0,18_24,CARIACICA,CASTELO BRANCO,FEMININO,PARDA
violencia_domestica,violencia_social,,,21.0,18_24,SANTA MARIA DE JETIBA,SAO SEBASTIAO DO MEIO,FEMININO,BRANCA
violencia_domestica,violencia_social,,,21.0,18_24,ATILIO VIVACQUA,PRACA DO ORIENTE,FEMININO,BRANCA
violencia_domestica,violencia_social,,,22.0,18_24,ANCHIETA,PORTAL DE ANCHIETA,FEMININO,PARDA
violencia_domestica,violencia_social,,,22.0,18_24,VIANA,ARLINDO ANGELO VILLASCHI,FEMININO,PARDA
violencia_domestica,violencia_social,,,22.0,18_24,SAO MATEUS,OUTRO LOCAL,FEMININO,PARDA
violencia_domestica,violencia_social,,,23.0,18_24,CARIACICA,PRESIDENTE MEDICE,FEMININO,PARDA
violencia_domestica,violencia_social,,,23.0,18_24,NOVA VENECIA,AEROPORTO,FEMININO,BRANCA
violencia_domestica,violencia_social,,,25.0,25_34,ARACRUZ,IRAJA,FEMININO,PARDA
violencia_domestica,violencia_social,,,25.0,25_34,BARRA DE SAO FRANCISCO,BAIRRO IRMAOS FERNANDES,FEMININO,PARDA
violencia_domestica,violencia_social,,,27.0,25_34,SERRA,NOVA CARAPINA I,FEMININO,PARDA
violencia_domestica,violencia_social,,,27.0,25_34,ARACRUZ,VILA DO RIACHO,MASCULINO,NEGRA
violencia_domestica,violencia_social,,,27.0,25_34,LINHARES,RIO QUARTEL,FEMININO,NEGRA
violencia_domestica,violencia_social,,,27.0,25_34,VILA VELHA,TERRA VERMELHA,FEMININO,PARDA
violencia_domestica,violencia_social,,,27.0,25_34,VILA VELHA,BOA VISTA I,FEMININO,BRANCA
violencia_domestica,violencia_social,,,27.0,25_34,SERRA,BARCELONA,FEMININO,BRANCA
violencia_domestica,violencia_social,,,28.0,25_34,ARACRUZ,VILA DO RIACHO,FEMININO,NEGRA
violencia_domestica,violencia_social,,,28.0,25_34,IBATIBA,ZONA RURAL,FEMININO,PARDA
violencia_domestica,violencia_social,,,28.0,25_34,ALEGRE,CENTRO,FEMININO,BRANCA
violencia_domestica,violencia_social,,,28.0,25_34,CARIACICA,NOVA ROSA DA PENHA,FEMININO,PARDA
violencia_domestica,violencia_social,,,29.0,25_34,SANTA MARIA DE JETIBA,SAO SEBASTIAO DO MEIO,MASCULINO,BRANCA
violencia_domestica,violencia_social,,,29.0,25_34,CARIACICA,ITAPEMIRIM,FEMININO,BRANCA
violencia_domestica,violencia_social,,,30.0,25_34,CARIACICA,BANDEIRANTES,FEMININO,PARDA
violencia_domestica,violencia_social,,,30.0,25_34,SAO MATEUS,OUTRO LOCAL,FEMININO,PARDA
violencia_domestica,violencia_social,,,31.0,25_34,CARIACICA,BUBU,FEMININO,PARDA
violencia_domestica,violencia_social,,,31.0,25_34,CARIACICA,CARIACICA SEDE,FEMININO,PARDA
violencia_domestica,violencia_social,,,32.0,25_34,SANTA MARIA DE JETIBA,VILA ITALIANOS,FEMININO,BRANCA
violencia_domestica,violencia_social,,,33.0,25_34,SERRA,NOVA CARAPINA II,FEMININO,PARDA
violencia_domestica,violencia_social,,,33.0,25_34,VILA VELHA,BARRAMARES,FEMININO,PARDA
violencia_domestica,violencia_social,,,34.0,25_34,SANTA MARIA DE JETIBA,SAO SEBASTIAO DO MEIO,FEMININO,BRANCA
violencia_domestica,violencia_social,,,34.0,25_34,MARILANDIA,ZONA RURAL,FEMININO,BRANCA
violencia_domestica,violencia_social,,,34.0,25_34,VILA VELHA,ARIBIRI,FEMININO,PARDA
violencia_domestica,violencia_social,,,34.0,25_34,CACHOEIRO DE ITAPEMIRIM,GILBERTO MACHADO,FEMININO,NEGRA
violencia_domestica,violencia_social,,,36.0,35_44,MARILANDIA,ZONA RURAL,MASCULINO,PARDA
violencia_domestica,violencia_social,,,37.0,35_44,VILA VELHA,VILA NOVA,FEMININO,BRANCA
violencia_domestica,violencia_social,,,40.0,35_44,SERRA,CONJUNTO JACARAIPE,FEMININO,PARDA
violencia_domestica,violencia_social,,,40.0,35_44,LINHARES,NOVA ESPERANCA,FEMININO,PARDA
violencia_domestica,violencia_social,,,40.0,35_44,LINHARES,CENTRO,FEMININO,PARDA
violencia_domestica,violencia_social,,,41.0,35_44,VILA VELHA,VILA GARRIDO,FEMININO,PARDA
violencia_domestica,violencia_social,,,41.0,35_44,ITAPEMIRIM,ITAIPAVA,FEMININO,INDETERMINADA
violencia_domestica,violencia_social,,,41.0,35_44,CACHOEIRO DE ITAPEMIRIM,ABELARDO MACHADO,FEMININO,BRANCA
violencia_domestica,violencia_social,,,42.0,35_44,SERRA,BARCELONA,FEMININO,PARDA
violencia_domestica,violencia_social,,,43.0,35_44,CACHOEIRO DE ITAPEMIRIM,CENTRO,FEMININO,NEGRA
violencia_domestica,violencia_social,,,46.0,45_54,SAO MATEUS,FATIMA,FEMININO,BRANCA
violencia_domestica,violencia_social,,,46.0,45_54,SAO MATEUS,FATIMA,FEMININO,BRANCA
violencia_domestica,violencia_social,,,46.0,45_54,SAO MATEUS,FATIMA,FEMININO,BRANCA
violencia_domestica,violencia_social,,,46.0,45_54,CACHOEIRO DE ITAPEMIRIM,BOM PASTOR,FEMININO,PARDA
violencia_domestica,violencia_social,,,46.0,45_54,SANTA LEOPOLDINA,FUNIL,FEMININO,BRANCA
violencia_domestica,violencia_social,,,48.0,45_54,IBIRACU,ARICANGA,FEMININO,PARDA
violencia_domestica,violencia_social,,,48.0,45_54,CACHOEIRO DE ITAPEMIRIM,DOUTOR GILSON CARONE,FEMININO,PARDA
violencia_domestica,violencia_social,,,49.0,45_54,PINHEIROS,SANTO ANTONIO,FEMININO,PARDA
violencia_domestica,violencia_social,,,49.0,45_54,GUARAPARI,ITAPEBUSSU,FEMININO,BRANCA
violencia_domestica,violencia_social,,,51.0,45_54,LINHARES,CENTRO,FEMININO,PARDA
violencia_domestica,violencia_social,,,52.0,45_54,CACHOEIRO DE ITAPEMIRIM,CAICARA,FEMININO,BRANCA
violencia_domestica,violencia_social,,,52.0,45_54,NOVA VENECIA,AEROPORTO,FEMININO,BRANCA
violencia_domestica,violencia_social,,,55.0,55_64,CARIACICA,CASTELO BRANCO,FEMININO,PARDA
violencia_domestica,violencia_social,,,56.0,55_64,JAGUARE,JOAO BOSCO,FEMININO,PARDA
violencia_domestica,violencia_social,,,56.0,55_64,ITAPEMIRIM,GOMES,FEMININO,NEGRA
violencia_domestica,violencia_social,,,57.0,55_64,ARACRUZ,GUAXINDIBA,FEMININO,PARDA
violencia_domestica,violencia_social,,,57.0,55_64,SERRA,JARDIM LIMOEIRO,FEMININO,BRANCA
violencia_domestica,violencia_social,,,59.0,55_64,SANTA MARIA DE JETIBA,VILA ITALIANOS,FEMININO,BRANCA
violencia_domestica,violencia_social,,,60.0,55_64,NOVA VENECIA,AEROPORTO,MASCULINO,BRANCA
violencia_domestica,violencia_social,,,64.0,55_64,MIMOSO DO SUL,CENTRO,FEMININO,BRANCA
violencia_domestica,violencia_social,,,71.0,65_PLUS,VILA VELHA,PRAIA DA COSTA,FEMININO,PARDA
violencia_domestica,violencia_social,,,80.0,65_PLUS,IBITIRAMA,CENTRO,FEMININO,PARDA
violencia_domestica,violencia_social,,,,,SAO MATEUS,VILA NOVA,FEMININO,PARDA
violencia_domestica,violencia_social,,,18.0,18_24,COLATINA,CENTRO,FEMININO,PARDA
violencia_domestica,violencia_social,,,18.0,18_24,AFONSO CLAUDIO,SAO TARCISIO,FEMININO,PARDA
violencia_domestica,violencia_social,,,18.0,18_24,ANCHIETA,ALVORADA,FEMININO,PARDA
violencia_domestica,violencia_social,,,18.0,18_24,ARACRUZ,OUTRO LOCAL,FEMININO,BRANCA
violencia_domestica,violencia_social,,,19.0,18_24,ARACRUZ,GUANABARA,FEMININO,PARDA
violencia_domestica,violencia_social,,,19.0,18_24,VILA VELHA,JARDIM MARILANDIA,FEMININO,BRANCA
violencia_domestica,violencia_social,,,20.0,18_24,MONTANHA,CENTRO,FEMININO,BRANCA
violencia_domestica,violencia_social,,,21.0,18_24,ITAPEMIRIM,ITAIPAVA,FEMININO,PARDA
violencia_domestica,violencia_social,,,21.0,18_24,ITAPEMIRIM,ITAIPAVA,FEMININO,PARDA
violencia_domestica,violencia_social,,,21.0,18_24,VITORIA,CONSOLACAO,FEMININO,PARDA
violencia_domestica,violencia_social,,,21.0,18_24,VITORIA,ILHA DE SANTA MARIA,FEMININO,PARDA
violencia_domestica,violencia_social,,,21.0,18_24,COLATINA,SAO VICENTE,FEMININO,BRANCA
violencia_domestica,violencia_social,,,22.0,18_24,VILA VELHA,BARRAMARES,FEMININO,PARDA
violencia_domestica,violencia_social,,,22.0,18_24,VITORIA,TABUAZEIRO,FEMININO,PARDA
violencia_domestica,violencia_social,,,22.0,18_24,VITORIA,ILHA DAS CAIEIRAS,FEMININO,NEGRA
violencia_domestica,violencia_social,,,23.0,18_24,SAO GABRIEL DA PALHA,BARRA SECA,FEMININO,NEGRA
violencia_domestica,violencia_social,,,23.0,18_24,CONCEICAO DA BARRA,COBRAICE,FEMININO,PARDA
violencia_domestica,violencia_social,,,24.0,18_24,CARIACICA,SANTA BARBARA,MASCULINO,PARDA
violencia_domestica,violencia_social,,,24.0,18_24,IBIRACU,SAO CRISTOVAO,FEMININO,PARDA
violencia_domestica,violencia_social,,,24.0,18_24,SERRA,CIDADE CONTINENTAL,FEMININO,PARDA
violencia_domestica,violencia_social,,,25.0,25_34,MARECHAL FLORIANO,CENTRO,MASCULINO,BRANCA
violencia_domestica,violencia_social,,,25.0,25_34,GUARAPARI,SAO GABRIEL,FEMININO,PARDA
violencia_domestica,violencia_social,,,26.0,25_34,VARGEM ALTA,JACIGUA,FEMININO,PARDA
violencia_domestica,violencia_social,,,26.0,25_34,VITORIA,SANTA LUIZA,FEMININO,NEGRA
violencia_domestica,violencia_social,,,27.0,25_34,SAO JOSE DO CALCADO,CENTRO,FEMININO,PARDA
violencia_domestica,violencia_social,,,27.0,25_34,ARACRUZ,VILA DO RIACHO,FEMININO,BRANCA
violencia_domestica,violencia_social,,,27.0,25_34,ARACRUZ,VILA DO RIACHO,FEMININO,PARDA
violencia_domestica,violencia_social,,,28.0,25_34,CARIACICA,NOVO HORIZONTE,FEMININO,PARDA
violencia_domestica,violencia_social,,,29.0,25_34,FUNDAO,PRAIA GRANDE,FEMININO,NEGRA
violencia_domestica,violencia_social,,,29.0,25_34,LINHARES,REGENCIA,FEMININO,NEGRA
violencia_domestica,violencia_social,,,30.0,25_34,ALFREDO CHAVES,MACRINA,FEMININO,PARDA
violencia_domestica,violencia_social,,,30.0,25_34,VILA VELHA,CRISTOVAO COLOMBO,FEMININO,PARDA
violencia_domestica,violencia_social,,,31.0,25_34,CARIACICA,NOVO HORIZONTE,MASCULINO,PARDA
violencia_domestica,violencia_social,,,31.0,25_34,LINHARES,AVISO,FEMININO,NEGRA
violencia_domestica,violencia_social,,,33.0,25_34,MARECHAL FLORIANO,CENTRO,FEMININO,PARDA
violencia_domestica,violencia_social,,,33.0,25_34,LINHARES,PALMITAL,FEMININO,NEGRA
violencia_domestica,violencia_social,,,33.0,25_34,VILA VELHA,CRISTOVAO COLOMBO,FEMININO,PARDA
violencia_domestica,violencia_social,,,34.0,25_34,CACHOEIRO DE ITAPEMIRIM,SAO JOAQUIM,FEMININO,PARDA
violencia_domestica,violencia_social,,,34.0,25_34,ARACRUZ,JACUPEMBA,FEMININO,PARDA
violencia_domestica,violencia_social,,,35.0,35_44,LINHARES,TRES BARRAS,FEMININO,PARDA
violencia_domestica,violencia_social,,,35.0,35_44,LINHARES,INTERLAGOS,FEMININO,NEGRA
violencia_domestica,violencia_social,,,35.0,35_44,CARIACICA,VERA CRUZ,FEMININO,BRANCA
violencia_domestica,violencia_social,,,36.0,35_44,CARIACICA,CASTELO BRANCO,FEMININO,PARDA
violencia_domestica,violencia_social,,,36.0,35_44,VILA VELHA,CRISTOVAO COLOMBO,S/I,PARDA
violencia_domestica,violencia_social,,,36.0,35_44,CACHOEIRO DE ITAPEMIRIM,MONTE CRISTO,FEMININO,NEGRA
violencia_domestica,violencia_social,,,37.0,35_44,ARACRUZ,JEQUITIBA,FEMININO,BRANCA
violencia_domestica,violencia_social,,,37.0,35_44,VILA VELHA,IBES,FEMININO,PARDA
violencia_domestica,violencia_social,,,37.0,35_44,VILA VELHA,ILHA DOS BENTOS,FEMININO,BRANCA
violencia_domestica,violencia_social,,,37.0,35_44,SAO MATEUS,OUTRO LOCAL,FEMININO,BRANCA
violencia_domestica,violencia_social,,,39.0,35_44,SERRA,COLINA DA SERRA,S/I,BRANCA
violencia_domestica,violencia_social,,,39.0,35_44,GUARAPARI,CAMURUGI,FEMININO,BRANCA
violencia_domestica,violencia_social,,,39.0,35_44,ARACRUZ,MOROBA,FEMININO,BRANCA
violencia_domestica,violencia_social,,,41.0,35_44,SERRA,CIDADE POMAR,FEMININO,PARDA
violencia_domestica,violencia_social,,,41.0,35_44,LARANJA DA TERRA,CENTRO,FEMININO,BRANCA
violencia_domestica,violencia_social,,,41.0,35_44,NOVA VENECIA,MARGARETH,FEMININO,PARDA
violencia_domestica,violencia_social,,,42.0,35_44,LINHARES,NOVA ESPERANCA,FEMININO,NEGRA
violencia_domestica,violencia_social,,,43.0,35_44,GUARAPARI,VARZEA NOVA,FEMININO,BRANCA
violencia_domestica,violencia_social,,,44.0,35_44,BARRA DE SAO FRANCISCO,BAIRRO COLINA,FEMININO,NEGRA
violencia_domestica,violencia_social,,,44.0,35_44,MONTANHA,FUNDAO,FEMININO,INDETERMINADA
violencia_domestica,violencia_social,,,44.0,35_44,AGUA DOCE DO NORTE,GOVERNADOR LACERDA,FEMININO,PARDA
violencia_domestica,violencia_social,,,45.0,45_54,CARIACICA,PORTO DE SANTANA,FEMININO,PARDA
violencia_domestica,violencia_social,,,45.0,45_54,SERRA,CIDADE CONTINENTAL,FEMININO,BRANCA
violencia_domestica,violencia_social,,,46.0,45_54,VITORIA,ILHA DE SANTA MARIA,FEMININO,BRANCA
violencia_domestica,violencia_social,,,46.0,45_54,VITORIA,ILHA DE SANTA MARIA,FEMININO,BRANCA
violencia_domestica,violencia_social,,,46.0,45_54,GUACUI,CENTRO,FEMININO,BRANCA
violencia_domestica,violencia_social,,,47.0,45_54,SAO MATEUS,PEDRA DAGUA,FEMININO,PARDA
violencia_domestica,violencia_social,,,49.0,45_54,SAO MATEUS,VILA NOVA,FEMININO,INDETERMINADA
violencia_domestica,violencia_social,,,51.0,45_54,SERRA,COLINA DA SERRA,FEMININO,BRANCA
violencia_domestica,violencia_social,,,52.0,45_54,NOVA VENECIA,SAO CRISTOVAO,FEMININO,PARDA
violencia_domestica,violencia_social,,,52.0,45_54,CACHOEIRO DE ITAPEMIRIM,VILA RICA,FEMININO,BRANCA
violencia_domestica,violencia_social,,,53.0,45_54,CARIACICA,CAMPO GRANDE,FEMININO,PARDA
violencia_domestica,violencia_social,,,54.0,45_54,VITORIA,DA PENHA,FEMININO,PARDA
violencia_domestica,violencia_social,,,55.0,55_64,SERRA,NOVA CARAPINA II,FEMININO,PARDA
violencia_domestica,violencia_social,,,60.0,55_64,COLATINA,MORADA DO SOL,FEMININO,PARDA
violencia_domestica,violencia_social,,,61.0,55_64,MONTANHA,CENTRO,FEMININO,BRANCA
violencia_domestica,violencia_social,,,67.0,65_PLUS,ICONHA,TOCAIA,FEMININO,BRANCA
violencia_domestica,violencia_social,,,72.0,65_PLUS,MARATAIZES,BARRA DE ITAPEMIRIM,FEMININO,BRANCA
violencia_domestica,violencia_social,,,,,BOM JESUS DO NORTE,CENTRO,FEMININO,BRANCA
violencia_domestica,violencia_social,,,16.0,15_17,LINHARES,INTERLAGOS,FEMININO,PARDA
violencia_domestica,violencia_social,,,18.0,18_24,VITORIA,SANTO ANTONIO,FEMININO,BRANCA
violencia_domestica,violencia_social,,,20.0,18_24,CARIACICA,NOVA ROSA DA PENHA,FEMININO,NEGRA
violencia_domestica,violencia_social,,,20.0,18_24,CASTELO,CASTELO III,FEMININO,PARDA
violencia_domestica,violencia_social,,,20.0,18_24,LINHARES,ARACA,FEMININO,PARDA
violencia_domestica,violencia_social,,,22.0,18_24,ALEGRE,VILA ALTA,FEMININO,PARDA
violencia_domestica,violencia_social,,,22.0,18_24,SERRA,VISTA DA SERRA I,FEMININO,INDETERMINADA
violencia_domestica,violencia_social,,,24.0,18_24,VILA VELHA,JABURUNA,FEMININO,PARDA
violencia_domestica,violencia_social,,,25.0,25_34,CARIACICA,BOA SORTE,FEMININO,PARDA
violencia_domestica,violencia_social,,,25.0,25_34,SERRA,CENTRAL CARAPINA,FEMININO,PARDA
violencia_domestica,violencia_social,,,25.0,25_34,SERRA,JOSE DE ANCHIETA III,FEMININO,PARDA
violencia_domestica,violencia_social,,,26.0,25_34,RIO BANANAL,SANTA HELENA,FEMININO,PARDA
violencia_domestica,violencia_social,,,26.0,25_34,SERRA,PARQUE RESIDENCIAL TUBARAO,FEMININO,INDETERMINADA
violencia_domestica,violencia_social,,,27.0,25_34,CACHOEIRO DE ITAPEMIRIM,DOUTOR GILSON CARONE,FEMININO,PARDA
violencia_domestica,violencia_social,,,27.0,25_34,ITAPEMIRIM,GARRAFAO,FEMININO,PARDA
violencia_domestica,violencia_social,,,28.0,25_34,VILA PAVAO,CENTRO,FEMININO,PARDA
violencia_domestica,violencia_social,,,28.0,25_34,CARIACICA,TABAJARA,FEMININO,PARDA
violencia_domestica,violencia_social,,,29.0,25_34,VILA VELHA,SAO TORQUATO,FEMININO,BRANCA
violencia_domestica,violencia_social,,,29.0,25_34,CACHOEIRO DE ITAPEMIRIM,RUI PINTO BANDEIRA,FEMININO,NEGRA
violencia_domestica,violencia_social,,,29.0,25_34,COLATINA,JARDIM PLANALTO,FEMININO,BRANCA
violencia_domestica,violencia_social,,,32.0,25_34,MARATAIZES,BELO HORIZONTE,FEMININO,AMARELA
violencia_domestica,violencia_social,,,32.0,25_34,VILA VELHA,COCAL,FEMININO,NEGRA
violencia_domestica,violencia_social,,,34.0,25_34,SERRA,BICANGA,FEMININO,PARDA
violencia_domestica,violencia_social,,,35.0,35_44,LINHARES,OUTRO LOCAL,FEMININO,PARDA
violencia_domestica,violencia_social,,,38.0,35_44,LINHARES,VILA IZABEL,FEMININO,PARDA
violencia_domestica,violencia_social,,,40.0,35_44,COLATINA,CENTRO,FEMININO,PARDA
violencia_domestica,violencia_social,,,40.0,35_44,GUARAPARI,IPIRANGA,FEMININO,BRANCA
violencia_domestica,violencia_social,,,40.0,35_44,SERRA,BOULEVARD LAGOA,FEMININO,BRANCA
violencia_domestica,violencia_social,,,41.0,35_44,VITORIA,JARDIM DA PENHA,FEMININO,PARDA
violencia_domestica,violencia_social,,,42.0,35_44,CARIACICA,PADRE GABRIEL,FEMININO,PARDA
violencia_domestica,violencia_social,,,43.0,35_44,CACHOEIRO DE ITAPEMIRIM,MONTE LIBANO,MASCULINO,BRANCA
violencia_domestica,violencia_social,,,44.0,35_44,COLATINA,BELA VISTA,FEMININO,PARDA
violencia_domestica,violencia_social,,,44.0,35_44,SERRA,ELDORADO,FEMININO,PARDA
violencia_domestica,violencia_social,,,47.0,45_54,VILA VELHA,CENTRO VILA VELHA,MASCULINO,NEGRA
violencia_domestica,violencia_social,,,48.0,45_54,AFONSO CLAUDIO,OUTRO LOCAL,FEMININO,PARDA
violencia_domestica,violencia_social,,,51.0,45_54,VITORIA,JARDIM CAMBURI,FEMININO,BRANCA
violencia_domestica,violencia_social,,,51.0,45_54,CONCEICAO DO CASTELO,CENTRO,FEMININO,PARDA
violencia_domestica,violencia_social,,,52.0,45_54,CARIACICA,RIO BRANCO,FEMININO,NEGRA
violencia_domestica,violencia_social,,,52.0,45_54,CARIACICA,CARIACICA SEDE,FEMININO,PARDA
violencia_domestica,violencia_social,,,54.0,45_54,CACHOEIRO DE ITAPEMIRIM,GILBERTO MACHADO,S/I,BRANCA
violencia_domestica,violencia_social,,,54.0,45_54,VITORIA,JESUS DE NAZARETH,FEMININO,PARDA
violencia_domestica,violencia_social,,,58.0,55_64,VILA VELHA,PONTA DA FRUTA,FEMININO,BRANCA
violencia_domestica,violencia_social,,,62.0,55_64,ANCHIETA,MAIMBA,FEMININO,PARDA
violencia_domestica,violencia_social,,,68.0,65_PLUS,PANCAS,OPERARIO,FEMININO,PARDA
violencia_domestica,violencia_social,,,70.0,65_PLUS,ITAPEMIRIM,CAMPO ACIMA,FEMININO,BRANCA
violencia_domestica,violencia_social,,,70.0,65_PLUS,ITAPEMIRIM,CAMPO ACIMA,FEMININO,BRANCA
violencia_domestica,violencia_social,,,71.0,65_PLUS,PEDRO CANARIO,CENTRO,FEMININO,BRANCA
violencia_domestica,violencia_social,,,,,IRUPI,SANTA CRUZ,FEMININO,PARDA
violencia_domestica,violencia_social,,,,,ECOPORANGA,ZONA RURAL,FEMININO,PARDA
violencia_domestica,violencia_social,,,16.0,15_17,COLATINA,BELA VISTA,FEMININO,PARDA
violencia_domestica,violencia_social,,,16.0,15_17,ANCHIETA,PRAIA DE UBU,FEMININO,BRANCA
violencia_domestica,violencia_social,,,17.0,15_17,ARACRUZ,VILA DO RIACHO,FEMININO,INDETERMINADA
violencia_domestica,violencia_social,,,18.0,18_24,SERRA,PARQUE RESIDENCIAL LARANJEIRAS,FEMININO,PARDA
violencia_domestica,violencia_social,,,18.0,18_24,CARIACICA,ITANGUA,S/I,PARDA
violencia_domestica,violencia_social,,,19.0,18_24,SERRA,LAGOA DE CARAPEBUS,FEMININO,PARDA
violencia_domestica,violencia_social,,,19.0,18_24,SAO GABRIEL DA PALHA,SANTA HELENA,FEMININO,PARDA
violencia_domestica,violencia_social,,,20.0,18_24,BARRA DE SAO FRANCISCO,PAULISTA,FEMININO,BRANCA
violencia_domestica,violencia_social,,,20.0,18_24,AFONSO CLAUDIO,PIRACEMA,S/I,PARDA
violencia_domestica,violencia_social,,,21.0,18_24,CARIACICA,PORTO DE CARIACICA,FEMININO,BRANCA
violencia_domestica,violencia_social,,,21.0,18_24,SERRA,LAGOA DE JACARAIPE,FEMININO,BRANCA
violencia_domestica,violencia_social,,,21.0,18_24,VITORIA,CARATOIRA,FEMININO,PARDA
violencia_domestica,violencia_social,,,22.0,18_24,ALEGRE,CHARQUEADA,FEMININO,PARDA
violencia_domestica,violencia_social,,,22.0,18_24,IRUPI,CENTRO,FEMININO,BRANCA
violencia_domestica,violencia_social,,,23.0,18_24,SERRA,JOSE DE ANCHIETA,FEMININO,PARDA
violencia_domestica,violencia_social,,,23.0,18_24,JAGUARE,ZONA RURAL,FEMININO,PARDA
violencia_domestica,violencia_social,,,25.0,25_34,AGUA DOCE DO NORTE,GOVERNADOR LACERDA,FEMININO,PARDA
violencia_domestica,violencia_social,,,25.0,25_34,CASTELO,GARAGE,FEMININO,BRANCA
violencia_domestica,violencia_social,,,25.0,25_34,VILA VELHA,SANTA CLARA,FEMININO,PARDA
violencia_domestica,violencia_social,,,26.0,25_34,CONCEICAO DA BARRA,BRACO DO RIO,FEMININO,BRANCA
violencia_domestica,violencia_social,,,27.0,25_34,CARIACICA,PORTO DE CARIACICA,FEMININO,PARDA
violencia_domestica,violencia_social,,,28.0,25_34,SERRA,RESIDENCIAL VISTA DO MESTRE,FEMININO,BRANCA
violencia_domestica,violencia_social,,,29.0,25_34,COLATINA,MOACYR BROTAS,FEMININO,BRANCA
violencia_domestica,violencia_social,,,29.0,25_34,SAO MATEUS,ZONA RURAL,FEMININO,NEGRA
violencia_domestica,violencia_social,,,30.0,25_34,MUNIZ FREIRE,AMORIM,FEMININO,NEGRA
violencia_domestica,violencia_social,,,30.0,25_34,ITAPEMIRIM,CAMPO ACIMA,FEMININO,NEGRA
violencia_domestica,violencia_social,,,31.0,25_34,BARRA DE SAO FRANCISCO,CENTRO,FEMININO,BRANCA
violencia_domestica,violencia_social,,,31.0,25_34,IBATIBA,BOA ESPERANCA,FEMININO,NEGRA
violencia_domestica,violencia_social,,,31.0,25_34,BARRA DE SAO FRANCISCO,CENTRO,S/I,INDETERMINADA
violencia_domestica,violencia_social,,,31.0,25_34,COLATINA,NOSSA SENHORA APARECIDA,FEMININO,PARDA
violencia_domestica,violencia_social,,,31.0,25_34,CACHOEIRO DE ITAPEMIRIM,NOVO PARQUE,FEMININO,PARDA
violencia_domestica,violencia_social,,,32.0,25_34,ITAPEMIRIM,ITAOCA,FEMININO,INDETERMINADA
violencia_domestica,violencia_social,,,33.0,25_34,VILA VALERIO,ZONA RURAL,FEMININO,INDETERMINADA
violencia_domestica,violencia_social,,,33.0,25_34,SAO MATEUS,NOVO HORIZONTE,FEMININO,PARDA
violencia_domestica,violencia_social,,,33.0,25_34,CARIACICA,ITAPEMIRIM,MASCULINO,PARDA
violencia_domestica,violencia_social,,,33.0,25_34,MARILANDIA,VILA PALMIRA,FEMININO,PARDA
violencia_domestica,violencia_social,,,34.0,25_34,COLATINA,NOVO HORIZONTE,FEMININO,PARDA
violencia_domestica,violencia_social,,,34.0,25_34,ALEGRE,CENTRO,FEMININO,BRANCA
violencia_domestica,violencia_social,,,34.0,25_34,LINHARES,INTERLAGOS,FEMININO,INDETERMINADA
violencia_domestica,violencia_social,,,34.0,25_34,LINHARES,INTERLAGOS,FEMININO,INDETERMINADA
violencia_domestica,violencia_social,,,35.0,35_44,VILA VELHA,SANTA MONICA,FEMININO,PARDA
violencia_domestica,violencia_social,,,35.0,35_44,ANCHIETA,PRAIA DE UBU,FEMININO,PARDA
violencia_domestica,violencia_social,,,37.0,35_44,SERRA,JOSE DE ANCHIETA,FEMININO,PARDA
violencia_domestica,violencia_social,,,37.0,35_44,PANCAS,PANQUINHAS,FEMININO,BRANCA
violencia_domestica,violencia_social,,,37.0,35_44,PANCAS,PANQUINHAS,FEMININO,BRANCA
violencia_domestica,violencia_social,,,37.0,35_44,VITORIA,GRANDE VITORIA,FEMININO,PARDA
violencia_domestica,violencia_social,,,38.0,35_44,IUNA,QUILOMBO,FEMININO,NEGRA
violencia_domestica,violencia_social,,,39.0,35_44,APIACA,CENTRO,FEMININO,PARDA
violencia_domestica,violencia_social,,,39.0,35_44,VIANA,NOVA BETHANIA,FEMININO,NEGRA
violencia_domestica,violencia_social,,,39.0,35_44,NOVA VENECIA,CENTRO,FEMININO,INDETERMINADA
violencia_domestica,violencia_social,,,42.0,35_44,GUARAPARI,PORTAL CLUB,FEMININO,PARDA
violencia_domestica,violencia_social,,,43.0,35_44,SAO JOSE DO CALCADO,CENTRO,FEMININO,PARDA
violencia_domestica,violencia_social,,,43.0,35_44,CARIACICA,CRUZEIRO DO SUL,FEMININO,BRANCA
violencia_domestica,violencia_social,,,44.0,35_44,VILA VELHA,PRAIA DE ITAPARICA,FEMININO,BRANCA
violencia_domestica,violencia_social,,,46.0,45_54,ANCHIETA,CENTRO,FEMININO,PARDA
violencia_domestica,violencia_social,,,46.0,45_54,CARIACICA,MUCURI,FEMININO,PARDA
violencia_domestica,violencia_social,,,47.0,45_54,SERRA,CIDADE CONTINENTAL,FEMININO,PARDA
violencia_domestica,violencia_social,,,48.0,45_54,SERRA,CIDADE CONTINENTAL,FEMININO,NEGRA
violencia_domestica,violencia_social,,,52.0,45_54,VILA VELHA,PRAIA DA COSTA,FEMININO,INDETERMINADA
violencia_domestica,violencia_social,,,53.0,45_54,COLATINA,BELA VISTA,FEMININO,NEGRA
violencia_domestica,violencia_social,,,53.0,45_54,ITARANA,COHAB,FEMININO,PARDA
violencia_domestica,violencia_social,,,55.0,55_64,PRESIDENTE KENNEDY,CENTRO,FEMININO,PARDA
violencia_domestica,violencia_social,,,59.0,55_64,ALEGRE,CENTRO,FEMININO,BRANCA
violencia_domestica,violencia_social,,,62.0,55_64,BARRA DE SAO FRANCISCO,PAULISTA,FEMININO,BRANCA
violencia_domestica,violencia_social,,,64.0,55_64,RIO NOVO DO SUL,QUARTEIRAO,FEMININO,PARDA
violencia_domestica,violencia_social,,,72.0,65_PLUS,ARACRUZ,VILA RICA,FEMININO,INDETERMINADA
violencia_domestica,violencia_social,,,76.0,65_PLUS,GUACUI,SANTA CRUZ,FEMININO,NEGRA
violencia_domestica,violencia_social,,,,,ARACRUZ,IRAJA,FEMININO,PARDA
violencia_domestica,violencia_social,,,,,CARIACICA,NOVA CANAA,S/I,PARDA
violencia_domestica,violencia_social,,,,,IRUPI,CENTRO,S/I,PARDA
violencia_domestica,violencia_social,,,13.0,0_14,CACHOEIRO DE ITAPEMIRIM,BASILEIA,MASCULINO,PARDA
violencia_domestica,violencia_social,,,17.0,15_17,PANCAS,OPERARIO,FEMININO,PARDA
violencia_domestica,violencia_social,,,17.0,15_17,GUARAPARI,SAO GABRIEL,FEMININO,PARDA
violencia_domestica,violencia_social,,,18.0,18_24,ARACRUZ,SAO CLEMENTE,FEMININO,BRANCA
violencia_domestica,violencia_social,,,18.0,18_24,SERRA,JOSE DE ANCHIETA III,FEMININO,PARDA
violencia_domestica,violencia_social,,,19.0,18_24,SAO MATEUS,GURIRI,FEMININO,NEGRA
violencia_domestica,violencia_social,,,19.0,18_24,JOAO NEIVA,CRUZEIRO,FEMININO,PARDA
violencia_domestica,violencia_social,,,19.0,18_24,ARACRUZ,OUTRO LOCAL,FEMININO,PARDA
violencia_domestica,violencia_social,,,20.0,18_24,MIMOSO DO SUL,INHUMA,FEMININO,PARDA
violencia_domestica,violencia_social,,,20.0,18_24,COLATINA,MARIA DAS GRACAS,FEMININO,BRANCA
violencia_domestica,violencia_social,,,21.0,18_24,CARIACICA,TIRADENTES,FEMININO,PARDA
violencia_domestica,violencia_social,,,21.0,18_24,LINHARES,INTERLAGOS,FEMININO,PARDA
violencia_domestica,violencia_social,,,23.0,18_24,CACHOEIRO DE ITAPEMIRIM,SAO FRANCISCO DE ASSIS,FEMININO,PARDA
violencia_domestica,violencia_social,,,24.0,18_24,SERRA,JARDIM TROPICAL,FEMININO,PARDA
violencia_domestica,violencia_social,,,24.0,18_24,VILA VELHA,CRISTOVAO COLOMBO,FEMININO,BRANCA
violencia_domestica,violencia_social,,,24.0,18_24,CACHOEIRO DE ITAPEMIRIM,VILAGE DA LUZ,FEMININO,BRANCA
violencia_domestica,violencia_social,,,24.0,18_24,COLATINA,SAO MARCOS,FEMININO,PARDA
violencia_domestica,violencia_social,,,24.0,18_24,VITORIA,JARDIM CAMBURI,FEMININO,BRANCA
violencia_domestica,violencia_social,,,25.0,25_34,SAO MATEUS,GURIRI,FEMININO,BRANCA
violencia_domestica,violencia_social,,,25.0,25_34,MARECHAL FLORIANO,ARAGUAIA,FEMININO,BRANCA
violencia_domestica,violencia_social,,,26.0,25_34,ARACRUZ,JACUPEMBA,FEMININO,PARDA
violencia_domestica,violencia_social,,,26.0,25_34,VILA VELHA,BOA VISTA I,FEMININO,BRANCA
violencia_domestica,violencia_social,,,26.0,25_34,ITAPEMIRIM,ITAIPAVA,FEMININO,PARDA
violencia_domestica,violencia_social,,,26.0,25_34,CACHOEIRO DE ITAPEMIRIM,SAO FRANCISCO DE ASSIS,FEMININO,BRANCA
violencia_domestica,violencia_social,,,27.0,25_34,LINHARES,SANTA CRUZ,FEMININO,PARDA
violencia_domestica,violencia_social,,,28.0,25_34,ANCHIETA,OUTRO LOCAL,FEMININO,BRANCA
violencia_domestica,violencia_social,,,28.0,25_34,MARECHAL FLORIANO,SANTA MARIA,FEMININO,PARDA
violencia_domestica,violencia_social,,,28.0,25_34,SERRA,NOVA CARAPINA II,FEMININO,PARDA
violencia_domestica,violencia_social,,,28.0,25_34,CACHOEIRO DE ITAPEMIRIM,ITAOCA,FEMININO,PARDA
violencia_domestica,violencia_social,,,29.0,25_34,COLATINA,AEROPORTO,FEMININO,PARDA
violencia_domestica,violencia_social,,,29.0,25_34,BARRA DE SAO FRANCISCO,BAIRRO IRMAOS FERNANDES,FEMININO,BRANCA
violencia_domestica,violencia_social,,,29.0,25_34,SERRA,JARDIM CARAPINA,FEMININO,PARDA
violencia_domestica,violencia_social,,,29.0,25_34,SAO MATEUS,AVIACAO,FEMININO,PARDA
violencia_domestica,violencia_social,,,30.0,25_34,COLATINA,SAO MIGUEL,FEMININO,PARDA
violencia_domestica,violencia_social,,,30.0,25_34,LINHARES,AVISO,FEMININO,PARDA
violencia_domestica,violencia_social,,,30.0,25_34,SERRA,FEU ROSA,FEMININO,PARDA
violencia_domestica,violencia_social,,,30.0,25_34,CARIACICA,NOVO HORIZONTE,FEMININO,PARDA
violencia_domestica,violencia_social,,,30.0,25_34,CACHOEIRO DE ITAPEMIRIM,CORAMARA,FEMININO,NEGRA
violencia_domestica,violencia_social,,,30.0,25_34,ARACRUZ,OUTRO LOCAL,FEMININO,BRANCA
violencia_domestica,violencia_social,,,30.0,25_34,CARIACICA,PLANETA,MASCULINO,PARDA
violencia_domestica,violencia_social,,,31.0,25_34,IUNA,ZONA RURAL,FEMININO,NEGRA
violencia_domestica,violencia_social,,,31.0,25_34,LINHARES,AVISO,FEMININO,NEGRA
violencia_domestica,violencia_social,,,32.0,25_34,CARIACICA,NOVA CANAA,FEMININO,PARDA
violencia_domestica,violencia_social,,,32.0,25_34,SERRA,JARDIM CARAPINA,FEMININO,PARDA
violencia_domestica,violencia_social,,,32.0,25_34,CACHOEIRO DE ITAPEMIRIM,BASILEIA,FEMININO,PARDA
violencia_domestica,violencia_social,,,32.0,25_34,SERRA,BALNEARIO DE CARAPEBUS,FEMININO,PARDA
violencia_domestica,violencia_social,,,32.0,25_34,VITORIA,MORADA DE CAMBURI,FEMININO,PARDA
violencia_domestica,violencia_social,,,33.0,25_34,CASTELO,CASTELO III,FEMININO,BRANCA
violencia_domestica,violencia_social,,,33.0,25_34,ECOPORANGA,NOSSA SENHORA APARECIDA,FEMININO,INDETERMINADA
violencia_domestica,violencia_social,,,33.0,25_34,CACHOEIRO DE ITAPEMIRIM,CONDURU,FEMININO,PARDA
violencia_domestica,violencia_social,,,34.0,25_34,BOM JESUS DO NORTE,ZONA RURAL,FEMININO,BRANCA
violencia_domestica,violencia_social,,,34.0,25_34,ARACRUZ,IRAJA,FEMININO,PARDA
violencia_domestica,violencia_social,,,34.0,25_34,VIANA,CANAA,FEMININO,BRANCA
violencia_domestica,violencia_social,,,34.0,25_34,IBATIBA,BOA ESPERANCA,FEMININO,INDETERMINADA
violencia_domestica,violencia_social,,,34.0,25_34,ARACRUZ,GUARANA,FEMININO,BRANCA
violencia_domestica,violencia_social,,,35.0,35_44,COLATINA,VILA LENIRA,FEMININO,NEGRA
violencia_domestica,violencia_social,,,35.0,35_44,COLATINA,VILA LENIRA,FEMININO,NEGRA
violencia_domestica,violencia_social,,,35.0,35_44,SERRA,SAO FRANCISCO,FEMININO,PARDA
violencia_domestica,violencia_social,,,36.0,35_44,RIO BANANAL,ZONA RURAL,FEMININO,NEGRA
violencia_domestica,violencia_social,,,36.0,35_44,SERRA,COLINA DE LARANJEIRAS,FEMININO,PARDA
violencia_domestica,violencia_social,,,37.0,35_44,VILA VELHA,ITAPOA,FEMININO,BRANCA
violencia_domestica,violencia_social,,,38.0,35_44,ARACRUZ,MAR AZUL,MASCULINO,PARDA
violencia_domestica,violencia_social,,,39.0,35_44,CACHOEIRO DE ITAPEMIRIM,CONDURU,FEMININO,BRANCA
violencia_domestica,violencia_social,,,40.0,35_44,SANTA LEOPOLDINA,BARRA DO MANGARAI,FEMININO,PARDA
violencia_domestica,violencia_social,,,40.0,35_44,GOVERNADOR LINDENBERG,CENTRO,FEMININO,BRANCA
violencia_domestica,violencia_social,,,40.0,35_44,SAO MATEUS,PORTO,FEMININO,PARDA
violencia_domestica,violencia_social,,,40.0,35_44,ARACRUZ,ZONA RURAL,FEMININO,BRANCA
violencia_domestica,violencia_social,,,41.0,35_44,BOA ESPERANCA,BOA VISTA,FEMININO,BRANCA
violencia_domestica,violencia_social,,,42.0,35_44,CASTELO,INDEPENDENCIA,FEMININO,BRANCA
violencia_domestica,violencia_social,,,43.0,35_44,ARACRUZ,JACUPEMBA,MASCULINO,PARDA
violencia_domestica,violencia_social,,,43.0,35_44,DOMINGOS MARTINS,PARAJU,FEMININO,NEGRA
violencia_domestica,violencia_social,,,45.0,45_54,VARGEM ALTA,VILA MARIA,FEMININO,BRANCA
violencia_domestica,violencia_social,,,45.0,45_54,SERRA,RESIDENCIAL JACARAIPE,FEMININO,PARDA
violencia_domestica,violencia_social,,,45.0,45_54,COLATINA,VILA AMELIA,FEMININO,PARDA
violencia_domestica,violencia_social,,,47.0,45_54,VITORIA,MARIO CYPRESTE,FEMININO,PARDA
violencia_domestica,violencia_social,,,47.0,45_54,PINHEIROS,SANTO ANTONIO,FEMININO,PARDA
violencia_domestica,violencia_social,,,47.0,45_54,CACHOEIRO DE ITAPEMIRIM,IBC,FEMININO,BRANCA
violencia_domestica,violencia_social,,,47.0,45_54,DOMINGOS MARTINS,GOIABEIRA,FEMININO,BRANCA
violencia_domestica,violencia_social,,,48.0,45_54,CACHOEIRO DE ITAPEMIRIM,BAIMINAS,FEMININO,PARDA
violencia_domestica,violencia_social,,,48.0,45_54,ARACRUZ,GUARANA,FEMININO,BRANCA
violencia_domestica,violencia_social,,,49.0,45_54,VILA VELHA,SANTA PAULA I,FEMININO,BRANCA
violencia_domestica,violencia_social,,,50.0,45_54,BOA ESPERANCA,ZONA RURAL,FEMININO,BRANCA
violencia_domestica,violencia_social,,,50.0,45_54,CARIACICA,RIO MARINHO,FEMININO,BRANCA
violencia_domestica,violencia_social,,,51.0,45_54,SERRA,FEU ROSA,FEMININO,PARDA
violencia_domestica,violencia_social,,,51.0,45_54,BAIXO GUANDU,ROSARIO II,FEMININO,PARDA
violencia_domestica,violencia_social,,,55.0,55_64,CARIACICA,ALTO LAGE,FEMININO,PARDA
violencia_domestica,violencia_social,,,58.0,55_64,VILA VELHA,ILHA DOS BENTOS,FEMININO,INDETERMINADA
violencia_domestica,violencia_social,,,60.0,55_64,VIANA,CANAA,FEMININO,BRANCA
violencia_domestica,violencia_social,,,64.0,55_64,SERRA,BARCELONA,FEMININO,NEGRA
violencia_domestica,violencia_social,,,66.0,65_PLUS,SERRA,VALPARAISO,FEMININO,INDETERMINADA
violencia_domestica,violencia_social,,,66.0,65_PLUS,SAO MATEUS,VILA NOVA,FEMININO,PARDA
violencia_domestica,violencia_social,,,76.0,65_PLUS,AFONSO CLAUDIO,ALTO GUANDU,FEMININO,NEGRA
violencia_domestica,violencia_social,,,77.0,65_PLUS,LINHARES,SHELL,FEMININO,BRANCA
violencia_domestica,violencia_social,,,77.0,65_PLUS,LINHARES,SHELL,FEMININO,BRANCA
violencia_domestica,violencia_social,,,,,VARGEM ALTA,ZONA RURAL,FEMININO,PARDA
violencia_domestica,violencia_social,,,,,AGUA DOCE DO NORTE,ZONA RURAL,FEMININO,PARDA
violencia_domestica,violencia_social,,,11.0,0_14,SERRA,MATA DA SERRA,MASCULINO,PARDA
violencia_domestica,violencia_social,,,12.0,0_14,CACHOEIRO DE ITAPEMIRIM,DOUTOR GILSON CARONE,FEMININO,PARDA
violencia_domestica,violencia_social,,,14.0,0_14,SOORETAMA,SAYONARA,FEMININO,NEGRA
violencia_domestica,violencia_social,,,15.0,15_17,LARANJA DA TERRA,ZONA RURAL,FEMININO,BRANCA
violencia_domestica,violencia_social,,,16.0,15_17,JOAO NEIVA,MONTE LIBANO,FEMININO,PARDA
violencia_domestica,violencia_social,,,18.0,18_24,VILA VELHA,VILA GARRIDO,FEMININO,PARDA
violencia_domestica,violencia_social,,,18.0,18_24,ARACRUZ,VILA NOVA,MASCULINO,INDIGENA
violencia_domestica,violencia_social,,,18.0,18_24,PRESIDENTE KENNEDY,MAROBA,FEMININO,PARDA
violencia_domestica,violencia_social,,,19.0,18_24,CACHOEIRO DE ITAPEMIRIM,MONTE LIBANO,FEMININO,NEGRA
violencia_domestica,violencia_social,,,20.0,18_24,VILA VELHA,VILA GARRIDO,FEMININO,NEGRA
violencia_domestica,violencia_social,,,20.0,18_24,AGUA DOCE DO NORTE,OUTRO LOCAL,FEMININO,PARDA
violencia_domestica,violencia_social,,,21.0,18_24,DORES DO RIO PRETO,PATRIMONIO MUNDO NOVO,FEMININO,BRANCA
violencia_domestica,violencia_social,,,21.0,18_24,DORES DO RIO PRETO,CACHOEIRA ALEGRE,FEMININO,BRANCA
violencia_domestica,violencia_social,,,22.0,18_24,LINHARES,OUTRO LOCAL,FEMININO,PARDA
violencia_domestica,violencia_social,,,23.0,18_24,VITORIA,UNIVERSITARIO,MASCULINO,PARDA
violencia_domestica,violencia_social,,,24.0,18_24,IBIRACU,SAO CRISTOVAO,FEMININO,PARDA
violencia_domestica,violencia_social,,,25.0,25_34,VILA VELHA,COBILANDIA,FEMININO,PARDA
violencia_domestica,violencia_social,,,25.0,25_34,VILA VELHA,PRAIA DE ITAPARICA,FEMININO,NEGRA
violencia_domestica,violencia_social,,,26.0,25_34,CARIACICA,SOTELANDIA,FEMININO,BRANCA
violencia_domestica,violencia_social,,,26.0,25_34,CASTELO,CASTELO III,FEMININO,BRANCA
violencia_domestica,violencia_social,,,27.0,25_34,CACHOEIRO DE ITAPEMIRIM,MONTE BELO,FEMININO,PARDA
violencia_domestica,violencia_social,,,27.0,25_34,SERRA,NOVO HORIZONTE,FEMININO,BRANCA
violencia_domestica,violencia_social,,,28.0,25_34,CARIACICA,JARDIM BOTANICO,MASCULINO,PARDA
violencia_domestica,violencia_social,,,28.0,25_34,CARIACICA,NOVO HORIZONTE,FEMININO,PARDA
violencia_domestica,violencia_social,,,28.0,25_34,SERRA,SAO PATRICIO,FEMININO,NEGRA
violencia_domestica,violencia_social,,,29.0,25_34,BARRA DE SAO FRANCISCO,BAIRRO IRMAOS FERNANDES,FEMININO,BRANCA
violencia_domestica,violencia_social,,,30.0,25_34,PIUMA,CENTRO,FEMININO,PARDA
violencia_domestica,violencia_social,,,30.0,25_34,APIACA,FRANCISCO JORGE DA SILVA,FEMININO,NEGRA
violencia_domestica,violencia_social,,,31.0,25_34,MUCURICI,ALTO BONITO,FEMININO,PARDA
violencia_domestica,violencia_social,,,31.0,25_34,FUNDAO,OUTRO LOCAL,FEMININO,NEGRA
violencia_domestica,violencia_social,,,31.0,25_34,SERRA,FEU ROSA,FEMININO,PARDA
violencia_domestica,violencia_social,,,31.0,25_34,CACHOEIRO DE ITAPEMIRIM,TIJUCA,FEMININO,BRANCA
violencia_domestica,violencia_social,,,31.0,25_34,CACHOEIRO DE ITAPEMIRIM,TIJUCA,FEMININO,BRANCA
violencia_domestica,violencia_social,,,32.0,25_34,ARACRUZ,OUTRO LOCAL,FEMININO,PARDA
violencia_domestica,violencia_social,,,32.0,25_34,SERRA,CIVIT II,FEMININO,PARDA
violencia_domestica,violencia_social,,,32.0,25_34,BAIXO GUANDU,ROSARIO I,FEMININO,PARDA
violencia_domestica,violencia_social,,,34.0,25_34,LARANJA DA TERRA,ZONA RURAL,FEMININO,PARDA
violencia_domestica,violencia_social,,,35.0,35_44,CARIACICA,PROLAR,FEMININO,NEGRA
violencia_domestica,violencia_social,,,35.0,35_44,CACHOEIRO DE ITAPEMIRIM,DOUTOR GILSON CARONE,FEMININO,PARDA
violencia_domestica,violencia_social,,,37.0,35_44,SAO MATEUS,AROEIRA,FEMININO,PARDA
violencia_domestica,violencia_social,,,38.0,35_44,ICONHA,CENTRO,FEMININO,PARDA
violencia_domestica,violencia_social,,,38.0,35_44,LINHARES,PLANALTO,FEMININO,PARDA
violencia_domestica,violencia_social,,,38.0,35_44,SERRA,MANGUINHOS,FEMININO,BRANCA
violencia_domestica,violencia_social,,,39.0,35_44,CARIACICA,CASTELO BRANCO,FEMININO,BRANCA
violencia_domestica,violencia_social,,,40.0,35_44,VILA VELHA,ATAIDE,FEMININO,PARDA
violencia_domestica,violencia_social,,,40.0,35_44,CACHOEIRO DE ITAPEMIRIM,ITAOCA,FEMININO,PARDA
violencia_domestica,violencia_social,,,40.0,35_44,JAGUARE,FATIMA,FEMININO,PARDA
violencia_domestica,violencia_social,,,41.0,35_44,IRUPI,OUTRO LOCAL,FEMININO,PARDA
violencia_domestica,violencia_social,,,41.0,35_44,ANCHIETA,OUTRO LOCAL,FEMININO,BRANCA
violencia_domestica,violencia_social,,,41.0,35_44,CARIACICA,SANTO ANDRE,FEMININO,PARDA
violencia_domestica,violencia_social,,,41.0,35_44,VITORIA,CONQUISTA,FEMININO,BRANCA
violencia_domestica,violencia_social,,,42.0,35_44,LINHARES,POVOACAO,FEMININO,PARDA
violencia_domestica,violencia_social,,,42.0,35_44,MUNIZ FREIRE,SAO VICENTE DE PAULA,FEMININO,BRANCA
violencia_domestica,violencia_social,,,44.0,35_44,CARIACICA,VERA CRUZ,S/I,PARDA
violencia_domestica,violencia_social,,,45.0,45_54,PRESIDENTE KENNEDY,MAROBA,FEMININO,PARDA
violencia_domestica,violencia_social,,,46.0,45_54,BOA ESPERANCA,ILMO COVRE,FEMININO,BRANCA
violencia_domestica,violencia_social,,,46.0,45_54,SERRA,MATA DA SERRA,FEMININO,PARDA
violencia_domestica,violencia_social,,,47.0,45_54,CACHOEIRO DE ITAPEMIRIM,ALTO NOVO PARQUE,FEMININO,BRANCA
violencia_domestica,violencia_social,,,47.0,45_54,JAGUARE,CENTRO,FEMININO,NEGRA
violencia_domestica,violencia_social,,,49.0,45_54,SAO MATEUS,CENTRO,FEMININO,PARDA
violencia_domestica,violencia_social,,,49.0,45_54,SOORETAMA,SAYONARA,FEMININO,NEGRA
violencia_domestica,violencia_social,,,49.0,45_54,VITORIA,REDENCAO,FEMININO,NEGRA
violencia_domestica,violencia_social,,,51.0,45_54,SAO MATEUS,SANTO ANTONIO,FEMININO,BRANCA
violencia_domestica,violencia_social,,,53.0,45_54,CARIACICA,MORADA DE SANTA FE,FEMININO,PARDA
violencia_domestica,violencia_social,,,55.0,55_64,CARIACICA,VALE ESPERANCA,FEMININO,PARDA
violencia_domestica,violencia_social,,,56.0,55_64,SERRA,FEU ROSA,FEMININO,NEGRA
violencia_domestica,violencia_social,,,58.0,55_64,SANTA MARIA DE JETIBA,ALTOS SEBASTIAO,FEMININO,BRANCA
violencia_domestica,violencia_social,,,58.0,55_64,SERRA,NOVO HORIZONTE,FEMININO,NEGRA
violencia_domestica,violencia_social,,,,,NOVA VENECIA,BONFIM,FEMININO,PARDA
violencia_domestica,violencia_social,,,,,VITORIA,SAO PEDRO,S/I,PARDA
violencia_domestica,violencia_social,,,15.0,15_17,BARRA DE SAO FRANCISCO,BAIRRO VILA LANDINHA,MASCULINO,INDETERMINADA
violencia_domestica,violencia_social,,,16.0,15_17,ARACRUZ,BELA VISTA,FEMININO,BRANCA
violencia_domestica,violencia_social,,,18.0,18_24,VILA VELHA,BARRAMARES,FEMININO,PARDA
violencia_domestica,violencia_social,,,18.0,18_24,LINHARES,OUTRO LOCAL,FEMININO,PARDA
violencia_domestica,violencia_social,,,19.0,18_24,SAO GABRIEL DA PALHA,GUSTAVO BOONE,FEMININO,INDETERMINADA
violencia_domestica,violencia_social,,,19.0,18_24,CARIACICA,PROLAR,FEMININO,BRANCA
violencia_domestica,violencia_social,,,20.0,18_24,GUACUI,OUTRO LOCAL,FEMININO,BRANCA
violencia_domestica,violencia_social,,,20.0,18_24,SERRA,PLANALTO SERRANO,FEMININO,BRANCA
violencia_domestica,violencia_social,,,21.0,18_24,CARIACICA,PADRE GABRIEL,FEMININO,PARDA
violencia_domestica,violencia_social,,,21.0,18_24,SOORETAMA,SALVADOR,FEMININO,PARDA
violencia_domestica,violencia_social,,,22.0,18_24,CARIACICA,CRUZEIRO DO SUL,FEMININO,BRANCA
violencia_domestica,violencia_social,,,24.0,18_24,PRESIDENTE KENNEDY,CACIMBINHA,FEMININO,PARDA
violencia_domestica,violencia_social,,,24.0,18_24,CACHOEIRO DE ITAPEMIRIM,NOVO PARQUE,FEMININO,PARDA
violencia_domestica,violencia_social,,,25.0,25_34,ALFREDO CHAVES,CENTRO,FEMININO,PARDA
violencia_domestica,violencia_social,,,25.0,25_34,GUARAPARI,SANTA MONICA,FEMININO,PARDA
violencia_domestica,violencia_social,,,26.0,25_34,CARIACICA,NOVA ROSA DA PENHA,FEMININO,BRANCA
violencia_domestica,violencia_social,,,28.0,25_34,MARECHAL FLORIANO,ZONA RURAL,FEMININO,PARDA
violencia_domestica,violencia_social,,,29.0,25_34,SAO MATEUS,BOM SUCESSO,FEMININO,PARDA
violencia_domestica,violencia_social,,,29.0,25_34,LINHARES,INTERLAGOS,FEMININO,BRANCA
violencia_domestica,violencia_social,,,29.0,25_34,VILA VELHA,ALVORADA,FEMININO,BRANCA
violencia_domestica,violencia_social,,,30.0,25_34,SERRA,BARCELONA,FEMININO,INDIGENA
violencia_domestica,violencia_social,,,30.0,25_34,ARACRUZ,VILA RICA,MASCULINO,PARDA
violencia_domestica,violencia_social,,,30.0,25_34,VIANA,UNIVERSAL,FEMININO,PARDA
violencia_domestica,violencia_social,,,30.0,25_34,CARIACICA,NOVA ROSA DA PENHA,FEMININO,INDETERMINADA
violencia_domestica,violencia_social,,,30.0,25_34,NOVA VENECIA,AEROPORTO,FEMININO,NEGRA
violencia_domestica,violencia_social,,,31.0,25_34,GUACUI,CENTRO,FEMININO,BRANCA
violencia_domestica,violencia_social,,,31.0,25_34,VILA VELHA,PONTA DA FRUTA,FEMININO,BRANCA
violencia_domestica,violencia_social,,,33.0,25_34,BARRA DE SAO FRANCISCO,MONTE SENIR,FEMININO,PARDA
violencia_domestica,violencia_social,,,33.0,25_34,CARIACICA,ALTO DA BOA VISTA,FEMININO,PARDA
violencia_domestica,violencia_social,,,34.0,25_34,VIANA,SOTECO,FEMININO,PARDA
violencia_domestica,violencia_social,,,37.0,35_44,ITAPEMIRIM,JOACIMA,FEMININO,PARDA
violencia_domestica,violencia_social,,,37.0,35_44,ITAPEMIRIM,JOACIMA,FEMININO,PARDA
violencia_domestica,violencia_social,,,37.0,35_44,SERRA,JARDIM ATLANTICO,FEMININO,PARDA
violencia_domestica,violencia_social,,,38.0,35_44,PRESIDENTE KENNEDY,CENTRO,FEMININO,PARDA
violencia_domestica,violencia_social,,,38.0,35_44,VILA VELHA,NOSSA SENHORA DA PENHA,FEMININO,NEGRA
violencia_domestica,violencia_social,,,38.0,35_44,SAO MATEUS,CHACARA DO CRICARE,FEMININO,BRANCA
violencia_domestica,violencia_social,,,40.0,35_44,SANTA TERESA,SAO LOURENCO,FEMININO,PARDA
violencia_domestica,violencia_social,,,40.0,35_44,SERRA,CACAROCA,FEMININO,NEGRA
violencia_domestica,violencia_social,,,41.0,35_44,SERRA,PARQUE DAS GAIVOTAS,FEMININO,PARDA
violencia_domestica,violencia_social,,,43.0,35_44,CARIACICA,NOVA ROSA DA PENHA,FEMININO,PARDA
violencia_domestica,violencia_social,,,45.0,45_54,VITORIA,SAO PEDRO,FEMININO,PARDA
violencia_domestica,violencia_social,,,48.0,45_54,SAO JOSE DO CALCADO,NITEROI,FEMININO,PARDA
violencia_domestica,violencia_social,,,48.0,45_54,GUARAPARI,BALNEARIO MEAIPE,FEMININO,PARDA
violencia_domestica,violencia_social,,,50.0,45_54,SERRA,GUARACIABA,FEMININO,PARDA
violencia_domestica,violencia_social,,,51.0,45_54,JOAO NEIVA,CENTRO,FEMININO,PARDA
violencia_domestica,violencia_social,,,53.0,45_54,SAO MATEUS,NESTOR GOMES,FEMININO,PARDA
violencia_domestica,violencia_social,,,53.0,45_54,FUNDAO,ORLY RAMOS,FEMININO,BRANCA
violencia_domestica,violencia_social,,,53.0,45_54,VITORIA,ITARARE,FEMININO,PARDA
violencia_domestica,violencia_social,,,53.0,45_54,CASTELO,ESPLANADA,FEMININO,BRANCA
violencia_domestica,violencia_social,,,55.0,55_64,PRESIDENTE KENNEDY,SAO SALVADOR,FEMININO,NEGRA
violencia_domestica,violencia_social,,,55.0,55_64,SERRA,BALNEARIO DE CARAPEBUS,FEMININO,NEGRA
violencia_domestica,violencia_social,,,55.0,55_64,SERRA,BAIRRO DAS LARANJEIRAS,FEMININO,NEGRA
violencia_domestica,violencia_social,,,59.0,55_64,BARRA DE SAO FRANCISCO,BAIRRO VILA LANDINHA,FEMININO,BRANCA
violencia_domestica,violencia_social,,,62.0,55_64,SAO GABRIEL DA PALHA,APARECIDA,FEMININO,BRANCA
violencia_domestica,violencia_social,,,63.0,55_64,LINHARES,BEBEDOURO,FEMININO,PARDA
violencia_domestica,violencia_social,,,65.0,65_PLUS,VILA VELHA,IBES,FEMININO,PARDA
violencia_domestica,violencia_social,,,69.0,65_PLUS,ARACRUZ,VILA RICA,FEMININO,BRANCA
violencia_domestica,violencia_social,,,71.0,65_PLUS,BOA ESPERANCA,CRUZEIRO,FEMININO,PARDA
violencia_domestica,violencia_social,,,,,ANCHIETA,OUTRO LOCAL,FEMININO,BRANCA
violencia_domestica,violencia_social,,,,,NOVA VENECIA,CRISTALINO,FEMININO,BRANCA
violencia_domestica,violencia_social,,,,,VILA VELHA,DARLY SANTOS,FEMININO,PARDA
violencia_domestica,violencia_social,,,13.0,0_14,LINHARES,OUTRO LOCAL,FEMININO,AMARELA
violencia_domestica,violencia_social,,,14.0,0_14,CACHOEIRO DE ITAPEMIRIM,VILAGE DA LUZ,FEMININO,PARDA
violencia_domestica,violencia_social,,,15.0,15_17,LINHARES,OUTRO LOCAL,MASCULINO,PARDA
violencia_domestica,violencia_social,,,16.0,15_17,PANCAS,OPERARIO,FEMININO,PARDA
violencia_domestica,violencia_social,,,16.0,15_17,SAO MATEUS,ZONA RURAL,FEMININO,PARDA
violencia_domestica,violencia_social,,,17.0,15_17,ALEGRE,VILA DO SUL,FEMININO,BRANCA
violencia_domestica,violencia_social,,,18.0,18_24,SAO GABRIEL DA PALHA,CENTRO,FEMININO,AMARELA
violencia_domestica,violencia_social,,,18.0,18_24,GOVERNADOR LINDENBERG,NOVA BRASILIA,FEMININO,BRANCA
violencia_domestica,violencia_social,,,20.0,18_24,ITAPEMIRIM,ITAOCA,FEMININO,BRANCA
violencia_domestica,violencia_social,,,23.0,18_24,CACHOEIRO DE ITAPEMIRIM,CORAMARA,FEMININO,NEGRA
violencia_domestica,violencia_social,,,23.0,18_24,BAIXO GUANDU,CENTRO,FEMININO,PARDA
violencia_domestica,violencia_social,,,23.0,18_24,COLATINA,NOVO HORIZONTE,FEMININO,BRANCA
violencia_domestica,violencia_social,,,24.0,18_24,VILA VELHA,DARLY SANTOS,FEMININO,BRANCA
violencia_domestica,violencia_social,,,25.0,25_34,VILA VELHA,DOM JOAO BATISTA,FEMININO,BRANCA
violencia_domestica,violencia_social,,,27.0,25_34,VILA VELHA,PRAIA DAS GAIVOTAS,FEMININO,BRANCA
violencia_domestica,violencia_social,,,29.0,25_34,VILA VELHA,ALVORADA,FEMININO,BRANCA
violencia_domestica,violencia_social,,,29.0,25_34,CARIACICA,NOVO BRASIL,FEMININO,NEGRA
violencia_domestica,violencia_social,,,29.0,25_34,GUACUI,SAO MIGUEL,FEMININO,PARDA
violencia_domestica,violencia_social,,,29.0,25_34,ARACRUZ,FATIMA,FEMININO,PARDA
violencia_domestica,violencia_social,,,30.0,25_34,CASTELO,INDEPENDENCIA,FEMININO,NEGRA
violencia_domestica,violencia_social,,,30.0,25_34,VILA VELHA,SOTECO,FEMININO,BRANCA
violencia_domestica,violencia_social,,,31.0,25_34,ALEGRE,VILA DO SUL,FEMININO,PARDA
violencia_domestica,violencia_social,,,31.0,25_34,CASTELO,INDEPENDENCIA,MASCULINO,BRANCA
violencia_domestica,violencia_social,,,31.0,25_34,CACHOEIRO DE ITAPEMIRIM,MONTE CRISTO,FEMININO,PARDA
violencia_domestica,violencia_social,,,31.0,25_34,LINHARES,OUTRO LOCAL,FEMININO,BRANCA
violencia_domestica,violencia_social,,,32.0,25_34,PRESIDENTE KENNEDY,JAQUEIRA,FEMININO,PARDA
violencia_domestica,violencia_social,,,32.0,25_34,CACHOEIRO DE ITAPEMIRIM,ITAOCA,FEMININO,PARDA
violencia_domestica,violencia_social,,,33.0,25_34,COLATINA,SANTOS DUMONT,FEMININO,NEGRA
violencia_domestica,violencia_social,,,33.0,25_34,ARACRUZ,BARRA DO RIACHO,FEMININO,PARDA
violencia_domestica,violencia_social,,,33.0,25_34,COLATINA,NOSSA SENHORA APARECIDA,FEMININO,PARDA
violencia_domestica,violencia_social,,,33.0,25_34,VITORIA,SANTA LUIZA,FEMININO,PARDA
violencia_domestica,violencia_social,,,35.0,35_44,CACHOEIRO DE ITAPEMIRIM,INDEPENDENCIA,FEMININO,NEGRA
violencia_domestica,violencia_social,,,36.0,35_44,SERRA,ANDRE CARLONI,FEMININO,NEGRA
violencia_domestica,violencia_social,,,36.0,35_44,VILA VELHA,NOVO MEXICO,FEMININO,INDETERMINADA
violencia_domestica,violencia_social,,,36.0,35_44,VITORIA,RESISTENCIA,MASCULINO,NEGRA
violencia_domestica,violencia_social,,,37.0,35_44,SERRA,VALPARAISO,FEMININO,PARDA
violencia_domestica,violencia_social,,,38.0,35_44,GOVERNADOR LINDENBERG,NOVA BRASILIA,FEMININO,BRANCA
violencia_domestica,violencia_social,,,38.0,35_44,CARIACICA,SANTA LUZIA,FEMININO,BRANCA
violencia_domestica,violencia_social,,,39.0,35_44,VILA VELHA,PAUL,FEMININO,PARDA
violencia_domestica,violencia_social,,,41.0,35_44,MARATAIZES,BARRA DE ITAPEMIRIM,FEMININO,PARDA
violencia_domestica,violencia_social,,,42.0,35_44,ALEGRE,VILA DO SUL,FEMININO,INDETERMINADA
violencia_domestica,violencia_social,,,42.0,35_44,GUARAPARI,PEROCAO,FEMININO,NEGRA
violencia_domestica,violencia_social,,,42.0,35_44,SAO MATEUS,ZONA RURAL,MASCULINO,NEGRA
violencia_domestica,violencia_social,,,43.0,35_44,CACHOEIRO DE ITAPEMIRIM,MONTE CRISTO,FEMININO,PARDA
violencia_domestica,violencia_social,,,43.0,35_44,SANTA TERESA,VILA NOVA,FEMININO,PARDA
violencia_domestica,violencia_social,,,44.0,35_44,VILA VELHA,COBILANDIA,FEMININO,PARDA
violencia_domestica,violencia_social,,,47.0,45_54,GUARAPARI,SAO GABRIEL,FEMININO,PARDA
violencia_domestica,violencia_social,,,47.0,45_54,SAO MATEUS,ZONA RURAL,FEMININO,BRANCA
violencia_domestica,violencia_social,,,52.0,45_54,CARIACICA,CARIACICA SEDE,FEMININO,PARDA
violencia_domestica,violencia_social,,,52.0,45_54,SERRA,SAO MARCOS II,FEMININO,PARDA
violencia_domestica,violencia_social,,,54.0,45_54,VITORIA,ANTONIO HONORIO,FEMININO,PARDA
violencia_domestica,violencia_social,,,54.0,45_54,SERRA,JARDIM CARAPINA,FEMININO,PARDA
violencia_domestica,violencia_social,,,55.0,55_64,IBATIBA,TROCATE,FEMININO,BRANCA
violencia_domestica,violencia_social,,,55.0,55_64,CARIACICA,ITACIBA,FEMININO,PARDA
violencia_domestica,violencia_social,,,62.0,55_64,VILA VELHA,DARLY SANTOS,FEMININO,PARDA
violencia_domestica,violencia_social,,,70.0,65_PLUS,NOVA VENECIA,ALTOE,FEMININO,PARDA
violencia_domestica,violencia_social,,,78.0,65_PLUS,SAO MATEUS,NESTOR GOMES,FEMININO,PARDA
violencia_domestica,violencia_social,,,,,ITAPEMIRIM,GOMES,S/I,PARDA
violencia_domestica,violencia_social,,,,,JERONIMO MONTEIRO,OUTRO LOCAL,S/I,NEGRA
violencia_domestica,violencia_social,,,,,CARIACICA,NOVA ROSA DA PENHA,S/I,PARDA
violencia_domestica,violencia_social,,,,,CARIACICA,NOVA ROSA DA PENHA,MASCULINO,PARDA
violencia_domestica,violencia_social,,,15.0,15_17,CARIACICA,VILA MERLO,FEMININO,PARDA
violencia_domestica,violencia_social,,,17.0,15_17,FUNDAO,OUTRO LOCAL,FEMININO,PARDA
violencia_domestica,violencia_social,,,17.0,15_17,GUARAPARI,MUQUICABA,FEMININO,PARDA
violencia_domestica,violencia_social,,,20.0,18_24,ARACRUZ,OUTRO LOCAL,FEMININO,BRANCA
violencia_domestica,violencia_social,,,21.0,18_24,ARACRUZ,SEGATO,FEMININO,BRANCA
violencia_domestica,violencia_social,,,23.0,18_24,LINHARES,JUPARANA,FEMININO,NEGRA
violencia_domestica,violencia_social,,,24.0,18_24,COLATINA,SAO MARCOS,FEMININO,PARDA
violencia_domestica,violencia_social,,,25.0,25_34,GUARAPARI,SANTA MARGARIDA,FEMININO,BRANCA
violencia_domestica,violencia_social,,,26.0,25_34,SERRA,PARQUE RESIDENCIAL TUBARAO,FEMININO,PARDA
violencia_domestica,violencia_social,,,27.0,25_34,LINHARES,SANTA CRUZ,FEMININO,BRANCA
violencia_domestica,violencia_social,,,28.0,25_34,CARIACICA,PORTO DE SANTANA,FEMININO,NEGRA
violencia_domestica,violencia_social,,,30.0,25_34,VILA VELHA,GLORIA,FEMININO,NEGRA
violencia_domestica,violencia_social,,,30.0,25_34,VILA VELHA,RIO MARINHO,FEMININO,PARDA
violencia_domestica,violencia_social,,,30.0,25_34,VILA VELHA,ATAIDE,FEMININO,NEGRA
violencia_domestica,violencia_social,,,32.0,25_34,CARIACICA,PORTO DE SANTANA,FEMININO,BRANCA
violencia_domestica,violencia_social,,,32.0,25_34,GUARAPARI,SANTA MONICA,FEMININO,PARDA
violencia_domestica,violencia_social,,,32.0,25_34,VILA VELHA,JARDIM MARILANDIA,FEMININO,PARDA
violencia_domestica,violencia_social,,,32.0,25_34,VITORIA,JARDIM CAMBURI,FEMININO,BRANCA
violencia_domestica,violencia_social,,,32.0,25_34,SERRA,ELDORADO,FEMININO,AMARELA
violencia_domestica,violencia_social,,,36.0,35_44,VILA PAVAO,CENTRO,FEMININO,PARDA
violencia_domestica,violencia_social,,,38.0,35_44,CACHOEIRO DE ITAPEMIRIM,CENTRO,FEMININO,PARDA
violencia_domestica,violencia_social,,,38.0,35_44,ARACRUZ,SEGATO,FEMININO,BRANCA
violencia_domestica,violencia_social,,,38.0,35_44,SERRA,BAIRRO DE FATIMA,FEMININO,BRANCA
violencia_domestica,violencia_social,,,39.0,35_44,COLATINA,COLATINA VELHA,FEMININO,BRANCA
violencia_domestica,violencia_social,,,40.0,35_44,SAO MATEUS,OUTRO LOCAL,FEMININO,PARDA
violencia_domestica,violencia_social,,,41.0,35_44,SERRA,NOVA ALMEIDA CENTRO,FEMININO,PARDA
violencia_domestica,violencia_social,,,41.0,35_44,SERRA,PARQUE DAS GAIVOTAS,FEMININO,PARDA
violencia_domestica,violencia_social,,,41.0,35_44,COLATINA,OUTRO LOCAL,FEMININO,PARDA
violencia_domestica,violencia_social,,,44.0,35_44,SERRA,BARCELONA,FEMININO,INDETERMINADA
violencia_domestica,violencia_social,,,44.0,35_44,BOA ESPERANCA,CENTRO,FEMININO,NEGRA
violencia_domestica,violencia_social,,,45.0,45_54,SERRA,CASTELANDIA,FEMININO,NEGRA
violencia_domestica,violencia_social,,,46.0,45_54,ITAPEMIRIM,ITAOCA,FEMININO,PARDA
violencia_domestica,violencia_social,,,47.0,45_54,BOM JESUS DO NORTE,LOTEAMENTO GRANDE VITORIA,FEMININO,BRANCA
violencia_domestica,violencia_social,,,48.0,45_54,SERRA,SERRA DOURADA III,S/I,PARDA
violencia_domestica,violencia_social,,,49.0,45_54,LINHARES,PALMITAL,FEMININO,BRANCA
violencia_domestica,violencia_social,,,58.0,55_64,CACHOEIRO DE ITAPEMIRIM,AQUIDABAN,FEMININO,NEGRA
violencia_domestica,violencia_social,,,59.0,55_64,VILA VELHA,BARRAMARES,S/I,PARDA
violencia_domestica,violencia_social,,,63.0,55_64,SERRA,NOVA CARAPINA I,FEMININO,PARDA
violencia_domestica,violencia_social,,,,,MUQUI,SAO DOMINGOS,FEMININO,BRANCA
violencia_domestica,violencia_social,,,,,ITAPEMIRIM,ITAOCA,S/I,PARDA
violencia_domestica,violencia_social,,,10.0,0_14,ARACRUZ,VILA RICA,FEMININO,PARDA
violencia_domestica,violencia_social,,,18.0,18_24,CACHOEIRO DE ITAPEMIRIM,COUTINHO,FEMININO,BRANCA
violencia_domestica,violencia_social,,,19.0,18_24,SERRA,VILA NOVA DE COLARES,FEMININO,PARDA
violencia_domestica,violencia_social,,,19.0,18_24,CACHOEIRO DE ITAPEMIRIM,BAIMINAS,FEMININO,BRANCA
violencia_domestica,violencia_social,,,19.0,18_24,CONCEICAO DO CASTELO,CENTRO,FEMININO,BRANCA
violencia_domestica,violencia_social,,,21.0,18_24,GUARAPARI,PORTAL CLUB,FEMININO,PARDA
violencia_domestica,violencia_social,,,23.0,18_24,NOVA VENECIA,RUBIA,FEMININO,BRANCA
violencia_domestica,violencia_social,,,23.0,18_24,VILA VELHA,BARRAMARES,FEMININO,PARDA
violencia_domestica,violencia_social,,,25.0,25_34,SOORETAMA,OUTRO LOCAL,FEMININO,PARDA
violencia_domestica,violencia_social,,,25.0,25_34,CARIACICA,VILA CAPIXABA,FEMININO,PARDA
violencia_domestica,violencia_social,,,25.0,25_34,VILA VELHA,ATAIDE,FEMININO,PARDA
violencia_domestica,violencia_social,,,25.0,25_34,SERRA,CIVIT I,FEMININO,PARDA
violencia_domestica,violencia_social,,,26.0,25_34,COLATINA,MARIA DAS GRACAS,FEMININO,BRANCA
violencia_domestica,violencia_social,,,26.0,25_34,ECOPORANGA,ZONA RURAL,FEMININO,PARDA
violencia_domestica,violencia_social,,,26.0,25_34,NOVA VENECIA,ALTOE,FEMININO,BRANCA
violencia_domestica,violencia_social,,,27.0,25_34,MARECHAL FLORIANO,OUTRO LOCAL,FEMININO,BRANCA
violencia_domestica,violencia_social,,,27.0,25_34,COLATINA,OPERARIO,FEMININO,PARDA
violencia_domestica,violencia_social,,,29.0,25_34,IBATIBA,FLORESTA,FEMININO,NEGRA
violencia_domestica,violencia_social,,,30.0,25_34,VITORIA,JARDIM CAMBURI,FEMININO,BRANCA
violencia_domestica,violencia_social,,,30.0,25_34,BOM JESUS DO NORTE,LOTEAMENTO GRANDE VITORIA,FEMININO,NEGRA
violencia_domestica,violencia_social,,,31.0,25_34,VITORIA,ITARARE,FEMININO,PARDA
violencia_domestica,violencia_social,,,32.0,25_34,ITARANA,CENTRO,FEMININO,BRANCA
violencia_domestica,violencia_social,,,32.0,25_34,CARIACICA,ITANGUA,FEMININO,PARDA
violencia_domestica,violencia_social,,,32.0,25_34,SERRA,COLINA DE LARANJEIRAS,FEMININO,PARDA
violencia_domestica,violencia_social,,,33.0,25_34,SAO MATEUS,GURIRI,S/I,PARDA
violencia_domestica,violencia_social,,,34.0,25_34,CARIACICA,SANTA PAULA,FEMININO,PARDA
violencia_domestica,violencia_social,,,36.0,35_44,CARIACICA,ALTO LAGE,FEMININO,BRANCA
violencia_domestica,violencia_social,,,37.0,35_44,COLATINA,SAO SILVANO,FEMININO,BRANCA
violencia_domestica,violencia_social,,,37.0,35_44,COLATINA,BELA VISTA,FEMININO,BRANCA
violencia_domestica,violencia_social,,,39.0,35_44,COLATINA,COLUMBIA,FEMININO,PARDA
violencia_domestica,violencia_social,,,39.0,35_44,COLATINA,OPERARIO,FEMININO,PARDA
violencia_domestica,violencia_social,,,39.0,35_44,CARIACICA,PORTO DE CARIACICA,FEMININO,NEGRA
violencia_domestica,violencia_social,,,42.0,35_44,ITARANA,CENTRO,MASCULINO,BRANCA
violencia_domestica,violencia_social,,,42.0,35_44,CARIACICA,CARIACICA SEDE,FEMININO,BRANCA
violencia_domestica,violencia_social,,,42.0,35_44,JAGUARE,CENTRO,FEMININO,BRANCA
violencia_domestica,violencia_social,,,42.0,35_44,SERRA,CASTELANDIA,FEMININO,PARDA
violencia_domestica,violencia_social,,,43.0,35_44,ARACRUZ,CENTRO,FEMININO,PARDA
violencia_domestica,violencia_social,,,44.0,35_44,VILA VELHA,ILHA DAS FLORES,FEMININO,NEGRA
violencia_domestica,violencia_social,,,46.0,45_54,BOA ESPERANCA,AGUA BOA,FEMININO,PARDA
violencia_domestica,violencia_social,,,46.0,45_54,SERRA,SAO DIOGO I,FEMININO,PARDA
violencia_domestica,violencia_social,,,46.0,45_54,COLATINA,SAO JOAO PEQUENO,FEMININO,PARDA
violencia_domestica,violencia_social,,,47.0,45_54,COLATINA,MARIA DAS GRACAS,FEMININO,PARDA
violencia_domestica,violencia_social,,,47.0,45_54,VITORIA,BENTO FERREIRA,FEMININO,BRANCA
violencia_domestica,violencia_social,,,48.0,45_54,SANTA MARIA DE JETIBA,SAO LUIS,FEMININO,BRANCA
violencia_domestica,violencia_social,,,48.0,45_54,SERRA,VISTA DA SERRA I,FEMININO,PARDA
violencia_domestica,violencia_social,,,49.0,45_54,CARIACICA,BUBU,FEMININO,INDIGENA
violencia_domestica,violencia_social,,,50.0,45_54,VILA VELHA,BARRA DO JUCU,FEMININO,PARDA
violencia_domestica,violencia_social,,,56.0,55_64,ALFREDO CHAVES,ZONA RURAL,FEMININO,PARDA
violencia_domestica,violencia_social,,,59.0,55_64,CARIACICA,MUCURI,FEMININO,PARDA
violencia_domestica,violencia_social,,,62.0,55_64,PINHEIROS,JARDIM PLANALTO,FEMININO,BRANCA
violencia_domestica,violencia_social,,,62.0,55_64,LINHARES,INTERLAGOS,FEMININO,PARDA
violencia_domestica,violencia_social,,,78.0,65_PLUS,PINHEIROS,JARDIM PLANALTO,MASCULINO,PARDA
violencia_domestica,violencia_social,,,,,COLATINA,OLIVIO ZANOTELI,FEMININO,PARDA
violencia_domestica,violencia_social,,,,,CACHOEIRO DE ITAPEMIRIM,BOA VISTA,MASCULINO,S/I
violencia_domestica,violencia_social,,,,,CACHOEIRO DE ITAPEMIRIM,BOA VISTA,MASCULINO,S/I
violencia_domestica,violencia_social,,,7.0,0_14,LINHARES,INTERLAGOS,MASCULINO,PARDA
violencia_domestica,violencia_social,,,18.0,18_24,AFONSO CLAUDIO,CENTRO,FEMININO,BRANCA
violencia_domestica,violencia_social,,,18.0,18_24,IBIRACU,PEDRO PALACIOS,FEMININO,PARDA
violencia_domestica,violencia_social,,,18.0,18_24,ARACRUZ,SEGATO,FEMININO,PARDA
violencia_domestica,violencia_social,,,20.0,18_24,ITAPEMIRIM,CENTRO,FEMININO,BRANCA
violencia_domestica,violencia_social,,,20.0,18_24,CARIACICA,NOVO HORIZONTE,FEMININO,NEGRA
violencia_domestica,violencia_social,,,21.0,18_24,SAO MATEUS,CARAPINA,FEMININO,AMARELA
violencia_domestica,violencia_social,,,21.0,18_24,SAO MATEUS,SANTO ANTONIO,FEMININO,PARDA
violencia_domestica,violencia_social,,,24.0,18_24,IRUPI,ZONA RURAL,FEMININO,BRANCA
violencia_domestica,violencia_social,,,25.0,25_34,BARRA DE SAO FRANCISCO,BAIRRO CAMPO NOVO,FEMININO,BRANCA
violencia_domestica,violencia_social,,,25.0,25_34,CACHOEIRO DE ITAPEMIRIM,VILA RICA,FEMININO,BRANCA
violencia_domestica,violencia_social,,,25.0,25_34,MARATAIZES,CENTRO,FEMININO,PARDA
violencia_domestica,violencia_social,,,25.0,25_34,LINHARES,INTERLAGOS,FEMININO,BRANCA
violencia_domestica,violencia_social,,,25.0,25_34,CARIACICA,PORTO DE SANTANA,FEMININO,BRANCA
violencia_domestica,violencia_social,,,27.0,25_34,SAO DOMINGOS DO NORTE,CAIXA DAGUA,FEMININO,NEGRA
violencia_domestica,violencia_social,,,27.0,25_34,CACHOEIRO DE ITAPEMIRIM,MONTE BELO,FEMININO,BRANCA
violencia_domestica,violencia_social,,,28.0,25_34,CACHOEIRO DE ITAPEMIRIM,VILA RICA,FEMININO,BRANCA
violencia_domestica,violencia_social,,,28.0,25_34,VENDA NOVA DO IMIGRANTE,SAO JOSE DO ALTO VICOSA,FEMININO,PARDA
violencia_domestica,violencia_social,,,29.0,25_34,COLATINA,CARLOS GERMANO NAUMANN,FEMININO,BRANCA
violencia_domestica,violencia_social,,,29.0,25_34,LINHARES,INTERLAGOS,FEMININO,PARDA
violencia_domestica,violencia_social,,,29.0,25_34,ITAPEMIRIM,ITAIPAVA,FEMININO,PARDA
violencia_domestica,violencia_social,,,30.0,25_34,GUARAPARI,CENTRO,FEMININO,PARDA
violencia_domestica,violencia_social,,,30.0,25_34,VILA VELHA,NOSSA SENHORA DA PENHA,FEMININO,PARDA
violencia_domestica,violencia_social,,,30.0,25_34,SERRA,CARAPINA GRANDE,FEMININO,PARDA
violencia_domestica,violencia_social,,,31.0,25_34,CARIACICA,CAMPO VERDE,FEMININO,BRANCA
violencia_domestica,violencia_social,,,31.0,25_34,CARIACICA,SANTO ANDRE,FEMININO,BRANCA
violencia_domestica,violencia_social,,,32.0,25_34,VITORIA,SANTOS REIS,FEMININO,PARDA
violencia_domestica,violencia_social,,,32.0,25_34,VILA VELHA,VILA GARRIDO,FEMININO,NEGRA
violencia_domestica,violencia_social,,,37.0,35_44,MARECHAL FLORIANO,VICTOR HUGO,FEMININO,BRANCA
violencia_domestica,violencia_social,,,37.0,35_44,SERRA,NOVO HORIZONTE,FEMININO,PARDA
violencia_domestica,violencia_social,,,39.0,35_44,SANTA TERESA,CENTENARIO,FEMININO,BRANCA
violencia_domestica,violencia_social,,,39.0,35_44,GUARAPARI,SANTA MONICA,FEMININO,BRANCA
violencia_domestica,violencia_social,,,40.0,35_44,CARIACICA,PORTO DE CARIACICA,FEMININO,PARDA
violencia_domestica,violencia_social,,,41.0,35_44,CONCEICAO DA BARRA,ZONA RURAL,FEMININO,PARDA
violencia_domestica,violencia_social,,,44.0,35_44,ARACRUZ,BARRA DO RIACHO,FEMININO,BRANCA
violencia_domestica,violencia_social,,,44.0,35_44,ITAGUACU,OTTO LUIZ HOFFMAN,FEMININO,PARDA
violencia_domestica,violencia_social,,,45.0,45_54,CACHOEIRO DE ITAPEMIRIM,BOA VISTA,FEMININO,BRANCA
violencia_domestica,violencia_social,,,46.0,45_54,IBATIBA,CENTRO,FEMININO,BRANCA
violencia_domestica,violencia_social,,,47.0,45_54,SANTA MARIA DE JETIBA,SAO SEBASTIAO DO MEIO,FEMININO,PARDA
violencia_domestica,violencia_social,,,49.0,45_54,IUNA,PITO,FEMININO,BRANCA
violencia_domestica,violencia_social,,,49.0,45_54,CACHOEIRO DE ITAPEMIRIM,PARQUE DAS LARANJEIRAS,FEMININO,BRANCA
violencia_domestica,violencia_social,,,50.0,45_54,VENDA NOVA DO IMIGRANTE,BANANEIRAS,FEMININO,PARDA
violencia_domestica,violencia_social,,,52.0,45_54,COLATINA,OLIVIO ZANOTELI,FEMININO,PARDA
violencia_domestica,violencia_social,,,52.0,45_54,VITORIA,BENTO FERREIRA,FEMININO,BRANCA
violencia_domestica,violencia_social,,,53.0,45_54,VILA VELHA,BOA VISTA II,FEMININO,PARDA
violencia_domestica,violencia_social,,,58.0,55_64,GUARAPARI,MUQUICABA,FEMININO,NEGRA
violencia_domestica,violencia_social,,,59.0,55_64,SERRA,VISTA DA SERRA II,FEMININO,NEGRA
violencia_domestica,violencia_social,,,67.0,65_PLUS,BOM JESUS DO NORTE,CENTRO,MASCULINO,PARDA
violencia_domestica,violencia_social,,,16.0,15_17,SERRA,VILA NOVA DE COLARES,FEMININO,PARDA
violencia_domestica,violencia_social,,,20.0,18_24,CARIACICA,SANTA BARBARA,FEMININO,PARDA
violencia_domestica,violencia_social,,,23.0,18_24,CONCEICAO DA BARRA,NOVA BETHANIA,FEMININO,PARDA
violencia_domestica,violencia_social,,,23.0,18_24,CACHOEIRO DE ITAPEMIRIM,GUANDU,FEMININO,BRANCA
violencia_domestica,violencia_social,,,24.0,18_24,SERRA,BAIRRO DAS LARANJEIRAS,FEMININO,PARDA
violencia_domestica,violencia_social,,,25.0,25_34,COLATINA,VILA REAL,FEMININO,PARDA
violencia_domestica,violencia_social,,,28.0,25_34,VITORIA,SAO CRISTOVAO,FEMININO,PARDA
violencia_domestica,violencia_social,,,29.0,25_34,IBATIBA,BRASIL NOVO,FEMININO,NEGRA
violencia_domestica,violencia_social,,,30.0,25_34,SANTA MARIA DE JETIBA,ALTO RIO TRIUNFO,FEMININO,BRANCA
violencia_domestica,violencia_social,,,31.0,25_34,CACHOEIRO DE ITAPEMIRIM,SANTA HELENA,FEMININO,BRANCA
violencia_domestica,violencia_social,,,31.0,25_34,VILA VELHA,ILHA DOS BENTOS,FEMININO,BRANCA
violencia_domestica,violencia_social,,,31.0,25_34,SERRA,JARDIM CARAPINA,FEMININO,PARDA
violencia_domestica,violencia_social,,,32.0,25_34,LINHARES,OUTRO LOCAL,FEMININO,BRANCA
violencia_domestica,violencia_social,,,32.0,25_34,VITORIA,GURIGICA,FEMININO,PARDA
violencia_domestica,violencia_social,,,35.0,35_44,VILA VELHA,BOA VISTA II,FEMININO,NEGRA
violencia_domestica,violencia_social,,,35.0,35_44,GUARAPARI,MUQUICABA,FEMININO,PARDA
violencia_domestica,violencia_social,,,37.0,35_44,LINHARES,NOVO HORIZONTE,FEMININO,BRANCA
violencia_domestica,violencia_social,,,38.0,35_44,VILA VELHA,IBES,FEMININO,NEGRA
violencia_domestica,violencia_social,,,39.0,35_44,VITORIA,SANTA CLARA,FEMININO,BRANCA
violencia_domestica,violencia_social,,,40.0,35_44,SAO GABRIEL DA PALHA,PROGRESSO,FEMININO,INDETERMINADA
violencia_domestica,violencia_social,,,41.0,35_44,CARIACICA,SANTA BARBARA,FEMININO,PARDA
violencia_domestica,violencia_social,,,42.0,35_44,CACHOEIRO DE ITAPEMIRIM,GUANDU,FEMININO,BRANCA
violencia_domestica,violencia_social,,,43.0,35_44,VILA VELHA,ILHA DAS FLORES,FEMININO,NEGRA
violencia_domestica,violencia_social,,,44.0,35_44,LINHARES,SANTA CRUZ,FEMININO,PARDA
violencia_domestica,violencia_social,,,44.0,35_44,SERRA,PARQUE DAS GAIVOTAS,FEMININO,PARDA
violencia_domestica,violencia_social,,,44.0,35_44,SERRA,PARQUE DAS GAIVOTAS,FEMININO,PARDA
violencia_domestica,violencia_social,,,45.0,45_54,LINHARES,AVISO,FEMININO,NEGRA
violencia_domestica,violencia_social,,,45.0,45_54,GUARAPARI,OUTRO LOCAL,FEMININO,PARDA
violencia_domestica,violencia_social,,,46.0,45_54,LINHARES,OUTRO LOCAL,FEMININO,BRANCA
violencia_domestica,violencia_social,,,47.0,45_54,SERRA,CAMARA,FEMININO,NEGRA
violencia_domestica,violencia_social,,,48.0,45_54,COLATINA,BELA VISTA,FEMININO,PARDA
violencia_domestica,violencia_social,,,50.0,45_54,CACHOEIRO DE ITAPEMIRIM,ALTO UNIAO,FEMININO,PARDA
violencia_domestica,violencia_social,,,51.0,45_54,CACHOEIRO DE ITAPEMIRIM,COSTA E SILVA,FEMININO,BRANCA
violencia_domestica,violencia_social,,,61.0,55_64,VENDA NOVA DO IMIGRANTE,SANTA CRUZ,FEMININO,BRANCA
violencia_domestica,violencia_social,,,62.0,55_64,AFONSO CLAUDIO,OUTRO LOCAL,FEMININO,PARDA
violencia_domestica,violencia_social,,,72.0,65_PLUS,VITORIA,JABOUR,FEMININO,NEGRA
violencia_domestica,violencia_social,,,17.0,15_17,VILA VELHA,SANTA INES,MASCULINO,PARDA
violencia_domestica,violencia_social,,,18.0,18_24,MIMOSO DO SUL,MANGUEIRA,FEMININO,NEGRA
violencia_domestica,violencia_social,,,19.0,18_24,VILA VELHA,SOTECO,FEMININO,BRANCA
violencia_domestica,violencia_social,,,20.0,18_24,PRESIDENTE KENNEDY,SAO PAULO,FEMININO,PARDA
violencia_domestica,violencia_social,,,23.0,18_24,COLATINA,SAO MIGUEL,FEMININO,BRANCA
violencia_domestica,violencia_social,,,24.0,18_24,CARIACICA,PORTO DE CARIACICA,FEMININO,PARDA
violencia_domestica,violencia_social,,,25.0,25_34,MONTANHA,ALCEBIADES,FEMININO,PARDA
violencia_domestica,violencia_social,,,26.0,25_34,VILA VELHA,ALECRIM,FEMININO,PARDA
violencia_domestica,violencia_social,,,26.0,25_34,VILA VELHA,RESIDENCIAL JABAETE,FEMININO,NEGRA
violencia_domestica,violencia_social,,,28.0,25_34,JAGUARE,NOVO HORIZONTE,FEMININO,PARDA
violencia_domestica,violencia_social,,,29.0,25_34,VILA VELHA,SANTA INES,FEMININO,NEGRA
violencia_domestica,violencia_social,,,30.0,25_34,VILA VELHA,VILA GARRIDO,FEMININO,PARDA
violencia_domestica,violencia_social,,,30.0,25_34,LINHARES,AVISO,FEMININO,PARDA
violencia_domestica,violencia_social,,,30.0,25_34,VILA VELHA,COCAL,FEMININO,PARDA
violencia_domestica,violencia_social,,,31.0,25_34,IUNA,QUILOMBO,FEMININO,NEGRA
violencia_domestica,violencia_social,,,34.0,25_34,ALEGRE,CENTRO,FEMININO,NEGRA
violencia_domestica,violencia_social,,,34.0,25_34,SERRA,ENSEADA DE JACARAIPE,FEMININO,NEGRA
violencia_domestica,violencia_social,,,35.0,35_44,SERRA,LARANJEIRAS VELHA,FEMININO,NEGRA
violencia_domestica,violencia_social,,,36.0,35_44,SAO JOSE DO CALCADO,CENTRO,FEMININO,PARDA
violencia_domestica,violencia_social,,,36.0,35_44,VILA VELHA,COQUEIRAL DE ITAPARICA,FEMININO,PARDA
violencia_domestica,violencia_social,,,37.0,35_44,LINHARES,SANTA CRUZ,FEMININO,PARDA
violencia_domestica,violencia_social,,,37.0,35_44,VILA VELHA,VILA NOVA,FEMININO,BRANCA
violencia_domestica,violencia_social,,,40.0,35_44,VITORIA,JARDIM DA PENHA,FEMININO,PARDA
violencia_domestica,violencia_social,,,41.0,35_44,VILA VELHA,PONTA DA FRUTA,FEMININO,AMARELA
violencia_domestica,violencia_social,,,41.0,35_44,ICONHA,SANTA LUZIA,FEMININO,NEGRA
violencia_domestica,violencia_social,,,42.0,35_44,JAGUARE,CENTRO,FEMININO,BRANCA
violencia_domestica,violencia_social,,,44.0,35_44,ARACRUZ,GUARANA,FEMININO,BRANCA
violencia_domestica,violencia_social,,,45.0,45_54,VITORIA,JARDIM DA PENHA,MASCULINO,BRANCA
violencia_domestica,violencia_social,,,46.0,45_54,VIANA,ARLINDO ANGELO VILLASCHI,FEMININO,PARDA
violencia_domestica,violencia_social,,,46.0,45_54,VIANA,VILA BETHANIA,FEMININO,PARDA
violencia_domestica,violencia_social,,,46.0,45_54,VILA VELHA,IBES,FEMININO,NEGRA
violencia_domestica,violencia_social,,,47.0,45_54,SERRA,TAQUARA I,FEMININO,NEGRA
violencia_domestica,violencia_social,,,47.0,45_54,CACHOEIRO DE ITAPEMIRIM,SOTURNO,FEMININO,PARDA
violencia_domestica,violencia_social,,,48.0,45_54,ITAPEMIRIM,ITAOCA,FEMININO,INDETERMINADA
violencia_domestica,violencia_social,,,55.0,55_64,VILA VELHA,VALE ENCANTADO,FEMININO,BRANCA
violencia_domestica,violencia_social,,,56.0,55_64,PANCAS,OPERARIO,FEMININO,NEGRA
violencia_domestica,violencia_social,,,57.0,55_64,VILA VELHA,ALECRIM,S/I,PARDA
violencia_domestica,violencia_social,,,65.0,65_PLUS,VILA VELHA,SOTECO,FEMININO,PARDA
violencia_domestica,violencia_social,,,65.0,65_PLUS,SERRA,FEU ROSA,FEMININO,PARDA
violencia_domestica,violencia_social,,,68.0,65_PLUS,SANTA LEOPOLDINA,COLINA VERDE,FEMININO,PARDA
violencia_domestica,violencia_social,,,69.0,65_PLUS,SERRA,TAQUARA I,MASCULINO,NEGRA
violencia_domestica,violencia_social,,,74.0,65_PLUS,MARATAIZES,BELVEDERE,FEMININO,BRANCA
violencia_domestica,violencia_social,,,,,LINHARES,INTERLAGOS,S/I,AMARELA
violencia_domestica,violencia_social,,,,,RIO BANANAL,SAO SEBASTIAO,S/I,PARDA
violencia_domestica,violencia_social,,,14.0,0_14,ARACRUZ,VILA DO RIACHO,FEMININO,PARDA
violencia_domestica,violencia_social,,,17.0,15_17,BREJETUBA,CENTRO,FEMININO,BRANCA
violencia_domestica,violencia_social,,,21.0,18_24,ALEGRE,CHARQUEADA,FEMININO,PARDA
violencia_domestica,violencia_social,,,21.0,18_24,COLATINA,COLUMBIA,FEMININO,INDETERMINADA
violencia_domestica,violencia_social,,,22.0,18_24,GUARAPARI,SANTA MONICA,FEMININO,PARDA
violencia_domestica,violencia_social,,,23.0,18_24,CACHOEIRO DE ITAPEMIRIM,CENTRO,FEMININO,BRANCA
violencia_domestica,violencia_social,,,23.0,18_24,CONCEICAO DA BARRA,ZONA RURAL,FEMININO,BRANCA
violencia_domestica,violencia_social,,,24.0,18_24,SERRA,CARAPINA GRANDE,FEMININO,AMARELA
violencia_domestica,violencia_social,,,24.0,18_24,ITAPEMIRIM,BREJO GRANDE DO NORTE,FEMININO,AMARELA
violencia_domestica,violencia_social,,,25.0,25_34,NOVA VENECIA,SAO CRISTOVAO,FEMININO,PARDA
violencia_domestica,violencia_social,,,25.0,25_34,VITORIA,MARIA ORTIZ,FEMININO,PARDA
violencia_domestica,violencia_social,,,26.0,25_34,SERRA,CHACARA PARREIRAL,FEMININO,PARDA
violencia_domestica,violencia_social,,,26.0,25_34,CARIACICA,VERA CRUZ,FEMININO,NEGRA
violencia_domestica,violencia_social,,,26.0,25_34,GUARAPARI,SAO GABRIEL,FEMININO,PARDA
violencia_domestica,violencia_social,,,27.0,25_34,VILA VELHA,VALE ENCANTADO,FEMININO,PARDA
violencia_domestica,violencia_social,,,27.0,25_34,VILA VELHA,VALE ENCANTADO,FEMININO,PARDA
violencia_domestica,violencia_social,,,27.0,25_34,SERRA,JARDIM LIMOEIRO,FEMININO,NEGRA
violencia_domestica,violencia_social,,,27.0,25_34,SERRA,JARDIM CARAPINA,FEMININO,NEGRA
violencia_domestica,violencia_social,,,28.0,25_34,VILA VELHA,PRAIA DE ITAPARICA,FEMININO,PARDA
violencia_domestica,violencia_social,,,28.0,25_34,CARIACICA,SANTANA,MASCULINO,BRANCA
violencia_domestica,violencia_social,,,29.0,25_34,PRESIDENTE KENNEDY,MAROBA,FEMININO,BRANCA
violencia_domestica,violencia_social,,,30.0,25_34,VILA VELHA,SAO CONRADO,MASCULINO,PARDA
violencia_domestica,violencia_social,,,30.0,25_34,SANTA TERESA,JARDIM DA MONTANHA,FEMININO,BRANCA
violencia_domestica,violencia_social,,,31.0,25_34,BARRA DE SAO FRANCISCO,BAIRRO IRMAOS FERNANDES,FEMININO,PARDA
violencia_domestica,violencia_social,,,31.0,25_34,CARIACICA,PADRE GABRIEL,FEMININO,NEGRA
violencia_domestica,violencia_social,,,31.0,25_34,SAO MATEUS,OUTRO LOCAL,FEMININO,BRANCA
violencia_domestica,violencia_social,,,31.0,25_34,SERRA,CARAPINA GRANDE,FEMININO,PARDA
violencia_domestica,violencia_social,,,32.0,25_34,ARACRUZ,VILA RICA,FEMININO,BRANCA
violencia_domestica,violencia_social,,,32.0,25_34,CARIACICA,ITACIBA,FEMININO,BRANCA
violencia_domestica,violencia_social,,,32.0,25_34,SERRA,RESIDENCIAL VISTA DO MESTRE,FEMININO,BRANCA
violencia_domestica,violencia_social,,,33.0,25_34,ARACRUZ,SAO JOSE,FEMININO,BRANCA
violencia_domestica,violencia_social,,,34.0,25_34,VILA VELHA,SAO CONRADO,FEMININO,PARDA
violencia_domestica,violencia_social,,,34.0,25_34,VILA VELHA,SAO CONRADO,FEMININO,PARDA
violencia_domestica,violencia_social,,,35.0,35_44,LINHARES,PLANALTO,FEMININO,PARDA
violencia_domestica,violencia_social,,,35.0,35_44,SERRA,NOVO PORTO CANOA,FEMININO,BRANCA
violencia_domestica,violencia_social,,,36.0,35_44,SERRA,COLINA DE LARANJEIRAS,FEMININO,PARDA
violencia_domestica,violencia_social,,,37.0,35_44,IRUPI,CENTRO,FEMININO,NEGRA
violencia_domestica,violencia_social,,,38.0,35_44,CACHOEIRO DE ITAPEMIRIM,ABELARDO MACHADO,FEMININO,BRANCA
violencia_domestica,violencia_social,,,39.0,35_44,SERRA,JOSE DE ANCHIETA II,FEMININO,PARDA
violencia_domestica,violencia_social,,,40.0,35_44,COLATINA,ANTONIO DAMIANI,FEMININO,PARDA
violencia_domestica,violencia_social,,,40.0,35_44,SERRA,CASTELANDIA,FEMININO,NEGRA
violencia_domestica,violencia_social,,,41.0,35_44,GUARAPARI,IPIRANGA,FEMININO,PARDA
violencia_domestica,violencia_social,,,42.0,35_44,ARACRUZ,VILA DO RIACHO,FEMININO,PARDA
violencia_domestica,violencia_social,,,42.0,35_44,VILA VELHA,VILA GARRIDO,FEMININO,PARDA
violencia_domestica,violencia_social,,,42.0,35_44,LINHARES,NOVA ESPERANCA,FEMININO,PARDA
violencia_domestica,violencia_social,,,42.0,35_44,VILA VELHA,RESIDENCIAL JABAETE,FEMININO,NEGRA
violencia_domestica,violencia_social,,,42.0,35_44,CARIACICA,BANDEIRANTES,FEMININO,PARDA
violencia_domestica,violencia_social,,,46.0,45_54,CARIACICA,SANTANA,FEMININO,NEGRA
violencia_domestica,violencia_social,,,46.0,45_54,IBIRACU,CAMPAGNARO,FEMININO,BRANCA
violencia_domestica,violencia_social,,,46.0,45_54,VITORIA,CENTRO,FEMININO,BRANCA
violencia_domestica,violencia_social,,,47.0,45_54,SERRA,RESIDENCIAL JACARAIPE,FEMININO,PARDA
violencia_domestica,violencia_social,,,49.0,45_54,CACHOEIRO DE ITAPEMIRIM,PARQUE DAS LARANJEIRAS,FEMININO,PARDA
violencia_domestica,violencia_social,,,50.0,45_54,SERRA,FEU ROSA,FEMININO,BRANCA
violencia_domestica,violencia_social,,,51.0,45_54,LINHARES,ARACA,FEMININO,PARDA
violencia_domestica,violencia_social,,,53.0,45_54,GUARAPARI,MUQUICABA,FEMININO,PARDA
violencia_domestica,violencia_social,,,56.0,55_64,VILA VELHA,ARIBIRI,FEMININO,BRANCA
violencia_domestica,violencia_social,,,57.0,55_64,COLATINA,BELA VISTA,FEMININO,BRANCA
violencia_domestica,violencia_social,,,65.0,65_PLUS,MARILANDIA,INDUSTRIAL,FEMININO,BRANCA
violencia_domestica,violencia_social,,,,,COLATINA,NOVO HORIZONTE,FEMININO,PARDA
violencia_domestica,violencia_social,,,14.0,0_14,BREJETUBA,CORREGO GRANDE,FEMININO,PARDA
violencia_domestica,violencia_social,,,14.0,0_14,LINHARES,AVISO,FEMININO,BRANCA
violencia_domestica,violencia_social,,,18.0,18_24,VILA VELHA,JARDIM ASTECA,FEMININO,BRANCA
violencia_domestica,violencia_social,,,20.0,18_24,ARACRUZ,VILA NOVA,FEMININO,BRANCA
violencia_domestica,violencia_social,,,20.0,18_24,ARACRUZ,VILA NOVA,FEMININO,BRANCA
violencia_domestica,violencia_social,,,21.0,18_24,LINHARES,INTERLAGOS,FEMININO,BRANCA
violencia_domestica,violencia_social,,,21.0,18_24,PRESIDENTE KENNEDY,JAQUEIRA,FEMININO,PARDA
violencia_domestica,violencia_social,,,21.0,18_24,CARIACICA,SANTO ANTONIO,FEMININO,NEGRA
violencia_domestica,violencia_social,,,21.0,18_24,VARGEM ALTA,CENTRO,FEMININO,PARDA
violencia_domestica,violencia_social,,,22.0,18_24,SANTA TERESA,CALDEIRAO,FEMININO,BRANCA
violencia_domestica,violencia_social,,,22.0,18_24,SAO MATEUS,NOVA ERA,FEMININO,PARDA
violencia_domestica,violencia_social,,,23.0,18_24,SERRA,VILA NOVA DE COLARES,FEMININO,PARDA
violencia_domestica,violencia_social,,,23.0,18_24,CARIACICA,CRUZEIRO DO SUL,FEMININO,PARDA
violencia_domestica,violencia_social,,,23.0,18_24,SERRA,CENTRAL CARAPINA,FEMININO,BRANCA
violencia_domestica,violencia_social,,,24.0,18_24,SERRA,BALNEARIO DE CARAPEBUS,FEMININO,PARDA
violencia_domestica,violencia_social,,,24.0,18_24,PINHEIROS,GALILEIA,FEMININO,PARDA
violencia_domestica,violencia_social,,,24.0,18_24,ARACRUZ,VILA NOVA,MASCULINO,BRANCA
violencia_domestica,violencia_social,,,24.0,18_24,ARACRUZ,VILA NOVA,MASCULINO,BRANCA
violencia_domestica,violencia_social,,,24.0,18_24,CARIACICA,CAMPO VERDE,FEMININO,INDETERMINADA
violencia_domestica,violencia_social,,,25.0,25_34,SAO GABRIEL DA PALHA,CENTRO,FEMININO,BRANCA
violencia_domestica,violencia_social,,,25.0,25_34,VITORIA,JOANA DARC,FEMININO,NEGRA
violencia_domestica,violencia_social,,,26.0,25_34,BREJETUBA,CORREGO GRANDE,FEMININO,PARDA
violencia_domestica,violencia_social,,,27.0,25_34,COLATINA,HONORIO FRAGA,FEMININO,PARDA
violencia_domestica,violencia_social,,,27.0,25_34,CARIACICA,ITANGUA,FEMININO,PARDA
violencia_domestica,violencia_social,,,27.0,25_34,APIACA,CENTRO,FEMININO,BRANCA
violencia_domestica,violencia_social,,,27.0,25_34,VITORIA,FORTE SAO JOAO,FEMININO,PARDA
violencia_domestica,violencia_social,,,27.0,25_34,CARIACICA,ALTO DA BOA VISTA,FEMININO,PARDA
violencia_domestica,violencia_social,,,27.0,25_34,VIANA,NOVA BETHANIA,FEMININO,PARDA
violencia_domestica,violencia_social,,,27.0,25_34,PIUMA,LAGO AZUL,FEMININO,PARDA
violencia_domestica,violencia_social,,,28.0,25_34,LINHARES,AVISO,FEMININO,NEGRA
violencia_domestica,violencia_social,,,28.0,25_34,BARRA DE SAO FRANCISCO,BAIRRO VILA LUCIENE,FEMININO,PARDA
violencia_domestica,violencia_social,,,28.0,25_34,LINHARES,AVISO,FEMININO,NEGRA
violencia_domestica,violencia_social,,,29.0,25_34,SERRA,SERRAMAR,FEMININO,BRANCA
violencia_domestica,violencia_social,,,29.0,25_34,ARACRUZ,SAO JOSE,FEMININO,BRANCA
violencia_domestica,violencia_social,,,29.0,25_34,MONTANHA,FUNDAO,FEMININO,INDETERMINADA
violencia_domestica,violencia_social,,,29.0,25_34,RIO BANANAL,SAO SEBASTIAO,FEMININO,PARDA
violencia_domestica,violencia_social,,,29.0,25_34,CARIACICA,CAMPO VERDE,FEMININO,BRANCA
violencia_domestica,violencia_social,,,29.0,25_34,VITORIA,ITARARE,FEMININO,PARDA
violencia_domestica,violencia_social,,,29.0,25_34,VILA VELHA,JARDIM ASTECA,FEMININO,BRANCA
violencia_domestica,violencia_social,,,29.0,25_34,CACHOEIRO DE ITAPEMIRIM,DOUTOR GILSON CARONE,FEMININO,PARDA
violencia_domestica,violencia_social,,,30.0,25_34,SERRA,BAIRRO DAS LARANJEIRAS,FEMININO,PARDA
violencia_domestica,violencia_social,,,31.0,25_34,LINHARES,INTERLAGOS,FEMININO,BRANCA
violencia_domestica,violencia_social,,,31.0,25_34,NOVA VENECIA,SAO CRISTOVAO,MASCULINO,PARDA
violencia_domestica,violencia_social,,,32.0,25_34,LINHARES,PLANALTO,FEMININO,PARDA
violencia_domestica,violencia_social,,,33.0,25_34,VILA VELHA,ARIBIRI,FEMININO,PARDA
violencia_domestica,violencia_social,,,33.0,25_34,GUACUI,SAO ROMAO,FEMININO,AMARELA
violencia_domestica,violencia_social,,,33.0,25_34,IUNA,PEQUIA,FEMININO,PARDA
violencia_domestica,violencia_social,,,34.0,25_34,MARILANDIA,GERMANO,FEMININO,NEGRA
violencia_domestica,violencia_social,,,35.0,35_44,VIANA,ZONA RURAL,FEMININO,PARDA
violencia_domestica,violencia_social,,,35.0,35_44,LINHARES,OUTRO LOCAL,FEMININO,PARDA
violencia_domestica,violencia_social,,,35.0,35_44,ARACRUZ,MAR AZUL,FEMININO,PARDA
violencia_domestica,violencia_social,,,36.0,35_44,PIUMA,CENTRO,FEMININO,BRANCA
violencia_domestica,violencia_social,,,39.0,35_44,SERRA,SOLAR DE ANCHIETA,FEMININO,PARDA
violencia_domestica,violencia_social,,,39.0,35_44,PRESIDENTE KENNEDY,CENTRO,FEMININO,BRANCA
violencia_domestica,violencia_social,,,39.0,35_44,COLATINA,AYRTON SENNA,FEMININO,PARDA
violencia_domestica,violencia_social,,,39.0,35_44,VILA VELHA,SANTA RITA,FEMININO,BRANCA
violencia_domestica,violencia_social,,,40.0,35_44,VIANA,VILA BETHANIA,FEMININO,PARDA
violencia_domestica,violencia_social,,,41.0,35_44,SANTA MARIA DE JETIBA,CENTRO,FEMININO,PARDA
violencia_domestica,violencia_social,,,41.0,35_44,JAGUARE,AGUA LIMPA,FEMININO,PARDA
violencia_domestica,violencia_social,,,42.0,35_44,VILA VELHA,SANTA INES,FEMININO,NEGRA
violencia_domestica,violencia_social,,,42.0,35_44,BREJETUBA,CORREGO GRANDE,FEMININO,PARDA
violencia_domestica,violencia_social,,,42.0,35_44,SOORETAMA,PARQUE SAO JORGE,FEMININO,NEGRA
violencia_domestica,violencia_social,,,44.0,35_44,ARACRUZ,BARRA DO RIACHO,FEMININO,BRANCA
violencia_domestica,violencia_social,,,44.0,35_44,FUNDAO,PRAIA GRANDE,FEMININO,BRANCA
violencia_domestica,violencia_social,,,44.0,35_44,GUARAPARI,CENTRO,FEMININO,NEGRA
violencia_domestica,violencia_social,,,44.0,35_44,CARIACICA,EXPEDITO,FEMININO,PARDA
violencia_domestica,violencia_social,,,45.0,45_54,LINHARES,AVISO,FEMININO,PARDA
violencia_domestica,violencia_social,,,45.0,45_54,COLATINA,MARIA DAS GRACAS,FEMININO,PARDA
violencia_domestica,violencia_social,,,45.0,45_54,SERRA,PLANALTO SERRANO,FEMININO,PARDA
violencia_domestica,violencia_social,,,46.0,45_54,MONTANHA,CENTRO,FEMININO,PARDA
violencia_domestica,violencia_social,,,46.0,45_54,GUARAPARI,PRAIA DO MORRO,FEMININO,INDETERMINADA
violencia_domestica,violencia_social,,,46.0,45_54,ALEGRE,OUTRO LOCAL,FEMININO,BRANCA
violencia_domestica,violencia_social,,,47.0,45_54,IBITIRAMA,CENTRO,FEMININO,BRANCA
violencia_domestica,violencia_social,,,48.0,45_54,COLATINA,BELA VISTA,FEMININO,PARDA
violencia_domestica,violencia_social,,,49.0,45_54,SERRA,PITANGA,FEMININO,PARDA
violencia_domestica,violencia_social,,,53.0,45_54,ITARANA,BARRA DO LIMEIRO,FEMININO,INDIGENA
violencia_domestica,violencia_social,,,54.0,45_54,SAO JOSE DO CALCADO,CENTRO,FEMININO,NEGRA
violencia_domestica,violencia_social,,,56.0,55_64,ARACRUZ,POLIVALENTE,FEMININO,PARDA
violencia_domestica,violencia_social,,,60.0,55_64,LINHARES,CANIVETE,FEMININO,PARDA
violencia_domestica,violencia_social,,,63.0,55_64,ARACRUZ,BARRA DO RIACHO,FEMININO,BRANCA
violencia_domestica,violencia_social,,,64.0,55_64,COLATINA,SANTO ANTONIO,FEMININO,BRANCA
violencia_domestica,violencia_social,,,65.0,65_PLUS,MARILANDIA,VISTA BELA,FEMININO,BRANCA
violencia_domestica,violencia_social,,,68.0,65_PLUS,ARACRUZ,SANTA CRUZ,FEMININO,PARDA
violencia_domestica,violencia_social,,,70.0,65_PLUS,ARACRUZ,SANTA CRUZ,MASCULINO,BRANCA
violencia_domestica,violencia_social,,,74.0,65_PLUS,ARACRUZ,SANTA CRUZ,MASCULINO,BRANCA
violencia_domestica,violencia_social,,,,,BAIXO GUANDU,SAPUCAIA,FEMININO,BRANCA
violencia_domestica,violencia_social,,,14.0,0_14,NOVA VENECIA,RUBIA,FEMININO,PARDA
violencia_domestica,violencia_social,,,16.0,15_17,VILA VALERIO,BOA VISTA,FEMININO,INDETERMINADA
violencia_domestica,violencia_social,,,19.0,18_24,VITORIA,DA PENHA,FEMININO,NEGRA
violencia_domestica,violencia_social,,,19.0,18_24,VITORIA,DA PENHA,FEMININO,NEGRA
violencia_domestica,violencia_social,,,20.0,18_24,VENDA NOVA DO IMIGRANTE,ZONA RURAL,MASCULINO,BRANCA
violencia_domestica,violencia_social,,,20.0,18_24,VILA VALERIO,ZONA RURAL,FEMININO,PARDA
violencia_domestica,violencia_social,,,21.0,18_24,FUNDAO,OZEIAS,FEMININO,PARDA
violencia_domestica,violencia_social,,,21.0,18_24,MARECHAL FLORIANO,BATATAL,FEMININO,BRANCA
violencia_domestica,violencia_social,,,21.0,18_24,COLATINA,SANTOS DUMONT,FEMININO,BRANCA
violencia_domestica,violencia_social,,,23.0,18_24,SAO MATEUS,LIBERDADE,FEMININO,PARDA
violencia_domestica,violencia_social,,,23.0,18_24,SERRA,CARAPINA GRANDE,FEMININO,NEGRA
violencia_domestica,violencia_social,,,24.0,18_24,CARIACICA,CAMPINA GRANDE,FEMININO,BRANCA
violencia_domestica,violencia_social,,,26.0,25_34,SAO MATEUS,ZONA RURAL,MASCULINO,PARDA
violencia_domestica,violencia_social,,,26.0,25_34,LINHARES,AVISO,FEMININO,AMARELA
violencia_domestica,violencia_social,,,26.0,25_34,CARIACICA,ALTO LAGE,FEMININO,NEGRA
violencia_domestica,violencia_social,,,26.0,25_34,CARIACICA,PRESIDENTE MEDICE,FEMININO,PARDA
violencia_domestica,violencia_social,,,26.0,25_34,CACHOEIRO DE ITAPEMIRIM,RUBEM BRAGA,FEMININO,NEGRA
violencia_domestica,violencia_social,,,27.0,25_34,ARACRUZ,PLANALTO,FEMININO,PARDA
violencia_domestica,violencia_social,,,27.0,25_34,ARACRUZ,PLANALTO,MASCULINO,NEGRA
violencia_domestica,violencia_social,,,28.0,25_34,ARACRUZ,ITAPUTERA,FEMININO,NEGRA
violencia_domestica,violencia_social,,,29.0,25_34,VILA VELHA,MORADA DA BARRA,FEMININO,NEGRA
violencia_domestica,violencia_social,,,30.0,25_34,CACHOEIRO DE ITAPEMIRIM,ZUMBI,FEMININO,NEGRA
violencia_domestica,violencia_social,,,30.0,25_34,ITAPEMIRIM,ITAIPAVA,FEMININO,PARDA
violencia_domestica,violencia_social,,,30.0,25_34,COLATINA,SAO SILVANO,FEMININO,BRANCA
violencia_domestica,violencia_social,,,31.0,25_34,COLATINA,RIVIERA,FEMININO,PARDA
violencia_domestica,violencia_social,,,31.0,25_34,CACHOEIRO DE ITAPEMIRIM,ZUMBI,FEMININO,NEGRA
violencia_domestica,violencia_social,,,33.0,25_34,BOM JESUS DO NORTE,LOTEAMENTO SILVANA,FEMININO,NEGRA
violencia_domestica,violencia_social,,,33.0,25_34,BAIXO GUANDU,CENTRO,FEMININO,PARDA
violencia_domestica,violencia_social,,,33.0,25_34,SAO MATEUS,OUTRO LOCAL,FEMININO,BRANCA
violencia_domestica,violencia_social,,,33.0,25_34,GUARAPARI,ITAPEBUSSU,FEMININO,PARDA
violencia_domestica,violencia_social,,,34.0,25_34,SERRA,PRAIAMAR,FEMININO,PARDA
violencia_domestica,violencia_social,,,35.0,35_44,GUARAPARI,IPIRANGA,FEMININO,BRANCA
violencia_domestica,violencia_social,,,35.0,35_44,FUNDAO,ORLY RAMOS,FEMININO,PARDA
violencia_domestica,violencia_social,,,37.0,35_44,CACHOEIRO DE ITAPEMIRIM,NOVO PARQUE,FEMININO,BRANCA
violencia_domestica,violencia_social,,,37.0,35_44,LINHARES,SANTA CRUZ,FEMININO,BRANCA
violencia_domestica,violencia_social,,,37.0,35_44,NOVA VENECIA,RUBIA,FEMININO,PARDA
violencia_domestica,violencia_social,,,38.0,35_44,CASTELO,CENTRO,FEMININO,NEGRA
violencia_domestica,violencia_social,,,39.0,35_44,SERRA,BAIRRO DAS LARANJEIRAS,FEMININO,NEGRA
violencia_domestica,violencia_social,,,39.0,35_44,VITORIA,NOVA PALESTINA,FEMININO,BRANCA
violencia_domestica,violencia_social,,,40.0,35_44,VILA VELHA,ITAPOA,FEMININO,BRANCA
violencia_domestica,violencia_social,,,43.0,35_44,CACHOEIRO DE ITAPEMIRIM,RUBEM BRAGA,FEMININO,PARDA
violencia_domestica,violencia_social,,,44.0,35_44,COLATINA,SAO SILVANO,FEMININO,NEGRA
violencia_domestica,violencia_social,,,44.0,35_44,VITORIA,SANTA LUCIA,FEMININO,BRANCA
violencia_domestica,violencia_social,,,51.0,45_54,IBATIBA,ZONA RURAL,FEMININO,INDETERMINADA
violencia_domestica,violencia_social,,,52.0,45_54,VITORIA,COMDUSA,FEMININO,PARDA
violencia_domestica,violencia_social,,,52.0,45_54,JERONIMO MONTEIRO,ZONA RURAL,FEMININO,PARDA
violencia_domestica,violencia_social,,,53.0,45_54,CARIACICA,JARDIM AMERICA,FEMININO,BRANCA
violencia_domestica,violencia_social,,,54.0,45_54,SANTA TERESA,ALVORADA,FEMININO,PARDA
violencia_domestica,violencia_social,,,54.0,45_54,MARATAIZES,CIDADE NOVA,FEMININO,BRANCA
violencia_domestica,violencia_social,,,56.0,55_64,VARGEM ALTA,CENTRO,FEMININO,BRANCA
violencia_domestica,violencia_social,,,57.0,55_64,BAIXO GUANDU,CENTRO,FEMININO,PARDA
violencia_domestica,violencia_social,,,62.0,55_64,SAO GABRIEL DA PALHA,SANTA HELENA,FEMININO,INDETERMINADA
violencia_domestica,violencia_social,,,64.0,55_64,CASTELO,MONTE ALVERNE,FEMININO,BRANCA
violencia_domestica,violencia_social,,,66.0,65_PLUS,SERRA,PRAIAMAR,FEMININO,BRANCA
violencia_domestica,violencia_social,,,70.0,65_PLUS,VITORIA,MARIA ORTIZ,FEMININO,PARDA
violencia_domestica,violencia_social,,,8.0,0_14,ARACRUZ,MOROBA,S/I,INDETERMINADA
violencia_domestica,violencia_social,,,14.0,0_14,ARACRUZ,MOROBA,S/I,INDETERMINADA
violencia_domestica,violencia_social,,,15.0,15_17,MANTENOPOLIS,IPIRANGA,FEMININO,PARDA
violencia_domestica,violencia_social,,,15.0,15_17,ITAPEMIRIM,ITAIPAVA,FEMININO,BRANCA
violencia_domestica,violencia_social,,,16.0,15_17,CARIACICA,SOTEMA,FEMININO,BRANCA
violencia_domestica,violencia_social,,,18.0,18_24,COLATINA,SANTA TEREZINHA,FEMININO,PARDA
violencia_domestica,violencia_social,,,18.0,18_24,VILA VELHA,SANTA INES,FEMININO,NEGRA
violencia_domestica,violencia_social,,,20.0,18_24,NOVA VENECIA,OUTRO LOCAL,FEMININO,PARDA
violencia_domestica,violencia_social,,,21.0,18_24,GUACUI,SANTO ANTONIO,FEMININO,PARDA
violencia_domestica,violencia_social,,,21.0,18_24,COLATINA,COLUMBIA,FEMININO,INDETERMINADA
violencia_domestica,violencia_social,,,21.0,18_24,VITORIA,ITARARE,MASCULINO,PARDA
violencia_domestica,violencia_social,,,22.0,18_24,CARIACICA,CAMPO GRANDE,FEMININO,PARDA
violencia_domestica,violencia_social,,,22.0,18_24,BOA ESPERANCA,BOA MIRA,FEMININO,PARDA
violencia_domestica,violencia_social,,,24.0,18_24,ALTO RIO NOVO,ZONA RURAL,FEMININO,NEGRA
violencia_domestica,violencia_social,,,24.0,18_24,CONCEICAO DO CASTELO,ZONA RURAL,FEMININO,BRANCA
violencia_domestica,violencia_social,,,25.0,25_34,VITORIA,SANTA TEREZA,S/I,AMARELA
violencia_domestica,violencia_social,,,25.0,25_34,CARIACICA,PORTO DE SANTANA,FEMININO,BRANCA
violencia_domestica,violencia_social,,,25.0,25_34,ARACRUZ,PRIMAVERA,FEMININO,PARDA
violencia_domestica,violencia_social,,,26.0,25_34,SERRA,FEU ROSA,FEMININO,NEGRA
violencia_domestica,violencia_social,,,27.0,25_34,VITORIA,SAO BENEDITO,FEMININO,INDETERMINADA
violencia_domestica,violencia_social,,,28.0,25_34,MARECHAL FLORIANO,CENTRO,FEMININO,BRANCA
violencia_domestica,violencia_social,,,29.0,25_34,CONCEICAO DA BARRA,ITAUNAS,FEMININO,PARDA
violencia_domestica,violencia_social,,,29.0,25_34,BAIXO GUANDU,SAPUCAIA,FEMININO,PARDA
violencia_domestica,violencia_social,,,30.0,25_34,ECOPORANGA,ZONA RURAL,FEMININO,PARDA
violencia_domestica,violencia_social,,,30.0,25_34,VILA VELHA,COBILANDIA,FEMININO,NEGRA
violencia_domestica,violencia_social,,,32.0,25_34,LINHARES,SANTA CRUZ,FEMININO,PARDA
violencia_domestica,violencia_social,,,33.0,25_34,LINHARES,PLANALTO,FEMININO,PARDA
violencia_domestica,violencia_social,,,33.0,25_34,SERRA,BARCELONA,FEMININO,PARDA
violencia_domestica,violencia_social,,,33.0,25_34,SAO GABRIEL DA PALHA,SAO SEBASTIAO,FEMININO,NEGRA
violencia_domestica,violencia_social,,,33.0,25_34,SERRA,VILA NOVA DE COLARES,FEMININO,PARDA
violencia_domestica,violencia_social,,,36.0,35_44,MONTANHA,OUTRO LOCAL,FEMININO,INDETERMINADA
violencia_domestica,violencia_social,,,36.0,35_44,VITORIA,SANTOS DUMONT,FEMININO,NEGRA
violencia_domestica,violencia_social,,,37.0,35_44,GUARAPARI,OUTRO LOCAL,FEMININO,BRANCA
violencia_domestica,violencia_social,,,39.0,35_44,ARACRUZ,MOROBA,FEMININO,BRANCA
violencia_domestica,violencia_social,,,40.0,35_44,ITAPEMIRIM,ITAOCA,FEMININO,BRANCA
violencia_domestica,violencia_social,,,41.0,35_44,COLATINA,CENTRO,FEMININO,NEGRA
violencia_domestica,violencia_social,,,41.0,35_44,SERRA,FEU ROSA,FEMININO,PARDA
violencia_domestica,violencia_social,,,41.0,35_44,VILA VELHA,PRAIA DA COSTA,FEMININO,AMARELA
violencia_domestica,violencia_social,,,42.0,35_44,SERRA,ROSARIO DE FATIMA,FEMININO,PARDA
violencia_domestica,violencia_social,,,42.0,35_44,SERRA,PLANALTO SERRANO,FEMININO,PARDA
violencia_domestica,violencia_social,,,43.0,35_44,BREJETUBA,VARGEM GRANDE,FEMININO,PARDA
violencia_domestica,violencia_social,,,43.0,35_44,BOM JESUS DO NORTE,LOTEAMENTO SILVANA,FEMININO,NEGRA
violencia_domestica,violencia_social,,,43.0,35_44,CARIACICA,VILA INDEPENDENCIA,FEMININO,PARDA
violencia_domestica,violencia_social,,,44.0,35_44,VITORIA,JARDIM CAMBURI,FEMININO,PARDA
violencia_domestica,violencia_social,,,45.0,45_54,SAO MATEUS,OUTRO LOCAL,FEMININO,NEGRA
violencia_domestica,violencia_social,,,45.0,45_54,BOM JESUS DO NORTE,LOTEAMENTO SILVANA,MASCULINO,PARDA
violencia_domestica,violencia_social,,,45.0,45_54,VILA VELHA,BARRAMARES,FEMININO,PARDA
violencia_domestica,violencia_social,,,45.0,45_54,PEDRO CANARIO,CENTRO,FEMININO,BRANCA
violencia_domestica,violencia_social,,,45.0,45_54,PRESIDENTE KENNEDY,SANTA LUCIA,FEMININO,PARDA
violencia_domestica,violencia_social,,,46.0,45_54,IBATIBA,BOA ESPERANCA,FEMININO,PARDA
violencia_domestica,violencia_social,,,46.0,45_54,ITAPEMIRIM,ITAIPAVA,FEMININO,BRANCA
violencia_domestica,violencia_social,,,49.0,45_54,VILA VELHA,PRAIA DAS GAIVOTAS,FEMININO,BRANCA
violencia_domestica,violencia_social,,,50.0,45_54,CASTELO,NOSSA SENHORA APARECIDA,FEMININO,BRANCA
violencia_domestica,violencia_social,,,51.0,45_54,MARATAIZES,BELVEDERE,FEMININO,PARDA
violencia_domestica,violencia_social,,,51.0,45_54,VITORIA,ITARARE,FEMININO,BRANCA
violencia_domestica,violencia_social,,,51.0,45_54,VITORIA,ITARARE,FEMININO,BRANCA
violencia_domestica,violencia_social,,,53.0,45_54,ITAGUACU,CENTRO,FEMININO,PARDA
violencia_domestica,violencia_social,,,53.0,45_54,ITAPEMIRIM,ITAIPAVA,MASCULINO,BRANCA
violencia_domestica,violencia_social,,,54.0,45_54,GUARAPARI,SANTA MONICA,FEMININO,PARDA
violencia_domestica,violencia_social,,,54.0,45_54,MANTENOPOLIS,CENTRO,FEMININO,NEGRA
violencia_domestica,violencia_social,,,58.0,55_64,VITORIA,ITARARE,MASCULINO,PARDA
violencia_domestica,violencia_social,,,67.0,65_PLUS,VARGEM ALTA,JACIGUA,FEMININO,PARDA
violencia_domestica,violencia_social,,,18.0,18_24,ARACRUZ,RECANTO FELIZ,FEMININO,PARDA
violencia_domestica,violencia_social,,,20.0,18_24,PEDRO CANARIO,CAMATA,FEMININO,NEGRA
violencia_domestica,violencia_social,,,21.0,18_24,IRUPI,LOTEAMENTO WILSON FERNANDES FERREIRA,FEMININO,PARDA
violencia_domestica,violencia_social,,,21.0,18_24,SERRA,COLINA DE LARANJEIRAS,FEMININO,PARDA
violencia_domestica,violencia_social,,,24.0,18_24,MIMOSO DO SUL,CENTRO,FEMININO,PARDA
violencia_domestica,violencia_social,,,25.0,25_34,VILA VELHA,ULISSES GUIMARAES,FEMININO,PARDA
violencia_domestica,violencia_social,,,25.0,25_34,SERRA,VILA NOVA DE COLARES,FEMININO,PARDA
violencia_domestica,violencia_social,,,25.0,25_34,CARIACICA,SANTANA,FEMININO,NEGRA
violencia_domestica,violencia_social,,,27.0,25_34,LINHARES,MOVELAR,FEMININO,PARDA
violencia_domestica,violencia_social,,,27.0,25_34,CACHOEIRO DE ITAPEMIRIM,CENTRO,FEMININO,PARDA
violencia_domestica,violencia_social,,,29.0,25_34,BREJETUBA,SAO JORGE,FEMININO,NEGRA
violencia_domestica,violencia_social,,,29.0,25_34,SERRA,JARDIM TROPICAL,FEMININO,PARDA
violencia_domestica,violencia_social,,,29.0,25_34,CACHOEIRO DE ITAPEMIRIM,COUTINHO,FEMININO,NEGRA
violencia_domestica,violencia_social,,,29.0,25_34,PINHEIROS,JUNDIA,FEMININO,PARDA
violencia_domestica,violencia_social,,,29.0,25_34,PRESIDENTE KENNEDY,MAROBA,FEMININO,BRANCA
violencia_domestica,violencia_social,,,29.0,25_34,CARIACICA,JARDIM AMERICA,FEMININO,PARDA
violencia_domestica,violencia_social,,,29.0,25_34,VILA VELHA,ITAPOA,FEMININO,PARDA
violencia_domestica,violencia_social,,,30.0,25_34,VITORIA,BONFIM,FEMININO,PARDA
violencia_domestica,violencia_social,,,30.0,25_34,VILA VELHA,ARIBIRI,FEMININO,BRANCA
violencia_domestica,violencia_social,,,30.0,25_34,LINHARES,PLANALTO,FEMININO,NEGRA
violencia_domestica,violencia_social,,,30.0,25_34,PRESIDENTE KENNEDY,ZONA RURAL,FEMININO,NEGRA
violencia_domestica,violencia_social,,,30.0,25_34,AFONSO CLAUDIO,ALEGORIA,FEMININO,BRANCA
violencia_domestica,violencia_social,,,31.0,25_34,VITORIA,BELA VISTA,FEMININO,PARDA
violencia_domestica,violencia_social,,,32.0,25_34,ANCHIETA,ALVORADA,FEMININO,PARDA
violencia_domestica,violencia_social,,,33.0,25_34,IBATIBA,CENTRO,FEMININO,INDIGENA
violencia_domestica,violencia_social,,,34.0,25_34,VILA VELHA,PRIMEIRO DE MAIO,FEMININO,BRANCA
violencia_domestica,violencia_social,,,34.0,25_34,NOVA VENECIA,SAO FRANCISCO,FEMININO,BRANCA
violencia_domestica,violencia_social,,,35.0,35_44,SERRA,JOSE DE ANCHIETA III,FEMININO,PARDA
violencia_domestica,violencia_social,,,36.0,35_44,MONTANHA,OUTRO LOCAL,FEMININO,BRANCA
violencia_domestica,violencia_social,,,37.0,35_44,LINHARES,BEBEDOURO,FEMININO,PARDA
violencia_domestica,violencia_social,,,37.0,35_44,GUARAPARI,PORTAL CLUB,FEMININO,PARDA
violencia_domestica,violencia_social,,,38.0,35_44,SAO MATEUS,QUILOMETRO,FEMININO,NEGRA
violencia_domestica,violencia_social,,,38.0,35_44,VIANA,AREINHA,FEMININO,BRANCA
violencia_domestica,violencia_social,,,40.0,35_44,SERRA,SOLAR DE ANCHIETA,FEMININO,PARDA
violencia_domestica,violencia_social,,,40.0,35_44,AGUA DOCE DO NORTE,CRISTO REI,FEMININO,PARDA
violencia_domestica,violencia_social,,,40.0,35_44,NOVA VENECIA,AEROPORTO,FEMININO,NEGRA
violencia_domestica,violencia_social,,,42.0,35_44,CACHOEIRO DE ITAPEMIRIM,SAO GERALDO,FEMININO,BRANCA
violencia_domestica,violencia_social,,,43.0,35_44,SANTA MARIA DE JETIBA,CARAMURU II,FEMININO,BRANCA
violencia_domestica,violencia_social,,,43.0,35_44,CARIACICA,APARECIDA,FEMININO,BRANCA
violencia_domestica,violencia_social,,,44.0,35_44,LINHARES,BEBEDOURO,MASCULINO,PARDA
violencia_domestica,violencia_social,,,44.0,35_44,BARRA DE SAO FRANCISCO,PAULISTA,FEMININO,BRANCA
violencia_domestica,violencia_social,,,44.0,35_44,SAO GABRIEL DA PALHA,SAO VICENTE,FEMININO,NEGRA
violencia_domestica,violencia_social,,,47.0,45_54,VILA VELHA,ITAPOA,FEMININO,PARDA
violencia_domestica,violencia_social,,,47.0,45_54,BARRA DE SAO FRANCISCO,OUTRO LOCAL,FEMININO,BRANCA
violencia_domestica,violencia_social,,,49.0,45_54,ANCHIETA,CENTRO,FEMININO,PARDA
violencia_domestica,violencia_social,,,52.0,45_54,VILA VELHA,ATAIDE,FEMININO,PARDA
violencia_domestica,violencia_social,,,54.0,45_54,VITORIA,BENTO FERREIRA,FEMININO,PARDA
violencia_domestica,violencia_social,,,55.0,55_64,MARECHAL FLORIANO,CENTRO,FEMININO,PARDA
violencia_domestica,violencia_social,,,55.0,55_64,CASTELO,ARACUI,FEMININO,NEGRA
violencia_domestica,violencia_social,,,3.0,0_14,AFONSO CLAUDIO,CENTRO,FEMININO,PARDA
violencia_domestica,violencia_social,,,18.0,18_24,CARIACICA,CAMPO GRANDE,FEMININO,PARDA
violencia_domestica,violencia_social,,,19.0,18_24,IUNA,PITO,FEMININO,PARDA
violencia_domestica,violencia_social,,,20.0,18_24,VITORIA,NOVA PALESTINA,FEMININO,PARDA
violencia_domestica,violencia_social,,,20.0,18_24,VILA VELHA,BARRAMARES,FEMININO,BRANCA
violencia_domestica,violencia_social,,,21.0,18_24,SANTA MARIA DE JETIBA,VILA JETIBA,FEMININO,NEGRA
violencia_domestica,violencia_social,,,21.0,18_24,ALEGRE,VILA DO SUL,FEMININO,NEGRA
violencia_domestica,violencia_social,,,21.0,18_24,ALEGRE,CENTRO,FEMININO,NEGRA
violencia_domestica,violencia_social,,,22.0,18_24,VILA VELHA,PAUL,FEMININO,BRANCA
violencia_domestica,violencia_social,,,23.0,18_24,ANCHIETA,CENTRO,FEMININO,PARDA
violencia_domestica,violencia_social,,,24.0,18_24,GUARAPARI,MUQUICABA,FEMININO,PARDA
violencia_domestica,violencia_social,,,24.0,18_24,SERRA,VILA NOVA DE COLARES,FEMININO,PARDA
violencia_domestica,violencia_social,,,26.0,25_34,BREJETUBA,SAO DOMINGOS PEQUENO,FEMININO,PARDA
violencia_domestica,violencia_social,,,27.0,25_34,VITORIA,PARQUE MOSCOSO,FEMININO,PARDA
violencia_domestica,violencia_social,,,28.0,25_34,LINHARES,CANIVETE,FEMININO,PARDA
violencia_domestica,violencia_social,,,31.0,25_34,CACHOEIRO DE ITAPEMIRIM,VILAGE DA LUZ,FEMININO,PARDA
violencia_domestica,violencia_social,,,32.0,25_34,MARATAIZES,LAGOA FUNDA,FEMININO,BRANCA
violencia_domestica,violencia_social,,,33.0,25_34,GUARAPARI,RECANTO DA SEREIA,FEMININO,BRANCA
violencia_domestica,violencia_social,,,33.0,25_34,VENDA NOVA DO IMIGRANTE,SAO JOAO DE VICOSA,MASCULINO,PARDA
violencia_domestica,violencia_social,,,34.0,25_34,DORES DO RIO PRETO,PEDRA MENINA,FEMININO,BRANCA
violencia_domestica,violencia_social,,,34.0,25_34,VILA VELHA,PRAIA DA COSTA,FEMININO,BRANCA
violencia_domestica,violencia_social,,,36.0,35_44,GUACUI,BAIRRO DO NORTE,FEMININO,NEGRA
violencia_domestica,violencia_social,,,36.0,35_44,CARIACICA,ITAPEMIRIM,FEMININO,PARDA
violencia_domestica,violencia_social,,,37.0,35_44,SOORETAMA,ALEGRE,FEMININO,PARDA
violencia_domestica,violencia_social,,,38.0,35_44,CONCEICAO DO CASTELO,CECILIA LARRIEU,FEMININO,BRANCA
violencia_domestica,violencia_social,,,38.0,35_44,SERRA,BAIRRO DE FATIMA,FEMININO,BRANCA
violencia_domestica,violencia_social,,,40.0,35_44,CARIACICA,NOVA BRASILIA,FEMININO,PARDA
violencia_domestica,violencia_social,,,40.0,35_44,VITORIA,OUTRO LOCAL,FEMININO,BRANCA
violencia_domestica,violencia_social,,,43.0,35_44,VILA VELHA,COBILANDIA,FEMININO,NEGRA
violencia_domestica,violencia_social,,,43.0,35_44,SERRA,SERRA DOURADA III,FEMININO,NEGRA
violencia_domestica,violencia_social,,,46.0,45_54,VITORIA,CENTRO,FEMININO,PARDA
violencia_domestica,violencia_social,,,49.0,45_54,GUARAPARI,PATURA,FEMININO,BRANCA
violencia_domestica,violencia_social,,,51.0,45_54,SANTA MARIA DE JETIBA,CARAMURU II,FEMININO,BRANCA
violencia_domestica,violencia_social,,,53.0,45_54,VITORIA,DO QUADRO,FEMININO,PARDA
violencia_domestica,violencia_social,,,53.0,45_54,COLATINA,MARIA DAS GRACAS,FEMININO,BRANCA
violencia_domestica,violencia_social,,,56.0,55_64,VITORIA,GRANDE VITORIA,FEMININO,PARDA
violencia_domestica,violencia_social,,,56.0,55_64,VILA VELHA,PRAIA DE ITAPARICA,FEMININO,PARDA
violencia_domestica,violencia_social,,,59.0,55_64,CASTELO,INDEPENDENCIA,FEMININO,BRANCA
violencia_domestica,violencia_social,,,61.0,55_64,VARGEM ALTA,CORREGO DO OURO,FEMININO,BRANCA
violencia_domestica,violencia_social,,,72.0,65_PLUS,BOM JESUS DO NORTE,BELVEDERE,FEMININO,NEGRA
violencia_domestica,violencia_social,,,,,CARIACICA,NOVA BRASILIA,S/I,INDETERMINADA
violencia_domestica,violencia_social,,,17.0,15_17,BOA ESPERANCA,VILA TAVARES,FEMININO,PARDA
violencia_domestica,violencia_social,,,18.0,18_24,ARACRUZ,FATIMA,FEMININO,PARDA
violencia_domestica,violencia_social,,,21.0,18_24,LINHARES,OUTRO LOCAL,FEMININO,NEGRA
violencia_domestica,violencia_social,,,21.0,18_24,CACHOEIRO DE ITAPEMIRIM,SUMARE,FEMININO,PARDA
violencia_domestica,violencia_social,,,24.0,18_24,NOVA VENECIA,RUBIA,FEMININO,BRANCA
violencia_domestica,violencia_social,,,25.0,25_34,SERRA,BALNEARIO DE CARAPEBUS,FEMININO,PARDA
violencia_domestica,violencia_social,,,29.0,25_34,CARIACICA,JARDIM CAMPO GRANDE,FEMININO,PARDA
violencia_domestica,violencia_social,,,30.0,25_34,IBATIBA,CENTRO,FEMININO,PARDA
violencia_domestica,violencia_social,,,30.0,25_34,JAGUARE,MATA ATLANTICA,FEMININO,BRANCA
violencia_domestica,violencia_social,,,30.0,25_34,SERRA,PARQUE JACARAIPE,FEMININO,PARDA
violencia_domestica,violencia_social,,,31.0,25_34,SERRA,VILA NOVA DE COLARES,FEMININO,BRANCA
violencia_domestica,violencia_social,,,31.0,25_34,IBIRACU,ZONA RURAL,FEMININO,BRANCA
violencia_domestica,violencia_social,,,31.0,25_34,SERRA,VILA NOVA DE COLARES,FEMININO,BRANCA
violencia_domestica,violencia_social,,,31.0,25_34,ALFREDO CHAVES,OUTRO LOCAL,FEMININO,PARDA
violencia_domestica,violencia_social,,,32.0,25_34,IBIRACU,CENTRO,FEMININO,PARDA
violencia_domestica,violencia_social,,,33.0,25_34,LINHARES,CENTRO,FEMININO,BRANCA
violencia_domestica,violencia_social,,,34.0,25_34,BOM JESUS DO NORTE,LOTEAMENTO SILVANA,FEMININO,NEGRA
violencia_domestica,violencia_social,,,36.0,35_44,ARACRUZ,GUARANA,FEMININO,BRANCA
violencia_domestica,violencia_social,,,36.0,35_44,LINHARES,AVISO,FEMININO,NEGRA
violencia_domestica,violencia_social,,,37.0,35_44,CARIACICA,ROSA DA PENHA,FEMININO,PARDA
violencia_domestica,violencia_social,,,37.0,35_44,ARACRUZ,OUTRO LOCAL,FEMININO,PARDA
violencia_domestica,violencia_social,,,38.0,35_44,SERRA,VILA NOVA DE COLARES,FEMININO,PARDA
violencia_domestica,violencia_social,,,39.0,35_44,NOVA VENECIA,ALTOE,FEMININO,PARDA
violencia_domestica,violencia_social,,,41.0,35_44,IUNA,QUILOMBO,FEMININO,BRANCA
violencia_domestica,violencia_social,,,41.0,35_44,BARRA DE SAO FRANCISCO,BAIRRO NOVA BARRA,FEMININO,PARDA
violencia_domestica,violencia_social,,,41.0,35_44,NOVA VENECIA,OUTRO LOCAL,FEMININO,BRANCA
violencia_domestica,violencia_social,,,41.0,35_44,COLATINA,SAO PEDRO,FEMININO,PARDA
violencia_domestica,violencia_social,,,42.0,35_44,ANCHIETA,IRIRI,FEMININO,BRANCA
violencia_domestica,violencia_social,,,42.0,35_44,ARACRUZ,SANTA ROSA,FEMININO,PARDA
violencia_domestica,violencia_social,,,42.0,35_44,SERRA,MORADA DE LARANJEIRAS,FEMININO,PARDA
violencia_domestica,violencia_social,,,43.0,35_44,GUARAPARI,SAO GABRIEL,FEMININO,INDETERMINADA
violencia_domestica,violencia_social,,,43.0,35_44,GUARAPARI,SAO GABRIEL,FEMININO,PARDA
violencia_domestica,violencia_social,,,43.0,35_44,VITORIA,DE LOURDES,FEMININO,PARDA
violencia_domestica,violencia_social,,,44.0,35_44,BARRA DE SAO FRANCISCO,BAIRRO VILA LANDINHA,FEMININO,NEGRA
violencia_domestica,violencia_social,,,47.0,45_54,VILA VELHA,RESIDENCIAL JABAETE,FEMININO,NEGRA
violencia_domestica,violencia_social,,,48.0,45_54,VILA VELHA,ILHA DAS FLORES,FEMININO,PARDA
violencia_domestica,violencia_social,,,50.0,45_54,ITAGUACU,PALMEIRA,FEMININO,NEGRA
violencia_domestica,violencia_social,,,53.0,45_54,VILA VELHA,PRAIA DA COSTA,FEMININO,BRANCA
violencia_domestica,violencia_social,,,54.0,45_54,COLATINA,MARIA ISMENIA,FEMININO,BRANCA
violencia_domestica,violencia_social,,,54.0,45_54,SAO MATEUS,SEAC,FEMININO,PARDA
violencia_domestica,violencia_social,,,55.0,55_64,DOMINGOS MARTINS,RIBEIRAO CAPIXABA,FEMININO,NEGRA
violencia_domestica,violencia_social,,,58.0,55_64,VILA VELHA,NOVA AMERICA,FEMININO,PARDA
violencia_domestica,violencia_social,,,69.0,65_PLUS,VILA VELHA,CENTRO VILA VELHA,FEMININO,BRANCA
violencia_domestica,violencia_social,,,79.0,65_PLUS,ITAPEMIRIM,ITAOCA,FEMININO,BRANCA
violencia_domestica,violencia_social,,,79.0,65_PLUS,ITAPEMIRIM,ITAOCA,FEMININO,BRANCA
violencia_domestica,violencia_social,,,80.0,65_PLUS,MARATAIZES,LAGOA FUNDA,FEMININO,PARDA
violencia_domestica,violencia_social,,,16.0,15_17,MIMOSO DO SUL,UNIAO,FEMININO,BRANCA
violencia_domestica,violencia_social,,,18.0,18_24,ARACRUZ,OUTRO LOCAL,FEMININO,NEGRA
violencia_domestica,violencia_social,,,19.0,18_24,ARACRUZ,GUARANA,FEMININO,NEGRA
violencia_domestica,violencia_social,,,19.0,18_24,CARIACICA,CAMPO VERDE,FEMININO,INDETERMINADA
violencia_domestica,violencia_social,,,19.0,18_24,LINHARES,LAGOA DO MEIO,FEMININO,PARDA
violencia_domestica,violencia_social,,,20.0,18_24,COLATINA,SAO JUDAS TADEU,FEMININO,NEGRA
violencia_domestica,violencia_social,,,20.0,18_24,VITORIA,SANTA MARTHA,FEMININO,NEGRA
violencia_domestica,violencia_social,,,21.0,18_24,VILA VELHA,ITAPOA,FEMININO,BRANCA
violencia_domestica,violencia_social,,,22.0,18_24,VITORIA,NOVA PALESTINA,FEMININO,PARDA
violencia_domestica,violencia_social,,,22.0,18_24,AFONSO CLAUDIO,CENTRO,FEMININO,BRANCA
violencia_domestica,violencia_social,,,23.0,18_24,BARRA DE SAO FRANCISCO,CORREGO DA PENHA,FEMININO,BRANCA
violencia_domestica,violencia_social,,,23.0,18_24,CACHOEIRO DE ITAPEMIRIM,MONTE BELO,FEMININO,PARDA
violencia_domestica,violencia_social,,,23.0,18_24,VILA VELHA,VILA GARRIDO,FEMININO,PARDA
violencia_domestica,violencia_social,,,24.0,18_24,SAO MATEUS,ZONA RURAL,FEMININO,BRANCA
violencia_domestica,violencia_social,,,26.0,25_34,BOA ESPERANCA,CENTRO,FEMININO,NEGRA
violencia_domestica,violencia_social,,,27.0,25_34,DOMINGOS MARTINS,GOIABEIRA,FEMININO,BRANCA
violencia_domestica,violencia_social,,,27.0,25_34,IBATIBA,BOA ESPERANCA,FEMININO,NEGRA
violencia_domestica,violencia_social,,,27.0,25_34,CARIACICA,VILA PALESTINA,FEMININO,BRANCA
violencia_domestica,violencia_social,,,27.0,25_34,COLATINA,CARLOS GERMANO NAUMANN,FEMININO,PARDA
violencia_domestica,violencia_social,,,28.0,25_34,SERRA,PARQUE RESIDENCIAL TUBARAO,FEMININO,NEGRA
violencia_domestica,violencia_social,,,28.0,25_34,COLATINA,HONORIO FRAGA,FEMININO,PARDA
violencia_domestica,violencia_social,,,28.0,25_34,VITORIA,GRANDE VITORIA,FEMININO,BRANCA
violencia_domestica,violencia_social,,,28.0,25_34,SERRA,JARDIM CARAPINA,FEMININO,PARDA
violencia_domestica,violencia_social,,,30.0,25_34,GUACUI,OUTRO LOCAL,FEMININO,NEGRA
violencia_domestica,violencia_social,,,31.0,25_34,IBIRACU,ZONA RURAL,FEMININO,BRANCA
violencia_domestica,violencia_social,,,32.0,25_34,GUACUI,SANTA CRUZ,FEMININO,NEGRA
violencia_domestica,violencia_social,,,32.0,25_34,VIANA,MARCILIO DE NORONHA,FEMININO,BRANCA
violencia_domestica,violencia_social,,,32.0,25_34,CARIACICA,NOVA VALVERDE,FEMININO,PARDA
violencia_domestica,violencia_social,,,34.0,25_34,LINHARES,INTERLAGOS,FEMININO,NEGRA
violencia_domestica,violencia_social,,,34.0,25_34,VENDA NOVA DO IMIGRANTE,ZONA RURAL,FEMININO,BRANCA
violencia_domestica,violencia_social,,,35.0,35_44,LINHARES,NOVO HORIZONTE,FEMININO,PARDA
violencia_domestica,violencia_social,,,35.0,35_44,ALFREDO CHAVES,OURO BRANCO,FEMININO,BRANCA
violencia_domestica,violencia_social,,,35.0,35_44,VILA VELHA,JARDIM GUARANHUNS,FEMININO,PARDA
violencia_domestica,violencia_social,,,36.0,35_44,MONTANHA,OUTRO LOCAL,FEMININO,BRANCA
violencia_domestica,violencia_social,,,36.0,35_44,VILA VELHA,PAUL,FEMININO,INDETERMINADA
violencia_domestica,violencia_social,,,36.0,35_44,ITAGUACU,MATA PAU,FEMININO,PARDA
violencia_domestica,violencia_social,,,39.0,35_44,LINHARES,PLANALTO,FEMININO,NEGRA
violencia_domestica,violencia_social,,,40.0,35_44,MANTENOPOLIS,SAO JOSE,FEMININO,PARDA
violencia_domestica,violencia_social,,,41.0,35_44,SAO MATEUS,GURIRI,FEMININO,PARDA
violencia_domestica,violencia_social,,,43.0,35_44,CARIACICA,ITACIBA,FEMININO,BRANCA
violencia_domestica,violencia_social,,,43.0,35_44,CARIACICA,PORTO DE SANTANA,FEMININO,PARDA
violencia_domestica,violencia_social,,,44.0,35_44,BREJETUBA,BREJAUBINHA,FEMININO,PARDA
violencia_domestica,violencia_social,,,44.0,35_44,SERRA,MANGUINHOS,FEMININO,PARDA
violencia_domestica,violencia_social,,,44.0,35_44,CACHOEIRO DE ITAPEMIRIM,CORAMARA,FEMININO,BRANCA
violencia_domestica,violencia_social,,,45.0,45_54,VITORIA,JARDIM CAMBURI,FEMININO,BRANCA
violencia_domestica,violencia_social,,,47.0,45_54,BARRA DE SAO FRANCISCO,BAIRRO VILA LANDINHA,FEMININO,PARDA
violencia_domestica,violencia_social,,,47.0,45_54,AGUA DOCE DO NORTE,CRISTO REI,FEMININO,INDETERMINADA
violencia_domestica,violencia_social,,,47.0,45_54,BARRA DE SAO FRANCISCO,BAIRRO VILA LUCIENE,FEMININO,NEGRA
violencia_domestica,violencia_social,,,47.0,45_54,SAO DOMINGOS DO NORTE,NITEROI,FEMININO,PARDA
violencia_domestica,violencia_social,,,49.0,45_54,SAO GABRIEL DA PALHA,SANTA HELENA,FEMININO,NEGRA
violencia_domestica,violencia_social,,,51.0,45_54,JOAO NEIVA,CENTRO,FEMININO,PARDA
violencia_domestica,violencia_social,,,51.0,45_54,VITORIA,ITARARE,FEMININO,BRANCA
violencia_domestica,violencia_social,,,52.0,45_54,SERRA,PLANALTO SERRANO,FEMININO,PARDA
violencia_domestica,violencia_social,,,53.0,45_54,SERRA,NOVO PORTO CANOA,FEMININO,NEGRA
violencia_domestica,violencia_social,,,53.0,45_54,SAO MATEUS,ZONA RURAL,FEMININO,PARDA
violencia_domestica,violencia_social,,,54.0,45_54,ITAPEMIRIM,ITAIPAVA,FEMININO,BRANCA
violencia_domestica,violencia_social,,,54.0,45_54,VIANA,CENTRO,FEMININO,BRANCA
violencia_domestica,violencia_social,,,57.0,55_64,MARILANDIA,CENTRO,FEMININO,PARDA
violencia_domestica,violencia_social,,,57.0,55_64,SERRA,CHACARA PARREIRAL,FEMININO,NEGRA
violencia_domestica,violencia_social,,,57.0,55_64,VILA VELHA,CAVALIERE,FEMININO,NEGRA
violencia_domestica,violencia_social,,,57.0,55_64,IBIRACU,ELIAS BRAGATTO,S/I,PARDA
violencia_domestica,violencia_social,,,58.0,55_64,CARIACICA,SAO FRANCISCO,FEMININO,NEGRA
violencia_domestica,violencia_social,,,59.0,55_64,LINHARES,PLANALTO,FEMININO,PARDA
violencia_domestica,violencia_social,,,59.0,55_64,COLATINA,CARLOS GERMANO NAUMANN,FEMININO,BRANCA
violencia_domestica,violencia_social,,,63.0,55_64,JOAO NEIVA,CENTRO,FEMININO,BRANCA
violencia_domestica,violencia_social,,,,,SAO MATEUS,RESIDENCIAL JACUI,FEMININO,PARDA
violencia_domestica,violencia_social,,,2.0,0_14,MARATAIZES,LAGOA DO SIRI,MASCULINO,BRANCA
violencia_domestica,violencia_social,,,13.0,0_14,VILA VELHA,ARACAS,MASCULINO,BRANCA
violencia_domestica,violencia_social,,,16.0,15_17,GUARAPARI,ADALBERTO SIMAO NADER,FEMININO,PARDA
violencia_domestica,violencia_social,,,17.0,15_17,JAGUARE,SEAC,FEMININO,BRANCA
violencia_domestica,violencia_social,,,18.0,18_24,COLATINA,CENTRO,FEMININO,BRANCA
violencia_domestica,violencia_social,,,18.0,18_24,VILA VELHA,IBES,FEMININO,BRANCA
violencia_domestica,violencia_social,,,21.0,18_24,VITORIA,RESISTENCIA,FEMININO,NEGRA
violencia_domestica,violencia_social,,,22.0,18_24,BARRA DE SAO FRANCISCO,BAIRRO NOVA BARRA,FEMININO,INDETERMINADA
violencia_domestica,violencia_social,,,22.0,18_24,CONCEICAO DA BARRA,MARCILIO DIAS I,FEMININO,PARDA
violencia_domestica,violencia_social,,,22.0,18_24,MARATAIZES,LAGOA DO SIRI,FEMININO,BRANCA
violencia_domestica,violencia_social,,,23.0,18_24,CASTELO,CENTRO,FEMININO,BRANCA
violencia_domestica,violencia_social,,,25.0,25_34,CARIACICA,NOVA ESPERANCA,FEMININO,BRANCA
violencia_domestica,violencia_social,,,25.0,25_34,VILA VELHA,ARACAS,FEMININO,BRANCA
violencia_domestica,violencia_social,,,25.0,25_34,LINHARES,CANIVETE,FEMININO,PARDA
violencia_domestica,violencia_social,,,27.0,25_34,BOA ESPERANCA,CENTRO,FEMININO,NEGRA
violencia_domestica,violencia_social,,,28.0,25_34,LINHARES,PLANALTO,FEMININO,PARDA
violencia_domestica,violencia_social,,,28.0,25_34,ITAPEMIRIM,ITAOCA,FEMININO,BRANCA
violencia_domestica,violencia_social,,,28.0,25_34,VILA VELHA,JABURUNA,FEMININO,NEGRA
violencia_domestica,violencia_social,,,30.0,25_34,CARIACICA,SANTA LUZIA,FEMININO,NEGRA
violencia_domestica,violencia_social,,,30.0,25_34,ANCHIETA,PONTA DOS CASTELHANOS,FEMININO,PARDA
violencia_domestica,violencia_social,,,31.0,25_34,VITORIA,JARDIM DA PENHA,FEMININO,PARDA
violencia_domestica,violencia_social,,,31.0,25_34,CARIACICA,CAMPO VERDE,FEMININO,PARDA
violencia_domestica,violencia_social,,,32.0,25_34,COLATINA,BELA VISTA,FEMININO,PARDA
violencia_domestica,violencia_social,,,34.0,25_34,GUACUI,OUTRO LOCAL,FEMININO,BRANCA
violencia_domestica,violencia_social,,,34.0,25_34,VILA VELHA,SAO CONRADO,FEMININO,PARDA
violencia_domestica,violencia_social,,,34.0,25_34,SERRA,VILA NOVA DE COLARES,FEMININO,PARDA
violencia_domestica,violencia_social,,,35.0,35_44,VITORIA,ITARARE,FEMININO,PARDA
violencia_domestica,violencia_social,,,36.0,35_44,VILA VELHA,PRAIA DE ITAPARICA,FEMININO,PARDA
violencia_domestica,violencia_social,,,36.0,35_44,GUARAPARI,PRAIA DO MORRO,FEMININO,NEGRA
violencia_domestica,violencia_social,,,36.0,35_44,MARATAIZES,ILMENITA,FEMININO,PARDA
violencia_domestica,violencia_social,,,37.0,35_44,ARACRUZ,BARRA DO RIACHO,FEMININO,PARDA
violencia_domestica,violencia_social,,,37.0,35_44,SAO MATEUS,GURIRI,FEMININO,PARDA
violencia_domestica,violencia_social,,,37.0,35_44,ARACRUZ,GUANABARA,FEMININO,BRANCA
violencia_domestica,violencia_social,,,38.0,35_44,IRUPI,OUTRO LOCAL,FEMININO,PARDA
violencia_domestica,violencia_social,,,39.0,35_44,COLATINA,LACE,FEMININO,BRANCA
violencia_domestica,violencia_social,,,40.0,35_44,VILA VELHA,ULISSES GUIMARAES,FEMININO,NEGRA
violencia_domestica,violencia_social,,,42.0,35_44,VITORIA,BENTO FERREIRA,FEMININO,BRANCA
violencia_domestica,violencia_social,,,43.0,35_44,AFONSO CLAUDIO,FAZENDA GUANDU,FEMININO,BRANCA
violencia_domestica,violencia_social,,,44.0,35_44,VILA VELHA,ARACAS,FEMININO,BRANCA
violencia_domestica,violencia_social,,,45.0,45_54,ANCHIETA,PRAIA DE UBU,MASCULINO,BRANCA
violencia_domestica,violencia_social,,,45.0,45_54,COLATINA,MOACYR BROTAS,FEMININO,NEGRA
violencia_domestica,violencia_social,,,50.0,45_54,VILA VELHA,PRAIA DAS GAIVOTAS,FEMININO,BRANCA
violencia_domestica,violencia_social,,,51.0,45_54,CARIACICA,ROSA DA PENHA,FEMININO,BRANCA
violencia_domestica,violencia_social,,,56.0,55_64,FUNDAO,AGRIN CORREIA DA VITORIA,FEMININO,BRANCA
violencia_domestica,violencia_social,,,60.0,55_64,SAO MATEUS,AROEIRA,FEMININO,PARDA
violencia_domestica,violencia_social,,,63.0,55_64,VILA VELHA,JABURUNA,FEMININO,PARDA
violencia_domestica,violencia_social,,,67.0,65_PLUS,VITORIA,ITARARE,FEMININO,BRANCA
violencia_domestica,violencia_social,,,71.0,65_PLUS,ANCHIETA,PRAIA DE UBU,FEMININO,BRANCA
violencia_domestica,violencia_social,,,13.0,0_14,MARECHAL FLORIANO,OUTRO LOCAL,MASCULINO,BRANCA
violencia_domestica,violencia_social,,,15.0,15_17,ECOPORANGA,ZONA RURAL,MASCULINO,PARDA
violencia_domestica,violencia_social,,,18.0,18_24,SERRA,PARQUE JACARAIPE,FEMININO,PARDA
violencia_domestica,violencia_social,,,18.0,18_24,BOM JESUS DO NORTE,BELVEDERE,FEMININO,BRANCA
violencia_domestica,violencia_social,,,19.0,18_24,SERRA,PARQUE RESIDENCIAL LARANJEIRAS,FEMININO,NEGRA
violencia_domestica,violencia_social,,,19.0,18_24,COLATINA,MARTINELI,FEMININO,BRANCA
violencia_domestica,violencia_social,,,20.0,18_24,NOVA VENECIA,BEIRA RIO,FEMININO,BRANCA
violencia_domestica,violencia_social,,,22.0,18_24,MIMOSO DO SUL,SAO JOSE DAS TORRES,FEMININO,NEGRA
violencia_domestica,violencia_social,,,22.0,18_24,MIMOSO DO SUL,SAO JOSE DAS TORRES,FEMININO,NEGRA
violencia_domestica,violencia_social,,,23.0,18_24,MANTENOPOLIS,SANTA LUZIA DE MANTENOPOLIS,FEMININO,PARDA
violencia_domestica,violencia_social,,,23.0,18_24,NOVA VENECIA,OUTRO LOCAL,FEMININO,BRANCA
violencia_domestica,violencia_social,,,23.0,18_24,CONCEICAO DO CASTELO,JATOBA,FEMININO,BRANCA
violencia_domestica,violencia_social,,,23.0,18_24,SAO MATEUS,RIBEIRAO,FEMININO,BRANCA
violencia_domestica,violencia_social,,,23.0,18_24,VITORIA,ITARARE,FEMININO,PARDA
violencia_domestica,violencia_social,,,24.0,18_24,NOVA VENECIA,AEROPORTO,FEMININO,INDETERMINADA
violencia_domestica,violencia_social,,,24.0,18_24,BOA ESPERANCA,VILA TAVARES,FEMININO,PARDA
violencia_domestica,violencia_social,,,25.0,25_34,CARIACICA,BANDEIRANTES,FEMININO,NEGRA
violencia_domestica,violencia_social,,,25.0,25_34,MUCURICI,ALTO BONITO,FEMININO,INDETERMINADA
violencia_domestica,violencia_social,,,25.0,25_34,ARACRUZ,OUTRO LOCAL,FEMININO,INDETERMINADA
violencia_domestica,violencia_social,,,26.0,25_34,PEDRO CANARIO,BOA VISTA,FEMININO,PARDA
violencia_domestica,violencia_social,,,26.0,25_34,ANCHIETA,ALVORADA,FEMININO,NEGRA
violencia_domestica,violencia_social,,,26.0,25_34,VILA VELHA,PRAIA DA COSTA,FEMININO,BRANCA
violencia_domestica,violencia_social,,,26.0,25_34,SERRA,VILA NOVA DE COLARES,FEMININO,NEGRA
violencia_domestica,violencia_social,,,27.0,25_34,SAO GABRIEL DA PALHA,SAO SEBASTIAO,FEMININO,PARDA
violencia_domestica,violencia_social,,,28.0,25_34,SAO MATEUS,GURIRI,FEMININO,PARDA
violencia_domestica,violencia_social,,,28.0,25_34,COLATINA,OPERARIO,FEMININO,PARDA
violencia_domestica,violencia_social,,,28.0,25_34,COLATINA,SANTOS DUMONT,FEMININO,PARDA
violencia_domestica,violencia_social,,,28.0,25_34,VILA VELHA,SANTA PAULA II,FEMININO,NEGRA
violencia_domestica,violencia_social,,,29.0,25_34,COLATINA,VILA AMELIA,FEMININO,PARDA
violencia_domestica,violencia_social,,,29.0,25_34,ARACRUZ,ITAPUTERA,FEMININO,PARDA
violencia_domestica,violencia_social,,,30.0,25_34,NOVA VENECIA,BEIRA RIO,FEMININO,PARDA
violencia_domestica,violencia_social,,,31.0,25_34,NOVA VENECIA,FILOMENA,FEMININO,PARDA
violencia_domestica,violencia_social,,,31.0,25_34,BOA ESPERANCA,OUTRO LOCAL,FEMININO,BRANCA
violencia_domestica,violencia_social,,,31.0,25_34,VITORIA,JARDIM DA PENHA,FEMININO,PARDA
violencia_domestica,violencia_social,,,32.0,25_34,JOAO NEIVA,MONTE LIBANO,FEMININO,NEGRA
violencia_domestica,violencia_social,,,32.0,25_34,SAO GABRIEL DA PALHA,CENTRO,FEMININO,PARDA
violencia_domestica,violencia_social,,,32.0,25_34,ECOPORANGA,ZONA RURAL,FEMININO,PARDA
violencia_domestica,violencia_social,,,32.0,25_34,SANTA MARIA DE JETIBA,CENTRO,FEMININO,PARDA
violencia_domestica,violencia_social,,,33.0,25_34,JERONIMO MONTEIRO,VILA CRUZEIRO,FEMININO,BRANCA
violencia_domestica,violencia_social,,,33.0,25_34,SERRA,BAIRRO DAS LARANJEIRAS,FEMININO,PARDA
violencia_domestica,violencia_social,,,34.0,25_34,RIO BANANAL,ZONA RURAL,FEMININO,BRANCA
violencia_domestica,violencia_social,,,34.0,25_34,SAO GABRIEL DA PALHA,SAO SEBASTIAO,MASCULINO,PARDA
violencia_domestica,violencia_social,,,35.0,35_44,PANCAS,LIRIO DOS VALES,FEMININO,PARDA
violencia_domestica,violencia_social,,,35.0,35_44,MUNIZ FREIRE,ALTO NORTE,FEMININO,NEGRA
violencia_domestica,violencia_social,,,35.0,35_44,SERRA,BALNEARIO DE CARAPEBUS,FEMININO,NEGRA
violencia_domestica,violencia_social,,,36.0,35_44,ARACRUZ,MAR AZUL,FEMININO,PARDA
violencia_domestica,violencia_social,,,36.0,35_44,ITAPEMIRIM,GRAUNA,FEMININO,PARDA
violencia_domestica,violencia_social,,,36.0,35_44,ARACRUZ,GUAXINDIBA,FEMININO,INDETERMINADA
violencia_domestica,violencia_social,,,37.0,35_44,CARIACICA,NOVA ESPERANCA,FEMININO,PARDA
violencia_domestica,violencia_social,,,38.0,35_44,CONCEICAO DA BARRA,CENTRO,FEMININO,BRANCA
violencia_domestica,violencia_social,,,39.0,35_44,SOORETAMA,CENTRO,FEMININO,PARDA
violencia_domestica,violencia_social,,,39.0,35_44,AGUIA BRANCA,OUTRO LOCAL,FEMININO,PARDA
violencia_domestica,violencia_social,,,39.0,35_44,IUNA,PEQUIA,FEMININO,BRANCA
violencia_domestica,violencia_social,,,40.0,35_44,CACHOEIRO DE ITAPEMIRIM,AMARAL,FEMININO,NEGRA
violencia_domestica,violencia_social,,,42.0,35_44,VILA VELHA,ARIBIRI,FEMININO,NEGRA
violencia_domestica,violencia_social,,,42.0,35_44,AFONSO CLAUDIO,OUTRO LOCAL,FEMININO,NEGRA
violencia_domestica,violencia_social,,,43.0,35_44,GUARAPARI,PRAIA DO MORRO,FEMININO,BRANCA
violencia_domestica,violencia_social,,,44.0,35_44,MIMOSO DO SUL,ITAPOA,FEMININO,BRANCA
violencia_domestica,violencia_social,,,44.0,35_44,MIMOSO DO SUL,ITAPOA,FEMININO,BRANCA
violencia_domestica,violencia_social,,,44.0,35_44,VITORIA,PRAIA DO CANTO,FEMININO,BRANCA
violencia_domestica,violencia_social,,,44.0,35_44,MARECHAL FLORIANO,OUTRO LOCAL,FEMININO,BRANCA
violencia_domestica,violencia_social,,,45.0,45_54,CASTELO,SANTO ANDREZINHO,FEMININO,BRANCA
violencia_domestica,violencia_social,,,45.0,45_54,SERRA,VALPARAISO,FEMININO,BRANCA
violencia_domestica,violencia_social,,,46.0,45_54,CACHOEIRO DE ITAPEMIRIM,BASILEIA,FEMININO,NEGRA
violencia_domestica,violencia_social,,,46.0,45_54,AFONSO CLAUDIO,RIBEIRAO DO COSTA,FEMININO,PARDA
violencia_domestica,violencia_social,,,49.0,45_54,DOMINGOS MARTINS,PEROBAS,FEMININO,PARDA
violencia_domestica,violencia_social,,,50.0,45_54,SANTA LEOPOLDINA,CENTRO,FEMININO,BRANCA
violencia_domestica,violencia_social,,,56.0,55_64,BARRA DE SAO FRANCISCO,BAIRRO VILA LANDINHA,FEMININO,PARDA
violencia_domestica,violencia_social,,,63.0,55_64,COLATINA,CARLOS GERMANO NAUMANN,FEMININO,BRANCA
violencia_domestica,violencia_social,,,70.0,65_PLUS,VILA VELHA,CENTRO VILA VELHA,FEMININO,BRANCA
violencia_domestica,violencia_social,,,,,ALFREDO CHAVES,CENTRO,FEMININO,INDETERMINADA
violencia_domestica,violencia_social,,,,,ANCHIETA,BAIXO PONGAL,S/I,PARDA
violencia_domestica,violencia_social,,,14.0,0_14,ALFREDO CHAVES,ZONA RURAL,FEMININO,BRANCA
violencia_domestica,violencia_social,,,15.0,15_17,ANCHIETA,BAIXO PONGAL,FEMININO,PARDA
violencia_domestica,violencia_social,,,17.0,15_17,SERRA,JOSE DE ANCHIETA II,FEMININO,PARDA
violencia_domestica,violencia_social,,,18.0,18_24,ARACRUZ,SAO CLEMENTE,FEMININO,BRANCA
violencia_domestica,violencia_social,,,19.0,18_24,SAO MATEUS,LIBERDADE,FEMININO,PARDA
violencia_domestica,violencia_social,,,20.0,18_24,CARIACICA,FLEXAL II,FEMININO,PARDA
violencia_domestica,violencia_social,,,20.0,18_24,CARIACICA,NOVA ROSA DA PENHA,FEMININO,BRANCA
violencia_domestica,violencia_social,,,20.0,18_24,SANTA TERESA,SANTO ANTONIO DO CANAA,FEMININO,BRANCA
violencia_domestica,violencia_social,,,20.0,18_24,IBIRACU,SAO CRISTOVAO,FEMININO,PARDA
violencia_domestica,violencia_social,,,21.0,18_24,GUARAPARI,ITAPEBUSSU,FEMININO,PARDA
violencia_domestica,violencia_social,,,21.0,18_24,ALFREDO CHAVES,PARQUE RESIDENCIAL ALFREDO CHAVES,S/I,PARDA
violencia_domestica,violencia_social,,,22.0,18_24,SERRA,VILA NOVA DE COLARES,FEMININO,PARDA
violencia_domestica,violencia_social,,,23.0,18_24,GUACUI,MORADA DAS PALMEIRAS,FEMININO,BRANCA
violencia_domestica,violencia_social,,,23.0,18_24,SERRA,JOSE DE ANCHIETA II,MASCULINO,NEGRA
violencia_domestica,violencia_social,,,23.0,18_24,LINHARES,BEBEDOURO,FEMININO,INDETERMINADA
violencia_domestica,violencia_social,,,23.0,18_24,MARATAIZES,CIDADE NOVA,FEMININO,BRANCA
violencia_domestica,violencia_social,,,23.0,18_24,BARRA DE SAO FRANCISCO,MONTE SENIR,FEMININO,PARDA
violencia_domestica,violencia_social,,,23.0,18_24,VILA VELHA,PRAIA DA COSTA,FEMININO,BRANCA
violencia_domestica,violencia_social,,,23.0,18_24,CACHOEIRO DE ITAPEMIRIM,BELA VISTA,FEMININO,NEGRA
violencia_domestica,violencia_social,,,23.0,18_24,BARRA DE SAO FRANCISCO,CENTRO,FEMININO,BRANCA
violencia_domestica,violencia_social,,,24.0,18_24,RIO BANANAL,SAO SEBASTIAO,FEMININO,PARDA
violencia_domestica,violencia_social,,,25.0,25_34,LINHARES,INTERLAGOS,FEMININO,NEGRA
violencia_domestica,violencia_social,,,25.0,25_34,GUARAPARI,IPIRANGA,FEMININO,PARDA
violencia_domestica,violencia_social,,,25.0,25_34,CASTELO,NOSSA SENHORA APARECIDA,FEMININO,PARDA
violencia_domestica,violencia_social,,,25.0,25_34,SERRA,BAIRRO DE FATIMA,FEMININO,BRANCA
violencia_domestica,violencia_social,,,25.0,25_34,SERRA,SERRA DOURADA I,FEMININO,NEGRA
violencia_domestica,violencia_social,,,26.0,25_34,CARIACICA,FLEXAL II,FEMININO,PARDA
violencia_domestica,violencia_social,,,27.0,25_34,VITORIA,ITARARE,FEMININO,PARDA
violencia_domestica,violencia_social,,,29.0,25_34,PEDRO CANARIO,LIONORIO I,FEMININO,NEGRA
violencia_domestica,violencia_social,,,30.0,25_34,ITAGUACU,OTTO LUIZ HOFFMAN,FEMININO,PARDA
violencia_domestica,violencia_social,,,30.0,25_34,CACHOEIRO DE ITAPEMIRIM,SAO LUIZ GONZAGA,FEMININO,PARDA
violencia_domestica,violencia_social,,,30.0,25_34,CARIACICA,PORTO DE SANTANA,FEMININO,PARDA
violencia_domestica,violencia_social,,,30.0,25_34,CARIACICA,PORTO DE SANTANA,FEMININO,PARDA
violencia_domestica,violencia_social,,,30.0,25_34,CARIACICA,SAO GERALDO,FEMININO,BRANCA
violencia_domestica,violencia_social,,,31.0,25_34,CACHOEIRO DE ITAPEMIRIM,SANTO ANTONIO,FEMININO,BRANCA
violencia_domestica,violencia_social,,,31.0,25_34,VILA VELHA,GLORIA,FEMININO,NEGRA
violencia_domestica,violencia_social,,,33.0,25_34,GOVERNADOR LINDENBERG,MOACIR AVIDOS,S/I,BRANCA
violencia_domestica,violencia_social,,,33.0,25_34,LINHARES,PLANALTO,FEMININO,PARDA
violencia_domestica,violencia_social,,,33.0,25_34,CARIACICA,CAMPO GRANDE,FEMININO,PARDA
violencia_domestica,violencia_social,,,33.0,25_34,SAO MATEUS,VITORIA,FEMININO,INDIGENA
violencia_domestica,violencia_social,,,35.0,35_44,LINHARES,INTERLAGOS,FEMININO,PARDA
violencia_domestica,violencia_social,,,35.0,35_44,LINHARES,OUTRO LOCAL,FEMININO,PARDA
violencia_domestica,violencia_social,,,36.0,35_44,SANTA MARIA DE JETIBA,SAO LUIS,FEMININO,INDETERMINADA
violencia_domestica,violencia_social,,,36.0,35_44,SERRA,JOSE DE ANCHIETA II,FEMININO,PARDA
violencia_domestica,violencia_social,,,36.0,35_44,CACHOEIRO DE ITAPEMIRIM,VILA RICA,FEMININO,PARDA
violencia_domestica,violencia_social,,,36.0,35_44,GUARAPARI,PRAIA DO MORRO,S/I,PARDA
violencia_domestica,violencia_social,,,37.0,35_44,VILA VELHA,PRIMEIRO DE MAIO,FEMININO,NEGRA
violencia_domestica,violencia_social,,,37.0,35_44,SERRA,BICANGA,FEMININO,PARDA
violencia_domestica,violencia_social,,,38.0,35_44,ARACRUZ,SAO MARCOS,FEMININO,PARDA
violencia_domestica,violencia_social,,,38.0,35_44,ANCHIETA,CANTAGALO,FEMININO,PARDA
violencia_domestica,violencia_social,,,39.0,35_44,LINHARES,AVISO,FEMININO,NEGRA
violencia_domestica,violencia_social,,,40.0,35_44,MARATAIZES,BARRA DE ITAPEMIRIM,FEMININO,BRANCA
violencia_domestica,violencia_social,,,40.0,35_44,SERRA,NOVO PORTO CANOA,FEMININO,BRANCA
violencia_domestica,violencia_social,,,41.0,35_44,PINHEIROS,OUTRO LOCAL,S/I,NEGRA
violencia_domestica,violencia_social,,,42.0,35_44,CACHOEIRO DE ITAPEMIRIM,SOTURNO,FEMININO,BRANCA
violencia_domestica,violencia_social,,,44.0,35_44,VITORIA,SANTO ANTONIO,FEMININO,PARDA
violencia_domestica,violencia_social,,,45.0,45_54,SERRA,ENSEADA DE JACARAIPE,FEMININO,PARDA
violencia_domestica,violencia_social,,,45.0,45_54,SERRA,CENTRAL CARAPINA,FEMININO,PARDA
violencia_domestica,violencia_social,,,46.0,45_54,SERRA,BAIRRO DAS LARANJEIRAS,FEMININO,PARDA
violencia_domestica,violencia_social,,,48.0,45_54,ALFREDO CHAVES,ZONA RURAL,FEMININO,BRANCA
violencia_domestica,violencia_social,,,48.0,45_54,CARIACICA,CAMPO GRANDE,FEMININO,PARDA
violencia_domestica,violencia_social,,,48.0,45_54,COLATINA,SAO MARCOS,FEMININO,PARDA
violencia_domestica,violencia_social,,,49.0,45_54,CARIACICA,CAMPO GRANDE,MASCULINO,BRANCA
violencia_domestica,violencia_social,,,49.0,45_54,ARACRUZ,ITAPUTERA,FEMININO,PARDA
violencia_domestica,violencia_social,,,50.0,45_54,VILA VELHA,PONTA DA FRUTA,FEMININO,PARDA
violencia_domestica,violencia_social,,,51.0,45_54,SAO JOSE DO CALCADO,JOAO MARCELINO DE FREITAS,FEMININO,NEGRA
violencia_domestica,violencia_social,,,52.0,45_54,AGUA DOCE DO NORTE,GOVERNADOR LACERDA,FEMININO,NEGRA
violencia_domestica,violencia_social,,,54.0,45_54,SANTA MARIA DE JETIBA,CENTRO,FEMININO,BRANCA
violencia_domestica,violencia_social,,,55.0,55_64,CARIACICA,MARACANA,MASCULINO,PARDA
violencia_domestica,violencia_social,,,56.0,55_64,VILA VELHA,RIO MARINHO,FEMININO,INDETERMINADA
violencia_domestica,violencia_social,,,58.0,55_64,LINHARES,AVISO,FEMININO,NEGRA
violencia_domestica,violencia_social,,,59.0,55_64,VITORIA,NOVA PALESTINA,FEMININO,PARDA
violencia_domestica,violencia_social,,,60.0,55_64,CARIACICA,FLEXAL II,FEMININO,NEGRA
violencia_domestica,violencia_social,,,61.0,55_64,PANCAS,SEBASTIAO FURTADO,FEMININO,INDETERMINADA
violencia_domestica,violencia_social,,,70.0,65_PLUS,CACHOEIRO DE ITAPEMIRIM,ALVARO TAVARES,FEMININO,PARDA
violencia_domestica,violencia_social,,,7.0,0_14,ARACRUZ,OUTRO LOCAL,MASCULINO,BRANCA
violencia_domestica,violencia_social,,,14.0,0_14,LINHARES,OUTRO LOCAL,FEMININO,PARDA
violencia_domestica,violencia_social,,,16.0,15_17,SERRA,FEU ROSA,FEMININO,BRANCA
violencia_domestica,violencia_social,,,18.0,18_24,COLATINA,CENTRO,FEMININO,PARDA
violencia_domestica,violencia_social,,,18.0,18_24,VITORIA,ANDORINHAS,FEMININO,PARDA
violencia_domestica,violencia_social,,,19.0,18_24,SERRA,NOVA CARAPINA I,FEMININO,PARDA
violencia_domestica,violencia_social,,,21.0,18_24,VILA VELHA,BALNEARIO PONTA DA FRUTA,FEMININO,NEGRA
violencia_domestica,violencia_social,,,21.0,18_24,COLATINA,SAO SILVANO,FEMININO,PARDA
violencia_domestica,violencia_social,,,22.0,18_24,JAGUARE,NOVO TEMPO,FEMININO,BRANCA
violencia_domestica,violencia_social,,,22.0,18_24,VILA VELHA,CENTRO VILA VELHA,FEMININO,PARDA
violencia_domestica,violencia_social,,,22.0,18_24,CARIACICA,CAMPINA GRANDE,FEMININO,BRANCA
violencia_domestica,violencia_social,,,23.0,18_24,AGUA DOCE DO NORTE,OUTRO LOCAL,FEMININO,PARDA
violencia_domestica,violencia_social,,,23.0,18_24,GUACUI,BALANCA,FEMININO,PARDA
violencia_domestica,violencia_social,,,24.0,18_24,VILA VELHA,BRISAMAR,FEMININO,BRANCA
violencia_domestica,violencia_social,,,24.0,18_24,VILA VELHA,RESIDENCIAL JABAETE,FEMININO,PARDA
violencia_domestica,violencia_social,,,26.0,25_34,IBATIBA,SAO JOSE,FEMININO,BRANCA
violencia_domestica,violencia_social,,,26.0,25_34,VILA VELHA,BRISAMAR,MASCULINO,BRANCA
violencia_domestica,violencia_social,,,26.0,25_34,IBATIBA,SANTA CLARA,FEMININO,BRANCA
violencia_domestica,violencia_social,,,27.0,25_34,NOVA VENECIA,OUTRO LOCAL,FEMININO,PARDA
violencia_domestica,violencia_social,,,27.0,25_34,MONTANHA,DECAO,FEMININO,NEGRA
violencia_domestica,violencia_social,,,28.0,25_34,MARECHAL FLORIANO,ARAGUAIA,FEMININO,BRANCA
violencia_domestica,violencia_social,,,28.0,25_34,CARIACICA,NOVA ROSA DA PENHA,FEMININO,PARDA
violencia_domestica,violencia_social,,,28.0,25_34,COLATINA,SAO PEDRO,FEMININO,PARDA
violencia_domestica,violencia_social,,,29.0,25_34,PONTO BELO,FUNDAO,FEMININO,PARDA
violencia_domestica,violencia_social,,,30.0,25_34,ANCHIETA,IRIRI,FEMININO,NEGRA
violencia_domestica,violencia_social,,,30.0,25_34,VITORIA,BARRO VERMELHO,FEMININO,NEGRA
violencia_domestica,violencia_social,,,30.0,25_34,VITORIA,BARRO VERMELHO,FEMININO,NEGRA
violencia_domestica,violencia_social,,,30.0,25_34,VIANA,VILA NOVA,FEMININO,PARDA
violencia_domestica,violencia_social,,,31.0,25_34,GUACUI,CENTRO,FEMININO,PARDA
violencia_domestica,violencia_social,,,31.0,25_34,IBATIBA,VILA NOVA,FEMININO,BRANCA
violencia_domestica,violencia_social,,,32.0,25_34,NOVA VENECIA,COQUEIRAL,S/I,PARDA
violencia_domestica,violencia_social,,,35.0,35_44,LINHARES,INTERLAGOS,FEMININO,BRANCA
violencia_domestica,violencia_social,,,35.0,35_44,CASTELO,SANTO ANDREZINHO,FEMININO,BRANCA
violencia_domestica,violencia_social,,,36.0,35_44,JOAO NEIVA,SANTO AFONSO,FEMININO,BRANCA
violencia_domestica,violencia_social,,,36.0,35_44,ARACRUZ,MUCURATA,FEMININO,PARDA
violencia_domestica,violencia_social,,,37.0,35_44,ARACRUZ,OUTRO LOCAL,FEMININO,PARDA
violencia_domestica,violencia_social,,,37.0,35_44,VIANA,NOVA BETHANIA,FEMININO,PARDA
violencia_domestica,violencia_social,,,38.0,35_44,CACHOEIRO DE ITAPEMIRIM,BELA VISTA,FEMININO,PARDA
violencia_domestica,violencia_social,,,39.0,35_44,GUARAPARI,CENTRO,FEMININO,PARDA
violencia_domestica,violencia_social,,,39.0,35_44,IBATIBA,CENTRO,FEMININO,BRANCA
violencia_domestica,violencia_social,,,40.0,35_44,VILA VELHA,NOVA AMERICA,FEMININO,BRANCA
violencia_domestica,violencia_social,,,41.0,35_44,VILA VELHA,GLORIA,FEMININO,PARDA
violencia_domestica,violencia_social,,,42.0,35_44,SERRA,PLANALTO SERRANO,FEMININO,NEGRA
violencia_domestica,violencia_social,,,42.0,35_44,ALFREDO CHAVES,CENTRO,FEMININO,PARDA
violencia_domestica,violencia_social,,,43.0,35_44,SOORETAMA,OUTRO LOCAL,FEMININO,INDETERMINADA
violencia_domestica,violencia_social,,,43.0,35_44,SERRA,NOVA CARAPINA II,FEMININO,PARDA
violencia_domestica,violencia_social,,,45.0,45_54,LINHARES,TRES BARRAS,FEMININO,BRANCA
violencia_domestica,violencia_social,,,46.0,45_54,LINHARES,TRES BARRAS,FEMININO,BRANCA
violencia_domestica,violencia_social,,,49.0,45_54,MARATAIZES,ACAPULCO,FEMININO,BRANCA
violencia_domestica,violencia_social,,,50.0,45_54,IBIRACU,ELIAS BRAGATTO,FEMININO,BRANCA
violencia_domestica,violencia_social,,,51.0,45_54,VARGEM ALTA,CASTELINHO,FEMININO,BRANCA
violencia_domestica,violencia_social,,,51.0,45_54,MARATAIZES,PRAIA DOS CACOES,FEMININO,NEGRA
violencia_domestica,violencia_social,,,54.0,45_54,VIANA,VILA BETHANIA,FEMININO,PARDA
violencia_domestica,violencia_social,,,54.0,45_54,VILA VELHA,BRISAMAR,FEMININO,PARDA
violencia_domestica,violencia_social,,,55.0,55_64,VILA VELHA,SAO TORQUATO,FEMININO,NEGRA
violencia_domestica,violencia_social,,,55.0,55_64,VARGEM ALTA,CASTELINHO,MASCULINO,PARDA
violencia_domestica,violencia_social,,,58.0,55_64,VILA VELHA,SANTA PAULA II,FEMININO,PARDA
violencia_domestica,violencia_social,,,58.0,55_64,VILA VELHA,PRAIA DE ITAPARICA,MASCULINO,BRANCA
violencia_domestica,violencia_social,,,60.0,55_64,GUARAPARI,RECANTO DA SEREIA,FEMININO,PARDA
violencia_domestica,violencia_social,,,62.0,55_64,AGUA DOCE DO NORTE,OUTRO LOCAL,FEMININO,PARDA
violencia_domestica,violencia_social,,,63.0,55_64,CACHOEIRO DE ITAPEMIRIM,BELA VISTA,FEMININO,PARDA
violencia_domestica,violencia_social,,,64.0,55_64,ALFREDO CHAVES,CENTRO,FEMININO,BRANCA
violencia_domestica,violencia_social,,,68.0,65_PLUS,MARATAIZES,NOVA JERUSALEM,FEMININO,BRANCA
violencia_domestica,violencia_social,,,16.0,15_17,SERRA,SERRAMAR,FEMININO,NEGRA
violencia_domestica,violencia_social,,,17.0,15_17,JERONIMO MONTEIRO,VILA CRUZEIRO,FEMININO,BRANCA
violencia_domestica,violencia_social,,,17.0,15_17,PIUMA,NITEROI,FEMININO,PARDA
violencia_domestica,violencia_social,,,18.0,18_24,ALEGRE,CAMPO AVIACAO,FEMININO,BRANCA
violencia_domestica,violencia_social,,,21.0,18_24,PRESIDENTE KENNEDY,JAQUEIRA,FEMININO,PARDA
violencia_domestica,violencia_social,,,22.0,18_24,SERRA,CIDADE CONTINENTAL,FEMININO,BRANCA
violencia_domestica,violencia_social,,,22.0,18_24,COLATINA,NOVO HORIZONTE,MASCULINO,NEGRA
violencia_domestica,violencia_social,,,24.0,18_24,SERRA,CASTELANDIA,FEMININO,NEGRA
violencia_domestica,violencia_social,,,26.0,25_34,GUARAPARI,AEROPORTO,S/I,PARDA
violencia_domestica,violencia_social,,,28.0,25_34,MARECHAL FLORIANO,SANTA MARIA,FEMININO,PARDA
violencia_domestica,violencia_social,,,29.0,25_34,PIUMA,MONTE AGHA,FEMININO,PARDA
violencia_domestica,violencia_social,,,30.0,25_34,VILA VELHA,DOM JOAO BATISTA,FEMININO,BRANCA
violencia_domestica,violencia_social,,,31.0,25_34,MARECHAL FLORIANO,SANTA MARIA,FEMININO,PARDA
violencia_domestica,violencia_social,,,31.0,25_34,COLATINA,BELA VISTA,FEMININO,PARDA
violencia_domestica,violencia_social,,,32.0,25_34,DIVINO DE SAO LOURENCO,PENHA,FEMININO,NEGRA
violencia_domestica,violencia_social,,,32.0,25_34,SANTA LEOPOLDINA,MOXAFONGO,FEMININO,PARDA
violencia_domestica,violencia_social,,,33.0,25_34,GUARAPARI,ITAPEBUSSU,FEMININO,BRANCA
violencia_domestica,violencia_social,,,34.0,25_34,COLATINA,NOVO HORIZONTE,FEMININO,BRANCA
violencia_domestica,violencia_social,,,34.0,25_34,SERRA,VALPARAISO,FEMININO,PARDA
violencia_domestica,violencia_social,,,36.0,35_44,SAO MATEUS,VILA NOVA,FEMININO,PARDA
violencia_domestica,violencia_social,,,37.0,35_44,CACHOEIRO DE ITAPEMIRIM,OTTON MARINS,FEMININO,BRANCA
violencia_domestica,violencia_social,,,38.0,35_44,VILA VELHA,GLORIA,FEMININO,PARDA
violencia_domestica,violencia_social,,,38.0,35_44,CACHOEIRO DE ITAPEMIRIM,SAO FRANCISCO DE ASSIS,FEMININO,BRANCA
violencia_domestica,violencia_social,,,38.0,35_44,CACHOEIRO DE ITAPEMIRIM,SAO FRANCISCO DE ASSIS,FEMININO,BRANCA
violencia_domestica,violencia_social,,,38.0,35_44,SERRA,ESTANCIA MONAZITICA,FEMININO,BRANCA
violencia_domestica,violencia_social,,,39.0,35_44,MUNIZ FREIRE,PIACU,FEMININO,BRANCA
violencia_domestica,violencia_social,,,40.0,35_44,BARRA DE SAO FRANCISCO,BAIRRO VILA LANDINHA,FEMININO,PARDA
violencia_domestica,violencia_social,,,40.0,35_44,BARRA DE SAO FRANCISCO,BAIRRO VILA LANDINHA,FEMININO,PARDA
violencia_domestica,violencia_social,,,42.0,35_44,ALFREDO CHAVES,CENTRO,FEMININO,PARDA
violencia_domestica,violencia_social,,,43.0,35_44,SERRA,JOSE DE ANCHIETA,FEMININO,BRANCA
violencia_domestica,violencia_social,,,43.0,35_44,ALEGRE,CAMPO AVIACAO,FEMININO,PARDA
violencia_domestica,violencia_social,,,43.0,35_44,LINHARES,SHELL,FEMININO,PARDA
violencia_domestica,violencia_social,,,44.0,35_44,AFONSO CLAUDIO,SAO PEDRO,FEMININO,BRANCA
violencia_domestica,violencia_social,,,45.0,45_54,VILA VELHA,SAO CONRADO,FEMININO,PARDA
violencia_domestica,violencia_social,,,46.0,45_54,MARATAIZES,BARRA DE ITAPEMIRIM,FEMININO,INDETERMINADA
violencia_domestica,violencia_social,,,46.0,45_54,ARACRUZ,IRAJA,FEMININO,NEGRA
violencia_domestica,violencia_social,,,48.0,45_54,GUARAPARI,ITAPEBUSSU,FEMININO,PARDA
violencia_domestica,violencia_social,,,50.0,45_54,SERRA,SERRAMAR,FEMININO,NEGRA
violencia_domestica,violencia_social,,,52.0,45_54,SERRA,VILA NOVA DE COLARES,FEMININO,INDETERMINADA
violencia_domestica,violencia_social,,,52.0,45_54,MANTENOPOLIS,OUTRO LOCAL,FEMININO,PARDA
violencia_domestica,violencia_social,,,53.0,45_54,MUQUI,ZONA RURAL,FEMININO,BRANCA
violencia_domestica,violencia_social,,,53.0,45_54,SERRA,PARQUE RESIDENCIAL TUBARAO,FEMININO,BRANCA
violencia_domestica,violencia_social,,,54.0,45_54,MANTENOPOLIS,OUTRO LOCAL,FEMININO,NEGRA
violencia_domestica,violencia_social,,,56.0,55_64,CACHOEIRO DE ITAPEMIRIM,CAICARA,FEMININO,BRANCA
violencia_domestica,violencia_social,,,59.0,55_64,LINHARES,CENTRO,FEMININO,PARDA
violencia_domestica,violencia_social,,,61.0,55_64,CACHOEIRO DE ITAPEMIRIM,RECANTO,FEMININO,BRANCA
violencia_domestica,violencia_social,,,61.0,55_64,CASTELO,ESPLANADA,FEMININO,PARDA
violencia_domestica,violencia_social,,,63.0,55_64,NOVA VENECIA,ZONA RURAL,FEMININO,BRANCA
violencia_domestica,violencia_social,,,70.0,65_PLUS,VILA VELHA,CENTRO VILA VELHA,FEMININO,BRANCA
violencia_domestica,violencia_social,,,,,SAO MATEUS,SEAC,FEMININO,INDETERMINADA
violencia_domestica,violencia_social,,,,,LINHARES,CANIVETE,FEMININO,BRANCA
violencia_domestica,violencia_social,,,16.0,15_17,VILA VELHA,JARDIM GUARANHUNS,FEMININO,BRANCA
violencia_domestica,violencia_social,,,17.0,15_17,LINHARES,OUTRO LOCAL,FEMININO,PARDA
violencia_domestica,violencia_social,,,19.0,18_24,SERRA,JOSE DE ANCHIETA II,FEMININO,NEGRA
violencia_domestica,violencia_social,,,21.0,18_24,SERRA,SERRA DOURADA I,FEMININO,BRANCA
violencia_domestica,violencia_social,,,22.0,18_24,ARACRUZ,CENTRO,FEMININO,PARDA
violencia_domestica,violencia_social,,,22.0,18_24,VIANA,MARCILIO DE NORONHA,FEMININO,PARDA
violencia_domestica,violencia_social,,,24.0,18_24,CACHOEIRO DE ITAPEMIRIM,IBC,FEMININO,BRANCA
violencia_domestica,violencia_social,,,24.0,18_24,ALEGRE,VILA DO SUL,FEMININO,BRANCA
violencia_domestica,violencia_social,,,25.0,25_34,SERRA,FEU ROSA,FEMININO,BRANCA
violencia_domestica,violencia_social,,,25.0,25_34,SERRA,PLANICIE DA SERRA,FEMININO,NEGRA
violencia_domestica,violencia_social,,,25.0,25_34,SAO MATEUS,BOM SUCESSO,FEMININO,BRANCA
violencia_domestica,violencia_social,,,26.0,25_34,GUARAPARI,SANTA ROSA,FEMININO,PARDA
violencia_domestica,violencia_social,,,26.0,25_34,AFONSO CLAUDIO,JOAO VALIM,FEMININO,PARDA
violencia_domestica,violencia_social,,,27.0,25_34,LINHARES,MOVELAR,FEMININO,PARDA
violencia_domestica,violencia_social,,,28.0,25_34,SERRA,BAIRRO DAS LARANJEIRAS,FEMININO,PARDA
violencia_domestica,violencia_social,,,29.0,25_34,PANCAS,CENTRO,FEMININO,PARDA
violencia_domestica,violencia_social,,,29.0,25_34,PANCAS,VILA NOVA,FEMININO,PARDA
violencia_domestica,violencia_social,,,29.0,25_34,VITORIA,BELA VISTA,FEMININO,PARDA
violencia_domestica,violencia_social,,,30.0,25_34,CARIACICA,SANTANA,FEMININO,PARDA
violencia_domestica,violencia_social,,,30.0,25_34,SERRA,BARCELONA,FEMININO,BRANCA
violencia_domestica,violencia_social,,,31.0,25_34,SERRA,COLINA DE LARANJEIRAS,FEMININO,PARDA
violencia_domestica,violencia_social,,,31.0,25_34,VIANA,AREINHA,FEMININO,NEGRA
violencia_domestica,violencia_social,,,31.0,25_34,COLATINA,MOACYR BROTAS,S/I,PARDA
violencia_domestica,violencia_social,,,31.0,25_34,SERRA,SERRA DOURADA I,FEMININO,PARDA
violencia_domestica,violencia_social,,,35.0,35_44,LINHARES,CANIVETE,FEMININO,BRANCA
violencia_domestica,violencia_social,,,35.0,35_44,CACHOEIRO DE ITAPEMIRIM,CORAMARA,FEMININO,PARDA
violencia_domestica,violencia_social,,,36.0,35_44,MIMOSO DO SUL,ZONA RURAL,FEMININO,BRANCA
violencia_domestica,violencia_social,,,37.0,35_44,GUACUI,OUTRO LOCAL,FEMININO,PARDA
violencia_domestica,violencia_social,,,38.0,35_44,SAO MATEUS,OUTRO LOCAL,FEMININO,BRANCA
violencia_domestica,violencia_social,,,39.0,35_44,SERRA,FEU ROSA,FEMININO,PARDA
violencia_domestica,violencia_social,,,39.0,35_44,PANCAS,NOSSA SENHORA DAS GRACAS,FEMININO,PARDA
violencia_domestica,violencia_social,,,39.0,35_44,VILA VELHA,ITAPOA,FEMININO,NEGRA
violencia_domestica,violencia_social,,,40.0,35_44,SERRA,FEU ROSA,FEMININO,BRANCA
violencia_domestica,violencia_social,,,40.0,35_44,ARACRUZ,GUAXINDIBA,FEMININO,NEGRA
violencia_domestica,violencia_social,,,47.0,45_54,MIMOSO DO SUL,ALTO SERTAO SEBASTIAO,FEMININO,NEGRA
violencia_domestica,violencia_social,,,47.0,45_54,IRUPI,CENTRO,FEMININO,BRANCA
violencia_domestica,violencia_social,,,51.0,45_54,BARRA DE SAO FRANCISCO,BAIRRO COLINA,FEMININO,PARDA
violencia_domestica,violencia_social,,,51.0,45_54,CARIACICA,VERA CRUZ,FEMININO,PARDA
violencia_domestica,violencia_social,,,56.0,55_64,SERRA,SERRA DOURADA I,FEMININO,BRANCA
violencia_domestica,violencia_social,,,62.0,55_64,SAO GABRIEL DA PALHA,APARECIDA,FEMININO,BRANCA
violencia_domestica,violencia_social,,,78.0,65_PLUS,SERRA,FEU ROSA,FEMININO,NEGRA
violencia_domestica,violencia_social,,,13.0,0_14,LINHARES,AVISO,MASCULINO,BRANCA
violencia_domestica,violencia_social,,,19.0,18_24,ARACRUZ,MOROBA,FEMININO,NEGRA
violencia_domestica,violencia_social,,,19.0,18_24,SANTA MARIA DE JETIBA,VILA JETIBA,FEMININO,NEGRA
violencia_domestica,violencia_social,,,21.0,18_24,JAGUARE,CENTRO,FEMININO,PARDA
violencia_domestica,violencia_social,,,21.0,18_24,VITORIA,ITARARE,FEMININO,BRANCA
violencia_domestica,violencia_social,,,22.0,18_24,CACHOEIRO DE ITAPEMIRIM,BELA VISTA,MASCULINO,PARDA
violencia_domestica,violencia_social,,,22.0,18_24,VILA VELHA,PEDRA DOS BUZIOS,FEMININO,NEGRA
violencia_domestica,violencia_social,,,23.0,18_24,VILA VELHA,VISTA DA PENHA,MASCULINO,NEGRA
violencia_domestica,violencia_social,,,23.0,18_24,CARIACICA,CRUZEIRO DO SUL,FEMININO,PARDA
violencia_domestica,violencia_social,,,24.0,18_24,GUARAPARI,PONTAL DE SANTA MONICA,FEMININO,NEGRA
violencia_domestica,violencia_social,,,24.0,18_24,VILA VELHA,VALE ENCANTADO,FEMININO,AMARELA
violencia_domestica,violencia_social,,,24.0,18_24,COLATINA,BELA VISTA,FEMININO,PARDA
violencia_domestica,violencia_social,,,24.0,18_24,VILA VELHA,SANTA MONICA POPULAR,FEMININO,BRANCA
violencia_domestica,violencia_social,,,25.0,25_34,BARRA DE SAO FRANCISCO,BAIRRO NOVA BARRA,FEMININO,PARDA
violencia_domestica,violencia_social,,,25.0,25_34,SOORETAMA,OUTRO LOCAL,FEMININO,NEGRA
violencia_domestica,violencia_social,,,27.0,25_34,LINHARES,MOBRASA,FEMININO,PARDA
violencia_domestica,violencia_social,,,28.0,25_34,SERRA,BAIRRO DAS LARANJEIRAS,FEMININO,PARDA
violencia_domestica,violencia_social,,,29.0,25_34,PANCAS,OPERARIO,FEMININO,PARDA
violencia_domestica,violencia_social,,,30.0,25_34,CARIACICA,CASTELO BRANCO,FEMININO,BRANCA
violencia_domestica,violencia_social,,,30.0,25_34,LINHARES,PLANALTO,FEMININO,BRANCA
violencia_domestica,violencia_social,,,31.0,25_34,ARACRUZ,BARRA DO SAHY,FEMININO,BRANCA
violencia_domestica,violencia_social,,,31.0,25_34,CACHOEIRO DE ITAPEMIRIM,GRUTA DE BAIXO,FEMININO,PARDA
violencia_domestica,violencia_social,,,31.0,25_34,SERRA,CARAPINA GRANDE,FEMININO,PARDA
violencia_domestica,violencia_social,,,33.0,25_34,LINHARES,CANIVETE,FEMININO,PARDA
violencia_domestica,violencia_social,,,33.0,25_34,CONCEICAO DO CASTELO,ARTHUR SOARES,FEMININO,PARDA
violencia_domestica,violencia_social,,,33.0,25_34,GUARAPARI,CENTRO,MASCULINO,PARDA
violencia_domestica,violencia_social,,,33.0,25_34,VILA VELHA,XURY,FEMININO,BRANCA
violencia_domestica,violencia_social,,,34.0,25_34,SAO MATEUS,VILA NOVA,FEMININO,BRANCA
violencia_domestica,violencia_social,,,34.0,25_34,VILA VELHA,ITAPOA,FEMININO,BRANCA
violencia_domestica,violencia_social,,,36.0,35_44,VILA VELHA,ULISSES GUIMARAES,FEMININO,NEGRA
violencia_domestica,violencia_social,,,36.0,35_44,GUARAPARI,PRAIA DO MORRO,S/I,PARDA
violencia_domestica,violencia_social,,,36.0,35_44,VIANA,NOVA VIANA,FEMININO,BRANCA
violencia_domestica,violencia_social,,,37.0,35_44,CARIACICA,VISTA MAR,FEMININO,PARDA
violencia_domestica,violencia_social,,,37.0,35_44,ARACRUZ,OUTRO LOCAL,FEMININO,PARDA
violencia_domestica,violencia_social,,,37.0,35_44,SERRA,SERRA DOURADA I,S/I,PARDA
violencia_domestica,violencia_social,,,39.0,35_44,GUARAPARI,CENTRO,FEMININO,NEGRA
violencia_domestica,violencia_social,,,39.0,35_44,BAIXO GUANDU,SAPUCAIA,FEMININO,PARDA
violencia_domestica,violencia_social,,,39.0,35_44,SERRA,JARDIM CARAPINA,FEMININO,PARDA
violencia_domestica,violencia_social,,,40.0,35_44,PINHEIROS,ZONA RURAL,FEMININO,PARDA
violencia_domestica,violencia_social,,,40.0,35_44,SERRA,JOSE DE ANCHIETA II,FEMININO,PARDA
violencia_domestica,violencia_social,,,41.0,35_44,VIANA,PRIMAVERA,FEMININO,PARDA
violencia_domestica,violencia_social,,,42.0,35_44,VITORIA,ROMAO,FEMININO,PARDA
violencia_domestica,violencia_social,,,42.0,35_44,FUNDAO,PRAIA GRANDE,FEMININO,PARDA
violencia_domestica,violencia_social,,,42.0,35_44,VIANA,VILA BETHANIA,FEMININO,NEGRA
violencia_domestica,violencia_social,,,42.0,35_44,ANCHIETA,CENTRO,FEMININO,NEGRA
violencia_domestica,violencia_social,,,42.0,35_44,SERRA,OURIMAR,FEMININO,BRANCA
violencia_domestica,violencia_social,,,44.0,35_44,LINHARES,AVISO,FEMININO,PARDA
violencia_domestica,violencia_social,,,44.0,35_44,SERRA,PARQUE DAS GAIVOTAS,FEMININO,PARDA
violencia_domestica,violencia_social,,,45.0,45_54,SANTA TERESA,APARECIDINHA,FEMININO,BRANCA
violencia_domestica,violencia_social,,,45.0,45_54,CARIACICA,JARDIM BOTANICO,FEMININO,PARDA
violencia_domestica,violencia_social,,,48.0,45_54,CONCEICAO DA BARRA,NOVO HORIZONTE,FEMININO,PARDA
violencia_domestica,violencia_social,,,48.0,45_54,VILA VELHA,PRIMEIRO DE MAIO,FEMININO,BRANCA
violencia_domestica,violencia_social,,,49.0,45_54,SAO GABRIEL DA PALHA,CENTRO,FEMININO,BRANCA
violencia_domestica,violencia_social,,,51.0,45_54,SERRA,COLINA DE LARANJEIRAS,FEMININO,BRANCA
violencia_domestica,violencia_social,,,55.0,55_64,CARIACICA,MORADA DE SANTA FE,FEMININO,BRANCA
violencia_domestica,violencia_social,,,55.0,55_64,MARATAIZES,OUTRO LOCAL,FEMININO,BRANCA
violencia_domestica,violencia_social,,,56.0,55_64,SERRA,SERRAMAR,FEMININO,PARDA
violencia_domestica,violencia_social,,,58.0,55_64,PIUMA,CENTRO,FEMININO,PARDA
violencia_domestica,violencia_social,,,58.0,55_64,SERRA,NOVA CARAPINA II,S/I,BRANCA
violencia_domestica,violencia_social,,,60.0,55_64,SERRA,RESIDENCIAL CENTRO DA SERRA,FEMININO,BRANCA
violencia_domestica,violencia_social,,,61.0,55_64,CACHOEIRO DE ITAPEMIRIM,NOVO PARQUE,FEMININO,NEGRA
violencia_domestica,violencia_social,,,61.0,55_64,CASTELO,SANTO ANDREZINHO,FEMININO,NEGRA
violencia_domestica,violencia_social,,,64.0,55_64,VILA VELHA,JARDIM MARILANDIA,FEMININO,PARDA
violencia_domestica,violencia_social,,,65.0,65_PLUS,CACHOEIRO DE ITAPEMIRIM,AEROPORTO,FEMININO,PARDA
violencia_domestica,violencia_social,,,69.0,65_PLUS,SAO MATEUS,SANTO ANTONIO,FEMININO,NEGRA
violencia_domestica,violencia_social,,,71.0,65_PLUS,JERONIMO MONTEIRO,CENTRO,FEMININO,BRANCA
violencia_domestica,violencia_social,,,75.0,65_PLUS,ARACRUZ,FATIMA,FEMININO,NEGRA
violencia_domestica,violencia_social,,,,,VITORIA,VILA RUBIM,S/I,INDETERMINADA
violencia_domestica,violencia_social,,,,,ARACRUZ,COQUEIRAL,FEMININO,BRANCA
violencia_domestica,violencia_social,,,18.0,18_24,BARRA DE SAO FRANCISCO,MORRO DA COLINA,FEMININO,PARDA
violencia_domestica,violencia_social,,,18.0,18_24,ARACRUZ,COQUEIRAL,FEMININO,BRANCA
violencia_domestica,violencia_social,,,18.0,18_24,AGUIA BRANCA,CORREGO SAO JOAO,FEMININO,PARDA
violencia_domestica,violencia_social,,,19.0,18_24,SANTA MARIA DE JETIBA,VILA JETIBA,FEMININO,NEGRA
violencia_domestica,violencia_social,,,19.0,18_24,VENDA NOVA DO IMIGRANTE,SAO PEDRO,FEMININO,PARDA
violencia_domestica,violencia_social,,,19.0,18_24,CARIACICA,ANTONIO FERREIRA BORGES,FEMININO,NEGRA
violencia_domestica,violencia_social,,,20.0,18_24,CARIACICA,PORTO DE SANTANA,FEMININO,PARDA
violencia_domestica,violencia_social,,,20.0,18_24,SERRA,JARDIM CARAPINA,FEMININO,PARDA
violencia_domestica,violencia_social,,,21.0,18_24,VILA VELHA,JARDIM MARILANDIA,FEMININO,PARDA
violencia_domestica,violencia_social,,,22.0,18_24,CARIACICA,FLEXAL I,FEMININO,PARDA
violencia_domestica,violencia_social,,,23.0,18_24,MUQUI,ENTRE MORROS,FEMININO,BRANCA
violencia_domestica,violencia_social,,,23.0,18_24,COLATINA,SAO MIGUEL,FEMININO,BRANCA
violencia_domestica,violencia_social,,,23.0,18_24,VILA VELHA,BARRAMARES,FEMININO,NEGRA
violencia_domestica,violencia_social,,,24.0,18_24,VILA VELHA,CENTRO VILA VELHA,S/I,BRANCA
violencia_domestica,violencia_social,,,24.0,18_24,MIMOSO DO SUL,MORRO DA PALHA,FEMININO,BRANCA
violencia_domestica,violencia_social,,,24.0,18_24,SAO MATEUS,MORADA DO LAGO,FEMININO,BRANCA
violencia_domestica,violencia_social,,,24.0,18_24,VIANA,SOTECO,FEMININO,PARDA
violencia_domestica,violencia_social,,,26.0,25_34,CACHOEIRO DE ITAPEMIRIM,NOSSA SENHORA APARECIDA,FEMININO,BRANCA
violencia_domestica,violencia_social,,,26.0,25_34,PIUMA,PRAIA DE ACAIACA,FEMININO,NEGRA
violencia_domestica,violencia_social,,,26.0,25_34,PIUMA,PRAIA DE ACAIACA,FEMININO,NEGRA
violencia_domestica,violencia_social,,,26.0,25_34,ARACRUZ,SAO MARCOS,FEMININO,BRANCA
violencia_domestica,violencia_social,,,26.0,25_34,ARACRUZ,OUTRO LOCAL,FEMININO,PARDA
violencia_domestica,violencia_social,,,28.0,25_34,ATILIO VIVACQUA,ALTO NITEROI,FEMININO,NEGRA
violencia_domestica,violencia_social,,,29.0,25_34,LARANJA DA TERRA,CENTRO,FEMININO,INDETERMINADA
violencia_domestica,violencia_social,,,29.0,25_34,ATILIO VIVACQUA,NITEROI,FEMININO,PARDA
violencia_domestica,violencia_social,,,29.0,25_34,COLATINA,OPERARIO,FEMININO,BRANCA
violencia_domestica,violencia_social,,,29.0,25_34,SANTA MARIA DE JETIBA,SAO LUIS,FEMININO,PARDA
violencia_domestica,violencia_social,,,29.0,25_34,CARIACICA,MORADA DE SANTA FE,FEMININO,PARDA
violencia_domestica,violencia_social,,,31.0,25_34,CARIACICA,SAO GERALDO,FEMININO,PARDA
violencia_domestica,violencia_social,,,33.0,25_34,VITORIA,NOVA PALESTINA,FEMININO,NEGRA
violencia_domestica,violencia_social,,,33.0,25_34,SERRA,SAO MARCOS I,FEMININO,PARDA
violencia_domestica,violencia_social,,,34.0,25_34,MUQUI,ZONA RURAL,FEMININO,PARDA
violencia_domestica,violencia_social,,,35.0,35_44,SERRA,BALNEARIO DE CARAPEBUS,FEMININO,NEGRA
violencia_domestica,violencia_social,,,35.0,35_44,CACHOEIRO DE ITAPEMIRIM,GUANDU,FEMININO,NEGRA
violencia_domestica,violencia_social,,,35.0,35_44,CACHOEIRO DE ITAPEMIRIM,GUANDU,FEMININO,NEGRA
violencia_domestica,violencia_social,,,36.0,35_44,VILA VELHA,PRAIA DE ITAPARICA,FEMININO,BRANCA
violencia_domestica,violencia_social,,,36.0,35_44,VITORIA,VILA RUBIM,MASCULINO,BRANCA
violencia_domestica,violencia_social,,,36.0,35_44,VILA VELHA,JOCKEY DE ITAPARICA,FEMININO,PARDA
violencia_domestica,violencia_social,,,36.0,35_44,CARIACICA,RIO BRANCO,FEMININO,PARDA
violencia_domestica,violencia_social,,,36.0,35_44,VILA VELHA,PRAIA DE ITAPARICA,FEMININO,BRANCA
violencia_domestica,violencia_social,,,37.0,35_44,ARACRUZ,MOROBA,FEMININO,NEGRA
violencia_domestica,violencia_social,,,37.0,35_44,FUNDAO,SAO JOSE,FEMININO,PARDA
violencia_domestica,violencia_social,,,37.0,35_44,SERRA,JARDIM CARAPINA,FEMININO,PARDA
violencia_domestica,violencia_social,,,37.0,35_44,SERRA,ESTANCIA MONAZITICA,FEMININO,PARDA
violencia_domestica,violencia_social,,,37.0,35_44,VILA VELHA,SANTA INES,FEMININO,BRANCA
violencia_domestica,violencia_social,,,37.0,35_44,CACHOEIRO DE ITAPEMIRIM,MORRO GRANDE,FEMININO,BRANCA
violencia_domestica,violencia_social,,,37.0,35_44,SERRA,PRAIA DE CARAPEBUS,FEMININO,PARDA
violencia_domestica,violencia_social,,,38.0,35_44,SERRA,OURIMAR,FEMININO,BRANCA
violencia_domestica,violencia_social,,,39.0,35_44,PIUMA,PIUMINAS,FEMININO,PARDA
violencia_domestica,violencia_social,,,40.0,35_44,VILA VELHA,COQUEIRAL DE ITAPARICA,FEMININO,PARDA
violencia_domestica,violencia_social,,,41.0,35_44,CONCEICAO DA BARRA,BRACO DO RIO,FEMININO,PARDA
violencia_domestica,violencia_social,,,41.0,35_44,SAO MATEUS,GURIRI,FEMININO,PARDA
violencia_domestica,violencia_social,,,42.0,35_44,COLATINA,COLATINA VELHA,FEMININO,NEGRA
violencia_domestica,violencia_social,,,42.0,35_44,VILA VELHA,PRAIA DA COSTA,FEMININO,BRANCA
violencia_domestica,violencia_social,,,42.0,35_44,ARACRUZ,BARRA DO RIACHO,FEMININO,BRANCA
violencia_domestica,violencia_social,,,42.0,35_44,ECOPORANGA,OUTRO LOCAL,FEMININO,INDETERMINADA
violencia_domestica,violencia_social,,,42.0,35_44,CARIACICA,VILA MERLO,FEMININO,PARDA
violencia_domestica,violencia_social,,,43.0,35_44,SERRA,RESIDENCIAL JACARAIPE,FEMININO,PARDA
violencia_domestica,violencia_social,,,44.0,35_44,MONTANHA,CENTRO,FEMININO,PARDA
violencia_domestica,violencia_social,,,45.0,45_54,VITORIA,JARDIM CAMBURI,FEMININO,BRANCA
violencia_domestica,violencia_social,,,45.0,45_54,VILA VELHA,SANTOS DUMONT,FEMININO,BRANCA
violencia_domestica,violencia_social,,,48.0,45_54,PIUMA,MONTE AGHA,FEMININO,BRANCA
violencia_domestica,violencia_social,,,48.0,45_54,VIANA,MARCILIO DE NORONHA,FEMININO,NEGRA
violencia_domestica,violencia_social,,,48.0,45_54,SAO MATEUS,ZONA RURAL,FEMININO,NEGRA
violencia_domestica,violencia_social,,,49.0,45_54,DOMINGOS MARTINS,ISABEL,FEMININO,BRANCA
violencia_domestica,violencia_social,,,50.0,45_54,VITORIA,PRAIA DO CANTO,FEMININO,BRANCA
violencia_domestica,violencia_social,,,51.0,45_54,SAO MATEUS,MARIRICU,FEMININO,BRANCA
violencia_domestica,violencia_social,,,52.0,45_54,VILA VELHA,PONTA DA FRUTA,FEMININO,PARDA
violencia_domestica,violencia_social,,,53.0,45_54,VILA VELHA,PRAIA DA COSTA,FEMININO,PARDA
violencia_domestica,violencia_social,,,59.0,55_64,CARIACICA,BUBU,FEMININO,PARDA
violencia_domestica,violencia_social,,,62.0,55_64,VITORIA,MARIA ORTIZ,FEMININO,BRANCA
violencia_domestica,violencia_social,,,69.0,65_PLUS,ARACRUZ,BARRA DO RIACHO,FEMININO,PARDA
violencia_domestica,violencia_social,,,70.0,65_PLUS,VILA VELHA,CENTRO VILA VELHA,FEMININO,BRANCA
violencia_domestica,violencia_social,,,74.0,65_PLUS,CONCEICAO DA BARRA,NOVA BETHANIA,FEMININO,NEGRA
violencia_domestica,violencia_social,,,75.0,65_PLUS,COLATINA,CARLOS GERMANO NAUMANN,FEMININO,NEGRA
violencia_domestica,violencia_social,,,83.0,65_PLUS,VITORIA,ILHA DE SANTA MARIA,FEMININO,NEGRA
violencia_domestica,violencia_social,,,,,PANCAS,NOSSA SENHORA APARECIDA,FEMININO,BRANCA
violencia_domestica,violencia_social,,,,,ATILIO VIVACQUA,NITEROI,FEMININO,S/I
violencia_domestica,violencia_social,,,16.0,15_17,SERRA,SAO FRANCISCO,FEMININO,PARDA
violencia_domestica,violencia_social,,,18.0,18_24,ARACRUZ,COQUEIRAL,S/I,BRANCA
violencia_domestica,violencia_social,,,18.0,18_24,LINHARES,SHELL,FEMININO,BRANCA
violencia_domestica,violencia_social,,,18.0,18_24,COLATINA,CENTRO,FEMININO,PARDA
violencia_domestica,violencia_social,,,18.0,18_24,LINHARES,ARACA,FEMININO,NEGRA
violencia_domestica,violencia_social,,,19.0,18_24,MUNIZ FREIRE,PIACU,FEMININO,PARDA
violencia_domestica,violencia_social,,,20.0,18_24,MUNIZ FREIRE,PIACU,MASCULINO,BRANCA
violencia_domestica,violencia_social,,,21.0,18_24,VARGEM ALTA,CENTRO,FEMININO,AMARELA
violencia_domestica,violencia_social,,,21.0,18_24,VITORIA,RESISTENCIA,FEMININO,NEGRA
violencia_domestica,violencia_social,,,22.0,18_24,SERRA,SAO FRANCISCO,FEMININO,PARDA
violencia_domestica,violencia_social,,,22.0,18_24,NOVA VENECIA,DIADEMA,FEMININO,PARDA
violencia_domestica,violencia_social,,,23.0,18_24,SAO ROQUE DO CANAA,PICADAO DE SAO ROQUE,FEMININO,AMARELA
violencia_domestica,violencia_social,,,23.0,18_24,VILA VELHA,BARRAMARES,FEMININO,NEGRA
violencia_domestica,violencia_social,,,24.0,18_24,VILA VELHA,CENTRO VILA VELHA,FEMININO,BRANCA
violencia_domestica,violencia_social,,,24.0,18_24,SERRA,VILA NOVA DE COLARES,FEMININO,NEGRA
violencia_domestica,violencia_social,,,24.0,18_24,AGUIA BRANCA,APARECIDA,FEMININO,PARDA
violencia_domestica,violencia_social,,,24.0,18_24,BAIXO GUANDU,ROSARIO I,FEMININO,NEGRA
violencia_domestica,violencia_social,,,24.0,18_24,SERRA,VILA NOVA DE COLARES,FEMININO,PARDA
violencia_domestica,violencia_social,,,24.0,18_24,PRESIDENTE KENNEDY,MOROBA,FEMININO,PARDA
violencia_domestica,violencia_social,,,25.0,25_34,VITORIA,INHANGUETA,FEMININO,PARDA
violencia_domestica,violencia_social,,,25.0,25_34,VITORIA,ILHA DE SANTA MARIA,FEMININO,PARDA
violencia_domestica,violencia_social,,,25.0,25_34,CARIACICA,RIO BRANCO,FEMININO,NEGRA
violencia_domestica,violencia_social,,,26.0,25_34,SERRA,VILA NOVA DE COLARES,FEMININO,NEGRA
violencia_domestica,violencia_social,,,27.0,25_34,ALTO RIO NOVO,SANTA BARBARA II,FEMININO,PARDA
violencia_domestica,violencia_social,,,27.0,25_34,COLATINA,CARLOS GERMANO NAUMANN,FEMININO,PARDA
violencia_domestica,violencia_social,,,28.0,25_34,BOA ESPERANCA,ZONA RURAL,FEMININO,NEGRA
violencia_domestica,violencia_social,,,29.0,25_34,SERRA,NOVO HORIZONTE,FEMININO,PARDA
violencia_domestica,violencia_social,,,29.0,25_34,SERRA,NOVO HORIZONTE,FEMININO,PARDA
violencia_domestica,violencia_social,,,29.0,25_34,SERRA,JOSE DE ANCHIETA II,FEMININO,PARDA
violencia_domestica,violencia_social,,,30.0,25_34,LINHARES,AVISO,FEMININO,BRANCA
violencia_domestica,violencia_social,,,30.0,25_34,CARIACICA,NOVA ESPERANCA,FEMININO,PARDA
violencia_domestica,violencia_social,,,30.0,25_34,LINHARES,SANTA CRUZ,FEMININO,BRANCA
violencia_domestica,violencia_social,,,30.0,25_34,SERRA,ELDORADO,FEMININO,PARDA
violencia_domestica,violencia_social,,,31.0,25_34,SERRA,SERRA DOURADA II,FEMININO,PARDA
violencia_domestica,violencia_social,,,32.0,25_34,CARIACICA,ITANGUA,FEMININO,PARDA
violencia_domestica,violencia_social,,,32.0,25_34,DOMINGOS MARTINS,GOIABEIRA,FEMININO,BRANCA
violencia_domestica,violencia_social,,,33.0,25_34,ITAPEMIRIM,ITAOCA,FEMININO,PARDA
violencia_domestica,violencia_social,,,34.0,25_34,CACHOEIRO DE ITAPEMIRIM,CONDURU,FEMININO,NEGRA
violencia_domestica,violencia_social,,,35.0,35_44,ARACRUZ,GUANABARA,FEMININO,PARDA
violencia_domestica,violencia_social,,,36.0,35_44,PIUMA,CENTRO,FEMININO,BRANCA
violencia_domestica,violencia_social,,,36.0,35_44,PIUMA,CENTRO,FEMININO,BRANCA
violencia_domestica,violencia_social,,,36.0,35_44,IBATIBA,FLORESTA,FEMININO,PARDA
violencia_domestica,violencia_social,,,37.0,35_44,LINHARES,POVOACAO,FEMININO,PARDA
violencia_domestica,violencia_social,,,37.0,35_44,LINHARES,BEBEDOURO,FEMININO,PARDA
violencia_domestica,violencia_social,,,37.0,35_44,ICONHA,JARDIM JANDYRA,FEMININO,BRANCA
violencia_domestica,violencia_social,,,38.0,35_44,SERRA,SAO FRANCISCO,FEMININO,PARDA
violencia_domestica,violencia_social,,,38.0,35_44,SERRA,NOVO HORIZONTE,FEMININO,PARDA
violencia_domestica,violencia_social,,,38.0,35_44,BARRA DE SAO FRANCISCO,PAULISTA,FEMININO,INDETERMINADA
violencia_domestica,violencia_social,,,40.0,35_44,COLATINA,VILA NOVA,FEMININO,BRANCA
violencia_domestica,violencia_social,,,40.0,35_44,SERRA,CASTELANDIA,FEMININO,NEGRA
violencia_domestica,violencia_social,,,41.0,35_44,BOA ESPERANCA,CENTRO,FEMININO,PARDA
violencia_domestica,violencia_social,,,41.0,35_44,SANTA MARIA DE JETIBA,SANTA LUZIA DO RECREIO,FEMININO,BRANCA
violencia_domestica,violencia_social,,,43.0,35_44,CARIACICA,VILA CAPIXABA,FEMININO,BRANCA
violencia_domestica,violencia_social,,,43.0,35_44,VITORIA,MATA DA PRAIA,FEMININO,BRANCA
violencia_domestica,violencia_social,,,45.0,45_54,COLATINA,SAO SILVANO,FEMININO,BRANCA
violencia_domestica,violencia_social,,,46.0,45_54,VILA VELHA,COQUEIRAL DE ITAPARICA,FEMININO,BRANCA
violencia_domestica,violencia_social,,,47.0,45_54,BARRA DE SAO FRANCISCO,CENTRO,FEMININO,BRANCA
violencia_domestica,violencia_social,,,47.0,45_54,JERONIMO MONTEIRO,ZONA RURAL,FEMININO,BRANCA
violencia_domestica,violencia_social,,,51.0,45_54,VILA VELHA,ULISSES GUIMARAES,FEMININO,INDETERMINADA
violencia_domestica,violencia_social,,,52.0,45_54,LINHARES,NOVA ESPERANCA,FEMININO,PARDA
violencia_domestica,violencia_social,,,59.0,55_64,ARACRUZ,SAO MARCOS,FEMININO,PARDA
violencia_domestica,violencia_social,,,60.0,55_64,CACHOEIRO DE ITAPEMIRIM,CORAMARA,MASCULINO,PARDA
violencia_domestica,violencia_social,,,61.0,55_64,CACHOEIRO DE ITAPEMIRIM,CORAMARA,FEMININO,BRANCA
violencia_domestica,violencia_social,,,65.0,65_PLUS,CARIACICA,NOVO BRASIL,FEMININO,PARDA
violencia_domestica,violencia_social,,,74.0,65_PLUS,VITORIA,BONFIM,FEMININO,PARDA
violencia_domestica,violencia_social,,,85.0,65_PLUS,MARATAIZES,LAGOA DO SIRI,FEMININO,PARDA
violencia_domestica,violencia_social,,,,,BOM JESUS DO NORTE,BELVEDERE,FEMININO,PARDA
violencia_domestica,violencia_social,,,,,CACHOEIRO DE ITAPEMIRIM,BNH,S/I,NEGRA
violencia_domestica,violencia_social,,,14.0,0_14,LINHARES,PLANALTO,FEMININO,PARDA
violencia_domestica,violencia_social,,,16.0,15_17,PANCAS,ZONA RURAL,FEMININO,NEGRA
violencia_domestica,violencia_social,,,17.0,15_17,VILA VELHA,MORADA DA BARRA,FEMININO,INDETERMINADA
violencia_domestica,violencia_social,,,18.0,18_24,SAO MATEUS,OUTRO LOCAL,FEMININO,PARDA
violencia_domestica,violencia_social,,,18.0,18_24,GUARAPARI,MUQUICABA,FEMININO,BRANCA
violencia_domestica,violencia_social,,,19.0,18_24,CARIACICA,VILA ISABEL,FEMININO,PARDA
violencia_domestica,violencia_social,,,20.0,18_24,CARIACICA,BELA AURORA,FEMININO,BRANCA
violencia_domestica,violencia_social,,,20.0,18_24,ARACRUZ,BARRA DO RIACHO,FEMININO,PARDA
violencia_domestica,violencia_social,,,21.0,18_24,VILA VELHA,ULISSES GUIMARAES,FEMININO,PARDA
violencia_domestica,violencia_social,,,21.0,18_24,VILA VELHA,ITAPOA,FEMININO,PARDA
violencia_domestica,violencia_social,,,21.0,18_24,VILA VELHA,RIO MARINHO,FEMININO,NEGRA
violencia_domestica,violencia_social,,,22.0,18_24,CACHOEIRO DE ITAPEMIRIM,BELA VISTA,MASCULINO,PARDA
violencia_domestica,violencia_social,,,23.0,18_24,LINHARES,AVISO,FEMININO,BRANCA
violencia_domestica,violencia_social,,,24.0,18_24,CACHOEIRO DE ITAPEMIRIM,SAO FRANCISCO DE ASSIS,FEMININO,PARDA
violencia_domestica,violencia_social,,,24.0,18_24,VILA VELHA,PAUL,FEMININO,PARDA
violencia_domestica,violencia_social,,,24.0,18_24,LINHARES,PLANALTO,FEMININO,PARDA
violencia_domestica,violencia_social,,,24.0,18_24,VITORIA,BONFIM,FEMININO,NEGRA
violencia_domestica,violencia_social,,,24.0,18_24,VILA VELHA,COCAL,FEMININO,PARDA
violencia_domestica,violencia_social,,,25.0,25_34,CASTELO,NITEROI,FEMININO,INDETERMINADA
violencia_domestica,violencia_social,,,25.0,25_34,SERRA,SERRA DOURADA I,FEMININO,BRANCA
violencia_domestica,violencia_social,,,25.0,25_34,SERRA,BARCELONA,FEMININO,BRANCA
violencia_domestica,violencia_social,,,25.0,25_34,CASTELO,BAIXA ITALIA,FEMININO,PARDA
violencia_domestica,violencia_social,,,26.0,25_34,SERRA,BALNEARIO DE CARAPEBUS,FEMININO,BRANCA
violencia_domestica,violencia_social,,,26.0,25_34,NOVA VENECIA,BEIRA RIO,MASCULINO,INDETERMINADA
violencia_domestica,violencia_social,,,26.0,25_34,MARATAIZES,BARRA DE ITAPEMIRIM,FEMININO,PARDA
violencia_domestica,violencia_social,,,26.0,25_34,LINHARES,INTERLAGOS,FEMININO,PARDA
violencia_domestica,violencia_social,,,26.0,25_34,VILA VELHA,JOCKEY DE ITAPARICA,FEMININO,BRANCA
violencia_domestica,violencia_social,,,26.0,25_34,SERRA,CASTELANDIA,FEMININO,BRANCA
violencia_domestica,violencia_social,,,27.0,25_34,CACHOEIRO DE ITAPEMIRIM,WALDIR FURTADO AMORIM,FEMININO,BRANCA
violencia_domestica,violencia_social,,,27.0,25_34,SERRA,NOVO HORIZONTE,FEMININO,BRANCA
violencia_domestica,violencia_social,,,27.0,25_34,ECOPORANGA,OUTRO LOCAL,FEMININO,PARDA
violencia_domestica,violencia_social,,,28.0,25_34,CACHOEIRO DE ITAPEMIRIM,BNH,FEMININO,S/I
violencia_domestica,violencia_social,,,28.0,25_34,SERRA,SERRAMAR,FEMININO,PARDA
violencia_domestica,violencia_social,,,28.0,25_34,VITORIA,BENTO FERREIRA,FEMININO,BRANCA
violencia_domestica,violencia_social,,,29.0,25_34,CARIACICA,VILA MERLO,FEMININO,PARDA
violencia_domestica,violencia_social,,,29.0,25_34,LINHARES,BEBEDOURO,FEMININO,PARDA
violencia_domestica,violencia_social,,,29.0,25_34,CARIACICA,VISTA DOURADA,FEMININO,NEGRA
violencia_domestica,violencia_social,,,30.0,25_34,LINHARES,BOA VISTA,FEMININO,NEGRA
violencia_domestica,violencia_social,,,30.0,25_34,VENDA NOVA DO IMIGRANTE,PROVIDENCIA,FEMININO,PARDA
violencia_domestica,violencia_social,,,30.0,25_34,VILA VELHA,GUARANHUNS,MASCULINO,PARDA
violencia_domestica,violencia_social,,,31.0,25_34,IBATIBA,ZONA RURAL,FEMININO,NEGRA
violencia_domestica,violencia_social,,,31.0,25_34,ALEGRE,ARARAI,FEMININO,PARDA
violencia_domestica,violencia_social,,,31.0,25_34,ITAPEMIRIM,CAMPO ACIMA,FEMININO,AMARELA
violencia_domestica,violencia_social,,,32.0,25_34,LINHARES,PLANALTO,FEMININO,PARDA
violencia_domestica,violencia_social,,,32.0,25_34,NOVA VENECIA,ALTOE,FEMININO,PARDA
violencia_domestica,violencia_social,,,32.0,25_34,CARIACICA,RIO MARINHO,FEMININO,PARDA
violencia_domestica,violencia_social,,,32.0,25_34,ITAGUACU,SOBREIRO,FEMININO,BRANCA
violencia_domestica,violencia_social,,,33.0,25_34,SERRA,ESTANCIA MONAZITICA,FEMININO,BRANCA
violencia_domestica,violencia_social,,,33.0,25_34,ARACRUZ,SAO MARCOS,FEMININO,PARDA
violencia_domestica,violencia_social,,,33.0,25_34,IBIRACU,ZONA RURAL,FEMININO,BRANCA
violencia_domestica,violencia_social,,,33.0,25_34,BOA ESPERANCA,CENTRO,FEMININO,PARDA
violencia_domestica,violencia_social,,,34.0,25_34,CARIACICA,ORIENTE,FEMININO,NEGRA
violencia_domestica,violencia_social,,,35.0,35_44,COLATINA,COLATINA VELHA,FEMININO,BRANCA
violencia_domestica,violencia_social,,,35.0,35_44,COLATINA,VILA AMELIA,FEMININO,BRANCA
violencia_domestica,violencia_social,,,36.0,35_44,DIVINO DE SAO LOURENCO,ZONA RURAL,FEMININO,BRANCA
violencia_domestica,violencia_social,,,36.0,35_44,PANCAS,NOSSA SENHORA DAS GRACAS,FEMININO,PARDA
violencia_domestica,violencia_social,,,36.0,35_44,CACHOEIRO DE ITAPEMIRIM,NOSSA SENHORA DE FATIMA,FEMININO,BRANCA
violencia_domestica,violencia_social,,,38.0,35_44,SERRA,FEU ROSA,FEMININO,PARDA
violencia_domestica,violencia_social,,,38.0,35_44,MIMOSO DO SUL,NOVO BRASIL,FEMININO,PARDA
violencia_domestica,violencia_social,,,39.0,35_44,VITORIA,PARQUE MOSCOSO,FEMININO,PARDA
violencia_domestica,violencia_social,,,39.0,35_44,VILA VELHA,VALE ENCANTADO,FEMININO,BRANCA
violencia_domestica,violencia_social,,,39.0,35_44,JAGUARE,FATIMA,MASCULINO,PARDA
violencia_domestica,violencia_social,,,40.0,35_44,BARRA DE SAO FRANCISCO,CACHOEIRINHA DE ITAUNA,FEMININO,PARDA
violencia_domestica,violencia_social,,,41.0,35_44,BARRA DE SAO FRANCISCO,BAIRRO VILA LANDINHA,FEMININO,PARDA
violencia_domestica,violencia_social,,,42.0,35_44,JERONIMO MONTEIRO,CENTRO,FEMININO,NEGRA
violencia_domestica,violencia_social,,,42.0,35_44,NOVA VENECIA,ALTOE,FEMININO,PARDA
violencia_domestica,violencia_social,,,43.0,35_44,ARACRUZ,JACUPEMBA,FEMININO,PARDA
violencia_domestica,violencia_social,,,43.0,35_44,ANCHIETA,VILA RESIDENCIAL ANCHIETA,FEMININO,BRANCA
violencia_domestica,violencia_social,,,43.0,35_44,SERRA,COLINA DE LARANJEIRAS,FEMININO,BRANCA
violencia_domestica,violencia_social,,,45.0,45_54,VITORIA,TABUAZEIRO,FEMININO,PARDA
violencia_domestica,violencia_social,,,45.0,45_54,LINHARES,INTERLAGOS,FEMININO,PARDA
violencia_domestica,violencia_social,,,46.0,45_54,NOVA VENECIA,IOLANDA,FEMININO,PARDA
violencia_domestica,violencia_social,,,46.0,45_54,NOVA VENECIA,AEROPORTO,FEMININO,BRANCA
violencia_domestica,violencia_social,,,46.0,45_54,VILA VELHA,PRAIA DA COSTA,FEMININO,BRANCA
violencia_domestica,violencia_social,,,46.0,45_54,VILA VELHA,ARIBIRI,FEMININO,PARDA
violencia_domestica,violencia_social,,,47.0,45_54,VILA VELHA,SANTA INES,FEMININO,PARDA
violencia_domestica,violencia_social,,,47.0,45_54,ITAPEMIRIM,BREJO GRANDE DO NORTE,FEMININO,BRANCA
violencia_domestica,violencia_social,,,48.0,45_54,LINHARES,AVISO,FEMININO,PARDA
violencia_domestica,violencia_social,,,49.0,45_54,SERRA,JARDIM TROPICAL,FEMININO,PARDA
violencia_domestica,violencia_social,,,50.0,45_54,SANTA LEOPOLDINA,CENTRO,FEMININO,BRANCA
violencia_domestica,violencia_social,,,51.0,45_54,SERRA,NOVO HORIZONTE,FEMININO,PARDA
violencia_domestica,violencia_social,,,53.0,45_54,ITAGUACU,FLORENCIO HERZOG,FEMININO,PARDA
violencia_domestica,violencia_social,,,53.0,45_54,SERRA,JARDIM CARAPINA,FEMININO,PARDA
violencia_domestica,violencia_social,,,53.0,45_54,GUACUI,SAO MIGUEL,FEMININO,INDETERMINADA
violencia_domestica,violencia_social,,,54.0,45_54,VILA VELHA,IBES,FEMININO,PARDA
violencia_domestica,violencia_social,,,54.0,45_54,CARIACICA,SAO CONRADO,FEMININO,PARDA
violencia_domestica,violencia_social,,,54.0,45_54,VILA VELHA,VILA NOVA,FEMININO,PARDA
violencia_domestica,violencia_social,,,57.0,55_64,SANTA MARIA DE JETIBA,SAO SEBASTIAO DO MEIO,FEMININO,BRANCA
violencia_domestica,violencia_social,,,59.0,55_64,CACHOEIRO DE ITAPEMIRIM,SAFRA,FEMININO,PARDA
violencia_domestica,violencia_social,,,60.0,55_64,LARANJA DA TERRA,CENTRO,FEMININO,BRANCA
violencia_domestica,violencia_social,,,62.0,55_64,COLATINA,ZONA RURAL,FEMININO,BRANCA
violencia_domestica,violencia_social,,,64.0,55_64,ARACRUZ,SAO MARCOS,S/I,INDETERMINADA
violencia_domestica,violencia_social,,,64.0,55_64,MIMOSO DO SUL,VISTA ALEGRE,FEMININO,PARDA
violencia_domestica,violencia_social,,,65.0,65_PLUS,ARACRUZ,SANTA ROSA,FEMININO,NEGRA
violencia_domestica,violencia_social,,,68.0,65_PLUS,COLATINA,COLUMBIA,FEMININO,BRANCA
violencia_domestica,violencia_social,,,76.0,65_PLUS,ARACRUZ,SAO MARCOS,MASCULINO,INDETERMINADA
violencia_domestica,violencia_social,,,77.0,65_PLUS,VITORIA,CENTRO,FEMININO,PARDA
violencia_domestica,violencia_social,,,82.0,65_PLUS,LINHARES,INTERLAGOS,FEMININO,NEGRA
violencia_domestica,violencia_social,,,,,COLATINA,BELA VISTA,FEMININO,NEGRA
violencia_domestica,violencia_social,,,16.0,15_17,CARIACICA,SAO JOAO BATISTA,FEMININO,PARDA
violencia_domestica,violencia_social,,,18.0,18_24,BREJETUBA,SERTAOZINHO,FEMININO,PARDA
violencia_domestica,violencia_social,,,18.0,18_24,GUARAPARI,IPIRANGA,FEMININO,PARDA
violencia_domestica,violencia_social,,,20.0,18_24,GUARAPARI,KUBITSCHEK,FEMININO,PARDA
violencia_domestica,violencia_social,,,22.0,18_24,CACHOEIRO DE ITAPEMIRIM,MONTE BELO,MASCULINO,PARDA
violencia_domestica,violencia_social,,,22.0,18_24,VILA VELHA,ARIBIRI,FEMININO,PARDA
violencia_domestica,violencia_social,,,23.0,18_24,COLATINA,HONORIO FRAGA,FEMININO,BRANCA
violencia_domestica,violencia_social,,,24.0,18_24,VIANA,VILA NOVA,FEMININO,PARDA
violencia_domestica,violencia_social,,,24.0,18_24,VIANA,CENTRO,FEMININO,PARDA
violencia_domestica,violencia_social,,,24.0,18_24,COLATINA,JARDIM PLANALTO,FEMININO,BRANCA
violencia_domestica,violencia_social,,,24.0,18_24,ECOPORANGA,BENEDITA MONTEIRO,FEMININO,PARDA
violencia_domestica,violencia_social,,,24.0,18_24,VILA VELHA,ILHA DAS FLORES,FEMININO,PARDA
violencia_domestica,violencia_social,,,25.0,25_34,GUARAPARI,MUQUICABA,FEMININO,NEGRA
violencia_domestica,violencia_social,,,25.0,25_34,CACHOEIRO DE ITAPEMIRIM,ILHA DA LUZ,FEMININO,NEGRA
violencia_domestica,violencia_social,,,25.0,25_34,VILA VELHA,ULISSES GUIMARAES,FEMININO,PARDA
violencia_domestica,violencia_social,,,25.0,25_34,IBATIBA,FLORESTA I,FEMININO,BRANCA
violencia_domestica,violencia_social,,,26.0,25_34,PIUMA,CENTRO,FEMININO,BRANCA
violencia_domestica,violencia_social,,,26.0,25_34,LINHARES,INTERLAGOS,FEMININO,NEGRA
violencia_domestica,violencia_social,,,26.0,25_34,SAO GABRIEL DA PALHA,APARECIDA,FEMININO,PARDA
violencia_domestica,violencia_social,,,26.0,25_34,VILA VELHA,RIVIERA DA BARRA,FEMININO,PARDA
violencia_domestica,violencia_social,,,27.0,25_34,SERRA,FEU ROSA,FEMININO,PARDA
violencia_domestica,violencia_social,,,29.0,25_34,JERONIMO MONTEIRO,CENTRO,FEMININO,PARDA
violencia_domestica,violencia_social,,,30.0,25_34,BOA ESPERANCA,CENTRO,FEMININO,PARDA
violencia_domestica,violencia_social,,,30.0,25_34,SERRA,SERRA DOURADA II,FEMININO,PARDA
violencia_domestica,violencia_social,,,30.0,25_34,ECOPORANGA,CENTRO,FEMININO,BRANCA
violencia_domestica,violencia_social,,,31.0,25_34,CARIACICA,BELA AURORA,FEMININO,BRANCA
violencia_domestica,violencia_social,,,32.0,25_34,LINHARES,BOA VISTA,FEMININO,BRANCA
violencia_domestica,violencia_social,,,33.0,25_34,IUNA,QUILOMBO,FEMININO,PARDA
violencia_domestica,violencia_social,,,34.0,25_34,BARRA DE SAO FRANCISCO,BAIRRO VILA GONCALVES,FEMININO,BRANCA
violencia_domestica,violencia_social,,,34.0,25_34,GUARAPARI,ITAPEBUSSU,FEMININO,BRANCA
violencia_domestica,violencia_social,,,35.0,35_44,SANTA MARIA DE JETIBA,RIO POSS MOUSER,FEMININO,BRANCA
violencia_domestica,violencia_social,,,35.0,35_44,VITORIA,SANTA MARTHA,FEMININO,PARDA
violencia_domestica,violencia_social,,,35.0,35_44,SERRA,CENTRAL CARAPINA,FEMININO,NEGRA
violencia_domestica,violencia_social,,,35.0,35_44,GUACUI,OUTRO LOCAL,FEMININO,NEGRA
violencia_domestica,violencia_social,,,36.0,35_44,CACHOEIRO DE ITAPEMIRIM,SAFRA,FEMININO,PARDA
violencia_domestica,violencia_social,,,36.0,35_44,IUNA,QUILOMBO,FEMININO,PARDA
violencia_domestica,violencia_social,,,36.0,35_44,CARIACICA,MUCURI,S/I,INDETERMINADA
violencia_domestica,violencia_social,,,37.0,35_44,CACHOEIRO DE ITAPEMIRIM,AEROPORTO,FEMININO,BRANCA
violencia_domestica,violencia_social,,,37.0,35_44,SERRA,BARRO BRANCO,FEMININO,PARDA
violencia_domestica,violencia_social,,,38.0,35_44,ALEGRE,CLERIO MOULIM,FEMININO,NEGRA
violencia_domestica,violencia_social,,,38.0,35_44,SANTA MARIA DE JETIBA,ALTO RIO TRIUNFO,FEMININO,BRANCA
violencia_domestica,violencia_social,,,38.0,35_44,VITORIA,SANTA MARTHA,FEMININO,PARDA
violencia_domestica,violencia_social,,,41.0,35_44,LINHARES,CENTRO,FEMININO,AMARELA
violencia_domestica,violencia_social,,,41.0,35_44,BARRA DE SAO FRANCISCO,BAIRRO NOVA BARRA,FEMININO,PARDA
violencia_domestica,violencia_social,,,42.0,35_44,SANTA MARIA DE JETIBA,ALTO RIO TRIUNFO,FEMININO,BRANCA
violencia_domestica,violencia_social,,,43.0,35_44,GUARAPARI,ZONA RURAL,FEMININO,BRANCA
violencia_domestica,violencia_social,,,43.0,35_44,CARIACICA,SAO JOAO BATISTA,FEMININO,PARDA
violencia_domestica,violencia_social,,,44.0,35_44,VILA VELHA,COQUEIRAL DE ITAPARICA,FEMININO,AMARELA
violencia_domestica,violencia_social,,,46.0,45_54,AFONSO CLAUDIO,RIBEIRAO DO COSTA,FEMININO,PARDA
violencia_domestica,violencia_social,,,47.0,45_54,CACHOEIRO DE ITAPEMIRIM,SAFRA,MASCULINO,PARDA
violencia_domestica,violencia_social,,,49.0,45_54,COLATINA,CENTRO,FEMININO,BRANCA
violencia_domestica,violencia_social,,,49.0,45_54,CONCEICAO DO CASTELO,ZONA RURAL,FEMININO,BRANCA
violencia_domestica,violencia_social,,,54.0,45_54,VILA VELHA,JARDIM DO VALE,FEMININO,BRANCA
violencia_domestica,violencia_social,,,71.0,65_PLUS,GUARAPARI,SANTA MONICA,FEMININO,BRANCA
violencia_domestica,violencia_social,,,72.0,65_PLUS,VILA VELHA,RIVIERA DA BARRA,FEMININO,PARDA
violencia_domestica,violencia_social,,,81.0,65_PLUS,CACHOEIRO DE ITAPEMIRIM,MONTE BELO,FEMININO,PARDA
violencia_domestica,violencia_social,,,18.0,18_24,VILA VELHA,JARDIM DO VALE,FEMININO,PARDA
violencia_domestica,violencia_social,,,19.0,18_24,PINHEIROS,NITEROI,FEMININO,NEGRA
violencia_domestica,violencia_social,,,19.0,18_24,GUARAPARI,ITAPEBUSSU,FEMININO,PARDA
violencia_domestica,violencia_social,,,21.0,18_24,SOORETAMA,CENTRO,FEMININO,PARDA
violencia_domestica,violencia_social,,,21.0,18_24,VILA VELHA,SANTA RITA,FEMININO,NEGRA
violencia_domestica,violencia_social,,,22.0,18_24,LINHARES,OUTRO LOCAL,FEMININO,NEGRA
violencia_domestica,violencia_social,,,22.0,18_24,CONCEICAO DA BARRA,ANTONIO LOPEZ,FEMININO,PARDA
violencia_domestica,violencia_social,,,22.0,18_24,VITORIA,SAO PEDRO,FEMININO,PARDA
violencia_domestica,violencia_social,,,23.0,18_24,COLATINA,SAO MIGUEL,FEMININO,BRANCA
violencia_domestica,violencia_social,,,24.0,18_24,NOVA VENECIA,ALTOE,FEMININO,PARDA
violencia_domestica,violencia_social,,,24.0,18_24,GUACUI,CENTRO,FEMININO,NEGRA
violencia_domestica,violencia_social,,,25.0,25_34,DOMINGOS MARTINS,GOIABEIRA,FEMININO,BRANCA
violencia_domestica,violencia_social,,,25.0,25_34,SANTA MARIA DE JETIBA,VILA JETIBA,FEMININO,BRANCA
violencia_domestica,violencia_social,,,25.0,25_34,CACHOEIRO DE ITAPEMIRIM,VILAGE DA LUZ,FEMININO,BRANCA
violencia_domestica,violencia_social,,,25.0,25_34,CARIACICA,FLEXAL I,FEMININO,PARDA
violencia_domestica,violencia_social,,,26.0,25_34,CASTELO,CENTRO,FEMININO,BRANCA
violencia_domestica,violencia_social,,,26.0,25_34,SANTA LEOPOLDINA,BARRA DO MANGARAI,FEMININO,PARDA
violencia_domestica,violencia_social,,,27.0,25_34,CASTELO,ZONA RURAL,FEMININO,PARDA
violencia_domestica,violencia_social,,,28.0,25_34,SERRA,PLANALTO SERRANO,FEMININO,PARDA
violencia_domestica,violencia_social,,,29.0,25_34,VILA VELHA,COBILANDIA,FEMININO,PARDA
violencia_domestica,violencia_social,,,30.0,25_34,SANTA MARIA DE JETIBA,CENTRO,FEMININO,BRANCA
violencia_domestica,violencia_social,,,30.0,25_34,VILA PAVAO,ONDINA,FEMININO,BRANCA
violencia_domestica,violencia_social,,,31.0,25_34,LINHARES,INTERLAGOS,FEMININO,NEGRA
violencia_domestica,violencia_social,,,31.0,25_34,CARIACICA,MARACANA,FEMININO,PARDA
violencia_domestica,violencia_social,,,31.0,25_34,SERRA,SAO JUDAS TADEU,FEMININO,AMARELA
violencia_domestica,violencia_social,,,33.0,25_34,CARIACICA,ROSA DA PENHA,FEMININO,PARDA
violencia_domestica,violencia_social,,,33.0,25_34,CARIACICA,TABAJARA,FEMININO,AMARELA
violencia_domestica,violencia_social,,,34.0,25_34,BARRA DE SAO FRANCISCO,BAIRRO IRMAOS FERNANDES,FEMININO,PARDA
violencia_domestica,violencia_social,,,35.0,35_44,NOVA VENECIA,OUTRO LOCAL,FEMININO,PARDA
violencia_domestica,violencia_social,,,35.0,35_44,LINHARES,BEBEDOURO,FEMININO,NEGRA
violencia_domestica,violencia_social,,,36.0,35_44,COLATINA,CENTRO,FEMININO,PARDA
violencia_domestica,violencia_social,,,37.0,35_44,ITAPEMIRIM,ITAOCA,FEMININO,BRANCA
violencia_domestica,violencia_social,,,39.0,35_44,CARIACICA,CAMPO GRANDE,FEMININO,BRANCA
violencia_domestica,violencia_social,,,39.0,35_44,SERRA,BALNEARIO DE CARAPEBUS,FEMININO,BRANCA
violencia_domestica,violencia_social,,,40.0,35_44,GUARAPARI,PRAIA DO MORRO,FEMININO,PARDA
violencia_domestica,violencia_social,,,41.0,35_44,SAO MATEUS,LITORANEO,FEMININO,PARDA
violencia_domestica,violencia_social,,,42.0,35_44,ARACRUZ,SAO CLEMENTE,FEMININO,PARDA
violencia_domestica,violencia_social,,,42.0,35_44,IBIRACU,ARICANGA,FEMININO,PARDA
violencia_domestica,violencia_social,,,42.0,35_44,FUNDAO,MIRANTE DA PRAIA,FEMININO,PARDA
violencia_domestica,violencia_social,,,44.0,35_44,VILA VELHA,VALE ENCANTADO,FEMININO,PARDA
violencia_domestica,violencia_social,,,44.0,35_44,LINHARES,PLANALTO,FEMININO,PARDA
violencia_domestica,violencia_social,,,47.0,45_54,VILA VELHA,VALE ENCANTADO,FEMININO,BRANCA
violencia_domestica,violencia_social,,,49.0,45_54,ITAPEMIRIM,ITAIPAVA,FEMININO,PARDA
violencia_domestica,violencia_social,,,50.0,45_54,ARACRUZ,VILA NOVA,FEMININO,BRANCA
violencia_domestica,violencia_social,,,50.0,45_54,CASTELO,SANTA BARBARA,FEMININO,INDETERMINADA
violencia_domestica,violencia_social,,,51.0,45_54,MARATAIZES,PRAIA DOS CACOES,FEMININO,NEGRA
violencia_domestica,violencia_social,,,52.0,45_54,SAO MATEUS,GURIRI,FEMININO,INDETERMINADA
violencia_domestica,violencia_social,,,54.0,45_54,SAO MATEUS,CRICARE,FEMININO,NEGRA
violencia_domestica,violencia_social,,,55.0,55_64,SAO GABRIEL DA PALHA,CACHOEIRA DA ONCA,FEMININO,BRANCA
violencia_domestica,violencia_social,,,68.0,65_PLUS,GUARAPARI,SAO JUDAS TADEU,FEMININO,BRANCA
violencia_domestica,violencia_social,,,70.0,65_PLUS,ITAPEMIRIM,OUTRO LOCAL,FEMININO,BRANCA
violencia_domestica,violencia_social,,,81.0,65_PLUS,FUNDAO,PRAIA GRANDE,FEMININO,NEGRA
violencia_domestica,violencia_social,,,10.0,0_14,COLATINA,HONORIO FRAGA,FEMININO,BRANCA
violencia_domestica,violencia_social,,,16.0,15_17,MUQUI,BOA ESPERANCA,FEMININO,BRANCA
violencia_domestica,violencia_social,,,18.0,18_24,VITORIA,DA PENHA,FEMININO,PARDA
violencia_domestica,violencia_social,,,18.0,18_24,VITORIA,DA PENHA,FEMININO,PARDA
violencia_domestica,violencia_social,,,20.0,18_24,IBATIBA,CENTRO,FEMININO,BRANCA
violencia_domestica,violencia_social,,,20.0,18_24,VILA VELHA,JARDIM DO VALE,FEMININO,PARDA
violencia_domestica,violencia_social,,,21.0,18_24,AFONSO CLAUDIO,PIRACEMA,FEMININO,PARDA
violencia_domestica,violencia_social,,,22.0,18_24,MARATAIZES,CENTRO,FEMININO,BRANCA
violencia_domestica,violencia_social,,,22.0,18_24,ECOPORANGA,BENEDITA MONTEIRO,FEMININO,PARDA
violencia_domestica,violencia_social,,,23.0,18_24,VITORIA,ARIOVALDO FAVALESSA,FEMININO,PARDA
violencia_domestica,violencia_social,,,23.0,18_24,ANCHIETA,OUTRO LOCAL,FEMININO,PARDA
violencia_domestica,violencia_social,,,25.0,25_34,SERRA,SERRA DOURADA I,FEMININO,NEGRA
violencia_domestica,violencia_social,,,25.0,25_34,SERRA,JARDIM CARAPINA,FEMININO,BRANCA
violencia_domestica,violencia_social,,,26.0,25_34,PRESIDENTE KENNEDY,JAQUEIRA,FEMININO,NEGRA
violencia_domestica,violencia_social,,,26.0,25_34,SAO MATEUS,GURIRI,FEMININO,BRANCA
violencia_domestica,violencia_social,,,27.0,25_34,BREJETUBA,CENTRO,FEMININO,PARDA
violencia_domestica,violencia_social,,,27.0,25_34,MARATAIZES,BREJO DOS PATOS,S/I,BRANCA
violencia_domestica,violencia_social,,,29.0,25_34,LINHARES,SAO JOSE,FEMININO,BRANCA
violencia_domestica,violencia_social,,,29.0,25_34,SERRA,FEU ROSA,FEMININO,PARDA
violencia_domestica,violencia_social,,,30.0,25_34,SAO MATEUS,RESIDENCIAL PARQUE WASHIGTON,FEMININO,PARDA
violencia_domestica,violencia_social,,,30.0,25_34,LINHARES,AVISO,FEMININO,PARDA
violencia_domestica,violencia_social,,,30.0,25_34,CARIACICA,TIRADENTES,FEMININO,PARDA
violencia_domestica,violencia_social,,,30.0,25_34,GUARAPARI,PEROCAO,FEMININO,BRANCA
violencia_domestica,violencia_social,,,30.0,25_34,SERRA,ELDORADO,FEMININO,PARDA
violencia_domestica,violencia_social,,,30.0,25_34,VITORIA,SAO CRISTOVAO,FEMININO,PARDA
violencia_domestica,violencia_social,,,30.0,25_34,SERRA,MARINGA,FEMININO,PARDA
violencia_domestica,violencia_social,,,30.0,25_34,SANTA MARIA DE JETIBA,BARRACAO DO RIO POSS MOUSER,FEMININO,BRANCA
violencia_domestica,violencia_social,,,31.0,25_34,SERRA,BELVEDERE,FEMININO,PARDA
violencia_domestica,violencia_social,,,31.0,25_34,VILA VELHA,ALVORADA,MASCULINO,BRANCA
violencia_domestica,violencia_social,,,32.0,25_34,GUARAPARI,RIO GRANDE,FEMININO,NEGRA
violencia_domestica,violencia_social,,,33.0,25_34,SERRA,JARDIM CARAPINA,FEMININO,NEGRA
violencia_domestica,violencia_social,,,34.0,25_34,CARIACICA,VILA PALESTINA,FEMININO,PARDA
violencia_domestica,violencia_social,,,34.0,25_34,VITORIA,ANDORINHAS,FEMININO,PARDA
violencia_domestica,violencia_social,,,34.0,25_34,BREJETUBA,CENTRO,FEMININO,BRANCA
violencia_domestica,violencia_social,,,34.0,25_34,VITORIA,SAO CRISTOVAO,FEMININO,NEGRA
violencia_domestica,violencia_social,,,36.0,35_44,CARIACICA,VILA PALESTINA,MASCULINO,PARDA
violencia_domestica,violencia_social,,,36.0,35_44,VITORIA,JABOUR,FEMININO,INDETERMINADA
violencia_domestica,violencia_social,,,36.0,35_44,MIMOSO DO SUL,FUNIL,FEMININO,NEGRA
violencia_domestica,violencia_social,,,36.0,35_44,VITORIA,PRAIA DO CANTO,FEMININO,BRANCA
violencia_domestica,violencia_social,,,36.0,35_44,SERRA,PRAIA DE CARAPEBUS,FEMININO,PARDA
violencia_domestica,violencia_social,,,36.0,35_44,VILA VELHA,ALVORADA,FEMININO,BRANCA
violencia_domestica,violencia_social,,,38.0,35_44,BARRA DE SAO FRANCISCO,BAIRRO VILA LANDINHA,FEMININO,NEGRA
violencia_domestica,violencia_social,,,38.0,35_44,VILA VELHA,VILA NOVA,FEMININO,BRANCA
violencia_domestica,violencia_social,,,39.0,35_44,CACHOEIRO DE ITAPEMIRIM,PARQUE DAS LARANJEIRAS,FEMININO,PARDA
violencia_domestica,violencia_social,,,40.0,35_44,MARATAIZES,CENTRO,FEMININO,PARDA
violencia_domestica,violencia_social,,,41.0,35_44,CACHOEIRO DE ITAPEMIRIM,ILHA DA LUZ,FEMININO,BRANCA
violencia_domestica,violencia_social,,,41.0,35_44,ARACRUZ,SANTA ROSA,FEMININO,INDETERMINADA
violencia_domestica,violencia_social,,,43.0,35_44,CONCEICAO DA BARRA,BRACO DO RIO,FEMININO,PARDA
violencia_domestica,violencia_social,,,44.0,35_44,GUARAPARI,PORTO GRANDE,FEMININO,PARDA
violencia_domestica,violencia_social,,,45.0,45_54,MUQUI,BOA ESPERANCA,FEMININO,BRANCA
violencia_domestica,violencia_social,,,47.0,45_54,LINHARES,REGENCIA,FEMININO,PARDA
violencia_domestica,violencia_social,,,47.0,45_54,VILA VELHA,PRAIA DA COSTA,FEMININO,BRANCA
violencia_domestica,violencia_social,,,49.0,45_54,VILA VELHA,GLORIA,FEMININO,BRANCA
violencia_domestica,violencia_social,,,51.0,45_54,GUARAPARI,SETIBA,FEMININO,NEGRA
violencia_domestica,violencia_social,,,52.0,45_54,VILA VELHA,RIO MARINHO,FEMININO,BRANCA
violencia_domestica,violencia_social,,,52.0,45_54,ANCHIETA,IRIRI,FEMININO,BRANCA
violencia_domestica,violencia_social,,,53.0,45_54,BAIXO GUANDU,SANTA MONICA,FEMININO,INDETERMINADA
violencia_domestica,violencia_social,,,58.0,55_64,SOORETAMA,OUTRO LOCAL,FEMININO,NEGRA
violencia_domestica,violencia_social,,,58.0,55_64,MARATAIZES,ATLANTICO,MASCULINO,BRANCA
violencia_domestica,violencia_social,,,58.0,55_64,IUNA,PERDICAO,FEMININO,BRANCA
violencia_domestica,violencia_social,,,59.0,55_64,JAGUARE,CENTRO,FEMININO,BRANCA
violencia_domestica,violencia_social,,,63.0,55_64,VITORIA,GRANDE VITORIA,FEMININO,PARDA
violencia_domestica,violencia_social,,,72.0,65_PLUS,ANCHIETA,IRIRI,FEMININO,PARDA
violencia_domestica,violencia_social,,,73.0,65_PLUS,LINHARES,JOSE RODRIGUES MACIEL,FEMININO,BRANCA
violencia_domestica,violencia_social,,,76.0,65_PLUS,VILA VELHA,VILA NOVA,MASCULINO,BRANCA
violencia_domestica,violencia_social,,,7.0,0_14,CACHOEIRO DE ITAPEMIRIM,GILBERTO MACHADO,MASCULINO,PARDA
violencia_domestica,violencia_social,,,13.0,0_14,COLATINA,HONORIO FRAGA,FEMININO,BRANCA
violencia_domestica,violencia_social,,,14.0,0_14,MARILANDIA,BREJAL,FEMININO,PARDA
violencia_domestica,violencia_social,,,18.0,18_24,VILA VELHA,BRISAMAR,S/I,BRANCA
violencia_domestica,violencia_social,,,21.0,18_24,SERRA,CARAPINA GRANDE,FEMININO,NEGRA
violencia_domestica,violencia_social,,,21.0,18_24,CARIACICA,FLEXAL II,FEMININO,PARDA
violencia_domestica,violencia_social,,,21.0,18_24,COLATINA,QUINZE DE OUTUBRO,FEMININO,BRANCA
violencia_domestica,violencia_social,,,23.0,18_24,JAGUARE,CENTRO,FEMININO,BRANCA
violencia_domestica,violencia_social,,,24.0,18_24,SAO MATEUS,OUTRO LOCAL,FEMININO,BRANCA
violencia_domestica,violencia_social,,,25.0,25_34,SAO MATEUS,BOA VISTA,FEMININO,BRANCA
violencia_domestica,violencia_social,,,25.0,25_34,CARIACICA,PORTO DE CARIACICA,FEMININO,PARDA
violencia_domestica,violencia_social,,,25.0,25_34,CACHOEIRO DE ITAPEMIRIM,DOUTOR GILSON CARONE,FEMININO,PARDA
violencia_domestica,violencia_social,,,26.0,25_34,CARIACICA,VISTA MAR,FEMININO,PARDA
violencia_domestica,violencia_social,,,26.0,25_34,CACHOEIRO DE ITAPEMIRIM,RUI PINTO BANDEIRA,FEMININO,BRANCA
violencia_domestica,violencia_social,,,28.0,25_34,SERRA,SERRAMAR,FEMININO,NEGRA
violencia_domestica,violencia_social,,,29.0,25_34,VIANA,UNIVERSAL,FEMININO,PARDA
violencia_domestica,violencia_social,,,31.0,25_34,LINHARES,JUPARANA,FEMININO,PARDA
violencia_domestica,violencia_social,,,31.0,25_34,VILA VELHA,ATAIDE,FEMININO,PARDA
violencia_domestica,violencia_social,,,33.0,25_34,ARACRUZ,LIMAO,FEMININO,PARDA
violencia_domestica,violencia_social,,,33.0,25_34,AGUIA BRANCA,JOAO PAULO II,FEMININO,BRANCA
violencia_domestica,violencia_social,,,34.0,25_34,CARIACICA,ORIENTE,FEMININO,NEGRA
violencia_domestica,violencia_social,,,34.0,25_34,SAO MATEUS,CENTRO,FEMININO,BRANCA
violencia_domestica,violencia_social,,,35.0,35_44,GUARAPARI,BELA VISTA,FEMININO,NEGRA
violencia_domestica,violencia_social,,,36.0,35_44,SANTA LEOPOLDINA,CENTRO,FEMININO,PARDA
violencia_domestica,violencia_social,,,36.0,35_44,SERRA,MORADA DE LARANJEIRAS,FEMININO,PARDA
violencia_domestica,violencia_social,,,37.0,35_44,ANCHIETA,RECANTO DO SOL,FEMININO,NEGRA
violencia_domestica,violencia_social,,,38.0,35_44,LINHARES,PLANALTO,FEMININO,PARDA
violencia_domestica,violencia_social,,,38.0,35_44,CARIACICA,ITACIBA,FEMININO,PARDA
violencia_domestica,violencia_social,,,39.0,35_44,VILA VELHA,SANTA MONICA,FEMININO,BRANCA
violencia_domestica,violencia_social,,,40.0,35_44,GUARAPARI,SANTA MARGARIDA,FEMININO,NEGRA
violencia_domestica,violencia_social,,,41.0,35_44,SERRA,PORTO CANOA,FEMININO,PARDA
violencia_domestica,violencia_social,,,43.0,35_44,CACHOEIRO DE ITAPEMIRIM,GILBERTO MACHADO,FEMININO,PARDA
violencia_domestica,violencia_social,,,44.0,35_44,SAO DOMINGOS DO NORTE,CAIXA DAGUA,FEMININO,BRANCA
violencia_domestica,violencia_social,,,44.0,35_44,CARIACICA,ORIENTE,FEMININO,BRANCA
violencia_domestica,violencia_social,,,44.0,35_44,VITORIA,SAO JOSE,MASCULINO,NEGRA
violencia_domestica,violencia_social,,,44.0,35_44,CARIACICA,ORIENTE,FEMININO,INDETERMINADA
violencia_domestica,violencia_social,,,44.0,35_44,VILA VELHA,ARIBIRI,FEMININO,BRANCA
violencia_domestica,violencia_social,,,45.0,45_54,CACHOEIRO DE ITAPEMIRIM,NOSSA SENHORA APARECIDA,FEMININO,PARDA
violencia_domestica,violencia_social,,,47.0,45_54,PEDRO CANARIO,BOA VISTA,FEMININO,BRANCA
violencia_domestica,violencia_social,,,47.0,45_54,VILA PAVAO,OUTRO LOCAL,FEMININO,BRANCA
violencia_domestica,violencia_social,,,47.0,45_54,ALEGRE,ANTONIO LEMOS JUNIOR,FEMININO,BRANCA
violencia_domestica,violencia_social,,,47.0,45_54,CACHOEIRO DE ITAPEMIRIM,NOSSA SENHORA DE FATIMA,FEMININO,PARDA
violencia_domestica,violencia_social,,,49.0,45_54,IRUPI,ZONA RURAL,FEMININO,BRANCA
violencia_domestica,violencia_social,,,49.0,45_54,ARACRUZ,OUTRO LOCAL,FEMININO,BRANCA
violencia_domestica,violencia_social,,,51.0,45_54,LINHARES,AVISO,FEMININO,PARDA
violencia_domestica,violencia_social,,,52.0,45_54,SAO MATEUS,ZONA RURAL,FEMININO,BRANCA
violencia_domestica,violencia_social,,,52.0,45_54,SERRA,SAO GERALDO,FEMININO,BRANCA
violencia_domestica,violencia_social,,,53.0,45_54,VILA VELHA,PONTAL DAS GARCAS,FEMININO,PARDA
violencia_domestica,violencia_social,,,53.0,45_54,SAO MATEUS,SERNAMBY,FEMININO,BRANCA
violencia_domestica,violencia_social,,,55.0,55_64,ANCHIETA,PORTO DE CIMA,FEMININO,BRANCA
violencia_domestica,violencia_social,,,65.0,65_PLUS,VITORIA,CARATOIRA,FEMININO,BRANCA
violencia_domestica,violencia_social,,,75.0,65_PLUS,VILA VELHA,BRISAMAR,FEMININO,BRANCA
violencia_domestica,violencia_social,,,77.0,65_PLUS,VILA VELHA,NOVA PONTA DA FRUTA,FEMININO,BRANCA
violencia_domestica,violencia_social,,,78.0,65_PLUS,VITORIA,GURIGICA,FEMININO,BRANCA
violencia_domestica,violencia_social,,,89.0,65_PLUS,CACHOEIRO DE ITAPEMIRIM,PARAISO,FEMININO,BRANCA
violencia_domestica,violencia_social,,,14.0,0_14,LARANJA DA TERRA,CENTRO,FEMININO,NEGRA
violencia_domestica,violencia_social,,,18.0,18_24,IBATIBA,SAO JOSE,FEMININO,PARDA
violencia_domestica,violencia_social,,,18.0,18_24,VILA VELHA,VALE ENCANTADO,S/I,PARDA
violencia_domestica,violencia_social,,,18.0,18_24,VILA VELHA,VALE ENCANTADO,FEMININO,PARDA
violencia_domestica,violencia_social,,,19.0,18_24,COLATINA,OLIVIO ZANOTELI,FEMININO,BRANCA
violencia_domestica,violencia_social,,,20.0,18_24,VILA VELHA,ALECRIM,FEMININO,PARDA
violencia_domestica,violencia_social,,,20.0,18_24,SERRA,NOVA CARAPINA II,FEMININO,PARDA
violencia_domestica,violencia_social,,,21.0,18_24,GUARAPARI,UNA,MASCULINO,INDETERMINADA
violencia_domestica,violencia_social,,,22.0,18_24,VITORIA,SANTO ANTONIO,FEMININO,NEGRA
violencia_domestica,violencia_social,,,22.0,18_24,VITORIA,SAO PEDRO,FEMININO,PARDA
violencia_domestica,violencia_social,,,23.0,18_24,COLATINA,COLATINA VELHA,FEMININO,BRANCA
violencia_domestica,violencia_social,,,23.0,18_24,COLATINA,POR DO SOL,FEMININO,BRANCA
violencia_domestica,violencia_social,,,25.0,25_34,VILA VELHA,RESIDENCIAL COQUEIRAL,FEMININO,PARDA
violencia_domestica,violencia_social,,,25.0,25_34,ATILIO VIVACQUA,NITEROI,FEMININO,BRANCA
violencia_domestica,violencia_social,,,27.0,25_34,ARACRUZ,ITAPUTERA,FEMININO,PARDA
violencia_domestica,violencia_social,,,27.0,25_34,PIUMA,PRAIA DE ACAIACA,FEMININO,PARDA
violencia_domestica,violencia_social,,,29.0,25_34,SAO MATEUS,BOM SUCESSO,FEMININO,PARDA
violencia_domestica,violencia_social,,,29.0,25_34,VILA VELHA,ATAIDE,S/I,NEGRA
violencia_domestica,violencia_social,,,30.0,25_34,SERRA,NOVA CARAPINA I,FEMININO,NEGRA
violencia_domestica,violencia_social,,,31.0,25_34,ARACRUZ,BELA VISTA,FEMININO,BRANCA
violencia_domestica,violencia_social,,,31.0,25_34,CACHOEIRO DE ITAPEMIRIM,AGOSTINHO SIMONATO,FEMININO,NEGRA
violencia_domestica,violencia_social,,,32.0,25_34,MARATAIZES,LAGOA FUNDA,FEMININO,BRANCA
violencia_domestica,violencia_social,,,33.0,25_34,SERRA,LAGOA DE JACARAIPE,FEMININO,BRANCA
violencia_domestica,violencia_social,,,33.0,25_34,VIANA,SOTECO,FEMININO,INDIGENA
violencia_domestica,violencia_social,,,34.0,25_34,VILA VELHA,COCAL,FEMININO,PARDA
violencia_domestica,violencia_social,,,34.0,25_34,SERRA,ALTEROSAS,FEMININO,BRANCA
violencia_domestica,violencia_social,,,34.0,25_34,COLATINA,NOVO HORIZONTE,FEMININO,PARDA
violencia_domestica,violencia_social,,,34.0,25_34,VILA VELHA,ILHA DAS FLORES,FEMININO,PARDA
violencia_domestica,violencia_social,,,35.0,35_44,GUARAPARI,IPIRANGA,FEMININO,NEGRA
violencia_domestica,violencia_social,,,35.0,35_44,ITAPEMIRIM,OUTRO LOCAL,FEMININO,BRANCA
violencia_domestica,violencia_social,,,35.0,35_44,ARACRUZ,COQUEIRAL,FEMININO,BRANCA
violencia_domestica,violencia_social,,,36.0,35_44,ARACRUZ,SAO CAMILO,FEMININO,NEGRA
violencia_domestica,violencia_social,,,36.0,35_44,ARACRUZ,SAO CAMILO,FEMININO,NEGRA
violencia_domestica,violencia_social,,,37.0,35_44,CACHOEIRO DE ITAPEMIRIM,OTTON MARINS,FEMININO,BRANCA
violencia_domestica,violencia_social,,,37.0,35_44,SANTA MARIA DE JETIBA,BARRACAO DO RIO POSS MOUSER,FEMININO,BRANCA
violencia_domestica,violencia_social,,,38.0,35_44,PRESIDENTE KENNEDY,CAMPO NOVO I,FEMININO,BRANCA
violencia_domestica,violencia_social,,,38.0,35_44,PRESIDENTE KENNEDY,CAMPO NOVO I,S/I,BRANCA
violencia_domestica,violencia_social,,,39.0,35_44,ITAPEMIRIM,LIMAO,FEMININO,INDETERMINADA
violencia_domestica,violencia_social,,,39.0,35_44,SERRA,JARDIM ATLANTICO,FEMININO,BRANCA
violencia_domestica,violencia_social,,,40.0,35_44,VENDA NOVA DO IMIGRANTE,MINETE,FEMININO,BRANCA
violencia_domestica,violencia_social,,,41.0,35_44,SERRA,SAO DIOGO II,FEMININO,BRANCA
violencia_domestica,violencia_social,,,42.0,35_44,CONCEICAO DA BARRA,CENTRO,FEMININO,BRANCA
violencia_domestica,violencia_social,,,42.0,35_44,NOVA VENECIA,SAO CRISTOVAO,FEMININO,BRANCA
violencia_domestica,violencia_social,,,42.0,35_44,VILA VELHA,ATAIDE,FEMININO,AMARELA
violencia_domestica,violencia_social,,,46.0,45_54,CACHOEIRO DE ITAPEMIRIM,SAO GERALDO,FEMININO,PARDA
violencia_domestica,violencia_social,,,46.0,45_54,CARIACICA,CAMPO GRANDE,FEMININO,BRANCA
violencia_domestica,violencia_social,,,47.0,45_54,VITORIA,DA PENHA,FEMININO,PARDA
violencia_domestica,violencia_social,,,48.0,45_54,VILA VELHA,ITAPOA,FEMININO,BRANCA
violencia_domestica,violencia_social,,,49.0,45_54,CACHOEIRO DE ITAPEMIRIM,DOUTOR GILSON CARONE,FEMININO,PARDA
violencia_domestica,violencia_social,,,50.0,45_54,LARANJA DA TERRA,ZONA RURAL,FEMININO,BRANCA
violencia_domestica,violencia_social,,,53.0,45_54,LARANJA DA TERRA,RECANTO DOS POETAS,FEMININO,PARDA
violencia_domestica,violencia_social,,,54.0,45_54,COLATINA,SAO SILVANO,MASCULINO,PARDA
violencia_domestica,violencia_social,,,56.0,55_64,SAO MATEUS,GURIRI,FEMININO,BRANCA
violencia_domestica,violencia_social,,,58.0,55_64,BAIXO GUANDU,OUTRO LOCAL,FEMININO,PARDA
violencia_domestica,violencia_social,,,64.0,55_64,COLATINA,SAO SILVANO,FEMININO,NEGRA
violencia_domestica,violencia_social,,,80.0,65_PLUS,ITARANA,CENTRO,FEMININO,BRANCA
violencia_domestica,violencia_social,,,,,VILA VALERIO,ZONA RURAL,FEMININO,BRANCA
violencia_domestica,violencia_social,,,15.0,15_17,PEDRO CANARIO,CAMATA,FEMININO,NEGRA
violencia_domestica,violencia_social,,,15.0,15_17,LINHARES,ARACA,FEMININO,BRANCA
violencia_domestica,violencia_social,,,17.0,15_17,GUACUI,VALE DO SOL,FEMININO,BRANCA
violencia_domestica,violencia_social,,,18.0,18_24,CARIACICA,ORIENTE,FEMININO,PARDA
violencia_domestica,violencia_social,,,19.0,18_24,LINHARES,POVOACAO,FEMININO,PARDA
violencia_domestica,violencia_social,,,20.0,18_24,CARIACICA,VISTA LINDA,FEMININO,BRANCA
violencia_domestica,violencia_social,,,23.0,18_24,MARATAIZES,OUTRO LOCAL,FEMININO,BRANCA
violencia_domestica,violencia_social,,,23.0,18_24,SAO MATEUS,GURIRI,FEMININO,BRANCA
violencia_domestica,violencia_social,,,23.0,18_24,VITORIA,DE LOURDES,FEMININO,BRANCA
violencia_domestica,violencia_social,,,23.0,18_24,IRUPI,CAROLINE BARBOSA,FEMININO,BRANCA
violencia_domestica,violencia_social,,,24.0,18_24,CARIACICA,ITANGUA,FEMININO,BRANCA
violencia_domestica,violencia_social,,,24.0,18_24,BARRA DE SAO FRANCISCO,CENTRO,FEMININO,PARDA
violencia_domestica,violencia_social,,,25.0,25_34,VILA VELHA,CHACARA DO CONDE,FEMININO,PARDA
violencia_domestica,violencia_social,,,25.0,25_34,SERRA,NOVA CARAPINA II,FEMININO,NEGRA
violencia_domestica,violencia_social,,,25.0,25_34,VILA VELHA,CHACARA DO CONDE,FEMININO,PARDA
violencia_domestica,violencia_social,,,26.0,25_34,VITORIA,JARDIM DA PENHA,FEMININO,BRANCA
violencia_domestica,violencia_social,,,27.0,25_34,ARACRUZ,POLIVALENTE,FEMININO,BRANCA
violencia_domestica,violencia_social,,,28.0,25_34,LINHARES,LINHARES V,FEMININO,PARDA
violencia_domestica,violencia_social,,,30.0,25_34,LINHARES,INTERLAGOS,FEMININO,PARDA
violencia_domestica,violencia_social,,,31.0,25_34,MARATAIZES,BARRA DE ITAPEMIRIM,FEMININO,BRANCA
violencia_domestica,violencia_social,,,31.0,25_34,GUARAPARI,ADALBERTO SIMAO NADER,FEMININO,PARDA
violencia_domestica,violencia_social,,,31.0,25_34,GUARAPARI,OUTRO LOCAL,FEMININO,PARDA
violencia_domestica,violencia_social,,,32.0,25_34,SERRA,FEU ROSA,FEMININO,PARDA
violencia_domestica,violencia_social,,,32.0,25_34,ITAPEMIRIM,GRAUNA,FEMININO,NEGRA
violencia_domestica,violencia_social,,,32.0,25_34,SERRA,FEU ROSA,FEMININO,PARDA
violencia_domestica,violencia_social,,,33.0,25_34,LINHARES,PLANALTO,FEMININO,PARDA
violencia_domestica,violencia_social,,,33.0,25_34,NOVA VENECIA,OUTRO LOCAL,FEMININO,BRANCA
violencia_domestica,violencia_social,,,33.0,25_34,NOVA VENECIA,RUBIA,FEMININO,INDETERMINADA
violencia_domestica,violencia_social,,,33.0,25_34,NOVA VENECIA,RUBIA,S/I,PARDA
violencia_domestica,violencia_social,,,34.0,25_34,CASTELO,ESPLANADA,FEMININO,BRANCA
violencia_domestica,violencia_social,,,35.0,35_44,SERRA,NOVA CARAPINA I,FEMININO,NEGRA
violencia_domestica,violencia_social,,,36.0,35_44,CACHOEIRO DE ITAPEMIRIM,AMARAL,FEMININO,NEGRA
violencia_domestica,violencia_social,,,37.0,35_44,SANTA TERESA,JARDIM DA MONTANHA,FEMININO,PARDA
violencia_domestica,violencia_social,,,37.0,35_44,LINHARES,ARACA,FEMININO,PARDA
violencia_domestica,violencia_social,,,38.0,35_44,VILA VELHA,SOTECO,FEMININO,BRANCA
violencia_domestica,violencia_social,,,38.0,35_44,LINHARES,JUPARANA,FEMININO,BRANCA
violencia_domestica,violencia_social,,,38.0,35_44,CARIACICA,VILA CAPIXABA,FEMININO,BRANCA
violencia_domestica,violencia_social,,,38.0,35_44,CARIACICA,VILA CAPIXABA,FEMININO,BRANCA
violencia_domestica,violencia_social,,,39.0,35_44,SANTA MARIA DE JETIBA,CENTRO,FEMININO,NEGRA
violencia_domestica,violencia_social,,,39.0,35_44,NOVA VENECIA,AEROPORTO,FEMININO,INDETERMINADA
violencia_domestica,violencia_social,,,41.0,35_44,CACHOEIRO DE ITAPEMIRIM,AQUIDABAN,FEMININO,BRANCA
violencia_domestica,violencia_social,,,41.0,35_44,BAIXO GUANDU,SANTA MONICA,FEMININO,PARDA
violencia_domestica,violencia_social,,,41.0,35_44,SAO MATEUS,CARAPINA,FEMININO,BRANCA
violencia_domestica,violencia_social,,,41.0,35_44,CACHOEIRO DE ITAPEMIRIM,ITAOCA,FEMININO,PARDA
violencia_domestica,violencia_social,,,43.0,35_44,GUARAPARI,SANTA MONICA,FEMININO,PARDA
violencia_domestica,violencia_social,,,43.0,35_44,RIO BANANAL,SAO SEBASTIAO,FEMININO,PARDA
violencia_domestica,violencia_social,,,44.0,35_44,AGUA DOCE DO NORTE,ZONA RURAL,FEMININO,PARDA
violencia_domestica,violencia_social,,,46.0,45_54,SANTA MARIA DE JETIBA,CENTRO,FEMININO,PARDA
violencia_domestica,violencia_social,,,46.0,45_54,CARIACICA,SANTA LUZIA,FEMININO,BRANCA
violencia_domestica,violencia_social,,,46.0,45_54,VITORIA,SANTA LUIZA,FEMININO,BRANCA
violencia_domestica,violencia_social,,,46.0,45_54,SERRA,BAIRRO DAS LARANJEIRAS,FEMININO,BRANCA
violencia_domestica,violencia_social,,,49.0,45_54,LINHARES,PLANALTO,FEMININO,BRANCA
violencia_domestica,violencia_social,,,50.0,45_54,LINHARES,SHELL,FEMININO,PARDA
violencia_domestica,violencia_social,,,50.0,45_54,VILA VELHA,SANTA MONICA,FEMININO,BRANCA
violencia_domestica,violencia_social,,,50.0,45_54,VITORIA,PRAIA DO CANTO,FEMININO,BRANCA
violencia_domestica,violencia_social,,,57.0,55_64,CACHOEIRO DE ITAPEMIRIM,MONTE CRISTO,S/I,BRANCA
violencia_domestica,violencia_social,,,57.0,55_64,CACHOEIRO DE ITAPEMIRIM,PARQUE DAS LARANJEIRAS,FEMININO,BRANCA
violencia_domestica,violencia_social,,,59.0,55_64,VITORIA,ILHA DE SANTA MARIA,FEMININO,BRANCA
violencia_domestica,violencia_social,,,60.0,55_64,VILA VELHA,GLORIA,FEMININO,PARDA
violencia_domestica,violencia_social,,,62.0,55_64,ITAPEMIRIM,ITAOCA,MASCULINO,BRANCA
violencia_domestica,violencia_social,,,65.0,65_PLUS,MARATAIZES,BARRA DE ITAPEMIRIM,FEMININO,BRANCA
violencia_domestica,violencia_social,,,70.0,65_PLUS,GUARAPARI,PATURA,FEMININO,BRANCA
violencia_domestica,violencia_social,,,82.0,65_PLUS,CACHOEIRO DE ITAPEMIRIM,ITAOCA,FEMININO,BRANCA
violencia_domestica,violencia_social,,,,,MONTANHA,CENTRO,FEMININO,BRANCA
violencia_domestica,violencia_social,,,,,PINHEIROS,ZONA RURAL,FEMININO,PARDA
violencia_domestica,violencia_social,,,,,LINHARES,LINHARES V,FEMININO,PARDA
violencia_domestica,violencia_social,,,16.0,15_17,ANCHIETA,OUTRO LOCAL,FEMININO,BRANCA
violencia_domestica,violencia_social,,,18.0,18_24,CARIACICA,PORTO NOVO,FEMININO,BRANCA
violencia_domestica,violencia_social,,,18.0,18_24,CARIACICA,SOTELANDIA,FEMININO,BRANCA
violencia_domestica,violencia_social,,,21.0,18_24,VITORIA,SAO PEDRO,FEMININO,PARDA
violencia_domestica,violencia_social,,,22.0,18_24,LINHARES,ARACA,FEMININO,PARDA
violencia_domestica,violencia_social,,,24.0,18_24,VILA VELHA,VALE ENCANTADO,FEMININO,AMARELA
violencia_domestica,violencia_social,,,26.0,25_34,COLATINA,CENTRO,FEMININO,BRANCA
violencia_domestica,violencia_social,,,27.0,25_34,VILA VELHA,SOTECO,FEMININO,INDETERMINADA
violencia_domestica,violencia_social,,,27.0,25_34,CARIACICA,SANTANA,FEMININO,INDETERMINADA
violencia_domestica,violencia_social,,,28.0,25_34,SOORETAMA,CENTRO,FEMININO,PARDA
violencia_domestica,violencia_social,,,28.0,25_34,VILA VELHA,PRAIA DA COSTA,FEMININO,BRANCA
violencia_domestica,violencia_social,,,29.0,25_34,COLATINA,PADRE JOSE DE ANCHIETA,FEMININO,PARDA
violencia_domestica,violencia_social,,,30.0,25_34,CARIACICA,CAMPO GRANDE,FEMININO,PARDA
violencia_domestica,violencia_social,,,30.0,25_34,ARACRUZ,CENTRO,FEMININO,BRANCA
violencia_domestica,violencia_social,,,31.0,25_34,LINHARES,INTERLAGOS,FEMININO,NEGRA
violencia_domestica,violencia_social,,,31.0,25_34,MARATAIZES,CIDADE NOVA,FEMININO,BRANCA
violencia_domestica,violencia_social,,,33.0,25_34,ARACRUZ,CENTRO,MASCULINO,PARDA
violencia_domestica,violencia_social,,,34.0,25_34,CASTELO,VOLTA REDONDA,FEMININO,BRANCA
violencia_domestica,violencia_social,,,34.0,25_34,VITORIA,SANTA TEREZA,FEMININO,PARDA
violencia_domestica,violencia_social,,,35.0,35_44,VITORIA,SANTO ANDRE,FEMININO,PARDA
violencia_domestica,violencia_social,,,35.0,35_44,CARIACICA,RETIRO SAUDOSO,FEMININO,PARDA
violencia_domestica,violencia_social,,,35.0,35_44,COLATINA,SANTO ANTONIO,FEMININO,NEGRA
violencia_domestica,violencia_social,,,36.0,35_44,VILA VELHA,VILA NOVA,FEMININO,PARDA
violencia_domestica,violencia_social,,,37.0,35_44,SERRA,SERRA CENTRO,FEMININO,PARDA
violencia_domestica,violencia_social,,,37.0,35_44,DOMINGOS MARTINS,PEDRA AZUL,FEMININO,BRANCA
violencia_domestica,violencia_social,,,37.0,35_44,SERRA,BAIRRO DAS LARANJEIRAS,FEMININO,PARDA
violencia_domestica,violencia_social,,,37.0,35_44,CACHOEIRO DE ITAPEMIRIM,BELA VISTA,FEMININO,BRANCA
violencia_domestica,violencia_social,,,38.0,35_44,VILA PAVAO,NOVA MUNIQUE,FEMININO,BRANCA
violencia_domestica,violencia_social,,,38.0,35_44,VILA VELHA,PRAIA DA COSTA,FEMININO,BRANCA
violencia_domestica,violencia_social,,,38.0,35_44,VILA VELHA,PRAIA DA COSTA,FEMININO,BRANCA
violencia_domestica,violencia_social,,,39.0,35_44,CARIACICA,TUCUM,FEMININO,BRANCA
violencia_domestica,violencia_social,,,40.0,35_44,MONTANHA,VINHATICO,FEMININO,BRANCA
violencia_domestica,violencia_social,,,40.0,35_44,SERRA,SERRA DOURADA II,FEMININO,PARDA
violencia_domestica,violencia_social,,,40.0,35_44,SERRA,VILA NOVA DE COLARES,FEMININO,PARDA
violencia_domestica,violencia_social,,,41.0,35_44,BAIXO GUANDU,SANTA MONICA,FEMININO,PARDA
violencia_domestica,violencia_social,,,42.0,35_44,DOMINGOS MARTINS,MELGACO,FEMININO,BRANCA
violencia_domestica,violencia_social,,,42.0,35_44,RIO NOVO DO SUL,QUARTEIRAO DE SANTANA,FEMININO,PARDA
violencia_domestica,violencia_social,,,44.0,35_44,CARIACICA,RIO BRANCO,FEMININO,BRANCA
violencia_domestica,violencia_social,,,44.0,35_44,CARIACICA,NOVA BRASILIA,FEMININO,INDETERMINADA
violencia_domestica,violencia_social,,,45.0,45_54,COLATINA,CENTRO,FEMININO,BRANCA
violencia_domestica,violencia_social,,,46.0,45_54,VILA VELHA,VILA NOVA,MASCULINO,BRANCA
violencia_domestica,violencia_social,,,47.0,45_54,CARIACICA,JARDIM BOTANICO,FEMININO,PARDA
violencia_domestica,violencia_social,,,48.0,45_54,VIANA,NOVA BETHANIA,FEMININO,PARDA
violencia_domestica,violencia_social,,,49.0,45_54,NOVA VENECIA,OUTRO LOCAL,FEMININO,NEGRA
violencia_domestica,violencia_social,,,50.0,45_54,BARRA DE SAO FRANCISCO,ZONA RURAL,FEMININO,PARDA
violencia_domestica,violencia_social,,,51.0,45_54,CACHOEIRO DE ITAPEMIRIM,DOUTOR GILSON CARONE,FEMININO,BRANCA
violencia_domestica,violencia_social,,,54.0,45_54,COLATINA,BAUNILHA,FEMININO,PARDA
violencia_domestica,violencia_social,,,55.0,55_64,VILA VELHA,JOCKEY DE ITAPARICA,FEMININO,BRANCA
violencia_domestica,violencia_social,,,55.0,55_64,VILA VELHA,JOCKEY DE ITAPARICA,FEMININO,BRANCA
violencia_domestica,violencia_social,,,56.0,55_64,LINHARES,SANTA CRUZ,FEMININO,PARDA
violencia_domestica,violencia_social,,,57.0,55_64,BOM JESUS DO NORTE,CENTRO,FEMININO,BRANCA
violencia_domestica,violencia_social,,,57.0,55_64,CONCEICAO DA BARRA,FLORESTA,FEMININO,PARDA
violencia_domestica,violencia_social,,,57.0,55_64,CARIACICA,APARECIDA,FEMININO,BRANCA
violencia_domestica,violencia_social,,,58.0,55_64,VILA VELHA,ZONA RURAL,FEMININO,NEGRA
violencia_domestica,violencia_social,,,59.0,55_64,MONTANHA,ANGELA DEPOLLO,FEMININO,BRANCA
violencia_domestica,violencia_social,,,61.0,55_64,CASTELO,VOLTA REDONDA,FEMININO,BRANCA
violencia_domestica,violencia_social,,,69.0,65_PLUS,CARIACICA,VILA CAPIXABA,FEMININO,BRANCA
violencia_domestica,violencia_social,,,,,VIANA,JUCU,FEMININO,NEGRA
violencia_domestica,violencia_social,,,2.0,0_14,SERRA,JARDIM CARAPINA,FEMININO,PARDA
violencia_domestica,violencia_social,,,18.0,18_24,ALEGRE,CENTRO,FEMININO,INDETERMINADA
violencia_domestica,violencia_social,,,18.0,18_24,SERRA,MANGUINHOS,FEMININO,PARDA
violencia_domestica,violencia_social,,,19.0,18_24,CACHOEIRO DE ITAPEMIRIM,MONTE BELO,FEMININO,BRANCA
violencia_domestica,violencia_social,,,19.0,18_24,BARRA DE SAO FRANCISCO,BAIRRO VILA GONCALVES,FEMININO,PARDA
violencia_domestica,violencia_social,,,19.0,18_24,CARIACICA,RIO BRANCO,MASCULINO,PARDA
violencia_domestica,violencia_social,,,19.0,18_24,CACHOEIRO DE ITAPEMIRIM,DOUTOR GILSON CARONE,FEMININO,BRANCA
violencia_domestica,violencia_social,,,20.0,18_24,LINHARES,REGENCIA,FEMININO,INDETERMINADA
violencia_domestica,violencia_social,,,20.0,18_24,NOVA VENECIA,SAO CRISTOVAO,FEMININO,PARDA
violencia_domestica,violencia_social,,,20.0,18_24,CARIACICA,CARIACICA SEDE,FEMININO,PARDA
violencia_domestica,violencia_social,,,21.0,18_24,SERRA,RESIDENCIAL VISTA DO MESTRE,FEMININO,PARDA
violencia_domestica,violencia_social,,,22.0,18_24,SERRA,SANTO ANTONIO,FEMININO,PARDA
violencia_domestica,violencia_social,,,24.0,18_24,COLATINA,BELA VISTA,FEMININO,PARDA
violencia_domestica,violencia_social,,,25.0,25_34,SAO ROQUE DO CANAA,CENTRO,FEMININO,PARDA
violencia_domestica,violencia_social,,,25.0,25_34,ARACRUZ,PLANALTO,FEMININO,BRANCA
violencia_domestica,violencia_social,,,26.0,25_34,CACHOEIRO DE ITAPEMIRIM,CORAMARA,FEMININO,NEGRA
violencia_domestica,violencia_social,,,26.0,25_34,SAO MATEUS,VITORIA,FEMININO,NEGRA
violencia_domestica,violencia_social,,,26.0,25_34,VILA VELHA,SOTECO,FEMININO,BRANCA
violencia_domestica,violencia_social,,,26.0,25_34,ITAGUACU,BARRO PRETO,FEMININO,BRANCA
violencia_domestica,violencia_social,,,26.0,25_34,VILA VELHA,ATAIDE,FEMININO,BRANCA
violencia_domestica,violencia_social,,,27.0,25_34,CACHOEIRO DE ITAPEMIRIM,CAICARA,FEMININO,BRANCA
violencia_domestica,violencia_social,,,27.0,25_34,ALFREDO CHAVES,QUINTO TERRITORIO,FEMININO,PARDA
violencia_domestica,violencia_social,,,29.0,25_34,SAO ROQUE DO CANAA,CENTRO,MASCULINO,PARDA
violencia_domestica,violencia_social,,,29.0,25_34,SERRA,NOVA CARAPINA II,FEMININO,PARDA
violencia_domestica,violencia_social,,,29.0,25_34,SERRA,NOVA CARAPINA II,FEMININO,PARDA
violencia_domestica,violencia_social,,,29.0,25_34,COLATINA,HONORIO FRAGA,FEMININO,PARDA
violencia_domestica,violencia_social,,,30.0,25_34,IUNA,CENTRO,FEMININO,BRANCA
violencia_domestica,violencia_social,,,30.0,25_34,ARACRUZ,CENTRO,FEMININO,BRANCA
violencia_domestica,violencia_social,,,31.0,25_34,CARIACICA,PORTO DE CARIACICA,FEMININO,PARDA
violencia_domestica,violencia_social,,,31.0,25_34,JERONIMO MONTEIRO,CENTRO,FEMININO,BRANCA
violencia_domestica,violencia_social,,,31.0,25_34,CARIACICA,RIO MARINHO,FEMININO,BRANCA
violencia_domestica,violencia_social,,,32.0,25_34,PINHEIROS,CENTRO,FEMININO,PARDA
violencia_domestica,violencia_social,,,32.0,25_34,SERRA,ROSARIO DE FATIMA,FEMININO,PARDA
violencia_domestica,violencia_social,,,33.0,25_34,BOA ESPERANCA,VILA TAVARES,FEMININO,BRANCA
violencia_domestica,violencia_social,,,33.0,25_34,COLATINA,VICENTE SOELA,FEMININO,BRANCA
violencia_domestica,violencia_social,,,33.0,25_34,ARACRUZ,CENTRO,MASCULINO,PARDA
violencia_domestica,violencia_social,,,34.0,25_34,SERRA,NOVA ALMEIDA CENTRO,FEMININO,BRANCA
violencia_domestica,violencia_social,,,34.0,25_34,ARACRUZ,SANTA ROSA,FEMININO,NEGRA
violencia_domestica,violencia_social,,,35.0,35_44,CARIACICA,RETIRO SAUDOSO,FEMININO,PARDA
violencia_domestica,violencia_social,,,35.0,35_44,BARRA DE SAO FRANCISCO,BAIRRO COLINA,FEMININO,PARDA
violencia_domestica,violencia_social,,,35.0,35_44,VILA VELHA,VILA GARRIDO,FEMININO,PARDA
violencia_domestica,violencia_social,,,36.0,35_44,PANCAS,CENTRO,FEMININO,PARDA
violencia_domestica,violencia_social,,,36.0,35_44,VILA VELHA,BARRAMARES,FEMININO,PARDA
violencia_domestica,violencia_social,,,37.0,35_44,ANCHIETA,ZONA RURAL,FEMININO,PARDA
violencia_domestica,violencia_social,,,37.0,35_44,SERRA,VALPARAISO,FEMININO,BRANCA
violencia_domestica,violencia_social,,,37.0,35_44,JAGUARE,OUTRO LOCAL,S/I,PARDA
violencia_domestica,violencia_social,,,38.0,35_44,BARRA DE SAO FRANCISCO,CENTRO,FEMININO,BRANCA
violencia_domestica,violencia_social,,,38.0,35_44,BOA ESPERANCA,ZONA RURAL,FEMININO,PARDA
violencia_domestica,violencia_social,,,38.0,35_44,VILA VELHA,GLORIA,FEMININO,BRANCA
violencia_domestica,violencia_social,,,38.0,35_44,VITORIA,SAO CRISTOVAO,FEMININO,NEGRA
violencia_domestica,violencia_social,,,38.0,35_44,CONCEICAO DA BARRA,MARCILIO DIAS II,FEMININO,BRANCA
violencia_domestica,violencia_social,,,40.0,35_44,LINHARES,ARACA,MASCULINO,PARDA
violencia_domestica,violencia_social,,,40.0,35_44,BARRA DE SAO FRANCISCO,BAIRRO CAMPO NOVO,FEMININO,BRANCA
violencia_domestica,violencia_social,,,40.0,35_44,SERRA,CARAPINA GRANDE,FEMININO,PARDA
violencia_domestica,violencia_social,,,41.0,35_44,ITAPEMIRIM,RETIRO,FEMININO,PARDA
violencia_domestica,violencia_social,,,41.0,35_44,CASTELO,VOLTA REDONDA,FEMININO,PARDA
violencia_domestica,violencia_social,,,42.0,35_44,CARIACICA,RIO BRANCO,FEMININO,BRANCA
violencia_domestica,violencia_social,,,42.0,35_44,RIO BANANAL,SAO SEBASTIAO,FEMININO,NEGRA
violencia_domestica,violencia_social,,,43.0,35_44,ECOPORANGA,CENTRO,FEMININO,INDETERMINADA
violencia_domestica,violencia_social,,,43.0,35_44,ALEGRE,ZONA RURAL,FEMININO,PARDA
violencia_domestica,violencia_social,,,43.0,35_44,SERRA,SERRA DOURADA III,FEMININO,BRANCA
violencia_domestica,violencia_social,,,44.0,35_44,CACHOEIRO DE ITAPEMIRIM,CORAMARA,MASCULINO,NEGRA
violencia_domestica,violencia_social,,,46.0,45_54,CACHOEIRO DE ITAPEMIRIM,CORAMARA,FEMININO,PARDA
violencia_domestica,violencia_social,,,46.0,45_54,IBATIBA,CENTRO,FEMININO,NEGRA
violencia_domestica,violencia_social,,,46.0,45_54,MARATAIZES,CENTRO,FEMININO,PARDA
violencia_domestica,violencia_social,,,46.0,45_54,IBITIRAMA,SANTA MARTA,FEMININO,PARDA
violencia_domestica,violencia_social,,,46.0,45_54,GUARAPARI,BALNEARIO MEAIPE,FEMININO,PARDA
violencia_domestica,violencia_social,,,46.0,45_54,CONCEICAO DA BARRA,SANTO AMARO,FEMININO,PARDA
violencia_domestica,violencia_social,,,47.0,45_54,VITORIA,GOIABEIRAS,FEMININO,PARDA
violencia_domestica,violencia_social,,,47.0,45_54,VITORIA,GOIABEIRAS,FEMININO,PARDA
violencia_domestica,violencia_social,,,47.0,45_54,SANTA MARIA DE JETIBA,SAO BENTO,FEMININO,BRANCA
violencia_domestica,violencia_social,,,47.0,45_54,BARRA DE SAO FRANCISCO,ZONA RURAL,FEMININO,PARDA
violencia_domestica,violencia_social,,,47.0,45_54,SERRA,BALNEARIO DE CARAPEBUS,FEMININO,PARDA
violencia_domestica,violencia_social,,,48.0,45_54,VITORIA,SANTA LUIZA,FEMININO,NEGRA
violencia_domestica,violencia_social,,,49.0,45_54,SAO MATEUS,AYRTON SENNA,FEMININO,NEGRA
violencia_domestica,violencia_social,,,49.0,45_54,IBATIBA,NOVO HORIZONTE,FEMININO,NEGRA
violencia_domestica,violencia_social,,,49.0,45_54,SERRA,ESTANCIA MONAZITICA,FEMININO,BRANCA
violencia_domestica,violencia_social,,,50.0,45_54,COLATINA,GRACA ARANHA,FEMININO,NEGRA
violencia_domestica,violencia_social,,,51.0,45_54,VILA VELHA,PRAIA DA COSTA,FEMININO,BRANCA
violencia_domestica,violencia_social,,,53.0,45_54,ITAPEMIRIM,ITAOCA,FEMININO,PARDA
violencia_domestica,violencia_social,,,53.0,45_54,NOVA VENECIA,OUTRO LOCAL,FEMININO,BRANCA
violencia_domestica,violencia_social,,,54.0,45_54,CONCEICAO DA BARRA,ZONA RURAL,FEMININO,INDETERMINADA
violencia_domestica,violencia_social,,,56.0,55_64,ITAGUACU,BARRO PRETO,FEMININO,BRANCA
violencia_domestica,violencia_social,,,61.0,55_64,CACHOEIRO DE ITAPEMIRIM,NOSSA SENHORA DA PENHA,FEMININO,NEGRA
violencia_domestica,violencia_social,,,61.0,55_64,CACHOEIRO DE ITAPEMIRIM,CENTRO,FEMININO,NEGRA
violencia_domestica,violencia_social,,,72.0,65_PLUS,CACHOEIRO DE ITAPEMIRIM,RECANTO,FEMININO,NEGRA
violencia_domestica,violencia_social,,,,,COLATINA,VILA AMELIA,FEMININO,PARDA
violencia_domestica,violencia_social,,,,,AGUIA BRANCA,CRISTO REI,FEMININO,NEGRA
violencia_domestica,violencia_social,,,,,NOVA VENECIA,SAO CRISTOVAO,S/I,PARDA
violencia_domestica,violencia_social,,,,,COLATINA,MARIA DAS GRACAS,FEMININO,NEGRA
violencia_domestica,violencia_social,,,12.0,0_14,VITORIA,SAO CRISTOVAO,MASCULINO,INDETERMINADA
violencia_domestica,violencia_social,,,14.0,0_14,VENDA NOVA DO IMIGRANTE,ZONA RURAL,FEMININO,BRANCA
violencia_domestica,violencia_social,,,14.0,0_14,RIO BANANAL,SANTO ANTONIO,S/I,PARDA
violencia_domestica,violencia_social,,,14.0,0_14,VENDA NOVA DO IMIGRANTE,TAPERA,FEMININO,BRANCA
violencia_domestica,violencia_social,,,16.0,15_17,LINHARES,SANTA CRUZ,FEMININO,PARDA
violencia_domestica,violencia_social,,,16.0,15_17,COLATINA,OLIVIO ZANOTELI,FEMININO,NEGRA
violencia_domestica,violencia_social,,,16.0,15_17,LINHARES,ARACA,FEMININO,BRANCA
violencia_domestica,violencia_social,,,18.0,18_24,VITORIA,MARIA ORTIZ,FEMININO,PARDA
violencia_domestica,violencia_social,,,19.0,18_24,COLATINA,SAO JUDAS TADEU,FEMININO,BRANCA
violencia_domestica,violencia_social,,,19.0,18_24,ALEGRE,ZONA RURAL,FEMININO,PARDA
violencia_domestica,violencia_social,,,19.0,18_24,LINHARES,INTERLAGOS,FEMININO,PARDA
violencia_domestica,violencia_social,,,19.0,18_24,ALEGRE,ZONA RURAL,FEMININO,PARDA
violencia_domestica,violencia_social,,,20.0,18_24,CACHOEIRO DE ITAPEMIRIM,CAMPO DA LEOPOLDINA,FEMININO,PARDA
violencia_domestica,violencia_social,,,20.0,18_24,BARRA DE SAO FRANCISCO,BAIRRO COLINA,FEMININO,INDETERMINADA
violencia_domestica,violencia_social,,,20.0,18_24,VITORIA,SAO PEDRO,FEMININO,BRANCA
violencia_domestica,violencia_social,,,21.0,18_24,IBATIBA,BRASIL NOVO,FEMININO,BRANCA
violencia_domestica,violencia_social,,,21.0,18_24,VILA VELHA,JABURUNA,FEMININO,NEGRA
violencia_domestica,violencia_social,,,22.0,18_24,LARANJA DA TERRA,JOATUBA,FEMININO,PARDA
violencia_domestica,violencia_social,,,22.0,18_24,CARIACICA,TABAJARA,FEMININO,PARDA
violencia_domestica,violencia_social,,,22.0,18_24,SAO MATEUS,LIBERDADE,FEMININO,PARDA
violencia_domestica,violencia_social,,,23.0,18_24,VITORIA,MARIO CYPRESTE,FEMININO,PARDA
violencia_domestica,violencia_social,,,23.0,18_24,CACHOEIRO DE ITAPEMIRIM,PARAISO,MASCULINO,PARDA
violencia_domestica,violencia_social,,,23.0,18_24,CONCEICAO DA BARRA,CENTRO,FEMININO,BRANCA
violencia_domestica,violencia_social,,,23.0,18_24,CACHOEIRO DE ITAPEMIRIM,DOUTOR GILSON CARONE,FEMININO,PARDA
violencia_domestica,violencia_social,,,24.0,18_24,MUNIZ FREIRE,SAO PEDRO,FEMININO,BRANCA
violencia_domestica,violencia_social,,,24.0,18_24,LINHARES,POVOACAO,FEMININO,PARDA
violencia_domestica,violencia_social,,,24.0,18_24,AFONSO CLAUDIO,GRAMA,FEMININO,NEGRA
violencia_domestica,violencia_social,,,24.0,18_24,GUACUI,SANTO ANTONIO,FEMININO,INDETERMINADA
violencia_domestica,violencia_social,,,25.0,25_34,BREJETUBA,OUTRO LOCAL,FEMININO,BRANCA
violencia_domestica,violencia_social,,,25.0,25_34,GUARAPARI,IPIRANGA,FEMININO,PARDA
violencia_domestica,violencia_social,,,25.0,25_34,MARECHAL FLORIANO,SANTA RITA,FEMININO,PARDA
violencia_domestica,violencia_social,,,25.0,25_34,GUARAPARI,IPIRANGA,FEMININO,PARDA
violencia_domestica,violencia_social,,,26.0,25_34,ITAGUACU,FLORENCIO HERZOG,FEMININO,BRANCA
violencia_domestica,violencia_social,,,26.0,25_34,BARRA DE SAO FRANCISCO,BAIRRO NOVA BARRA,FEMININO,PARDA
violencia_domestica,violencia_social,,,26.0,25_34,ARACRUZ,SAO MARCOS,FEMININO,BRANCA
violencia_domestica,violencia_social,,,26.0,25_34,SERRA,RESIDENCIAL JACARAIPE,FEMININO,PARDA
violencia_domestica,violencia_social,,,27.0,25_34,VILA VELHA,BOA VISTA I,FEMININO,PARDA
violencia_domestica,violencia_social,,,27.0,25_34,CACHOEIRO DE ITAPEMIRIM,SUMARE,FEMININO,BRANCA
violencia_domestica,violencia_social,,,27.0,25_34,GUARAPARI,KUBITSCHEK,FEMININO,PARDA
violencia_domestica,violencia_social,,,28.0,25_34,ALTO RIO NOVO,MONTE CARMELO,FEMININO,NEGRA
violencia_domestica,violencia_social,,,29.0,25_34,AFONSO CLAUDIO,PIRACEMA,FEMININO,NEGRA
violencia_domestica,violencia_social,,,29.0,25_34,SERRA,TAQUARA I,FEMININO,BRANCA
violencia_domestica,violencia_social,,,29.0,25_34,SANTA TERESA,ALVORADA,FEMININO,PARDA
violencia_domestica,violencia_social,,,29.0,25_34,VILA VELHA,DIVINO ESPIRITO SANTO,FEMININO,PARDA
violencia_domestica,violencia_social,,,30.0,25_34,LINHARES,SANTA CRUZ,FEMININO,NEGRA
violencia_domestica,violencia_social,,,30.0,25_34,CACHOEIRO DE ITAPEMIRIM,PARAISO,FEMININO,PARDA
violencia_domestica,violencia_social,,,30.0,25_34,CACHOEIRO DE ITAPEMIRIM,GILBERTO MACHADO,FEMININO,PARDA
violencia_domestica,violencia_social,,,30.0,25_34,LINHARES,OUTRO LOCAL,S/I,PARDA
violencia_domestica,violencia_social,,,31.0,25_34,SAO JOSE DO CALCADO,SIZENALDO DE SA VIANA,FEMININO,PARDA
violencia_domestica,violencia_social,,,31.0,25_34,COLATINA,PONTE DO PANCAS,FEMININO,BRANCA
violencia_domestica,violencia_social,,,31.0,25_34,VILA VELHA,IBES,FEMININO,PARDA
violencia_domestica,violencia_social,,,31.0,25_34,ANCHIETA,RECANTO DO SOL,FEMININO,PARDA
violencia_domestica,violencia_social,,,31.0,25_34,GUARAPARI,SANTA MONICA,FEMININO,NEGRA
violencia_domestica,violencia_social,,,31.0,25_34,SAO JOSE DO CALCADO,DIVINEIA,FEMININO,BRANCA
violencia_domestica,violencia_social,,,31.0,25_34,CARIACICA,NOVA ROSA DA PENHA,FEMININO,BRANCA
violencia_domestica,violencia_social,,,31.0,25_34,VILA VELHA,RIVIERA DA BARRA,FEMININO,PARDA
violencia_domestica,violencia_social,,,32.0,25_34,CARIACICA,BELA AURORA,FEMININO,PARDA
violencia_domestica,violencia_social,,,32.0,25_34,VILA VELHA,ILHA DA CONCEICAO,FEMININO,NEGRA
violencia_domestica,violencia_social,,,32.0,25_34,CACHOEIRO DE ITAPEMIRIM,OTTON MARINS,FEMININO,PARDA
violencia_domestica,violencia_social,,,33.0,25_34,MUQUI,BOA ESPERANCA,FEMININO,PARDA
violencia_domestica,violencia_social,,,33.0,25_34,CONCEICAO DA BARRA,CENTRO,FEMININO,PARDA
violencia_domestica,violencia_social,,,33.0,25_34,VILA VELHA,CIDADE DA BARRA,FEMININO,BRANCA
violencia_domestica,violencia_social,,,34.0,25_34,SERRA,CAMPINHO DA SERRA II,FEMININO,NEGRA
violencia_domestica,violencia_social,,,35.0,35_44,VENDA NOVA DO IMIGRANTE,ZONA RURAL,FEMININO,BRANCA
violencia_domestica,violencia_social,,,35.0,35_44,SERRA,ALTEROSAS,FEMININO,PARDA
violencia_domestica,violencia_social,,,35.0,35_44,CASTELO,CASTELO III,FEMININO,PARDA
violencia_domestica,violencia_social,,,36.0,35_44,CACHOEIRO DE ITAPEMIRIM,AQUIDABAN,FEMININO,PARDA
violencia_domestica,violencia_social,,,36.0,35_44,VITORIA,SAO CRISTOVAO,FEMININO,NEGRA
violencia_domestica,violencia_social,,,36.0,35_44,CACHOEIRO DE ITAPEMIRIM,AQUIDABAN,FEMININO,PARDA
violencia_domestica,violencia_social,,,37.0,35_44,JAGUARE,SEAC,FEMININO,INDETERMINADA
violencia_domestica,violencia_social,,,37.0,35_44,VIANA,MARCILIO DE NORONHA,FEMININO,BRANCA
violencia_domestica,violencia_social,,,38.0,35_44,CACHOEIRO DE ITAPEMIRIM,AQUIDABAN,FEMININO,PARDA
violencia_domestica,violencia_social,,,38.0,35_44,MIMOSO DO SUL,ITAPOA,S/I,BRANCA
violencia_domestica,violencia_social,,,39.0,35_44,VILA VELHA,GUARANHUNS,FEMININO,BRANCA
violencia_domestica,violencia_social,,,39.0,35_44,VARGEM ALTA,VILA MARIA,FEMININO,NEGRA
violencia_domestica,violencia_social,,,39.0,35_44,GUARAPARI,PATURA,FEMININO,PARDA
violencia_domestica,violencia_social,,,40.0,35_44,PIUMA,NITEROI,FEMININO,BRANCA
violencia_domestica,violencia_social,,,41.0,35_44,VIANA,CAMPO VERDE,FEMININO,NEGRA
violencia_domestica,violencia_social,,,41.0,35_44,GUARAPARI,TODOS OS SANTOS,FEMININO,PARDA
violencia_domestica,violencia_social,,,42.0,35_44,SAO MATEUS,LITORANEO,FEMININO,PARDA
violencia_domestica,violencia_social,,,42.0,35_44,LINHARES,BEBEDOURO,FEMININO,NEGRA
violencia_domestica,violencia_social,,,42.0,35_44,SERRA,RESIDENCIAL JACARAIPE,FEMININO,NEGRA
violencia_domestica,violencia_social,,,42.0,35_44,SAO MATEUS,OUTRO LOCAL,FEMININO,PARDA
violencia_domestica,violencia_social,,,42.0,35_44,SERRA,VILA NOVA DE COLARES,FEMININO,PARDA
violencia_domestica,violencia_social,,,43.0,35_44,CACHOEIRO DE ITAPEMIRIM,MONTE LIBANO,FEMININO,PARDA
violencia_domestica,violencia_social,,,44.0,35_44,COLATINA,BAUNILHA,FEMININO,BRANCA
violencia_domestica,violencia_social,,,44.0,35_44,GUARAPARI,OLARIA,MASCULINO,PARDA
violencia_domestica,violencia_social,,,45.0,45_54,PANCAS,OPERARIO,FEMININO,PARDA
violencia_domestica,violencia_social,,,45.0,45_54,FUNDAO,BEIRA RIO,FEMININO,BRANCA
violencia_domestica,violencia_social,,,45.0,45_54,CACHOEIRO DE ITAPEMIRIM,DOUTOR GILSON CARONE,FEMININO,NEGRA
violencia_domestica,violencia_social,,,47.0,45_54,SERRA,LAGOA DE JACARAIPE,FEMININO,PARDA
violencia_domestica,violencia_social,,,48.0,45_54,SERRA,JOSE DE ANCHIETA II,FEMININO,PARDA
violencia_domestica,violencia_social,,,49.0,45_54,CACHOEIRO DE ITAPEMIRIM,DOUTOR GILSON CARONE,FEMININO,PARDA
violencia_domestica,violencia_social,,,49.0,45_54,CASTELO,NITEROI,FEMININO,PARDA
violencia_domestica,violencia_social,,,49.0,45_54,SERRA,PORTAL DE JACARAIPE,FEMININO,BRANCA
violencia_domestica,violencia_social,,,50.0,45_54,CARIACICA,SAO GERALDO,FEMININO,INDETERMINADA
violencia_domestica,violencia_social,,,53.0,45_54,GUARAPARI,MUQUICABA,FEMININO,PARDA
violencia_domestica,violencia_social,,,53.0,45_54,IUNA,ZONA RURAL,FEMININO,BRANCA
violencia_domestica,violencia_social,,,56.0,55_64,ITAGUACU,FLORENCIO HERZOG,FEMININO,BRANCA
violencia_domestica,violencia_social,,,56.0,55_64,ARACRUZ,JEQUITIBA,FEMININO,PARDA
violencia_domestica,violencia_social,,,59.0,55_64,VITORIA,MARIA ORTIZ,FEMININO,NEGRA
violencia_domestica,violencia_social,,,61.0,55_64,BOA ESPERANCA,SAO JOSE DO SOBRADINHO,FEMININO,PARDA
violencia_domestica,violencia_social,,,71.0,65_PLUS,AFONSO CLAUDIO,PIRACEMA,FEMININO,BRANCA
violencia_domestica,violencia_social,,,85.0,65_PLUS,AGUA DOCE DO NORTE,GOVERNADOR LACERDA,FEMININO,INDETERMINADA
violencia_domestica,violencia_social,,,,,NOVA VENECIA,CENTRO,FEMININO,PARDA
violencia_domestica,violencia_social,,,,,VILA VALERIO,CENTRO,FEMININO,INDETERMINADA
violencia_domestica,violencia_social,,,,,FUNDAO,ORLY RAMOS,S/I,PARDA
violencia_domestica,violencia_social,,,2.0,0_14,JOAO NEIVA,FLORESTA,MASCULINO,INDETERMINADA
violencia_domestica,violencia_social,,,13.0,0_14,VILA VALERIO,NOSSA SENHORA DA PENHA,FEMININO,BRANCA
violencia_domestica,violencia_social,,,18.0,18_24,SERRA,BAIRRO DAS LARANJEIRAS,FEMININO,PARDA
violencia_domestica,violencia_social,,,19.0,18_24,CARIACICA,PIRANEMA,FEMININO,PARDA
violencia_domestica,violencia_social,,,21.0,18_24,SAO MATEUS,CACIQUE,FEMININO,PARDA
violencia_domestica,violencia_social,,,21.0,18_24,VITORIA,MARIA ORTIZ,FEMININO,PARDA
violencia_domestica,violencia_social,,,22.0,18_24,CARIACICA,NOVO BRASIL,FEMININO,PARDA
violencia_domestica,violencia_social,,,22.0,18_24,CARIACICA,VISTA MAR,FEMININO,BRANCA
violencia_domestica,violencia_social,,,22.0,18_24,CONCEICAO DA BARRA,SANTA RITA,FEMININO,INDETERMINADA
violencia_domestica,violencia_social,,,23.0,18_24,LINHARES,ARACA,FEMININO,NEGRA
violencia_domestica,violencia_social,,,23.0,18_24,CACHOEIRO DE ITAPEMIRIM,DOUTOR GILSON CARONE,FEMININO,PARDA
violencia_domestica,violencia_social,,,23.0,18_24,VILA VELHA,BARRAMARES,FEMININO,PARDA
violencia_domestica,violencia_social,,,23.0,18_24,VILA VELHA,SOTECO,FEMININO,BRANCA
violencia_domestica,violencia_social,,,25.0,25_34,SERRA,FEU ROSA,FEMININO,NEGRA
violencia_domestica,violencia_social,,,25.0,25_34,GUARAPARI,PRAIA DO MORRO,FEMININO,PARDA
violencia_domestica,violencia_social,,,25.0,25_34,CACHOEIRO DE ITAPEMIRIM,DOUTOR GILSON CARONE,FEMININO,PARDA
violencia_domestica,violencia_social,,,25.0,25_34,ITAPEMIRIM,ROSA MEIRELES,FEMININO,PARDA
violencia_domestica,violencia_social,,,26.0,25_34,PEDRO CANARIO,BOA VISTA,S/I,PARDA
violencia_domestica,violencia_social,,,26.0,25_34,VARGEM ALTA,JACIGUA,FEMININO,INDETERMINADA
violencia_domestica,violencia_social,,,26.0,25_34,SAO MATEUS,COHAB,FEMININO,PARDA
violencia_domestica,violencia_social,,,27.0,25_34,VILA VELHA,SAO TORQUATO,FEMININO,NEGRA
violencia_domestica,violencia_social,,,27.0,25_34,ARACRUZ,ITAPUTERA,FEMININO,PARDA
violencia_domestica,violencia_social,,,27.0,25_34,GUARAPARI,PRAIA DO MORRO,FEMININO,PARDA
violencia_domestica,violencia_social,,,27.0,25_34,BARRA DE SAO FRANCISCO,BAIRRO COLINA,FEMININO,PARDA
violencia_domestica,violencia_social,,,27.0,25_34,ECOPORANGA,OUTRO LOCAL,S/I,INDETERMINADA
violencia_domestica,violencia_social,,,28.0,25_34,AFONSO CLAUDIO,VILA NOVA,FEMININO,BRANCA
violencia_domestica,violencia_social,,,28.0,25_34,LINHARES,AVISO,FEMININO,BRANCA
violencia_domestica,violencia_social,,,29.0,25_34,CACHOEIRO DE ITAPEMIRIM,BNH,FEMININO,PARDA
violencia_domestica,violencia_social,,,29.0,25_34,COLATINA,VILA LENIRA,FEMININO,PARDA
violencia_domestica,violencia_social,,,30.0,25_34,SERRA,BICANGA,FEMININO,BRANCA
violencia_domestica,violencia_social,,,30.0,25_34,JOAO NEIVA,FLORESTA,FEMININO,BRANCA
violencia_domestica,violencia_social,,,30.0,25_34,ICONHA,CENTRO,FEMININO,BRANCA
violencia_domestica,violencia_social,,,30.0,25_34,CARIACICA,VILA ISABEL,FEMININO,PARDA
violencia_domestica,violencia_social,,,32.0,25_34,ARACRUZ,OUTRO LOCAL,FEMININO,PARDA
violencia_domestica,violencia_social,,,32.0,25_34,CARIACICA,BELA AURORA,FEMININO,BRANCA
violencia_domestica,violencia_social,,,32.0,25_34,ARACRUZ,CENTRO,FEMININO,PARDA
violencia_domestica,violencia_social,,,33.0,25_34,CARIACICA,VILA CAPIXABA,FEMININO,PARDA
violencia_domestica,violencia_social,,,34.0,25_34,GUARAPARI,PRAIA DO MORRO,FEMININO,PARDA
violencia_domestica,violencia_social,,,34.0,25_34,VITORIA,BONFIM,FEMININO,PARDA
violencia_domestica,violencia_social,,,36.0,35_44,VITORIA,MARIA ORTIZ,FEMININO,INDETERMINADA
violencia_domestica,violencia_social,,,36.0,35_44,NOVA VENECIA,CEDROLANDIA,FEMININO,PARDA
violencia_domestica,violencia_social,,,37.0,35_44,BAIXO GUANDU,ZONA RURAL,FEMININO,BRANCA
violencia_domestica,violencia_social,,,37.0,35_44,CARIACICA,BELA AURORA,FEMININO,PARDA
violencia_domestica,violencia_social,,,39.0,35_44,MARATAIZES,LAGOA DANTAS,FEMININO,BRANCA
violencia_domestica,violencia_social,,,39.0,35_44,SERRA,PLANALTO SERRANO,FEMININO,PARDA
violencia_domestica,violencia_social,,,40.0,35_44,VITORIA,SOLON BORGES,FEMININO,PARDA
violencia_domestica,violencia_social,,,40.0,35_44,CARIACICA,NOVA BRASILIA,FEMININO,PARDA
violencia_domestica,violencia_social,,,41.0,35_44,CARIACICA,SANTANA,FEMININO,NEGRA
violencia_domestica,violencia_social,,,41.0,35_44,SERRA,PARQUE RESIDENCIAL NOVA ALMEIDA,FEMININO,BRANCA
violencia_domestica,violencia_social,,,42.0,35_44,MONTANHA,CENTRO,MASCULINO,BRANCA
violencia_domestica,violencia_social,,,42.0,35_44,CARIACICA,FLEXAL II,FEMININO,INDETERMINADA
violencia_domestica,violencia_social,,,42.0,35_44,CARIACICA,BELA AURORA,MASCULINO,NEGRA
violencia_domestica,violencia_social,,,43.0,35_44,VITORIA,DA PENHA,FEMININO,BRANCA
violencia_domestica,violencia_social,,,43.0,35_44,VITORIA,MARIA ORTIZ,FEMININO,BRANCA
violencia_domestica,violencia_social,,,44.0,35_44,SAO JOSE DO CALCADO,CENTRO,FEMININO,BRANCA
violencia_domestica,violencia_social,,,44.0,35_44,LINHARES,INTERLAGOS,FEMININO,BRANCA
violencia_domestica,violencia_social,,,44.0,35_44,VITORIA,JARDIM CAMBURI,FEMININO,BRANCA
violencia_domestica,violencia_social,,,44.0,35_44,VILA VELHA,COQUEIRAL DE ITAPARICA,FEMININO,PARDA
violencia_domestica,violencia_social,,,45.0,45_54,CARIACICA,VALE ESPERANCA,FEMININO,BRANCA
violencia_domestica,violencia_social,,,46.0,45_54,LINHARES,NOVA ESPERANCA,FEMININO,BRANCA
violencia_domestica,violencia_social,,,46.0,45_54,JAGUARE,CENTRO,FEMININO,NEGRA
violencia_domestica,violencia_social,,,46.0,45_54,CARIACICA,MARACANA,FEMININO,BRANCA
violencia_domestica,violencia_social,,,46.0,45_54,VILA VELHA,RESIDENCIAL COQUEIRAL,FEMININO,PARDA
violencia_domestica,violencia_social,,,48.0,45_54,PIUMA,MONTE AGHA,FEMININO,PARDA
violencia_domestica,violencia_social,,,48.0,45_54,SERRA,BAIRRO DAS LARANJEIRAS,FEMININO,PARDA
violencia_domestica,violencia_social,,,49.0,45_54,LINHARES,ZONA RURAL,FEMININO,PARDA
violencia_domestica,violencia_social,,,50.0,45_54,PRESIDENTE KENNEDY,CENTRO,FEMININO,BRANCA
violencia_domestica,violencia_social,,,57.0,55_64,FUNDAO,ORLY RAMOS,MASCULINO,PARDA
violencia_domestica,violencia_social,,,59.0,55_64,VILA VELHA,ULISSES GUIMARAES,FEMININO,BRANCA
violencia_domestica,violencia_social,,,65.0,65_PLUS,PRESIDENTE KENNEDY,CENTRO,FEMININO,BRANCA
violencia_domestica,violencia_social,,,74.0,65_PLUS,ANCHIETA,ALVORADA,FEMININO,NEGRA
violencia_domestica,violencia_social,,,75.0,65_PLUS,GUACUI,OUTRO LOCAL,FEMININO,BRANCA
violencia_domestica,violencia_social,,,,,GUARAPARI,RECANTO DA SEREIA,FEMININO,PARDA
violencia_domestica,violencia_social,,,15.0,15_17,MUNIZ FREIRE,SAO VICENTE DE PAULA,MASCULINO,PARDA
violencia_domestica,violencia_social,,,17.0,15_17,VIANA,UNIVERSAL,FEMININO,INDETERMINADA
violencia_domestica,violencia_social,,,18.0,18_24,PANCAS,OPERARIO,FEMININO,PARDA
violencia_domestica,violencia_social,,,19.0,18_24,MARATAIZES,BARRA DE ITAPEMIRIM,FEMININO,NEGRA
violencia_domestica,violencia_social,,,19.0,18_24,COLATINA,NOVO HORIZONTE,FEMININO,PARDA
violencia_domestica,violencia_social,,,22.0,18_24,GUARAPARI,SAO GABRIEL,FEMININO,NEGRA
violencia_domestica,violencia_social,,,22.0,18_24,ITAGUACU,PALMEIRA,MASCULINO,NEGRA
violencia_domestica,violencia_social,,,22.0,18_24,VARGEM ALTA,ALTO CASTELINHO,FEMININO,BRANCA
violencia_domestica,violencia_social,,,23.0,18_24,PEDRO CANARIO,OUTRO LOCAL,FEMININO,PARDA
violencia_domestica,violencia_social,,,25.0,25_34,SERRA,BARCELONA,FEMININO,PARDA
violencia_domestica,violencia_social,,,27.0,25_34,MARATAIZES,BARRA DE ITAPEMIRIM,FEMININO,NEGRA
violencia_domestica,violencia_social,,,27.0,25_34,ITAGUACU,PALMEIRA,FEMININO,PARDA
violencia_domestica,violencia_social,,,27.0,25_34,CARIACICA,EXPEDITO,FEMININO,PARDA
violencia_domestica,violencia_social,,,27.0,25_34,MARATAIZES,BARRA DE ITAPEMIRIM,FEMININO,NEGRA
violencia_domestica,violencia_social,,,28.0,25_34,MARATAIZES,BARRA DE ITAPEMIRIM,MASCULINO,NEGRA
violencia_domestica,violencia_social,,,29.0,25_34,VILA VELHA,COCAL,FEMININO,PARDA
violencia_domestica,violencia_social,,,30.0,25_34,SERRA,PORTAL DE JACARAIPE,FEMININO,BRANCA
violencia_domestica,violencia_social,,,30.0,25_34,BAIXO GUANDU,OUTRO LOCAL,FEMININO,BRANCA
violencia_domestica,violencia_social,,,30.0,25_34,GUARAPARI,PRAIA DO MORRO,FEMININO,PARDA
violencia_domestica,violencia_social,,,30.0,25_34,GUARAPARI,COROADO,FEMININO,PARDA
violencia_domestica,violencia_social,,,31.0,25_34,CARIACICA,PADRE GABRIEL,FEMININO,PARDA
violencia_domestica,violencia_social,,,32.0,25_34,ARACRUZ,DECARLI,FEMININO,PARDA
violencia_domestica,violencia_social,,,32.0,25_34,ALEGRE,VILA DO SUL,FEMININO,NEGRA
violencia_domestica,violencia_social,,,32.0,25_34,VILA VELHA,ATAIDE,FEMININO,PARDA
violencia_domestica,violencia_social,,,34.0,25_34,ARACRUZ,OUTRO LOCAL,MASCULINO,BRANCA
violencia_domestica,violencia_social,,,34.0,25_34,SOORETAMA,SALVADOR,FEMININO,PARDA
violencia_domestica,violencia_social,,,35.0,35_44,MONTANHA,OUTRO LOCAL,FEMININO,PARDA
violencia_domestica,violencia_social,,,35.0,35_44,MUNIZ FREIRE,SAO VICENTE DE PAULA,FEMININO,NEGRA
violencia_domestica,violencia_social,,,35.0,35_44,CACHOEIRO DE ITAPEMIRIM,ITAOCA,FEMININO,BRANCA
violencia_domestica,violencia_social,,,36.0,35_44,CACHOEIRO DE ITAPEMIRIM,MARBRASA,MASCULINO,BRANCA
violencia_domestica,violencia_social,,,37.0,35_44,SANTA MARIA DE JETIBA,SAO LUIS,FEMININO,INDETERMINADA
violencia_domestica,violencia_social,,,37.0,35_44,ARACRUZ,FATIMA,FEMININO,PARDA
violencia_domestica,violencia_social,,,37.0,35_44,ARACRUZ,OUTRO LOCAL,FEMININO,PARDA
violencia_domestica,violencia_social,,,37.0,35_44,GUARAPARI,PEROCAO,FEMININO,PARDA
violencia_domestica,violencia_social,,,37.0,35_44,ARACRUZ,JEQUITIBA,FEMININO,PARDA
violencia_domestica,violencia_social,,,37.0,35_44,ARACRUZ,OUTRO LOCAL,FEMININO,PARDA
violencia_domestica,violencia_social,,,37.0,35_44,SERRA,RESIDENCIAL JACARAIPE,FEMININO,BRANCA
violencia_domestica,violencia_social,,,37.0,35_44,CARIACICA,RIO BRANCO,FEMININO,BRANCA
violencia_domestica,violencia_social,,,38.0,35_44,VILA VELHA,MORADA DA BARRA,FEMININO,BRANCA
violencia_domestica,violencia_social,,,38.0,35_44,GUARAPARI,SAO GABRIEL,FEMININO,BRANCA
violencia_domestica,violencia_social,,,39.0,35_44,JAGUARE,FATIMA,FEMININO,PARDA
violencia_domestica,violencia_social,,,39.0,35_44,CACHOEIRO DE ITAPEMIRIM,SAO LUCAS,FEMININO,NEGRA
violencia_domestica,violencia_social,,,39.0,35_44,SERRA,CIDADE POMAR,FEMININO,BRANCA
violencia_domestica,violencia_social,,,39.0,35_44,CARIACICA,CAMPO GRANDE,FEMININO,BRANCA
violencia_domestica,violencia_social,,,40.0,35_44,CARIACICA,RIO MARINHO,FEMININO,NEGRA
violencia_domestica,violencia_social,,,40.0,35_44,SAO MATEUS,OUTRO LOCAL,FEMININO,INDETERMINADA
violencia_domestica,violencia_social,,,40.0,35_44,COLATINA,VILA AMELIA,FEMININO,PARDA
violencia_domestica,violencia_social,,,41.0,35_44,BARRA DE SAO FRANCISCO,CENTRO,FEMININO,PARDA
violencia_domestica,violencia_social,,,41.0,35_44,IBITIRAMA,SAO FRANCISCO,FEMININO,BRANCA
violencia_domestica,violencia_social,,,41.0,35_44,VILA VELHA,DIVINO ESPIRITO SANTO,FEMININO,PARDA
violencia_domestica,violencia_social,,,41.0,35_44,VITORIA,JARDIM CAMBURI,FEMININO,BRANCA
violencia_domestica,violencia_social,,,42.0,35_44,JAGUARE,BARRA SECA VELHA,FEMININO,PARDA
violencia_domestica,violencia_social,,,43.0,35_44,COLATINA,HONORIO FRAGA,FEMININO,BRANCA
violencia_domestica,violencia_social,,,44.0,35_44,VENDA NOVA DO IMIGRANTE,VILA DA MATA,FEMININO,PARDA
violencia_domestica,violencia_social,,,44.0,35_44,MARILANDIA,CENTRO,FEMININO,PARDA
violencia_domestica,violencia_social,,,44.0,35_44,BAIXO GUANDU,ROSARIO II,FEMININO,BRANCA
violencia_domestica,violencia_social,,,47.0,45_54,VIANA,UNIVERSAL,FEMININO,PARDA
violencia_domestica,violencia_social,,,47.0,45_54,SERRA,CENTRAL CARAPINA,FEMININO,PARDA
violencia_domestica,violencia_social,,,47.0,45_54,CARIACICA,ORIENTE,FEMININO,BRANCA
violencia_domestica,violencia_social,,,48.0,45_54,CACHOEIRO DE ITAPEMIRIM,CORAMARA,FEMININO,PARDA
violencia_domestica,violencia_social,,,49.0,45_54,SERRA,CHACARA PARREIRAL,FEMININO,BRANCA
violencia_domestica,violencia_social,,,49.0,45_54,SAO MATEUS,NESTOR GOMES,FEMININO,AMARELA
violencia_domestica,violencia_social,,,49.0,45_54,GUARAPARI,OUTRO LOCAL,FEMININO,NEGRA
violencia_domestica,violencia_social,,,52.0,45_54,VILA VELHA,COBILANDIA,MASCULINO,BRANCA
violencia_domestica,violencia_social,,,52.0,45_54,VENDA NOVA DO IMIGRANTE,SAPUCAIA,FEMININO,PARDA
violencia_domestica,violencia_social,,,55.0,55_64,VITORIA,JARDIM CAMBURI,S/I,PARDA
violencia_domestica,violencia_social,,,57.0,55_64,CACHOEIRO DE ITAPEMIRIM,ZUMBI,FEMININO,NEGRA
violencia_domestica,violencia_social,,,59.0,55_64,VILA VELHA,ULISSES GUIMARAES,FEMININO,BRANCA
violencia_domestica,violencia_social,,,61.0,55_64,PRESIDENTE KENNEDY,ZONA RURAL,FEMININO,PARDA
violencia_domestica,violencia_social,,,65.0,65_PLUS,VITORIA,SAO CRISTOVAO,FEMININO,PARDA
violencia_domestica,violencia_social,,,69.0,65_PLUS,GUARAPARI,RECANTO DA SEREIA,FEMININO,PARDA
violencia_domestica,violencia_social,,,75.0,65_PLUS,PINHEIROS,ZONA RURAL,FEMININO,NEGRA
violencia_domestica,violencia_social,,,,,GUACUI,BAIRRO DO NORTE,FEMININO,NEGRA
violencia_domestica,violencia_social,,,,,CARIACICA,JARDIM AMERICA,FEMININO,S/I
violencia_domestica,violencia_social,,,13.0,0_14,BAIXO GUANDU,ROSARIO II,FEMININO,PARDA
violencia_domestica,violencia_social,,,17.0,15_17,JAGUARE,JIRAU,FEMININO,PARDA
violencia_domestica,violencia_social,,,18.0,18_24,ECOPORANGA,BENEDITA MONTEIRO,FEMININO,PARDA
violencia_domestica,violencia_social,,,20.0,18_24,CACHOEIRO DE ITAPEMIRIM,AEROPORTO,FEMININO,BRANCA
violencia_domestica,violencia_social,,,20.0,18_24,CARIACICA,CAMPO GRANDE,FEMININO,NEGRA
violencia_domestica,violencia_social,,,21.0,18_24,LINHARES,AVISO,FEMININO,PARDA
violencia_domestica,violencia_social,,,22.0,18_24,GUARAPARI,SANTA MONICA,FEMININO,PARDA
violencia_domestica,violencia_social,,,22.0,18_24,SERRA,PRAIAMAR,FEMININO,PARDA
violencia_domestica,violencia_social,,,24.0,18_24,VIANA,AREINHA,FEMININO,BRANCA
violencia_domestica,violencia_social,,,24.0,18_24,CACHOEIRO DE ITAPEMIRIM,ALTO UNIAO,FEMININO,BRANCA
violencia_domestica,violencia_social,,,25.0,25_34,CARIACICA,VALE DOS REIS,MASCULINO,NEGRA
violencia_domestica,violencia_social,,,26.0,25_34,DOMINGOS MARTINS,PEDRA AZUL,FEMININO,BRANCA
violencia_domestica,violencia_social,,,27.0,25_34,AGUIA BRANCA,SANTA CRUZ,FEMININO,PARDA
violencia_domestica,violencia_social,,,27.0,25_34,LINHARES,NOSSA SENHORA DA CONCEICAO,FEMININO,PARDA
violencia_domestica,violencia_social,,,29.0,25_34,SAO MATEUS,JAMBEIRO,FEMININO,PARDA
violencia_domestica,violencia_social,,,29.0,25_34,VILA VELHA,VILA BATISTA,FEMININO,PARDA
violencia_domestica,violencia_social,,,30.0,25_34,COLATINA,ESPLANADA,FEMININO,PARDA
violencia_domestica,violencia_social,,,30.0,25_34,SERRA,JARDIM CARAPINA,FEMININO,BRANCA
violencia_domestica,violencia_social,,,31.0,25_34,CARIACICA,NOVA ROSA DA PENHA,FEMININO,PARDA
violencia_domestica,violencia_social,,,32.0,25_34,COLATINA,AYRTON SENNA,MASCULINO,PARDA
violencia_domestica,violencia_social,,,32.0,25_34,SAO MATEUS,SANTO ANTONIO,FEMININO,PARDA
violencia_domestica,violencia_social,,,32.0,25_34,ITAPEMIRIM,BREJO GRANDE DO NORTE,FEMININO,PARDA
violencia_domestica,violencia_social,,,32.0,25_34,IBIRACU,ARICANGA,FEMININO,NEGRA
violencia_domestica,violencia_social,,,32.0,25_34,IBIRACU,SAO BENEDITO,FEMININO,NEGRA
violencia_domestica,violencia_social,,,32.0,25_34,ARACRUZ,FATIMA,FEMININO,PARDA
violencia_domestica,violencia_social,,,33.0,25_34,COLATINA,AYRTON SENNA,FEMININO,PARDA
violencia_domestica,violencia_social,,,33.0,25_34,SERRA,PLANALTO SERRANO,FEMININO,NEGRA
violencia_domestica,violencia_social,,,34.0,25_34,PIUMA,OUTRO LOCAL,FEMININO,BRANCA
violencia_domestica,violencia_social,,,34.0,25_34,VILA VELHA,JOAO GOULART,FEMININO,BRANCA
violencia_domestica,violencia_social,,,35.0,35_44,JERONIMO MONTEIRO,CENTRO,FEMININO,PARDA
violencia_domestica,violencia_social,,,35.0,35_44,COLATINA,COLATINA VELHA,FEMININO,PARDA
violencia_domestica,violencia_social,,,36.0,35_44,CARIACICA,JARDIM AMERICA,FEMININO,PARDA
violencia_domestica,violencia_social,,,36.0,35_44,COLATINA,AYRTON SENNA,FEMININO,INDETERMINADA
violencia_domestica,violencia_social,,,37.0,35_44,COLATINA,COLATINA VELHA,FEMININO,PARDA
violencia_domestica,violencia_social,,,37.0,35_44,VILA VELHA,PRAIA DA COSTA,FEMININO,NEGRA
violencia_domestica,violencia_social,,,37.0,35_44,VILA VELHA,VINTE E TRES DE MAIO,FEMININO,BRANCA
violencia_domestica,violencia_social,,,38.0,35_44,LINHARES,CANIVETE,FEMININO,PARDA
violencia_domestica,violencia_social,,,39.0,35_44,VILA VELHA,SANTA INES,FEMININO,BRANCA
violencia_domestica,violencia_social,,,39.0,35_44,COLATINA,COLUMBIA,FEMININO,NEGRA
violencia_domestica,violencia_social,,,41.0,35_44,CARIACICA,MUCURI,FEMININO,PARDA
violencia_domestica,violencia_social,,,41.0,35_44,CACHOEIRO DE ITAPEMIRIM,NOSSA SENHORA APARECIDA,FEMININO,AMARELA
violencia_domestica,violencia_social,,,43.0,35_44,VIANA,NOVA BETHANIA,FEMININO,PARDA
violencia_domestica,violencia_social,,,43.0,35_44,CACHOEIRO DE ITAPEMIRIM,IBC,FEMININO,PARDA
violencia_domestica,violencia_social,,,44.0,35_44,MARILANDIA,CONJUNTO HABITACIONAL HONORIO PASSAMANI,FEMININO,PARDA
violencia_domestica,violencia_social,,,44.0,35_44,CARIACICA,RIO MARINHO,FEMININO,PARDA
violencia_domestica,violencia_social,,,44.0,35_44,COLATINA,COLATINA VELHA,FEMININO,PARDA
violencia_domestica,violencia_social,,,44.0,35_44,ITAPEMIRIM,ITAOCA,FEMININO,INDETERMINADA
violencia_domestica,violencia_social,,,45.0,45_54,CARIACICA,VILA CAPIXABA,FEMININO,PARDA
violencia_domestica,violencia_social,,,46.0,45_54,CARIACICA,NOVA ROSA DA PENHA,FEMININO,PARDA
violencia_domestica,violencia_social,,,47.0,45_54,BREJETUBA,SERTAOZINHO,FEMININO,NEGRA
violencia_domestica,violencia_social,,,48.0,45_54,JOAO NEIVA,SAO BRAS,FEMININO,PARDA
violencia_domestica,violencia_social,,,48.0,45_54,SAO MATEUS,GURIRI,FEMININO,BRANCA
violencia_domestica,violencia_social,,,48.0,45_54,DORES DO RIO PRETO,CENTRO,FEMININO,BRANCA
violencia_domestica,violencia_social,,,50.0,45_54,VENDA NOVA DO IMIGRANTE,MINETE,FEMININO,BRANCA
violencia_domestica,violencia_social,,,50.0,45_54,SAO GABRIEL DA PALHA,GUSTAVO BOONE,FEMININO,INDETERMINADA
violencia_domestica,violencia_social,,,51.0,45_54,MARATAIZES,LAGOA DANTAS,FEMININO,PARDA
violencia_domestica,violencia_social,,,56.0,55_64,GUARAPARI,CENTRO,FEMININO,BRANCA
violencia_domestica,violencia_social,,,57.0,55_64,SANTA TERESA,SANTO ANTONIO DO CANAA,S/I,BRANCA
violencia_domestica,violencia_social,,,58.0,55_64,NOVA VENECIA,FILOMENA,FEMININO,BRANCA
violencia_domestica,violencia_social,,,64.0,55_64,SAO MATEUS,MORRO DA ONCA,FEMININO,NEGRA
violencia_domestica,violencia_social,,,66.0,65_PLUS,CARIACICA,EXPEDITO,FEMININO,PARDA
violencia_domestica,violencia_social,,,71.0,65_PLUS,IBATIBA,SANTA CLARA,FEMININO,BRANCA
violencia_domestica,violencia_social,,,9.0,0_14,FUNDAO,CENTRO,FEMININO,PARDA
violencia_domestica,violencia_social,,,14.0,0_14,SERRA,CASTELANDIA,FEMININO,NEGRA
violencia_domestica,violencia_social,,,19.0,18_24,VILA VELHA,GLORIA,FEMININO,BRANCA
violencia_domestica,violencia_social,,,19.0,18_24,BOM JESUS DO NORTE,LOTEAMENTO SILVANA,FEMININO,NEGRA
violencia_domestica,violencia_social,,,20.0,18_24,CONCEICAO DA BARRA,SANTO AMARO,FEMININO,NEGRA
violencia_domestica,violencia_social,,,21.0,18_24,SOORETAMA,CENTRO,FEMININO,PARDA
violencia_domestica,violencia_social,,,21.0,18_24,VILA VELHA,RESIDENCIAL JABAETE,FEMININO,BRANCA
violencia_domestica,violencia_social,,,22.0,18_24,ALEGRE,GUARAREMA,FEMININO,PARDA
violencia_domestica,violencia_social,,,22.0,18_24,VITORIA,MARUIPE,FEMININO,PARDA
violencia_domestica,violencia_social,,,22.0,18_24,VILA VELHA,COQUEIRAL DE ITAPARICA,FEMININO,BRANCA
violencia_domestica,violencia_social,,,23.0,18_24,BARRA DE SAO FRANCISCO,ZONA RURAL,FEMININO,BRANCA
violencia_domestica,violencia_social,,,23.0,18_24,SERRA,MANGUINHOS,FEMININO,NEGRA
violencia_domestica,violencia_social,,,24.0,18_24,GUARAPARI,CONDADOS DE GUARAPARI,FEMININO,NEGRA
violencia_domestica,violencia_social,,,24.0,18_24,GUARAPARI,CONDADOS DE GUARAPARI,FEMININO,NEGRA
violencia_domestica,violencia_social,,,26.0,25_34,VILA VELHA,CIDADE DA BARRA,FEMININO,BRANCA
violencia_domestica,violencia_social,,,26.0,25_34,CACHOEIRO DE ITAPEMIRIM,GILBERTO MACHADO,FEMININO,PARDA
violencia_domestica,violencia_social,,,27.0,25_34,SERRA,PLANALTO SERRANO,FEMININO,PARDA
violencia_domestica,violencia_social,,,27.0,25_34,FUNDAO,CENTRO,FEMININO,BRANCA
violencia_domestica,violencia_social,,,28.0,25_34,BARRA DE SAO FRANCISCO,BAIRRO CRUZEIRO,FEMININO,PARDA
violencia_domestica,violencia_social,,,30.0,25_34,LINHARES,LAGOA DO MEIO,FEMININO,BRANCA
violencia_domestica,violencia_social,,,30.0,25_34,LINHARES,LAGOA DO MEIO,FEMININO,BRANCA
violencia_domestica,violencia_social,,,31.0,25_34,CASTELO,SANTO ANDREZINHO,FEMININO,BRANCA
violencia_domestica,violencia_social,,,33.0,25_34,ALEGRE,CENTRO,FEMININO,BRANCA
violencia_domestica,violencia_social,,,33.0,25_34,SERRA,CIDADE CONTINENTAL,FEMININO,PARDA
violencia_domestica,violencia_social,,,34.0,25_34,CACHOEIRO DE ITAPEMIRIM,SUMARE,FEMININO,BRANCA
violencia_domestica,violencia_social,,,35.0,35_44,RIO NOVO DO SUL,BORSOI,FEMININO,NEGRA
violencia_domestica,violencia_social,,,35.0,35_44,VITORIA,ESTRELINHA,FEMININO,NEGRA
violencia_domestica,violencia_social,,,36.0,35_44,VILA VELHA,BOA VISTA II,FEMININO,PARDA
violencia_domestica,violencia_social,,,36.0,35_44,ANCHIETA,EMBOACICA OU SACI,FEMININO,PARDA
violencia_domestica,violencia_social,,,36.0,35_44,CACHOEIRO DE ITAPEMIRIM,MONTE BELO,FEMININO,PARDA
violencia_domestica,violencia_social,,,37.0,35_44,COLATINA,AYRTON SENNA,FEMININO,NEGRA
violencia_domestica,violencia_social,,,37.0,35_44,CARIACICA,SAO FRANCISCO,FEMININO,PARDA
violencia_domestica,violencia_social,,,38.0,35_44,ARACRUZ,OUTRO LOCAL,FEMININO,BRANCA
violencia_domestica,violencia_social,,,38.0,35_44,PRESIDENTE KENNEDY,MAROBA,FEMININO,NEGRA
violencia_domestica,violencia_social,,,38.0,35_44,SERRA,BAIRRO DAS LARANJEIRAS,FEMININO,NEGRA
violencia_domestica,violencia_social,,,39.0,35_44,JAGUARE,FATIMA,FEMININO,PARDA
violencia_domestica,violencia_social,,,39.0,35_44,SERRA,BALNEARIO DE CARAPEBUS,FEMININO,PARDA
violencia_domestica,violencia_social,,,40.0,35_44,SOORETAMA,CENTRO,FEMININO,PARDA
violencia_domestica,violencia_social,,,40.0,35_44,VIANA,NOVA BETHANIA,FEMININO,PARDA
violencia_domestica,violencia_social,,,42.0,35_44,CACHOEIRO DE ITAPEMIRIM,AMARELO,FEMININO,PARDA
violencia_domestica,violencia_social,,,42.0,35_44,ECOPORANGA,ZONA RURAL,FEMININO,NEGRA
violencia_domestica,violencia_social,,,45.0,45_54,SAO MATEUS,NOVA CONQUISTA,FEMININO,BRANCA
violencia_domestica,violencia_social,,,46.0,45_54,VILA VELHA,COQUEIRAL DE ITAPARICA,FEMININO,PARDA
violencia_domestica,violencia_social,,,47.0,45_54,LINHARES,SAO JOSE,FEMININO,PARDA
violencia_domestica,violencia_social,,,47.0,45_54,VITORIA,PONTAL DE CAMBURI,FEMININO,NEGRA
violencia_domestica,violencia_social,,,47.0,45_54,VITORIA,RESISTENCIA,FEMININO,PARDA
violencia_domestica,violencia_social,,,49.0,45_54,VITORIA,MARUIPE,FEMININO,NEGRA
violencia_domestica,violencia_social,,,53.0,45_54,CACHOEIRO DE ITAPEMIRIM,MARBRASA,FEMININO,PARDA
violencia_domestica,violencia_social,,,54.0,45_54,VILA VELHA,CRISTOVAO COLOMBO,FEMININO,PARDA
violencia_domestica,violencia_social,,,54.0,45_54,VITORIA,JARDIM CAMBURI,FEMININO,PARDA
violencia_domestica,violencia_social,,,54.0,45_54,VILA VELHA,BRISAMAR,FEMININO,PARDA
violencia_domestica,violencia_social,,,55.0,55_64,PRESIDENTE KENNEDY,ZONA RURAL,FEMININO,NEGRA
violencia_domestica,violencia_social,,,60.0,55_64,ECOPORANGA,BENEDITA MONTEIRO,FEMININO,PARDA
violencia_domestica,violencia_social,,,61.0,55_64,ALEGRE,CENTRO,FEMININO,BRANCA
violencia_domestica,violencia_social,,,61.0,55_64,ARACRUZ,PLANALTO,FEMININO,PARDA
violencia_domestica,violencia_social,,,61.0,55_64,BREJETUBA,ZONA RURAL,FEMININO,PARDA
violencia_domestica,violencia_social,,,62.0,55_64,COLATINA,ALTO VILA NOVA,FEMININO,BRANCA
violencia_domestica,violencia_social,,,62.0,55_64,CACHOEIRO DE ITAPEMIRIM,SANTO ANTONIO,S/I,NEGRA
violencia_domestica,violencia_social,,,63.0,55_64,CACHOEIRO DE ITAPEMIRIM,OUTRO LOCAL,FEMININO,BRANCA
violencia_domestica,violencia_social,,,91.0,65_PLUS,ALEGRE,CENTRO,FEMININO,BRANCA
violencia_domestica,violencia_social,,,,,ARACRUZ,VILA NOVA,FEMININO,PARDA
violencia_domestica,violencia_social,,,12.0,0_14,COLATINA,PERPETUO SOCORRO,FEMININO,PARDA
violencia_domestica,violencia_social,,,15.0,15_17,RIO BANANAL,SAO SEBASTIAO,MASCULINO,BRANCA
violencia_domestica,violencia_social,,,16.0,15_17,COLATINA,PERPETUO SOCORRO,FEMININO,PARDA
violencia_domestica,violencia_social,,,16.0,15_17,SANTA TERESA,SAO JOAO DE PETROPOLIS,FEMININO,BRANCA
violencia_domestica,violencia_social,,,17.0,15_17,SAO MATEUS,LITORANEO,FEMININO,PARDA
violencia_domestica,violencia_social,,,19.0,18_24,MARATAIZES,CIDADE NOVA,FEMININO,BRANCA
violencia_domestica,violencia_social,,,19.0,18_24,GUACUI,CENTRO,FEMININO,PARDA
violencia_domestica,violencia_social,,,22.0,18_24,JAGUARE,AGUA LIMPA,FEMININO,INDETERMINADA
violencia_domestica,violencia_social,,,23.0,18_24,LINHARES,INTERLAGOS,FEMININO,NEGRA
violencia_domestica,violencia_social,,,25.0,25_34,SAO ROQUE DO CANAA,CENTRO,FEMININO,NEGRA
violencia_domestica,violencia_social,,,25.0,25_34,VITORIA,MATA DA PRAIA,FEMININO,BRANCA
violencia_domestica,violencia_social,,,25.0,25_34,CACHOEIRO DE ITAPEMIRIM,OTTON MARINS,FEMININO,PARDA
violencia_domestica,violencia_social,,,26.0,25_34,SOORETAMA,CENTRO,FEMININO,PARDA
violencia_domestica,violencia_social,,,26.0,25_34,SAO MATEUS,MORADA DO LAGO,FEMININO,PARDA
violencia_domestica,violencia_social,,,26.0,25_34,NOVA VENECIA,OUTRO LOCAL,FEMININO,PARDA
violencia_domestica,violencia_social,,,27.0,25_34,CACHOEIRO DE ITAPEMIRIM,CONDURU,FEMININO,PARDA
violencia_domestica,violencia_social,,,28.0,25_34,CARIACICA,ROSA DA PENHA,FEMININO,PARDA
violencia_domestica,violencia_social,,,28.0,25_34,SERRA,NOVA CARAPINA I,FEMININO,PARDA
violencia_domestica,violencia_social,,,28.0,25_34,CACHOEIRO DE ITAPEMIRIM,ITAOCA,FEMININO,NEGRA
violencia_domestica,violencia_social,,,29.0,25_34,VITORIA,MARUIPE,FEMININO,NEGRA
violencia_domestica,violencia_social,,,29.0,25_34,SAO GABRIEL DA PALHA,GUSTAVO BOONE,FEMININO,INDETERMINADA
violencia_domestica,violencia_social,,,29.0,25_34,VITORIA,ITARARE,FEMININO,PARDA
violencia_domestica,violencia_social,,,30.0,25_34,CONCEICAO DA BARRA,NOVA BETHANIA,FEMININO,PARDA
violencia_domestica,violencia_social,,,30.0,25_34,LINHARES,ARACA,MASCULINO,PARDA
violencia_domestica,violencia_social,,,31.0,25_34,COLATINA,COLUMBIA,FEMININO,PARDA
violencia_domestica,violencia_social,,,31.0,25_34,SERRA,CIDADE CONTINENTAL,FEMININO,PARDA
violencia_domestica,violencia_social,,,31.0,25_34,MARATAIZES,LAGOA FUNDA,FEMININO,PARDA
violencia_domestica,violencia_social,,,32.0,25_34,COLATINA,PERPETUO SOCORRO,FEMININO,PARDA
violencia_domestica,violencia_social,,,32.0,25_34,SERRA,BOULEVARD LAGOA,FEMININO,PARDA
violencia_domestica,violencia_social,,,34.0,25_34,ARACRUZ,SAO MARCOS,FEMININO,PARDA
violencia_domestica,violencia_social,,,35.0,35_44,LINHARES,SANTA CRUZ,FEMININO,INDETERMINADA
violencia_domestica,violencia_social,,,36.0,35_44,MIMOSO DO SUL,FUNIL,FEMININO,PARDA
violencia_domestica,violencia_social,,,37.0,35_44,MARECHAL FLORIANO,BATATAL,FEMININO,INDETERMINADA
violencia_domestica,violencia_social,,,37.0,35_44,SERRA,SANTO ANTONIO,FEMININO,PARDA
violencia_domestica,violencia_social,,,38.0,35_44,JAGUARE,PALMITO,FEMININO,PARDA
violencia_domestica,violencia_social,,,39.0,35_44,VITORIA,JOANA DARC,FEMININO,PARDA
violencia_domestica,violencia_social,,,40.0,35_44,CACHOEIRO DE ITAPEMIRIM,VILA RICA,FEMININO,PARDA
violencia_domestica,violencia_social,,,40.0,35_44,CACHOEIRO DE ITAPEMIRIM,VILA RICA,FEMININO,INDETERMINADA
violencia_domestica,violencia_social,,,41.0,35_44,CACHOEIRO DE ITAPEMIRIM,CORAMARA,FEMININO,NEGRA
violencia_domestica,violencia_social,,,41.0,35_44,ALFREDO CHAVES,IPANEMA,FEMININO,BRANCA
violencia_domestica,violencia_social,,,41.0,35_44,CASTELO,CENTRO,FEMININO,PARDA
violencia_domestica,violencia_social,,,42.0,35_44,PIUMA,PORTINHO,FEMININO,INDETERMINADA
violencia_domestica,violencia_social,,,42.0,35_44,SERRA,RESIDENCIAL JACARAIPE,FEMININO,PARDA
violencia_domestica,violencia_social,,,44.0,35_44,IUNA,QUILOMBO,FEMININO,NEGRA
violencia_domestica,violencia_social,,,44.0,35_44,VILA VELHA,CAVALIERE,FEMININO,BRANCA
violencia_domestica,violencia_social,,,45.0,45_54,ARACRUZ,SAO MARCOS,FEMININO,PARDA
violencia_domestica,violencia_social,,,46.0,45_54,VENDA NOVA DO IMIGRANTE,VILA BETANEA,FEMININO,BRANCA
violencia_domestica,violencia_social,,,46.0,45_54,VITORIA,MARIA ORTIZ,FEMININO,PARDA
violencia_domestica,violencia_social,,,47.0,45_54,RIO BANANAL,SAO SEBASTIAO,FEMININO,PARDA
violencia_domestica,violencia_social,,,47.0,45_54,VITORIA,JABOUR,FEMININO,BRANCA
violencia_domestica,violencia_social,,,49.0,45_54,NOVA VENECIA,ZONA RURAL,FEMININO,BRANCA
violencia_domestica,violencia_social,,,49.0,45_54,BAIXO GUANDU,MAUA,FEMININO,NEGRA
violencia_domestica,violencia_social,,,55.0,55_64,SAO MATEUS,CORREGO DA AREIA,FEMININO,PARDA
violencia_domestica,violencia_social,,,57.0,55_64,ITAPEMIRIM,CAMPO ACIMA,FEMININO,PARDA
violencia_domestica,violencia_social,,,61.0,55_64,SAO MATEUS,MORADA DO RIBEIRAO,FEMININO,INDETERMINADA
violencia_domestica,violencia_social,,,61.0,55_64,CONCEICAO DO CASTELO,CANTINHO DO CEU,FEMININO,BRANCA
violencia_domestica,violencia_social,,,66.0,65_PLUS,COLATINA,SAO PEDRO,FEMININO,BRANCA
violencia_domestica,violencia_social,,,67.0,65_PLUS,JAGUARE,PALMITO,FEMININO,BRANCA
violencia_domestica,violencia_social,,,69.0,65_PLUS,JAGUARE,PALMITO,MASCULINO,NEGRA
violencia_domestica,violencia_social,,,77.0,65_PLUS,NOVA VENECIA,MARGARETH,FEMININO,NEGRA
violencia_domestica,violencia_social,,,,,COLATINA,OPERARIO,S/I,PARDA
violencia_domestica,violencia_social,,,,,SAO GABRIEL DA PALHA,JARDIM PASSAMANI,S/I,INDETERMINADA
violencia_domestica,violencia_social,,,20.0,18_24,SANTA MARIA DE JETIBA,CENTRO,FEMININO,BRANCA
violencia_domestica,violencia_social,,,22.0,18_24,VILA VALERIO,ZONA RURAL,FEMININO,NEGRA
violencia_domestica,violencia_social,,,24.0,18_24,CARIACICA,CASTELO BRANCO,FEMININO,NEGRA
violencia_domestica,violencia_social,,,24.0,18_24,NOVA VENECIA,SAO CRISTOVAO,FEMININO,NEGRA
violencia_domestica,violencia_social,,,24.0,18_24,SERRA,JARDIM PRIMAVERA,FEMININO,BRANCA
violencia_domestica,violencia_social,,,25.0,25_34,VITORIA,SANTA MARTHA,FEMININO,PARDA
violencia_domestica,violencia_social,,,26.0,25_34,IBITIRAMA,SANTA MARTA,FEMININO,BRANCA
violencia_domestica,violencia_social,,,26.0,25_34,COLATINA,AYRTON SENNA,FEMININO,PARDA
violencia_domestica,violencia_social,,,26.0,25_34,VILA VELHA,JARDIM GUARANHUNS,FEMININO,PARDA
violencia_domestica,violencia_social,,,27.0,25_34,SERRA,CARAPINA GRANDE,FEMININO,PARDA
violencia_domestica,violencia_social,,,27.0,25_34,ECOPORANGA,SANTA TEREZINHA,FEMININO,NEGRA
violencia_domestica,violencia_social,,,27.0,25_34,VITORIA,CONQUISTA,FEMININO,PARDA
violencia_domestica,violencia_social,,,27.0,25_34,BARRA DE SAO FRANCISCO,BAIRRO COLINA,FEMININO,PARDA
violencia_domestica,violencia_social,,,29.0,25_34,SERRA,CENTRAL CARAPINA,FEMININO,NEGRA
violencia_domestica,violencia_social,,,29.0,25_34,CARIACICA,JARDIM BOTANICO,FEMININO,PARDA
violencia_domestica,violencia_social,,,30.0,25_34,SANTA TERESA,PENHA,FEMININO,PARDA
violencia_domestica,violencia_social,,,31.0,25_34,SERRA,PLANICIE DA SERRA,FEMININO,BRANCA
violencia_domestica,violencia_social,,,31.0,25_34,CACHOEIRO DE ITAPEMIRIM,VALAO,FEMININO,PARDA
violencia_domestica,violencia_social,,,32.0,25_34,VILA VELHA,ARIBIRI,FEMININO,INDETERMINADA
violencia_domestica,violencia_social,,,33.0,25_34,CARIACICA,ANTONIO FERREIRA BORGES,FEMININO,NEGRA
violencia_domestica,violencia_social,,,33.0,25_34,VIANA,CAXIAS DO SUL,FEMININO,NEGRA
violencia_domestica,violencia_social,,,34.0,25_34,CACHOEIRO DE ITAPEMIRIM,VILAGE DA LUZ,FEMININO,NEGRA
violencia_domestica,violencia_social,,,35.0,35_44,CACHOEIRO DE ITAPEMIRIM,VILAGE DA LUZ,FEMININO,PARDA
violencia_domestica,violencia_social,,,35.0,35_44,GUACUI,OUTRO LOCAL,FEMININO,NEGRA
violencia_domestica,violencia_social,,,36.0,35_44,VITORIA,DA PENHA,FEMININO,BRANCA
violencia_domestica,violencia_social,,,37.0,35_44,CACHOEIRO DE ITAPEMIRIM,CAMPO DA LEOPOLDINA,FEMININO,BRANCA
violencia_domestica,violencia_social,,,39.0,35_44,LINHARES,OUTRO LOCAL,FEMININO,PARDA
violencia_domestica,violencia_social,,,40.0,35_44,GUARAPARI,PRAIA DO MORRO,FEMININO,BRANCA
violencia_domestica,violencia_social,,,42.0,35_44,VILA VELHA,COBILANDIA,FEMININO,PARDA
violencia_domestica,violencia_social,,,42.0,35_44,VILA VELHA,SANTA RITA,FEMININO,PARDA
violencia_domestica,violencia_social,,,42.0,35_44,VILA VELHA,SANTA MONICA,FEMININO,PARDA
violencia_domestica,violencia_social,,,42.0,35_44,VILA VELHA,CENTRO VILA VELHA,FEMININO,PARDA
violencia_domestica,violencia_social,,,43.0,35_44,SANTA MARIA DE JETIBA,CENTRO,FEMININO,BRANCA
violencia_domestica,violencia_social,,,44.0,35_44,VILA VELHA,BALNEARIO PONTA DA FRUTA,FEMININO,PARDA
violencia_domestica,violencia_social,,,45.0,45_54,ARACRUZ,VILA NOVA,FEMININO,PARDA
violencia_domestica,violencia_social,,,48.0,45_54,JERONIMO MONTEIRO,CENTRO,FEMININO,BRANCA
violencia_domestica,violencia_social,,,54.0,45_54,VILA VELHA,SOTECO,FEMININO,BRANCA
violencia_domestica,violencia_social,,,56.0,55_64,NOVA VENECIA,ALTOE,FEMININO,PARDA
violencia_domestica,violencia_social,,,58.0,55_64,IUNA,TINGUACIBA,FEMININO,BRANCA
violencia_domestica,violencia_social,,,59.0,55_64,VITORIA,JARDIM DA PENHA,FEMININO,BRANCA
violencia_domestica,violencia_social,,,68.0,65_PLUS,PEDRO CANARIO,VISTA ALEGRE,FEMININO,PARDA
violencia_domestica,violencia_social,,,,,CACHOEIRO DE ITAPEMIRIM,NOVA BRASILIA,FEMININO,NEGRA
violencia_domestica,violencia_social,,,,,ARACRUZ,SANTA CRUZ,FEMININO,INDETERMINADA
violencia_domestica,violencia_social,,,,,ARACRUZ,SANTA CRUZ,FEMININO,PARDA
violencia_domestica,violencia_social,,,,,ALEGRE,ARARAI,FEMININO,BRANCA
violencia_domestica,violencia_social,,,,,CACHOEIRO DE ITAPEMIRIM,INDEPENDENCIA,FEMININO,BRANCA
violencia_domestica,violencia_social,,,9.0,0_14,NOVA VENECIA,AEROPORTO,FEMININO,PARDA
violencia_domestica,violencia_social,,,11.0,0_14,ICONHA,ZONA RURAL,FEMININO,PARDA
violencia_domestica,violencia_social,,,16.0,15_17,VILA VELHA,SANTA RITA,FEMININO,BRANCA
violencia_domestica,violencia_social,,,18.0,18_24,SERRA,JARDIM ATLANTICO,FEMININO,BRANCA
violencia_domestica,violencia_social,,,19.0,18_24,SAO MATEUS,LITORANEO,FEMININO,PARDA
violencia_domestica,violencia_social,,,20.0,18_24,BARRA DE SAO FRANCISCO,CENTRO,FEMININO,BRANCA
violencia_domestica,violencia_social,,,20.0,18_24,MARATAIZES,BARRA DE ITAPEMIRIM,FEMININO,BRANCA
violencia_domestica,violencia_social,,,21.0,18_24,BARRA DE SAO FRANCISCO,CENTRO,FEMININO,BRANCA
violencia_domestica,violencia_social,,,21.0,18_24,NOVA VENECIA,RUBIA,FEMININO,PARDA
violencia_domestica,violencia_social,,,23.0,18_24,SERRA,COLINA DA SERRA,FEMININO,BRANCA
violencia_domestica,violencia_social,,,23.0,18_24,CACHOEIRO DE ITAPEMIRIM,VILAGE DA LUZ,FEMININO,PARDA
violencia_domestica,violencia_social,,,24.0,18_24,PRESIDENTE KENNEDY,CAMPO NOVO I,FEMININO,PARDA
violencia_domestica,violencia_social,,,24.0,18_24,MONTANHA,FUNDAO,FEMININO,NEGRA
violencia_domestica,violencia_social,,,24.0,18_24,SERRA,VILA NOVA DE COLARES,FEMININO,BRANCA
violencia_domestica,violencia_social,,,25.0,25_34,SANTA MARIA DE JETIBA,OUTRO LOCAL,FEMININO,BRANCA
violencia_domestica,violencia_social,,,28.0,25_34,GUARAPARI,IPIRANGA,FEMININO,PARDA
violencia_domestica,violencia_social,,,28.0,25_34,COLATINA,SAO MARCOS,FEMININO,PARDA
violencia_domestica,violencia_social,,,29.0,25_34,LINHARES,INTERLAGOS,FEMININO,PARDA
violencia_domestica,violencia_social,,,30.0,25_34,VITORIA,GRANDE VITORIA,FEMININO,PARDA
violencia_domestica,violencia_social,,,31.0,25_34,ARACRUZ,ZONA RURAL,FEMININO,INDIGENA
violencia_domestica,violencia_social,,,36.0,35_44,CACHOEIRO DE ITAPEMIRIM,FERROVIARIOS,FEMININO,PARDA
violencia_domestica,violencia_social,,,37.0,35_44,VITORIA,SANTO ANTONIO,FEMININO,BRANCA
violencia_domestica,violencia_social,,,38.0,35_44,VILA VELHA,PRAIA DA COSTA,FEMININO,BRANCA
violencia_domestica,violencia_social,,,40.0,35_44,CACHOEIRO DE ITAPEMIRIM,CENTRO,FEMININO,PARDA
violencia_domestica,violencia_social,,,41.0,35_44,VILA VELHA,SANTA RITA,FEMININO,BRANCA
violencia_domestica,violencia_social,,,41.0,35_44,LINHARES,ZONA RURAL,FEMININO,PARDA
violencia_domestica,violencia_social,,,43.0,35_44,SAO GABRIEL DA PALHA,GUSTAVO BOONE,MASCULINO,PARDA
violencia_domestica,violencia_social,,,43.0,35_44,VILA VELHA,SANTA INES,FEMININO,PARDA
violencia_domestica,violencia_social,,,44.0,35_44,VITORIA,MARIA ORTIZ,S/I,PARDA
violencia_domestica,violencia_social,,,45.0,45_54,SERRA,VISTA DA SERRA I,FEMININO,BRANCA
violencia_domestica,violencia_social,,,48.0,45_54,LINHARES,JUPARANA,FEMININO,PARDA
violencia_domestica,violencia_social,,,49.0,45_54,SAO GABRIEL DA PALHA,GUSTAVO BOONE,FEMININO,INDETERMINADA
violencia_domestica,violencia_social,,,50.0,45_54,SERRA,PARQUE JACARAIPE,FEMININO,NEGRA
violencia_domestica,violencia_social,,,52.0,45_54,VILA VELHA,ALECRIM,FEMININO,PARDA
violencia_domestica,violencia_social,,,54.0,45_54,SAO MATEUS,OUTRO LOCAL,FEMININO,PARDA
violencia_domestica,violencia_social,,,55.0,55_64,CACHOEIRO DE ITAPEMIRIM,ITAOCA,FEMININO,NEGRA
violencia_domestica,violencia_social,,,59.0,55_64,CACHOEIRO DE ITAPEMIRIM,PACOTUBA,MASCULINO,NEGRA
violencia_domestica,violencia_social,,,61.0,55_64,COLATINA,ADELIA GIUBERTTI,FEMININO,BRANCA
violencia_domestica,violencia_social,,,66.0,65_PLUS,VITORIA,TABUAZEIRO,FEMININO,PARDA
violencia_domestica,violencia_social,,,67.0,65_PLUS,VITORIA,GRANDE VITORIA,FEMININO,PARDA
violencia_domestica,violencia_social,,,69.0,65_PLUS,VILA VELHA,VILA BATISTA,FEMININO,BRANCA
violencia_domestica,violencia_social,,,72.0,65_PLUS,VILA VELHA,JARDIM DO VALE,FEMININO,PARDA
violencia_domestica,violencia_social,,,74.0,65_PLUS,ANCHIETA,IRIRI,FEMININO,PARDA
violencia_domestica,violencia_social,,,78.0,65_PLUS,VENDA NOVA DO IMIGRANTE,SAO PEDRO,S/I,INDETERMINADA
violencia_domestica,violencia_social,,,82.0,65_PLUS,ANCHIETA,IRIRI,MASCULINO,PARDA
violencia_domestica,violencia_social,,,,,VENDA NOVA DO IMIGRANTE,SAO PEDRO,S/I,BRANCA
violencia_domestica,violencia_social,,,,,SAO GABRIEL DA PALHA,JARDIM VITORIA,FEMININO,BRANCA
violencia_domestica,violencia_social,,,,,ARACRUZ,BARRA DO RIACHO,S/I,PARDA
violencia_domestica,violencia_social,,,18.0,18_24,COLATINA,VILA AMELIA,FEMININO,BRANCA
violencia_domestica,violencia_social,,,19.0,18_24,CARIACICA,MORADA DE SANTA FE,FEMININO,PARDA
violencia_domestica,violencia_social,,,20.0,18_24,CARIACICA,NOVA BRASILIA,FEMININO,BRANCA
violencia_domestica,violencia_social,,,20.0,18_24,CACHOEIRO DE ITAPEMIRIM,BOA VISTA,FEMININO,NEGRA
violencia_domestica,violencia_social,,,24.0,18_24,VILA VELHA,COBILANDIA,FEMININO,BRANCA
violencia_domestica,violencia_social,,,25.0,25_34,CARIACICA,PORTO NOVO,MASCULINO,NEGRA
violencia_domestica,violencia_social,,,25.0,25_34,VILA VELHA,CHACARA DO CONDE,FEMININO,PARDA
violencia_domestica,violencia_social,,,25.0,25_34,VITORIA,SAO BENEDITO,FEMININO,AMARELA
violencia_domestica,violencia_social,,,25.0,25_34,SERRA,HELIO FERRAZ,FEMININO,NEGRA
violencia_domestica,violencia_social,,,26.0,25_34,CACHOEIRO DE ITAPEMIRIM,ZUMBI,FEMININO,NEGRA
violencia_domestica,violencia_social,,,26.0,25_34,ITAPEMIRIM,GARRAFAO,FEMININO,BRANCA
violencia_domestica,violencia_social,,,26.0,25_34,VILA VALERIO,ZONA RURAL,FEMININO,INDETERMINADA
violencia_domestica,violencia_social,,,27.0,25_34,SAO GABRIEL DA PALHA,BOA VISTA,FEMININO,NEGRA
violencia_domestica,violencia_social,,,27.0,25_34,COLATINA,COLUMBIA,FEMININO,BRANCA
violencia_domestica,violencia_social,,,29.0,25_34,LINHARES,AVISO,FEMININO,BRANCA
violencia_domestica,violencia_social,,,29.0,25_34,MUNIZ FREIRE,PIACU,FEMININO,PARDA
violencia_domestica,violencia_social,,,29.0,25_34,ARACRUZ,BARRA DO RIACHO,FEMININO,PARDA
violencia_domestica,violencia_social,,,30.0,25_34,IUNA,SAO JOAO DO PRINCIPE,FEMININO,BRANCA
violencia_domestica,violencia_social,,,30.0,25_34,VIANA,NOVA BETHANIA,FEMININO,BRANCA
violencia_domestica,violencia_social,,,31.0,25_34,GUACUI,EDITH CASTRO,FEMININO,BRANCA
violencia_domestica,violencia_social,,,31.0,25_34,SAO MATEUS,OUTRO LOCAL,FEMININO,PARDA
violencia_domestica,violencia_social,,,32.0,25_34,SERRA,MATA DA SERRA,FEMININO,BRANCA
violencia_domestica,violencia_social,,,32.0,25_34,SERRA,MATA DA SERRA,FEMININO,BRANCA
violencia_domestica,violencia_social,,,33.0,25_34,ITAPEMIRIM,CORREGO DO OURO,FEMININO,PARDA
violencia_domestica,violencia_social,,,34.0,25_34,CARIACICA,ALTO LAGE,FEMININO,PARDA
violencia_domestica,violencia_social,,,34.0,25_34,VILA VELHA,ILHA DAS FLORES,FEMININO,PARDA
violencia_domestica,violencia_social,,,35.0,35_44,NOVA VENECIA,CENTRO,FEMININO,PARDA
violencia_domestica,violencia_social,,,36.0,35_44,VIANA,BOM PASTOR,FEMININO,INDIGENA
violencia_domestica,violencia_social,,,36.0,35_44,CARIACICA,PORTO DE SANTANA,FEMININO,PARDA
violencia_domestica,violencia_social,,,36.0,35_44,AFONSO CLAUDIO,FAZENDA GUANDU,FEMININO,PARDA
violencia_domestica,violencia_social,,,37.0,35_44,COLATINA,VILA AMELIA,FEMININO,PARDA
violencia_domestica,violencia_social,,,38.0,35_44,VENDA NOVA DO IMIGRANTE,SAO PEDRO,FEMININO,PARDA
violencia_domestica,violencia_social,,,38.0,35_44,VILA VELHA,ALECRIM,FEMININO,BRANCA
violencia_domestica,violencia_social,,,38.0,35_44,ARACRUZ,FATIMA,FEMININO,PARDA
violencia_domestica,violencia_social,,,39.0,35_44,CACHOEIRO DE ITAPEMIRIM,AEROPORTO,FEMININO,NEGRA
violencia_domestica,violencia_social,,,40.0,35_44,ARACRUZ,VILA DO RIACHO,FEMININO,PARDA
violencia_domestica,violencia_social,,,41.0,35_44,VENDA NOVA DO IMIGRANTE,SAO PEDRO,FEMININO,BRANCA
violencia_domestica,violencia_social,,,42.0,35_44,MARATAIZES,LAGOA FUNDA,FEMININO,PARDA
violencia_domestica,violencia_social,,,42.0,35_44,MUNIZ FREIRE,CENTRO,FEMININO,BRANCA
violencia_domestica,violencia_social,,,42.0,35_44,SERRA,SERRA DOURADA III,FEMININO,PARDA
violencia_domestica,violencia_social,,,42.0,35_44,LINHARES,VILA IZABEL,FEMININO,PARDA
violencia_domestica,violencia_social,,,43.0,35_44,MUCURICI,ITABAIANA,FEMININO,PARDA
violencia_domestica,violencia_social,,,44.0,35_44,VILA VELHA,SAO TORQUATO,FEMININO,BRANCA
violencia_domestica,violencia_social,,,44.0,35_44,PRESIDENTE KENNEDY,CENTRO,FEMININO,PARDA
violencia_domestica,violencia_social,,,45.0,45_54,LINHARES,JUPARANA,FEMININO,BRANCA
violencia_domestica,violencia_social,,,46.0,45_54,VITORIA,ILHA DO PRINCIPE,FEMININO,PARDA
violencia_domestica,violencia_social,,,47.0,45_54,LINHARES,SAO JOSE,FEMININO,NEGRA
violencia_domestica,violencia_social,,,50.0,45_54,LINHARES,AVISO,FEMININO,PARDA
violencia_domestica,violencia_social,,,50.0,45_54,SAO GABRIEL DA PALHA,GUSTAVO BOONE,FEMININO,INDETERMINADA
violencia_domestica,violencia_social,,,51.0,45_54,VITORIA,PRAIA DO CANTO,FEMININO,PARDA
violencia_domestica,violencia_social,,,53.0,45_54,CARIACICA,SANTANA,FEMININO,PARDA
violencia_domestica,violencia_social,,,54.0,45_54,VILA VELHA,RIO MARINHO,FEMININO,BRANCA
violencia_domestica,violencia_social,,,55.0,55_64,CONCEICAO DA BARRA,SANTO AMARO,S/I,INDETERMINADA
violencia_domestica,violencia_social,,,57.0,55_64,IRUPI,ZONA RURAL,FEMININO,PARDA
violencia_domestica,violencia_social,,,61.0,55_64,VITORIA,JABOUR,FEMININO,BRANCA
violencia_domestica,violencia_social,,,66.0,65_PLUS,SAO MATEUS,VILA NOVA,FEMININO,INDETERMINADA
violencia_domestica,violencia_social,,,73.0,65_PLUS,ANCHIETA,ANCHIETA,FEMININO,BRANCA
violencia_domestica,violencia_social,,,75.0,65_PLUS,SAO MATEUS,SEAC,FEMININO,BRANCA
violencia_domestica,violencia_social,,,,,CACHOEIRO DE ITAPEMIRIM,COUTINHO,FEMININO,NEGRA
violencia_domestica,violencia_social,,,16.0,15_17,CONCEICAO DA BARRA,NOSSA SENHORA APARECIDA,FEMININO,NEGRA
violencia_domestica,violencia_social,,,16.0,15_17,VITORIA,ANDORINHAS,FEMININO,PARDA
violencia_domestica,violencia_social,,,17.0,15_17,VITORIA,INHANGUETA,FEMININO,PARDA
violencia_domestica,violencia_social,,,17.0,15_17,MARILANDIA,CONJUNTO HABITACIONAL HONORIO PASSAMANI,FEMININO,PARDA
violencia_domestica,violencia_social,,,18.0,18_24,CARIACICA,NOVA VALVERDE,FEMININO,PARDA
violencia_domestica,violencia_social,,,19.0,18_24,SERRA,NOVO HORIZONTE,FEMININO,PARDA
violencia_domestica,violencia_social,,,21.0,18_24,IUNA,GUANABARA,FEMININO,BRANCA
violencia_domestica,violencia_social,,,21.0,18_24,MONTANHA,LAJEDO,FEMININO,PARDA
violencia_domestica,violencia_social,,,21.0,18_24,CARIACICA,SANTO ANTONIO,FEMININO,PARDA
violencia_domestica,violencia_social,,,21.0,18_24,PRESIDENTE KENNEDY,CAMPINAS,FEMININO,PARDA
violencia_domestica,violencia_social,,,21.0,18_24,VILA VELHA,PLANALTO,FEMININO,PARDA
violencia_domestica,violencia_social,,,21.0,18_24,CASTELO,ARACUI,S/I,PARDA
violencia_domestica,violencia_social,,,22.0,18_24,SOORETAMA,SAYONARA,FEMININO,PARDA
violencia_domestica,violencia_social,,,22.0,18_24,VILA VELHA,MORADA DA BARRA,FEMININO,PARDA
violencia_domestica,violencia_social,,,22.0,18_24,LINHARES,AVISO,FEMININO,BRANCA
violencia_domestica,violencia_social,,,23.0,18_24,ALEGRE,VILA DO SUL,FEMININO,PARDA
violencia_domestica,violencia_social,,,24.0,18_24,SERRA,ANDRE CARLONI,FEMININO,PARDA
violencia_domestica,violencia_social,,,24.0,18_24,SERRA,ANDRE CARLONI,FEMININO,PARDA
violencia_domestica,violencia_social,,,24.0,18_24,SERRA,CAMPINHO DA SERRA II,FEMININO,NEGRA
violencia_domestica,violencia_social,,,24.0,18_24,SERRA,CAMPINHO DA SERRA II,FEMININO,NEGRA
violencia_domestica,violencia_social,,,24.0,18_24,CARIACICA,SANTO ANDRE,FEMININO,PARDA
violencia_domestica,violencia_social,,,24.0,18_24,SERRA,CIDADE POMAR,FEMININO,BRANCA
violencia_domestica,violencia_social,,,25.0,25_34,CASTELO,SANTO ANDREZINHO,FEMININO,NEGRA
violencia_domestica,violencia_social,,,25.0,25_34,SERRA,JARDIM TROPICAL,FEMININO,PARDA
violencia_domestica,violencia_social,,,26.0,25_34,MONTANHA,CENTRO,FEMININO,BRANCA
violencia_domestica,violencia_social,,,27.0,25_34,SERRA,JARDIM TROPICAL,FEMININO,PARDA
violencia_domestica,violencia_social,,,27.0,25_34,CONCEICAO DA BARRA,BRACO DO RIO,FEMININO,BRANCA
violencia_domestica,violencia_social,,,28.0,25_34,SERRA,PORTO CANOA,FEMININO,BRANCA
violencia_domestica,violencia_social,,,28.0,25_34,JOAO NEIVA,CRUBIXA,FEMININO,NEGRA
violencia_domestica,violencia_social,,,28.0,25_34,PIUMA,JARDIM MAILY,FEMININO,BRANCA
violencia_domestica,violencia_social,,,29.0,25_34,SERRA,PARQUE RESIDENCIAL LARANJEIRAS,FEMININO,BRANCA
violencia_domestica,violencia_social,,,30.0,25_34,AGUA DOCE DO NORTE,OUTRO LOCAL,FEMININO,BRANCA
violencia_domestica,violencia_social,,,30.0,25_34,SANTA TERESA,SANTO ANTONIO DO CANAA,FEMININO,BRANCA
violencia_domestica,violencia_social,,,30.0,25_34,SANTA MARIA DE JETIBA,SAO LUIS,FEMININO,PARDA
violencia_domestica,violencia_social,,,30.0,25_34,SERRA,JARDIM GUANABARA,FEMININO,PARDA
violencia_domestica,violencia_social,,,30.0,25_34,VILA VELHA,RIO MARINHO,FEMININO,PARDA
violencia_domestica,violencia_social,,,31.0,25_34,AGUA DOCE DO NORTE,OUTRO LOCAL,FEMININO,BRANCA
violencia_domestica,violencia_social,,,31.0,25_34,CARIACICA,ITAQUARI,FEMININO,PARDA
violencia_domestica,violencia_social,,,31.0,25_34,ITAPEMIRIM,ITAIPAVA,FEMININO,BRANCA
violencia_domestica,violencia_social,,,32.0,25_34,SERRA,SAO MARCOS I,FEMININO,PARDA
violencia_domestica,violencia_social,,,32.0,25_34,LINHARES,INTERLAGOS,FEMININO,PARDA
violencia_domestica,violencia_social,,,33.0,25_34,LINHARES,AVISO,FEMININO,BRANCA
violencia_domestica,violencia_social,,,34.0,25_34,SAO ROQUE DO CANAA,CABECEIRA DO RIO MUTUM,FEMININO,BRANCA
violencia_domestica,violencia_social,,,36.0,35_44,GUACUI,CENTRO,FEMININO,NEGRA
violencia_domestica,violencia_social,,,36.0,35_44,CARIACICA,MUCURI,FEMININO,PARDA
violencia_domestica,violencia_social,,,36.0,35_44,ALTO RIO NOVO,PALMERINO,FEMININO,BRANCA
violencia_domestica,violencia_social,,,37.0,35_44,SANTA MARIA DE JETIBA,GARRAFAO,FEMININO,BRANCA
violencia_domestica,violencia_social,,,39.0,35_44,COLATINA,COLUMBIA,FEMININO,NEGRA
violencia_domestica,violencia_social,,,40.0,35_44,AGUA DOCE DO NORTE,OUTRO LOCAL,FEMININO,PARDA
violencia_domestica,violencia_social,,,40.0,35_44,MARATAIZES,ACAPULCO,FEMININO,BRANCA
violencia_domestica,violencia_social,,,41.0,35_44,CARIACICA,RIO BRANCO,FEMININO,PARDA
violencia_domestica,violencia_social,,,41.0,35_44,PRESIDENTE KENNEDY,LEONEL,FEMININO,BRANCA
violencia_domestica,violencia_social,,,42.0,35_44,ALEGRE,VILA DO SUL,FEMININO,NEGRA
violencia_domestica,violencia_social,,,43.0,35_44,VILA VELHA,COQUEIRAL DE ITAPARICA,FEMININO,BRANCA
violencia_domestica,violencia_social,,,44.0,35_44,CASTELO,PATRIMONIO DO OURO,FEMININO,BRANCA
violencia_domestica,violencia_social,,,45.0,45_54,CARIACICA,VILA CAPIXABA,FEMININO,BRANCA
violencia_domestica,violencia_social,,,46.0,45_54,GUARAPARI,SANTA MONICA,FEMININO,PARDA
violencia_domestica,violencia_social,,,47.0,45_54,VITORIA,TABUAZEIRO,FEMININO,PARDA
violencia_domestica,violencia_social,,,50.0,45_54,NOVA VENECIA,AEROPORTO,FEMININO,PARDA
violencia_domestica,violencia_social,,,50.0,45_54,CARIACICA,TUCUM,FEMININO,NEGRA
violencia_domestica,violencia_social,,,51.0,45_54,VITORIA,JARDIM CAMBURI,FEMININO,NEGRA
violencia_domestica,violencia_social,,,51.0,45_54,CARIACICA,TUCUM,FEMININO,PARDA
violencia_domestica,violencia_social,,,51.0,45_54,VITORIA,ITARARE,FEMININO,BRANCA
violencia_domestica,violencia_social,,,52.0,45_54,GUACUI,BALANCA,FEMININO,BRANCA
violencia_domestica,violencia_social,,,55.0,55_64,CACHOEIRO DE ITAPEMIRIM,PARAISO,FEMININO,PARDA
violencia_domestica,violencia_social,,,57.0,55_64,CARIACICA,NOVA ROSA DA PENHA,FEMININO,PARDA
violencia_domestica,violencia_social,,,57.0,55_64,CARIACICA,SANTA BARBARA,FEMININO,PARDA
violencia_domestica,violencia_social,,,58.0,55_64,IUNA,GUANABARA,FEMININO,PARDA
violencia_domestica,violencia_social,,,58.0,55_64,CARIACICA,NOVA ESPERANCA,FEMININO,NEGRA
violencia_domestica,violencia_social,,,59.0,55_64,COLATINA,SANTA TEREZINHA,FEMININO,PARDA
violencia_domestica,violencia_social,,,62.0,55_64,LINHARES,NOVO HORIZONTE,FEMININO,PARDA
violencia_domestica,violencia_social,,,63.0,55_64,ALFREDO CHAVES,MACRINA,FEMININO,PARDA
violencia_domestica,violencia_social,,,73.0,65_PLUS,IUNA,NOSSA SENHORA DA PENHA,FEMININO,PARDA
violencia_domestica,violencia_social,,,77.0,65_PLUS,IBATIBA,SAO SEBASTIAO,FEMININO,BRANCA
violencia_domestica,violencia_social,,,,,MARATAIZES,ILMENITA,FEMININO,BRANCA
violencia_domestica,violencia_social,,,,,CACHOEIRO DE ITAPEMIRIM,MONTE CRISTO,FEMININO,BRANCA
violencia_domestica,violencia_social,,,,,LINHARES,PLANALTO,S/I,PARDA
violencia_domestica,violencia_social,,,3.0,0_14,ARACRUZ,PRAIA FORMOSA,FEMININO,BRANCA
violencia_domestica,violencia_social,,,9.0,0_14,ARACRUZ,PRAIA FORMOSA,MASCULINO,INDETERMINADA
violencia_domestica,violencia_social,,,13.0,0_14,ANCHIETA,PRAIA DE GUANABARA,FEMININO,PARDA
violencia_domestica,violencia_social,,,15.0,15_17,VILA VELHA,ULISSES GUIMARAES,FEMININO,INDETERMINADA
violencia_domestica,violencia_social,,,16.0,15_17,ANCHIETA,JOAO XXIII,FEMININO,BRANCA
violencia_domestica,violencia_social,,,17.0,15_17,VITORIA,VILA RUBIM,FEMININO,NEGRA
violencia_domestica,violencia_social,,,17.0,15_17,LINHARES,PLANALTO,FEMININO,PARDA
violencia_domestica,violencia_social,,,18.0,18_24,MARATAIZES,ILMENITA,MASCULINO,BRANCA
violencia_domestica,violencia_social,,,18.0,18_24,PANCAS,CENTRO,FEMININO,BRANCA
violencia_domestica,violencia_social,,,19.0,18_24,ARACRUZ,SANTA CRUZ,FEMININO,PARDA
violencia_domestica,violencia_social,,,19.0,18_24,ARACRUZ,SANTA CRUZ,FEMININO,PARDA
violencia_domestica,violencia_social,,,19.0,18_24,NOVA VENECIA,RUBIA,S/I,PARDA
violencia_domestica,violencia_social,,,20.0,18_24,MARATAIZES,ILMENITA,FEMININO,BRANCA
violencia_domestica,violencia_social,,,20.0,18_24,RIO BANANAL,SAO SEBASTIAO,MASCULINO,PARDA
violencia_domestica,violencia_social,,,21.0,18_24,LINHARES,RIO DO NORTE,FEMININO,PARDA
violencia_domestica,violencia_social,,,21.0,18_24,VITORIA,FORTE SAO JOAO,FEMININO,PARDA
violencia_domestica,violencia_social,,,22.0,18_24,ARACRUZ,ITAPUTERA,FEMININO,PARDA
violencia_domestica,violencia_social,,,23.0,18_24,VITORIA,CENTRO,FEMININO,PARDA
violencia_domestica,violencia_social,,,23.0,18_24,CACHOEIRO DE ITAPEMIRIM,DOUTOR GILSON CARONE,FEMININO,NEGRA
violencia_domestica,violencia_social,,,23.0,18_24,RIO BANANAL,SAO SEBASTIAO,FEMININO,PARDA
violencia_domestica,violencia_social,,,24.0,18_24,LINHARES,POVOACAO,FEMININO,PARDA
violencia_domestica,violencia_social,,,24.0,18_24,VILA VALERIO,VILA NOVA,FEMININO,PARDA
violencia_domestica,violencia_social,,,24.0,18_24,SERRA,VILA NOVA DE COLARES,FEMININO,NEGRA
violencia_domestica,violencia_social,,,24.0,18_24,SERRA,VILA NOVA DE COLARES,FEMININO,NEGRA
violencia_domestica,violencia_social,,,25.0,25_34,ARACRUZ,SANTA CRUZ,FEMININO,PARDA
violencia_domestica,violencia_social,,,25.0,25_34,ARACRUZ,SANTA CRUZ,FEMININO,PARDA
violencia_domestica,violencia_social,,,25.0,25_34,PINHEIROS,CENTRO,FEMININO,NEGRA
violencia_domestica,violencia_social,,,26.0,25_34,LINHARES,RIO DO NORTE,MASCULINO,PARDA
violencia_domestica,violencia_social,,,26.0,25_34,SERRA,VISTA DA SERRA I,FEMININO,BRANCA
violencia_domestica,violencia_social,,,26.0,25_34,LINHARES,JUPARANA,FEMININO,BRANCA
violencia_domestica,violencia_social,,,26.0,25_34,CARIACICA,VISTA MAR,FEMININO,PARDA
violencia_domestica,violencia_social,,,27.0,25_34,COLATINA,AYRTON SENNA,FEMININO,PARDA
violencia_domestica,violencia_social,,,27.0,25_34,COLATINA,COLATINA VELHA,FEMININO,PARDA
violencia_domestica,violencia_social,,,27.0,25_34,LINHARES,SAO JOSE,FEMININO,NEGRA
violencia_domestica,violencia_social,,,27.0,25_34,SERRA,JARDIM LIMOEIRO,FEMININO,NEGRA
violencia_domestica,violencia_social,,,28.0,25_34,NOVA VENECIA,AEROPORTO,FEMININO,PARDA
violencia_domestica,violencia_social,,,28.0,25_34,ARACRUZ,BELA VISTA,FEMININO,PARDA
violencia_domestica,violencia_social,,,29.0,25_34,CASTELO,CASTELO III,FEMININO,PARDA
violencia_domestica,violencia_social,,,30.0,25_34,BARRA DE SAO FRANCISCO,BAIRRO VILA GONCALVES,FEMININO,BRANCA
violencia_domestica,violencia_social,,,30.0,25_34,BOA ESPERANCA,CENTRO,FEMININO,BRANCA
violencia_domestica,violencia_social,,,30.0,25_34,MARECHAL FLORIANO,BOA ESPERANCA,FEMININO,NEGRA
violencia_domestica,violencia_social,,,30.0,25_34,MUQUI,SAO PEDRO,FEMININO,INDETERMINADA
violencia_domestica,violencia_social,,,31.0,25_34,ARACRUZ,GUARANA,FEMININO,NEGRA
violencia_domestica,violencia_social,,,31.0,25_34,COLATINA,AYRTON SENNA,FEMININO,PARDA
violencia_domestica,violencia_social,,,31.0,25_34,VILA VELHA,ULISSES GUIMARAES,FEMININO,INDETERMINADA
violencia_domestica,violencia_social,,,31.0,25_34,CARIACICA,RIO MARINHO,FEMININO,PARDA
violencia_domestica,violencia_social,,,31.0,25_34,SERRA,MORADA DE LARANJEIRAS,FEMININO,BRANCA
violencia_domestica,violencia_social,,,32.0,25_34,MIMOSO DO SUL,SERRA,FEMININO,PARDA
violencia_domestica,violencia_social,,,32.0,25_34,VILA VELHA,SANTA MONICA POPULAR,FEMININO,PARDA
violencia_domestica,violencia_social,,,33.0,25_34,VILA VELHA,ITAPOA,FEMININO,BRANCA
violencia_domestica,violencia_social,,,33.0,25_34,SANTA MARIA DE JETIBA,VILA NOVA,MASCULINO,BRANCA
violencia_domestica,violencia_social,,,34.0,25_34,SERRA,PARQUE DAS GAIVOTAS,FEMININO,PARDA
violencia_domestica,violencia_social,,,34.0,25_34,CARIACICA,JARDIM AMERICA,FEMININO,PARDA
violencia_domestica,violencia_social,,,34.0,25_34,MARATAIZES,OUTRO LOCAL,FEMININO,BRANCA
violencia_domestica,violencia_social,,,34.0,25_34,GUARAPARI,SANTA MONICA,FEMININO,PARDA
violencia_domestica,violencia_social,,,35.0,35_44,MUNIZ FREIRE,FORTALEZA,FEMININO,BRANCA
violencia_domestica,violencia_social,,,35.0,35_44,COLATINA,MARIA DAS GRACAS,S/I,BRANCA
violencia_domestica,violencia_social,,,36.0,35_44,GUARAPARI,PRAIA DO MORRO,MASCULINO,PARDA
violencia_domestica,violencia_social,,,36.0,35_44,ANCHIETA,JOAO XXIII,FEMININO,BRANCA
violencia_domestica,violencia_social,,,36.0,35_44,FUNDAO,CAMPESTRE,FEMININO,BRANCA
violencia_domestica,violencia_social,,,36.0,35_44,LINHARES,PLANALTO,FEMININO,PARDA
violencia_domestica,violencia_social,,,37.0,35_44,SERRA,FEU ROSA,FEMININO,BRANCA
violencia_domestica,violencia_social,,,37.0,35_44,SERRA,POLO INSDUSTRIAL TUBARAO,FEMININO,PARDA
violencia_domestica,violencia_social,,,37.0,35_44,LINHARES,PLANALTO,FEMININO,PARDA
violencia_domestica,violencia_social,,,38.0,35_44,GUARAPARI,LAGOA FUNDA,MASCULINO,PARDA
violencia_domestica,violencia_social,,,38.0,35_44,SERRA,BARCELONA,FEMININO,BRANCA
violencia_domestica,violencia_social,,,38.0,35_44,VILA VELHA,VILA NOVA,FEMININO,BRANCA
violencia_domestica,violencia_social,,,40.0,35_44,BREJETUBA,BREJAUBINHA,FEMININO,BRANCA
violencia_domestica,violencia_social,,,41.0,35_44,IUNA,QUILOMBO,FEMININO,PARDA
violencia_domestica,violencia_social,,,41.0,35_44,NOVA VENECIA,SAO FRANCISCO,FEMININO,PARDA
violencia_domestica,violencia_social,,,41.0,35_44,DOMINGOS MARTINS,PARAJU,FEMININO,PARDA
violencia_domestica,violencia_social,,,42.0,35_44,BARRA DE SAO FRANCISCO,BAIRRO IRMAOS FERNANDES,FEMININO,PARDA
violencia_domestica,violencia_social,,,42.0,35_44,LINHARES,ZONA RURAL,FEMININO,BRANCA
violencia_domestica,violencia_social,,,42.0,35_44,VITORIA,JARDIM DA PENHA,S/I,BRANCA
violencia_domestica,violencia_social,,,43.0,35_44,PANCAS,CENTRO,MASCULINO,BRANCA
violencia_domestica,violencia_social,,,43.0,35_44,CACHOEIRO DE ITAPEMIRIM,CENTRO,FEMININO,PARDA
violencia_domestica,violencia_social,,,43.0,35_44,SANTA MARIA DE JETIBA,SAO LUIS,FEMININO,BRANCA
violencia_domestica,violencia_social,,,43.0,35_44,VITORIA,CONSOLACAO,FEMININO,BRANCA
violencia_domestica,violencia_social,,,43.0,35_44,VIANA,MARCILIO DE NORONHA,FEMININO,NEGRA
violencia_domestica,violencia_social,,,44.0,35_44,SAO JOSE DO CALCADO,CENTRO,FEMININO,NEGRA
violencia_domestica,violencia_social,,,44.0,35_44,VILA VELHA,PRAIA DA COSTA,FEMININO,BRANCA
violencia_domestica,violencia_social,,,44.0,35_44,ARACRUZ,PRAIA FORMOSA,FEMININO,PARDA
violencia_domestica,violencia_social,,,45.0,45_54,SERRA,SANTO ANTONIO,FEMININO,PARDA
violencia_domestica,violencia_social,,,46.0,45_54,CARIACICA,SANTA LUZIA,FEMININO,BRANCA
violencia_domestica,violencia_social,,,46.0,45_54,RIO BANANAL,SANTO ANTONIO,FEMININO,PARDA
violencia_domestica,violencia_social,,,46.0,45_54,CARIACICA,SAO FRANCISCO,FEMININO,BRANCA
violencia_domestica,violencia_social,,,47.0,45_54,CARIACICA,CAMPO GRANDE,FEMININO,PARDA
violencia_domestica,violencia_social,,,48.0,45_54,CONCEICAO DA BARRA,SANTANA,FEMININO,PARDA
violencia_domestica,violencia_social,,,48.0,45_54,CACHOEIRO DE ITAPEMIRIM,VILA RICA,FEMININO,BRANCA
violencia_domestica,violencia_social,,,50.0,45_54,IBIRACU,SAO BENEDITO,FEMININO,PARDA
violencia_domestica,violencia_social,,,52.0,45_54,GUARAPARI,LAMEIRAO,FEMININO,BRANCA
violencia_domestica,violencia_social,,,53.0,45_54,MUQUI,BOA ESPERANCA,FEMININO,BRANCA
violencia_domestica,violencia_social,,,53.0,45_54,MUQUI,BOA ESPERANCA,FEMININO,BRANCA
violencia_domestica,violencia_social,,,53.0,45_54,SERRA,NOVO HORIZONTE,FEMININO,PARDA
violencia_domestica,violencia_social,,,54.0,45_54,GOVERNADOR LINDENBERG,NOVO BRASIL,FEMININO,BRANCA
violencia_domestica,violencia_social,,,55.0,55_64,CARIACICA,SAO GERALDO,FEMININO,PARDA
violencia_domestica,violencia_social,,,55.0,55_64,SANTA MARIA DE JETIBA,VILA NOVA,FEMININO,BRANCA
violencia_domestica,violencia_social,,,56.0,55_64,CARIACICA,SAO JOAO BATISTA,FEMININO,PARDA
violencia_domestica,violencia_social,,,59.0,55_64,LINHARES,BNH,FEMININO,PARDA
violencia_domestica,violencia_social,,,59.0,55_64,MUQUI,BOA ESPERANCA,FEMININO,BRANCA
violencia_domestica,violencia_social,,,61.0,55_64,VITORIA,HORTO,FEMININO,PARDA
violencia_domestica,violencia_social,,,63.0,55_64,SERRA,BARCELONA,MASCULINO,PARDA
violencia_domestica,violencia_social,,,64.0,55_64,VIANA,NOVA BETHANIA,FEMININO,PARDA
violencia_domestica,violencia_social,,,64.0,55_64,BOA ESPERANCA,NOVA CIDADE,MASCULINO,INDETERMINADA
violencia_domestica,violencia_social,,,70.0,65_PLUS,SAO GABRIEL DA PALHA,JARDIM DE INFANCIA,FEMININO,BRANCA
violencia_domestica,violencia_social,,,79.0,65_PLUS,SANTA MARIA DE JETIBA,VILA NOVA,MASCULINO,BRANCA
violencia_domestica,violencia_social,,,,,CACHOEIRO DE ITAPEMIRIM,NOVA BRASILIA,FEMININO,NEGRA
violencia_domestica,violencia_social,,,6.0,0_14,ICONHA,JARDIM JANDYRA,FEMININO,PARDA
violencia_domestica,violencia_social,,,13.0,0_14,NOVA VENECIA,BONFIM,FEMININO,INDETERMINADA
violencia_domestica,violencia_social,,,15.0,15_17,CACHOEIRO DE ITAPEMIRIM,BAIMINAS,FEMININO,PARDA
violencia_domestica,violencia_social,,,15.0,15_17,LINHARES,CANIVETE,FEMININO,PARDA
violencia_domestica,violencia_social,,,17.0,15_17,JAGUARE,CENTRO,FEMININO,PARDA
violencia_domestica,violencia_social,,,17.0,15_17,COLATINA,SAO MARCOS,FEMININO,BRANCA
violencia_domestica,violencia_social,,,17.0,15_17,ITAPEMIRIM,ROSA MEIRELES,FEMININO,NEGRA
violencia_domestica,violencia_social,,,20.0,18_24,BARRA DE SAO FRANCISCO,ESTRELA,FEMININO,PARDA
violencia_domestica,violencia_social,,,20.0,18_24,SERRA,JOSE DE ANCHIETA II,FEMININO,PARDA
violencia_domestica,violencia_social,,,20.0,18_24,SANTA TERESA,RIO SALTINHO,FEMININO,PARDA
violencia_domestica,violencia_social,,,22.0,18_24,VITORIA,NOVA PALESTINA,FEMININO,PARDA
violencia_domestica,violencia_social,,,23.0,18_24,VILA VELHA,ILHA DA CONCEICAO,FEMININO,PARDA
violencia_domestica,violencia_social,,,23.0,18_24,GUACUI,ANTONIO FRANCISCO MOREIRA,FEMININO,PARDA
violencia_domestica,violencia_social,,,23.0,18_24,GUACUI,ANTONIO FRANCISCO MOREIRA,S/I,PARDA
violencia_domestica,violencia_social,,,24.0,18_24,CACHOEIRO DE ITAPEMIRIM,CONDURU,FEMININO,PARDA
violencia_domestica,violencia_social,,,25.0,25_34,COLATINA,COLATINA VELHA,FEMININO,BRANCA
violencia_domestica,violencia_social,,,25.0,25_34,GUACUI,OUTRO LOCAL,FEMININO,NEGRA
violencia_domestica,violencia_social,,,25.0,25_34,ARACRUZ,VILA RICA,FEMININO,PARDA
violencia_domestica,violencia_social,,,25.0,25_34,ITAPEMIRIM,ITAOCA,FEMININO,BRANCA
violencia_domestica,violencia_social,,,25.0,25_34,VITORIA,SANTA MARTHA,FEMININO,BRANCA
violencia_domestica,violencia_social,,,25.0,25_34,SERRA,NOVA CARAPINA II,FEMININO,BRANCA
violencia_domestica,violencia_social,,,26.0,25_34,VITORIA,RESISTENCIA,FEMININO,PARDA
violencia_domestica,violencia_social,,,26.0,25_34,SERRA,PARQUE RESIDENCIAL LARANJEIRAS,FEMININO,PARDA
violencia_domestica,violencia_social,,,26.0,25_34,SERRA,NOVO HORIZONTE,FEMININO,BRANCA
violencia_domestica,violencia_social,,,27.0,25_34,ALEGRE,RIVE,FEMININO,PARDA
violencia_domestica,violencia_social,,,27.0,25_34,COLATINA,COLATINA VELHA,FEMININO,PARDA
violencia_domestica,violencia_social,,,27.0,25_34,IBATIBA,BRASIL NOVO,FEMININO,PARDA
violencia_domestica,violencia_social,,,27.0,25_34,GUARAPARI,ITAPEBUSSU,FEMININO,PARDA
violencia_domestica,violencia_social,,,28.0,25_34,VITORIA,ENSEADA DO SUA,FEMININO,BRANCA
violencia_domestica,violencia_social,,,28.0,25_34,CARIACICA,JARDIM AMERICA,FEMININO,NEGRA
violencia_domestica,violencia_social,,,29.0,25_34,LINHARES,OUTRO LOCAL,FEMININO,NEGRA
violencia_domestica,violencia_social,,,30.0,25_34,CARIACICA,CRUZEIRO DO SUL,FEMININO,BRANCA
violencia_domestica,violencia_social,,,30.0,25_34,SERRA,JARDIM CARAPINA,FEMININO,PARDA
violencia_domestica,violencia_social,,,31.0,25_34,AGUA DOCE DO NORTE,CRISTO REI,FEMININO,NEGRA
violencia_domestica,violencia_social,,,31.0,25_34,NOVA VENECIA,BONFIM,FEMININO,INDETERMINADA
violencia_domestica,violencia_social,,,31.0,25_34,CACHOEIRO DE ITAPEMIRIM,ABELARDO MACHADO,FEMININO,BRANCA
violencia_domestica,violencia_social,,,32.0,25_34,ALEGRE,CLERIO MOULIM,FEMININO,BRANCA
violencia_domestica,violencia_social,,,32.0,25_34,SERRA,FEU ROSA,FEMININO,PARDA
violencia_domestica,violencia_social,,,33.0,25_34,VILA VELHA,IBES,FEMININO,INDIGENA
violencia_domestica,violencia_social,,,34.0,25_34,ARACRUZ,CAIEIRA VELHA,FEMININO,INDIGENA
violencia_domestica,violencia_social,,,34.0,25_34,AGUA DOCE DO NORTE,CABECEIRA DO SANTO AGOSTINHO,FEMININO,BRANCA
violencia_domestica,violencia_social,,,34.0,25_34,LINHARES,CONCEICAO,FEMININO,PARDA
violencia_domestica,violencia_social,,,34.0,25_34,SERRA,SAO DIOGO II,FEMININO,BRANCA
violencia_domestica,violencia_social,,,35.0,35_44,SERRA,RESIDENCIAL JACARAIPE,S/I,NEGRA
violencia_domestica,violencia_social,,,35.0,35_44,SAO MATEUS,GURIRI,FEMININO,BRANCA
violencia_domestica,violencia_social,,,36.0,35_44,CARIACICA,CAMPO VERDE,FEMININO,PARDA
violencia_domestica,violencia_social,,,37.0,35_44,CARIACICA,SANTANA,FEMININO,PARDA
violencia_domestica,violencia_social,,,37.0,35_44,MARATAIZES,ACAPULCO,S/I,BRANCA
violencia_domestica,violencia_social,,,38.0,35_44,FUNDAO,CENTRO,FEMININO,PARDA
violencia_domestica,violencia_social,,,38.0,35_44,FUNDAO,CENTRO,FEMININO,PARDA
violencia_domestica,violencia_social,,,38.0,35_44,SERRA,FEU ROSA,FEMININO,PARDA
violencia_domestica,violencia_social,,,39.0,35_44,VILA VELHA,ULISSES GUIMARAES,FEMININO,NEGRA
violencia_domestica,violencia_social,,,40.0,35_44,VITORIA,JARDIM CAMBURI,FEMININO,BRANCA
violencia_domestica,violencia_social,,,41.0,35_44,CONCEICAO DA BARRA,CENTRO,FEMININO,PARDA
violencia_domestica,violencia_social,,,41.0,35_44,VITORIA,SAO CRISTOVAO,FEMININO,PARDA
violencia_domestica,violencia_social,,,42.0,35_44,SAO GABRIEL DA PALHA,CENTRO,FEMININO,INDETERMINADA
violencia_domestica,violencia_social,,,43.0,35_44,SERRA,OURIMAR,FEMININO,BRANCA
violencia_domestica,violencia_social,,,43.0,35_44,LARANJA DA TERRA,CENTRO,S/I,INDETERMINADA
violencia_domestica,violencia_social,,,44.0,35_44,VILA VELHA,PRAIA DA COSTA,FEMININO,BRANCA
violencia_domestica,violencia_social,,,45.0,45_54,SERRA,CAMPINHO DA SERRA I,FEMININO,PARDA
violencia_domestica,violencia_social,,,45.0,45_54,COLATINA,BELA VISTA,FEMININO,BRANCA
violencia_domestica,violencia_social,,,45.0,45_54,SERRA,SERRA DOURADA II,FEMININO,NEGRA
violencia_domestica,violencia_social,,,46.0,45_54,ITAPEMIRIM,ITAOCA,FEMININO,BRANCA
violencia_domestica,violencia_social,,,48.0,45_54,COLATINA,SANTO ANTONIO,FEMININO,NEGRA
violencia_domestica,violencia_social,,,49.0,45_54,CASTELO,CAVA ROXA,FEMININO,BRANCA
violencia_domestica,violencia_social,,,50.0,45_54,SERRA,JARDIM TROPICAL,FEMININO,BRANCA
violencia_domestica,violencia_social,,,52.0,45_54,SANTA TERESA,ALVORADA,FEMININO,BRANCA
violencia_domestica,violencia_social,,,54.0,45_54,SERRA,BAIRRO DAS LARANJEIRAS,FEMININO,NEGRA
violencia_domestica,violencia_social,,,54.0,45_54,VILA VELHA,ILHA DOS BENTOS,FEMININO,PARDA
violencia_domestica,violencia_social,,,55.0,55_64,CONCEICAO DO CASTELO,INDAIA,FEMININO,PARDA
violencia_domestica,violencia_social,,,56.0,55_64,VILA VALERIO,ZONA RURAL,FEMININO,BRANCA
violencia_domestica,violencia_social,,,57.0,55_64,VILA VELHA,ARIBIRI,FEMININO,NEGRA
violencia_domestica,violencia_social,,,58.0,55_64,ARACRUZ,SEGATO,FEMININO,BRANCA
violencia_domestica,violencia_social,,,58.0,55_64,CARIACICA,MORADA DE SANTA FE,FEMININO,PARDA
violencia_domestica,violencia_social,,,59.0,55_64,CARIACICA,SOTELANDIA,FEMININO,PARDA
violencia_domestica,violencia_social,,,59.0,55_64,SERRA,RESIDENCIAL VISTA DO MESTRE,S/I,BRANCA
violencia_domestica,violencia_social,,,64.0,55_64,LINHARES,PALMITAL,FEMININO,PARDA
violencia_domestica,violencia_social,,,64.0,55_64,LINHARES,PALMITAL,FEMININO,PARDA
violencia_domestica,violencia_social,,,66.0,65_PLUS,VIANA,NOVA BETHANIA,FEMININO,BRANCA
violencia_domestica,violencia_social,,,67.0,65_PLUS,CACHOEIRO DE ITAPEMIRIM,ABELARDO MACHADO,FEMININO,PARDA
violencia_domestica,violencia_social,,,79.0,65_PLUS,ARACRUZ,SAUACU,FEMININO,BRANCA
violencia_domestica,violencia_social,,,16.0,15_17,VILA VELHA,SOTECO,FEMININO,PARDA
violencia_domestica,violencia_social,,,16.0,15_17,VILA VELHA,SOTECO,FEMININO,PARDA
violencia_domestica,violencia_social,,,19.0,18_24,IUNA,NITEROI,FEMININO,BRANCA
violencia_domestica,violencia_social,,,19.0,18_24,CACHOEIRO DE ITAPEMIRIM,ALTO UNIAO,FEMININO,BRANCA
violencia_domestica,violencia_social,,,20.0,18_24,VITORIA,SANTOS DUMONT,FEMININO,NEGRA
violencia_domestica,violencia_social,,,21.0,18_24,ALEGRE,RIVE,FEMININO,BRANCA
violencia_domestica,violencia_social,,,21.0,18_24,DORES DO RIO PRETO,ZONA RURAL,FEMININO,PARDA
violencia_domestica,violencia_social,,,22.0,18_24,LINHARES,POVOACAO,FEMININO,PARDA
violencia_domestica,violencia_social,,,22.0,18_24,FUNDAO,TIMBUI,FEMININO,PARDA
violencia_domestica,violencia_social,,,22.0,18_24,ALTO RIO NOVO,ALTO RIO NOVO,FEMININO,BRANCA
violencia_domestica,violencia_social,,,22.0,18_24,LINHARES,AVISO,FEMININO,BRANCA
violencia_domestica,violencia_social,,,22.0,18_24,SERRA,BAIRRO DAS LARANJEIRAS,FEMININO,PARDA
violencia_domestica,violencia_social,,,23.0,18_24,ANCHIETA,ANCHIETA,FEMININO,NEGRA
violencia_domestica,violencia_social,,,23.0,18_24,AGUIA BRANCA,OUTRO LOCAL,FEMININO,PARDA
violencia_domestica,violencia_social,,,23.0,18_24,SAO GABRIEL DA PALHA,CACHOEIRA DA ONCA,FEMININO,PARDA
violencia_domestica,violencia_social,,,24.0,18_24,SERRA,CARAPINA GRANDE,FEMININO,NEGRA
violencia_domestica,violencia_social,,,25.0,25_34,SERRA,HELIO FERRAZ,FEMININO,NEGRA
violencia_domestica,violencia_social,,,26.0,25_34,ANCHIETA,ANCHIETA,FEMININO,PARDA
violencia_domestica,violencia_social,,,28.0,25_34,SERRA,COSTA DOURADA,FEMININO,PARDA
violencia_domestica,violencia_social,,,29.0,25_34,AFONSO CLAUDIO,SAO VICENTE,FEMININO,PARDA
violencia_domestica,violencia_social,,,29.0,25_34,VILA VELHA,JABURUNA,FEMININO,NEGRA
violencia_domestica,violencia_social,,,30.0,25_34,VIANA,MARCILIO DE NORONHA,FEMININO,PARDA
violencia_domestica,violencia_social,,,30.0,25_34,MUQUI,CENTRO,FEMININO,INDETERMINADA
violencia_domestica,violencia_social,,,30.0,25_34,CACHOEIRO DE ITAPEMIRIM,BELA VISTA,FEMININO,BRANCA
violencia_domestica,violencia_social,,,30.0,25_34,CASTELO,SANTO ANDREZINHO,FEMININO,PARDA
violencia_domestica,violencia_social,,,31.0,25_34,PRESIDENTE KENNEDY,JAQUEIRA,FEMININO,BRANCA
violencia_domestica,violencia_social,,,31.0,25_34,SERRA,SAO PATRICIO,FEMININO,NEGRA
violencia_domestica,violencia_social,,,32.0,25_34,VILA VELHA,MORADA DA BARRA,FEMININO,PARDA
violencia_domestica,violencia_social,,,32.0,25_34,CONCEICAO DA BARRA,NOSSA SENHORA APARECIDA,FEMININO,NEGRA
violencia_domestica,violencia_social,,,33.0,25_34,JAGUARE,CORREGO CAXIMBAU,FEMININO,INDETERMINADA
violencia_domestica,violencia_social,,,33.0,25_34,LINHARES,AVISO,FEMININO,BRANCA
violencia_domestica,violencia_social,,,33.0,25_34,CONCEICAO DA BARRA,OUTRO LOCAL,FEMININO,NEGRA
violencia_domestica,violencia_social,,,34.0,25_34,MARATAIZES,LAGOA FUNDA,FEMININO,NEGRA
violencia_domestica,violencia_social,,,36.0,35_44,MUQUI,SAO PEDRO,FEMININO,NEGRA
violencia_domestica,violencia_social,,,36.0,35_44,VITORIA,MARIA ORTIZ,FEMININO,INDETERMINADA
violencia_domestica,violencia_social,,,37.0,35_44,MARATAIZES,CENTRO,FEMININO,BRANCA
violencia_domestica,violencia_social,,,38.0,35_44,COLATINA,COLATINA VELHA,FEMININO,BRANCA
violencia_domestica,violencia_social,,,38.0,35_44,CARIACICA,ALICE COUTINHO,FEMININO,PARDA
violencia_domestica,violencia_social,,,38.0,35_44,LINHARES,PALMITAL,FEMININO,PARDA
violencia_domestica,violencia_social,,,39.0,35_44,VILA VELHA,VILA NOVA,FEMININO,NEGRA
violencia_domestica,violencia_social,,,40.0,35_44,MARATAIZES,CIDADE NOVA,FEMININO,NEGRA
violencia_domestica,violencia_social,,,41.0,35_44,CARIACICA,RIO BRANCO,FEMININO,PARDA
violencia_domestica,violencia_social,,,41.0,35_44,SERRA,JARDIM CARAPINA,FEMININO,PARDA
violencia_domestica,violencia_social,,,43.0,35_44,SERRA,BAIRRO DAS LARANJEIRAS,S/I,PARDA
violencia_domestica,violencia_social,,,44.0,35_44,COLATINA,ACAMPAMENTO,FEMININO,BRANCA
violencia_domestica,violencia_social,,,45.0,45_54,IUNA,QUILOMBO,FEMININO,PARDA
violencia_domestica,violencia_social,,,46.0,45_54,VILA VELHA,ITAPOA,FEMININO,NEGRA
violencia_domestica,violencia_social,,,47.0,45_54,COLATINA,AYRTON SENNA,S/I,PARDA
violencia_domestica,violencia_social,,,47.0,45_54,SERRA,RESIDENCIAL VISTA DO MESTRE,FEMININO,PARDA
violencia_domestica,violencia_social,,,48.0,45_54,SERRA,PLANALTO SERRANO,FEMININO,BRANCA
violencia_domestica,violencia_social,,,48.0,45_54,CARIACICA,VASCO DA GAMA,FEMININO,PARDA
violencia_domestica,violencia_social,,,48.0,45_54,ALFREDO CHAVES,SANTA LUZIA,FEMININO,PARDA
violencia_domestica,violencia_social,,,48.0,45_54,VILA VELHA,ILHA DOS AYRES,FEMININO,BRANCA
violencia_domestica,violencia_social,,,48.0,45_54,PEDRO CANARIO,CENTRO,FEMININO,BRANCA
violencia_domestica,violencia_social,,,49.0,45_54,SANTA MARIA DE JETIBA,RIO POSS MOUSER,FEMININO,BRANCA
violencia_domestica,violencia_social,,,49.0,45_54,ANCHIETA,OUTRO LOCAL,FEMININO,NEGRA
violencia_domestica,violencia_social,,,51.0,45_54,LINHARES,LINHARES V,FEMININO,PARDA
violencia_domestica,violencia_social,,,53.0,45_54,LINHARES,INTERLAGOS,FEMININO,PARDA
violencia_domestica,violencia_social,,,54.0,45_54,COLATINA,SANTA MONICA,FEMININO,BRANCA
violencia_domestica,violencia_social,,,55.0,55_64,VITORIA,ILHA DE SANTA MARIA,FEMININO,PARDA
violencia_domestica,violencia_social,,,58.0,55_64,DOMINGOS MARTINS,PECANHA,FEMININO,PARDA
violencia_domestica,violencia_social,,,65.0,65_PLUS,VILA VELHA,XURY,FEMININO,BRANCA
violencia_domestica,violencia_social,,,67.0,65_PLUS,COLATINA,COLATINA VELHA,FEMININO,BRANCA
violencia_domestica,violencia_social,,,79.0,65_PLUS,ALEGRE,CHARQUEADA,FEMININO,BRANCA
violencia_domestica,violencia_social,,,89.0,65_PLUS,VILA VELHA,GUARANHUNS,FEMININO,BRANCA
violencia_domestica,violencia_social,,,,,VILA VELHA,PONTA DA FRUTA,S/I,PARDA
violencia_domestica,violencia_social,,,,,SERRA,JOSE DE ANCHIETA,FEMININO,S/I
violencia_domestica,violencia_social,,,16.0,15_17,CARIACICA,CAMPO VERDE,FEMININO,PARDA
violencia_domestica,violencia_social,,,16.0,15_17,PINHEIROS,VILA NOVA,FEMININO,NEGRA
violencia_domestica,violencia_social,,,16.0,15_17,PINHEIROS,VILA NOVA,FEMININO,NEGRA
violencia_domestica,violencia_social,,,18.0,18_24,SERRA,RESIDENCIAL CENTRO DA SERRA,FEMININO,PARDA
violencia_domestica,violencia_social,,,19.0,18_24,MUNIZ FREIRE,ASSUNCAO,FEMININO,INDETERMINADA
violencia_domestica,violencia_social,,,20.0,18_24,BAIXO GUANDU,ALTO GUANDU,FEMININO,BRANCA
violencia_domestica,violencia_social,,,20.0,18_24,VILA VELHA,JABURUNA,FEMININO,PARDA
violencia_domestica,violencia_social,,,20.0,18_24,JOAO NEIVA,MONTE LIBANO,FEMININO,PARDA
violencia_domestica,violencia_social,,,20.0,18_24,AFONSO CLAUDIO,JOSE VALIM,FEMININO,PARDA
violencia_domestica,violencia_social,,,20.0,18_24,GUARAPARI,PEROCAO,FEMININO,PARDA
violencia_domestica,violencia_social,,,21.0,18_24,VILA VELHA,TERRA VERMELHA,FEMININO,PARDA
violencia_domestica,violencia_social,,,22.0,18_24,COLATINA,HONORIO FRAGA,FEMININO,BRANCA
violencia_domestica,violencia_social,,,22.0,18_24,VITORIA,FORTE SAO JOAO,FEMININO,BRANCA
violencia_domestica,violencia_social,,,23.0,18_24,BARRA DE SAO FRANCISCO,MONTE SENIR,FEMININO,PARDA
violencia_domestica,violencia_social,,,23.0,18_24,SANTA MARIA DE JETIBA,CENTRO,FEMININO,BRANCA
violencia_domestica,violencia_social,,,24.0,18_24,IUNA,NITEROI,FEMININO,BRANCA
violencia_domestica,violencia_social,,,24.0,18_24,CARIACICA,VASCO DA GAMA,MASCULINO,PARDA
violencia_domestica,violencia_social,,,24.0,18_24,SERRA,SERRA DOURADA II,FEMININO,BRANCA
violencia_domestica,violencia_social,,,25.0,25_34,RIO NOVO DO SUL,SANTO ANTONIO,FEMININO,PARDA
violencia_domestica,violencia_social,,,26.0,25_34,SAO GABRIEL DA PALHA,SAO SEBASTIAO,FEMININO,BRANCA
violencia_domestica,violencia_social,,,26.0,25_34,COLATINA,MARIA DAS GRACAS,FEMININO,PARDA
violencia_domestica,violencia_social,,,26.0,25_34,ARACRUZ,IRAJA,FEMININO,NEGRA
violencia_domestica,violencia_social,,,26.0,25_34,VILA VELHA,JARDIM ASTECA,FEMININO,PARDA
violencia_domestica,violencia_social,,,27.0,25_34,SERRA,NOVO PORTO CANOA,FEMININO,AMARELA
violencia_domestica,violencia_social,,,27.0,25_34,COLATINA,SAO PEDRO,FEMININO,PARDA
violencia_domestica,violencia_social,,,27.0,25_34,SERRA,BALNEARIO DE CARAPEBUS,FEMININO,BRANCA
violencia_domestica,violencia_social,,,27.0,25_34,CONCEICAO DA BARRA,SAYONARA,FEMININO,PARDA
violencia_domestica,violencia_social,,,27.0,25_34,SERRA,JOSE DE ANCHIETA,FEMININO,PARDA
violencia_domestica,violencia_social,,,28.0,25_34,SERRA,PORTO CANOA,FEMININO,BRANCA
violencia_domestica,violencia_social,,,28.0,25_34,LINHARES,AVISO,FEMININO,NEGRA
violencia_domestica,violencia_social,,,29.0,25_34,VILA VELHA,SOTECO,FEMININO,PARDA
violencia_domestica,violencia_social,,,30.0,25_34,BAIXO GUANDU,SANTA MONICA,FEMININO,PARDA
violencia_domestica,violencia_social,,,32.0,25_34,VILA VELHA,MORADA DA BARRA,FEMININO,PARDA
violencia_domestica,violencia_social,,,32.0,25_34,JOAO NEIVA,CENTRO,FEMININO,PARDA
violencia_domestica,violencia_social,,,33.0,25_34,CONCEICAO DA BARRA,NOSSA SENHORA APARECIDA,FEMININO,PARDA
violencia_domestica,violencia_social,,,34.0,25_34,ARACRUZ,BARRA DO RIACHO,FEMININO,PARDA
violencia_domestica,violencia_social,,,36.0,35_44,CARIACICA,RIO MARINHO,FEMININO,PARDA
violencia_domestica,violencia_social,,,36.0,35_44,MUQUI,SAO PEDRO,FEMININO,NEGRA
violencia_domestica,violencia_social,,,36.0,35_44,CARIACICA,PORTO DE SANTANA,FEMININO,PARDA
violencia_domestica,violencia_social,,,36.0,35_44,SAO MATEUS,OUTRO LOCAL,FEMININO,PARDA
violencia_domestica,violencia_social,,,37.0,35_44,SERRA,ANDRE CARLONI,FEMININO,BRANCA
violencia_domestica,violencia_social,,,37.0,35_44,SAO MATEUS,PORTO,FEMININO,NEGRA
violencia_domestica,violencia_social,,,37.0,35_44,CARIACICA,FLEXAL II,FEMININO,NEGRA
violencia_domestica,violencia_social,,,38.0,35_44,LINHARES,NOVA BETANIA,FEMININO,PARDA
violencia_domestica,violencia_social,,,38.0,35_44,IBIRACU,ERICINA,FEMININO,PARDA
violencia_domestica,violencia_social,,,39.0,35_44,ANCHIETA,CENTRO,FEMININO,BRANCA
violencia_domestica,violencia_social,,,39.0,35_44,LINHARES,LAGOA DO MEIO,FEMININO,PARDA
violencia_domestica,violencia_social,,,39.0,35_44,CARIACICA,PORTO DE CARIACICA,FEMININO,NEGRA
violencia_domestica,violencia_social,,,40.0,35_44,LINHARES,OUTRO LOCAL,FEMININO,BRANCA
violencia_domestica,violencia_social,,,43.0,35_44,GUACUI,SAO MIGUEL,FEMININO,PARDA
violencia_domestica,violencia_social,,,43.0,35_44,VILA VELHA,ILHA DAS FLORES,FEMININO,NEGRA
violencia_domestica,violencia_social,,,44.0,35_44,SANTA MARIA DE JETIBA,GARRAFAO,FEMININO,BRANCA
violencia_domestica,violencia_social,,,45.0,45_54,CARIACICA,NOVA ROSA DA PENHA,FEMININO,PARDA
violencia_domestica,violencia_social,,,45.0,45_54,SAO MATEUS,GURIRI,S/I,PARDA
violencia_domestica,violencia_social,,,46.0,45_54,VILA VELHA,ATAIDE,FEMININO,BRANCA
violencia_domestica,violencia_social,,,46.0,45_54,GUARAPARI,PEROCAO,FEMININO,PARDA
violencia_domestica,violencia_social,,,48.0,45_54,GUARAPARI,PRAIA DO MORRO,FEMININO,NEGRA
violencia_domestica,violencia_social,,,48.0,45_54,MIMOSO DO SUL,MANGUEIRA,FEMININO,PARDA
violencia_domestica,violencia_social,,,49.0,45_54,ITAPEMIRIM,ROSA MEIRELES,FEMININO,BRANCA
violencia_domestica,violencia_social,,,50.0,45_54,COLATINA,SAO PEDRO,FEMININO,BRANCA
violencia_domestica,violencia_social,,,51.0,45_54,LINHARES,LINHARES V,FEMININO,PARDA
violencia_domestica,violencia_social,,,51.0,45_54,ARACRUZ,SANTA MARTA,FEMININO,BRANCA
violencia_domestica,violencia_social,,,52.0,45_54,VILA VELHA,PAUL,FEMININO,PARDA
violencia_domestica,violencia_social,,,52.0,45_54,VITORIA,CARATOIRA,FEMININO,INDETERMINADA
violencia_domestica,violencia_social,,,52.0,45_54,VILA VELHA,PAUL,FEMININO,PARDA
violencia_domestica,violencia_social,,,52.0,45_54,SAO MATEUS,OUTRO LOCAL,FEMININO,PARDA
violencia_domestica,violencia_social,,,53.0,45_54,ARACRUZ,PLANALTO,FEMININO,PARDA
violencia_domestica,violencia_social,,,54.0,45_54,SAO MATEUS,JAMBEIRO,S/I,PARDA
violencia_domestica,violencia_social,,,55.0,55_64,AFONSO CLAUDIO,ZONA RURAL,FEMININO,BRANCA
violencia_domestica,violencia_social,,,58.0,55_64,SAO MATEUS,OUTRO LOCAL,FEMININO,BRANCA
violencia_domestica,violencia_social,,,62.0,55_64,CARIACICA,APARECIDA,FEMININO,BRANCA
violencia_domestica,violencia_social,,,62.0,55_64,MIMOSO DO SUL,SERRA,FEMININO,PARDA
violencia_domestica,violencia_social,,,62.0,55_64,VILA VELHA,SANTA MONICA,FEMININO,PARDA
violencia_domestica,violencia_social,,,77.0,65_PLUS,SAO MATEUS,CENTRO,FEMININO,PARDA
violencia_domestica,violencia_social,,,78.0,65_PLUS,VILA VELHA,COQUEIRAL DE ITAPARICA,FEMININO,BRANCA
violencia_domestica,violencia_social,,,,,SAO MATEUS,BOA VISTA,FEMININO,PARDA
violencia_domestica,violencia_social,,,,,MONTANHA,CENTRO,S/I,BRANCA
violencia_domestica,violencia_social,,,17.0,15_17,LINHARES,AVISO,FEMININO,PARDA
violencia_domestica,violencia_social,,,19.0,18_24,COLATINA,ZONA RURAL,FEMININO,BRANCA
violencia_domestica,violencia_social,,,21.0,18_24,MONTANHA,ZONA RURAL,FEMININO,PARDA
violencia_domestica,violencia_social,,,21.0,18_24,SERRA,NOVO HORIZONTE,FEMININO,BRANCA
violencia_domestica,violencia_social,,,21.0,18_24,PINHEIROS,ZONA RURAL,FEMININO,PARDA
violencia_domestica,violencia_social,,,22.0,18_24,SERRA,BALNEARIO DE CARAPEBUS,FEMININO,BRANCA
violencia_domestica,violencia_social,,,22.0,18_24,CASTELO,SANTA BARBARA,FEMININO,BRANCA
violencia_domestica,violencia_social,,,22.0,18_24,ARACRUZ,BARRA DO RIACHO,FEMININO,NEGRA
violencia_domestica,violencia_social,,,22.0,18_24,ARACRUZ,NOVO JEQUITIBA,FEMININO,BRANCA
violencia_domestica,violencia_social,,,23.0,18_24,VITORIA,SANTO ANTONIO,FEMININO,PARDA
violencia_domestica,violencia_social,,,23.0,18_24,VITORIA,SANTO ANTONIO,FEMININO,PARDA
violencia_domestica,violencia_social,,,23.0,18_24,LINHARES,SAO JOSE,FEMININO,BRANCA
violencia_domestica,violencia_social,,,24.0,18_24,SOORETAMA,VALE DO SOL,FEMININO,PARDA
violencia_domestica,violencia_social,,,26.0,25_34,VILA VELHA,ALVORADA,FEMININO,PARDA
violencia_domestica,violencia_social,,,26.0,25_34,CARIACICA,ITAPEMIRIM,FEMININO,PARDA
violencia_domestica,violencia_social,,,27.0,25_34,BARRA DE SAO FRANCISCO,BAIRRO CAMPO NOVO,FEMININO,PARDA
violencia_domestica,violencia_social,,,27.0,25_34,VILA VELHA,PONTAL DAS GARCAS,FEMININO,PARDA
violencia_domestica,violencia_social,,,28.0,25_34,IUNA,PERDICAO,FEMININO,PARDA
violencia_domestica,violencia_social,,,29.0,25_34,LINHARES,ZONA RURAL,FEMININO,NEGRA
violencia_domestica,violencia_social,,,29.0,25_34,COLATINA,SANTA FE,FEMININO,PARDA
violencia_domestica,violencia_social,,,29.0,25_34,APIACA,BOA VISTA,FEMININO,NEGRA
violencia_domestica,violencia_social,,,29.0,25_34,PANCAS,VILA VERDE,FEMININO,BRANCA
violencia_domestica,violencia_social,,,30.0,25_34,SERRA,SERRAMAR,FEMININO,INDETERMINADA
violencia_domestica,violencia_social,,,30.0,25_34,SAO MATEUS,GURIRI,FEMININO,PARDA
violencia_domestica,violencia_social,,,31.0,25_34,VITORIA,JARDIM CAMBURI,FEMININO,NEGRA
violencia_domestica,violencia_social,,,32.0,25_34,SAO MATEUS,GURIRI,FEMININO,PARDA
violencia_domestica,violencia_social,,,32.0,25_34,LINHARES,AVISO,FEMININO,PARDA
violencia_domestica,violencia_social,,,32.0,25_34,SERRA,HELIO FERRAZ,FEMININO,NEGRA
violencia_domestica,violencia_social,,,33.0,25_34,LINHARES,PLANALTO,FEMININO,PARDA
violencia_domestica,violencia_social,,,34.0,25_34,ITAPEMIRIM,JOACIMA,FEMININO,PARDA
violencia_domestica,violencia_social,,,34.0,25_34,GUARAPARI,ELZA NADER,FEMININO,INDETERMINADA
violencia_domestica,violencia_social,,,34.0,25_34,SAO MATEUS,SAO BRAS,FEMININO,BRANCA
violencia_domestica,violencia_social,,,35.0,35_44,CACHOEIRO DE ITAPEMIRIM,GRUTA DE BAIXO,FEMININO,PARDA
violencia_domestica,violencia_social,,,36.0,35_44,SERRA,JARDIM LIMOEIRO,FEMININO,BRANCA
violencia_domestica,violencia_social,,,38.0,35_44,SAO GABRIEL DA PALHA,GLORIA,FEMININO,INDETERMINADA
violencia_domestica,violencia_social,,,41.0,35_44,CACHOEIRO DE ITAPEMIRIM,AEROPORTO,FEMININO,AMARELA
violencia_domestica,violencia_social,,,42.0,35_44,SAO DOMINGOS DO NORTE,CENTRO,FEMININO,PARDA
violencia_domestica,violencia_social,,,42.0,35_44,SERRA,BALNEARIO DE CARAPEBUS,FEMININO,NEGRA
violencia_domestica,violencia_social,,,43.0,35_44,VITORIA,CONSOLACAO,FEMININO,BRANCA
violencia_domestica,violencia_social,,,43.0,35_44,SAO MATEUS,MORADA DO LAGO,FEMININO,PARDA
violencia_domestica,violencia_social,,,44.0,35_44,SERRA,BALNEARIO DE CARAPEBUS,FEMININO,BRANCA
violencia_domestica,violencia_social,,,45.0,45_54,SERRA,NOVA CARAPINA I,FEMININO,PARDA
violencia_domestica,violencia_social,,,45.0,45_54,SAO GABRIEL DA PALHA,JARDIM VITORIA,FEMININO,BRANCA
violencia_domestica,violencia_social,,,46.0,45_54,SERRA,ANDRE CARLONI,FEMININO,PARDA
violencia_domestica,violencia_social,,,46.0,45_54,CACHOEIRO DE ITAPEMIRIM,RECANTO,FEMININO,PARDA
violencia_domestica,violencia_social,,,47.0,45_54,GUARAPARI,KUBITSCHEK,FEMININO,BRANCA
violencia_domestica,violencia_social,,,48.0,45_54,LINHARES,AVISO,FEMININO,NEGRA
violencia_domestica,violencia_social,,,48.0,45_54,SERRA,COLINA DA SERRA,FEMININO,BRANCA
violencia_domestica,violencia_social,,,50.0,45_54,CASTELO,ZONA RURAL,FEMININO,BRANCA
violencia_domestica,violencia_social,,,50.0,45_54,SAO MATEUS,PEDRA DAGUA,FEMININO,PARDA
violencia_domestica,violencia_social,,,50.0,45_54,ARACRUZ,JACUPEMBA,FEMININO,NEGRA
violencia_domestica,violencia_social,,,51.0,45_54,SAO MATEUS,SERNAMBY,FEMININO,PARDA
violencia_domestica,violencia_social,,,54.0,45_54,SAO MATEUS,OUTRO LOCAL,FEMININO,BRANCA
violencia_domestica,violencia_social,,,68.0,65_PLUS,CARIACICA,CAMPO VERDE,FEMININO,PARDA
violencia_domestica,violencia_social,,,71.0,65_PLUS,CARIACICA,NOVA CANAA,S/I,PARDA
violencia_domestica,violencia_social,,,73.0,65_PLUS,CACHOEIRO DE ITAPEMIRIM,IBITIQUARA,FEMININO,BRANCA
violencia_domestica,violencia_social,,,87.0,65_PLUS,CARIACICA,CAMPO VERDE,FEMININO,BRANCA
violencia_domestica,violencia_social,,,16.0,15_17,CACHOEIRO DE ITAPEMIRIM,MONTE LIBANO,FEMININO,PARDA
violencia_domestica,violencia_social,,,16.0,15_17,CACHOEIRO DE ITAPEMIRIM,MONTE LIBANO,FEMININO,PARDA
violencia_domestica,violencia_social,,,16.0,15_17,ANCHIETA,OUTRO LOCAL,FEMININO,PARDA
violencia_domestica,violencia_social,,,18.0,18_24,VIANA,CAXIAS DO SUL,FEMININO,PARDA
violencia_domestica,violencia_social,,,19.0,18_24,AFONSO CLAUDIO,SAO VICENTE,FEMININO,PARDA
violencia_domestica,violencia_social,,,19.0,18_24,CARIACICA,CASTELO BRANCO,FEMININO,BRANCA
violencia_domestica,violencia_social,,,19.0,18_24,CARIACICA,CASTELO BRANCO,FEMININO,BRANCA
violencia_domestica,violencia_social,,,19.0,18_24,CARIACICA,CASTELO BRANCO,FEMININO,PARDA
violencia_domestica,violencia_social,,,20.0,18_24,CARIACICA,NOVO BRASIL,FEMININO,INDETERMINADA
violencia_domestica,violencia_social,,,21.0,18_24,ARACRUZ,VILA DO RIACHO,FEMININO,AMARELA
violencia_domestica,violencia_social,,,21.0,18_24,SERRA,VALPARAISO,FEMININO,BRANCA
violencia_domestica,violencia_social,,,22.0,18_24,CARIACICA,PORTO DE CARIACICA,FEMININO,PARDA
violencia_domestica,violencia_social,,,22.0,18_24,COLATINA,VICENTE SOELA,FEMININO,INDETERMINADA
violencia_domestica,violencia_social,,,23.0,18_24,AFONSO CLAUDIO,SAO VICENTE,FEMININO,PARDA
violencia_domestica,violencia_social,,,23.0,18_24,RIO BANANAL,ZONA RURAL,FEMININO,NEGRA
violencia_domestica,violencia_social,,,23.0,18_24,CARIACICA,MUCURI,FEMININO,NEGRA
violencia_domestica,violencia_social,,,24.0,18_24,ITAPEMIRIM,ITAIPAVA,FEMININO,BRANCA
violencia_domestica,violencia_social,,,24.0,18_24,MONTANHA,VINHATICO,FEMININO,NEGRA
violencia_domestica,violencia_social,,,25.0,25_34,VILA VELHA,RIO MARINHO,FEMININO,PARDA
violencia_domestica,violencia_social,,,25.0,25_34,IRUPI,SANTA CRUZ,FEMININO,BRANCA
violencia_domestica,violencia_social,,,26.0,25_34,VILA VELHA,SANTA RITA,FEMININO,PARDA
violencia_domestica,violencia_social,,,26.0,25_34,VILA VELHA,JOCKEY DE ITAPARICA,FEMININO,BRANCA
violencia_domestica,violencia_social,,,27.0,25_34,SERRA,BALNEARIO DE CARAPEBUS,FEMININO,NEGRA
violencia_domestica,violencia_social,,,28.0,25_34,SERRA,SAO FRANCISCO,FEMININO,BRANCA
violencia_domestica,violencia_social,,,29.0,25_34,COLATINA,FRANCISCO SIMONASSI,MASCULINO,PARDA
violencia_domestica,violencia_social,,,29.0,25_34,CARIACICA,BANDEIRANTES,FEMININO,PARDA
violencia_domestica,violencia_social,,,30.0,25_34,COLATINA,ZONA RURAL,FEMININO,INDETERMINADA
violencia_domestica,violencia_social,,,30.0,25_34,COLATINA,BELA VISTA,FEMININO,PARDA
violencia_domestica,violencia_social,,,31.0,25_34,CARIACICA,CAMPO GRANDE,FEMININO,PARDA
violencia_domestica,violencia_social,,,32.0,25_34,VILA VELHA,VILA GARRIDO,FEMININO,NEGRA
violencia_domestica,violencia_social,,,33.0,25_34,CACHOEIRO DE ITAPEMIRIM,RUBEM BRAGA,FEMININO,BRANCA
violencia_domestica,violencia_social,,,35.0,35_44,ALEGRE,CENTRO,MASCULINO,BRANCA
violencia_domestica,violencia_social,,,35.0,35_44,CARIACICA,MUCURI,FEMININO,PARDA
violencia_domestica,violencia_social,,,35.0,35_44,BAIXO GUANDU,OUTRO LOCAL,FEMININO,NEGRA
violencia_domestica,violencia_social,,,36.0,35_44,ARACRUZ,BELA VISTA,FEMININO,PARDA
violencia_domestica,violencia_social,,,36.0,35_44,SAO GABRIEL DA PALHA,JARDIM DE INFANCIA,FEMININO,NEGRA
violencia_domestica,violencia_social,,,36.0,35_44,PRESIDENTE KENNEDY,CENTRO,FEMININO,BRANCA
violencia_domestica,violencia_social,,,36.0,35_44,GUARAPARI,CAMURUGI,FEMININO,BRANCA
violencia_domestica,violencia_social,,,37.0,35_44,VILA VELHA,ARIBIRI,FEMININO,BRANCA
violencia_domestica,violencia_social,,,38.0,35_44,SERRA,BAIRRO DAS LARANJEIRAS,FEMININO,PARDA
violencia_domestica,violencia_social,,,38.0,35_44,FUNDAO,ENSEADA DAS GARCAS,FEMININO,PARDA
violencia_domestica,violencia_social,,,38.0,35_44,SANTA MARIA DE JETIBA,VILA JETIBA,FEMININO,PARDA
violencia_domestica,violencia_social,,,39.0,35_44,SERRA,JARDIM TROPICAL,FEMININO,PARDA
violencia_domestica,violencia_social,,,40.0,35_44,SANTA MARIA DE JETIBA,RIO POSS MOUSER,FEMININO,PARDA
violencia_domestica,violencia_social,,,41.0,35_44,ARACRUZ,BELA VISTA,MASCULINO,PARDA
violencia_domestica,violencia_social,,,41.0,35_44,CACHOEIRO DE ITAPEMIRIM,MARBRASA,FEMININO,PARDA
violencia_domestica,violencia_social,,,41.0,35_44,CACHOEIRO DE ITAPEMIRIM,MARBRASA,FEMININO,PARDA
violencia_domestica,violencia_social,,,42.0,35_44,VITORIA,SAO PEDRO,FEMININO,PARDA
violencia_domestica,violencia_social,,,42.0,35_44,VILA VELHA,VILA GARRIDO,FEMININO,BRANCA
violencia_domestica,violencia_social,,,42.0,35_44,VILA VELHA,VILA GARRIDO,FEMININO,PARDA
violencia_domestica,violencia_social,,,43.0,35_44,VILA VELHA,JOCKEY DE ITAPARICA,FEMININO,BRANCA
violencia_domestica,violencia_social,,,43.0,35_44,VILA VELHA,JOCKEY DE ITAPARICA,FEMININO,BRANCA
violencia_domestica,violencia_social,,,44.0,35_44,SERRA,PARQUE DAS GAIVOTAS,FEMININO,PARDA
violencia_domestica,violencia_social,,,44.0,35_44,COLATINA,HONORIO FRAGA,FEMININO,NEGRA
violencia_domestica,violencia_social,,,45.0,45_54,VIANA,MAMOEIRO,FEMININO,PARDA
violencia_domestica,violencia_social,,,46.0,45_54,AFONSO CLAUDIO,SAO VICENTE,FEMININO,PARDA
violencia_domestica,violencia_social,,,48.0,45_54,CACHOEIRO DE ITAPEMIRIM,AMARELO,FEMININO,PARDA
violencia_domestica,violencia_social,,,51.0,45_54,VIANA,PEIXE VERDE,FEMININO,PARDA
violencia_domestica,violencia_social,,,59.0,55_64,ALEGRE,CENTRO,MASCULINO,BRANCA
violencia_domestica,violencia_social,,,62.0,55_64,CARIACICA,BANDEIRANTES,FEMININO,INDETERMINADA
violencia_domestica,violencia_social,,,68.0,65_PLUS,VITORIA,MATA DA PRAIA,FEMININO,PARDA
violencia_domestica,violencia_social,,,69.0,65_PLUS,VITORIA,SANTO ANTONIO,FEMININO,BRANCA
violencia_domestica,violencia_social,,,,,IBATIBA,BRASIL NOVO,FEMININO,PARDA
violencia_domestica,violencia_social,,,,,BAIXO GUANDU,CENTRO,S/I,BRANCA
violencia_domestica,violencia_social,,,18.0,18_24,PANCAS,CENTRO,FEMININO,NEGRA
violencia_domestica,violencia_social,,,18.0,18_24,SERRA,COLINA DE LARANJEIRAS,FEMININO,BRANCA
violencia_domestica,violencia_social,,,19.0,18_24,NOVA VENECIA,GUARAREMA,FEMININO,INDETERMINADA
violencia_domestica,violencia_social,,,20.0,18_24,CARIACICA,CASTELO BRANCO,FEMININO,PARDA
violencia_domestica,violencia_social,,,21.0,18_24,ARACRUZ,ITAPUTERA,FEMININO,NEGRA
violencia_domestica,violencia_social,,,21.0,18_24,VIANA,SANTO AGOSTINHO,FEMININO,PARDA
violencia_domestica,violencia_social,,,22.0,18_24,SAO MATEUS,CEREJEIRA,FEMININO,NEGRA
violencia_domestica,violencia_social,,,22.0,18_24,LINHARES,AVISO,FEMININO,NEGRA
violencia_domestica,violencia_social,,,23.0,18_24,SANTA MARIA DE JETIBA,SAO SEBASTIAO DO MEIO,FEMININO,NEGRA
violencia_domestica,violencia_social,,,23.0,18_24,CONCEICAO DA BARRA,CENTRO,FEMININO,PARDA
violencia_domestica,violencia_social,,,23.0,18_24,ATILIO VIVACQUA,FLECHEIRA,FEMININO,PARDA
violencia_domestica,violencia_social,,,23.0,18_24,VITORIA,SAO PEDRO,FEMININO,PARDA
violencia_domestica,violencia_social,,,24.0,18_24,SOORETAMA,SALVADOR,FEMININO,NEGRA
violencia_domestica,violencia_social,,,24.0,18_24,VILA VELHA,PRAIA DA COSTA,FEMININO,BRANCA
violencia_domestica,violencia_social,,,24.0,18_24,LINHARES,AVISO,FEMININO,PARDA
violencia_domestica,violencia_social,,,25.0,25_34,VILA VELHA,MORADA DA BARRA,FEMININO,NEGRA
violencia_domestica,violencia_social,,,25.0,25_34,MIMOSO DO SUL,CENTRO,FEMININO,NEGRA
violencia_domestica,violencia_social,,,25.0,25_34,SERRA,MARBELLA,FEMININO,BRANCA
violencia_domestica,violencia_social,,,25.0,25_34,SERRA,BOA VISTA II,FEMININO,NEGRA
violencia_domestica,violencia_social,,,25.0,25_34,LINHARES,ARACA,FEMININO,PARDA
violencia_domestica,violencia_social,,,26.0,25_34,VILA VELHA,CRISTOVAO COLOMBO,FEMININO,PARDA
violencia_domestica,violencia_social,,,26.0,25_34,PANCAS,ZONA RURAL,MASCULINO,INDETERMINADA
violencia_domestica,violencia_social,,,26.0,25_34,VILA VELHA,ATAIDE,FEMININO,PARDA
violencia_domestica,violencia_social,,,27.0,25_34,SERRA,FEU ROSA,FEMININO,PARDA
violencia_domestica,violencia_social,,,27.0,25_34,SERRA,FEU ROSA,FEMININO,PARDA
violencia_domestica,violencia_social,,,28.0,25_34,CASTELO,CENTRO,FEMININO,NEGRA
violencia_domestica,violencia_social,,,28.0,25_34,CASTELO,CENTRO,FEMININO,NEGRA
violencia_domestica,violencia_social,,,28.0,25_34,SERRA,CIDADE CONTINENTAL,FEMININO,PARDA
violencia_domestica,violencia_social,,,29.0,25_34,MONTANHA,FUNDAO,FEMININO,NEGRA
violencia_domestica,violencia_social,,,29.0,25_34,MONTANHA,FUNDAO,FEMININO,NEGRA
violencia_domestica,violencia_social,,,29.0,25_34,VILA VELHA,PRAIA DA COSTA,FEMININO,BRANCA
violencia_domestica,violencia_social,,,30.0,25_34,SERRA,ALTEROSAS,FEMININO,BRANCA
violencia_domestica,violencia_social,,,30.0,25_34,PIUMA,PIUMINAS,FEMININO,NEGRA
violencia_domestica,violencia_social,,,30.0,25_34,CARIACICA,NOVA BRASILIA,FEMININO,BRANCA
violencia_domestica,violencia_social,,,31.0,25_34,SAO MATEUS,GURIRI,FEMININO,NEGRA
violencia_domestica,violencia_social,,,31.0,25_34,SERRA,OURIMAR,FEMININO,PARDA
violencia_domestica,violencia_social,,,31.0,25_34,CARIACICA,OPERARIO,FEMININO,PARDA
violencia_domestica,violencia_social,,,31.0,25_34,CARIACICA,ITAPEMIRIM,FEMININO,AMARELA
violencia_domestica,violencia_social,,,32.0,25_34,SANTA MARIA DE JETIBA,ALTO POSS MOUSER,FEMININO,BRANCA
violencia_domestica,violencia_social,,,32.0,25_34,CACHOEIRO DE ITAPEMIRIM,AEROPORTO,MASCULINO,NEGRA
violencia_domestica,violencia_social,,,32.0,25_34,CARIACICA,ITAQUARI,FEMININO,BRANCA
violencia_domestica,violencia_social,,,34.0,25_34,MARILANDIA,CENTRO,FEMININO,BRANCA
violencia_domestica,violencia_social,,,34.0,25_34,CARIACICA,VALE DOS REIS,FEMININO,BRANCA
violencia_domestica,violencia_social,,,35.0,35_44,MARATAIZES,LAGOA DANTAS,FEMININO,PARDA
violencia_domestica,violencia_social,,,35.0,35_44,SERRA,CIDADE POMAR,FEMININO,BRANCA
violencia_domestica,violencia_social,,,35.0,35_44,BARRA DE SAO FRANCISCO,PAULISTA,FEMININO,PARDA
violencia_domestica,violencia_social,,,35.0,35_44,SERRA,SAO MARCOS II,FEMININO,PARDA
violencia_domestica,violencia_social,,,35.0,35_44,IRUPI,ZONA RURAL,FEMININO,NEGRA
violencia_domestica,violencia_social,,,36.0,35_44,SERRA,PARQUE RESIDENCIAL LARANJEIRAS,FEMININO,PARDA
violencia_domestica,violencia_social,,,36.0,35_44,VILA VELHA,CENTRO VILA VELHA,FEMININO,BRANCA
violencia_domestica,violencia_social,,,37.0,35_44,IUNA,QUILOMBO,FEMININO,BRANCA
violencia_domestica,violencia_social,,,37.0,35_44,IUNA,QUILOMBO,FEMININO,BRANCA
violencia_domestica,violencia_social,,,37.0,35_44,COLATINA,MARIA DAS GRACAS,FEMININO,INDETERMINADA
violencia_domestica,violencia_social,,,37.0,35_44,NOVA VENECIA,AEROPORTO,FEMININO,PARDA
violencia_domestica,violencia_social,,,38.0,35_44,VILA VELHA,MORADA DA BARRA,MASCULINO,PARDA
violencia_domestica,violencia_social,,,38.0,35_44,VITORIA,JARDIM CAMBURI,FEMININO,BRANCA
violencia_domestica,violencia_social,,,38.0,35_44,BARRA DE SAO FRANCISCO,PAULISTA,FEMININO,PARDA
violencia_domestica,violencia_social,,,38.0,35_44,CARIACICA,ITACIBA,FEMININO,PARDA
violencia_domestica,violencia_social,,,39.0,35_44,SAO MATEUS,CACIQUE,FEMININO,PARDA
violencia_domestica,violencia_social,,,39.0,35_44,VENDA NOVA DO IMIGRANTE,ZONA RURAL,FEMININO,BRANCA
violencia_domestica,violencia_social,,,39.0,35_44,VITORIA,BONFIM,FEMININO,PARDA
violencia_domestica,violencia_social,,,40.0,35_44,ARACRUZ,NOVA COLATINA,FEMININO,PARDA
violencia_domestica,violencia_social,,,40.0,35_44,ARACRUZ,VILA DO RIACHO,FEMININO,PARDA
violencia_domestica,violencia_social,,,41.0,35_44,ARACRUZ,SAO MARCOS,FEMININO,PARDA
violencia_domestica,violencia_social,,,41.0,35_44,ARACRUZ,SAO MARCOS,FEMININO,PARDA
violencia_domestica,violencia_social,,,42.0,35_44,SAO GABRIEL DA PALHA,CORREGO ARARA,FEMININO,NEGRA
violencia_domestica,violencia_social,,,42.0,35_44,CARIACICA,CAMPO GRANDE,FEMININO,BRANCA
violencia_domestica,violencia_social,,,43.0,35_44,LARANJA DA TERRA,CENTRO,FEMININO,BRANCA
violencia_domestica,violencia_social,,,43.0,35_44,LINHARES,AVISO,FEMININO,PARDA
violencia_domestica,violencia_social,,,44.0,35_44,COLATINA,CARLOS GERMANO NAUMANN,FEMININO,BRANCA
violencia_domestica,violencia_social,,,45.0,45_54,VITORIA,PRAIA DO CANTO,FEMININO,BRANCA
violencia_domestica,violencia_social,,,46.0,45_54,SAO MATEUS,NOVA AIMORES,FEMININO,NEGRA
violencia_domestica,violencia_social,,,47.0,45_54,BARRA DE SAO FRANCISCO,BAIRRO ALVORADA,FEMININO,PARDA
violencia_domestica,violencia_social,,,48.0,45_54,DOMINGOS MARTINS,MELGACO,FEMININO,BRANCA
violencia_domestica,violencia_social,,,49.0,45_54,SANTA MARIA DE JETIBA,CENTRO,FEMININO,BRANCA
violencia_domestica,violencia_social,,,49.0,45_54,SERRA,JARDIM TROPICAL,FEMININO,NEGRA
violencia_domestica,violencia_social,,,50.0,45_54,FUNDAO,PRAIA GRANDE,FEMININO,NEGRA
violencia_domestica,violencia_social,,,52.0,45_54,CARIACICA,PORTO DE CARIACICA,FEMININO,INDETERMINADA
violencia_domestica,violencia_social,,,53.0,45_54,SERRA,BAIRRO DE FATIMA,FEMININO,AMARELA
violencia_domestica,violencia_social,,,54.0,45_54,LINHARES,BEBEDOURO,FEMININO,NEGRA
violencia_domestica,violencia_social,,,55.0,55_64,ALEGRE,VILA DO SUL,FEMININO,INDETERMINADA
violencia_domestica,violencia_social,,,56.0,55_64,VILA VELHA,SANTA MONICA,FEMININO,NEGRA
violencia_domestica,violencia_social,,,61.0,55_64,VILA VELHA,PRAIA DE ITAPARICA,FEMININO,PARDA
violencia_domestica,violencia_social,,,62.0,55_64,LINHARES,ARACA,FEMININO,PARDA
violencia_domestica,violencia_social,,,66.0,65_PLUS,ECOPORANGA,CENTRO,FEMININO,INDETERMINADA
violencia_domestica,violencia_social,,,67.0,65_PLUS,VIANA,CANAA,FEMININO,BRANCA
violencia_domestica,violencia_social,,,88.0,65_PLUS,VITORIA,JABOUR,FEMININO,BRANCA
violencia_domestica,violencia_social,,,,,VITORIA,JARDIM CAMBURI,S/I,INDETERMINADA
violencia_domestica,violencia_social,,,,,APIACA,CENTRO,FEMININO,INDETERMINADA
violencia_domestica,violencia_social,,,,,IBITIRAMA,PEDRA ROXA,FEMININO,NEGRA
violencia_domestica,violencia_social,,,,,BAIXO GUANDU,VALPARAISO,FEMININO,BRANCA
violencia_domestica,violencia_social,,,3.0,0_14,IBIRACU,BOA VISTA,MASCULINO,BRANCA
violencia_domestica,violencia_social,,,5.0,0_14,ICONHA,JARDIM JANDYRA,MASCULINO,AMARELA
violencia_domestica,violencia_social,,,13.0,0_14,CONCEICAO DA BARRA,SANTO AMARO,MASCULINO,PARDA
violencia_domestica,violencia_social,,,14.0,0_14,MARATAIZES,ACAPULCO,FEMININO,INDETERMINADA
violencia_domestica,violencia_social,,,17.0,15_17,SAO DOMINGOS DO NORTE,CENTRO,FEMININO,PARDA
violencia_domestica,violencia_social,,,17.0,15_17,VILA VELHA,ZUMBI DOS PALMARES,FEMININO,BRANCA
violencia_domestica,violencia_social,,,17.0,15_17,ARACRUZ,OUTRO LOCAL,FEMININO,BRANCA
violencia_domestica,violencia_social,,,18.0,18_24,NOVA VENECIA,AEROPORTO,FEMININO,PARDA
violencia_domestica,violencia_social,,,18.0,18_24,ARACRUZ,FATIMA,FEMININO,PARDA
violencia_domestica,violencia_social,,,18.0,18_24,ARACRUZ,FATIMA,FEMININO,PARDA
violencia_domestica,violencia_social,,,19.0,18_24,SERRA,CARAPINA GRANDE,FEMININO,PARDA
violencia_domestica,violencia_social,,,19.0,18_24,ARACRUZ,JACUPEMBA,S/I,PARDA
violencia_domestica,violencia_social,,,19.0,18_24,MARATAIZES,ACAPULCO,FEMININO,BRANCA
violencia_domestica,violencia_social,,,19.0,18_24,SERRA,CARAPINA GRANDE,FEMININO,PARDA
violencia_domestica,violencia_social,,,20.0,18_24,GUACUI,OUTRO LOCAL,FEMININO,PARDA
violencia_domestica,violencia_social,,,20.0,18_24,LINHARES,ARACA,FEMININO,NEGRA
violencia_domestica,violencia_social,,,22.0,18_24,FUNDAO,PRAIA GRANDE,FEMININO,PARDA
violencia_domestica,violencia_social,,,23.0,18_24,VILA VELHA,IBES,FEMININO,PARDA
violencia_domestica,violencia_social,,,23.0,18_24,SAO MATEUS,ALVORADA,FEMININO,PARDA
violencia_domestica,violencia_social,,,24.0,18_24,COLATINA,SAGRADO CORACAO DE JESUS,FEMININO,PARDA
violencia_domestica,violencia_social,,,24.0,18_24,GUARAPARI,MUQUICABA,FEMININO,NEGRA
violencia_domestica,violencia_social,,,24.0,18_24,PIUMA,CEU AZUL,FEMININO,PARDA
violencia_domestica,violencia_social,,,24.0,18_24,MIMOSO DO SUL,ITAPOA,FEMININO,NEGRA
violencia_domestica,violencia_social,,,25.0,25_34,ARACRUZ,LIMAO,FEMININO,PARDA
violencia_domestica,violencia_social,,,25.0,25_34,VILA VELHA,RESIDENCIAL JABAETE,FEMININO,PARDA
violencia_domestica,violencia_social,,,25.0,25_34,SAO ROQUE DO CANAA,VILA VERDE,FEMININO,PARDA
violencia_domestica,violencia_social,,,25.0,25_34,SAO JOSE DO CALCADO,CENTRO,FEMININO,NEGRA
violencia_domestica,violencia_social,,,25.0,25_34,ALEGRE,CAFE,FEMININO,NEGRA
violencia_domestica,violencia_social,,,26.0,25_34,IUNA,BAIRRO DO PITO,FEMININO,BRANCA
violencia_domestica,violencia_social,,,26.0,25_34,SANTA MARIA DE JETIBA,CENTRO,FEMININO,BRANCA
violencia_domestica,violencia_social,,,27.0,25_34,GUACUI,CENTRO,FEMININO,PARDA
violencia_domestica,violencia_social,,,27.0,25_34,BOA ESPERANCA,NOVA CIDADE,FEMININO,PARDA
violencia_domestica,violencia_social,,,28.0,25_34,SERRA,BARCELONA,FEMININO,PARDA
violencia_domestica,violencia_social,,,28.0,25_34,VILA VELHA,SOTECO,FEMININO,BRANCA
violencia_domestica,violencia_social,,,29.0,25_34,ARACRUZ,BELA VISTA,FEMININO,PARDA
violencia_domestica,violencia_social,,,29.0,25_34,MONTANHA,DECAO,FEMININO,INDETERMINADA
violencia_domestica,violencia_social,,,29.0,25_34,PANCAS,CENTRO,FEMININO,PARDA
violencia_domestica,violencia_social,,,29.0,25_34,SERRA,COLINA DE LARANJEIRAS,FEMININO,PARDA
violencia_domestica,violencia_social,,,29.0,25_34,VITORIA,CARATOIRA,FEMININO,PARDA
violencia_domestica,violencia_social,,,29.0,25_34,VITORIA,CENTRO,FEMININO,PARDA
violencia_domestica,violencia_social,,,29.0,25_34,SERRA,PLANALTO SERRANO,FEMININO,BRANCA
violencia_domestica,violencia_social,,,29.0,25_34,SERRA,VILA NOVA DE COLARES,FEMININO,PARDA
violencia_domestica,violencia_social,,,30.0,25_34,SERRA,SERRAMAR,FEMININO,INDETERMINADA
violencia_domestica,violencia_social,,,30.0,25_34,CACHOEIRO DE ITAPEMIRIM,COUTINHO,FEMININO,PARDA
violencia_domestica,violencia_social,,,30.0,25_34,GUARAPARI,SANTA ROSA,FEMININO,PARDA
violencia_domestica,violencia_social,,,31.0,25_34,LINHARES,AVISO,FEMININO,BRANCA
violencia_domestica,violencia_social,,,31.0,25_34,LINHARES,JUPARANA,FEMININO,PARDA
violencia_domestica,violencia_social,,,31.0,25_34,ICONHA,JARDIM JANDYRA,FEMININO,PARDA
violencia_domestica,violencia_social,,,31.0,25_34,CASTELO,NITEROI,FEMININO,NEGRA
violencia_domestica,violencia_social,,,31.0,25_34,AFONSO CLAUDIO,EMPOSSADO,FEMININO,BRANCA
violencia_domestica,violencia_social,,,31.0,25_34,GUARAPARI,BELA VISTA,FEMININO,PARDA
violencia_domestica,violencia_social,,,31.0,25_34,VIANA,NOVA BETHANIA,FEMININO,PARDA
violencia_domestica,violencia_social,,,33.0,25_34,SERRA,VISTA DA SERRA I,FEMININO,PARDA
violencia_domestica,violencia_social,,,34.0,25_34,VITORIA,CENTRO,FEMININO,PARDA
violencia_domestica,violencia_social,,,35.0,35_44,VITORIA,BELA VISTA,FEMININO,PARDA
violencia_domestica,violencia_social,,,35.0,35_44,ARACRUZ,BARRA DO RIACHO,FEMININO,BRANCA
violencia_domestica,violencia_social,,,35.0,35_44,CARIACICA,NOVA ROSA DA PENHA,FEMININO,NEGRA
violencia_domestica,violencia_social,,,35.0,35_44,VITORIA,CONSOLACAO,FEMININO,PARDA
violencia_domestica,violencia_social,,,36.0,35_44,RIO BANANAL,SAO JORGE DO TIRADENTES,FEMININO,PARDA
violencia_domestica,violencia_social,,,36.0,35_44,COLATINA,SAO VICENTE,FEMININO,PARDA
violencia_domestica,violencia_social,,,36.0,35_44,SERRA,CIDADE CONTINENTAL,FEMININO,PARDA
violencia_domestica,violencia_social,,,36.0,35_44,MARECHAL FLORIANO,ALTO MARECHAL,FEMININO,PARDA
violencia_domestica,violencia_social,,,36.0,35_44,RIO BANANAL,SAO JORGE DO TIRADENTES,FEMININO,PARDA
violencia_domestica,violencia_social,,,36.0,35_44,ALEGRE,GUARAREMA,FEMININO,NEGRA
violencia_domestica,violencia_social,,,37.0,35_44,JERONIMO MONTEIRO,CENTRO,FEMININO,BRANCA
violencia_domestica,violencia_social,,,37.0,35_44,MIMOSO DO SUL,SERRA,FEMININO,PARDA
violencia_domestica,violencia_social,,,38.0,35_44,CACHOEIRO DE ITAPEMIRIM,TEIXEIRA LEITE,FEMININO,BRANCA
violencia_domestica,violencia_social,,,38.0,35_44,MUCURICI,PLANALTO,FEMININO,PARDA
violencia_domestica,violencia_social,,,39.0,35_44,CONCEICAO DO CASTELO,CAMPO VERDE,FEMININO,PARDA
violencia_domestica,violencia_social,,,39.0,35_44,CARIACICA,SANTO ANTONIO,FEMININO,BRANCA
violencia_domestica,violencia_social,,,39.0,35_44,SERRA,PARQUE RESIDENCIAL TUBARAO,FEMININO,PARDA
violencia_domestica,violencia_social,,,40.0,35_44,CACHOEIRO DE ITAPEMIRIM,NOVA BRASILIA,FEMININO,BRANCA
violencia_domestica,violencia_social,,,40.0,35_44,IBIRACU,BOA VISTA,FEMININO,PARDA
violencia_domestica,violencia_social,,,41.0,35_44,VENDA NOVA DO IMIGRANTE,SANTA CRUZ,FEMININO,NEGRA
violencia_domestica,violencia_social,,,42.0,35_44,VILA VELHA,JOCKEY DE ITAPARICA,FEMININO,BRANCA
violencia_domestica,violencia_social,,,42.0,35_44,VILA VELHA,OUTRO LOCAL,FEMININO,PARDA
violencia_domestica,violencia_social,,,42.0,35_44,JAGUARE,ABOBORA,FEMININO,NEGRA
violencia_domestica,violencia_social,,,43.0,35_44,MARATAIZES,CENTRO,FEMININO,NEGRA
violencia_domestica,violencia_social,,,43.0,35_44,SERRA,MORADA DE LARANJEIRAS,FEMININO,PARDA
violencia_domestica,violencia_social,,,44.0,35_44,COLATINA,CARLOS GERMANO NAUMANN,FEMININO,BRANCA
violencia_domestica,violencia_social,,,44.0,35_44,CARIACICA,ALICE COUTINHO,FEMININO,PARDA
violencia_domestica,violencia_social,,,45.0,45_54,GUARAPARI,PEROCAO,FEMININO,PARDA
violencia_domestica,violencia_social,,,45.0,45_54,CARIACICA,FLEXAL II,FEMININO,BRANCA
violencia_domestica,violencia_social,,,45.0,45_54,CACHOEIRO DE ITAPEMIRIM,AEROPORTO,FEMININO,BRANCA
violencia_domestica,violencia_social,,,46.0,45_54,VILA VELHA,ZUMBI DOS PALMARES,FEMININO,BRANCA
violencia_domestica,violencia_social,,,47.0,45_54,JOAO NEIVA,VILA NOVA DE BAIXO,FEMININO,PARDA
violencia_domestica,violencia_social,,,49.0,45_54,LINHARES,INTERLAGOS,FEMININO,PARDA
violencia_domestica,violencia_social,,,50.0,45_54,SERRA,BOA VISTA II,FEMININO,PARDA
violencia_domestica,violencia_social,,,51.0,45_54,SAO JOSE DO CALCADO,SIZENALDO DE SA VIANA,FEMININO,BRANCA
violencia_domestica,violencia_social,,,52.0,45_54,LINHARES,ARACA,FEMININO,PARDA
violencia_domestica,violencia_social,,,52.0,45_54,SERRA,JARDIM BELA VISTA,FEMININO,PARDA
violencia_domestica,violencia_social,,,53.0,45_54,SAO JOSE DO CALCADO,SIZENALDO DE SA VIANA,FEMININO,BRANCA
violencia_domestica,violencia_social,,,54.0,45_54,CACHOEIRO DE ITAPEMIRIM,AQUIDABAN,FEMININO,BRANCA
violencia_domestica,violencia_social,,,55.0,55_64,CONCEICAO DA BARRA,ITAUNAS,FEMININO,BRANCA
violencia_domestica,violencia_social,,,59.0,55_64,LINHARES,AVISO,FEMININO,PARDA
violencia_domestica,violencia_social,,,60.0,55_64,CACHOEIRO DE ITAPEMIRIM,RUBEM BRAGA,FEMININO,BRANCA
violencia_domestica,violencia_social,,,63.0,55_64,CARIACICA,PADRE GABRIEL,FEMININO,NEGRA
violencia_domestica,violencia_social,,,64.0,55_64,COLATINA,SAO VICENTE,FEMININO,PARDA
violencia_domestica,violencia_social,,,69.0,65_PLUS,CONCEICAO DA BARRA,SANTO AMARO,FEMININO,NEGRA
violencia_domestica,violencia_social,,,69.0,65_PLUS,CONCEICAO DA BARRA,SANTO AMARO,MASCULINO,INDETERMINADA
violencia_domestica,violencia_social,,,74.0,65_PLUS,MUQUI,SAO PEDRO,FEMININO,PARDA
violencia_domestica,violencia_social,,,84.0,65_PLUS,LINHARES,LAGOA DO MEIO,MASCULINO,PARDA
