data_fato,hora_fato,grupo_incidente,tipo_incidente,uf,municipio,bairro,tipo_local,fonte_dados,categoria_macro,ano,mes,mes_nome,data_mes,dia_da_semana_num,dia_da_semana,fim_de_semana,hora_num,periodo_dia
2025-01-01,Indeterminada,CRIMES CONTRA PATRIMÔNIO,CRIMES CONTRA PATRIMÔNIO: ROUBO: A PESSOA EM VIA PÚBLICA,ES,GUARAPARI,CENTRO,VIA PÚBLICA,roubos,patrimonial,2025.0,1.0,JAN,2025-01-01,2.0,QUA,False,,
2025-01-01,00:30:00,CRIMES CONTRA PATRIMÔNIO,CRIMES CONTRA PATRIMÔNIO: ROUBO: A PESSOA EM VIA PÚBLICA,ES,VILA VELHA,SANTOS DUMONT,VIA PÚBLICA,roubos,patrimonial,2025.0,1.0,JAN,2025-01-01,2.0,QUA,False,0.0,MADRUGADA
2025-01-01,22:00:00,CRIMES CONTRA PATRIMÔNIO,CRIMES CONTRA PATRIMÔNIO: ROUBO: A PESSOA EM VIA PÚBLICA,ES,CARIACICA,ALTO LAGE,VIA PÚBLICA,roubos,patrimonial,2025.0,1.0,JAN,2025-01-01,2.0,QUA,False,22.0,NOITE
2025-01-01,04:00:00,CRIMES CONTRA PATRIMÔNIO,CRIMES CONTRA PATRIMÔNIO: ROUBO: A PESSOA EM VIA PÚBLICA,ES,SERRA,MANGUINHOS,VIA PÚBLICA,roubos,patrimonial,2025.0,1.0,JAN,2025-01-01,2.0,QUA,False,4.0,MADRUGADA
2025-01-01,15:30:00,CRIMES CONTRA PATRIMÔNIO,CRIMES CONTRA PATRIMÔNIO: ROUBO: A PESSOA EM VIA PÚBLICA,ES,CARIACICA,CRUZEIRO DO SUL,VIA PÚBLICA,roubos,patrimonial,2025.0,1.0,JAN,2025-01-01,2.0,QUA,False,15.0,TARDE
2025-01-01,05:00:00,CRIMES CONTRA PATRIMÔNIO,CRIMES CONTRA PATRIMÔNIO: ROUBO: A PESSOA EM VIA PÚBLICA,ES,VILA VELHA,PRAIA DA COSTA,VIA PÚBLICA,roubos,patrimonial,2025.0,1.0,JAN,2025-01-01,2.0,QUA,False,5.0,MADRUGADA
2025-01-01,22:00:00,CRIMES CONTRA PATRIMÔNIO,CRIMES CONTRA PATRIMÔNIO: ROUBO: A PESSOA EM VIA PÚBLICA,ES,SERRA,JOSE DE ANCHIETA,VIA PÚBLICA,roubos,patrimonial,2025.0,1.0,JAN,2025-01-01,2.0,QUA,False,22.0,NOITE
2025-01-01,23:00:00,CRIMES CONTRA PATRIMÔNIO,CRIMES CONTRA PATRIMÔNIO: ROUBO: A PESSOA EM VIA PÚBLICA,ES,SERRA,VISTA DA SERRA II,VIA PÚBLICA,roubos,patrimonial,2025.0,1.0,JAN,2025-01-01,2.0,QUA,False,23.0,NOITE
2025-01-01,01:30:00,CRIMES CONTRA PATRIMÔNIO,CRIMES CONTRA PATRIMÔNIO: ROUBO: A PESSOA EM VIA PÚBLICA,ES,VILA VELHA,PRAIA DA COSTA,VIA PÚBLICA,roubos,patrimonial,2025.0,1.0,JAN,2025-01-01,2.0,QUA,False,1.0,MADRUGADA
2025-01-01,00:10:00,CRIMES CONTRA PATRIMÔNIO,CRIMES CONTRA PATRIMÔNIO: ROUBO: A PESSOA EM VIA PÚBLICA,ES,VILA VELHA,PRAIA DE ITAPARICA,VIA PÚBLICA,roubos,patrimonial,2025.0,1.0,JAN,2025-01-01,2.0,QUA,False,0.0,MADRUGADA
2025-01-01,21:00:00,CRIMES CONTRA PATRIMÔNIO,CRIMES CONTRA PATRIMÔNIO: ROUBO: A PESSOA EM VIA PÚBLICA,ES,GUARAPARI,SANTA MONICA,VIA PÚBLICA,roubos,patrimonial,2025.0,1.0,JAN,2025-01-01,2.0,QUA,False,21.0,NOITE
2025-01-01,23:00:00,CRIMES CONTRA PATRIMÔNIO,CRIMES CONTRA PATRIMÔNIO: ROUBO: A PESSOA EM VIA PÚBLICA,ES,PIUMA,PRAIA DE ACAIACA,VIA PÚBLICA,roubos,patrimonial,2025.0,1.0,JAN,2025-01-01,2.0,QUA,False,23.0,NOITE
2025-01-01,02:30:00,CRIMES CONTRA PATRIMÔNIO,CRIMES CONTRA PATRIMÔNIO: ROUBO: A PESSOA EM VIA PÚBLICA,ES,VITORIA,JARDIM DA PENHA,VIA PÚBLICA,roubos,patrimonial,2025.0,1.0,JAN,2025-01-01,2.0,QUA,False,2.0,MADRUGADA
2025-01-01,02:30:00,CRIMES CONTRA PATRIMÔNIO,CRIMES CONTRA PATRIMÔNIO: ROUBO: A PESSOA EM VIA PÚBLICA,ES,SERRA,BAIRRO DAS LARANJEIRAS,VIA PÚBLICA,roubos,patrimonial,2025.0,1.0,JAN,2025-01-01,2.0,QUA,False,2.0,MADRUGADA
2025-01-01,01:13:00,CRIMES CONTRA PATRIMÔNIO,CRIMES CONTRA PATRIMÔNIO: ROUBO: A PESSOA EM VIA PÚBLICA,ES,VITORIA,JARDIM CAMBURI,VIA PÚBLICA,roubos,patrimonial,2025.0,1.0,JAN,2025-01-01,2.0,QUA,False,1.0,MADRUGADA
2025-01-01,03:00:00,CRIMES CONTRA PATRIMÔNIO,CRIMES CONTRA PATRIMÔNIO: ROUBO: A PESSOA EM VIA PÚBLICA,ES,SERRA,VALPARAISO,VIA PÚBLICA,roubos,patrimonial,2025.0,1.0,JAN,2025-01-01,2.0,QUA,False,3.0,MADRUGADA
2025-01-01,10:00:00,CRIMES CONTRA PATRIMÔNIO,CRIMES CONTRA PATRIMÔNIO: ROUBO: A PESSOA EM VIA PÚBLICA,ES,VILA VELHA,DIVINO ESPIRITO SANTO,VIA PÚBLICA,roubos,patrimonial,2025.0,1.0,JAN,2025-01-01,2.0,QUA,False,10.0,MANHA
2025-01-01,00:30:00,CRIMES CONTRA PATRIMÔNIO,CRIMES CONTRA PATRIMÔNIO: ROUBO: A PESSOA EM VIA PÚBLICA,ES,CARIACICA,NOVA ROSA DA PENHA,VIA PÚBLICA,roubos,patrimonial,2025.0,1.0,JAN,2025-01-01,2.0,QUA,False,0.0,MADRUGADA
2025-01-01,15:00:00,CRIMES CONTRA PATRIMÔNIO,CRIMES CONTRA PATRIMÔNIO: ROUBO: A PESSOA EM VIA PÚBLICA,ES,VITORIA,CONSOLACAO,VIA PÚBLICA,roubos,patrimonial,2025.0,1.0,JAN,2025-01-01,2.0,QUA,False,15.0,TARDE
2025-01-01,03:00:00,CRIMES CONTRA PATRIMÔNIO,CRIMES CONTRA PATRIMÔNIO: ROUBO: A PESSOA EM VIA PÚBLICA,ES,VILA VELHA,COBILANDIA,VIA PÚBLICA,roubos,patrimonial,2025.0,1.0,JAN,2025-01-01,2.0,QUA,False,3.0,MADRUGADA
2025-01-01,22:00:00,CRIMES CONTRA PATRIMÔNIO,CRIMES CONTRA PATRIMÔNIO: ROUBO: A PESSOA EM VIA PÚBLICA,ES,SERRA,CARAPINA,VIA PÚBLICA,roubos,patrimonial,2025.0,1.0,JAN,2025-01-01,2.0,QUA,False,22.0,NOITE
2025-01-01,15:00:00,CRIMES CONTRA PATRIMÔNIO,CRIMES CONTRA PATRIMÔNIO: ROUBO: A PESSOA EM VIA PÚBLICA,ES,CARIACICA,TABAJARA,VIA PÚBLICA,roubos,patrimonial,2025.0,1.0,JAN,2025-01-01,2.0,QUA,False,15.0,TARDE
2025-01-01,13:00:00,CRIMES CONTRA PATRIMÔNIO,CRIMES CONTRA PATRIMÔNIO: ROUBO: A PESSOA EM VIA PÚBLICA,ES,SERRA,BAIRRO DE FATIMA,VIA PÚBLICA,roubos,patrimonial,2025.0,1.0,JAN,2025-01-01,2.0,QUA,False,13.0,TARDE
2025-01-01,00:00:00,CRIMES CONTRA PATRIMÔNIO,CRIMES CONTRA PATRIMÔNIO: ROUBO: A PESSOA EM VIA PÚBLICA,ES,VITORIA,JARDIM DA PENHA,VIA PÚBLICA,roubos,patrimonial,2025.0,1.0,JAN,2025-01-01,2.0,QUA,False,0.0,MADRUGADA
2025-01-01,15:00:00,CRIMES CONTRA PATRIMÔNIO,CRIMES CONTRA PATRIMÔNIO: ROUBO: A PESSOA EM VIA PÚBLICA,ES,VITORIA,VILA RUBIM,VIA PÚBLICA,roubos,patrimonial,2025.0,1.0,JAN,2025-01-01,2.0,QUA,False,15.0,TARDE
2025-01-01,12:40:00,CRIMES CONTRA PATRIMÔNIO,CRIMES CONTRA PATRIMÔNIO: ROUBO: A PESSOA EM VIA PÚBLICA,ES,VITORIA,JARDIM CAMBURI,VIA PÚBLICA,roubos,patrimonial,2025.0,1.0,JAN,2025-01-01,2.0,QUA,False,12.0,TARDE
2025-01-01,10:00:00,CRIMES CONTRA PATRIMÔNIO,CRIMES CONTRA PATRIMÔNIO: ROUBO: A PESSOA EM VIA PÚBLICA,ES,SERRA,JOSE DE ANCHIETA III,VIA PÚBLICA,roubos,patrimonial,2025.0,1.0,JAN,2025-01-01,2.0,QUA,False,10.0,MANHA
2025-01-01,02:00:00,CRIMES CONTRA PATRIMÔNIO,CRIMES CONTRA PATRIMÔNIO: ROUBO: A PESSOA EM VIA PÚBLICA,ES,GUARAPARI,PRAIA DO MORRO,VIA PÚBLICA,roubos,patrimonial,2025.0,1.0,JAN,2025-01-01,2.0,QUA,False,2.0,MADRUGADA
2025-01-01,15:00:00,CRIMES CONTRA PATRIMÔNIO,CRIMES CONTRA PATRIMÔNIO: ROUBO: A PESSOA EM VIA PÚBLICA,ES,SERRA,JARDIM LIMOEIRO,VIA PÚBLICA,roubos,patrimonial,2025.0,1.0,JAN,2025-01-01,2.0,QUA,False,15.0,TARDE
2025-01-01,Indeterminada,CRIMES CONTRA PATRIMÔNIO,CRIMES CONTRA PATRIMÔNIO: ROUBO: A PESSOA EM VIA PÚBLICA,ES,SAO MATEUS,OUTRO LOCAL,OUTRO LOCAL,roubos,patrimonial,2025.0,1.0,JAN,2025-01-01,2.0,QUA,False,,
2025-01-01,13:20:00,CRIMES CONTRA PATRIMÔNIO,CRIMES CONTRA PATRIMÔNIO: ROUBO: A PESSOA EM VIA PÚBLICA,ES,VITORIA,GOIABEIRAS,VIA PÚBLICA,roubos,patrimonial,2025.0,1.0,JAN,2025-01-01,2.0,QUA,False,13.0,TARDE
2025-01-01,00:00:00,CRIMES CONTRA PATRIMÔNIO,CRIMES CONTRA PATRIMÔNIO: ROUBO: A PESSOA EM VIA PÚBLICA,ES,CARIACICA,CAMPO GRANDE,VIA PÚBLICA,roubos,patrimonial,2025.0,1.0,JAN,2025-01-01,2.0,QUA,False,0.0,MADRUGADA
2025-01-01,Indeterminada,CRIMES CONTRA PATRIMÔNIO,CRIMES CONTRA PATRIMÔNIO: ROUBO: A PESSOA EM VIA PÚBLICA,ES,CARIACICA,TABAJARA,VIA PÚBLICA,roubos,patrimonial,2025.0,1.0,JAN,2025-01-01,2.0,QUA,False,,
2025-01-01,12:20:00,CRIMES CONTRA PATRIMÔNIO,CRIMES CONTRA PATRIMÔNIO: ROUBO: EM TRANSPORTE COLETIVO,ES,SERRA,CARAPINA,TRANSP COLETIVO,roubos,patrimonial,2025.0,1.0,JAN,2025-01-01,2.0,QUA,False,12.0,TARDE
2025-01-02,00:00:00,CRIMES CONTRA PATRIMÔNIO,CRIMES CONTRA PATRIMÔNIO: ROUBO: A PESSOA EM VIA PÚBLICA,ES,VIANA,SOTECO,RESIDÊNCIA,roubos,patrimonial,2025.0,1.0,JAN,2025-01-01,3.0,QUI,False,0.0,MADRUGADA
2025-01-02,02:00:00,CRIMES CONTRA PATRIMÔNIO,CRIMES CONTRA PATRIMÔNIO: ROUBO: A PESSOA EM VIA PÚBLICA,ES,CACHOEIRO DE ITAPEMIRIM,PARAISO,COMÉRCIO,roubos,patrimonial,2025.0,1.0,JAN,2025-01-01,3.0,QUI,False,2.0,MADRUGADA
2025-01-02,13:40:00,CRIMES CONTRA PATRIMÔNIO,CRIMES CONTRA PATRIMÔNIO: ROUBO: A PESSOA EM VIA PÚBLICA,ES,VILA VELHA,CENTRO VILA VELHA,VIA PÚBLICA,roubos,patrimonial,2025.0,1.0,JAN,2025-01-01,3.0,QUI,False,13.0,TARDE
2025-01-02,10:00:00,CRIMES CONTRA PATRIMÔNIO,CRIMES CONTRA PATRIMÔNIO: ROUBO: A PESSOA EM VIA PÚBLICA,ES,CARIACICA,JARDIM AMERICA,VIA PÚBLICA,roubos,patrimonial,2025.0,1.0,JAN,2025-01-01,3.0,QUI,False,10.0,MANHA
2025-01-02,17:42:00,CRIMES CONTRA PATRIMÔNIO,CRIMES CONTRA PATRIMÔNIO: ROUBO: A PESSOA EM VIA PÚBLICA,ES,CACHOEIRO DE ITAPEMIRIM,RECANTO,VIA PÚBLICA,roubos,patrimonial,2025.0,1.0,JAN,2025-01-01,3.0,QUI,False,17.0,TARDE
2025-01-02,23:05:00,CRIMES CONTRA PATRIMÔNIO,CRIMES CONTRA PATRIMÔNIO: ROUBO: A PESSOA EM VIA PÚBLICA,ES,VILA VELHA,JABURUNA,VIA PÚBLICA,roubos,patrimonial,2025.0,1.0,JAN,2025-01-01,3.0,QUI,False,23.0,NOITE
2025-01-02,19:00:00,CRIMES CONTRA PATRIMÔNIO,CRIMES CONTRA PATRIMÔNIO: ROUBO: A PESSOA EM VIA PÚBLICA,ES,VILA VELHA,PRAIA DA COSTA,VIA PÚBLICA,roubos,patrimonial,2025.0,1.0,JAN,2025-01-01,3.0,QUI,False,19.0,NOITE
2025-01-02,21:10:00,CRIMES CONTRA PATRIMÔNIO,CRIMES CONTRA PATRIMÔNIO: ROUBO: A PESSOA EM VIA PÚBLICA,ES,VILA VELHA,PRAIA DA COSTA,VIA PÚBLICA,roubos,patrimonial,2025.0,1.0,JAN,2025-01-01,3.0,QUI,False,21.0,NOITE
2025-01-02,17:20:00,CRIMES CONTRA PATRIMÔNIO,CRIMES CONTRA PATRIMÔNIO: ROUBO: A PESSOA EM VIA PÚBLICA,ES,GUARAPARI,OUTRO LOCAL,OUTRO LOCAL,roubos,patrimonial,2025.0,1.0,JAN,2025-01-01,3.0,QUI,False,17.0,TARDE
2025-01-02,05:20:00,CRIMES CONTRA PATRIMÔNIO,CRIMES CONTRA PATRIMÔNIO: ROUBO: A PESSOA EM VIA PÚBLICA,ES,LINHARES,PONTAL DO IPIRANGA,VIA PÚBLICA,roubos,patrimonial,2025.0,1.0,JAN,2025-01-01,3.0,QUI,False,5.0,MADRUGADA
2025-01-02,05:30:00,CRIMES CONTRA PATRIMÔNIO,CRIMES CONTRA PATRIMÔNIO: ROUBO: A PESSOA EM VIA PÚBLICA,ES,LINHARES,PONTAL DO IPIRANGA,VIA PÚBLICA,roubos,patrimonial,2025.0,1.0,JAN,2025-01-01,3.0,QUI,False,5.0,MADRUGADA
2025-01-02,01:00:00,CRIMES CONTRA PATRIMÔNIO,CRIMES CONTRA PATRIMÔNIO: ROUBO: A PESSOA EM VIA PÚBLICA,ES,PIUMA,CENTRO,VIA PÚBLICA,roubos,patrimonial,2025.0,1.0,JAN,2025-01-01,3.0,QUI,False,1.0,MADRUGADA
2025-01-02,19:30:00,CRIMES CONTRA PATRIMÔNIO,CRIMES CONTRA PATRIMÔNIO: ROUBO: A PESSOA EM VIA PÚBLICA,ES,CARIACICA,ITACIBA,VIA PÚBLICA,roubos,patrimonial,2025.0,1.0,JAN,2025-01-01,3.0,QUI,False,19.0,NOITE
2025-01-02,21:20:00,CRIMES CONTRA PATRIMÔNIO,CRIMES CONTRA PATRIMÔNIO: ROUBO: A PESSOA EM VIA PÚBLICA,ES,VILA VELHA,CRISTOVAO COLOMBO,VIA PÚBLICA,roubos,patrimonial,2025.0,1.0,JAN,2025-01-01,3.0,QUI,False,21.0,NOITE
2025-01-02,00:00:00,CRIMES CONTRA PATRIMÔNIO,CRIMES CONTRA PATRIMÔNIO: ROUBO: A PESSOA EM VIA PÚBLICA,ES,SERRA,SAO DIOGO II,RESIDÊNCIA,roubos,patrimonial,2025.0,1.0,JAN,2025-01-01,3.0,QUI,False,0.0,MADRUGADA
2025-01-02,20:00:00,CRIMES CONTRA PATRIMÔNIO,CRIMES CONTRA PATRIMÔNIO: ROUBO: A PESSOA EM VIA PÚBLICA,ES,VITORIA,JARDIM CAMBURI,VIA PÚBLICA,roubos,patrimonial,2025.0,1.0,JAN,2025-01-01,3.0,QUI,False,20.0,NOITE
2025-01-02,08:00:00,CRIMES CONTRA PATRIMÔNIO,CRIMES CONTRA PATRIMÔNIO: ROUBO: A PESSOA EM VIA PÚBLICA,ES,GUARAPARI,LAGOA FUNDA,VIA PÚBLICA,roubos,patrimonial,2025.0,1.0,JAN,2025-01-01,3.0,QUI,False,8.0,MANHA
2025-01-02,14:00:00,CRIMES CONTRA PATRIMÔNIO,CRIMES CONTRA PATRIMÔNIO: ROUBO: A PESSOA EM VIA PÚBLICA,ES,CARIACICA,JARDIM CAMPO GRANDE,VIA PÚBLICA,roubos,patrimonial,2025.0,1.0,JAN,2025-01-01,3.0,QUI,False,14.0,TARDE
2025-01-02,14:00:00,CRIMES CONTRA PATRIMÔNIO,CRIMES CONTRA PATRIMÔNIO: ROUBO: A PESSOA EM VIA PÚBLICA,ES,VILA VELHA,ITAPOA,VIA PÚBLICA,roubos,patrimonial,2025.0,1.0,JAN,2025-01-01,3.0,QUI,False,14.0,TARDE
2025-01-02,20:45:00,CRIMES CONTRA PATRIMÔNIO,CRIMES CONTRA PATRIMÔNIO: ROUBO: A PESSOA EM VIA PÚBLICA,ES,LINHARES,CENTRO,OUTRO LOCAL,roubos,patrimonial,2025.0,1.0,JAN,2025-01-01,3.0,QUI,False,20.0,NOITE
2025-01-02,14:00:00,CRIMES CONTRA PATRIMÔNIO,CRIMES CONTRA PATRIMÔNIO: ROUBO: A PESSOA EM VIA PÚBLICA,ES,CARIACICA,NOVA ROSA DA PENHA,REPARTICAO PUBLICA,roubos,patrimonial,2025.0,1.0,JAN,2025-01-01,3.0,QUI,False,14.0,TARDE
2025-01-02,13:00:00,CRIMES CONTRA PATRIMÔNIO,CRIMES CONTRA PATRIMÔNIO: ROUBO: A PESSOA EM VIA PÚBLICA,ES,VILA VELHA,ARACAS,VIA PÚBLICA,roubos,patrimonial,2025.0,1.0,JAN,2025-01-01,3.0,QUI,False,13.0,TARDE
2025-01-02,17:40:00,CRIMES CONTRA PATRIMÔNIO,CRIMES CONTRA PATRIMÔNIO: ROUBO: A PESSOA EM VIA PÚBLICA,ES,SERRA,CIVIT I,VIA PÚBLICA,roubos,patrimonial,2025.0,1.0,JAN,2025-01-01,3.0,QUI,False,17.0,TARDE
2025-01-02,05:35:00,CRIMES CONTRA PATRIMÔNIO,CRIMES CONTRA PATRIMÔNIO: ROUBO: A PESSOA EM VIA PÚBLICA,ES,CARIACICA,NOVA ESPERANCA,VIA PÚBLICA,roubos,patrimonial,2025.0,1.0,JAN,2025-01-01,3.0,QUI,False,5.0,MADRUGADA
2025-01-02,09:34:00,CRIMES CONTRA PATRIMÔNIO,CRIMES CONTRA PATRIMÔNIO: ROUBO: A PESSOA EM VIA PÚBLICA,ES,VITORIA,GOIABEIRAS,VIA PÚBLICA,roubos,patrimonial,2025.0,1.0,JAN,2025-01-01,3.0,QUI,False,9.0,MANHA
2025-01-02,13:13:00,CRIMES CONTRA PATRIMÔNIO,CRIMES CONTRA PATRIMÔNIO: ROUBO: A PESSOA EM VIA PÚBLICA,ES,VILA VELHA,PRAIA DA COSTA,VIA PÚBLICA,roubos,patrimonial,2025.0,1.0,JAN,2025-01-01,3.0,QUI,False,13.0,TARDE
2025-01-02,20:56:00,CRIMES CONTRA PATRIMÔNIO,CRIMES CONTRA PATRIMÔNIO: ROUBO: EM TRANSPORTE COLETIVO,ES,CARIACICA,FLEXAL II,VEÍCULO,roubos,patrimonial,2025.0,1.0,JAN,2025-01-01,3.0,QUI,False,20.0,NOITE
2025-01-02,08:30:00,CRIMES CONTRA PATRIMÔNIO,CRIMES CONTRA PATRIMÔNIO: ROUBO: EM TRANSPORTE COLETIVO,ES,CARIACICA,NOVA ROSA DA PENHA,TRANSP COLETIVO,roubos,patrimonial,2025.0,1.0,JAN,2025-01-01,3.0,QUI,False,8.0,MANHA
2025-01-03,05:00:00,CRIMES CONTRA PATRIMÔNIO,CRIMES CONTRA PATRIMÔNIO: ROUBO: A PESSOA EM VIA PÚBLICA,ES,GUARAPARI,JARDIM BOA VISTA,RESIDÊNCIA,roubos,patrimonial,2025.0,1.0,JAN,2025-01-01,4.0,SEX,False,5.0,MADRUGADA
2025-01-03,05:30:00,CRIMES CONTRA PATRIMÔNIO,CRIMES CONTRA PATRIMÔNIO: ROUBO: A PESSOA EM VIA PÚBLICA,ES,VILA VELHA,SANTOS DUMONT,VIA PÚBLICA,roubos,patrimonial,2025.0,1.0,JAN,2025-01-01,4.0,SEX,False,5.0,MADRUGADA
2025-01-03,07:30:00,CRIMES CONTRA PATRIMÔNIO,CRIMES CONTRA PATRIMÔNIO: ROUBO: A PESSOA EM VIA PÚBLICA,ES,CARIACICA,BANDEIRANTES,VIA PÚBLICA,roubos,patrimonial,2025.0,1.0,JAN,2025-01-01,4.0,SEX,False,7.0,MANHA
2025-01-03,11:30:00,CRIMES CONTRA PATRIMÔNIO,CRIMES CONTRA PATRIMÔNIO: ROUBO: A PESSOA EM VIA PÚBLICA,ES,LINHARES,INTERLAGOS,VIA PÚBLICA,roubos,patrimonial,2025.0,1.0,JAN,2025-01-01,4.0,SEX,False,11.0,MANHA
2025-01-03,08:40:00,CRIMES CONTRA PATRIMÔNIO,CRIMES CONTRA PATRIMÔNIO: ROUBO: A PESSOA EM VIA PÚBLICA,ES,CARIACICA,MUCURI,VIA PÚBLICA,roubos,patrimonial,2025.0,1.0,JAN,2025-01-01,4.0,SEX,False,8.0,MANHA
2025-01-03,06:10:00,CRIMES CONTRA PATRIMÔNIO,CRIMES CONTRA PATRIMÔNIO: ROUBO: A PESSOA EM VIA PÚBLICA,ES,CARIACICA,VILA MERLO,ESCOLA,roubos,patrimonial,2025.0,1.0,JAN,2025-01-01,4.0,SEX,False,6.0,MANHA
2025-01-03,12:00:00,CRIMES CONTRA PATRIMÔNIO,CRIMES CONTRA PATRIMÔNIO: ROUBO: A PESSOA EM VIA PÚBLICA,ES,CARIACICA,ALTO DA BOA VISTA,VIA PÚBLICA,roubos,patrimonial,2025.0,1.0,JAN,2025-01-01,4.0,SEX,False,12.0,TARDE
2025-01-03,14:50:00,CRIMES CONTRA PATRIMÔNIO,CRIMES CONTRA PATRIMÔNIO: ROUBO: A PESSOA EM VIA PÚBLICA,ES,PEDRO CANARIO,CENTRO,VIA PÚBLICA,roubos,patrimonial,2025.0,1.0,JAN,2025-01-01,4.0,SEX,False,14.0,TARDE
2025-01-03,02:00:00,CRIMES CONTRA PATRIMÔNIO,CRIMES CONTRA PATRIMÔNIO: ROUBO: A PESSOA EM VIA PÚBLICA,ES,VITORIA,JARDIM CAMBURI,VIA PÚBLICA,roubos,patrimonial,2025.0,1.0,JAN,2025-01-01,4.0,SEX,False,2.0,MADRUGADA
2025-01-03,06:00:00,CRIMES CONTRA PATRIMÔNIO,CRIMES CONTRA PATRIMÔNIO: ROUBO: A PESSOA EM VIA PÚBLICA,ES,VILA VELHA,CENTRO VILA VELHA,VIA PÚBLICA,roubos,patrimonial,2025.0,1.0,JAN,2025-01-01,4.0,SEX,False,6.0,MANHA
2025-01-03,19:00:00,CRIMES CONTRA PATRIMÔNIO,CRIMES CONTRA PATRIMÔNIO: ROUBO: A PESSOA EM VIA PÚBLICA,ES,VILA VELHA,PRAIA DE ITAPARICA,COMÉRCIO,roubos,patrimonial,2025.0,1.0,JAN,2025-01-01,4.0,SEX,False,19.0,NOITE
2025-01-03,19:00:00,CRIMES CONTRA PATRIMÔNIO,CRIMES CONTRA PATRIMÔNIO: ROUBO: A PESSOA EM VIA PÚBLICA,ES,CARIACICA,SANTA CECILIA,VIA PÚBLICA,roubos,patrimonial,2025.0,1.0,JAN,2025-01-01,4.0,SEX,False,19.0,NOITE
2025-01-03,Indeterminada,CRIMES CONTRA PATRIMÔNIO,CRIMES CONTRA PATRIMÔNIO: ROUBO: A PESSOA EM VIA PÚBLICA,ES,SERRA,CARAPINA,VIA PÚBLICA,roubos,patrimonial,2025.0,1.0,JAN,2025-01-01,4.0,SEX,False,,
2025-01-03,21:00:00,CRIMES CONTRA PATRIMÔNIO,CRIMES CONTRA PATRIMÔNIO: ROUBO: A PESSOA EM VIA PÚBLICA,ES,ARACRUZ,BELA VISTA,VIA PÚBLICA,roubos,patrimonial,2025.0,1.0,JAN,2025-01-01,4.0,SEX,False,21.0,NOITE
2025-01-03,02:00:00,CRIMES CONTRA PATRIMÔNIO,CRIMES CONTRA PATRIMÔNIO: ROUBO: A PESSOA EM VIA PÚBLICA,ES,VITORIA,JARDIM CAMBURI,VIA PÚBLICA,roubos,patrimonial,2025.0,1.0,JAN,2025-01-01,4.0,SEX,False,2.0,MADRUGADA
2025-01-03,08:15:00,CRIMES CONTRA PATRIMÔNIO,CRIMES CONTRA PATRIMÔNIO: ROUBO: A PESSOA EM VIA PÚBLICA,ES,VITORIA,ENSEADA DO SUA,VIA PÚBLICA,roubos,patrimonial,2025.0,1.0,JAN,2025-01-01,4.0,SEX,False,8.0,MANHA
2025-01-03,15:00:00,CRIMES CONTRA PATRIMÔNIO,CRIMES CONTRA PATRIMÔNIO: ROUBO: A PESSOA EM VIA PÚBLICA,ES,CONCEICAO DA BARRA,CENTRO,VIA PÚBLICA,roubos,patrimonial,2025.0,1.0,JAN,2025-01-01,4.0,SEX,False,15.0,TARDE
2025-01-03,21:00:00,CRIMES CONTRA PATRIMÔNIO,CRIMES CONTRA PATRIMÔNIO: ROUBO: A PESSOA EM VIA PÚBLICA,ES,VITORIA,SANTA LUCIA,VIA PÚBLICA,roubos,patrimonial,2025.0,1.0,JAN,2025-01-01,4.0,SEX,False,21.0,NOITE
2025-01-03,20:00:00,CRIMES CONTRA PATRIMÔNIO,CRIMES CONTRA PATRIMÔNIO: ROUBO: A PESSOA EM VIA PÚBLICA,ES,SERRA,PARQUE RESIDENCIAL LARANJEIRAS,VEÍCULO,roubos,patrimonial,2025.0,1.0,JAN,2025-01-01,4.0,SEX,False,20.0,NOITE
2025-01-03,01:00:00,CRIMES CONTRA PATRIMÔNIO,CRIMES CONTRA PATRIMÔNIO: ROUBO: A PESSOA EM VIA PÚBLICA,ES,CARIACICA,APARECIDA,VIA PÚBLICA,roubos,patrimonial,2025.0,1.0,JAN,2025-01-01,4.0,SEX,False,1.0,MADRUGADA
2025-01-03,14:30:00,CRIMES CONTRA PATRIMÔNIO,CRIMES CONTRA PATRIMÔNIO: ROUBO: A PESSOA EM VIA PÚBLICA,ES,VITORIA,VILA RUBIM,VIA PÚBLICA,roubos,patrimonial,2025.0,1.0,JAN,2025-01-01,4.0,SEX,False,14.0,TARDE
2025-01-03,22:20:00,CRIMES CONTRA PATRIMÔNIO,CRIMES CONTRA PATRIMÔNIO: ROUBO: A PESSOA EM VIA PÚBLICA,ES,SERRA,BARCELONA,VIA PÚBLICA,roubos,patrimonial,2025.0,1.0,JAN,2025-01-01,4.0,SEX,False,22.0,NOITE
2025-01-03,11:00:00,CRIMES CONTRA PATRIMÔNIO,CRIMES CONTRA PATRIMÔNIO: ROUBO: A PESSOA EM VIA PÚBLICA,ES,GUARAPARI,SETIBA,VIA PÚBLICA,roubos,patrimonial,2025.0,1.0,JAN,2025-01-01,4.0,SEX,False,11.0,MANHA
2025-01-03,22:50:00,CRIMES CONTRA PATRIMÔNIO,CRIMES CONTRA PATRIMÔNIO: ROUBO: A PESSOA EM VIA PÚBLICA,ES,SERRA,EURICO SALLES,OUTRO LOCAL,roubos,patrimonial,2025.0,1.0,JAN,2025-01-01,4.0,SEX,False,22.0,NOITE
2025-01-03,20:00:00,CRIMES CONTRA PATRIMÔNIO,CRIMES CONTRA PATRIMÔNIO: ROUBO: A PESSOA EM VIA PÚBLICA,ES,CARIACICA,ITAQUARI,VIA PÚBLICA,roubos,patrimonial,2025.0,1.0,JAN,2025-01-01,4.0,SEX,False,20.0,NOITE
2025-01-03,14:00:00,CRIMES CONTRA PATRIMÔNIO,CRIMES CONTRA PATRIMÔNIO: ROUBO: A PESSOA EM VIA PÚBLICA,ES,LINHARES,CANIVETE,VIA PÚBLICA,roubos,patrimonial,2025.0,1.0,JAN,2025-01-01,4.0,SEX,False,14.0,TARDE
2025-01-03,18:00:00,CRIMES CONTRA PATRIMÔNIO,CRIMES CONTRA PATRIMÔNIO: ROUBO: A PESSOA EM VIA PÚBLICA,ES,CARIACICA,EXPEDITO,OUTRO LOCAL,roubos,patrimonial,2025.0,1.0,JAN,2025-01-01,4.0,SEX,False,18.0,NOITE
2025-01-03,20:00:00,CRIMES CONTRA PATRIMÔNIO,CRIMES CONTRA PATRIMÔNIO: ROUBO: A PESSOA EM VIA PÚBLICA,ES,SERRA,PORTAL DE JACARAIPE,VIA PÚBLICA,roubos,patrimonial,2025.0,1.0,JAN,2025-01-01,4.0,SEX,False,20.0,NOITE
2025-01-03,05:30:00,CRIMES CONTRA PATRIMÔNIO,CRIMES CONTRA PATRIMÔNIO: ROUBO: A PESSOA EM VIA PÚBLICA,ES,SERRA,JARDIM BELA VISTA,VIA PÚBLICA,roubos,patrimonial,2025.0,1.0,JAN,2025-01-01,4.0,SEX,False,5.0,MADRUGADA
2025-01-03,22:50:00,CRIMES CONTRA PATRIMÔNIO,CRIMES CONTRA PATRIMÔNIO: ROUBO: EM TRANSPORTE COLETIVO,ES,SERRA,CARAPINA,VEÍCULO,roubos,patrimonial,2025.0,1.0,JAN,2025-01-01,4.0,SEX,False,22.0,NOITE
2025-01-03,22:40:00,CRIMES CONTRA PATRIMÔNIO,CRIMES CONTRA PATRIMÔNIO: ROUBO: EM TRANSPORTE COLETIVO,ES,SERRA,CENTRAL CARAPINA,TRANSP COLETIVO,roubos,patrimonial,2025.0,1.0,JAN,2025-01-01,4.0,SEX,False,22.0,NOITE
2025-01-03,23:30:00,CRIMES CONTRA PATRIMÔNIO,CRIMES CONTRA PATRIMÔNIO: ROUBO: EM TRANSPORTE COLETIVO,ES,SERRA,CARAPINA,EMBARCAÇÃO,roubos,patrimonial,2025.0,1.0,JAN,2025-01-01,4.0,SEX,False,23.0,NOITE
2025-01-03,22:47:00,CRIMES CONTRA PATRIMÔNIO,CRIMES CONTRA PATRIMÔNIO: ROUBO: EM TRANSPORTE COLETIVO,ES,SERRA,ROSARIO DE FATIMA,TRANSP COLETIVO,roubos,patrimonial,2025.0,1.0,JAN,2025-01-01,4.0,SEX,False,22.0,NOITE
2025-01-03,01:00:00,CRIMES CONTRA PATRIMÔNIO,CRIMES CONTRA PATRIMÔNIO: ROUBO: EM TRANSPORTE COLETIVO,ES,VILA VELHA,ALECRIM,TRANSP COLETIVO,roubos,patrimonial,2025.0,1.0,JAN,2025-01-01,4.0,SEX,False,1.0,MADRUGADA
2025-01-03,07:11:00,CRIMES CONTRA PATRIMÔNIO,CRIMES CONTRA PATRIMÔNIO: ROUBO: EM ESTABELECIMENTO COMERCIAL,ES,VILA VELHA,CRISTOVAO COLOMBO,COMÉRCIO,roubos,patrimonial,2025.0,1.0,JAN,2025-01-01,4.0,SEX,False,7.0,MANHA
2025-01-03,16:00:00,CRIMES CONTRA PATRIMÔNIO,CRIMES CONTRA PATRIMÔNIO: ROUBO: EM ESTABELECIMENTO COMERCIAL,ES,SERRA,SAO DIOGO II,COMÉRCIO,roubos,patrimonial,2025.0,1.0,JAN,2025-01-01,4.0,SEX,False,16.0,TARDE
2025-01-04,04:30:00,CRIMES CONTRA PATRIMÔNIO,CRIMES CONTRA PATRIMÔNIO: ROUBO: A PESSOA EM VIA PÚBLICA,ES,GUARAPARI,CENTRO,VIA PÚBLICA,roubos,patrimonial,2025.0,1.0,JAN,2025-01-01,5.0,SAB,True,4.0,MADRUGADA
2025-01-04,07:04:00,CRIMES CONTRA PATRIMÔNIO,CRIMES CONTRA PATRIMÔNIO: ROUBO: A PESSOA EM VIA PÚBLICA,ES,ALEGRE,MORRO DO QUEROSENE,VIA PÚBLICA,roubos,patrimonial,2025.0,1.0,JAN,2025-01-01,5.0,SAB,True,7.0,MANHA
2025-01-04,04:00:00,CRIMES CONTRA PATRIMÔNIO,CRIMES CONTRA PATRIMÔNIO: ROUBO: A PESSOA EM VIA PÚBLICA,ES,CARIACICA,SANTA CECILIA,VIA PÚBLICA,roubos,patrimonial,2025.0,1.0,JAN,2025-01-01,5.0,SAB,True,4.0,MADRUGADA
2025-01-04,07:46:00,CRIMES CONTRA PATRIMÔNIO,CRIMES CONTRA PATRIMÔNIO: ROUBO: A PESSOA EM VIA PÚBLICA,ES,VITORIA,JARDIM DA PENHA,VIA PÚBLICA,roubos,patrimonial,2025.0,1.0,JAN,2025-01-01,5.0,SAB,True,7.0,MANHA
2025-01-04,08:40:00,CRIMES CONTRA PATRIMÔNIO,CRIMES CONTRA PATRIMÔNIO: ROUBO: A PESSOA EM VIA PÚBLICA,ES,VITORIA,CONSOLACAO,VIA PÚBLICA,roubos,patrimonial,2025.0,1.0,JAN,2025-01-01,5.0,SAB,True,8.0,MANHA
2025-01-04,04:00:00,CRIMES CONTRA PATRIMÔNIO,CRIMES CONTRA PATRIMÔNIO: ROUBO: A PESSOA EM VIA PÚBLICA,ES,SERRA,JARDIM LIMOEIRO,VIA PÚBLICA,roubos,patrimonial,2025.0,1.0,JAN,2025-01-01,5.0,SAB,True,4.0,MADRUGADA
2025-01-04,07:40:00,CRIMES CONTRA PATRIMÔNIO,CRIMES CONTRA PATRIMÔNIO: ROUBO: A PESSOA EM VIA PÚBLICA,ES,VILA VELHA,PRAIA DA COSTA,VIA PÚBLICA,roubos,patrimonial,2025.0,1.0,JAN,2025-01-01,5.0,SAB,True,7.0,MANHA
2025-01-04,12:44:00,CRIMES CONTRA PATRIMÔNIO,CRIMES CONTRA PATRIMÔNIO: ROUBO: A PESSOA EM VIA PÚBLICA,ES,GUARAPARI,CENTRO,VIA PÚBLICA,roubos,patrimonial,2025.0,1.0,JAN,2025-01-01,5.0,SAB,True,12.0,TARDE
2025-01-04,16:43:00,CRIMES CONTRA PATRIMÔNIO,CRIMES CONTRA PATRIMÔNIO: ROUBO: A PESSOA EM VIA PÚBLICA,ES,SAO MATEUS,SANTO ANTONIO,VIA PÚBLICA,roubos,patrimonial,2025.0,1.0,JAN,2025-01-01,5.0,SAB,True,16.0,TARDE
2025-01-04,19:06:00,CRIMES CONTRA PATRIMÔNIO,CRIMES CONTRA PATRIMÔNIO: ROUBO: A PESSOA EM VIA PÚBLICA,ES,GUARAPARI,CENTRO,VIA PÚBLICA,roubos,patrimonial,2025.0,1.0,JAN,2025-01-01,5.0,SAB,True,19.0,NOITE
2025-01-04,18:50:00,CRIMES CONTRA PATRIMÔNIO,CRIMES CONTRA PATRIMÔNIO: ROUBO: A PESSOA EM VIA PÚBLICA,ES,SERRA,SAO DIOGO II,VIA PÚBLICA,roubos,patrimonial,2025.0,1.0,JAN,2025-01-01,5.0,SAB,True,18.0,NOITE
2025-01-04,21:20:00,CRIMES CONTRA PATRIMÔNIO,CRIMES CONTRA PATRIMÔNIO: ROUBO: A PESSOA EM VIA PÚBLICA,ES,VITORIA,PRAIA DO CANTO,VIA PÚBLICA,roubos,patrimonial,2025.0,1.0,JAN,2025-01-01,5.0,SAB,True,21.0,NOITE
2025-01-04,22:00:00,CRIMES CONTRA PATRIMÔNIO,CRIMES CONTRA PATRIMÔNIO: ROUBO: A PESSOA EM VIA PÚBLICA,ES,VILA VELHA,COCAL,VIA PÚBLICA,roubos,patrimonial,2025.0,1.0,JAN,2025-01-01,5.0,SAB,True,22.0,NOITE
2025-01-04,23:30:00,CRIMES CONTRA PATRIMÔNIO,CRIMES CONTRA PATRIMÔNIO: ROUBO: A PESSOA EM VIA PÚBLICA,ES,VILA VELHA,BARRA DO JUCU,REPARTICAO PUBLICA,roubos,patrimonial,2025.0,1.0,JAN,2025-01-01,5.0,SAB,True,23.0,NOITE
2025-01-04,21:20:00,CRIMES CONTRA PATRIMÔNIO,CRIMES CONTRA PATRIMÔNIO: ROUBO: A PESSOA EM VIA PÚBLICA,ES,VITORIA,PRAIA DO CANTO,VIA PÚBLICA,roubos,patrimonial,2025.0,1.0,JAN,2025-01-01,5.0,SAB,True,21.0,NOITE
2025-01-04,03:00:00,CRIMES CONTRA PATRIMÔNIO,CRIMES CONTRA PATRIMÔNIO: ROUBO: A PESSOA EM VIA PÚBLICA,ES,VILA VELHA,NOVO MEXICO,VIA PÚBLICA,roubos,patrimonial,2025.0,1.0,JAN,2025-01-01,5.0,SAB,True,3.0,MADRUGADA
2025-01-04,00:30:00,CRIMES CONTRA PATRIMÔNIO,CRIMES CONTRA PATRIMÔNIO: ROUBO: A PESSOA EM VIA PÚBLICA,ES,VILA VELHA,NOVA ITAPARICA,RESIDÊNCIA,roubos,patrimonial,2025.0,1.0,JAN,2025-01-01,5.0,SAB,True,0.0,MADRUGADA
2025-01-04,01:00:00,CRIMES CONTRA PATRIMÔNIO,CRIMES CONTRA PATRIMÔNIO: ROUBO: A PESSOA EM VIA PÚBLICA,ES,VITORIA,MATA DA PRAIA,VIA PÚBLICA,roubos,patrimonial,2025.0,1.0,JAN,2025-01-01,5.0,SAB,True,1.0,MADRUGADA
2025-01-04,20:10:00,CRIMES CONTRA PATRIMÔNIO,CRIMES CONTRA PATRIMÔNIO: ROUBO: A PESSOA EM VIA PÚBLICA,ES,SERRA,LAGOA DE JACARAIPE,COMÉRCIO,roubos,patrimonial,2025.0,1.0,JAN,2025-01-01,5.0,SAB,True,20.0,NOITE
2025-01-04,20:21:00,CRIMES CONTRA PATRIMÔNIO,CRIMES CONTRA PATRIMÔNIO: ROUBO: A PESSOA EM VIA PÚBLICA,ES,SERRA,BAIRRO DAS LARANJEIRAS,COMÉRCIO,roubos,patrimonial,2025.0,1.0,JAN,2025-01-01,5.0,SAB,True,20.0,NOITE
2025-01-04,20:00:00,CRIMES CONTRA PATRIMÔNIO,CRIMES CONTRA PATRIMÔNIO: ROUBO: A PESSOA EM VIA PÚBLICA,ES,LINHARES,NOVA ESPERANCA,VIA PÚBLICA,roubos,patrimonial,2025.0,1.0,JAN,2025-01-01,5.0,SAB,True,20.0,NOITE
2025-01-04,12:00:00,CRIMES CONTRA PATRIMÔNIO,CRIMES CONTRA PATRIMÔNIO: ROUBO: A PESSOA EM VIA PÚBLICA,ES,VILA VELHA,CHACARA DO CONDE,VIA PÚBLICA,roubos,patrimonial,2025.0,1.0,JAN,2025-01-01,5.0,SAB,True,12.0,TARDE
2025-01-04,02:30:00,CRIMES CONTRA PATRIMÔNIO,CRIMES CONTRA PATRIMÔNIO: ROUBO: A PESSOA EM VIA PÚBLICA,ES,VITORIA,JARDIM DA PENHA,VIA PÚBLICA,roubos,patrimonial,2025.0,1.0,JAN,2025-01-01,5.0,SAB,True,2.0,MADRUGADA
2025-01-04,14:40:00,CRIMES CONTRA PATRIMÔNIO,CRIMES CONTRA PATRIMÔNIO: ROUBO: A PESSOA EM VIA PÚBLICA,ES,SERRA,CARAPINA,VIA PÚBLICA,roubos,patrimonial,2025.0,1.0,JAN,2025-01-01,5.0,SAB,True,14.0,TARDE
2025-01-04,20:30:00,CRIMES CONTRA PATRIMÔNIO,CRIMES CONTRA PATRIMÔNIO: ROUBO: A PESSOA EM VIA PÚBLICA,ES,SAO MATEUS,VILA NOVA,VIA PÚBLICA,roubos,patrimonial,2025.0,1.0,JAN,2025-01-01,5.0,SAB,True,20.0,NOITE
2025-01-04,23:54:00,CRIMES CONTRA PATRIMÔNIO,CRIMES CONTRA PATRIMÔNIO: ROUBO: A PESSOA EM VIA PÚBLICA,ES,VILA VELHA,CENTRO VILA VELHA,VIA PÚBLICA,roubos,patrimonial,2025.0,1.0,JAN,2025-01-01,5.0,SAB,True,23.0,NOITE
2025-01-04,Indeterminada,CRIMES CONTRA PATRIMÔNIO,CRIMES CONTRA PATRIMÔNIO: ROUBO: A PESSOA EM VIA PÚBLICA,ES,VITORIA,VILA RUBIM,VIA PÚBLICA,roubos,patrimonial,2025.0,1.0,JAN,2025-01-01,5.0,SAB,True,,
2025-01-04,19:00:00,CRIMES CONTRA PATRIMÔNIO,CRIMES CONTRA PATRIMÔNIO: ROUBO: A PESSOA EM VIA PÚBLICA,ES,GUARAPARI,NOVA GUARAPARI,VIA PÚBLICA,roubos,patrimonial,2025.0,1.0,JAN,2025-01-01,5.0,SAB,True,19.0,NOITE
2025-01-04,18:55:00,CRIMES CONTRA PATRIMÔNIO,CRIMES CONTRA PATRIMÔNIO: ROUBO: A PESSOA EM VIA PÚBLICA,ES,GUARAPARI,NOVA GUARAPARI,VIA PÚBLICA,roubos,patrimonial,2025.0,1.0,JAN,2025-01-01,5.0,SAB,True,18.0,NOITE
2025-01-04,20:30:00,CRIMES CONTRA PATRIMÔNIO,CRIMES CONTRA PATRIMÔNIO: ROUBO: A PESSOA EM VIA PÚBLICA,ES,LINHARES,CENTRO,VIA PÚBLICA,roubos,patrimonial,2025.0,1.0,JAN,2025-01-01,5.0,SAB,True,20.0,NOITE
2025-01-04,21:35:00,CRIMES CONTRA PATRIMÔNIO,CRIMES CONTRA PATRIMÔNIO: ROUBO: A PESSOA EM VIA PÚBLICA,ES,VITORIA,JARDIM DA PENHA,VIA PÚBLICA,roubos,patrimonial,2025.0,1.0,JAN,2025-01-01,5.0,SAB,True,21.0,NOITE
2025-01-04,23:00:00,CRIMES CONTRA PATRIMÔNIO,CRIMES CONTRA PATRIMÔNIO: ROUBO: A PESSOA EM VIA PÚBLICA,ES,CARIACICA,CAMPO GRANDE,VIA PÚBLICA,roubos,patrimonial,2025.0,1.0,JAN,2025-01-01,5.0,SAB,True,23.0,NOITE
2025-01-04,02:30:00,CRIMES CONTRA PATRIMÔNIO,CRIMES CONTRA PATRIMÔNIO: ROUBO: A PESSOA EM VIA PÚBLICA,ES,VITORIA,JARDIM DA PENHA,VIA PÚBLICA,roubos,patrimonial,2025.0,1.0,JAN,2025-01-01,5.0,SAB,True,2.0,MADRUGADA
2025-01-04,13:00:00,CRIMES CONTRA PATRIMÔNIO,CRIMES CONTRA PATRIMÔNIO: ROUBO: A PESSOA EM VIA PÚBLICA,ES,CARIACICA,SANTO ANTONIO,VIA PÚBLICA,roubos,patrimonial,2025.0,1.0,JAN,2025-01-01,5.0,SAB,True,13.0,TARDE
2025-01-04,10:00:00,CRIMES CONTRA PATRIMÔNIO,CRIMES CONTRA PATRIMÔNIO: ROUBO: A PESSOA EM VIA PÚBLICA,ES,VILA VELHA,VALE ENCANTADO,VIA PÚBLICA,roubos,patrimonial,2025.0,1.0,JAN,2025-01-01,5.0,SAB,True,10.0,MANHA
2025-01-04,Indeterminada,CRIMES CONTRA PATRIMÔNIO,CRIMES CONTRA PATRIMÔNIO: ROUBO: EM TRANSPORTE COLETIVO,ES,SERRA,CARAPINA,VEÍCULO,roubos,patrimonial,2025.0,1.0,JAN,2025-01-01,5.0,SAB,True,,
2025-01-04,06:00:00,CRIMES CONTRA PATRIMÔNIO,CRIMES CONTRA PATRIMÔNIO: ROUBO: EM RESIDÊNCIA/CONDOMÍNIO,ES,GOVERNADOR LINDENBERG,NOVO BRASIL,RESIDÊNCIA,roubos,patrimonial,2025.0,1.0,JAN,2025-01-01,5.0,SAB,True,6.0,MANHA
2025-01-04,21:53:00,CRIMES CONTRA PATRIMÔNIO,CRIMES CONTRA PATRIMÔNIO: ROUBO: EM RESIDÊNCIA/CONDOMÍNIO,ES,JOAO NEIVA,ZONA RURAL,RESIDÊNCIA,roubos,patrimonial,2025.0,1.0,JAN,2025-01-01,5.0,SAB,True,21.0,NOITE
2025-01-05,03:55:00,CRIMES CONTRA PATRIMÔNIO,CRIMES CONTRA PATRIMÔNIO: ROUBO: A PESSOA EM VIA PÚBLICA,ES,COLATINA,CENTRO,VIA PÚBLICA,roubos,patrimonial,2025.0,1.0,JAN,2025-01-01,6.0,DOM,True,3.0,MADRUGADA
2025-01-05,06:55:00,CRIMES CONTRA PATRIMÔNIO,CRIMES CONTRA PATRIMÔNIO: ROUBO: A PESSOA EM VIA PÚBLICA,ES,VITORIA,CENTRO,VIA PÚBLICA,roubos,patrimonial,2025.0,1.0,JAN,2025-01-01,6.0,DOM,True,6.0,MANHA
2025-01-05,02:00:00,CRIMES CONTRA PATRIMÔNIO,CRIMES CONTRA PATRIMÔNIO: ROUBO: A PESSOA EM VIA PÚBLICA,ES,COLATINA,CENTRO,VIA PÚBLICA,roubos,patrimonial,2025.0,1.0,JAN,2025-01-01,6.0,DOM,True,2.0,MADRUGADA
2025-01-05,10:30:00,CRIMES CONTRA PATRIMÔNIO,CRIMES CONTRA PATRIMÔNIO: ROUBO: A PESSOA EM VIA PÚBLICA,ES,CARIACICA,CAMPO GRANDE,VIA PÚBLICA,roubos,patrimonial,2025.0,1.0,JAN,2025-01-01,6.0,DOM,True,10.0,MANHA
2025-01-05,14:40:00,CRIMES CONTRA PATRIMÔNIO,CRIMES CONTRA PATRIMÔNIO: ROUBO: A PESSOA EM VIA PÚBLICA,ES,VILA VELHA,PRAIA DA COSTA,VIA PÚBLICA,roubos,patrimonial,2025.0,1.0,JAN,2025-01-01,6.0,DOM,True,14.0,TARDE
2025-01-05,20:00:00,CRIMES CONTRA PATRIMÔNIO,CRIMES CONTRA PATRIMÔNIO: ROUBO: A PESSOA EM VIA PÚBLICA,ES,VILA VELHA,CRISTOVAO COLOMBO,VIA PÚBLICA,roubos,patrimonial,2025.0,1.0,JAN,2025-01-01,6.0,DOM,True,20.0,NOITE
2025-01-05,Indeterminada,CRIMES CONTRA PATRIMÔNIO,CRIMES CONTRA PATRIMÔNIO: ROUBO: A PESSOA EM VIA PÚBLICA,ES,SERRA,CARAPINA,VIA PÚBLICA,roubos,patrimonial,2025.0,1.0,JAN,2025-01-01,6.0,DOM,True,,
2025-01-05,00:30:00,CRIMES CONTRA PATRIMÔNIO,CRIMES CONTRA PATRIMÔNIO: ROUBO: A PESSOA EM VIA PÚBLICA,ES,VITORIA,JARDIM CAMBURI,VIA PÚBLICA,roubos,patrimonial,2025.0,1.0,JAN,2025-01-01,6.0,DOM,True,0.0,MADRUGADA
2025-01-05,23:55:00,CRIMES CONTRA PATRIMÔNIO,CRIMES CONTRA PATRIMÔNIO: ROUBO: A PESSOA EM VIA PÚBLICA,ES,VITORIA,NOVA PALESTINA,VIA PÚBLICA,roubos,patrimonial,2025.0,1.0,JAN,2025-01-01,6.0,DOM,True,23.0,NOITE
2025-01-05,23:45:00,CRIMES CONTRA PATRIMÔNIO,CRIMES CONTRA PATRIMÔNIO: ROUBO: A PESSOA EM VIA PÚBLICA,ES,CARIACICA,VALE DOS REIS,VIA PÚBLICA,roubos,patrimonial,2025.0,1.0,JAN,2025-01-01,6.0,DOM,True,23.0,NOITE
2025-01-05,21:00:00,CRIMES CONTRA PATRIMÔNIO,CRIMES CONTRA PATRIMÔNIO: ROUBO: A PESSOA EM VIA PÚBLICA,ES,SERRA,NOVA ALMEIDA CENTRO,VIA PÚBLICA,roubos,patrimonial,2025.0,1.0,JAN,2025-01-01,6.0,DOM,True,21.0,NOITE
2025-01-05,20:30:00,CRIMES CONTRA PATRIMÔNIO,CRIMES CONTRA PATRIMÔNIO: ROUBO: A PESSOA EM VIA PÚBLICA,ES,VILA VELHA,ATAIDE,VIA PÚBLICA,roubos,patrimonial,2025.0,1.0,JAN,2025-01-01,6.0,DOM,True,20.0,NOITE
2025-01-05,20:12:00,CRIMES CONTRA PATRIMÔNIO,CRIMES CONTRA PATRIMÔNIO: ROUBO: A PESSOA EM VIA PÚBLICA,ES,CARIACICA,ALTO LAGE,VIA PÚBLICA,roubos,patrimonial,2025.0,1.0,JAN,2025-01-01,6.0,DOM,True,20.0,NOITE
2025-01-05,13:00:00,CRIMES CONTRA PATRIMÔNIO,CRIMES CONTRA PATRIMÔNIO: ROUBO: A PESSOA EM VIA PÚBLICA,ES,SAO MATEUS,SERNAMBY,VIA PÚBLICA,roubos,patrimonial,2025.0,1.0,JAN,2025-01-01,6.0,DOM,True,13.0,TARDE
2025-01-05,09:45:00,CRIMES CONTRA PATRIMÔNIO,CRIMES CONTRA PATRIMÔNIO: ROUBO: A PESSOA EM VIA PÚBLICA,ES,CARIACICA,EXPEDITO,OUTRO LOCAL,roubos,patrimonial,2025.0,1.0,JAN,2025-01-01,6.0,DOM,True,9.0,MANHA
2025-01-05,16:25:00,CRIMES CONTRA PATRIMÔNIO,CRIMES CONTRA PATRIMÔNIO: ROUBO: A PESSOA EM VIA PÚBLICA,ES,SERRA,NOSSA SENHORA DA CONCEICAO,VIA PÚBLICA,roubos,patrimonial,2025.0,1.0,JAN,2025-01-01,6.0,DOM,True,16.0,TARDE
2025-01-05,05:00:00,CRIMES CONTRA PATRIMÔNIO,CRIMES CONTRA PATRIMÔNIO: ROUBO: A PESSOA EM VIA PÚBLICA,ES,VITORIA,JARDIM DA PENHA,VIA PÚBLICA,roubos,patrimonial,2025.0,1.0,JAN,2025-01-01,6.0,DOM,True,5.0,MADRUGADA
2025-01-05,18:10:00,CRIMES CONTRA PATRIMÔNIO,CRIMES CONTRA PATRIMÔNIO: ROUBO: A PESSOA EM VIA PÚBLICA,ES,VITORIA,PARQUE MOSCOSO,VIA PÚBLICA,roubos,patrimonial,2025.0,1.0,JAN,2025-01-01,6.0,DOM,True,18.0,NOITE
2025-01-05,20:14:00,CRIMES CONTRA PATRIMÔNIO,CRIMES CONTRA PATRIMÔNIO: ROUBO: A PESSOA EM VIA PÚBLICA,ES,MUNIZ FREIRE,ASSUNCAO,VIA PÚBLICA,roubos,patrimonial,2025.0,1.0,JAN,2025-01-01,6.0,DOM,True,20.0,NOITE
2025-01-05,22:30:00,CRIMES CONTRA PATRIMÔNIO,CRIMES CONTRA PATRIMÔNIO: ROUBO: A PESSOA EM VIA PÚBLICA,ES,CARIACICA,PORTO DE SANTANA,VIA PÚBLICA,roubos,patrimonial,2025.0,1.0,JAN,2025-01-01,6.0,DOM,True,22.0,NOITE
2025-01-05,19:31:00,CRIMES CONTRA PATRIMÔNIO,CRIMES CONTRA PATRIMÔNIO: ROUBO: A PESSOA EM VIA PÚBLICA,ES,SERRA,SAO DIOGO I,VIA PÚBLICA,roubos,patrimonial,2025.0,1.0,JAN,2025-01-01,6.0,DOM,True,19.0,NOITE
2025-01-05,02:00:00,CRIMES CONTRA PATRIMÔNIO,CRIMES CONTRA PATRIMÔNIO: ROUBO: A PESSOA EM VIA PÚBLICA,ES,VILA VELHA,VILA BATISTA,VIA PÚBLICA,roubos,patrimonial,2025.0,1.0,JAN,2025-01-01,6.0,DOM,True,2.0,MADRUGADA
2025-01-05,18:20:00,CRIMES CONTRA PATRIMÔNIO,CRIMES CONTRA PATRIMÔNIO: ROUBO: A PESSOA EM VIA PÚBLICA,ES,CARIACICA,FLEXAL I,VIA PÚBLICA,roubos,patrimonial,2025.0,1.0,JAN,2025-01-01,6.0,DOM,True,18.0,NOITE
2025-01-05,09:30:00,CRIMES CONTRA PATRIMÔNIO,CRIMES CONTRA PATRIMÔNIO: ROUBO: A PESSOA EM VIA PÚBLICA,ES,SERRA,MANGUINHOS,VIA PÚBLICA,roubos,patrimonial,2025.0,1.0,JAN,2025-01-01,6.0,DOM,True,9.0,MANHA
2025-01-05,10:20:00,CRIMES CONTRA PATRIMÔNIO,CRIMES CONTRA PATRIMÔNIO: ROUBO: A PESSOA EM VIA PÚBLICA,ES,CARIACICA,CAMPO GRANDE,VIA PÚBLICA,roubos,patrimonial,2025.0,1.0,JAN,2025-01-01,6.0,DOM,True,10.0,MANHA
2025-01-05,21:00:00,CRIMES CONTRA PATRIMÔNIO,CRIMES CONTRA PATRIMÔNIO: ROUBO: A PESSOA EM VIA PÚBLICA,ES,SERRA,CARAPINA I,VIA PÚBLICA,roubos,patrimonial,2025.0,1.0,JAN,2025-01-01,6.0,DOM,True,21.0,NOITE
2025-01-05,22:20:00,CRIMES CONTRA PATRIMÔNIO,CRIMES CONTRA PATRIMÔNIO: ROUBO: A PESSOA EM VIA PÚBLICA,ES,SERRA,PARQUE RESIDENCIAL LARANJEIRAS,VIA PÚBLICA,roubos,patrimonial,2025.0,1.0,JAN,2025-01-01,6.0,DOM,True,22.0,NOITE
2025-01-05,11:30:00,CRIMES CONTRA PATRIMÔNIO,CRIMES CONTRA PATRIMÔNIO: ROUBO: EM TRANSPORTE COLETIVO,ES,CARIACICA,JARDIM AMERICA,TRANSP COLETIVO,roubos,patrimonial,2025.0,1.0,JAN,2025-01-01,6.0,DOM,True,11.0,MANHA
2025-01-05,07:00:00,CRIMES CONTRA PATRIMÔNIO,CRIMES CONTRA PATRIMÔNIO: ROUBO: EM TRANSPORTE COLETIVO,ES,VITORIA,JARDIM CAMBURI,TRANSP COLETIVO,roubos,patrimonial,2025.0,1.0,JAN,2025-01-01,6.0,DOM,True,7.0,MANHA
2025-01-05,18:40:00,CRIMES CONTRA PATRIMÔNIO,CRIMES CONTRA PATRIMÔNIO: ROUBO: EM RESIDÊNCIA/CONDOMÍNIO,ES,BOA ESPERANCA,ZONA RURAL,RESIDÊNCIA,roubos,patrimonial,2025.0,1.0,JAN,2025-01-01,6.0,DOM,True,18.0,NOITE
2025-01-06,05:30:00,CRIMES CONTRA PATRIMÔNIO,CRIMES CONTRA PATRIMÔNIO: ROUBO: A PESSOA EM VIA PÚBLICA,ES,SERRA,JARDIM LIMOEIRO,VIA PÚBLICA,roubos,patrimonial,2025.0,1.0,JAN,2025-01-01,0.0,SEG,False,5.0,MADRUGADA
2025-01-06,07:45:00,CRIMES CONTRA PATRIMÔNIO,CRIMES CONTRA PATRIMÔNIO: ROUBO: A PESSOA EM VIA PÚBLICA,ES,SAO MATEUS,CENTRO,VIA PÚBLICA,roubos,patrimonial,2025.0,1.0,JAN,2025-01-01,0.0,SEG,False,7.0,MANHA
2025-01-06,01:40:00,CRIMES CONTRA PATRIMÔNIO,CRIMES CONTRA PATRIMÔNIO: ROUBO: A PESSOA EM VIA PÚBLICA,ES,CARIACICA,ORIENTE,VIA PÚBLICA,roubos,patrimonial,2025.0,1.0,JAN,2025-01-01,0.0,SEG,False,1.0,MADRUGADA
2025-01-06,07:00:00,CRIMES CONTRA PATRIMÔNIO,CRIMES CONTRA PATRIMÔNIO: ROUBO: A PESSOA EM VIA PÚBLICA,ES,VILA VELHA,ZUMBI DOS PALMARES,VIA PÚBLICA,roubos,patrimonial,2025.0,1.0,JAN,2025-01-01,0.0,SEG,False,7.0,MANHA
2025-01-06,12:00:00,CRIMES CONTRA PATRIMÔNIO,CRIMES CONTRA PATRIMÔNIO: ROUBO: A PESSOA EM VIA PÚBLICA,ES,CACHOEIRO DE ITAPEMIRIM,CENTRO,VIA PÚBLICA,roubos,patrimonial,2025.0,1.0,JAN,2025-01-01,0.0,SEG,False,12.0,TARDE
2025-01-06,21:00:00,CRIMES CONTRA PATRIMÔNIO,CRIMES CONTRA PATRIMÔNIO: ROUBO: A PESSOA EM VIA PÚBLICA,ES,CARIACICA,ITACIBA,VIA PÚBLICA,roubos,patrimonial,2025.0,1.0,JAN,2025-01-01,0.0,SEG,False,21.0,NOITE
2025-01-06,16:00:00,CRIMES CONTRA PATRIMÔNIO,CRIMES CONTRA PATRIMÔNIO: ROUBO: A PESSOA EM VIA PÚBLICA,ES,LINHARES,CENTRO,OUTRO LOCAL,roubos,patrimonial,2025.0,1.0,JAN,2025-01-01,0.0,SEG,False,16.0,TARDE
2025-01-06,19:15:00,CRIMES CONTRA PATRIMÔNIO,CRIMES CONTRA PATRIMÔNIO: ROUBO: A PESSOA EM VIA PÚBLICA,ES,SERRA,ROSARIO DE FATIMA,VIA PÚBLICA,roubos,patrimonial,2025.0,1.0,JAN,2025-01-01,0.0,SEG,False,19.0,NOITE
2025-01-06,21:50:00,CRIMES CONTRA PATRIMÔNIO,CRIMES CONTRA PATRIMÔNIO: ROUBO: A PESSOA EM VIA PÚBLICA,ES,VITORIA,PRAIA DO CANTO,VIA PÚBLICA,roubos,patrimonial,2025.0,1.0,JAN,2025-01-01,0.0,SEG,False,21.0,NOITE
2025-01-06,11:00:00,CRIMES CONTRA PATRIMÔNIO,CRIMES CONTRA PATRIMÔNIO: ROUBO: A PESSOA EM VIA PÚBLICA,ES,VILA VELHA,ATAIDE,VIA PÚBLICA,roubos,patrimonial,2025.0,1.0,JAN,2025-01-01,0.0,SEG,False,11.0,MANHA
2025-01-06,19:00:00,CRIMES CONTRA PATRIMÔNIO,CRIMES CONTRA PATRIMÔNIO: ROUBO: A PESSOA EM VIA PÚBLICA,ES,VITORIA,JARDIM DA PENHA,VIA PÚBLICA,roubos,patrimonial,2025.0,1.0,JAN,2025-01-01,0.0,SEG,False,19.0,NOITE
2025-01-06,06:30:00,CRIMES CONTRA PATRIMÔNIO,CRIMES CONTRA PATRIMÔNIO: ROUBO: A PESSOA EM VIA PÚBLICA,ES,VILA VELHA,SAO CONRADO,OUTRO LOCAL,roubos,patrimonial,2025.0,1.0,JAN,2025-01-01,0.0,SEG,False,6.0,MANHA
2025-01-06,23:00:00,CRIMES CONTRA PATRIMÔNIO,CRIMES CONTRA PATRIMÔNIO: ROUBO: A PESSOA EM VIA PÚBLICA,ES,SERRA,COLINA DE LARANJEIRAS,VIA PÚBLICA,roubos,patrimonial,2025.0,1.0,JAN,2025-01-01,0.0,SEG,False,23.0,NOITE
2025-01-06,19:00:00,CRIMES CONTRA PATRIMÔNIO,CRIMES CONTRA PATRIMÔNIO: ROUBO: A PESSOA EM VIA PÚBLICA,ES,VILA VELHA,ARACAS,VIA PÚBLICA,roubos,patrimonial,2025.0,1.0,JAN,2025-01-01,0.0,SEG,False,19.0,NOITE
2025-01-06,00:30:00,CRIMES CONTRA PATRIMÔNIO,CRIMES CONTRA PATRIMÔNIO: ROUBO: A PESSOA EM VIA PÚBLICA,ES,VILA VELHA,JOCKEY DE ITAPARICA,VIA PÚBLICA,roubos,patrimonial,2025.0,1.0,JAN,2025-01-01,0.0,SEG,False,0.0,MADRUGADA
2025-01-06,23:40:00,CRIMES CONTRA PATRIMÔNIO,CRIMES CONTRA PATRIMÔNIO: ROUBO: A PESSOA EM VIA PÚBLICA,ES,VITORIA,MARIO CYPRESTE,VIA PÚBLICA,roubos,patrimonial,2025.0,1.0,JAN,2025-01-01,0.0,SEG,False,23.0,NOITE
2025-01-06,15:40:00,CRIMES CONTRA PATRIMÔNIO,CRIMES CONTRA PATRIMÔNIO: ROUBO: A PESSOA EM VIA PÚBLICA,ES,VILA VELHA,VALE ENCANTADO,VIA PÚBLICA,roubos,patrimonial,2025.0,1.0,JAN,2025-01-01,0.0,SEG,False,15.0,TARDE
2025-01-06,18:30:00,CRIMES CONTRA PATRIMÔNIO,CRIMES CONTRA PATRIMÔNIO: ROUBO: A PESSOA EM VIA PÚBLICA,ES,SERRA,ROSARIO DE FATIMA,VIA PÚBLICA,roubos,patrimonial,2025.0,1.0,JAN,2025-01-01,0.0,SEG,False,18.0,NOITE
2025-01-06,20:30:00,CRIMES CONTRA PATRIMÔNIO,CRIMES CONTRA PATRIMÔNIO: ROUBO: A PESSOA EM VIA PÚBLICA,ES,VILA VELHA,GLORIA,VIA PÚBLICA,roubos,patrimonial,2025.0,1.0,JAN,2025-01-01,0.0,SEG,False,20.0,NOITE
2025-01-06,16:00:00,CRIMES CONTRA PATRIMÔNIO,CRIMES CONTRA PATRIMÔNIO: ROUBO: A PESSOA EM VIA PÚBLICA,ES,SERRA,COLINA DE LARANJEIRAS,VIA PÚBLICA,roubos,patrimonial,2025.0,1.0,JAN,2025-01-01,0.0,SEG,False,16.0,TARDE
2025-01-06,05:20:00,CRIMES CONTRA PATRIMÔNIO,CRIMES CONTRA PATRIMÔNIO: ROUBO: A PESSOA EM VIA PÚBLICA,ES,SERRA,VILA NOVA DE COLARES,VIA PÚBLICA,roubos,patrimonial,2025.0,1.0,JAN,2025-01-01,0.0,SEG,False,5.0,MADRUGADA
2025-01-06,21:00:00,CRIMES CONTRA PATRIMÔNIO,CRIMES CONTRA PATRIMÔNIO: ROUBO: A PESSOA EM VIA PÚBLICA,ES,VITORIA,JUCUTUQUARA,VIA PÚBLICA,roubos,patrimonial,2025.0,1.0,JAN,2025-01-01,0.0,SEG,False,21.0,NOITE
2025-01-06,23:35:00,CRIMES CONTRA PATRIMÔNIO,CRIMES CONTRA PATRIMÔNIO: ROUBO: A PESSOA EM VIA PÚBLICA,ES,CARIACICA,CASTELO BRANCO,VIA PÚBLICA,roubos,patrimonial,2025.0,1.0,JAN,2025-01-01,0.0,SEG,False,23.0,NOITE
2025-01-06,06:48:00,CRIMES CONTRA PATRIMÔNIO,CRIMES CONTRA PATRIMÔNIO: ROUBO: EM TRANSPORTE COLETIVO,ES,CARIACICA,CASTELO BRANCO,VIA PÚBLICA,roubos,patrimonial,2025.0,1.0,JAN,2025-01-01,0.0,SEG,False,6.0,MANHA
2025-01-06,22:40:00,CRIMES CONTRA PATRIMÔNIO,CRIMES CONTRA PATRIMÔNIO: ROUBO: EM TRANSPORTE COLETIVO,ES,SERRA,CARAPINA GRANDE,TRANSP COLETIVO,roubos,patrimonial,2025.0,1.0,JAN,2025-01-01,0.0,SEG,False,22.0,NOITE
2025-01-06,00:09:00,CRIMES CONTRA PATRIMÔNIO,CRIMES CONTRA PATRIMÔNIO: ROUBO: EM ESTABELECIMENTO COMERCIAL,ES,LINHARES,AVISO,COMÉRCIO,roubos,patrimonial,2025.0,1.0,JAN,2025-01-01,0.0,SEG,False,0.0,MADRUGADA
2025-01-06,09:49:00,CRIMES CONTRA PATRIMÔNIO,CRIMES CONTRA PATRIMÔNIO: ROUBO: EM RESIDÊNCIA/CONDOMÍNIO,ES,MIMOSO DO SUL,PONTE DE ITABAPOANA,RESIDÊNCIA,roubos,patrimonial,2025.0,1.0,JAN,2025-01-01,0.0,SEG,False,9.0,MANHA
2025-01-06,01:00:00,CRIMES CONTRA PATRIMÔNIO,CRIMES CONTRA PATRIMÔNIO: ROUBO: EM RESIDÊNCIA/CONDOMÍNIO,ES,SERRA,PORTAL DE JACARAIPE,RESIDÊNCIA,roubos,patrimonial,2025.0,1.0,JAN,2025-01-01,0.0,SEG,False,1.0,MADRUGADA
2025-01-07,00:30:00,CRIMES CONTRA PATRIMÔNIO,CRIMES CONTRA PATRIMÔNIO: ROUBO: A PESSOA EM VIA PÚBLICA,ES,VILA VELHA,PAUL,VIA PÚBLICA,roubos,patrimonial,2025.0,1.0,JAN,2025-01-01,1.0,TER,False,0.0,MADRUGADA
2025-01-07,08:50:00,CRIMES CONTRA PATRIMÔNIO,CRIMES CONTRA PATRIMÔNIO: ROUBO: A PESSOA EM VIA PÚBLICA,ES,JAGUARE,CENTRO,VIA PÚBLICA,roubos,patrimonial,2025.0,1.0,JAN,2025-01-01,1.0,TER,False,8.0,MANHA
2025-01-07,08:30:00,CRIMES CONTRA PATRIMÔNIO,CRIMES CONTRA PATRIMÔNIO: ROUBO: A PESSOA EM VIA PÚBLICA,ES,CARIACICA,ALTO LAGE,VIA PÚBLICA,roubos,patrimonial,2025.0,1.0,JAN,2025-01-01,1.0,TER,False,8.0,MANHA
2025-01-07,07:40:00,CRIMES CONTRA PATRIMÔNIO,CRIMES CONTRA PATRIMÔNIO: ROUBO: A PESSOA EM VIA PÚBLICA,ES,VITORIA,MATA DA PRAIA,VIA PÚBLICA,roubos,patrimonial,2025.0,1.0,JAN,2025-01-01,1.0,TER,False,7.0,MANHA
2025-01-07,11:30:00,CRIMES CONTRA PATRIMÔNIO,CRIMES CONTRA PATRIMÔNIO: ROUBO: A PESSOA EM VIA PÚBLICA,ES,SERRA,SAO GERALDO,VIA PÚBLICA,roubos,patrimonial,2025.0,1.0,JAN,2025-01-01,1.0,TER,False,11.0,MANHA
2025-01-07,13:38:00,CRIMES CONTRA PATRIMÔNIO,CRIMES CONTRA PATRIMÔNIO: ROUBO: A PESSOA EM VIA PÚBLICA,ES,VITORIA,PRAIA DO CANTO,VIA PÚBLICA,roubos,patrimonial,2025.0,1.0,JAN,2025-01-01,1.0,TER,False,13.0,TARDE
2025-01-07,10:00:00,CRIMES CONTRA PATRIMÔNIO,CRIMES CONTRA PATRIMÔNIO: ROUBO: A PESSOA EM VIA PÚBLICA,ES,SERRA,CIVIT I,VIA PÚBLICA,roubos,patrimonial,2025.0,1.0,JAN,2025-01-01,1.0,TER,False,10.0,MANHA
2025-01-07,14:30:00,CRIMES CONTRA PATRIMÔNIO,CRIMES CONTRA PATRIMÔNIO: ROUBO: A PESSOA EM VIA PÚBLICA,ES,CARIACICA,SAO CONRADO,VIA PÚBLICA,roubos,patrimonial,2025.0,1.0,JAN,2025-01-01,1.0,TER,False,14.0,TARDE
2025-01-07,06:30:00,CRIMES CONTRA PATRIMÔNIO,CRIMES CONTRA PATRIMÔNIO: ROUBO: A PESSOA EM VIA PÚBLICA,ES,VILA VELHA,PAUL,VIA PÚBLICA,roubos,patrimonial,2025.0,1.0,JAN,2025-01-01,1.0,TER,False,6.0,MANHA
2025-01-07,10:00:00,CRIMES CONTRA PATRIMÔNIO,CRIMES CONTRA PATRIMÔNIO: ROUBO: A PESSOA EM VIA PÚBLICA,ES,LINHARES,AVISO,VIA PÚBLICA,roubos,patrimonial,2025.0,1.0,JAN,2025-01-01,1.0,TER,False,10.0,MANHA
2025-01-07,21:49:00,CRIMES CONTRA PATRIMÔNIO,CRIMES CONTRA PATRIMÔNIO: ROUBO: A PESSOA EM VIA PÚBLICA,ES,ANCHIETA,IRIRI,VIA PÚBLICA,roubos,patrimonial,2025.0,1.0,JAN,2025-01-01,1.0,TER,False,21.0,NOITE
2025-01-07,22:33:00,CRIMES CONTRA PATRIMÔNIO,CRIMES CONTRA PATRIMÔNIO: ROUBO: A PESSOA EM VIA PÚBLICA,ES,MUQUI,CENTRO,VIA PÚBLICA,roubos,patrimonial,2025.0,1.0,JAN,2025-01-01,1.0,TER,False,22.0,NOITE
2025-01-07,21:00:00,CRIMES CONTRA PATRIMÔNIO,CRIMES CONTRA PATRIMÔNIO: ROUBO: A PESSOA EM VIA PÚBLICA,ES,CACHOEIRO DE ITAPEMIRIM,ABELARDO MACHADO,VIA PÚBLICA,roubos,patrimonial,2025.0,1.0,JAN,2025-01-01,1.0,TER,False,21.0,NOITE
2025-01-07,22:10:00,CRIMES CONTRA PATRIMÔNIO,CRIMES CONTRA PATRIMÔNIO: ROUBO: A PESSOA EM VIA PÚBLICA,ES,ANCHIETA,IRIRI,VIA PÚBLICA,roubos,patrimonial,2025.0,1.0,JAN,2025-01-01,1.0,TER,False,22.0,NOITE
2025-01-07,18:16:00,CRIMES CONTRA PATRIMÔNIO,CRIMES CONTRA PATRIMÔNIO: ROUBO: A PESSOA EM VIA PÚBLICA,ES,LINHARES,INTERLAGOS,RESIDÊNCIA,roubos,patrimonial,2025.0,1.0,JAN,2025-01-01,1.0,TER,False,18.0,NOITE
2025-01-07,21:00:00,CRIMES CONTRA PATRIMÔNIO,CRIMES CONTRA PATRIMÔNIO: ROUBO: A PESSOA EM VIA PÚBLICA,ES,VILA VELHA,VILA GARRIDO,VIA PÚBLICA,roubos,patrimonial,2025.0,1.0,JAN,2025-01-01,1.0,TER,False,21.0,NOITE
2025-01-07,00:50:00,CRIMES CONTRA PATRIMÔNIO,CRIMES CONTRA PATRIMÔNIO: ROUBO: A PESSOA EM VIA PÚBLICA,ES,VILA VELHA,GLORIA,VIA PÚBLICA,roubos,patrimonial,2025.0,1.0,JAN,2025-01-01,1.0,TER,False,0.0,MADRUGADA
2025-01-07,18:00:00,CRIMES CONTRA PATRIMÔNIO,CRIMES CONTRA PATRIMÔNIO: ROUBO: A PESSOA EM VIA PÚBLICA,ES,VITORIA,JARDIM DA PENHA,VIA PÚBLICA,roubos,patrimonial,2025.0,1.0,JAN,2025-01-01,1.0,TER,False,18.0,NOITE
2025-01-07,14:30:00,CRIMES CONTRA PATRIMÔNIO,CRIMES CONTRA PATRIMÔNIO: ROUBO: A PESSOA EM VIA PÚBLICA,ES,VILA VELHA,TERRA VERMELHA,VIA PÚBLICA,roubos,patrimonial,2025.0,1.0,JAN,2025-01-01,1.0,TER,False,14.0,TARDE
2025-01-07,22:40:00,CRIMES CONTRA PATRIMÔNIO,CRIMES CONTRA PATRIMÔNIO: ROUBO: A PESSOA EM VIA PÚBLICA,ES,LINHARES,CENTRO,VIA PÚBLICA,roubos,patrimonial,2025.0,1.0,JAN,2025-01-01,1.0,TER,False,22.0,NOITE
2025-01-07,00:00:00,CRIMES CONTRA PATRIMÔNIO,CRIMES CONTRA PATRIMÔNIO: ROUBO: A PESSOA EM VIA PÚBLICA,ES,ANCHIETA,IRIRI,VIA PÚBLICA,roubos,patrimonial,2025.0,1.0,JAN,2025-01-01,1.0,TER,False,0.0,MADRUGADA
2025-01-07,09:30:00,CRIMES CONTRA PATRIMÔNIO,CRIMES CONTRA PATRIMÔNIO: ROUBO: A PESSOA EM VIA PÚBLICA,ES,CARIACICA,CAMPO GRANDE,VEÍCULO,roubos,patrimonial,2025.0,1.0,JAN,2025-01-01,1.0,TER,False,9.0,MANHA
2025-01-07,21:49:00,CRIMES CONTRA PATRIMÔNIO,CRIMES CONTRA PATRIMÔNIO: ROUBO: A PESSOA EM VIA PÚBLICA,ES,CARIACICA,SANTA BARBARA,VIA PÚBLICA,roubos,patrimonial,2025.0,1.0,JAN,2025-01-01,1.0,TER,False,21.0,NOITE
2025-01-07,09:00:00,CRIMES CONTRA PATRIMÔNIO,CRIMES CONTRA PATRIMÔNIO: ROUBO: A PESSOA EM VIA PÚBLICA,ES,SERRA,CENTRAL CARAPINA,COMÉRCIO,roubos,patrimonial,2025.0,1.0,JAN,2025-01-01,1.0,TER,False,9.0,MANHA
2025-01-07,22:51:00,CRIMES CONTRA PATRIMÔNIO,CRIMES CONTRA PATRIMÔNIO: ROUBO: A PESSOA EM VIA PÚBLICA,ES,SERRA,PLANALTO DE CARAPINA,VIA PÚBLICA,roubos,patrimonial,2025.0,1.0,JAN,2025-01-01,1.0,TER,False,22.0,NOITE
2025-01-07,22:52:00,CRIMES CONTRA PATRIMÔNIO,CRIMES CONTRA PATRIMÔNIO: ROUBO: A PESSOA EM VIA PÚBLICA,ES,SERRA,PLANALTO DE CARAPINA,VIA PÚBLICA,roubos,patrimonial,2025.0,1.0,JAN,2025-01-01,1.0,TER,False,22.0,NOITE
2025-01-07,15:00:00,CRIMES CONTRA PATRIMÔNIO,CRIMES CONTRA PATRIMÔNIO: ROUBO: A PESSOA EM VIA PÚBLICA,ES,SAO MATEUS,SANTO ANTONIO,VIA PÚBLICA,roubos,patrimonial,2025.0,1.0,JAN,2025-01-01,1.0,TER,False,15.0,TARDE
2025-01-07,17:20:00,CRIMES CONTRA PATRIMÔNIO,CRIMES CONTRA PATRIMÔNIO: ROUBO: A PESSOA EM VIA PÚBLICA,ES,CACHOEIRO DE ITAPEMIRIM,FERROVIARIOS,VIA PÚBLICA,roubos,patrimonial,2025.0,1.0,JAN,2025-01-01,1.0,TER,False,17.0,TARDE
2025-01-07,01:00:00,CRIMES CONTRA PATRIMÔNIO,CRIMES CONTRA PATRIMÔNIO: ROUBO: A PESSOA EM VIA PÚBLICA,ES,MARATAIZES,CENTRO,VIA PÚBLICA,roubos,patrimonial,2025.0,1.0,JAN,2025-01-01,1.0,TER,False,1.0,MADRUGADA
2025-01-07,21:30:00,CRIMES CONTRA PATRIMÔNIO,CRIMES CONTRA PATRIMÔNIO: ROUBO: A PESSOA EM VIA PÚBLICA,ES,CARIACICA,BOA SORTE,VIA PÚBLICA,roubos,patrimonial,2025.0,1.0,JAN,2025-01-01,1.0,TER,False,21.0,NOITE
2025-01-07,10:30:00,CRIMES CONTRA PATRIMÔNIO,CRIMES CONTRA PATRIMÔNIO: ROUBO: A PESSOA EM VIA PÚBLICA,ES,SERRA,PARQUE RESIDENCIAL LARANJEIRAS,OUTRO LOCAL,roubos,patrimonial,2025.0,1.0,JAN,2025-01-01,1.0,TER,False,10.0,MANHA
2025-01-07,10:30:00,CRIMES CONTRA PATRIMÔNIO,CRIMES CONTRA PATRIMÔNIO: ROUBO: A PESSOA EM VIA PÚBLICA,ES,SERRA,PARQUE RESIDENCIAL LARANJEIRAS,OUTRO LOCAL,roubos,patrimonial,2025.0,1.0,JAN,2025-01-01,1.0,TER,False,10.0,MANHA
2025-01-07,23:00:00,CRIMES CONTRA PATRIMÔNIO,CRIMES CONTRA PATRIMÔNIO: ROUBO: A PESSOA EM VIA PÚBLICA,ES,SERRA,SAO DIOGO II,RODOVIA ESTADUAL,roubos,patrimonial,2025.0,1.0,JAN,2025-01-01,1.0,TER,False,23.0,NOITE
2025-01-07,Indeterminada,CRIMES CONTRA PATRIMÔNIO,CRIMES CONTRA PATRIMÔNIO: ROUBO: EM TRANSPORTE COLETIVO,ES,SERRA,LAGOA DE JACARAIPE,TRANSP COLETIVO,roubos,patrimonial,2025.0,1.0,JAN,2025-01-01,1.0,TER,False,,
2025-01-07,22:20:00,CRIMES CONTRA PATRIMÔNIO,CRIMES CONTRA PATRIMÔNIO: ROUBO: EM TRANSPORTE COLETIVO,ES,VITORIA,ENSEADA DO SUA,TRANSP COLETIVO,roubos,patrimonial,2025.0,1.0,JAN,2025-01-01,1.0,TER,False,22.0,NOITE
2025-01-07,20:41:00,CRIMES CONTRA PATRIMÔNIO,CRIMES CONTRA PATRIMÔNIO: ROUBO: EM ESTABELECIMENTO COMERCIAL,ES,MARATAIZES,CENTRO,COMÉRCIO,roubos,patrimonial,2025.0,1.0,JAN,2025-01-01,1.0,TER,False,20.0,NOITE
2025-01-07,18:30:00,CRIMES CONTRA PATRIMÔNIO,CRIMES CONTRA PATRIMÔNIO: ROUBO: EM ESTABELECIMENTO COMERCIAL,ES,VITORIA,PRAIA DO CANTO,COMÉRCIO,roubos,patrimonial,2025.0,1.0,JAN,2025-01-01,1.0,TER,False,18.0,NOITE
2025-01-07,17:20:00,CRIMES CONTRA PATRIMÔNIO,CRIMES CONTRA PATRIMÔNIO: ROUBO: EM ESTABELECIMENTO COMERCIAL,ES,SERRA,CARAPINA,COMÉRCIO,roubos,patrimonial,2025.0,1.0,JAN,2025-01-01,1.0,TER,False,17.0,TARDE
2025-01-07,00:00:00,CRIMES CONTRA PATRIMÔNIO,CRIMES CONTRA PATRIMÔNIO: ROUBO: EM ESTABELECIMENTO COMERCIAL,ES,SOORETAMA,CENTRO,COMÉRCIO,roubos,patrimonial,2025.0,1.0,JAN,2025-01-01,1.0,TER,False,0.0,MADRUGADA
2025-01-07,00:00:00,CRIMES CONTRA PATRIMÔNIO,CRIMES CONTRA PATRIMÔNIO: ROUBO: EM ESTABELECIMENTO COMERCIAL,ES,SOORETAMA,CENTRO,COMÉRCIO,roubos,patrimonial,2025.0,1.0,JAN,2025-01-01,1.0,TER,False,0.0,MADRUGADA
2025-01-07,17:23:00,CRIMES CONTRA PATRIMÔNIO,CRIMES CONTRA PATRIMÔNIO: ROUBO: EM RESIDÊNCIA/CONDOMÍNIO,ES,AFONSO CLAUDIO,PONTOES,RESIDÊNCIA,roubos,patrimonial,2025.0,1.0,JAN,2025-01-01,1.0,TER,False,17.0,TARDE
2025-01-08,02:46:00,CRIMES CONTRA PATRIMÔNIO,CRIMES CONTRA PATRIMÔNIO: ROUBO: A PESSOA EM VIA PÚBLICA,ES,VITORIA,ITARARE,VIA PÚBLICA,roubos,patrimonial,2025.0,1.0,JAN,2025-01-01,2.0,QUA,False,2.0,MADRUGADA
2025-01-08,02:40:00,CRIMES CONTRA PATRIMÔNIO,CRIMES CONTRA PATRIMÔNIO: ROUBO: A PESSOA EM VIA PÚBLICA,ES,VITORIA,SANTA LUIZA,VIA PÚBLICA,roubos,patrimonial,2025.0,1.0,JAN,2025-01-01,2.0,QUA,False,2.0,MADRUGADA
2025-01-08,03:20:00,CRIMES CONTRA PATRIMÔNIO,CRIMES CONTRA PATRIMÔNIO: ROUBO: A PESSOA EM VIA PÚBLICA,ES,VILA VELHA,GLORIA,VIA PÚBLICA,roubos,patrimonial,2025.0,1.0,JAN,2025-01-01,2.0,QUA,False,3.0,MADRUGADA
2025-01-08,04:40:00,CRIMES CONTRA PATRIMÔNIO,CRIMES CONTRA PATRIMÔNIO: ROUBO: A PESSOA EM VIA PÚBLICA,ES,VILA VELHA,ARIBIRI,VIA PÚBLICA,roubos,patrimonial,2025.0,1.0,JAN,2025-01-01,2.0,QUA,False,4.0,MADRUGADA
2025-01-08,03:50:00,CRIMES CONTRA PATRIMÔNIO,CRIMES CONTRA PATRIMÔNIO: ROUBO: A PESSOA EM VIA PÚBLICA,ES,VILA VELHA,PAUL,VIA PÚBLICA,roubos,patrimonial,2025.0,1.0,JAN,2025-01-01,2.0,QUA,False,3.0,MADRUGADA
2025-01-08,01:30:00,CRIMES CONTRA PATRIMÔNIO,CRIMES CONTRA PATRIMÔNIO: ROUBO: A PESSOA EM VIA PÚBLICA,ES,VILA VELHA,ARGOLAS,VIA PÚBLICA,roubos,patrimonial,2025.0,1.0,JAN,2025-01-01,2.0,QUA,False,1.0,MADRUGADA
2025-01-08,04:30:00,CRIMES CONTRA PATRIMÔNIO,CRIMES CONTRA PATRIMÔNIO: ROUBO: A PESSOA EM VIA PÚBLICA,ES,VILA VELHA,ARIBIRI,VIA PÚBLICA,roubos,patrimonial,2025.0,1.0,JAN,2025-01-01,2.0,QUA,False,4.0,MADRUGADA
2025-01-08,07:00:00,CRIMES CONTRA PATRIMÔNIO,CRIMES CONTRA PATRIMÔNIO: ROUBO: A PESSOA EM VIA PÚBLICA,ES,CACHOEIRO DE ITAPEMIRIM,NOVA BRASILIA,VEÍCULO,roubos,patrimonial,2025.0,1.0,JAN,2025-01-01,2.0,QUA,False,7.0,MANHA
2025-01-08,04:20:00,CRIMES CONTRA PATRIMÔNIO,CRIMES CONTRA PATRIMÔNIO: ROUBO: A PESSOA EM VIA PÚBLICA,ES,VILA VELHA,IBES,VIA PÚBLICA,roubos,patrimonial,2025.0,1.0,JAN,2025-01-01,2.0,QUA,False,4.0,MADRUGADA
2025-01-08,04:45:00,CRIMES CONTRA PATRIMÔNIO,CRIMES CONTRA PATRIMÔNIO: ROUBO: A PESSOA EM VIA PÚBLICA,ES,VILA VELHA,ATAIDE,VIA PÚBLICA,roubos,patrimonial,2025.0,1.0,JAN,2025-01-01,2.0,QUA,False,4.0,MADRUGADA
2025-01-08,01:30:00,CRIMES CONTRA PATRIMÔNIO,CRIMES CONTRA PATRIMÔNIO: ROUBO: A PESSOA EM VIA PÚBLICA,ES,VILA VELHA,JARDIM MARILANDIA,VIA PÚBLICA,roubos,patrimonial,2025.0,1.0,JAN,2025-01-01,2.0,QUA,False,1.0,MADRUGADA
2025-01-08,15:25:00,CRIMES CONTRA PATRIMÔNIO,CRIMES CONTRA PATRIMÔNIO: ROUBO: A PESSOA EM VIA PÚBLICA,ES,SAO MATEUS,GURIRI,VIA PÚBLICA,roubos,patrimonial,2025.0,1.0,JAN,2025-01-01,2.0,QUA,False,15.0,TARDE
2025-01-08,04:45:00,CRIMES CONTRA PATRIMÔNIO,CRIMES CONTRA PATRIMÔNIO: ROUBO: A PESSOA EM VIA PÚBLICA,ES,VILA VELHA,ARIBIRI,VIA PÚBLICA,roubos,patrimonial,2025.0,1.0,JAN,2025-01-01,2.0,QUA,False,4.0,MADRUGADA
2025-01-08,21:30:00,CRIMES CONTRA PATRIMÔNIO,CRIMES CONTRA PATRIMÔNIO: ROUBO: A PESSOA EM VIA PÚBLICA,ES,FUNDAO,PRAIA GRANDE,VIA PÚBLICA,roubos,patrimonial,2025.0,1.0,JAN,2025-01-01,2.0,QUA,False,21.0,NOITE
2025-01-08,20:00:00,CRIMES CONTRA PATRIMÔNIO,CRIMES CONTRA PATRIMÔNIO: ROUBO: A PESSOA EM VIA PÚBLICA,ES,VIANA,VILA BETHANIA,VIA PÚBLICA,roubos,patrimonial,2025.0,1.0,JAN,2025-01-01,2.0,QUA,False,20.0,NOITE
2025-01-08,20:30:00,CRIMES CONTRA PATRIMÔNIO,CRIMES CONTRA PATRIMÔNIO: ROUBO: A PESSOA EM VIA PÚBLICA,ES,GUARAPARI,CENTRO,VIA PÚBLICA,roubos,patrimonial,2025.0,1.0,JAN,2025-01-01,2.0,QUA,False,20.0,NOITE
2025-01-08,21:00:00,CRIMES CONTRA PATRIMÔNIO,CRIMES CONTRA PATRIMÔNIO: ROUBO: A PESSOA EM VIA PÚBLICA,ES,VITORIA,JARDIM DA PENHA,OUTRO LOCAL,roubos,patrimonial,2025.0,1.0,JAN,2025-01-01,2.0,QUA,False,21.0,NOITE
2025-01-08,23:00:00,CRIMES CONTRA PATRIMÔNIO,CRIMES CONTRA PATRIMÔNIO: ROUBO: A PESSOA EM VIA PÚBLICA,ES,CARIACICA,VILA MERLO,VIA PÚBLICA,roubos,patrimonial,2025.0,1.0,JAN,2025-01-01,2.0,QUA,False,23.0,NOITE
2025-01-08,10:40:00,CRIMES CONTRA PATRIMÔNIO,CRIMES CONTRA PATRIMÔNIO: ROUBO: A PESSOA EM VIA PÚBLICA,ES,VILA VELHA,ATAIDE,VIA PÚBLICA,roubos,patrimonial,2025.0,1.0,JAN,2025-01-01,2.0,QUA,False,10.0,MANHA
2025-01-08,12:00:00,CRIMES CONTRA PATRIMÔNIO,CRIMES CONTRA PATRIMÔNIO: ROUBO: A PESSOA EM VIA PÚBLICA,ES,VITORIA,SAO PEDRO,RESIDÊNCIA,roubos,patrimonial,2025.0,1.0,JAN,2025-01-01,2.0,QUA,False,12.0,TARDE
2025-01-08,04:00:00,CRIMES CONTRA PATRIMÔNIO,CRIMES CONTRA PATRIMÔNIO: ROUBO: A PESSOA EM VIA PÚBLICA,ES,VILA VELHA,SAO TORQUATO,VIA PÚBLICA,roubos,patrimonial,2025.0,1.0,JAN,2025-01-01,2.0,QUA,False,4.0,MADRUGADA
2025-01-08,00:00:00,CRIMES CONTRA PATRIMÔNIO,CRIMES CONTRA PATRIMÔNIO: ROUBO: A PESSOA EM VIA PÚBLICA,ES,CARIACICA,CAMPINA GRANDE,VIA PÚBLICA,roubos,patrimonial,2025.0,1.0,JAN,2025-01-01,2.0,QUA,False,0.0,MADRUGADA
2025-01-08,17:30:00,CRIMES CONTRA PATRIMÔNIO,CRIMES CONTRA PATRIMÔNIO: ROUBO: A PESSOA EM VIA PÚBLICA,ES,SAO MATEUS,GURIRI,VIA PÚBLICA,roubos,patrimonial,2025.0,1.0,JAN,2025-01-01,2.0,QUA,False,17.0,TARDE
2025-01-08,20:11:00,CRIMES CONTRA PATRIMÔNIO,CRIMES CONTRA PATRIMÔNIO: ROUBO: A PESSOA EM VIA PÚBLICA,ES,CARIACICA,RIO MARINHO,VIA PÚBLICA,roubos,patrimonial,2025.0,1.0,JAN,2025-01-01,2.0,QUA,False,20.0,NOITE
2025-01-08,06:20:00,CRIMES CONTRA PATRIMÔNIO,CRIMES CONTRA PATRIMÔNIO: ROUBO: A PESSOA EM VIA PÚBLICA,ES,CARIACICA,SOTELANDIA,VIA PÚBLICA,roubos,patrimonial,2025.0,1.0,JAN,2025-01-01,2.0,QUA,False,6.0,MANHA
2025-01-08,04:30:00,CRIMES CONTRA PATRIMÔNIO,CRIMES CONTRA PATRIMÔNIO: ROUBO: A PESSOA EM VIA PÚBLICA,ES,VILA VELHA,ARIBIRI,VIA PÚBLICA,roubos,patrimonial,2025.0,1.0,JAN,2025-01-01,2.0,QUA,False,4.0,MADRUGADA
2025-01-08,Indeterminada,CRIMES CONTRA PATRIMÔNIO,CRIMES CONTRA PATRIMÔNIO: ROUBO: A PESSOA EM VIA PÚBLICA,ES,SERRA,COLINA DE LARANJEIRAS,VIA PÚBLICA,roubos,patrimonial,2025.0,1.0,JAN,2025-01-01,2.0,QUA,False,,
2025-01-08,17:15:00,CRIMES CONTRA PATRIMÔNIO,CRIMES CONTRA PATRIMÔNIO: ROUBO: A PESSOA EM VIA PÚBLICA,ES,VILA VELHA,PRAIA DE ITAPARICA,VIA PÚBLICA,roubos,patrimonial,2025.0,1.0,JAN,2025-01-01,2.0,QUA,False,17.0,TARDE
2025-01-08,20:12:00,CRIMES CONTRA PATRIMÔNIO,CRIMES CONTRA PATRIMÔNIO: ROUBO: A PESSOA EM VIA PÚBLICA,ES,VITORIA,JARDIM CAMBURI,VIA PÚBLICA,roubos,patrimonial,2025.0,1.0,JAN,2025-01-01,2.0,QUA,False,20.0,NOITE
2025-01-08,00:00:00,CRIMES CONTRA PATRIMÔNIO,CRIMES CONTRA PATRIMÔNIO: ROUBO: A PESSOA EM VIA PÚBLICA,ES,SERRA,PARQUE RESIDENCIAL LARANJEIRAS,VIA PÚBLICA,roubos,patrimonial,2025.0,1.0,JAN,2025-01-01,2.0,QUA,False,0.0,MADRUGADA
2025-01-08,22:40:00,CRIMES CONTRA PATRIMÔNIO,CRIMES CONTRA PATRIMÔNIO: ROUBO: A PESSOA EM VIA PÚBLICA,ES,SAO MATEUS,BOA VISTA,VIA PÚBLICA,roubos,patrimonial,2025.0,1.0,JAN,2025-01-01,2.0,QUA,False,22.0,NOITE
2025-01-08,03:00:00,CRIMES CONTRA PATRIMÔNIO,CRIMES CONTRA PATRIMÔNIO: ROUBO: A PESSOA EM VIA PÚBLICA,ES,LINHARES,CENTRO,VIA PÚBLICA,roubos,patrimonial,2025.0,1.0,JAN,2025-01-01,2.0,QUA,False,3.0,MADRUGADA
2025-01-08,20:00:00,CRIMES CONTRA PATRIMÔNIO,CRIMES CONTRA PATRIMÔNIO: ROUBO: A PESSOA EM VIA PÚBLICA,ES,VILA VELHA,ILHA DAS FLORES,VIA PÚBLICA,roubos,patrimonial,2025.0,1.0,JAN,2025-01-01,2.0,QUA,False,20.0,NOITE
2025-01-08,13:13:00,CRIMES CONTRA PATRIMÔNIO,CRIMES CONTRA PATRIMÔNIO: ROUBO: A PESSOA EM VIA PÚBLICA,ES,VILA VELHA,ATAIDE,VIA PÚBLICA,roubos,patrimonial,2025.0,1.0,JAN,2025-01-01,2.0,QUA,False,13.0,TARDE
2025-01-08,21:00:00,CRIMES CONTRA PATRIMÔNIO,CRIMES CONTRA PATRIMÔNIO: ROUBO: A PESSOA EM VIA PÚBLICA,ES,CARIACICA,VILA CAPIXABA,VIA PÚBLICA,roubos,patrimonial,2025.0,1.0,JAN,2025-01-01,2.0,QUA,False,21.0,NOITE
2025-01-08,07:25:00,CRIMES CONTRA PATRIMÔNIO,CRIMES CONTRA PATRIMÔNIO: ROUBO: A PESSOA EM VIA PÚBLICA,ES,SERRA,SERRA CENTRO,VIA PÚBLICA,roubos,patrimonial,2025.0,1.0,JAN,2025-01-01,2.0,QUA,False,7.0,MANHA
2025-01-08,17:30:00,CRIMES CONTRA PATRIMÔNIO,CRIMES CONTRA PATRIMÔNIO: ROUBO: A PESSOA EM VIA PÚBLICA,ES,VILA VELHA,PRAIA DA COSTA,VIA PÚBLICA,roubos,patrimonial,2025.0,1.0,JAN,2025-01-01,2.0,QUA,False,17.0,TARDE
2025-01-08,20:00:00,CRIMES CONTRA PATRIMÔNIO,CRIMES CONTRA PATRIMÔNIO: ROUBO: A PESSOA EM VIA PÚBLICA,ES,SERRA,PARQUE RESIDENCIAL LARANJEIRAS,OUTRO LOCAL,roubos,patrimonial,2025.0,1.0,JAN,2025-01-01,2.0,QUA,False,20.0,NOITE
2025-01-08,10:40:00,CRIMES CONTRA PATRIMÔNIO,CRIMES CONTRA PATRIMÔNIO: ROUBO: A PESSOA EM VIA PÚBLICA,ES,CARIACICA,CRUZEIRO DO SUL,VIA PÚBLICA,roubos,patrimonial,2025.0,1.0,JAN,2025-01-01,2.0,QUA,False,10.0,MANHA
2025-01-08,08:00:00,CRIMES CONTRA PATRIMÔNIO,CRIMES CONTRA PATRIMÔNIO: ROUBO: A PESSOA EM VIA PÚBLICA,ES,VILA VELHA,TERRA VERMELHA,OUTRO LOCAL,roubos,patrimonial,2025.0,1.0,JAN,2025-01-01,2.0,QUA,False,8.0,MANHA
2025-01-08,06:20:00,CRIMES CONTRA PATRIMÔNIO,CRIMES CONTRA PATRIMÔNIO: ROUBO: A PESSOA EM VIA PÚBLICA,ES,CARIACICA,VISTA MAR,VIA PÚBLICA,roubos,patrimonial,2025.0,1.0,JAN,2025-01-01,2.0,QUA,False,6.0,MANHA
2025-01-08,17:30:00,CRIMES CONTRA PATRIMÔNIO,CRIMES CONTRA PATRIMÔNIO: ROUBO: A PESSOA EM VIA PÚBLICA,ES,CARIACICA,SAO GERALDO,VIA PÚBLICA,roubos,patrimonial,2025.0,1.0,JAN,2025-01-01,2.0,QUA,False,17.0,TARDE
2025-01-08,20:00:00,CRIMES CONTRA PATRIMÔNIO,CRIMES CONTRA PATRIMÔNIO: ROUBO: A PESSOA EM VIA PÚBLICA,ES,SERRA,JARDIM LIMOEIRO,VIA PÚBLICA,roubos,patrimonial,2025.0,1.0,JAN,2025-01-01,2.0,QUA,False,20.0,NOITE
2025-01-09,08:00:00,CRIMES CONTRA PATRIMÔNIO,CRIMES CONTRA PATRIMÔNIO: ROUBO: A PESSOA EM VIA PÚBLICA,ES,VILA VELHA,CENTRO VILA VELHA,VIA PÚBLICA,roubos,patrimonial,2025.0,1.0,JAN,2025-01-01,3.0,QUI,False,8.0,MANHA
2025-01-09,08:10:00,CRIMES CONTRA PATRIMÔNIO,CRIMES CONTRA PATRIMÔNIO: ROUBO: A PESSOA EM VIA PÚBLICA,ES,VITORIA,BELA VISTA,VIA PÚBLICA,roubos,patrimonial,2025.0,1.0,JAN,2025-01-01,3.0,QUI,False,8.0,MANHA
2025-01-09,07:15:00,CRIMES CONTRA PATRIMÔNIO,CRIMES CONTRA PATRIMÔNIO: ROUBO: A PESSOA EM VIA PÚBLICA,ES,CARIACICA,BOA SORTE,VIA PÚBLICA,roubos,patrimonial,2025.0,1.0,JAN,2025-01-01,3.0,QUI,False,7.0,MANHA
2025-01-09,Indeterminada,CRIMES CONTRA PATRIMÔNIO,CRIMES CONTRA PATRIMÔNIO: ROUBO: A PESSOA EM VIA PÚBLICA,ES,SERRA,CIDADE CONTINENTAL,VIA PÚBLICA,roubos,patrimonial,2025.0,1.0,JAN,2025-01-01,3.0,QUI,False,,
2025-01-09,23:57:00,CRIMES CONTRA PATRIMÔNIO,CRIMES CONTRA PATRIMÔNIO: ROUBO: A PESSOA EM VIA PÚBLICA,ES,GUARAPARI,NOVA GUARAPARI,VIA PÚBLICA,roubos,patrimonial,2025.0,1.0,JAN,2025-01-01,3.0,QUI,False,23.0,NOITE
2025-01-09,23:00:00,CRIMES CONTRA PATRIMÔNIO,CRIMES CONTRA PATRIMÔNIO: ROUBO: A PESSOA EM VIA PÚBLICA,ES,GUARAPARI,OUTRO LOCAL,OUTRO LOCAL,roubos,patrimonial,2025.0,1.0,JAN,2025-01-01,3.0,QUI,False,23.0,NOITE
2025-01-09,16:50:00,CRIMES CONTRA PATRIMÔNIO,CRIMES CONTRA PATRIMÔNIO: ROUBO: A PESSOA EM VIA PÚBLICA,ES,VILA VELHA,BARRA DO JUCU,VIA PÚBLICA,roubos,patrimonial,2025.0,1.0,JAN,2025-01-01,3.0,QUI,False,16.0,TARDE
2025-01-09,21:00:00,CRIMES CONTRA PATRIMÔNIO,CRIMES CONTRA PATRIMÔNIO: ROUBO: A PESSOA EM VIA PÚBLICA,ES,VILA VELHA,CRISTOVAO COLOMBO,VIA PÚBLICA,roubos,patrimonial,2025.0,1.0,JAN,2025-01-01,3.0,QUI,False,21.0,NOITE
2025-01-09,20:25:00,CRIMES CONTRA PATRIMÔNIO,CRIMES CONTRA PATRIMÔNIO: ROUBO: A PESSOA EM VIA PÚBLICA,ES,VITORIA,SANTA LUCIA,VIA PÚBLICA,roubos,patrimonial,2025.0,1.0,JAN,2025-01-01,3.0,QUI,False,20.0,NOITE
2025-01-09,05:00:00,CRIMES CONTRA PATRIMÔNIO,CRIMES CONTRA PATRIMÔNIO: ROUBO: A PESSOA EM VIA PÚBLICA,ES,VILA VELHA,IBES,VIA PÚBLICA,roubos,patrimonial,2025.0,1.0,JAN,2025-01-01,3.0,QUI,False,5.0,MADRUGADA
2025-01-09,19:00:00,CRIMES CONTRA PATRIMÔNIO,CRIMES CONTRA PATRIMÔNIO: ROUBO: A PESSOA EM VIA PÚBLICA,ES,SERRA,JARDIM LIMOEIRO,VIA PÚBLICA,roubos,patrimonial,2025.0,1.0,JAN,2025-01-01,3.0,QUI,False,19.0,NOITE
2025-01-09,22:10:00,CRIMES CONTRA PATRIMÔNIO,CRIMES CONTRA PATRIMÔNIO: ROUBO: A PESSOA EM VIA PÚBLICA,ES,VILA VELHA,GUARANHUNS,VIA PÚBLICA,roubos,patrimonial,2025.0,1.0,JAN,2025-01-01,3.0,QUI,False,22.0,NOITE
2025-01-09,07:56:00,CRIMES CONTRA PATRIMÔNIO,CRIMES CONTRA PATRIMÔNIO: ROUBO: A PESSOA EM VIA PÚBLICA,ES,SERRA,CARAPINA GRANDE,VIA PÚBLICA,roubos,patrimonial,2025.0,1.0,JAN,2025-01-01,3.0,QUI,False,7.0,MANHA
2025-01-09,20:00:00,CRIMES CONTRA PATRIMÔNIO,CRIMES CONTRA PATRIMÔNIO: ROUBO: A PESSOA EM VIA PÚBLICA,ES,VILA VELHA,SANTA RITA,OUTRO LOCAL,roubos,patrimonial,2025.0,1.0,JAN,2025-01-01,3.0,QUI,False,20.0,NOITE
2025-01-09,17:30:00,CRIMES CONTRA PATRIMÔNIO,CRIMES CONTRA PATRIMÔNIO: ROUBO: A PESSOA EM VIA PÚBLICA,ES,VILA VELHA,OUTRO LOCAL,OUTRO LOCAL,roubos,patrimonial,2025.0,1.0,JAN,2025-01-01,3.0,QUI,False,17.0,TARDE
2025-01-09,08:10:00,CRIMES CONTRA PATRIMÔNIO,CRIMES CONTRA PATRIMÔNIO: ROUBO: A PESSOA EM VIA PÚBLICA,ES,SERRA,PLANALTO DE CARAPINA,RODOVIA FEDERAL,roubos,patrimonial,2025.0,1.0,JAN,2025-01-01,3.0,QUI,False,8.0,MANHA
2025-01-09,21:00:00,CRIMES CONTRA PATRIMÔNIO,CRIMES CONTRA PATRIMÔNIO: ROUBO: A PESSOA EM VIA PÚBLICA,ES,SERRA,COLINA DE LARANJEIRAS,VIA PÚBLICA,roubos,patrimonial,2025.0,1.0,JAN,2025-01-01,3.0,QUI,False,21.0,NOITE
2025-01-09,09:00:00,CRIMES CONTRA PATRIMÔNIO,CRIMES CONTRA PATRIMÔNIO: ROUBO: A PESSOA EM VIA PÚBLICA,ES,CARIACICA,SAO FRANCISCO,VIA PÚBLICA,roubos,patrimonial,2025.0,1.0,JAN,2025-01-01,3.0,QUI,False,9.0,MANHA
2025-01-09,00:20:00,CRIMES CONTRA PATRIMÔNIO,CRIMES CONTRA PATRIMÔNIO: ROUBO: EM TRANSPORTE COLETIVO,ES,SERRA,CARAPINA,VIA PÚBLICA,roubos,patrimonial,2025.0,1.0,JAN,2025-01-01,3.0,QUI,False,0.0,MADRUGADA
2025-01-09,13:00:00,CRIMES CONTRA PATRIMÔNIO,CRIMES CONTRA PATRIMÔNIO: ROUBO: EM TRANSPORTE COLETIVO,ES,VITORIA,SANTO ANTONIO,TRANSP COLETIVO,roubos,patrimonial,2025.0,1.0,JAN,2025-01-01,3.0,QUI,False,13.0,TARDE
2025-01-09,10:10:00,CRIMES CONTRA PATRIMÔNIO,CRIMES CONTRA PATRIMÔNIO: ROUBO: EM TRANSPORTE COLETIVO,ES,SERRA,VALPARAISO,TRANSP COLETIVO,roubos,patrimonial,2025.0,1.0,JAN,2025-01-01,3.0,QUI,False,10.0,MANHA
2025-01-10,01:43:00,CRIMES CONTRA PATRIMÔNIO,CRIMES CONTRA PATRIMÔNIO: ROUBO: A PESSOA EM VIA PÚBLICA,ES,SERRA,SERRA DOURADA I,VIA PÚBLICA,roubos,patrimonial,2025.0,1.0,JAN,2025-01-01,4.0,SEX,False,1.0,MADRUGADA
2025-01-10,08:00:00,CRIMES CONTRA PATRIMÔNIO,CRIMES CONTRA PATRIMÔNIO: ROUBO: A PESSOA EM VIA PÚBLICA,ES,VILA VELHA,GLORIA,VIA PÚBLICA,roubos,patrimonial,2025.0,1.0,JAN,2025-01-01,4.0,SEX,False,8.0,MANHA
2025-01-10,05:20:00,CRIMES CONTRA PATRIMÔNIO,CRIMES CONTRA PATRIMÔNIO: ROUBO: A PESSOA EM VIA PÚBLICA,ES,CARIACICA,CAMPO GRANDE,VIA PÚBLICA,roubos,patrimonial,2025.0,1.0,JAN,2025-01-01,4.0,SEX,False,5.0,MADRUGADA
2025-01-10,13:00:00,CRIMES CONTRA PATRIMÔNIO,CRIMES CONTRA PATRIMÔNIO: ROUBO: A PESSOA EM VIA PÚBLICA,ES,CARIACICA,SAO CONRADO,VIA PÚBLICA,roubos,patrimonial,2025.0,1.0,JAN,2025-01-01,4.0,SEX,False,13.0,TARDE
2025-01-10,02:00:00,CRIMES CONTRA PATRIMÔNIO,CRIMES CONTRA PATRIMÔNIO: ROUBO: A PESSOA EM VIA PÚBLICA,ES,SERRA,POLO INSDUSTRIAL TUBARAO,VIA PÚBLICA,roubos,patrimonial,2025.0,1.0,JAN,2025-01-01,4.0,SEX,False,2.0,MADRUGADA
2025-01-10,15:00:00,CRIMES CONTRA PATRIMÔNIO,CRIMES CONTRA PATRIMÔNIO: ROUBO: A PESSOA EM VIA PÚBLICA,ES,CARIACICA,SAO FRANCISCO,VIA PÚBLICA,roubos,patrimonial,2025.0,1.0,JAN,2025-01-01,4.0,SEX,False,15.0,TARDE
2025-01-10,14:20:00,CRIMES CONTRA PATRIMÔNIO,CRIMES CONTRA PATRIMÔNIO: ROUBO: A PESSOA EM VIA PÚBLICA,ES,CARIACICA,PLANETA,VIA PÚBLICA,roubos,patrimonial,2025.0,1.0,JAN,2025-01-01,4.0,SEX,False,14.0,TARDE
2025-01-10,21:40:00,CRIMES CONTRA PATRIMÔNIO,CRIMES CONTRA PATRIMÔNIO: ROUBO: A PESSOA EM VIA PÚBLICA,ES,CARIACICA,EXPEDITO,VIA PÚBLICA,roubos,patrimonial,2025.0,1.0,JAN,2025-01-01,4.0,SEX,False,21.0,NOITE
2025-01-10,23:45:00,CRIMES CONTRA PATRIMÔNIO,CRIMES CONTRA PATRIMÔNIO: ROUBO: A PESSOA EM VIA PÚBLICA,ES,CACHOEIRO DE ITAPEMIRIM,GUANDU,VIA PÚBLICA,roubos,patrimonial,2025.0,1.0,JAN,2025-01-01,4.0,SEX,False,23.0,NOITE
2025-01-10,16:40:00,CRIMES CONTRA PATRIMÔNIO,CRIMES CONTRA PATRIMÔNIO: ROUBO: A PESSOA EM VIA PÚBLICA,ES,VILA VELHA,GLORIA,VIA PÚBLICA,roubos,patrimonial,2025.0,1.0,JAN,2025-01-01,4.0,SEX,False,16.0,TARDE
2025-01-10,23:00:00,CRIMES CONTRA PATRIMÔNIO,CRIMES CONTRA PATRIMÔNIO: ROUBO: A PESSOA EM VIA PÚBLICA,ES,CARIACICA,CAMPO GRANDE,VIA PÚBLICA,roubos,patrimonial,2025.0,1.0,JAN,2025-01-01,4.0,SEX,False,23.0,NOITE
2025-01-10,15:00:00,CRIMES CONTRA PATRIMÔNIO,CRIMES CONTRA PATRIMÔNIO: ROUBO: A PESSOA EM VIA PÚBLICA,ES,SERRA,SERRA CENTRO,VIA PÚBLICA,roubos,patrimonial,2025.0,1.0,JAN,2025-01-01,4.0,SEX,False,15.0,TARDE
2025-01-10,23:20:00,CRIMES CONTRA PATRIMÔNIO,CRIMES CONTRA PATRIMÔNIO: ROUBO: A PESSOA EM VIA PÚBLICA,ES,CARIACICA,ITAQUARI,VIA PÚBLICA,roubos,patrimonial,2025.0,1.0,JAN,2025-01-01,4.0,SEX,False,23.0,NOITE
2025-01-10,22:00:00,CRIMES CONTRA PATRIMÔNIO,CRIMES CONTRA PATRIMÔNIO: ROUBO: A PESSOA EM VIA PÚBLICA,ES,CARIACICA,VILA PRUDENCIO,VIA PÚBLICA,roubos,patrimonial,2025.0,1.0,JAN,2025-01-01,4.0,SEX,False,22.0,NOITE
2025-01-10,19:00:00,CRIMES CONTRA PATRIMÔNIO,CRIMES CONTRA PATRIMÔNIO: ROUBO: A PESSOA EM VIA PÚBLICA,ES,VILA VELHA,SAO TORQUATO,VIA PÚBLICA,roubos,patrimonial,2025.0,1.0,JAN,2025-01-01,4.0,SEX,False,19.0,NOITE
2025-01-10,22:40:00,CRIMES CONTRA PATRIMÔNIO,CRIMES CONTRA PATRIMÔNIO: ROUBO: A PESSOA EM VIA PÚBLICA,ES,VILA VELHA,ILHA DOS BENTOS,OUTRO LOCAL,roubos,patrimonial,2025.0,1.0,JAN,2025-01-01,4.0,SEX,False,22.0,NOITE
2025-01-10,22:30:00,CRIMES CONTRA PATRIMÔNIO,CRIMES CONTRA PATRIMÔNIO: ROUBO: A PESSOA EM VIA PÚBLICA,ES,VITORIA,BARRO VERMELHO,VIA PÚBLICA,roubos,patrimonial,2025.0,1.0,JAN,2025-01-01,4.0,SEX,False,22.0,NOITE
2025-01-10,21:00:00,CRIMES CONTRA PATRIMÔNIO,CRIMES CONTRA PATRIMÔNIO: ROUBO: A PESSOA EM VIA PÚBLICA,ES,CARIACICA,BANDEIRANTES,VIA PÚBLICA,roubos,patrimonial,2025.0,1.0,JAN,2025-01-01,4.0,SEX,False,21.0,NOITE
2025-01-10,23:20:00,CRIMES CONTRA PATRIMÔNIO,CRIMES CONTRA PATRIMÔNIO: ROUBO: A PESSOA EM VIA PÚBLICA,ES,CACHOEIRO DE ITAPEMIRIM,ALTO AMARELO,VIA PÚBLICA,roubos,patrimonial,2025.0,1.0,JAN,2025-01-01,4.0,SEX,False,23.0,NOITE
2025-01-10,19:40:00,CRIMES CONTRA PATRIMÔNIO,CRIMES CONTRA PATRIMÔNIO: ROUBO: A PESSOA EM VIA PÚBLICA,ES,VILA VELHA,PRAIA DE ITAPARICA,VIA PÚBLICA,roubos,patrimonial,2025.0,1.0,JAN,2025-01-01,4.0,SEX,False,19.0,NOITE
2025-01-10,23:00:00,CRIMES CONTRA PATRIMÔNIO,CRIMES CONTRA PATRIMÔNIO: ROUBO: A PESSOA EM VIA PÚBLICA,ES,GUARAPARI,NOVA GUARAPARI,VIA PÚBLICA,roubos,patrimonial,2025.0,1.0,JAN,2025-01-01,4.0,SEX,False,23.0,NOITE
2025-01-10,16:31:00,CRIMES CONTRA PATRIMÔNIO,CRIMES CONTRA PATRIMÔNIO: ROUBO: A PESSOA EM VIA PÚBLICA,ES,SERRA,SAO DIOGO II,VIA PÚBLICA,roubos,patrimonial,2025.0,1.0,JAN,2025-01-01,4.0,SEX,False,16.0,TARDE
2025-01-10,20:30:00,CRIMES CONTRA PATRIMÔNIO,CRIMES CONTRA PATRIMÔNIO: ROUBO: A PESSOA EM VIA PÚBLICA,ES,VITORIA,ILHA DE SANTA MARIA,VIA PÚBLICA,roubos,patrimonial,2025.0,1.0,JAN,2025-01-01,4.0,SEX,False,20.0,NOITE
2025-01-10,10:00:00,CRIMES CONTRA PATRIMÔNIO,CRIMES CONTRA PATRIMÔNIO: ROUBO: A PESSOA EM VIA PÚBLICA,ES,VITORIA,ANDORINHAS,VEÍCULO,roubos,patrimonial,2025.0,1.0,JAN,2025-01-01,4.0,SEX,False,10.0,MANHA
2025-01-10,Indeterminada,CRIMES CONTRA PATRIMÔNIO,CRIMES CONTRA PATRIMÔNIO: ROUBO: A PESSOA EM VIA PÚBLICA,ES,CARIACICA,CAMPO GRANDE,VIA PÚBLICA,roubos,patrimonial,2025.0,1.0,JAN,2025-01-01,4.0,SEX,False,,
2025-01-10,11:30:00,CRIMES CONTRA PATRIMÔNIO,CRIMES CONTRA PATRIMÔNIO: ROUBO: A PESSOA EM VIA PÚBLICA,ES,VITORIA,JARDIM DA PENHA,VIA PÚBLICA,roubos,patrimonial,2025.0,1.0,JAN,2025-01-01,4.0,SEX,False,11.0,MANHA
2025-01-10,09:25:00,CRIMES CONTRA PATRIMÔNIO,CRIMES CONTRA PATRIMÔNIO: ROUBO: A PESSOA EM VIA PÚBLICA,ES,CARIACICA,CAMPO GRANDE,VIA PÚBLICA,roubos,patrimonial,2025.0,1.0,JAN,2025-01-01,4.0,SEX,False,9.0,MANHA
2025-01-10,20:30:00,CRIMES CONTRA PATRIMÔNIO,CRIMES CONTRA PATRIMÔNIO: ROUBO: A PESSOA EM VIA PÚBLICA,ES,CARIACICA,CAMPO GRANDE,VIA PÚBLICA,roubos,patrimonial,2025.0,1.0,JAN,2025-01-01,4.0,SEX,False,20.0,NOITE
2025-01-10,05:30:00,CRIMES CONTRA PATRIMÔNIO,CRIMES CONTRA PATRIMÔNIO: ROUBO: A PESSOA EM VIA PÚBLICA,ES,CARIACICA,MUCURI,VIA PÚBLICA,roubos,patrimonial,2025.0,1.0,JAN,2025-01-01,4.0,SEX,False,5.0,MADRUGADA
2025-01-10,11:57:00,CRIMES CONTRA PATRIMÔNIO,CRIMES CONTRA PATRIMÔNIO: ROUBO: EM TRANSPORTE COLETIVO,ES,VITORIA,VILA RUBIM,VEÍCULO,roubos,patrimonial,2025.0,1.0,JAN,2025-01-01,4.0,SEX,False,11.0,MANHA
2025-01-10,23:30:00,CRIMES CONTRA PATRIMÔNIO,CRIMES CONTRA PATRIMÔNIO: ROUBO: EM TRANSPORTE COLETIVO,ES,SERRA,CARAPINA GRANDE,VIA PÚBLICA,roubos,patrimonial,2025.0,1.0,JAN,2025-01-01,4.0,SEX,False,23.0,NOITE
2025-01-10,23:10:00,CRIMES CONTRA PATRIMÔNIO,CRIMES CONTRA PATRIMÔNIO: ROUBO: EM TRANSPORTE COLETIVO,ES,SERRA,OUTRO LOCAL,VEÍCULO,roubos,patrimonial,2025.0,1.0,JAN,2025-01-01,4.0,SEX,False,23.0,NOITE
2025-01-10,23:10:00,CRIMES CONTRA PATRIMÔNIO,CRIMES CONTRA PATRIMÔNIO: ROUBO: EM TRANSPORTE COLETIVO,ES,SERRA,ANDRE CARLONI,TRANSP COLETIVO,roubos,patrimonial,2025.0,1.0,JAN,2025-01-01,4.0,SEX,False,23.0,NOITE
2025-01-10,23:09:00,CRIMES CONTRA PATRIMÔNIO,CRIMES CONTRA PATRIMÔNIO: ROUBO: EM TRANSPORTE COLETIVO,ES,SERRA,ANDRE CARLONI,RODOVIA FEDERAL,roubos,patrimonial,2025.0,1.0,JAN,2025-01-01,4.0,SEX,False,23.0,NOITE
2025-01-10,08:15:00,CRIMES CONTRA PATRIMÔNIO,CRIMES CONTRA PATRIMÔNIO: ROUBO: EM ESTABELECIMENTO COMERCIAL,ES,VILA VELHA,PRAIA DE ITAPARICA,COMÉRCIO,roubos,patrimonial,2025.0,1.0,JAN,2025-01-01,4.0,SEX,False,8.0,MANHA
2025-01-10,01:00:00,CRIMES CONTRA PATRIMÔNIO,CRIMES CONTRA PATRIMÔNIO: ROUBO: EM ESTABELECIMENTO COMERCIAL,ES,VITORIA,JARDIM DA PENHA,COMÉRCIO,roubos,patrimonial,2025.0,1.0,JAN,2025-01-01,4.0,SEX,False,1.0,MADRUGADA
2025-01-10,23:59:00,CRIMES CONTRA PATRIMÔNIO,CRIMES CONTRA PATRIMÔNIO: ROUBO: EM ESTABELECIMENTO COMERCIAL,ES,GUARAPARI,BALNEARIO MEAIPE,CASA DE SHOW/EVENTOS,roubos,patrimonial,2025.0,1.0,JAN,2025-01-01,4.0,SEX,False,23.0,NOITE
2025-01-11,00:59:00,CRIMES CONTRA PATRIMÔNIO,CRIMES CONTRA PATRIMÔNIO: ROUBO: A PESSOA EM VIA PÚBLICA,ES,IBATIBA,CENTRO,VIA PÚBLICA,roubos,patrimonial,2025.0,1.0,JAN,2025-01-01,5.0,SAB,True,0.0,MADRUGADA
2025-01-11,10:25:00,CRIMES CONTRA PATRIMÔNIO,CRIMES CONTRA PATRIMÔNIO: ROUBO: A PESSOA EM VIA PÚBLICA,ES,CACHOEIRO DE ITAPEMIRIM,AQUIDABAN,VIA PÚBLICA,roubos,patrimonial,2025.0,1.0,JAN,2025-01-01,5.0,SAB,True,10.0,MANHA
2025-01-11,18:07:00,CRIMES CONTRA PATRIMÔNIO,CRIMES CONTRA PATRIMÔNIO: ROUBO: A PESSOA EM VIA PÚBLICA,ES,ANCHIETA,SAMARCO,VIA PÚBLICA,roubos,patrimonial,2025.0,1.0,JAN,2025-01-01,5.0,SAB,True,18.0,NOITE
2025-01-11,18:00:00,CRIMES CONTRA PATRIMÔNIO,CRIMES CONTRA PATRIMÔNIO: ROUBO: A PESSOA EM VIA PÚBLICA,ES,NOVA VENECIA,OUTRO LOCAL,VIA PÚBLICA,roubos,patrimonial,2025.0,1.0,JAN,2025-01-01,5.0,SAB,True,18.0,NOITE
2025-01-11,20:40:00,CRIMES CONTRA PATRIMÔNIO,CRIMES CONTRA PATRIMÔNIO: ROUBO: A PESSOA EM VIA PÚBLICA,ES,CARIACICA,ALTO LAGE,VIA PÚBLICA,roubos,patrimonial,2025.0,1.0,JAN,2025-01-01,5.0,SAB,True,20.0,NOITE
2025-01-11,Indeterminada,CRIMES CONTRA PATRIMÔNIO,CRIMES CONTRA PATRIMÔNIO: ROUBO: A PESSOA EM VIA PÚBLICA,ES,CARIACICA,ALTO LAGE,VIA PÚBLICA,roubos,patrimonial,2025.0,1.0,JAN,2025-01-01,5.0,SAB,True,,
2025-01-11,21:40:00,CRIMES CONTRA PATRIMÔNIO,CRIMES CONTRA PATRIMÔNIO: ROUBO: A PESSOA EM VIA PÚBLICA,ES,VILA VELHA,GUARANHUNS,VIA PÚBLICA,roubos,patrimonial,2025.0,1.0,JAN,2025-01-01,5.0,SAB,True,21.0,NOITE
2025-01-11,02:00:00,CRIMES CONTRA PATRIMÔNIO,CRIMES CONTRA PATRIMÔNIO: ROUBO: A PESSOA EM VIA PÚBLICA,ES,SERRA,SERRA CENTRO,VIA PÚBLICA,roubos,patrimonial,2025.0,1.0,JAN,2025-01-01,5.0,SAB,True,2.0,MADRUGADA
2025-01-11,18:00:00,CRIMES CONTRA PATRIMÔNIO,CRIMES CONTRA PATRIMÔNIO: ROUBO: A PESSOA EM VIA PÚBLICA,ES,VILA VELHA,OUTRO LOCAL,RODOVIA FEDERAL,roubos,patrimonial,2025.0,1.0,JAN,2025-01-01,5.0,SAB,True,18.0,NOITE
2025-01-11,10:00:00,CRIMES CONTRA PATRIMÔNIO,CRIMES CONTRA PATRIMÔNIO: ROUBO: A PESSOA EM VIA PÚBLICA,ES,CARIACICA,FLEXAL II,VIA PÚBLICA,roubos,patrimonial,2025.0,1.0,JAN,2025-01-01,5.0,SAB,True,10.0,MANHA
2025-01-11,10:00:00,CRIMES CONTRA PATRIMÔNIO,CRIMES CONTRA PATRIMÔNIO: ROUBO: A PESSOA EM VIA PÚBLICA,ES,SERRA,CARAPINA,VIA PÚBLICA,roubos,patrimonial,2025.0,1.0,JAN,2025-01-01,5.0,SAB,True,10.0,MANHA
2025-01-11,22:00:00,CRIMES CONTRA PATRIMÔNIO,CRIMES CONTRA PATRIMÔNIO: ROUBO: A PESSOA EM VIA PÚBLICA,ES,VILA VELHA,NOSSA SENHORA DA PENHA,VIA PÚBLICA,roubos,patrimonial,2025.0,1.0,JAN,2025-01-01,5.0,SAB,True,22.0,NOITE
2025-01-11,23:47:00,CRIMES CONTRA PATRIMÔNIO,CRIMES CONTRA PATRIMÔNIO: ROUBO: A PESSOA EM VIA PÚBLICA,ES,VILA VELHA,ARACAS,VIA PÚBLICA,roubos,patrimonial,2025.0,1.0,JAN,2025-01-01,5.0,SAB,True,23.0,NOITE
2025-01-11,21:50:00,CRIMES CONTRA PATRIMÔNIO,CRIMES CONTRA PATRIMÔNIO: ROUBO: A PESSOA EM VIA PÚBLICA,ES,SAO MATEUS,BOA VISTA,VIA PÚBLICA,roubos,patrimonial,2025.0,1.0,JAN,2025-01-01,5.0,SAB,True,21.0,NOITE
2025-01-11,00:10:00,CRIMES CONTRA PATRIMÔNIO,CRIMES CONTRA PATRIMÔNIO: ROUBO: A PESSOA EM VIA PÚBLICA,ES,CARIACICA,JARDIM AMERICA,VIA PÚBLICA,roubos,patrimonial,2025.0,1.0,JAN,2025-01-01,5.0,SAB,True,0.0,MADRUGADA
2025-01-11,16:30:00,CRIMES CONTRA PATRIMÔNIO,CRIMES CONTRA PATRIMÔNIO: ROUBO: A PESSOA EM VIA PÚBLICA,ES,SERRA,CARAPINA GRANDE,VIA PÚBLICA,roubos,patrimonial,2025.0,1.0,JAN,2025-01-01,5.0,SAB,True,16.0,TARDE
2025-01-11,Indeterminada,CRIMES CONTRA PATRIMÔNIO,CRIMES CONTRA PATRIMÔNIO: ROUBO: A PESSOA EM VIA PÚBLICA,ES,VILA VELHA,MORADA DA BARRA,VIA PÚBLICA,roubos,patrimonial,2025.0,1.0,JAN,2025-01-01,5.0,SAB,True,,
2025-01-11,11:49:00,CRIMES CONTRA PATRIMÔNIO,CRIMES CONTRA PATRIMÔNIO: ROUBO: A PESSOA EM VIA PÚBLICA,ES,CARIACICA,RIO MARINHO,VIA PÚBLICA,roubos,patrimonial,2025.0,1.0,JAN,2025-01-01,5.0,SAB,True,11.0,MANHA
2025-01-11,08:00:00,CRIMES CONTRA PATRIMÔNIO,CRIMES CONTRA PATRIMÔNIO: ROUBO: A PESSOA EM VIA PÚBLICA,ES,CARIACICA,VISTA DOURADA,VIA PÚBLICA,roubos,patrimonial,2025.0,1.0,JAN,2025-01-01,5.0,SAB,True,8.0,MANHA
2025-01-11,21:00:00,CRIMES CONTRA PATRIMÔNIO,CRIMES CONTRA PATRIMÔNIO: ROUBO: A PESSOA EM VIA PÚBLICA,ES,CARIACICA,PORTO DE CARIACICA,VIA PÚBLICA,roubos,patrimonial,2025.0,1.0,JAN,2025-01-01,5.0,SAB,True,21.0,NOITE
2025-01-11,18:00:00,CRIMES CONTRA PATRIMÔNIO,CRIMES CONTRA PATRIMÔNIO: ROUBO: A PESSOA EM VIA PÚBLICA,ES,VILA VELHA,SANTA MONICA,VIA PÚBLICA,roubos,patrimonial,2025.0,1.0,JAN,2025-01-01,5.0,SAB,True,18.0,NOITE
2025-01-11,02:00:00,CRIMES CONTRA PATRIMÔNIO,CRIMES CONTRA PATRIMÔNIO: ROUBO: A PESSOA EM VIA PÚBLICA,ES,GUARAPARI,CENTRO,VIA PÚBLICA,roubos,patrimonial,2025.0,1.0,JAN,2025-01-01,5.0,SAB,True,2.0,MADRUGADA
2025-01-11,22:30:00,CRIMES CONTRA PATRIMÔNIO,CRIMES CONTRA PATRIMÔNIO: ROUBO: A PESSOA EM VIA PÚBLICA,ES,VIANA,PRIMAVERA,VIA PÚBLICA,roubos,patrimonial,2025.0,1.0,JAN,2025-01-01,5.0,SAB,True,22.0,NOITE
2025-01-11,17:00:00,CRIMES CONTRA PATRIMÔNIO,CRIMES CONTRA PATRIMÔNIO: ROUBO: A PESSOA EM VIA PÚBLICA,ES,SERRA,NOVA ALMEIDA CENTRO,VIA PÚBLICA,roubos,patrimonial,2025.0,1.0,JAN,2025-01-01,5.0,SAB,True,17.0,TARDE
2025-01-11,06:00:00,CRIMES CONTRA PATRIMÔNIO,CRIMES CONTRA PATRIMÔNIO: ROUBO: A PESSOA EM VIA PÚBLICA,ES,SERRA,SAO DIOGO II,VIA PÚBLICA,roubos,patrimonial,2025.0,1.0,JAN,2025-01-01,5.0,SAB,True,6.0,MANHA
2025-01-11,17:20:00,CRIMES CONTRA PATRIMÔNIO,CRIMES CONTRA PATRIMÔNIO: ROUBO: A PESSOA EM VIA PÚBLICA,ES,SERRA,SAO GERALDO,VIA PÚBLICA,roubos,patrimonial,2025.0,1.0,JAN,2025-01-01,5.0,SAB,True,17.0,TARDE
2025-01-11,22:40:00,CRIMES CONTRA PATRIMÔNIO,CRIMES CONTRA PATRIMÔNIO: ROUBO: EM TRANSPORTE COLETIVO,ES,SERRA,COSTA DOURADA,VEÍCULO,roubos,patrimonial,2025.0,1.0,JAN,2025-01-01,5.0,SAB,True,22.0,NOITE
2025-01-11,21:00:00,CRIMES CONTRA PATRIMÔNIO,CRIMES CONTRA PATRIMÔNIO: ROUBO: EM ESTABELECIMENTO COMERCIAL,ES,GUARAPARI,NOVA GUARAPARI,CASA DE SHOW/EVENTOS,roubos,patrimonial,2025.0,1.0,JAN,2025-01-01,5.0,SAB,True,21.0,NOITE
2025-01-11,22:15:00,CRIMES CONTRA PATRIMÔNIO,CRIMES CONTRA PATRIMÔNIO: ROUBO: EM ESTABELECIMENTO COMERCIAL,ES,GUARAPARI,NOVA GUARAPARI,CASA DE SHOW/EVENTOS,roubos,patrimonial,2025.0,1.0,JAN,2025-01-01,5.0,SAB,True,22.0,NOITE
2025-01-11,19:30:00,CRIMES CONTRA PATRIMÔNIO,CRIMES CONTRA PATRIMÔNIO: ROUBO: EM ESTABELECIMENTO COMERCIAL,ES,GUARAPARI,OUTRO LOCAL,CASA DE SHOW/EVENTOS,roubos,patrimonial,2025.0,1.0,JAN,2025-01-01,5.0,SAB,True,19.0,NOITE
2025-01-12,12:11:00,CRIMES CONTRA PATRIMÔNIO,CRIMES CONTRA PATRIMÔNIO: ROUBO: A PESSOA EM VIA PÚBLICA,ES,CARIACICA,ALTO LAGE,VIA PÚBLICA,roubos,patrimonial,2025.0,1.0,JAN,2025-01-01,6.0,DOM,True,12.0,TARDE
2025-01-12,13:30:00,CRIMES CONTRA PATRIMÔNIO,CRIMES CONTRA PATRIMÔNIO: ROUBO: A PESSOA EM VIA PÚBLICA,ES,ALTO RIO NOVO,SANTA BARBARA II,VIA PÚBLICA,roubos,patrimonial,2025.0,1.0,JAN,2025-01-01,6.0,DOM,True,13.0,TARDE
2025-01-12,19:40:00,CRIMES CONTRA PATRIMÔNIO,CRIMES CONTRA PATRIMÔNIO: ROUBO: A PESSOA EM VIA PÚBLICA,ES,CARIACICA,DOM BOSCO,VIA PÚBLICA,roubos,patrimonial,2025.0,1.0,JAN,2025-01-01,6.0,DOM,True,19.0,NOITE
2025-01-12,10:20:00,CRIMES CONTRA PATRIMÔNIO,CRIMES CONTRA PATRIMÔNIO: ROUBO: A PESSOA EM VIA PÚBLICA,ES,VILA VELHA,PRAIA DA COSTA,VIA PÚBLICA,roubos,patrimonial,2025.0,1.0,JAN,2025-01-01,6.0,DOM,True,10.0,MANHA
2025-01-12,00:00:00,CRIMES CONTRA PATRIMÔNIO,CRIMES CONTRA PATRIMÔNIO: ROUBO: A PESSOA EM VIA PÚBLICA,ES,VIANA,MARCILIO DE NORONHA,VIA PÚBLICA,roubos,patrimonial,2025.0,1.0,JAN,2025-01-01,6.0,DOM,True,0.0,MADRUGADA
2025-01-12,19:40:00,CRIMES CONTRA PATRIMÔNIO,CRIMES CONTRA PATRIMÔNIO: ROUBO: A PESSOA EM VIA PÚBLICA,ES,VILA VELHA,BARRA DO JUCU,VIA PÚBLICA,roubos,patrimonial,2025.0,1.0,JAN,2025-01-01,6.0,DOM,True,19.0,NOITE
2025-01-12,21:30:00,CRIMES CONTRA PATRIMÔNIO,CRIMES CONTRA PATRIMÔNIO: ROUBO: A PESSOA EM VIA PÚBLICA,ES,CARIACICA,SANTO ANDRE,VIA PÚBLICA,roubos,patrimonial,2025.0,1.0,JAN,2025-01-01,6.0,DOM,True,21.0,NOITE
2025-01-12,00:30:00,CRIMES CONTRA PATRIMÔNIO,CRIMES CONTRA PATRIMÔNIO: ROUBO: A PESSOA EM VIA PÚBLICA,ES,VITORIA,ILHA DO PRINCIPE,VEÍCULO,roubos,patrimonial,2025.0,1.0,JAN,2025-01-01,6.0,DOM,True,0.0,MADRUGADA
2025-01-12,20:00:00,CRIMES CONTRA PATRIMÔNIO,CRIMES CONTRA PATRIMÔNIO: ROUBO: A PESSOA EM VIA PÚBLICA,ES,VILA VELHA,ALVORADA,VIA PÚBLICA,roubos,patrimonial,2025.0,1.0,JAN,2025-01-01,6.0,DOM,True,20.0,NOITE
2025-01-12,18:30:00,CRIMES CONTRA PATRIMÔNIO,CRIMES CONTRA PATRIMÔNIO: ROUBO: A PESSOA EM VIA PÚBLICA,ES,VIANA,VILA BETHANIA,VIA PÚBLICA,roubos,patrimonial,2025.0,1.0,JAN,2025-01-01,6.0,DOM,True,18.0,NOITE
2025-01-12,23:30:00,CRIMES CONTRA PATRIMÔNIO,CRIMES CONTRA PATRIMÔNIO: ROUBO: A PESSOA EM VIA PÚBLICA,ES,CARIACICA,ALTO LAGE,VIA PÚBLICA,roubos,patrimonial,2025.0,1.0,JAN,2025-01-01,6.0,DOM,True,23.0,NOITE
2025-01-12,23:00:00,CRIMES CONTRA PATRIMÔNIO,CRIMES CONTRA PATRIMÔNIO: ROUBO: A PESSOA EM VIA PÚBLICA,ES,SERRA,BAIRRO DAS LARANJEIRAS,RESIDÊNCIA,roubos,patrimonial,2025.0,1.0,JAN,2025-01-01,6.0,DOM,True,23.0,NOITE
2025-01-12,10:30:00,CRIMES CONTRA PATRIMÔNIO,CRIMES CONTRA PATRIMÔNIO: ROUBO: A PESSOA EM VIA PÚBLICA,ES,VILA VELHA,JOCKEY DE ITAPARICA,VIA PÚBLICA,roubos,patrimonial,2025.0,1.0,JAN,2025-01-01,6.0,DOM,True,10.0,MANHA
2025-01-12,00:38:00,CRIMES CONTRA PATRIMÔNIO,CRIMES CONTRA PATRIMÔNIO: ROUBO: A PESSOA EM VIA PÚBLICA,ES,VILA VELHA,GUARANHUNS,VIA PÚBLICA,roubos,patrimonial,2025.0,1.0,JAN,2025-01-01,6.0,DOM,True,0.0,MADRUGADA
2025-01-12,20:10:00,CRIMES CONTRA PATRIMÔNIO,CRIMES CONTRA PATRIMÔNIO: ROUBO: A PESSOA EM VIA PÚBLICA,ES,SERRA,CARAPINA,VIA PÚBLICA,roubos,patrimonial,2025.0,1.0,JAN,2025-01-01,6.0,DOM,True,20.0,NOITE
2025-01-12,21:00:00,CRIMES CONTRA PATRIMÔNIO,CRIMES CONTRA PATRIMÔNIO: ROUBO: A PESSOA EM VIA PÚBLICA,ES,SERRA,JARDIM TROPICAL,OUTRO LOCAL,roubos,patrimonial,2025.0,1.0,JAN,2025-01-01,6.0,DOM,True,21.0,NOITE
2025-01-12,19:20:00,CRIMES CONTRA PATRIMÔNIO,CRIMES CONTRA PATRIMÔNIO: ROUBO: A PESSOA EM VIA PÚBLICA,ES,VILA VELHA,SANTOS DUMONT,VIA PÚBLICA,roubos,patrimonial,2025.0,1.0,JAN,2025-01-01,6.0,DOM,True,19.0,NOITE
2025-01-12,20:30:00,CRIMES CONTRA PATRIMÔNIO,CRIMES CONTRA PATRIMÔNIO: ROUBO: A PESSOA EM VIA PÚBLICA,ES,SERRA,VISTA DA SERRA I,VIA PÚBLICA,roubos,patrimonial,2025.0,1.0,JAN,2025-01-01,6.0,DOM,True,20.0,NOITE
2025-01-12,12:00:00,CRIMES CONTRA PATRIMÔNIO,CRIMES CONTRA PATRIMÔNIO: ROUBO: A PESSOA EM VIA PÚBLICA,ES,VIANA,MARCILIO DE NORONHA,VIA PÚBLICA,roubos,patrimonial,2025.0,1.0,JAN,2025-01-01,6.0,DOM,True,12.0,TARDE
2025-01-12,11:15:00,CRIMES CONTRA PATRIMÔNIO,CRIMES CONTRA PATRIMÔNIO: ROUBO: A PESSOA EM VIA PÚBLICA,ES,CARIACICA,CAMPO GRANDE,VIA PÚBLICA,roubos,patrimonial,2025.0,1.0,JAN,2025-01-01,6.0,DOM,True,11.0,MANHA
2025-01-12,16:30:00,CRIMES CONTRA PATRIMÔNIO,CRIMES CONTRA PATRIMÔNIO: ROUBO: A PESSOA EM VIA PÚBLICA,ES,SERRA,SAO DIOGO II,VIA PÚBLICA,roubos,patrimonial,2025.0,1.0,JAN,2025-01-01,6.0,DOM,True,16.0,TARDE
2025-01-12,17:30:00,CRIMES CONTRA PATRIMÔNIO,CRIMES CONTRA PATRIMÔNIO: ROUBO: A PESSOA EM VIA PÚBLICA,ES,VILA VELHA,JABURUNA,VIA PÚBLICA,roubos,patrimonial,2025.0,1.0,JAN,2025-01-01,6.0,DOM,True,17.0,TARDE
2025-01-12,03:45:00,CRIMES CONTRA PATRIMÔNIO,CRIMES CONTRA PATRIMÔNIO: ROUBO: EM TRANSPORTE COLETIVO,ES,VITORIA,GOIABEIRAS,TRANSP COLETIVO,roubos,patrimonial,2025.0,1.0,JAN,2025-01-01,6.0,DOM,True,3.0,MADRUGADA
2025-01-12,21:06:00,CRIMES CONTRA PATRIMÔNIO,CRIMES CONTRA PATRIMÔNIO: ROUBO: EM TRANSPORTE COLETIVO,ES,SERRA,JACUHY,VIA PÚBLICA,roubos,patrimonial,2025.0,1.0,JAN,2025-01-01,6.0,DOM,True,21.0,NOITE
2025-01-12,19:00:00,CRIMES CONTRA PATRIMÔNIO,CRIMES CONTRA PATRIMÔNIO: ROUBO: EM ESTABELECIMENTO COMERCIAL,ES,SERRA,SERRA DOURADA I,COMÉRCIO,roubos,patrimonial,2025.0,1.0,JAN,2025-01-01,6.0,DOM,True,19.0,NOITE
2025-02-01,00:52:00,CRIMES CONTRA PATRIMÔNIO,CRIMES CONTRA PATRIMÔNIO: ROUBO: A PESSOA EM VIA PÚBLICA,ES,CONCEICAO DO CASTELO,NICOLAU DE VARGAS E SILVA,VIA PÚBLICA,roubos,patrimonial,2025.0,2.0,FEV,2025-02-01,5.0,SAB,True,0.0,MADRUGADA
2025-02-01,05:30:00,CRIMES CONTRA PATRIMÔNIO,CRIMES CONTRA PATRIMÔNIO: ROUBO: A PESSOA EM VIA PÚBLICA,ES,SERRA,JARDIM LIMOEIRO,VIA PÚBLICA,roubos,patrimonial,2025.0,2.0,FEV,2025-02-01,5.0,SAB,True,5.0,MADRUGADA
2025-02-01,05:00:00,CRIMES CONTRA PATRIMÔNIO,CRIMES CONTRA PATRIMÔNIO: ROUBO: A PESSOA EM VIA PÚBLICA,ES,SERRA,CARAPINA,VIA PÚBLICA,roubos,patrimonial,2025.0,2.0,FEV,2025-02-01,5.0,SAB,True,5.0,MADRUGADA
2025-02-01,11:00:00,CRIMES CONTRA PATRIMÔNIO,CRIMES CONTRA PATRIMÔNIO: ROUBO: A PESSOA EM VIA PÚBLICA,ES,VILA VELHA,SANTA INES,VIA PÚBLICA,roubos,patrimonial,2025.0,2.0,FEV,2025-02-01,5.0,SAB,True,11.0,MANHA
2025-02-01,Indeterminada,CRIMES CONTRA PATRIMÔNIO,CRIMES CONTRA PATRIMÔNIO: ROUBO: A PESSOA EM VIA PÚBLICA,ES,SERRA,CARAPINA,VIA PÚBLICA,roubos,patrimonial,2025.0,2.0,FEV,2025-02-01,5.0,SAB,True,,
2025-02-01,Indeterminada,CRIMES CONTRA PATRIMÔNIO,CRIMES CONTRA PATRIMÔNIO: ROUBO: A PESSOA EM VIA PÚBLICA,ES,VILA VELHA,COBILANDIA,VIA PÚBLICA,roubos,patrimonial,2025.0,2.0,FEV,2025-02-01,5.0,SAB,True,,
2025-02-01,23:40:00,CRIMES CONTRA PATRIMÔNIO,CRIMES CONTRA PATRIMÔNIO: ROUBO: A PESSOA EM VIA PÚBLICA,ES,VITORIA,JARDIM DA PENHA,VIA PÚBLICA,roubos,patrimonial,2025.0,2.0,FEV,2025-02-01,5.0,SAB,True,23.0,NOITE
2025-02-01,19:00:00,CRIMES CONTRA PATRIMÔNIO,CRIMES CONTRA PATRIMÔNIO: ROUBO: A PESSOA EM VIA PÚBLICA,ES,VITORIA,BENTO FERREIRA,VIA PÚBLICA,roubos,patrimonial,2025.0,2.0,FEV,2025-02-01,5.0,SAB,True,19.0,NOITE
2025-02-01,23:30:00,CRIMES CONTRA PATRIMÔNIO,CRIMES CONTRA PATRIMÔNIO: ROUBO: A PESSOA EM VIA PÚBLICA,ES,VITORIA,JARDIM CAMBURI,VIA PÚBLICA,roubos,patrimonial,2025.0,2.0,FEV,2025-02-01,5.0,SAB,True,23.0,NOITE
2025-02-01,09:00:00,CRIMES CONTRA PATRIMÔNIO,CRIMES CONTRA PATRIMÔNIO: ROUBO: A PESSOA EM VIA PÚBLICA,ES,VITORIA,CENTRO,VIA PÚBLICA,roubos,patrimonial,2025.0,2.0,FEV,2025-02-01,5.0,SAB,True,9.0,MANHA
2025-02-01,04:10:00,CRIMES CONTRA PATRIMÔNIO,CRIMES CONTRA PATRIMÔNIO: ROUBO: A PESSOA EM VIA PÚBLICA,ES,CARIACICA,NOVA ROSA DA PENHA,VIA PÚBLICA,roubos,patrimonial,2025.0,2.0,FEV,2025-02-01,5.0,SAB,True,4.0,MADRUGADA
2025-02-01,23:20:00,CRIMES CONTRA PATRIMÔNIO,CRIMES CONTRA PATRIMÔNIO: ROUBO: A PESSOA EM VIA PÚBLICA,ES,VILA VELHA,PRAIA DA COSTA,CASA DE SHOW/EVENTOS,roubos,patrimonial,2025.0,2.0,FEV,2025-02-01,5.0,SAB,True,23.0,NOITE
2025-02-01,08:30:00,CRIMES CONTRA PATRIMÔNIO,CRIMES CONTRA PATRIMÔNIO: ROUBO: A PESSOA EM VIA PÚBLICA,ES,VITORIA,CARATOIRA,VIA PÚBLICA,roubos,patrimonial,2025.0,2.0,FEV,2025-02-01,5.0,SAB,True,8.0,MANHA
2025-02-01,17:40:00,CRIMES CONTRA PATRIMÔNIO,CRIMES CONTRA PATRIMÔNIO: ROUBO: A PESSOA EM VIA PÚBLICA,ES,COLATINA,CENTRO,VIA PÚBLICA,roubos,patrimonial,2025.0,2.0,FEV,2025-02-01,5.0,SAB,True,17.0,TARDE
2025-02-01,22:00:00,CRIMES CONTRA PATRIMÔNIO,CRIMES CONTRA PATRIMÔNIO: ROUBO: A PESSOA EM VIA PÚBLICA,ES,VILA VELHA,JARDIM MARILANDIA,VIA PÚBLICA,roubos,patrimonial,2025.0,2.0,FEV,2025-02-01,5.0,SAB,True,22.0,NOITE
2025-02-01,10:00:00,CRIMES CONTRA PATRIMÔNIO,CRIMES CONTRA PATRIMÔNIO: ROUBO: A PESSOA EM VIA PÚBLICA,ES,CARIACICA,ITACIBA,VIA PÚBLICA,roubos,patrimonial,2025.0,2.0,FEV,2025-02-01,5.0,SAB,True,10.0,MANHA
2025-02-01,08:15:00,CRIMES CONTRA PATRIMÔNIO,CRIMES CONTRA PATRIMÔNIO: ROUBO: A PESSOA EM VIA PÚBLICA,ES,SERRA,COLINA DE LARANJEIRAS,VIA PÚBLICA,roubos,patrimonial,2025.0,2.0,FEV,2025-02-01,5.0,SAB,True,8.0,MANHA
2025-02-01,00:44:00,CRIMES CONTRA PATRIMÔNIO,CRIMES CONTRA PATRIMÔNIO: ROUBO: A PESSOA EM VIA PÚBLICA,ES,VITORIA,JARDIM DA PENHA,VIA PÚBLICA,roubos,patrimonial,2025.0,2.0,FEV,2025-02-01,5.0,SAB,True,0.0,MADRUGADA
2025-02-01,04:30:00,CRIMES CONTRA PATRIMÔNIO,CRIMES CONTRA PATRIMÔNIO: ROUBO: A PESSOA EM VIA PÚBLICA,ES,VITORIA,JARDIM DA PENHA,VIA PÚBLICA,roubos,patrimonial,2025.0,2.0,FEV,2025-02-01,5.0,SAB,True,4.0,MADRUGADA
2025-02-01,03:20:00,CRIMES CONTRA PATRIMÔNIO,CRIMES CONTRA PATRIMÔNIO: ROUBO: A PESSOA EM VIA PÚBLICA,ES,VITORIA,JARDIM DA PENHA,VIA PÚBLICA,roubos,patrimonial,2025.0,2.0,FEV,2025-02-01,5.0,SAB,True,3.0,MADRUGADA
2025-02-01,22:30:00,CRIMES CONTRA PATRIMÔNIO,CRIMES CONTRA PATRIMÔNIO: ROUBO: A PESSOA EM VIA PÚBLICA,ES,VITORIA,JARDIM DA PENHA,VIA PÚBLICA,roubos,patrimonial,2025.0,2.0,FEV,2025-02-01,5.0,SAB,True,22.0,NOITE
2025-02-01,04:14:00,CRIMES CONTRA PATRIMÔNIO,CRIMES CONTRA PATRIMÔNIO: ROUBO: A PESSOA EM VIA PÚBLICA,ES,VITORIA,JARDIM DA PENHA,VIA PÚBLICA,roubos,patrimonial,2025.0,2.0,FEV,2025-02-01,5.0,SAB,True,4.0,MADRUGADA
2025-02-01,00:11:00,CRIMES CONTRA PATRIMÔNIO,CRIMES CONTRA PATRIMÔNIO: ROUBO: A PESSOA EM VIA PÚBLICA,ES,VITORIA,GOIABEIRAS,VIA PÚBLICA,roubos,patrimonial,2025.0,2.0,FEV,2025-02-01,5.0,SAB,True,0.0,MADRUGADA
2025-02-01,03:13:00,CRIMES CONTRA PATRIMÔNIO,CRIMES CONTRA PATRIMÔNIO: ROUBO: A PESSOA EM VIA PÚBLICA,ES,VITORIA,PONTAL DE CAMBURI,VIA PÚBLICA,roubos,patrimonial,2025.0,2.0,FEV,2025-02-01,5.0,SAB,True,3.0,MADRUGADA
2025-02-01,18:45:00,CRIMES CONTRA PATRIMÔNIO,CRIMES CONTRA PATRIMÔNIO: ROUBO: A PESSOA EM VIA PÚBLICA,ES,VITORIA,PRAIA DO SUA,VIA PÚBLICA,roubos,patrimonial,2025.0,2.0,FEV,2025-02-01,5.0,SAB,True,18.0,NOITE
2025-02-01,02:00:00,CRIMES CONTRA PATRIMÔNIO,CRIMES CONTRA PATRIMÔNIO: ROUBO: A PESSOA EM VIA PÚBLICA,ES,VITORIA,MATA DA PRAIA,VIA PÚBLICA,roubos,patrimonial,2025.0,2.0,FEV,2025-02-01,5.0,SAB,True,2.0,MADRUGADA
2025-02-01,13:00:00,CRIMES CONTRA PATRIMÔNIO,CRIMES CONTRA PATRIMÔNIO: ROUBO: A PESSOA EM VIA PÚBLICA,ES,VITORIA,SANTA HELENA,VIA PÚBLICA,roubos,patrimonial,2025.0,2.0,FEV,2025-02-01,5.0,SAB,True,13.0,TARDE
2025-02-01,18:00:00,CRIMES CONTRA PATRIMÔNIO,CRIMES CONTRA PATRIMÔNIO: ROUBO: A PESSOA EM VIA PÚBLICA,ES,CARIACICA,FLEXAL I,VIA PÚBLICA,roubos,patrimonial,2025.0,2.0,FEV,2025-02-01,5.0,SAB,True,18.0,NOITE
2025-02-01,16:00:00,CRIMES CONTRA PATRIMÔNIO,CRIMES CONTRA PATRIMÔNIO: ROUBO: A PESSOA EM VIA PÚBLICA,ES,CARIACICA,CAMPO GRANDE,VIA PÚBLICA,roubos,patrimonial,2025.0,2.0,FEV,2025-02-01,5.0,SAB,True,16.0,TARDE
2025-02-01,20:10:00,CRIMES CONTRA PATRIMÔNIO,CRIMES CONTRA PATRIMÔNIO: ROUBO: EM TRANSPORTE COLETIVO,ES,SERRA,CARAPINA,TRANSP COLETIVO,roubos,patrimonial,2025.0,2.0,FEV,2025-02-01,5.0,SAB,True,20.0,NOITE
2025-02-01,18:17:00,CRIMES CONTRA PATRIMÔNIO,CRIMES CONTRA PATRIMÔNIO: ROUBO: EM ESTABELECIMENTO COMERCIAL,ES,MUCURICI,PLANALTO,COMÉRCIO,roubos,patrimonial,2025.0,2.0,FEV,2025-02-01,5.0,SAB,True,18.0,NOITE
2025-02-02,13:18:00,CRIMES CONTRA PATRIMÔNIO,CRIMES CONTRA PATRIMÔNIO: ROUBO: A PESSOA EM VIA PÚBLICA,ES,VITORIA,JARDIM DA PENHA,VIA PÚBLICA,roubos,patrimonial,2025.0,2.0,FEV,2025-02-01,6.0,DOM,True,13.0,TARDE
2025-02-02,03:40:00,CRIMES CONTRA PATRIMÔNIO,CRIMES CONTRA PATRIMÔNIO: ROUBO: A PESSOA EM VIA PÚBLICA,ES,VIANA,NOVA BETHANIA,VIA PÚBLICA,roubos,patrimonial,2025.0,2.0,FEV,2025-02-01,6.0,DOM,True,3.0,MADRUGADA
2025-02-02,19:30:00,CRIMES CONTRA PATRIMÔNIO,CRIMES CONTRA PATRIMÔNIO: ROUBO: A PESSOA EM VIA PÚBLICA,ES,VILA VELHA,JOCKEY DE ITAPARICA,VIA PÚBLICA,roubos,patrimonial,2025.0,2.0,FEV,2025-02-01,6.0,DOM,True,19.0,NOITE
2025-02-02,13:00:00,CRIMES CONTRA PATRIMÔNIO,CRIMES CONTRA PATRIMÔNIO: ROUBO: A PESSOA EM VIA PÚBLICA,ES,SERRA,VISTA DA SERRA I,VIA PÚBLICA,roubos,patrimonial,2025.0,2.0,FEV,2025-02-01,6.0,DOM,True,13.0,TARDE
2025-02-02,17:25:00,CRIMES CONTRA PATRIMÔNIO,CRIMES CONTRA PATRIMÔNIO: ROUBO: A PESSOA EM VIA PÚBLICA,ES,SERRA,PORTAL DE JACARAIPE,VIA PÚBLICA,roubos,patrimonial,2025.0,2.0,FEV,2025-02-01,6.0,DOM,True,17.0,TARDE
2025-02-02,02:30:00,CRIMES CONTRA PATRIMÔNIO,CRIMES CONTRA PATRIMÔNIO: ROUBO: A PESSOA EM VIA PÚBLICA,ES,VILA VELHA,PRAIA DE ITAPARICA,VIA PÚBLICA,roubos,patrimonial,2025.0,2.0,FEV,2025-02-01,6.0,DOM,True,2.0,MADRUGADA
2025-02-02,12:00:00,CRIMES CONTRA PATRIMÔNIO,CRIMES CONTRA PATRIMÔNIO: ROUBO: A PESSOA EM VIA PÚBLICA,ES,VITORIA,MARUIPE,VIA PÚBLICA,roubos,patrimonial,2025.0,2.0,FEV,2025-02-01,6.0,DOM,True,12.0,TARDE
2025-02-02,21:00:00,CRIMES CONTRA PATRIMÔNIO,CRIMES CONTRA PATRIMÔNIO: ROUBO: A PESSOA EM VIA PÚBLICA,ES,CARIACICA,JARDIM AMERICA,VIA PÚBLICA,roubos,patrimonial,2025.0,2.0,FEV,2025-02-01,6.0,DOM,True,21.0,NOITE
2025-02-02,19:00:00,CRIMES CONTRA PATRIMÔNIO,CRIMES CONTRA PATRIMÔNIO: ROUBO: A PESSOA EM VIA PÚBLICA,ES,SERRA,NOVO HORIZONTE,VIA PÚBLICA,roubos,patrimonial,2025.0,2.0,FEV,2025-02-01,6.0,DOM,True,19.0,NOITE
2025-02-02,20:30:00,CRIMES CONTRA PATRIMÔNIO,CRIMES CONTRA PATRIMÔNIO: ROUBO: A PESSOA EM VIA PÚBLICA,ES,SERRA,NOVO HORIZONTE,VIA PÚBLICA,roubos,patrimonial,2025.0,2.0,FEV,2025-02-01,6.0,DOM,True,20.0,NOITE
2025-02-02,19:00:00,CRIMES CONTRA PATRIMÔNIO,CRIMES CONTRA PATRIMÔNIO: ROUBO: A PESSOA EM VIA PÚBLICA,ES,VILA VELHA,ITAPOA,VIA PÚBLICA,roubos,patrimonial,2025.0,2.0,FEV,2025-02-01,6.0,DOM,True,19.0,NOITE
2025-02-02,01:10:00,CRIMES CONTRA PATRIMÔNIO,CRIMES CONTRA PATRIMÔNIO: ROUBO: A PESSOA EM VIA PÚBLICA,ES,VITORIA,JARDIM DA PENHA,VIA PÚBLICA,roubos,patrimonial,2025.0,2.0,FEV,2025-02-01,6.0,DOM,True,1.0,MADRUGADA
2025-02-02,20:00:00,CRIMES CONTRA PATRIMÔNIO,CRIMES CONTRA PATRIMÔNIO: ROUBO: A PESSOA EM VIA PÚBLICA,ES,VILA VELHA,GLORIA,VIA PÚBLICA,roubos,patrimonial,2025.0,2.0,FEV,2025-02-01,6.0,DOM,True,20.0,NOITE
2025-02-02,02:00:00,CRIMES CONTRA PATRIMÔNIO,CRIMES CONTRA PATRIMÔNIO: ROUBO: A PESSOA EM VIA PÚBLICA,ES,VITORIA,JARDIM DA PENHA,VIA PÚBLICA,roubos,patrimonial,2025.0,2.0,FEV,2025-02-01,6.0,DOM,True,2.0,MADRUGADA
2025-02-02,19:45:00,CRIMES CONTRA PATRIMÔNIO,CRIMES CONTRA PATRIMÔNIO: ROUBO: A PESSOA EM VIA PÚBLICA,ES,SERRA,JARDIM LIMOEIRO,VIA PÚBLICA,roubos,patrimonial,2025.0,2.0,FEV,2025-02-01,6.0,DOM,True,19.0,NOITE
2025-02-02,11:00:00,CRIMES CONTRA PATRIMÔNIO,CRIMES CONTRA PATRIMÔNIO: ROUBO: A PESSOA EM VIA PÚBLICA,ES,SERRA,PARQUE RESIDENCIAL LARANJEIRAS,VIA PÚBLICA,roubos,patrimonial,2025.0,2.0,FEV,2025-02-01,6.0,DOM,True,11.0,MANHA
2025-02-02,19:30:00,CRIMES CONTRA PATRIMÔNIO,CRIMES CONTRA PATRIMÔNIO: ROUBO: A PESSOA EM VIA PÚBLICA,ES,SERRA,PARQUE JACARAIPE,VIA PÚBLICA,roubos,patrimonial,2025.0,2.0,FEV,2025-02-01,6.0,DOM,True,19.0,NOITE
2025-02-02,14:00:00,CRIMES CONTRA PATRIMÔNIO,CRIMES CONTRA PATRIMÔNIO: ROUBO: EM RESIDÊNCIA/CONDOMÍNIO,ES,CARIACICA,JARDIM CAMPO GRANDE,RESIDÊNCIA,roubos,patrimonial,2025.0,2.0,FEV,2025-02-01,6.0,DOM,True,14.0,TARDE
2025-02-03,02:00:00,CRIMES CONTRA PATRIMÔNIO,CRIMES CONTRA PATRIMÔNIO: ROUBO: A PESSOA EM VIA PÚBLICA,ES,VITORIA,PARQUE MOSCOSO,VIA PÚBLICA,roubos,patrimonial,2025.0,2.0,FEV,2025-02-01,0.0,SEG,False,2.0,MADRUGADA
2025-02-03,10:53:00,CRIMES CONTRA PATRIMÔNIO,CRIMES CONTRA PATRIMÔNIO: ROUBO: A PESSOA EM VIA PÚBLICA,ES,SAO MATEUS,GURIRI,VIA PÚBLICA,roubos,patrimonial,2025.0,2.0,FEV,2025-02-01,0.0,SEG,False,10.0,MANHA
2025-02-03,13:30:00,CRIMES CONTRA PATRIMÔNIO,CRIMES CONTRA PATRIMÔNIO: ROUBO: A PESSOA EM VIA PÚBLICA,ES,CARIACICA,CAMPO GRANDE,VIA PÚBLICA,roubos,patrimonial,2025.0,2.0,FEV,2025-02-01,0.0,SEG,False,13.0,TARDE
2025-02-03,07:00:00,CRIMES CONTRA PATRIMÔNIO,CRIMES CONTRA PATRIMÔNIO: ROUBO: A PESSOA EM VIA PÚBLICA,ES,CARIACICA,TUCUM,VIA PÚBLICA,roubos,patrimonial,2025.0,2.0,FEV,2025-02-01,0.0,SEG,False,7.0,MANHA
2025-02-03,14:30:00,CRIMES CONTRA PATRIMÔNIO,CRIMES CONTRA PATRIMÔNIO: ROUBO: A PESSOA EM VIA PÚBLICA,ES,SAO MATEUS,SERNAMBY,VIA PÚBLICA,roubos,patrimonial,2025.0,2.0,FEV,2025-02-01,0.0,SEG,False,14.0,TARDE
2025-02-03,11:30:00,CRIMES CONTRA PATRIMÔNIO,CRIMES CONTRA PATRIMÔNIO: ROUBO: A PESSOA EM VIA PÚBLICA,ES,VILA VELHA,PAUL,VIA PÚBLICA,roubos,patrimonial,2025.0,2.0,FEV,2025-02-01,0.0,SEG,False,11.0,MANHA
2025-02-03,16:40:00,CRIMES CONTRA PATRIMÔNIO,CRIMES CONTRA PATRIMÔNIO: ROUBO: A PESSOA EM VIA PÚBLICA,ES,CARIACICA,PLANETA,VIA PÚBLICA,roubos,patrimonial,2025.0,2.0,FEV,2025-02-01,0.0,SEG,False,16.0,TARDE
2025-02-03,18:50:00,CRIMES CONTRA PATRIMÔNIO,CRIMES CONTRA PATRIMÔNIO: ROUBO: A PESSOA EM VIA PÚBLICA,ES,SERRA,JARDIM LIMOEIRO,VIA PÚBLICA,roubos,patrimonial,2025.0,2.0,FEV,2025-02-01,0.0,SEG,False,18.0,NOITE
2025-02-03,17:20:00,CRIMES CONTRA PATRIMÔNIO,CRIMES CONTRA PATRIMÔNIO: ROUBO: A PESSOA EM VIA PÚBLICA,ES,LINHARES,MOVELAR,VIA PÚBLICA,roubos,patrimonial,2025.0,2.0,FEV,2025-02-01,0.0,SEG,False,17.0,TARDE
2025-02-03,18:30:00,CRIMES CONTRA PATRIMÔNIO,CRIMES CONTRA PATRIMÔNIO: ROUBO: A PESSOA EM VIA PÚBLICA,ES,VILA VELHA,CENTRO VILA VELHA,VIA PÚBLICA,roubos,patrimonial,2025.0,2.0,FEV,2025-02-01,0.0,SEG,False,18.0,NOITE
2025-02-03,21:00:00,CRIMES CONTRA PATRIMÔNIO,CRIMES CONTRA PATRIMÔNIO: ROUBO: A PESSOA EM VIA PÚBLICA,ES,VILA VELHA,PRAIA DA COSTA,VIA PÚBLICA,roubos,patrimonial,2025.0,2.0,FEV,2025-02-01,0.0,SEG,False,21.0,NOITE
2025-02-03,06:33:00,CRIMES CONTRA PATRIMÔNIO,CRIMES CONTRA PATRIMÔNIO: ROUBO: A PESSOA EM VIA PÚBLICA,ES,CARIACICA,DOM BOSCO,VIA PÚBLICA,roubos,patrimonial,2025.0,2.0,FEV,2025-02-01,0.0,SEG,False,6.0,MANHA
2025-02-03,20:10:00,CRIMES CONTRA PATRIMÔNIO,CRIMES CONTRA PATRIMÔNIO: ROUBO: A PESSOA EM VIA PÚBLICA,ES,VITORIA,JARDIM CAMBURI,VIA PÚBLICA,roubos,patrimonial,2025.0,2.0,FEV,2025-02-01,0.0,SEG,False,20.0,NOITE
2025-02-03,21:00:00,CRIMES CONTRA PATRIMÔNIO,CRIMES CONTRA PATRIMÔNIO: ROUBO: A PESSOA EM VIA PÚBLICA,ES,SAO MATEUS,MARIRICU,VIA PÚBLICA,roubos,patrimonial,2025.0,2.0,FEV,2025-02-01,0.0,SEG,False,21.0,NOITE
2025-02-03,18:30:00,CRIMES CONTRA PATRIMÔNIO,CRIMES CONTRA PATRIMÔNIO: ROUBO: A PESSOA EM VIA PÚBLICA,ES,SERRA,JARDIM LIMOEIRO,VIA PÚBLICA,roubos,patrimonial,2025.0,2.0,FEV,2025-02-01,0.0,SEG,False,18.0,NOITE
2025-02-03,23:00:00,CRIMES CONTRA PATRIMÔNIO,CRIMES CONTRA PATRIMÔNIO: ROUBO: A PESSOA EM VIA PÚBLICA,ES,CARIACICA,ALTO LAGE,VIA PÚBLICA,roubos,patrimonial,2025.0,2.0,FEV,2025-02-01,0.0,SEG,False,23.0,NOITE
2025-02-03,05:50:00,CRIMES CONTRA PATRIMÔNIO,CRIMES CONTRA PATRIMÔNIO: ROUBO: A PESSOA EM VIA PÚBLICA,ES,VITORIA,RESISTENCIA,VIA PÚBLICA,roubos,patrimonial,2025.0,2.0,FEV,2025-02-01,0.0,SEG,False,5.0,MADRUGADA
2025-02-03,19:07:00,CRIMES CONTRA PATRIMÔNIO,CRIMES CONTRA PATRIMÔNIO: ROUBO: A PESSOA EM VIA PÚBLICA,ES,VITORIA,SOLON BORGES,OUTRO LOCAL,roubos,patrimonial,2025.0,2.0,FEV,2025-02-01,0.0,SEG,False,19.0,NOITE
2025-02-03,17:30:00,CRIMES CONTRA PATRIMÔNIO,CRIMES CONTRA PATRIMÔNIO: ROUBO: A PESSOA EM VIA PÚBLICA,ES,CARIACICA,MUCURI,VIA PÚBLICA,roubos,patrimonial,2025.0,2.0,FEV,2025-02-01,0.0,SEG,False,17.0,TARDE
2025-02-03,18:00:00,CRIMES CONTRA PATRIMÔNIO,CRIMES CONTRA PATRIMÔNIO: ROUBO: A PESSOA EM VIA PÚBLICA,ES,CARIACICA,BELA AURORA,VIA PÚBLICA,roubos,patrimonial,2025.0,2.0,FEV,2025-02-01,0.0,SEG,False,18.0,NOITE
2025-02-03,20:00:00,CRIMES CONTRA PATRIMÔNIO,CRIMES CONTRA PATRIMÔNIO: ROUBO: A PESSOA EM VIA PÚBLICA,ES,CARIACICA,SANTANA,VIA PÚBLICA,roubos,patrimonial,2025.0,2.0,FEV,2025-02-01,0.0,SEG,False,20.0,NOITE
2025-02-03,09:50:00,CRIMES CONTRA PATRIMÔNIO,CRIMES CONTRA PATRIMÔNIO: ROUBO: A PESSOA EM VIA PÚBLICA,ES,SERRA,PORTAL DE JACARAIPE,VIA PÚBLICA,roubos,patrimonial,2025.0,2.0,FEV,2025-02-01,0.0,SEG,False,9.0,MANHA
2025-02-03,19:00:00,CRIMES CONTRA PATRIMÔNIO,CRIMES CONTRA PATRIMÔNIO: ROUBO: A PESSOA EM VIA PÚBLICA,ES,VITORIA,CENTRO,VIA PÚBLICA,roubos,patrimonial,2025.0,2.0,FEV,2025-02-01,0.0,SEG,False,19.0,NOITE
2025-02-03,21:50:00,CRIMES CONTRA PATRIMÔNIO,CRIMES CONTRA PATRIMÔNIO: ROUBO: A PESSOA EM VIA PÚBLICA,ES,CARIACICA,DOM BOSCO,VIA PÚBLICA,roubos,patrimonial,2025.0,2.0,FEV,2025-02-01,0.0,SEG,False,21.0,NOITE
2025-02-03,21:50:00,CRIMES CONTRA PATRIMÔNIO,CRIMES CONTRA PATRIMÔNIO: ROUBO: A PESSOA EM VIA PÚBLICA,ES,CARIACICA,ITANGUA,VIA PÚBLICA,roubos,patrimonial,2025.0,2.0,FEV,2025-02-01,0.0,SEG,False,21.0,NOITE
2025-02-03,23:00:00,CRIMES CONTRA PATRIMÔNIO,CRIMES CONTRA PATRIMÔNIO: ROUBO: A PESSOA EM VIA PÚBLICA,ES,VITORIA,JARDIM DA PENHA,VIA PÚBLICA,roubos,patrimonial,2025.0,2.0,FEV,2025-02-01,0.0,SEG,False,23.0,NOITE
2025-02-03,14:25:00,CRIMES CONTRA PATRIMÔNIO,CRIMES CONTRA PATRIMÔNIO: ROUBO: A PESSOA EM VIA PÚBLICA,ES,SERRA,SERRA CENTRO,VIA PÚBLICA,roubos,patrimonial,2025.0,2.0,FEV,2025-02-01,0.0,SEG,False,14.0,TARDE
2025-02-03,10:00:00,CRIMES CONTRA PATRIMÔNIO,CRIMES CONTRA PATRIMÔNIO: ROUBO: A PESSOA EM VIA PÚBLICA,ES,SERRA,SAO DIOGO I,OUTRO LOCAL,roubos,patrimonial,2025.0,2.0,FEV,2025-02-01,0.0,SEG,False,10.0,MANHA
2025-02-03,11:30:00,CRIMES CONTRA PATRIMÔNIO,CRIMES CONTRA PATRIMÔNIO: ROUBO: EM TRANSPORTE COLETIVO,ES,CARIACICA,ITACIBA,TRANSP COLETIVO,roubos,patrimonial,2025.0,2.0,FEV,2025-02-01,0.0,SEG,False,11.0,MANHA
2025-02-03,23:19:00,CRIMES CONTRA PATRIMÔNIO,CRIMES CONTRA PATRIMÔNIO: ROUBO: EM ESTABELECIMENTO COMERCIAL,ES,GUARAPARI,IPIRANGA,COMÉRCIO,roubos,patrimonial,2025.0,2.0,FEV,2025-02-01,0.0,SEG,False,23.0,NOITE
2025-02-03,15:00:00,CRIMES CONTRA PATRIMÔNIO,CRIMES CONTRA PATRIMÔNIO: ROUBO: EM ESTABELECIMENTO COMERCIAL,ES,GUARAPARI,PALMEIRAS,COMÉRCIO,roubos,patrimonial,2025.0,2.0,FEV,2025-02-01,0.0,SEG,False,15.0,TARDE
2025-02-03,07:30:00,CRIMES CONTRA PATRIMÔNIO,CRIMES CONTRA PATRIMÔNIO: ROUBO: EM RESIDÊNCIA/CONDOMÍNIO,ES,CACHOEIRO DE ITAPEMIRIM,DOUTOR GILSON CARONE,RESIDÊNCIA,roubos,patrimonial,2025.0,2.0,FEV,2025-02-01,0.0,SEG,False,7.0,MANHA
2025-02-03,00:00:00,CRIMES CONTRA PATRIMÔNIO,CRIMES CONTRA PATRIMÔNIO: ROUBO: EM RESIDÊNCIA/CONDOMÍNIO,ES,ITAPEMIRIM,PIABANHA DO NORTE,VIA PÚBLICA,roubos,patrimonial,2025.0,2.0,FEV,2025-02-01,0.0,SEG,False,0.0,MADRUGADA
2025-02-04,08:00:00,CRIMES CONTRA PATRIMÔNIO,CRIMES CONTRA PATRIMÔNIO: ROUBO: A PESSOA EM VIA PÚBLICA,ES,SERRA,BAIRRO DAS LARANJEIRAS,VIA PÚBLICA,roubos,patrimonial,2025.0,2.0,FEV,2025-02-01,1.0,TER,False,8.0,MANHA
2025-02-04,01:30:00,CRIMES CONTRA PATRIMÔNIO,CRIMES CONTRA PATRIMÔNIO: ROUBO: A PESSOA EM VIA PÚBLICA,ES,VILA VELHA,JARDIM ASTECA,VIA PÚBLICA,roubos,patrimonial,2025.0,2.0,FEV,2025-02-01,1.0,TER,False,1.0,MADRUGADA
2025-02-04,12:40:00,CRIMES CONTRA PATRIMÔNIO,CRIMES CONTRA PATRIMÔNIO: ROUBO: A PESSOA EM VIA PÚBLICA,ES,CARIACICA,ALTO DA BOA VISTA,VIA PÚBLICA,roubos,patrimonial,2025.0,2.0,FEV,2025-02-01,1.0,TER,False,12.0,TARDE
2025-02-04,12:00:00,CRIMES CONTRA PATRIMÔNIO,CRIMES CONTRA PATRIMÔNIO: ROUBO: A PESSOA EM VIA PÚBLICA,ES,VILA VELHA,VALE ENCANTADO,VIA PÚBLICA,roubos,patrimonial,2025.0,2.0,FEV,2025-02-01,1.0,TER,False,12.0,TARDE
2025-02-04,06:30:00,CRIMES CONTRA PATRIMÔNIO,CRIMES CONTRA PATRIMÔNIO: ROUBO: A PESSOA EM VIA PÚBLICA,ES,CARIACICA,CAMPO GRANDE,VIA PÚBLICA,roubos,patrimonial,2025.0,2.0,FEV,2025-02-01,1.0,TER,False,6.0,MANHA
2025-02-04,18:40:00,CRIMES CONTRA PATRIMÔNIO,CRIMES CONTRA PATRIMÔNIO: ROUBO: A PESSOA EM VIA PÚBLICA,ES,CARIACICA,SANTA CECILIA,VIA PÚBLICA,roubos,patrimonial,2025.0,2.0,FEV,2025-02-01,1.0,TER,False,18.0,NOITE
2025-02-04,21:00:00,CRIMES CONTRA PATRIMÔNIO,CRIMES CONTRA PATRIMÔNIO: ROUBO: A PESSOA EM VIA PÚBLICA,ES,LINHARES,SHELL,VIA PÚBLICA,roubos,patrimonial,2025.0,2.0,FEV,2025-02-01,1.0,TER,False,21.0,NOITE
2025-02-04,15:00:00,CRIMES CONTRA PATRIMÔNIO,CRIMES CONTRA PATRIMÔNIO: ROUBO: A PESSOA EM VIA PÚBLICA,ES,VILA VELHA,NOVA ITAPARICA,VIA PÚBLICA,roubos,patrimonial,2025.0,2.0,FEV,2025-02-01,1.0,TER,False,15.0,TARDE
2025-02-04,16:00:00,CRIMES CONTRA PATRIMÔNIO,CRIMES CONTRA PATRIMÔNIO: ROUBO: A PESSOA EM VIA PÚBLICA,ES,CACHOEIRO DE ITAPEMIRIM,NOVO PARQUE,VIA PÚBLICA,roubos,patrimonial,2025.0,2.0,FEV,2025-02-01,1.0,TER,False,16.0,TARDE
2025-02-04,21:00:00,CRIMES CONTRA PATRIMÔNIO,CRIMES CONTRA PATRIMÔNIO: ROUBO: A PESSOA EM VIA PÚBLICA,ES,VILA VELHA,PAUL,RODOVIA ESTADUAL,roubos,patrimonial,2025.0,2.0,FEV,2025-02-01,1.0,TER,False,21.0,NOITE
2025-02-04,19:00:00,CRIMES CONTRA PATRIMÔNIO,CRIMES CONTRA PATRIMÔNIO: ROUBO: A PESSOA EM VIA PÚBLICA,ES,CARIACICA,NOVA BRASILIA,OUTRO LOCAL,roubos,patrimonial,2025.0,2.0,FEV,2025-02-01,1.0,TER,False,19.0,NOITE
2025-02-04,23:10:00,CRIMES CONTRA PATRIMÔNIO,CRIMES CONTRA PATRIMÔNIO: ROUBO: A PESSOA EM VIA PÚBLICA,ES,VILA VELHA,COBILANDIA,VIA PÚBLICA,roubos,patrimonial,2025.0,2.0,FEV,2025-02-01,1.0,TER,False,23.0,NOITE
2025-02-04,05:30:00,CRIMES CONTRA PATRIMÔNIO,CRIMES CONTRA PATRIMÔNIO: ROUBO: A PESSOA EM VIA PÚBLICA,ES,SERRA,VISTA DA SERRA I,VIA PÚBLICA,roubos,patrimonial,2025.0,2.0,FEV,2025-02-01,1.0,TER,False,5.0,MADRUGADA
2025-02-04,10:00:00,CRIMES CONTRA PATRIMÔNIO,CRIMES CONTRA PATRIMÔNIO: ROUBO: A PESSOA EM VIA PÚBLICA,ES,CARIACICA,NOVO BRASIL,VIA PÚBLICA,roubos,patrimonial,2025.0,2.0,FEV,2025-02-01,1.0,TER,False,10.0,MANHA
2025-02-04,22:57:00,CRIMES CONTRA PATRIMÔNIO,CRIMES CONTRA PATRIMÔNIO: ROUBO: A PESSOA EM VIA PÚBLICA,ES,VILA VELHA,ATAIDE,VIA PÚBLICA,roubos,patrimonial,2025.0,2.0,FEV,2025-02-01,1.0,TER,False,22.0,NOITE
2025-02-04,06:00:00,CRIMES CONTRA PATRIMÔNIO,CRIMES CONTRA PATRIMÔNIO: ROUBO: A PESSOA EM VIA PÚBLICA,ES,CARIACICA,JARDIM CAMPO GRANDE,VIA PÚBLICA,roubos,patrimonial,2025.0,2.0,FEV,2025-02-01,1.0,TER,False,6.0,MANHA
2025-02-04,02:40:00,CRIMES CONTRA PATRIMÔNIO,CRIMES CONTRA PATRIMÔNIO: ROUBO: A PESSOA EM VIA PÚBLICA,ES,VITORIA,JARDIM DA PENHA,OUTRO LOCAL,roubos,patrimonial,2025.0,2.0,FEV,2025-02-01,1.0,TER,False,2.0,MADRUGADA
2025-02-04,12:00:00,CRIMES CONTRA PATRIMÔNIO,CRIMES CONTRA PATRIMÔNIO: ROUBO: A PESSOA EM VIA PÚBLICA,ES,SERRA,MANGUINHOS,VIA PÚBLICA,roubos,patrimonial,2025.0,2.0,FEV,2025-02-01,1.0,TER,False,12.0,TARDE
2025-02-04,14:30:00,CRIMES CONTRA PATRIMÔNIO,CRIMES CONTRA PATRIMÔNIO: ROUBO: A PESSOA EM VIA PÚBLICA,ES,SERRA,ELDORADO,VIA PÚBLICA,roubos,patrimonial,2025.0,2.0,FEV,2025-02-01,1.0,TER,False,14.0,TARDE
2025-02-04,09:35:00,CRIMES CONTRA PATRIMÔNIO,CRIMES CONTRA PATRIMÔNIO: ROUBO: A PESSOA EM VIA PÚBLICA,ES,VILA VELHA,ARIBIRI,VIA PÚBLICA,roubos,patrimonial,2025.0,2.0,FEV,2025-02-01,1.0,TER,False,9.0,MANHA
2025-02-04,18:00:00,CRIMES CONTRA PATRIMÔNIO,CRIMES CONTRA PATRIMÔNIO: ROUBO: A PESSOA EM VIA PÚBLICA,ES,SERRA,MANGUINHOS,OUTRO LOCAL,roubos,patrimonial,2025.0,2.0,FEV,2025-02-01,1.0,TER,False,18.0,NOITE
2025-02-04,22:20:00,CRIMES CONTRA PATRIMÔNIO,CRIMES CONTRA PATRIMÔNIO: ROUBO: A PESSOA EM VIA PÚBLICA,ES,VILA VELHA,BOA VISTA II,OUTRO LOCAL,roubos,patrimonial,2025.0,2.0,FEV,2025-02-01,1.0,TER,False,22.0,NOITE
2025-02-04,09:00:00,CRIMES CONTRA PATRIMÔNIO,CRIMES CONTRA PATRIMÔNIO: ROUBO: A PESSOA EM VIA PÚBLICA,ES,CARIACICA,RIO BRANCO,VIA PÚBLICA,roubos,patrimonial,2025.0,2.0,FEV,2025-02-01,1.0,TER,False,9.0,MANHA
2025-02-04,19:00:00,CRIMES CONTRA PATRIMÔNIO,CRIMES CONTRA PATRIMÔNIO: ROUBO: A PESSOA EM VIA PÚBLICA,ES,CARIACICA,ROSA DA PENHA,VIA PÚBLICA,roubos,patrimonial,2025.0,2.0,FEV,2025-02-01,1.0,TER,False,19.0,NOITE
2025-02-04,19:36:00,CRIMES CONTRA PATRIMÔNIO,CRIMES CONTRA PATRIMÔNIO: ROUBO: A PESSOA EM VIA PÚBLICA,ES,SERRA,NOVA CARAPINA II,VIA PÚBLICA,roubos,patrimonial,2025.0,2.0,FEV,2025-02-01,1.0,TER,False,19.0,NOITE
2025-02-04,19:00:00,CRIMES CONTRA PATRIMÔNIO,CRIMES CONTRA PATRIMÔNIO: ROUBO: EM TRANSPORTE COLETIVO,ES,VITORIA,FORTE SAO JOAO,TRANSP COLETIVO,roubos,patrimonial,2025.0,2.0,FEV,2025-02-01,1.0,TER,False,19.0,NOITE
2025-02-04,22:20:00,CRIMES CONTRA PATRIMÔNIO,CRIMES CONTRA PATRIMÔNIO: ROUBO: EM TRANSPORTE COLETIVO,ES,SERRA,OUTRO LOCAL,TRANSP COLETIVO,roubos,patrimonial,2025.0,2.0,FEV,2025-02-01,1.0,TER,False,22.0,NOITE
2025-02-04,04:37:00,CRIMES CONTRA PATRIMÔNIO,CRIMES CONTRA PATRIMÔNIO: ROUBO: EM ESTABELECIMENTO COMERCIAL,ES,GUARAPARI,IPIRANGA,COMÉRCIO,roubos,patrimonial,2025.0,2.0,FEV,2025-02-01,1.0,TER,False,4.0,MADRUGADA
2025-02-04,16:40:00,CRIMES CONTRA PATRIMÔNIO,CRIMES CONTRA PATRIMÔNIO: ROUBO: EM ESTABELECIMENTO COMERCIAL,ES,VILA VELHA,ARIBIRI,COMÉRCIO,roubos,patrimonial,2025.0,2.0,FEV,2025-02-01,1.0,TER,False,16.0,TARDE
2025-02-04,Indeterminada,CRIMES CONTRA PATRIMÔNIO,CRIMES CONTRA PATRIMÔNIO: ROUBO: EM RESIDÊNCIA/CONDOMÍNIO,ES,PIUMA,NOVA ESPERANCA,RESIDÊNCIA,roubos,patrimonial,2025.0,2.0,FEV,2025-02-01,1.0,TER,False,,
2025-02-05,22:00:00,CRIMES CONTRA PATRIMÔNIO,CRIMES CONTRA PATRIMÔNIO: ROUBO: A PESSOA EM VIA PÚBLICA,ES,CARIACICA,VALE DOS REIS,VIA PÚBLICA,roubos,patrimonial,2025.0,2.0,FEV,2025-02-01,2.0,QUA,False,22.0,NOITE
2025-02-05,04:30:00,CRIMES CONTRA PATRIMÔNIO,CRIMES CONTRA PATRIMÔNIO: ROUBO: A PESSOA EM VIA PÚBLICA,ES,SERRA,BALNEARIO DE CARAPEBUS,VIA PÚBLICA,roubos,patrimonial,2025.0,2.0,FEV,2025-02-01,2.0,QUA,False,4.0,MADRUGADA
2025-02-05,09:54:00,CRIMES CONTRA PATRIMÔNIO,CRIMES CONTRA PATRIMÔNIO: ROUBO: A PESSOA EM VIA PÚBLICA,ES,VILA VELHA,BARRA DO JUCU,VIA PÚBLICA,roubos,patrimonial,2025.0,2.0,FEV,2025-02-01,2.0,QUA,False,9.0,MANHA
2025-02-05,12:44:00,CRIMES CONTRA PATRIMÔNIO,CRIMES CONTRA PATRIMÔNIO: ROUBO: A PESSOA EM VIA PÚBLICA,ES,SAO MATEUS,CENTRO,VIA PÚBLICA,roubos,patrimonial,2025.0,2.0,FEV,2025-02-01,2.0,QUA,False,12.0,TARDE
2025-02-05,13:00:00,CRIMES CONTRA PATRIMÔNIO,CRIMES CONTRA PATRIMÔNIO: ROUBO: A PESSOA EM VIA PÚBLICA,ES,VILA VELHA,ILHA DA CONCEICAO,RESIDÊNCIA,roubos,patrimonial,2025.0,2.0,FEV,2025-02-01,2.0,QUA,False,13.0,TARDE
2025-02-05,20:40:00,CRIMES CONTRA PATRIMÔNIO,CRIMES CONTRA PATRIMÔNIO: ROUBO: A PESSOA EM VIA PÚBLICA,ES,CARIACICA,CRUZEIRO DO SUL,VIA PÚBLICA,roubos,patrimonial,2025.0,2.0,FEV,2025-02-01,2.0,QUA,False,20.0,NOITE
2025-02-05,18:15:00,CRIMES CONTRA PATRIMÔNIO,CRIMES CONTRA PATRIMÔNIO: ROUBO: A PESSOA EM VIA PÚBLICA,ES,VILA VELHA,BARRA DO JUCU,VIA PÚBLICA,roubos,patrimonial,2025.0,2.0,FEV,2025-02-01,2.0,QUA,False,18.0,NOITE
2025-02-05,21:53:00,CRIMES CONTRA PATRIMÔNIO,CRIMES CONTRA PATRIMÔNIO: ROUBO: A PESSOA EM VIA PÚBLICA,ES,VITORIA,JARDIM DA PENHA,OUTRO LOCAL,roubos,patrimonial,2025.0,2.0,FEV,2025-02-01,2.0,QUA,False,21.0,NOITE
2025-02-05,16:00:00,CRIMES CONTRA PATRIMÔNIO,CRIMES CONTRA PATRIMÔNIO: ROUBO: A PESSOA EM VIA PÚBLICA,ES,VILA VELHA,GLORIA,VIA PÚBLICA,roubos,patrimonial,2025.0,2.0,FEV,2025-02-01,2.0,QUA,False,16.0,TARDE
2025-02-05,21:40:00,CRIMES CONTRA PATRIMÔNIO,CRIMES CONTRA PATRIMÔNIO: ROUBO: A PESSOA EM VIA PÚBLICA,ES,VILA VELHA,VILA GUARANHUNS,VIA PÚBLICA,roubos,patrimonial,2025.0,2.0,FEV,2025-02-01,2.0,QUA,False,21.0,NOITE
2025-02-05,22:20:00,CRIMES CONTRA PATRIMÔNIO,CRIMES CONTRA PATRIMÔNIO: ROUBO: A PESSOA EM VIA PÚBLICA,ES,VILA VELHA,GLORIA,VIA PÚBLICA,roubos,patrimonial,2025.0,2.0,FEV,2025-02-01,2.0,QUA,False,22.0,NOITE
2025-02-05,19:00:00,CRIMES CONTRA PATRIMÔNIO,CRIMES CONTRA PATRIMÔNIO: ROUBO: A PESSOA EM VIA PÚBLICA,ES,CARIACICA,SAO FRANCISCO,VIA PÚBLICA,roubos,patrimonial,2025.0,2.0,FEV,2025-02-01,2.0,QUA,False,19.0,NOITE
2025-02-05,21:20:00,CRIMES CONTRA PATRIMÔNIO,CRIMES CONTRA PATRIMÔNIO: ROUBO: A PESSOA EM VIA PÚBLICA,ES,SERRA,SERRA CENTRO,VIA PÚBLICA,roubos,patrimonial,2025.0,2.0,FEV,2025-02-01,2.0,QUA,False,21.0,NOITE
2025-02-05,23:30:00,CRIMES CONTRA PATRIMÔNIO,CRIMES CONTRA PATRIMÔNIO: ROUBO: A PESSOA EM VIA PÚBLICA,ES,SERRA,CIDADE POMAR,OUTRO LOCAL,roubos,patrimonial,2025.0,2.0,FEV,2025-02-01,2.0,QUA,False,23.0,NOITE
2025-02-05,12:40:00,CRIMES CONTRA PATRIMÔNIO,CRIMES CONTRA PATRIMÔNIO: ROUBO: A PESSOA EM VIA PÚBLICA,ES,SERRA,VALPARAISO,VIA PÚBLICA,roubos,patrimonial,2025.0,2.0,FEV,2025-02-01,2.0,QUA,False,12.0,TARDE
2025-02-05,14:00:00,CRIMES CONTRA PATRIMÔNIO,CRIMES CONTRA PATRIMÔNIO: ROUBO: A PESSOA EM VIA PÚBLICA,ES,SERRA,VILA NOVA DE COLARES,VIA PÚBLICA,roubos,patrimonial,2025.0,2.0,FEV,2025-02-01,2.0,QUA,False,14.0,TARDE
2025-02-05,06:30:00,CRIMES CONTRA PATRIMÔNIO,CRIMES CONTRA PATRIMÔNIO: ROUBO: A PESSOA EM VIA PÚBLICA,ES,VILA VELHA,CENTRO VILA VELHA,VIA PÚBLICA,roubos,patrimonial,2025.0,2.0,FEV,2025-02-01,2.0,QUA,False,6.0,MANHA
2025-02-05,19:00:00,CRIMES CONTRA PATRIMÔNIO,CRIMES CONTRA PATRIMÔNIO: ROUBO: A PESSOA EM VIA PÚBLICA,ES,SERRA,MATA DA SERRA,VIA PÚBLICA,roubos,patrimonial,2025.0,2.0,FEV,2025-02-01,2.0,QUA,False,19.0,NOITE
2025-02-05,19:00:00,CRIMES CONTRA PATRIMÔNIO,CRIMES CONTRA PATRIMÔNIO: ROUBO: A PESSOA EM VIA PÚBLICA,ES,SERRA,MATA DA SERRA,VIA PÚBLICA,roubos,patrimonial,2025.0,2.0,FEV,2025-02-01,2.0,QUA,False,19.0,NOITE
2025-02-05,15:30:00,CRIMES CONTRA PATRIMÔNIO,CRIMES CONTRA PATRIMÔNIO: ROUBO: A PESSOA EM VIA PÚBLICA,ES,LINHARES,SHELL,COMÉRCIO,roubos,patrimonial,2025.0,2.0,FEV,2025-02-01,2.0,QUA,False,15.0,TARDE
2025-02-05,23:50:00,CRIMES CONTRA PATRIMÔNIO,CRIMES CONTRA PATRIMÔNIO: ROUBO: A PESSOA EM VIA PÚBLICA,ES,VILA VELHA,PRAIA DE ITAPARICA,VIA PÚBLICA,roubos,patrimonial,2025.0,2.0,FEV,2025-02-01,2.0,QUA,False,23.0,NOITE
2025-02-05,23:30:00,CRIMES CONTRA PATRIMÔNIO,CRIMES CONTRA PATRIMÔNIO: ROUBO: A PESSOA EM VIA PÚBLICA,ES,SERRA,VALPARAISO,VIA PÚBLICA,roubos,patrimonial,2025.0,2.0,FEV,2025-02-01,2.0,QUA,False,23.0,NOITE
2025-02-05,23:19:00,CRIMES CONTRA PATRIMÔNIO,CRIMES CONTRA PATRIMÔNIO: ROUBO: A PESSOA EM VIA PÚBLICA,ES,CARIACICA,SAO GERALDO,VIA PÚBLICA,roubos,patrimonial,2025.0,2.0,FEV,2025-02-01,2.0,QUA,False,23.0,NOITE
2025-02-05,16:35:00,CRIMES CONTRA PATRIMÔNIO,CRIMES CONTRA PATRIMÔNIO: ROUBO: A PESSOA EM VIA PÚBLICA,ES,CACHOEIRO DE ITAPEMIRIM,JARDIM AMERICA,FLORESTA,roubos,patrimonial,2025.0,2.0,FEV,2025-02-01,2.0,QUA,False,16.0,TARDE
2025-02-05,Indeterminada,CRIMES CONTRA PATRIMÔNIO,CRIMES CONTRA PATRIMÔNIO: ROUBO: A PESSOA EM VIA PÚBLICA,ES,CARIACICA,NOVA ROSA DA PENHA,VIA PÚBLICA,roubos,patrimonial,2025.0,2.0,FEV,2025-02-01,2.0,QUA,False,,
2025-02-05,11:00:00,CRIMES CONTRA PATRIMÔNIO,CRIMES CONTRA PATRIMÔNIO: ROUBO: EM TRANSPORTE COLETIVO,ES,CARIACICA,CAMPO GRANDE,VEÍCULO,roubos,patrimonial,2025.0,2.0,FEV,2025-02-01,2.0,QUA,False,11.0,MANHA
2025-02-05,Indeterminada,CRIMES CONTRA PATRIMÔNIO,CRIMES CONTRA PATRIMÔNIO: ROUBO: EM TRANSPORTE COLETIVO,ES,CARIACICA,CAMPO GRANDE,VIA PÚBLICA,roubos,patrimonial,2025.0,2.0,FEV,2025-02-01,2.0,QUA,False,,
2025-02-05,15:30:00,CRIMES CONTRA PATRIMÔNIO,CRIMES CONTRA PATRIMÔNIO: ROUBO: EM TRANSPORTE COLETIVO,ES,SERRA,CARAPINA,TRANSP COLETIVO,roubos,patrimonial,2025.0,2.0,FEV,2025-02-01,2.0,QUA,False,15.0,TARDE
2025-02-06,01:40:00,CRIMES CONTRA PATRIMÔNIO,CRIMES CONTRA PATRIMÔNIO: ROUBO: A PESSOA EM VIA PÚBLICA,ES,COLATINA,MARIA DAS GRACAS II,VIA PÚBLICA,roubos,patrimonial,2025.0,2.0,FEV,2025-02-01,3.0,QUI,False,1.0,MADRUGADA
2025-02-06,03:40:00,CRIMES CONTRA PATRIMÔNIO,CRIMES CONTRA PATRIMÔNIO: ROUBO: A PESSOA EM VIA PÚBLICA,ES,VILA VELHA,ARIBIRI,VIA PÚBLICA,roubos,patrimonial,2025.0,2.0,FEV,2025-02-01,3.0,QUI,False,3.0,MADRUGADA
2025-02-06,05:05:00,CRIMES CONTRA PATRIMÔNIO,CRIMES CONTRA PATRIMÔNIO: ROUBO: A PESSOA EM VIA PÚBLICA,ES,VILA VELHA,ATAIDE,VIA PÚBLICA,roubos,patrimonial,2025.0,2.0,FEV,2025-02-01,3.0,QUI,False,5.0,MADRUGADA
2025-02-06,14:01:00,CRIMES CONTRA PATRIMÔNIO,CRIMES CONTRA PATRIMÔNIO: ROUBO: A PESSOA EM VIA PÚBLICA,ES,VITORIA,PRAIA DO CANTO,VIA PÚBLICA,roubos,patrimonial,2025.0,2.0,FEV,2025-02-01,3.0,QUI,False,14.0,TARDE
2025-02-06,05:05:00,CRIMES CONTRA PATRIMÔNIO,CRIMES CONTRA PATRIMÔNIO: ROUBO: A PESSOA EM VIA PÚBLICA,ES,VILA VELHA,ATAIDE,VIA PÚBLICA,roubos,patrimonial,2025.0,2.0,FEV,2025-02-01,3.0,QUI,False,5.0,MADRUGADA
2025-02-06,15:30:00,CRIMES CONTRA PATRIMÔNIO,CRIMES CONTRA PATRIMÔNIO: ROUBO: A PESSOA EM VIA PÚBLICA,ES,SERRA,PARQUE RESIDENCIAL LARANJEIRAS,VIA PÚBLICA,roubos,patrimonial,2025.0,2.0,FEV,2025-02-01,3.0,QUI,False,15.0,TARDE
2025-02-06,13:00:00,CRIMES CONTRA PATRIMÔNIO,CRIMES CONTRA PATRIMÔNIO: ROUBO: A PESSOA EM VIA PÚBLICA,ES,VILA VELHA,JOCKEY DE ITAPARICA,VIA PÚBLICA,roubos,patrimonial,2025.0,2.0,FEV,2025-02-01,3.0,QUI,False,13.0,TARDE
2025-02-06,20:15:00,CRIMES CONTRA PATRIMÔNIO,CRIMES CONTRA PATRIMÔNIO: ROUBO: A PESSOA EM VIA PÚBLICA,ES,CACHOEIRO DE ITAPEMIRIM,OUTRO LOCAL,RODOVIA ESTADUAL,roubos,patrimonial,2025.0,2.0,FEV,2025-02-01,3.0,QUI,False,20.0,NOITE
2025-02-06,Indeterminada,CRIMES CONTRA PATRIMÔNIO,CRIMES CONTRA PATRIMÔNIO: ROUBO: A PESSOA EM VIA PÚBLICA,ES,LINHARES,ARACA,VIA PÚBLICA,roubos,patrimonial,2025.0,2.0,FEV,2025-02-01,3.0,QUI,False,,
2025-02-06,18:00:00,CRIMES CONTRA PATRIMÔNIO,CRIMES CONTRA PATRIMÔNIO: ROUBO: A PESSOA EM VIA PÚBLICA,ES,VILA VELHA,ARIBIRI,VIA PÚBLICA,roubos,patrimonial,2025.0,2.0,FEV,2025-02-01,3.0,QUI,False,18.0,NOITE
2025-02-06,Indeterminada,CRIMES CONTRA PATRIMÔNIO,CRIMES CONTRA PATRIMÔNIO: ROUBO: A PESSOA EM VIA PÚBLICA,ES,VILA VELHA,ALVORADA,VIA PÚBLICA,roubos,patrimonial,2025.0,2.0,FEV,2025-02-01,3.0,QUI,False,,
2025-02-06,19:45:00,CRIMES CONTRA PATRIMÔNIO,CRIMES CONTRA PATRIMÔNIO: ROUBO: A PESSOA EM VIA PÚBLICA,ES,VITORIA,DA PENHA,VIA PÚBLICA,roubos,patrimonial,2025.0,2.0,FEV,2025-02-01,3.0,QUI,False,19.0,NOITE
2025-02-06,18:00:00,CRIMES CONTRA PATRIMÔNIO,CRIMES CONTRA PATRIMÔNIO: ROUBO: A PESSOA EM VIA PÚBLICA,ES,SERRA,CARAPINA,VIA PÚBLICA,roubos,patrimonial,2025.0,2.0,FEV,2025-02-01,3.0,QUI,False,18.0,NOITE
2025-02-06,Indeterminada,CRIMES CONTRA PATRIMÔNIO,CRIMES CONTRA PATRIMÔNIO: ROUBO: A PESSOA EM VIA PÚBLICA,ES,SERRA,JARDIM LIMOEIRO,VIA PÚBLICA,roubos,patrimonial,2025.0,2.0,FEV,2025-02-01,3.0,QUI,False,,
2025-02-06,17:30:00,CRIMES CONTRA PATRIMÔNIO,CRIMES CONTRA PATRIMÔNIO: ROUBO: A PESSOA EM VIA PÚBLICA,ES,SERRA,JARDIM LIMOEIRO,VIA PÚBLICA,roubos,patrimonial,2025.0,2.0,FEV,2025-02-01,3.0,QUI,False,17.0,TARDE
2025-02-06,17:47:00,CRIMES CONTRA PATRIMÔNIO,CRIMES CONTRA PATRIMÔNIO: ROUBO: A PESSOA EM VIA PÚBLICA,ES,VITORIA,JARDIM CAMBURI,VIA PÚBLICA,roubos,patrimonial,2025.0,2.0,FEV,2025-02-01,3.0,QUI,False,17.0,TARDE
2025-02-06,06:30:00,CRIMES CONTRA PATRIMÔNIO,CRIMES CONTRA PATRIMÔNIO: ROUBO: A PESSOA EM VIA PÚBLICA,ES,VILA VELHA,COBILANDIA,VIA PÚBLICA,roubos,patrimonial,2025.0,2.0,FEV,2025-02-01,3.0,QUI,False,6.0,MANHA
2025-02-06,20:45:00,CRIMES CONTRA PATRIMÔNIO,CRIMES CONTRA PATRIMÔNIO: ROUBO: A PESSOA EM VIA PÚBLICA,ES,VILA VELHA,COBILANDIA,VIA PÚBLICA,roubos,patrimonial,2025.0,2.0,FEV,2025-02-01,3.0,QUI,False,20.0,NOITE
2025-02-06,14:13:00,CRIMES CONTRA PATRIMÔNIO,CRIMES CONTRA PATRIMÔNIO: ROUBO: A PESSOA EM VIA PÚBLICA,ES,SERRA,PARQUE RESIDENCIAL LARANJEIRAS,VIA PÚBLICA,roubos,patrimonial,2025.0,2.0,FEV,2025-02-01,3.0,QUI,False,14.0,TARDE
2025-02-06,20:15:00,CRIMES CONTRA PATRIMÔNIO,CRIMES CONTRA PATRIMÔNIO: ROUBO: A PESSOA EM VIA PÚBLICA,ES,CARIACICA,TABAJARA,VIA PÚBLICA,roubos,patrimonial,2025.0,2.0,FEV,2025-02-01,3.0,QUI,False,20.0,NOITE
2025-02-06,04:15:00,CRIMES CONTRA PATRIMÔNIO,CRIMES CONTRA PATRIMÔNIO: ROUBO: A PESSOA EM VIA PÚBLICA,ES,VILA VELHA,IBES,VIA PÚBLICA,roubos,patrimonial,2025.0,2.0,FEV,2025-02-01,3.0,QUI,False,4.0,MADRUGADA
2025-02-06,18:40:00,CRIMES CONTRA PATRIMÔNIO,CRIMES CONTRA PATRIMÔNIO: ROUBO: A PESSOA EM VIA PÚBLICA,ES,VIANA,VILA BETHANIA,VIA PÚBLICA,roubos,patrimonial,2025.0,2.0,FEV,2025-02-01,3.0,QUI,False,18.0,NOITE
2025-02-06,18:00:00,CRIMES CONTRA PATRIMÔNIO,CRIMES CONTRA PATRIMÔNIO: ROUBO: A PESSOA EM VIA PÚBLICA,ES,VILA VELHA,ARIBIRI,VIA PÚBLICA,roubos,patrimonial,2025.0,2.0,FEV,2025-02-01,3.0,QUI,False,18.0,NOITE
2025-02-06,12:04:00,CRIMES CONTRA PATRIMÔNIO,CRIMES CONTRA PATRIMÔNIO: ROUBO: EM ESTABELECIMENTO COMERCIAL,ES,SERRA,BAIRRO DAS LARANJEIRAS,COMÉRCIO,roubos,patrimonial,2025.0,2.0,FEV,2025-02-01,3.0,QUI,False,12.0,TARDE
2025-02-06,18:20:00,CRIMES CONTRA PATRIMÔNIO,CRIMES CONTRA PATRIMÔNIO: ROUBO: EM ESTABELECIMENTO COMERCIAL,ES,GUARAPARI,MUQUICABA,COMÉRCIO,roubos,patrimonial,2025.0,2.0,FEV,2025-02-01,3.0,QUI,False,18.0,NOITE
2025-02-07,02:00:00,CRIMES CONTRA PATRIMÔNIO,CRIMES CONTRA PATRIMÔNIO: ROUBO: A PESSOA EM VIA PÚBLICA,ES,VILA VELHA,SANTA INES,VIA PÚBLICA,roubos,patrimonial,2025.0,2.0,FEV,2025-02-01,4.0,SEX,False,2.0,MADRUGADA
2025-02-07,08:00:00,CRIMES CONTRA PATRIMÔNIO,CRIMES CONTRA PATRIMÔNIO: ROUBO: A PESSOA EM VIA PÚBLICA,ES,CARIACICA,CAMPO GRANDE,VIA PÚBLICA,roubos,patrimonial,2025.0,2.0,FEV,2025-02-01,4.0,SEX,False,8.0,MANHA
2025-02-07,11:00:00,CRIMES CONTRA PATRIMÔNIO,CRIMES CONTRA PATRIMÔNIO: ROUBO: A PESSOA EM VIA PÚBLICA,ES,VITORIA,JARDIM DA PENHA,VIA PÚBLICA,roubos,patrimonial,2025.0,2.0,FEV,2025-02-01,4.0,SEX,False,11.0,MANHA
2025-02-07,15:00:00,CRIMES CONTRA PATRIMÔNIO,CRIMES CONTRA PATRIMÔNIO: ROUBO: A PESSOA EM VIA PÚBLICA,ES,ANCHIETA,PONTA DOS CASTELHANOS,VIA PÚBLICA,roubos,patrimonial,2025.0,2.0,FEV,2025-02-01,4.0,SEX,False,15.0,TARDE
2025-02-07,14:50:00,CRIMES CONTRA PATRIMÔNIO,CRIMES CONTRA PATRIMÔNIO: ROUBO: A PESSOA EM VIA PÚBLICA,ES,ANCHIETA,PONTA DOS CASTELHANOS,VIA PÚBLICA,roubos,patrimonial,2025.0,2.0,FEV,2025-02-01,4.0,SEX,False,14.0,TARDE
2025-02-07,09:00:00,CRIMES CONTRA PATRIMÔNIO,CRIMES CONTRA PATRIMÔNIO: ROUBO: A PESSOA EM VIA PÚBLICA,ES,CARIACICA,ITACIBA,VIA PÚBLICA,roubos,patrimonial,2025.0,2.0,FEV,2025-02-01,4.0,SEX,False,9.0,MANHA
2025-02-07,17:20:00,CRIMES CONTRA PATRIMÔNIO,CRIMES CONTRA PATRIMÔNIO: ROUBO: A PESSOA EM VIA PÚBLICA,ES,CARIACICA,ITACIBA,VIA PÚBLICA,roubos,patrimonial,2025.0,2.0,FEV,2025-02-01,4.0,SEX,False,17.0,TARDE
2025-02-07,Indeterminada,CRIMES CONTRA PATRIMÔNIO,CRIMES CONTRA PATRIMÔNIO: ROUBO: A PESSOA EM VIA PÚBLICA,ES,SERRA,LARANJEIRAS VELHA,VIA PÚBLICA,roubos,patrimonial,2025.0,2.0,FEV,2025-02-01,4.0,SEX,False,,
2025-02-07,18:40:00,CRIMES CONTRA PATRIMÔNIO,CRIMES CONTRA PATRIMÔNIO: ROUBO: A PESSOA EM VIA PÚBLICA,ES,VILA VELHA,ARIBIRI,RODOVIA ESTADUAL,roubos,patrimonial,2025.0,2.0,FEV,2025-02-01,4.0,SEX,False,18.0,NOITE
2025-02-07,Indeterminada,CRIMES CONTRA PATRIMÔNIO,CRIMES CONTRA PATRIMÔNIO: ROUBO: A PESSOA EM VIA PÚBLICA,ES,SERRA,BAIRRO DE FATIMA,VIA PÚBLICA,roubos,patrimonial,2025.0,2.0,FEV,2025-02-01,4.0,SEX,False,,
2025-02-07,Indeterminada,CRIMES CONTRA PATRIMÔNIO,CRIMES CONTRA PATRIMÔNIO: ROUBO: A PESSOA EM VIA PÚBLICA,ES,SERRA,JOSE DE ANCHIETA,VIA PÚBLICA,roubos,patrimonial,2025.0,2.0,FEV,2025-02-01,4.0,SEX,False,,
2025-02-07,Indeterminada,CRIMES CONTRA PATRIMÔNIO,CRIMES CONTRA PATRIMÔNIO: ROUBO: A PESSOA EM VIA PÚBLICA,ES,SERRA,JARDIM LIMOEIRO,VIA PÚBLICA,roubos,patrimonial,2025.0,2.0,FEV,2025-02-01,4.0,SEX,False,,
2025-02-07,19:00:00,CRIMES CONTRA PATRIMÔNIO,CRIMES CONTRA PATRIMÔNIO: ROUBO: A PESSOA EM VIA PÚBLICA,ES,VILA VELHA,JOCKEY DE ITAPARICA,VIA PÚBLICA,roubos,patrimonial,2025.0,2.0,FEV,2025-02-01,4.0,SEX,False,19.0,NOITE
2025-02-07,14:20:00,CRIMES CONTRA PATRIMÔNIO,CRIMES CONTRA PATRIMÔNIO: ROUBO: A PESSOA EM VIA PÚBLICA,ES,SERRA,BAIRRO DAS LARANJEIRAS,VIA PÚBLICA,roubos,patrimonial,2025.0,2.0,FEV,2025-02-01,4.0,SEX,False,14.0,TARDE
2025-02-07,11:30:00,CRIMES CONTRA PATRIMÔNIO,CRIMES CONTRA PATRIMÔNIO: ROUBO: A PESSOA EM VIA PÚBLICA,ES,SERRA,MANOEL PLAZA,VIA PÚBLICA,roubos,patrimonial,2025.0,2.0,FEV,2025-02-01,4.0,SEX,False,11.0,MANHA
2025-02-07,Indeterminada,CRIMES CONTRA PATRIMÔNIO,CRIMES CONTRA PATRIMÔNIO: ROUBO: A PESSOA EM VIA PÚBLICA,ES,SERRA,BAIRRO DE FATIMA,VIA PÚBLICA,roubos,patrimonial,2025.0,2.0,FEV,2025-02-01,4.0,SEX,False,,
2025-02-07,Indeterminada,CRIMES CONTRA PATRIMÔNIO,CRIMES CONTRA PATRIMÔNIO: ROUBO: A PESSOA EM VIA PÚBLICA,ES,VILA VELHA,ITAPOA,VIA PÚBLICA,roubos,patrimonial,2025.0,2.0,FEV,2025-02-01,4.0,SEX,False,,
2025-02-07,23:00:00,CRIMES CONTRA PATRIMÔNIO,CRIMES CONTRA PATRIMÔNIO: ROUBO: A PESSOA EM VIA PÚBLICA,ES,VITORIA,ENSEADA DO SUA,VIA PÚBLICA,roubos,patrimonial,2025.0,2.0,FEV,2025-02-01,4.0,SEX,False,23.0,NOITE
2025-02-07,11:20:00,CRIMES CONTRA PATRIMÔNIO,CRIMES CONTRA PATRIMÔNIO: ROUBO: A PESSOA EM VIA PÚBLICA,ES,SERRA,JARDIM LIMOEIRO,VIA PÚBLICA,roubos,patrimonial,2025.0,2.0,FEV,2025-02-01,4.0,SEX,False,11.0,MANHA
2025-02-07,22:00:00,CRIMES CONTRA PATRIMÔNIO,CRIMES CONTRA PATRIMÔNIO: ROUBO: A PESSOA EM VIA PÚBLICA,ES,SERRA,COLINA DE LARANJEIRAS,VIA PÚBLICA,roubos,patrimonial,2025.0,2.0,FEV,2025-02-01,4.0,SEX,False,22.0,NOITE
2025-02-07,22:40:00,CRIMES CONTRA PATRIMÔNIO,CRIMES CONTRA PATRIMÔNIO: ROUBO: A PESSOA EM VIA PÚBLICA,ES,CARIACICA,CRUZEIRO DO SUL,RESIDÊNCIA,roubos,patrimonial,2025.0,2.0,FEV,2025-02-01,4.0,SEX,False,22.0,NOITE
2025-02-07,15:00:00,CRIMES CONTRA PATRIMÔNIO,CRIMES CONTRA PATRIMÔNIO: ROUBO: A PESSOA EM VIA PÚBLICA,ES,SERRA,PARQUE RESIDENCIAL LARANJEIRAS,OUTRO LOCAL,roubos,patrimonial,2025.0,2.0,FEV,2025-02-01,4.0,SEX,False,15.0,TARDE
2025-02-07,18:30:00,CRIMES CONTRA PATRIMÔNIO,CRIMES CONTRA PATRIMÔNIO: ROUBO: A PESSOA EM VIA PÚBLICA,ES,PEDRO CANARIO,DIVISA,RODOVIA FEDERAL,roubos,patrimonial,2025.0,2.0,FEV,2025-02-01,4.0,SEX,False,18.0,NOITE
2025-02-07,Indeterminada,CRIMES CONTRA PATRIMÔNIO,CRIMES CONTRA PATRIMÔNIO: ROUBO: A PESSOA EM VIA PÚBLICA,ES,VILA VELHA,ALVORADA,VIA PÚBLICA,roubos,patrimonial,2025.0,2.0,FEV,2025-02-01,4.0,SEX,False,,
2025-02-07,05:50:00,CRIMES CONTRA PATRIMÔNIO,CRIMES CONTRA PATRIMÔNIO: ROUBO: EM TRANSPORTE COLETIVO,ES,VITORIA,FORTE SAO JOAO,TRANSP COLETIVO,roubos,patrimonial,2025.0,2.0,FEV,2025-02-01,4.0,SEX,False,5.0,MADRUGADA
2025-02-07,18:40:00,CRIMES CONTRA PATRIMÔNIO,CRIMES CONTRA PATRIMÔNIO: ROUBO: EM TRANSPORTE COLETIVO,ES,SERRA,CARAPINA,TRANSP COLETIVO,roubos,patrimonial,2025.0,2.0,FEV,2025-02-01,4.0,SEX,False,18.0,NOITE
2025-02-07,22:58:00,CRIMES CONTRA PATRIMÔNIO,CRIMES CONTRA PATRIMÔNIO: ROUBO: EM RESIDÊNCIA/CONDOMÍNIO,ES,MARATAIZES,JABOTI,RESIDÊNCIA,roubos,patrimonial,2025.0,2.0,FEV,2025-02-01,4.0,SEX,False,22.0,NOITE
2025-02-07,20:00:00,CRIMES CONTRA PATRIMÔNIO,CRIMES CONTRA PATRIMÔNIO: ROUBO: EM RESIDÊNCIA/CONDOMÍNIO,ES,SERRA,SAO MARCOS II,RESIDÊNCIA,roubos,patrimonial,2025.0,2.0,FEV,2025-02-01,4.0,SEX,False,20.0,NOITE
2025-02-08,19:50:00,CRIMES CONTRA PATRIMÔNIO,CRIMES CONTRA PATRIMÔNIO: ROUBO: A PESSOA EM VIA PÚBLICA,ES,SAO MATEUS,GURIRI,VIA PÚBLICA,roubos,patrimonial,2025.0,2.0,FEV,2025-02-01,5.0,SAB,True,19.0,NOITE
2025-02-08,07:00:00,CRIMES CONTRA PATRIMÔNIO,CRIMES CONTRA PATRIMÔNIO: ROUBO: A PESSOA EM VIA PÚBLICA,ES,CARIACICA,CRUZEIRO DO SUL,VIA PÚBLICA,roubos,patrimonial,2025.0,2.0,FEV,2025-02-01,5.0,SAB,True,7.0,MANHA
2025-02-08,01:00:00,CRIMES CONTRA PATRIMÔNIO,CRIMES CONTRA PATRIMÔNIO: ROUBO: A PESSOA EM VIA PÚBLICA,ES,SAO MATEUS,GURIRI,VIA PÚBLICA,roubos,patrimonial,2025.0,2.0,FEV,2025-02-01,5.0,SAB,True,1.0,MADRUGADA
2025-02-08,Indeterminada,CRIMES CONTRA PATRIMÔNIO,CRIMES CONTRA PATRIMÔNIO: ROUBO: A PESSOA EM VIA PÚBLICA,ES,SERRA,PARQUE RESIDENCIAL LARANJEIRAS,VIA PÚBLICA,roubos,patrimonial,2025.0,2.0,FEV,2025-02-01,5.0,SAB,True,,
2025-02-08,15:00:00,CRIMES CONTRA PATRIMÔNIO,CRIMES CONTRA PATRIMÔNIO: ROUBO: A PESSOA EM VIA PÚBLICA,ES,SERRA,BOA VISTA II,VIA PÚBLICA,roubos,patrimonial,2025.0,2.0,FEV,2025-02-01,5.0,SAB,True,15.0,TARDE
2025-02-08,21:45:00,CRIMES CONTRA PATRIMÔNIO,CRIMES CONTRA PATRIMÔNIO: ROUBO: A PESSOA EM VIA PÚBLICA,ES,VILA VELHA,NOSSA SENHORA DA PENHA,VIA PÚBLICA,roubos,patrimonial,2025.0,2.0,FEV,2025-02-01,5.0,SAB,True,21.0,NOITE
2025-02-08,10:00:00,CRIMES CONTRA PATRIMÔNIO,CRIMES CONTRA PATRIMÔNIO: ROUBO: A PESSOA EM VIA PÚBLICA,ES,VILA VELHA,COQUEIRAL DE ITAPARICA,VIA PÚBLICA,roubos,patrimonial,2025.0,2.0,FEV,2025-02-01,5.0,SAB,True,10.0,MANHA
2025-02-08,13:50:00,CRIMES CONTRA PATRIMÔNIO,CRIMES CONTRA PATRIMÔNIO: ROUBO: A PESSOA EM VIA PÚBLICA,ES,VITORIA,ENSEADA DO SUA,OUTRO LOCAL,roubos,patrimonial,2025.0,2.0,FEV,2025-02-01,5.0,SAB,True,13.0,TARDE
2025-02-08,22:20:00,CRIMES CONTRA PATRIMÔNIO,CRIMES CONTRA PATRIMÔNIO: ROUBO: A PESSOA EM VIA PÚBLICA,ES,VILA VELHA,JOCKEY DE ITAPARICA,VIA PÚBLICA,roubos,patrimonial,2025.0,2.0,FEV,2025-02-01,5.0,SAB,True,22.0,NOITE
2025-02-08,21:30:00,CRIMES CONTRA PATRIMÔNIO,CRIMES CONTRA PATRIMÔNIO: ROUBO: A PESSOA EM VIA PÚBLICA,ES,VITORIA,BENTO FERREIRA,VIA PÚBLICA,roubos,patrimonial,2025.0,2.0,FEV,2025-02-01,5.0,SAB,True,21.0,NOITE
2025-02-08,18:00:00,CRIMES CONTRA PATRIMÔNIO,CRIMES CONTRA PATRIMÔNIO: ROUBO: A PESSOA EM VIA PÚBLICA,ES,SERRA,MANGUINHOS,VIA PÚBLICA,roubos,patrimonial,2025.0,2.0,FEV,2025-02-01,5.0,SAB,True,18.0,NOITE
2025-02-08,21:45:00,CRIMES CONTRA PATRIMÔNIO,CRIMES CONTRA PATRIMÔNIO: ROUBO: A PESSOA EM VIA PÚBLICA,ES,VILA VELHA,NOSSA SENHORA DA PENHA,VIA PÚBLICA,roubos,patrimonial,2025.0,2.0,FEV,2025-02-01,5.0,SAB,True,21.0,NOITE
2025-02-08,19:10:00,CRIMES CONTRA PATRIMÔNIO,CRIMES CONTRA PATRIMÔNIO: ROUBO: A PESSOA EM VIA PÚBLICA,ES,JAGUARE,CENTRO,VIA PÚBLICA,roubos,patrimonial,2025.0,2.0,FEV,2025-02-01,5.0,SAB,True,19.0,NOITE
2025-02-08,03:00:00,CRIMES CONTRA PATRIMÔNIO,CRIMES CONTRA PATRIMÔNIO: ROUBO: A PESSOA EM VIA PÚBLICA,ES,VITORIA,JARDIM DA PENHA,VIA PÚBLICA,roubos,patrimonial,2025.0,2.0,FEV,2025-02-01,5.0,SAB,True,3.0,MADRUGADA
2025-02-08,22:00:00,CRIMES CONTRA PATRIMÔNIO,CRIMES CONTRA PATRIMÔNIO: ROUBO: A PESSOA EM VIA PÚBLICA,ES,SERRA,JARDIM LIMOEIRO,VIA PÚBLICA,roubos,patrimonial,2025.0,2.0,FEV,2025-02-01,5.0,SAB,True,22.0,NOITE
2025-02-08,10:00:00,CRIMES CONTRA PATRIMÔNIO,CRIMES CONTRA PATRIMÔNIO: ROUBO: A PESSOA EM VIA PÚBLICA,ES,VILA VELHA,ITAPOA,VIA PÚBLICA,roubos,patrimonial,2025.0,2.0,FEV,2025-02-01,5.0,SAB,True,10.0,MANHA
2025-02-08,00:00:00,CRIMES CONTRA PATRIMÔNIO,CRIMES CONTRA PATRIMÔNIO: ROUBO: A PESSOA EM VIA PÚBLICA,ES,VILA VELHA,CENTRO VILA VELHA,VIA PÚBLICA,roubos,patrimonial,2025.0,2.0,FEV,2025-02-01,5.0,SAB,True,0.0,MADRUGADA
2025-02-08,05:00:00,CRIMES CONTRA PATRIMÔNIO,CRIMES CONTRA PATRIMÔNIO: ROUBO: A PESSOA EM VIA PÚBLICA,ES,VITORIA,JARDIM DA PENHA,VIA PÚBLICA,roubos,patrimonial,2025.0,2.0,FEV,2025-02-01,5.0,SAB,True,5.0,MADRUGADA
2025-02-08,22:00:00,CRIMES CONTRA PATRIMÔNIO,CRIMES CONTRA PATRIMÔNIO: ROUBO: A PESSOA EM VIA PÚBLICA,ES,CARIACICA,ALTO LAGE,VIA PÚBLICA,roubos,patrimonial,2025.0,2.0,FEV,2025-02-01,5.0,SAB,True,22.0,NOITE
2025-02-08,18:30:00,CRIMES CONTRA PATRIMÔNIO,CRIMES CONTRA PATRIMÔNIO: ROUBO: A PESSOA EM VIA PÚBLICA,ES,SERRA,PORTAL DE JACARAIPE,VIA PÚBLICA,roubos,patrimonial,2025.0,2.0,FEV,2025-02-01,5.0,SAB,True,18.0,NOITE
2025-02-08,23:35:00,CRIMES CONTRA PATRIMÔNIO,CRIMES CONTRA PATRIMÔNIO: ROUBO: A PESSOA EM VIA PÚBLICA,ES,CACHOEIRO DE ITAPEMIRIM,AEROPORTO,VIA PÚBLICA,roubos,patrimonial,2025.0,2.0,FEV,2025-02-01,5.0,SAB,True,23.0,NOITE
2025-02-08,03:30:00,CRIMES CONTRA PATRIMÔNIO,CRIMES CONTRA PATRIMÔNIO: ROUBO: A PESSOA EM VIA PÚBLICA,ES,VITORIA,OUTRO LOCAL,VIA PÚBLICA,roubos,patrimonial,2025.0,2.0,FEV,2025-02-01,5.0,SAB,True,3.0,MADRUGADA
2025-02-08,18:30:00,CRIMES CONTRA PATRIMÔNIO,CRIMES CONTRA PATRIMÔNIO: ROUBO: A PESSOA EM VIA PÚBLICA,ES,VILA VELHA,VILA GARRIDO,VIA PÚBLICA,roubos,patrimonial,2025.0,2.0,FEV,2025-02-01,5.0,SAB,True,18.0,NOITE
2025-02-08,12:20:00,CRIMES CONTRA PATRIMÔNIO,CRIMES CONTRA PATRIMÔNIO: ROUBO: EM TRANSPORTE COLETIVO,ES,VITORIA,JUCUTUQUARA,TRANSP COLETIVO,roubos,patrimonial,2025.0,2.0,FEV,2025-02-01,5.0,SAB,True,12.0,TARDE
2025-02-08,12:18:00,CRIMES CONTRA PATRIMÔNIO,CRIMES CONTRA PATRIMÔNIO: ROUBO: EM TRANSPORTE COLETIVO,ES,VITORIA,JUCUTUQUARA,TRANSP COLETIVO,roubos,patrimonial,2025.0,2.0,FEV,2025-02-01,5.0,SAB,True,12.0,TARDE
2025-02-08,12:20:00,CRIMES CONTRA PATRIMÔNIO,CRIMES CONTRA PATRIMÔNIO: ROUBO: EM TRANSPORTE COLETIVO,ES,VITORIA,JUCUTUQUARA,TRANSP COLETIVO,roubos,patrimonial,2025.0,2.0,FEV,2025-02-01,5.0,SAB,True,12.0,TARDE
2025-02-08,12:20:00,CRIMES CONTRA PATRIMÔNIO,CRIMES CONTRA PATRIMÔNIO: ROUBO: EM TRANSPORTE COLETIVO,ES,VITORIA,JUCUTUQUARA,TRANSP COLETIVO,roubos,patrimonial,2025.0,2.0,FEV,2025-02-01,5.0,SAB,True,12.0,TARDE
2025-02-08,22:00:00,CRIMES CONTRA PATRIMÔNIO,CRIMES CONTRA PATRIMÔNIO: ROUBO: EM RESIDÊNCIA/CONDOMÍNIO,ES,VITORIA,SANTO ANTONIO,RESIDÊNCIA,roubos,patrimonial,2025.0,2.0,FEV,2025-02-01,5.0,SAB,True,22.0,NOITE
2025-02-09,08:57:00,CRIMES CONTRA PATRIMÔNIO,CRIMES CONTRA PATRIMÔNIO: ROUBO: A PESSOA EM VIA PÚBLICA,ES,ITAPEMIRIM,ZONA RURAL,VIA PÚBLICA,roubos,patrimonial,2025.0,2.0,FEV,2025-02-01,6.0,DOM,True,8.0,MANHA
2025-02-09,14:59:00,CRIMES CONTRA PATRIMÔNIO,CRIMES CONTRA PATRIMÔNIO: ROUBO: A PESSOA EM VIA PÚBLICA,ES,VILA VELHA,ITAPOA,VIA PÚBLICA,roubos,patrimonial,2025.0,2.0,FEV,2025-02-01,6.0,DOM,True,14.0,TARDE
2025-02-09,22:51:00,CRIMES CONTRA PATRIMÔNIO,CRIMES CONTRA PATRIMÔNIO: ROUBO: A PESSOA EM VIA PÚBLICA,ES,LINHARES,MOVELAR,VIA PÚBLICA,roubos,patrimonial,2025.0,2.0,FEV,2025-02-01,6.0,DOM,True,22.0,NOITE
2025-02-09,09:30:00,CRIMES CONTRA PATRIMÔNIO,CRIMES CONTRA PATRIMÔNIO: ROUBO: A PESSOA EM VIA PÚBLICA,ES,VILA VELHA,ZONA RURAL,RODOVIA ESTADUAL,roubos,patrimonial,2025.0,2.0,FEV,2025-02-01,6.0,DOM,True,9.0,MANHA
2025-02-09,20:00:00,CRIMES CONTRA PATRIMÔNIO,CRIMES CONTRA PATRIMÔNIO: ROUBO: A PESSOA EM VIA PÚBLICA,ES,VILA VELHA,NOVO MEXICO,VEÍCULO,roubos,patrimonial,2025.0,2.0,FEV,2025-02-01,6.0,DOM,True,20.0,NOITE
2025-02-09,Indeterminada,CRIMES CONTRA PATRIMÔNIO,CRIMES CONTRA PATRIMÔNIO: ROUBO: A PESSOA EM VIA PÚBLICA,ES,LINHARES,AVISO,VIA PÚBLICA,roubos,patrimonial,2025.0,2.0,FEV,2025-02-01,6.0,DOM,True,,
2025-02-09,07:00:00,CRIMES CONTRA PATRIMÔNIO,CRIMES CONTRA PATRIMÔNIO: ROUBO: A PESSOA EM VIA PÚBLICA,ES,VILA VELHA,GLORIA,VIA PÚBLICA,roubos,patrimonial,2025.0,2.0,FEV,2025-02-01,6.0,DOM,True,7.0,MANHA
2025-02-09,Indeterminada,CRIMES CONTRA PATRIMÔNIO,CRIMES CONTRA PATRIMÔNIO: ROUBO: A PESSOA EM VIA PÚBLICA,ES,LINHARES,CENTRO,VIA PÚBLICA,roubos,patrimonial,2025.0,2.0,FEV,2025-02-01,6.0,DOM,True,,
2025-02-09,17:47:00,CRIMES CONTRA PATRIMÔNIO,CRIMES CONTRA PATRIMÔNIO: ROUBO: A PESSOA EM VIA PÚBLICA,ES,VIANA,NOVA BETHANIA,VIA PÚBLICA,roubos,patrimonial,2025.0,2.0,FEV,2025-02-01,6.0,DOM,True,17.0,TARDE
2025-02-09,Indeterminada,CRIMES CONTRA PATRIMÔNIO,CRIMES CONTRA PATRIMÔNIO: ROUBO: A PESSOA EM VIA PÚBLICA,ES,SAO MATEUS,GURIRI,VIA PÚBLICA,roubos,patrimonial,2025.0,2.0,FEV,2025-02-01,6.0,DOM,True,,
2025-02-09,19:30:00,CRIMES CONTRA PATRIMÔNIO,CRIMES CONTRA PATRIMÔNIO: ROUBO: A PESSOA EM VIA PÚBLICA,ES,LINHARES,TRES BARRAS,VIA PÚBLICA,roubos,patrimonial,2025.0,2.0,FEV,2025-02-01,6.0,DOM,True,19.0,NOITE
2025-02-09,00:00:00,CRIMES CONTRA PATRIMÔNIO,CRIMES CONTRA PATRIMÔNIO: ROUBO: A PESSOA EM VIA PÚBLICA,ES,VARGEM ALTA,ZONA RURAL,VIA PÚBLICA,roubos,patrimonial,2025.0,2.0,FEV,2025-02-01,6.0,DOM,True,0.0,MADRUGADA
2025-02-09,12:30:00,CRIMES CONTRA PATRIMÔNIO,CRIMES CONTRA PATRIMÔNIO: ROUBO: A PESSOA EM VIA PÚBLICA,ES,SERRA,JARDIM LIMOEIRO,VIA PÚBLICA,roubos,patrimonial,2025.0,2.0,FEV,2025-02-01,6.0,DOM,True,12.0,TARDE
2025-02-09,12:30:00,CRIMES CONTRA PATRIMÔNIO,CRIMES CONTRA PATRIMÔNIO: ROUBO: A PESSOA EM VIA PÚBLICA,ES,VITORIA,JARDIM DA PENHA,VIA PÚBLICA,roubos,patrimonial,2025.0,2.0,FEV,2025-02-01,6.0,DOM,True,12.0,TARDE
2025-02-09,17:00:00,CRIMES CONTRA PATRIMÔNIO,CRIMES CONTRA PATRIMÔNIO: ROUBO: A PESSOA EM VIA PÚBLICA,ES,ITAPEMIRIM,ITAOCA,OUTRO LOCAL,roubos,patrimonial,2025.0,2.0,FEV,2025-02-01,6.0,DOM,True,17.0,TARDE
2025-02-09,12:00:00,CRIMES CONTRA PATRIMÔNIO,CRIMES CONTRA PATRIMÔNIO: ROUBO: A PESSOA EM VIA PÚBLICA,ES,SERRA,JARDIM LIMOEIRO,VIA PÚBLICA,roubos,patrimonial,2025.0,2.0,FEV,2025-02-01,6.0,DOM,True,12.0,TARDE
2025-02-09,20:45:00,CRIMES CONTRA PATRIMÔNIO,CRIMES CONTRA PATRIMÔNIO: ROUBO: A PESSOA EM VIA PÚBLICA,ES,VIANA,PIAPITANGUI,OUTRO LOCAL,roubos,patrimonial,2025.0,2.0,FEV,2025-02-01,6.0,DOM,True,20.0,NOITE
2025-02-09,21:40:00,CRIMES CONTRA PATRIMÔNIO,CRIMES CONTRA PATRIMÔNIO: ROUBO: EM TRANSPORTE COLETIVO,ES,SERRA,ANDRE CARLONI,TRANSP COLETIVO,roubos,patrimonial,2025.0,2.0,FEV,2025-02-01,6.0,DOM,True,21.0,NOITE
2025-02-09,22:15:00,CRIMES CONTRA PATRIMÔNIO,CRIMES CONTRA PATRIMÔNIO: ROUBO: EM TRANSPORTE COLETIVO,ES,CARIACICA,PORTO ENGENHO,VEÍCULO,roubos,patrimonial,2025.0,2.0,FEV,2025-02-01,6.0,DOM,True,22.0,NOITE
2025-02-09,22:00:00,CRIMES CONTRA PATRIMÔNIO,CRIMES CONTRA PATRIMÔNIO: ROUBO: EM TRANSPORTE COLETIVO,ES,CARIACICA,ITACIBA,TRANSP COLETIVO,roubos,patrimonial,2025.0,2.0,FEV,2025-02-01,6.0,DOM,True,22.0,NOITE
2025-02-10,01:39:00,CRIMES CONTRA PATRIMÔNIO,CRIMES CONTRA PATRIMÔNIO: ROUBO: A PESSOA EM VIA PÚBLICA,ES,SAO MATEUS,GURIRI,VIA PÚBLICA,roubos,patrimonial,2025.0,2.0,FEV,2025-02-01,0.0,SEG,False,1.0,MADRUGADA
2025-02-10,22:00:00,CRIMES CONTRA PATRIMÔNIO,CRIMES CONTRA PATRIMÔNIO: ROUBO: A PESSOA EM VIA PÚBLICA,ES,SAO MATEUS,GURIRI,VIA PÚBLICA,roubos,patrimonial,2025.0,2.0,FEV,2025-02-01,0.0,SEG,False,22.0,NOITE
2025-02-10,03:40:00,CRIMES CONTRA PATRIMÔNIO,CRIMES CONTRA PATRIMÔNIO: ROUBO: A PESSOA EM VIA PÚBLICA,ES,CACHOEIRO DE ITAPEMIRIM,PARQUE DAS LARANJEIRAS,VIA PÚBLICA,roubos,patrimonial,2025.0,2.0,FEV,2025-02-01,0.0,SEG,False,3.0,MADRUGADA
2025-02-10,08:00:00,CRIMES CONTRA PATRIMÔNIO,CRIMES CONTRA PATRIMÔNIO: ROUBO: A PESSOA EM VIA PÚBLICA,ES,SERRA,BAIRRO DAS LARANJEIRAS,VIA PÚBLICA,roubos,patrimonial,2025.0,2.0,FEV,2025-02-01,0.0,SEG,False,8.0,MANHA
2025-02-10,13:10:00,CRIMES CONTRA PATRIMÔNIO,CRIMES CONTRA PATRIMÔNIO: ROUBO: A PESSOA EM VIA PÚBLICA,ES,VILA VELHA,CENTRO VILA VELHA,COMÉRCIO,roubos,patrimonial,2025.0,2.0,FEV,2025-02-01,0.0,SEG,False,13.0,TARDE
2025-02-10,12:30:00,CRIMES CONTRA PATRIMÔNIO,CRIMES CONTRA PATRIMÔNIO: ROUBO: A PESSOA EM VIA PÚBLICA,ES,CARIACICA,CAMPO GRANDE,RODOVIA ESTADUAL,roubos,patrimonial,2025.0,2.0,FEV,2025-02-01,0.0,SEG,False,12.0,TARDE
2025-02-10,21:30:00,CRIMES CONTRA PATRIMÔNIO,CRIMES CONTRA PATRIMÔNIO: ROUBO: A PESSOA EM VIA PÚBLICA,ES,GUARAPARI,CENTRO,VIA PÚBLICA,roubos,patrimonial,2025.0,2.0,FEV,2025-02-01,0.0,SEG,False,21.0,NOITE
2025-02-10,21:20:00,CRIMES CONTRA PATRIMÔNIO,CRIMES CONTRA PATRIMÔNIO: ROUBO: A PESSOA EM VIA PÚBLICA,ES,VILA VELHA,ITAPOA,VIA PÚBLICA,roubos,patrimonial,2025.0,2.0,FEV,2025-02-01,0.0,SEG,False,21.0,NOITE
2025-02-10,21:30:00,CRIMES CONTRA PATRIMÔNIO,CRIMES CONTRA PATRIMÔNIO: ROUBO: A PESSOA EM VIA PÚBLICA,ES,PINHEIROS,VILA NOVA,VIA PÚBLICA,roubos,patrimonial,2025.0,2.0,FEV,2025-02-01,0.0,SEG,False,21.0,NOITE
2025-02-10,21:30:00,CRIMES CONTRA PATRIMÔNIO,CRIMES CONTRA PATRIMÔNIO: ROUBO: A PESSOA EM VIA PÚBLICA,ES,CARIACICA,NOVA BRASILIA,VIA PÚBLICA,roubos,patrimonial,2025.0,2.0,FEV,2025-02-01,0.0,SEG,False,21.0,NOITE
2025-02-10,13:00:00,CRIMES CONTRA PATRIMÔNIO,CRIMES CONTRA PATRIMÔNIO: ROUBO: A PESSOA EM VIA PÚBLICA,ES,VITORIA,JARDIM CAMBURI,VIA PÚBLICA,roubos,patrimonial,2025.0,2.0,FEV,2025-02-01,0.0,SEG,False,13.0,TARDE
2025-02-10,20:05:00,CRIMES CONTRA PATRIMÔNIO,CRIMES CONTRA PATRIMÔNIO: ROUBO: A PESSOA EM VIA PÚBLICA,ES,VILA VELHA,NOSSA SENHORA DA PENHA,VIA PÚBLICA,roubos,patrimonial,2025.0,2.0,FEV,2025-02-01,0.0,SEG,False,20.0,NOITE
2025-02-10,20:40:00,CRIMES CONTRA PATRIMÔNIO,CRIMES CONTRA PATRIMÔNIO: ROUBO: A PESSOA EM VIA PÚBLICA,ES,VITORIA,GURIGICA,VIA PÚBLICA,roubos,patrimonial,2025.0,2.0,FEV,2025-02-01,0.0,SEG,False,20.0,NOITE
2025-02-10,20:00:00,CRIMES CONTRA PATRIMÔNIO,CRIMES CONTRA PATRIMÔNIO: ROUBO: A PESSOA EM VIA PÚBLICA,ES,CARIACICA,SANTO ANTONIO,RODOVIA ESTADUAL,roubos,patrimonial,2025.0,2.0,FEV,2025-02-01,0.0,SEG,False,20.0,NOITE
2025-02-10,06:20:00,CRIMES CONTRA PATRIMÔNIO,CRIMES CONTRA PATRIMÔNIO: ROUBO: A PESSOA EM VIA PÚBLICA,ES,CARIACICA,VILA CAPIXABA,VIA PÚBLICA,roubos,patrimonial,2025.0,2.0,FEV,2025-02-01,0.0,SEG,False,6.0,MANHA
2025-02-10,17:45:00,CRIMES CONTRA PATRIMÔNIO,CRIMES CONTRA PATRIMÔNIO: ROUBO: A PESSOA EM VIA PÚBLICA,ES,CARIACICA,PORTO NOVO,VIA PÚBLICA,roubos,patrimonial,2025.0,2.0,FEV,2025-02-01,0.0,SEG,False,17.0,TARDE
2025-02-10,20:20:00,CRIMES CONTRA PATRIMÔNIO,CRIMES CONTRA PATRIMÔNIO: ROUBO: A PESSOA EM VIA PÚBLICA,ES,CARIACICA,DOM BOSCO,VIA PÚBLICA,roubos,patrimonial,2025.0,2.0,FEV,2025-02-01,0.0,SEG,False,20.0,NOITE
2025-02-10,09:30:00,CRIMES CONTRA PATRIMÔNIO,CRIMES CONTRA PATRIMÔNIO: ROUBO: A PESSOA EM VIA PÚBLICA,ES,CACHOEIRO DE ITAPEMIRIM,ZUMBI,VIA PÚBLICA,roubos,patrimonial,2025.0,2.0,FEV,2025-02-01,0.0,SEG,False,9.0,MANHA
2025-02-10,19:30:00,CRIMES CONTRA PATRIMÔNIO,CRIMES CONTRA PATRIMÔNIO: ROUBO: A PESSOA EM VIA PÚBLICA,ES,VITORIA,MARUIPE,VIA PÚBLICA,roubos,patrimonial,2025.0,2.0,FEV,2025-02-01,0.0,SEG,False,19.0,NOITE
2025-02-10,13:00:00,CRIMES CONTRA PATRIMÔNIO,CRIMES CONTRA PATRIMÔNIO: ROUBO: A PESSOA EM VIA PÚBLICA,ES,VILA VELHA,PRAIA DE ITAPARICA,VIA PÚBLICA,roubos,patrimonial,2025.0,2.0,FEV,2025-02-01,0.0,SEG,False,13.0,TARDE
2025-02-10,20:00:00,CRIMES CONTRA PATRIMÔNIO,CRIMES CONTRA PATRIMÔNIO: ROUBO: A PESSOA EM VIA PÚBLICA,ES,VITORIA,SANTA LUCIA,VIA PÚBLICA,roubos,patrimonial,2025.0,2.0,FEV,2025-02-01,0.0,SEG,False,20.0,NOITE
2025-02-10,20:30:00,CRIMES CONTRA PATRIMÔNIO,CRIMES CONTRA PATRIMÔNIO: ROUBO: A PESSOA EM VIA PÚBLICA,ES,CONCEICAO DA BARRA,URBES,VIA PÚBLICA,roubos,patrimonial,2025.0,2.0,FEV,2025-02-01,0.0,SEG,False,20.0,NOITE
2025-02-10,19:15:00,CRIMES CONTRA PATRIMÔNIO,CRIMES CONTRA PATRIMÔNIO: ROUBO: A PESSOA EM VIA PÚBLICA,ES,VILA VELHA,ZUMBI DOS PALMARES,OUTRO LOCAL,roubos,patrimonial,2025.0,2.0,FEV,2025-02-01,0.0,SEG,False,19.0,NOITE
2025-02-10,21:00:00,CRIMES CONTRA PATRIMÔNIO,CRIMES CONTRA PATRIMÔNIO: ROUBO: A PESSOA EM VIA PÚBLICA,ES,VILA VELHA,CRISTOVAO COLOMBO,VIA PÚBLICA,roubos,patrimonial,2025.0,2.0,FEV,2025-02-01,0.0,SEG,False,21.0,NOITE
2025-02-10,10:00:00,CRIMES CONTRA PATRIMÔNIO,CRIMES CONTRA PATRIMÔNIO: ROUBO: A PESSOA EM VIA PÚBLICA,ES,CARIACICA,CAMPO VERDE,VIA PÚBLICA,roubos,patrimonial,2025.0,2.0,FEV,2025-02-01,0.0,SEG,False,10.0,MANHA
2025-02-10,14:00:00,CRIMES CONTRA PATRIMÔNIO,CRIMES CONTRA PATRIMÔNIO: ROUBO: A PESSOA EM VIA PÚBLICA,ES,VITORIA,JARDIM CAMBURI,VIA PÚBLICA,roubos,patrimonial,2025.0,2.0,FEV,2025-02-01,0.0,SEG,False,14.0,TARDE
2025-02-10,01:00:00,CRIMES CONTRA PATRIMÔNIO,CRIMES CONTRA PATRIMÔNIO: ROUBO: A PESSOA EM VIA PÚBLICA,ES,SERRA,PARQUE RESIDENCIAL LARANJEIRAS,VIA PÚBLICA,roubos,patrimonial,2025.0,2.0,FEV,2025-02-01,0.0,SEG,False,1.0,MADRUGADA
2025-02-10,23:34:00,CRIMES CONTRA PATRIMÔNIO,CRIMES CONTRA PATRIMÔNIO: ROUBO: A PESSOA EM VIA PÚBLICA,ES,VIANA,MARCILIO DE NORONHA,RODOVIA FEDERAL,roubos,patrimonial,2025.0,2.0,FEV,2025-02-01,0.0,SEG,False,23.0,NOITE
2025-02-10,06:15:00,CRIMES CONTRA PATRIMÔNIO,CRIMES CONTRA PATRIMÔNIO: ROUBO: A PESSOA EM VIA PÚBLICA,ES,VILA VELHA,COQUEIRAL DE ITAPARICA,VIA PÚBLICA,roubos,patrimonial,2025.0,2.0,FEV,2025-02-01,0.0,SEG,False,6.0,MANHA
2025-02-10,21:25:00,CRIMES CONTRA PATRIMÔNIO,CRIMES CONTRA PATRIMÔNIO: ROUBO: A PESSOA EM VIA PÚBLICA,ES,CARIACICA,SAO FRANCISCO,VIA PÚBLICA,roubos,patrimonial,2025.0,2.0,FEV,2025-02-01,0.0,SEG,False,21.0,NOITE
2025-02-10,Indeterminada,CRIMES CONTRA PATRIMÔNIO,CRIMES CONTRA PATRIMÔNIO: ROUBO: A PESSOA EM VIA PÚBLICA,ES,SAO MATEUS,GURIRI,VIA PÚBLICA,roubos,patrimonial,2025.0,2.0,FEV,2025-02-01,0.0,SEG,False,,
2025-02-10,22:30:00,CRIMES CONTRA PATRIMÔNIO,CRIMES CONTRA PATRIMÔNIO: ROUBO: A PESSOA EM VIA PÚBLICA,ES,VILA VELHA,CENTRO VILA VELHA,TRANSP COLETIVO,roubos,patrimonial,2025.0,2.0,FEV,2025-02-01,0.0,SEG,False,22.0,NOITE
2025-02-10,Indeterminada,CRIMES CONTRA PATRIMÔNIO,CRIMES CONTRA PATRIMÔNIO: ROUBO: EM TRANSPORTE COLETIVO,ES,VITORIA,CENTRO,VEÍCULO,roubos,patrimonial,2025.0,2.0,FEV,2025-02-01,0.0,SEG,False,,
2025-02-10,21:07:00,CRIMES CONTRA PATRIMÔNIO,CRIMES CONTRA PATRIMÔNIO: ROUBO: EM TRANSPORTE COLETIVO,ES,VILA VELHA,ARGOLAS,TRANSP COLETIVO,roubos,patrimonial,2025.0,2.0,FEV,2025-02-01,0.0,SEG,False,21.0,NOITE
2025-02-10,23:01:00,CRIMES CONTRA PATRIMÔNIO,CRIMES CONTRA PATRIMÔNIO: ROUBO: EM TRANSPORTE COLETIVO,ES,SERRA,ROSARIO DE FATIMA,VIA PÚBLICA,roubos,patrimonial,2025.0,2.0,FEV,2025-02-01,0.0,SEG,False,23.0,NOITE
2025-02-10,13:37:00,CRIMES CONTRA PATRIMÔNIO,CRIMES CONTRA PATRIMÔNIO: ROUBO: EM ESTABELECIMENTO COMERCIAL,ES,GUACUI,CENTRO,COMÉRCIO,roubos,patrimonial,2025.0,2.0,FEV,2025-02-01,0.0,SEG,False,13.0,TARDE
2025-02-10,16:53:00,CRIMES CONTRA PATRIMÔNIO,CRIMES CONTRA PATRIMÔNIO: ROUBO: EM ESTABELECIMENTO COMERCIAL,ES,GUACUI,VALE DO SOL,COMÉRCIO,roubos,patrimonial,2025.0,2.0,FEV,2025-02-01,0.0,SEG,False,16.0,TARDE
2025-02-10,23:41:00,CRIMES CONTRA PATRIMÔNIO,CRIMES CONTRA PATRIMÔNIO: ROUBO: EM ESTABELECIMENTO COMERCIAL,ES,SERRA,CENTRO DA SERRA,COMÉRCIO,roubos,patrimonial,2025.0,2.0,FEV,2025-02-01,0.0,SEG,False,23.0,NOITE
2025-02-10,21:00:00,CRIMES CONTRA PATRIMÔNIO,CRIMES CONTRA PATRIMÔNIO: ROUBO: EM ESTABELECIMENTO COMERCIAL,ES,VIANA,MARCILIO DE NORONHA,COMÉRCIO,roubos,patrimonial,2025.0,2.0,FEV,2025-02-01,0.0,SEG,False,21.0,NOITE
2025-02-10,02:33:00,CRIMES CONTRA PATRIMÔNIO,CRIMES CONTRA PATRIMÔNIO: ROUBO: EM RESIDÊNCIA/CONDOMÍNIO,ES,GUARAPARI,PRAIA DO MORRO,RESIDÊNCIA,roubos,patrimonial,2025.0,2.0,FEV,2025-02-01,0.0,SEG,False,2.0,MADRUGADA
2025-02-11,04:26:00,CRIMES CONTRA PATRIMÔNIO,CRIMES CONTRA PATRIMÔNIO: ROUBO: A PESSOA EM VIA PÚBLICA,ES,VILA VELHA,SANTOS DUMONT,VIA PÚBLICA,roubos,patrimonial,2025.0,2.0,FEV,2025-02-01,1.0,TER,False,4.0,MADRUGADA
2025-02-11,05:00:00,CRIMES CONTRA PATRIMÔNIO,CRIMES CONTRA PATRIMÔNIO: ROUBO: A PESSOA EM VIA PÚBLICA,ES,VILA VELHA,ATAIDE,VIA PÚBLICA,roubos,patrimonial,2025.0,2.0,FEV,2025-02-01,1.0,TER,False,5.0,MADRUGADA
2025-02-11,03:40:00,CRIMES CONTRA PATRIMÔNIO,CRIMES CONTRA PATRIMÔNIO: ROUBO: A PESSOA EM VIA PÚBLICA,ES,VILA VELHA,IBES,VIA PÚBLICA,roubos,patrimonial,2025.0,2.0,FEV,2025-02-01,1.0,TER,False,3.0,MADRUGADA
2025-02-11,03:00:00,CRIMES CONTRA PATRIMÔNIO,CRIMES CONTRA PATRIMÔNIO: ROUBO: A PESSOA EM VIA PÚBLICA,ES,LINHARES,MOVELAR,VIA PÚBLICA,roubos,patrimonial,2025.0,2.0,FEV,2025-02-01,1.0,TER,False,3.0,MADRUGADA
2025-02-11,00:00:00,CRIMES CONTRA PATRIMÔNIO,CRIMES CONTRA PATRIMÔNIO: ROUBO: A PESSOA EM VIA PÚBLICA,ES,VILA VELHA,PRAIA DA COSTA,VIA PÚBLICA,roubos,patrimonial,2025.0,2.0,FEV,2025-02-01,1.0,TER,False,0.0,MADRUGADA
2025-02-11,12:20:00,CRIMES CONTRA PATRIMÔNIO,CRIMES CONTRA PATRIMÔNIO: ROUBO: A PESSOA EM VIA PÚBLICA,ES,VITORIA,REPUBLICA,VIA PÚBLICA,roubos,patrimonial,2025.0,2.0,FEV,2025-02-01,1.0,TER,False,12.0,TARDE
2025-02-11,04:45:00,CRIMES CONTRA PATRIMÔNIO,CRIMES CONTRA PATRIMÔNIO: ROUBO: A PESSOA EM VIA PÚBLICA,ES,VILA VELHA,SAO TORQUATO,VIA PÚBLICA,roubos,patrimonial,2025.0,2.0,FEV,2025-02-01,1.0,TER,False,4.0,MADRUGADA
2025-02-11,05:10:00,CRIMES CONTRA PATRIMÔNIO,CRIMES CONTRA PATRIMÔNIO: ROUBO: A PESSOA EM VIA PÚBLICA,ES,CARIACICA,PORTO DE SANTANA,VIA PÚBLICA,roubos,patrimonial,2025.0,2.0,FEV,2025-02-01,1.0,TER,False,5.0,MADRUGADA
2025-02-11,00:00:00,CRIMES CONTRA PATRIMÔNIO,CRIMES CONTRA PATRIMÔNIO: ROUBO: A PESSOA EM VIA PÚBLICA,ES,CARIACICA,CAMPO GRANDE,VIA PÚBLICA,roubos,patrimonial,2025.0,2.0,FEV,2025-02-01,1.0,TER,False,0.0,MADRUGADA
2025-02-11,10:30:00,CRIMES CONTRA PATRIMÔNIO,CRIMES CONTRA PATRIMÔNIO: ROUBO: A PESSOA EM VIA PÚBLICA,ES,GUARAPARI,MUQUICABA,VIA PÚBLICA,roubos,patrimonial,2025.0,2.0,FEV,2025-02-01,1.0,TER,False,10.0,MANHA
2025-02-11,22:05:00,CRIMES CONTRA PATRIMÔNIO,CRIMES CONTRA PATRIMÔNIO: ROUBO: A PESSOA EM VIA PÚBLICA,ES,RIO NOVO DO SUL,CENTRO,VIA PÚBLICA,roubos,patrimonial,2025.0,2.0,FEV,2025-02-01,1.0,TER,False,22.0,NOITE
2025-02-11,23:18:00,CRIMES CONTRA PATRIMÔNIO,CRIMES CONTRA PATRIMÔNIO: ROUBO: A PESSOA EM VIA PÚBLICA,ES,LINHARES,LAGOA DO MEIO,VIA PÚBLICA,roubos,patrimonial,2025.0,2.0,FEV,2025-02-01,1.0,TER,False,23.0,NOITE
2025-02-11,23:46:00,CRIMES CONTRA PATRIMÔNIO,CRIMES CONTRA PATRIMÔNIO: ROUBO: A PESSOA EM VIA PÚBLICA,ES,LINHARES,COLINA,VIA PÚBLICA,roubos,patrimonial,2025.0,2.0,FEV,2025-02-01,1.0,TER,False,23.0,NOITE
2025-02-11,15:00:00,CRIMES CONTRA PATRIMÔNIO,CRIMES CONTRA PATRIMÔNIO: ROUBO: A PESSOA EM VIA PÚBLICA,ES,CARIACICA,SAO GERALDO,VIA PÚBLICA,roubos,patrimonial,2025.0,2.0,FEV,2025-02-01,1.0,TER,False,15.0,TARDE
2025-02-11,19:00:00,CRIMES CONTRA PATRIMÔNIO,CRIMES CONTRA PATRIMÔNIO: ROUBO: A PESSOA EM VIA PÚBLICA,ES,LINHARES,CENTRO,VIA PÚBLICA,roubos,patrimonial,2025.0,2.0,FEV,2025-02-01,1.0,TER,False,19.0,NOITE
2025-02-11,22:43:00,CRIMES CONTRA PATRIMÔNIO,CRIMES CONTRA PATRIMÔNIO: ROUBO: A PESSOA EM VIA PÚBLICA,ES,SERRA,NOVA CARAPINA I,VIA PÚBLICA,roubos,patrimonial,2025.0,2.0,FEV,2025-02-01,1.0,TER,False,22.0,NOITE
2025-02-11,12:00:00,CRIMES CONTRA PATRIMÔNIO,CRIMES CONTRA PATRIMÔNIO: ROUBO: A PESSOA EM VIA PÚBLICA,ES,VITORIA,CENTRO,VIA PÚBLICA,roubos,patrimonial,2025.0,2.0,FEV,2025-02-01,1.0,TER,False,12.0,TARDE
2025-02-11,04:30:00,CRIMES CONTRA PATRIMÔNIO,CRIMES CONTRA PATRIMÔNIO: ROUBO: A PESSOA EM VIA PÚBLICA,ES,SERRA,BAIRRO DAS LARANJEIRAS,VIA PÚBLICA,roubos,patrimonial,2025.0,2.0,FEV,2025-02-01,1.0,TER,False,4.0,MADRUGADA
2025-02-11,09:30:00,CRIMES CONTRA PATRIMÔNIO,CRIMES CONTRA PATRIMÔNIO: ROUBO: A PESSOA EM VIA PÚBLICA,ES,SERRA,ROSARIO DE FATIMA,VIA PÚBLICA,roubos,patrimonial,2025.0,2.0,FEV,2025-02-01,1.0,TER,False,9.0,MANHA
2025-02-11,11:40:00,CRIMES CONTRA PATRIMÔNIO,CRIMES CONTRA PATRIMÔNIO: ROUBO: A PESSOA EM VIA PÚBLICA,ES,VILA VELHA,VILA BATISTA,VIA PÚBLICA,roubos,patrimonial,2025.0,2.0,FEV,2025-02-01,1.0,TER,False,11.0,MANHA
2025-02-11,23:00:00,CRIMES CONTRA PATRIMÔNIO,CRIMES CONTRA PATRIMÔNIO: ROUBO: A PESSOA EM VIA PÚBLICA,ES,SERRA,NOVA CARAPINA II,VIA PÚBLICA,roubos,patrimonial,2025.0,2.0,FEV,2025-02-01,1.0,TER,False,23.0,NOITE
2025-02-11,21:30:00,CRIMES CONTRA PATRIMÔNIO,CRIMES CONTRA PATRIMÔNIO: ROUBO: A PESSOA EM VIA PÚBLICA,ES,VILA VELHA,CENTRO VILA VELHA,VIA PÚBLICA,roubos,patrimonial,2025.0,2.0,FEV,2025-02-01,1.0,TER,False,21.0,NOITE
2025-02-11,18:40:00,CRIMES CONTRA PATRIMÔNIO,CRIMES CONTRA PATRIMÔNIO: ROUBO: A PESSOA EM VIA PÚBLICA,ES,CARIACICA,FLEXAL II,RODOVIA FEDERAL,roubos,patrimonial,2025.0,2.0,FEV,2025-02-01,1.0,TER,False,18.0,NOITE
2025-02-11,16:00:00,CRIMES CONTRA PATRIMÔNIO,CRIMES CONTRA PATRIMÔNIO: ROUBO: A PESSOA EM VIA PÚBLICA,ES,VILA VELHA,ATAIDE,VIA PÚBLICA,roubos,patrimonial,2025.0,2.0,FEV,2025-02-01,1.0,TER,False,16.0,TARDE
2025-02-11,07:20:00,CRIMES CONTRA PATRIMÔNIO,CRIMES CONTRA PATRIMÔNIO: ROUBO: EM TRANSPORTE COLETIVO,ES,VITORIA,VILA RUBIM,VIA PÚBLICA,roubos,patrimonial,2025.0,2.0,FEV,2025-02-01,1.0,TER,False,7.0,MANHA
2025-02-11,15:00:00,CRIMES CONTRA PATRIMÔNIO,CRIMES CONTRA PATRIMÔNIO: ROUBO: EM ESTABELECIMENTO COMERCIAL,ES,SERRA,COLINA DE LARANJEIRAS,COMÉRCIO,roubos,patrimonial,2025.0,2.0,FEV,2025-02-01,1.0,TER,False,15.0,TARDE
2025-02-11,Indeterminada,CRIMES CONTRA PATRIMÔNIO,CRIMES CONTRA PATRIMÔNIO: ROUBO: EM RESIDÊNCIA/CONDOMÍNIO,ES,SAO MATEUS,BAMBURRAL,RESIDÊNCIA,roubos,patrimonial,2025.0,2.0,FEV,2025-02-01,1.0,TER,False,,
2025-02-11,21:07:00,CRIMES CONTRA PATRIMÔNIO,CRIMES CONTRA PATRIMÔNIO: ROUBO: EM RESIDÊNCIA/CONDOMÍNIO,ES,MARATAIZES,CENTRO,RESIDÊNCIA,roubos,patrimonial,2025.0,2.0,FEV,2025-02-01,1.0,TER,False,21.0,NOITE
2025-02-12,07:45:00,CRIMES CONTRA PATRIMÔNIO,CRIMES CONTRA PATRIMÔNIO: ROUBO: A PESSOA EM VIA PÚBLICA,ES,CARIACICA,JARDIM AMERICA,VIA PÚBLICA,roubos,patrimonial,2025.0,2.0,FEV,2025-02-01,2.0,QUA,False,7.0,MANHA
2025-02-12,13:35:00,CRIMES CONTRA PATRIMÔNIO,CRIMES CONTRA PATRIMÔNIO: ROUBO: A PESSOA EM VIA PÚBLICA,ES,SERRA,CASTELANDIA,VIA PÚBLICA,roubos,patrimonial,2025.0,2.0,FEV,2025-02-01,2.0,QUA,False,13.0,TARDE
2025-02-12,04:30:00,CRIMES CONTRA PATRIMÔNIO,CRIMES CONTRA PATRIMÔNIO: ROUBO: A PESSOA EM VIA PÚBLICA,ES,CARIACICA,MUCURI,VIA PÚBLICA,roubos,patrimonial,2025.0,2.0,FEV,2025-02-01,2.0,QUA,False,4.0,MADRUGADA
2025-02-12,05:40:00,CRIMES CONTRA PATRIMÔNIO,CRIMES CONTRA PATRIMÔNIO: ROUBO: A PESSOA EM VIA PÚBLICA,ES,CARIACICA,SANTO ANDRE,VIA PÚBLICA,roubos,patrimonial,2025.0,2.0,FEV,2025-02-01,2.0,QUA,False,5.0,MADRUGADA
2025-02-12,09:20:00,CRIMES CONTRA PATRIMÔNIO,CRIMES CONTRA PATRIMÔNIO: ROUBO: A PESSOA EM VIA PÚBLICA,ES,CARIACICA,TABAJARA,VIA PÚBLICA,roubos,patrimonial,2025.0,2.0,FEV,2025-02-01,2.0,QUA,False,9.0,MANHA
2025-02-12,20:20:00,CRIMES CONTRA PATRIMÔNIO,CRIMES CONTRA PATRIMÔNIO: ROUBO: A PESSOA EM VIA PÚBLICA,ES,SERRA,NOVA CARAPINA I,VIA PÚBLICA,roubos,patrimonial,2025.0,2.0,FEV,2025-02-01,2.0,QUA,False,20.0,NOITE
2025-02-12,21:00:00,CRIMES CONTRA PATRIMÔNIO,CRIMES CONTRA PATRIMÔNIO: ROUBO: A PESSOA EM VIA PÚBLICA,ES,VILA VELHA,JOCKEY DE ITAPARICA,VIA PÚBLICA,roubos,patrimonial,2025.0,2.0,FEV,2025-02-01,2.0,QUA,False,21.0,NOITE
2025-02-12,19:00:00,CRIMES CONTRA PATRIMÔNIO,CRIMES CONTRA PATRIMÔNIO: ROUBO: A PESSOA EM VIA PÚBLICA,ES,VILA VELHA,ATAIDE,VIA PÚBLICA,roubos,patrimonial,2025.0,2.0,FEV,2025-02-01,2.0,QUA,False,19.0,NOITE
2025-02-12,08:30:00,CRIMES CONTRA PATRIMÔNIO,CRIMES CONTRA PATRIMÔNIO: ROUBO: A PESSOA EM VIA PÚBLICA,ES,SERRA,SAO PATRICIO,VIA PÚBLICA,roubos,patrimonial,2025.0,2.0,FEV,2025-02-01,2.0,QUA,False,8.0,MANHA
2025-02-12,18:15:00,CRIMES CONTRA PATRIMÔNIO,CRIMES CONTRA PATRIMÔNIO: ROUBO: A PESSOA EM VIA PÚBLICA,ES,SERRA,VALPARAISO,OUTRO LOCAL,roubos,patrimonial,2025.0,2.0,FEV,2025-02-01,2.0,QUA,False,18.0,NOITE
2025-02-12,06:40:00,CRIMES CONTRA PATRIMÔNIO,CRIMES CONTRA PATRIMÔNIO: ROUBO: A PESSOA EM VIA PÚBLICA,ES,CARIACICA,CAMPO GRANDE,VIA PÚBLICA,roubos,patrimonial,2025.0,2.0,FEV,2025-02-01,2.0,QUA,False,6.0,MANHA
2025-02-12,17:30:00,CRIMES CONTRA PATRIMÔNIO,CRIMES CONTRA PATRIMÔNIO: ROUBO: A PESSOA EM VIA PÚBLICA,ES,VITORIA,PARQUE MOSCOSO,VIA PÚBLICA,roubos,patrimonial,2025.0,2.0,FEV,2025-02-01,2.0,QUA,False,17.0,TARDE
2025-02-12,21:00:00,CRIMES CONTRA PATRIMÔNIO,CRIMES CONTRA PATRIMÔNIO: ROUBO: A PESSOA EM VIA PÚBLICA,ES,VITORIA,SOLON BORGES,VIA PÚBLICA,roubos,patrimonial,2025.0,2.0,FEV,2025-02-01,2.0,QUA,False,21.0,NOITE
2025-02-12,09:50:00,CRIMES CONTRA PATRIMÔNIO,CRIMES CONTRA PATRIMÔNIO: ROUBO: A PESSOA EM VIA PÚBLICA,ES,GUARAPARI,NOVA GUARAPARI,VIA PÚBLICA,roubos,patrimonial,2025.0,2.0,FEV,2025-02-01,2.0,QUA,False,9.0,MANHA
2025-02-12,05:00:00,CRIMES CONTRA PATRIMÔNIO,CRIMES CONTRA PATRIMÔNIO: ROUBO: A PESSOA EM VIA PÚBLICA,ES,VIANA,INDUSTRIAL,VIA PÚBLICA,roubos,patrimonial,2025.0,2.0,FEV,2025-02-01,2.0,QUA,False,5.0,MADRUGADA
2025-02-12,16:30:00,CRIMES CONTRA PATRIMÔNIO,CRIMES CONTRA PATRIMÔNIO: ROUBO: A PESSOA EM VIA PÚBLICA,ES,CARIACICA,CAMPO GRANDE,VIA PÚBLICA,roubos,patrimonial,2025.0,2.0,FEV,2025-02-01,2.0,QUA,False,16.0,TARDE
2025-02-12,Indeterminada,CRIMES CONTRA PATRIMÔNIO,CRIMES CONTRA PATRIMÔNIO: ROUBO: A PESSOA EM VIA PÚBLICA,ES,VILA VELHA,ARACAS,VIA PÚBLICA,roubos,patrimonial,2025.0,2.0,FEV,2025-02-01,2.0,QUA,False,,
2025-02-12,20:00:00,CRIMES CONTRA PATRIMÔNIO,CRIMES CONTRA PATRIMÔNIO: ROUBO: A PESSOA EM VIA PÚBLICA,ES,SERRA,CARAPINA,VIA PÚBLICA,roubos,patrimonial,2025.0,2.0,FEV,2025-02-01,2.0,QUA,False,20.0,NOITE
2025-02-12,16:30:00,CRIMES CONTRA PATRIMÔNIO,CRIMES CONTRA PATRIMÔNIO: ROUBO: A PESSOA EM VIA PÚBLICA,ES,VITORIA,JARDIM DA PENHA,VIA PÚBLICA,roubos,patrimonial,2025.0,2.0,FEV,2025-02-01,2.0,QUA,False,16.0,TARDE
2025-02-12,05:19:00,CRIMES CONTRA PATRIMÔNIO,CRIMES CONTRA PATRIMÔNIO: ROUBO: A PESSOA EM VIA PÚBLICA,ES,CARIACICA,CAMPO GRANDE,VIA PÚBLICA,roubos,patrimonial,2025.0,2.0,FEV,2025-02-01,2.0,QUA,False,5.0,MADRUGADA
2025-02-12,16:48:00,CRIMES CONTRA PATRIMÔNIO,CRIMES CONTRA PATRIMÔNIO: ROUBO: EM TRANSPORTE COLETIVO,ES,VITORIA,CENTRO,TRANSP COLETIVO,roubos,patrimonial,2025.0,2.0,FEV,2025-02-01,2.0,QUA,False,16.0,TARDE
2025-02-12,21:50:00,CRIMES CONTRA PATRIMÔNIO,CRIMES CONTRA PATRIMÔNIO: ROUBO: EM TRANSPORTE COLETIVO,ES,VITORIA,JUCUTUQUARA,TRANSP COLETIVO,roubos,patrimonial,2025.0,2.0,FEV,2025-02-01,2.0,QUA,False,21.0,NOITE
2025-02-12,19:02:00,CRIMES CONTRA PATRIMÔNIO,CRIMES CONTRA PATRIMÔNIO: ROUBO: EM TRANSPORTE COLETIVO,ES,SERRA,CARAPINA I,TRANSP COLETIVO,roubos,patrimonial,2025.0,2.0,FEV,2025-02-01,2.0,QUA,False,19.0,NOITE
2025-02-12,15:00:00,CRIMES CONTRA PATRIMÔNIO,CRIMES CONTRA PATRIMÔNIO: ROUBO: EM RESIDÊNCIA/CONDOMÍNIO,ES,VENDA NOVA DO IMIGRANTE,BANANEIRAS,REPARTICAO PUBLICA,roubos,patrimonial,2025.0,2.0,FEV,2025-02-01,2.0,QUA,False,15.0,TARDE
2025-02-12,20:45:00,CRIMES CONTRA PATRIMÔNIO,CRIMES CONTRA PATRIMÔNIO: ROUBO: EM RESIDÊNCIA/CONDOMÍNIO,ES,JAGUARE,JIRAU,RESIDÊNCIA,roubos,patrimonial,2025.0,2.0,FEV,2025-02-01,2.0,QUA,False,20.0,NOITE
2025-03-01,03:24:00,CRIMES CONTRA PATRIMÔNIO,CRIMES CONTRA PATRIMÔNIO: ROUBO: A PESSOA EM VIA PÚBLICA,ES,CACHOEIRO DE ITAPEMIRIM,OTTON MARINS,VIA PÚBLICA,roubos,patrimonial,2025.0,3.0,MAR,2025-03-01,5.0,SAB,True,3.0,MADRUGADA
2025-03-01,06:21:00,CRIMES CONTRA PATRIMÔNIO,CRIMES CONTRA PATRIMÔNIO: ROUBO: A PESSOA EM VIA PÚBLICA,ES,VILA VELHA,ARACAS,VIA PÚBLICA,roubos,patrimonial,2025.0,3.0,MAR,2025-03-01,5.0,SAB,True,6.0,MANHA
2025-03-01,05:30:00,CRIMES CONTRA PATRIMÔNIO,CRIMES CONTRA PATRIMÔNIO: ROUBO: A PESSOA EM VIA PÚBLICA,ES,VILA VELHA,ARACAS,VIA PÚBLICA,roubos,patrimonial,2025.0,3.0,MAR,2025-03-01,5.0,SAB,True,5.0,MADRUGADA
2025-03-01,05:30:00,CRIMES CONTRA PATRIMÔNIO,CRIMES CONTRA PATRIMÔNIO: ROUBO: A PESSOA EM VIA PÚBLICA,ES,SERRA,ESTANCIA MONAZITICA,VIA PÚBLICA,roubos,patrimonial,2025.0,3.0,MAR,2025-03-01,5.0,SAB,True,5.0,MADRUGADA
2025-03-01,16:00:00,CRIMES CONTRA PATRIMÔNIO,CRIMES CONTRA PATRIMÔNIO: ROUBO: A PESSOA EM VIA PÚBLICA,ES,SERRA,NOVA CARAPINA I,COMÉRCIO,roubos,patrimonial,2025.0,3.0,MAR,2025-03-01,5.0,SAB,True,16.0,TARDE
2025-03-01,00:00:00,CRIMES CONTRA PATRIMÔNIO,CRIMES CONTRA PATRIMÔNIO: ROUBO: A PESSOA EM VIA PÚBLICA,ES,VILA VELHA,CENTRO VILA VELHA,VIA PÚBLICA,roubos,patrimonial,2025.0,3.0,MAR,2025-03-01,5.0,SAB,True,0.0,MADRUGADA
2025-03-01,20:15:00,CRIMES CONTRA PATRIMÔNIO,CRIMES CONTRA PATRIMÔNIO: ROUBO: A PESSOA EM VIA PÚBLICA,ES,VILA VELHA,CENTRO VILA VELHA,VIA PÚBLICA,roubos,patrimonial,2025.0,3.0,MAR,2025-03-01,5.0,SAB,True,20.0,NOITE
2025-03-01,21:20:00,CRIMES CONTRA PATRIMÔNIO,CRIMES CONTRA PATRIMÔNIO: ROUBO: A PESSOA EM VIA PÚBLICA,ES,VITORIA,ENSEADA DO SUA,VIA PÚBLICA,roubos,patrimonial,2025.0,3.0,MAR,2025-03-01,5.0,SAB,True,21.0,NOITE
2025-03-01,05:30:00,CRIMES CONTRA PATRIMÔNIO,CRIMES CONTRA PATRIMÔNIO: ROUBO: A PESSOA EM VIA PÚBLICA,ES,PIUMA,UNIAO,VIA PÚBLICA,roubos,patrimonial,2025.0,3.0,MAR,2025-03-01,5.0,SAB,True,5.0,MADRUGADA
2025-03-01,Indeterminada,CRIMES CONTRA PATRIMÔNIO,CRIMES CONTRA PATRIMÔNIO: ROUBO: A PESSOA EM VIA PÚBLICA,ES,CARIACICA,ITACIBA,VIA PÚBLICA,roubos,patrimonial,2025.0,3.0,MAR,2025-03-01,5.0,SAB,True,,
2025-03-01,Indeterminada,CRIMES CONTRA PATRIMÔNIO,CRIMES CONTRA PATRIMÔNIO: ROUBO: A PESSOA EM VIA PÚBLICA,ES,CARIACICA,CAMPO GRANDE,COMÉRCIO,roubos,patrimonial,2025.0,3.0,MAR,2025-03-01,5.0,SAB,True,,
2025-03-01,09:00:00,CRIMES CONTRA PATRIMÔNIO,CRIMES CONTRA PATRIMÔNIO: ROUBO: A PESSOA EM VIA PÚBLICA,ES,VILA VELHA,ULISSES GUIMARAES,VIA PÚBLICA,roubos,patrimonial,2025.0,3.0,MAR,2025-03-01,5.0,SAB,True,9.0,MANHA
2025-03-01,05:30:00,CRIMES CONTRA PATRIMÔNIO,CRIMES CONTRA PATRIMÔNIO: ROUBO: A PESSOA EM VIA PÚBLICA,ES,VILA VELHA,ARACAS,RODOVIA ESTADUAL,roubos,patrimonial,2025.0,3.0,MAR,2025-03-01,5.0,SAB,True,5.0,MADRUGADA
2025-03-01,05:51:00,CRIMES CONTRA PATRIMÔNIO,CRIMES CONTRA PATRIMÔNIO: ROUBO: A PESSOA EM VIA PÚBLICA,ES,VILA VELHA,ARACAS,VIA PÚBLICA,roubos,patrimonial,2025.0,3.0,MAR,2025-03-01,5.0,SAB,True,5.0,MADRUGADA
2025-03-01,21:00:00,CRIMES CONTRA PATRIMÔNIO,CRIMES CONTRA PATRIMÔNIO: ROUBO: A PESSOA EM VIA PÚBLICA,ES,VITORIA,VILA RUBIM,CASA DE SHOW/EVENTOS,roubos,patrimonial,2025.0,3.0,MAR,2025-03-01,5.0,SAB,True,21.0,NOITE
2025-03-01,21:30:00,CRIMES CONTRA PATRIMÔNIO,CRIMES CONTRA PATRIMÔNIO: ROUBO: A PESSOA EM VIA PÚBLICA,ES,VITORIA,ENSEADA DO SUA,VIA PÚBLICA,roubos,patrimonial,2025.0,3.0,MAR,2025-03-01,5.0,SAB,True,21.0,NOITE
2025-03-01,21:30:00,CRIMES CONTRA PATRIMÔNIO,CRIMES CONTRA PATRIMÔNIO: ROUBO: A PESSOA EM VIA PÚBLICA,ES,VILA VELHA,NOVA PONTA DA FRUTA,VIA PÚBLICA,roubos,patrimonial,2025.0,3.0,MAR,2025-03-01,5.0,SAB,True,21.0,NOITE
2025-03-01,19:20:00,CRIMES CONTRA PATRIMÔNIO,CRIMES CONTRA PATRIMÔNIO: ROUBO: A PESSOA EM VIA PÚBLICA,ES,VITORIA,CENTRO,VIA PÚBLICA,roubos,patrimonial,2025.0,3.0,MAR,2025-03-01,5.0,SAB,True,19.0,NOITE
2025-03-01,18:00:00,CRIMES CONTRA PATRIMÔNIO,CRIMES CONTRA PATRIMÔNIO: ROUBO: A PESSOA EM VIA PÚBLICA,ES,VITORIA,CENTRO,VIA PÚBLICA,roubos,patrimonial,2025.0,3.0,MAR,2025-03-01,5.0,SAB,True,18.0,NOITE
2025-03-01,19:00:00,CRIMES CONTRA PATRIMÔNIO,CRIMES CONTRA PATRIMÔNIO: ROUBO: A PESSOA EM VIA PÚBLICA,ES,VITORIA,MARIO CYPRESTE,SAMBODROMO,roubos,patrimonial,2025.0,3.0,MAR,2025-03-01,5.0,SAB,True,19.0,NOITE
2025-03-01,12:00:00,CRIMES CONTRA PATRIMÔNIO,CRIMES CONTRA PATRIMÔNIO: ROUBO: A PESSOA EM VIA PÚBLICA,ES,SERRA,FEU ROSA,VIA PÚBLICA,roubos,patrimonial,2025.0,3.0,MAR,2025-03-01,5.0,SAB,True,12.0,TARDE
2025-03-01,20:30:00,CRIMES CONTRA PATRIMÔNIO,CRIMES CONTRA PATRIMÔNIO: ROUBO: A PESSOA EM VIA PÚBLICA,ES,SERRA,PARQUE RESIDENCIAL LARANJEIRAS,VIA PÚBLICA,roubos,patrimonial,2025.0,3.0,MAR,2025-03-01,5.0,SAB,True,20.0,NOITE
2025-03-01,20:00:00,CRIMES CONTRA PATRIMÔNIO,CRIMES CONTRA PATRIMÔNIO: ROUBO: A PESSOA EM VIA PÚBLICA,ES,VITORIA,CENTRO,VIA PÚBLICA,roubos,patrimonial,2025.0,3.0,MAR,2025-03-01,5.0,SAB,True,20.0,NOITE
2025-03-01,Indeterminada,CRIMES CONTRA PATRIMÔNIO,CRIMES CONTRA PATRIMÔNIO: ROUBO: A PESSOA EM VIA PÚBLICA,ES,CARIACICA,CARIACICA SEDE,VIA PÚBLICA,roubos,patrimonial,2025.0,3.0,MAR,2025-03-01,5.0,SAB,True,,
2025-03-01,14:00:00,CRIMES CONTRA PATRIMÔNIO,CRIMES CONTRA PATRIMÔNIO: ROUBO: A PESSOA EM VIA PÚBLICA,ES,SERRA,PLANALTO SERRANO,ESCOLA,roubos,patrimonial,2025.0,3.0,MAR,2025-03-01,5.0,SAB,True,14.0,TARDE
2025-03-01,Indeterminada,CRIMES CONTRA PATRIMÔNIO,CRIMES CONTRA PATRIMÔNIO: ROUBO: A PESSOA EM VIA PÚBLICA,ES,SERRA,ZONA RURAL,VIA PÚBLICA,roubos,patrimonial,2025.0,3.0,MAR,2025-03-01,5.0,SAB,True,,
2025-03-01,02:02:00,CRIMES CONTRA PATRIMÔNIO,CRIMES CONTRA PATRIMÔNIO: ROUBO: EM TRANSPORTE COLETIVO,ES,SERRA,JARDIM TROPICAL,RODOVIA FEDERAL,roubos,patrimonial,2025.0,3.0,MAR,2025-03-01,5.0,SAB,True,2.0,MADRUGADA
2025-03-01,01:55:00,CRIMES CONTRA PATRIMÔNIO,CRIMES CONTRA PATRIMÔNIO: ROUBO: EM TRANSPORTE COLETIVO,ES,SERRA,JARDIM TROPICAL,TRANSP COLETIVO,roubos,patrimonial,2025.0,3.0,MAR,2025-03-01,5.0,SAB,True,1.0,MADRUGADA
2025-03-01,01:55:00,CRIMES CONTRA PATRIMÔNIO,CRIMES CONTRA PATRIMÔNIO: ROUBO: EM TRANSPORTE COLETIVO,ES,SERRA,JARDIM TROPICAL,TRANSP COLETIVO,roubos,patrimonial,2025.0,3.0,MAR,2025-03-01,5.0,SAB,True,1.0,MADRUGADA
2025-03-01,22:30:00,CRIMES CONTRA PATRIMÔNIO,CRIMES CONTRA PATRIMÔNIO: ROUBO: EM TRANSPORTE COLETIVO,ES,SERRA,CENTRAL CARAPINA,TRANSP COLETIVO,roubos,patrimonial,2025.0,3.0,MAR,2025-03-01,5.0,SAB,True,22.0,NOITE
2025-03-01,22:20:00,CRIMES CONTRA PATRIMÔNIO,CRIMES CONTRA PATRIMÔNIO: ROUBO: EM TRANSPORTE COLETIVO,ES,SERRA,CARAPINA GRANDE,TRANSP COLETIVO,roubos,patrimonial,2025.0,3.0,MAR,2025-03-01,5.0,SAB,True,22.0,NOITE
2025-03-01,22:15:00,CRIMES CONTRA PATRIMÔNIO,CRIMES CONTRA PATRIMÔNIO: ROUBO: EM TRANSPORTE COLETIVO,ES,SERRA,COLINA DE LARANJEIRAS,TRANSP COLETIVO,roubos,patrimonial,2025.0,3.0,MAR,2025-03-01,5.0,SAB,True,22.0,NOITE
2025-03-02,04:40:00,CRIMES CONTRA PATRIMÔNIO,CRIMES CONTRA PATRIMÔNIO: ROUBO: A PESSOA EM VIA PÚBLICA,ES,VIANA,AREINHA,VIA PÚBLICA,roubos,patrimonial,2025.0,3.0,MAR,2025-03-01,6.0,DOM,True,4.0,MADRUGADA
2025-03-02,17:30:00,CRIMES CONTRA PATRIMÔNIO,CRIMES CONTRA PATRIMÔNIO: ROUBO: A PESSOA EM VIA PÚBLICA,ES,FUNDAO,PRAIA GRANDE,VIA PÚBLICA,roubos,patrimonial,2025.0,3.0,MAR,2025-03-01,6.0,DOM,True,17.0,TARDE
2025-03-02,05:00:00,CRIMES CONTRA PATRIMÔNIO,CRIMES CONTRA PATRIMÔNIO: ROUBO: A PESSOA EM VIA PÚBLICA,ES,SERRA,BELVEDERE,VIA PÚBLICA,roubos,patrimonial,2025.0,3.0,MAR,2025-03-01,6.0,DOM,True,5.0,MADRUGADA
2025-03-02,17:10:00,CRIMES CONTRA PATRIMÔNIO,CRIMES CONTRA PATRIMÔNIO: ROUBO: A PESSOA EM VIA PÚBLICA,ES,FUNDAO,PRAIA GRANDE,VIA PÚBLICA,roubos,patrimonial,2025.0,3.0,MAR,2025-03-01,6.0,DOM,True,17.0,TARDE
2025-03-02,22:20:00,CRIMES CONTRA PATRIMÔNIO,CRIMES CONTRA PATRIMÔNIO: ROUBO: A PESSOA EM VIA PÚBLICA,ES,GUARAPARI,IPIRANGA,VIA PÚBLICA,roubos,patrimonial,2025.0,3.0,MAR,2025-03-01,6.0,DOM,True,22.0,NOITE
2025-03-02,20:00:00,CRIMES CONTRA PATRIMÔNIO,CRIMES CONTRA PATRIMÔNIO: ROUBO: A PESSOA EM VIA PÚBLICA,ES,VITORIA,CENTRO,VIA PÚBLICA,roubos,patrimonial,2025.0,3.0,MAR,2025-03-01,6.0,DOM,True,20.0,NOITE
2025-03-02,03:30:00,CRIMES CONTRA PATRIMÔNIO,CRIMES CONTRA PATRIMÔNIO: ROUBO: A PESSOA EM VIA PÚBLICA,ES,GUARAPARI,SAO JUDAS TADEU,VIA PÚBLICA,roubos,patrimonial,2025.0,3.0,MAR,2025-03-01,6.0,DOM,True,3.0,MADRUGADA
2025-03-02,17:50:00,CRIMES CONTRA PATRIMÔNIO,CRIMES CONTRA PATRIMÔNIO: ROUBO: A PESSOA EM VIA PÚBLICA,ES,CARIACICA,ROSA DA PENHA,VIA PÚBLICA,roubos,patrimonial,2025.0,3.0,MAR,2025-03-01,6.0,DOM,True,17.0,TARDE
2025-03-02,18:30:00,CRIMES CONTRA PATRIMÔNIO,CRIMES CONTRA PATRIMÔNIO: ROUBO: A PESSOA EM VIA PÚBLICA,ES,SERRA,BAIRRO DAS LARANJEIRAS,VIA PÚBLICA,roubos,patrimonial,2025.0,3.0,MAR,2025-03-01,6.0,DOM,True,18.0,NOITE
2025-03-02,20:30:00,CRIMES CONTRA PATRIMÔNIO,CRIMES CONTRA PATRIMÔNIO: ROUBO: A PESSOA EM VIA PÚBLICA,ES,SERRA,CARAPINA,VIA PÚBLICA,roubos,patrimonial,2025.0,3.0,MAR,2025-03-01,6.0,DOM,True,20.0,NOITE
2025-03-02,18:00:00,CRIMES CONTRA PATRIMÔNIO,CRIMES CONTRA PATRIMÔNIO: ROUBO: A PESSOA EM VIA PÚBLICA,ES,VITORIA,CENTRO,VIA PÚBLICA,roubos,patrimonial,2025.0,3.0,MAR,2025-03-01,6.0,DOM,True,18.0,NOITE
2025-03-02,18:30:00,CRIMES CONTRA PATRIMÔNIO,CRIMES CONTRA PATRIMÔNIO: ROUBO: A PESSOA EM VIA PÚBLICA,ES,VITORIA,CENTRO,VIA PÚBLICA,roubos,patrimonial,2025.0,3.0,MAR,2025-03-01,6.0,DOM,True,18.0,NOITE
2025-03-02,23:00:00,CRIMES CONTRA PATRIMÔNIO,CRIMES CONTRA PATRIMÔNIO: ROUBO: A PESSOA EM VIA PÚBLICA,ES,SERRA,SAO LOURENCO,VIA PÚBLICA,roubos,patrimonial,2025.0,3.0,MAR,2025-03-01,6.0,DOM,True,23.0,NOITE
2025-03-02,19:40:00,CRIMES CONTRA PATRIMÔNIO,CRIMES CONTRA PATRIMÔNIO: ROUBO: A PESSOA EM VIA PÚBLICA,ES,CARIACICA,JARDIM BOTANICO,VIA PÚBLICA,roubos,patrimonial,2025.0,3.0,MAR,2025-03-01,6.0,DOM,True,19.0,NOITE
2025-03-02,11:30:00,CRIMES CONTRA PATRIMÔNIO,CRIMES CONTRA PATRIMÔNIO: ROUBO: A PESSOA EM VIA PÚBLICA,ES,CARIACICA,PORTO DE SANTANA,VIA PÚBLICA,roubos,patrimonial,2025.0,3.0,MAR,2025-03-01,6.0,DOM,True,11.0,MANHA
2025-03-02,18:40:00,CRIMES CONTRA PATRIMÔNIO,CRIMES CONTRA PATRIMÔNIO: ROUBO: A PESSOA EM VIA PÚBLICA,ES,VITORIA,CENTRO,VIA PÚBLICA,roubos,patrimonial,2025.0,3.0,MAR,2025-03-01,6.0,DOM,True,18.0,NOITE
2025-03-02,21:59:00,CRIMES CONTRA PATRIMÔNIO,CRIMES CONTRA PATRIMÔNIO: ROUBO: A PESSOA EM VIA PÚBLICA,ES,VILA VELHA,PRAIA DA COSTA,VIA PÚBLICA,roubos,patrimonial,2025.0,3.0,MAR,2025-03-01,6.0,DOM,True,21.0,NOITE
2025-03-02,20:45:00,CRIMES CONTRA PATRIMÔNIO,CRIMES CONTRA PATRIMÔNIO: ROUBO: A PESSOA EM VIA PÚBLICA,ES,VILA VELHA,PONTA DA FRUTA,VIA PÚBLICA,roubos,patrimonial,2025.0,3.0,MAR,2025-03-01,6.0,DOM,True,20.0,NOITE
2025-03-02,18:55:00,CRIMES CONTRA PATRIMÔNIO,CRIMES CONTRA PATRIMÔNIO: ROUBO: A PESSOA EM VIA PÚBLICA,ES,VILA VELHA,BARRA DO JUCU,VIA PÚBLICA,roubos,patrimonial,2025.0,3.0,MAR,2025-03-01,6.0,DOM,True,18.0,NOITE
2025-03-02,12:00:00,CRIMES CONTRA PATRIMÔNIO,CRIMES CONTRA PATRIMÔNIO: ROUBO: A PESSOA EM VIA PÚBLICA,ES,VITORIA,CENTRO,VIA PÚBLICA,roubos,patrimonial,2025.0,3.0,MAR,2025-03-01,6.0,DOM,True,12.0,TARDE
2025-03-02,13:00:00,CRIMES CONTRA PATRIMÔNIO,CRIMES CONTRA PATRIMÔNIO: ROUBO: A PESSOA EM VIA PÚBLICA,ES,SERRA,JOSE DE ANCHIETA II,VIA PÚBLICA,roubos,patrimonial,2025.0,3.0,MAR,2025-03-01,6.0,DOM,True,13.0,TARDE
2025-03-02,16:20:00,CRIMES CONTRA PATRIMÔNIO,CRIMES CONTRA PATRIMÔNIO: ROUBO: A PESSOA EM VIA PÚBLICA,ES,VITORIA,SAO PEDRO,VIA PÚBLICA,roubos,patrimonial,2025.0,3.0,MAR,2025-03-01,6.0,DOM,True,16.0,TARDE
2025-03-02,13:30:00,CRIMES CONTRA PATRIMÔNIO,CRIMES CONTRA PATRIMÔNIO: ROUBO: A PESSOA EM VIA PÚBLICA,ES,VITORIA,CENTRO,VIA PÚBLICA,roubos,patrimonial,2025.0,3.0,MAR,2025-03-01,6.0,DOM,True,13.0,TARDE
2025-03-02,19:00:00,CRIMES CONTRA PATRIMÔNIO,CRIMES CONTRA PATRIMÔNIO: ROUBO: A PESSOA EM VIA PÚBLICA,ES,VILA VELHA,DIVINO ESPIRITO SANTO,VIA PÚBLICA,roubos,patrimonial,2025.0,3.0,MAR,2025-03-01,6.0,DOM,True,19.0,NOITE
2025-03-02,19:00:00,CRIMES CONTRA PATRIMÔNIO,CRIMES CONTRA PATRIMÔNIO: ROUBO: A PESSOA EM VIA PÚBLICA,ES,VITORIA,CENTRO,VIA PÚBLICA,roubos,patrimonial,2025.0,3.0,MAR,2025-03-01,6.0,DOM,True,19.0,NOITE
2025-03-02,11:30:00,CRIMES CONTRA PATRIMÔNIO,CRIMES CONTRA PATRIMÔNIO: ROUBO: A PESSOA EM VIA PÚBLICA,ES,VITORIA,SAO PEDRO,VIA PÚBLICA,roubos,patrimonial,2025.0,3.0,MAR,2025-03-01,6.0,DOM,True,11.0,MANHA
2025-03-02,10:00:00,CRIMES CONTRA PATRIMÔNIO,CRIMES CONTRA PATRIMÔNIO: ROUBO: A PESSOA EM VIA PÚBLICA,ES,CARIACICA,CAMPO GRANDE,VIA PÚBLICA,roubos,patrimonial,2025.0,3.0,MAR,2025-03-01,6.0,DOM,True,10.0,MANHA
2025-03-02,22:00:00,CRIMES CONTRA PATRIMÔNIO,CRIMES CONTRA PATRIMÔNIO: ROUBO: A PESSOA EM VIA PÚBLICA,ES,CARIACICA,ITACIBA,VIA PÚBLICA,roubos,patrimonial,2025.0,3.0,MAR,2025-03-01,6.0,DOM,True,22.0,NOITE
2025-03-02,18:30:00,CRIMES CONTRA PATRIMÔNIO,CRIMES CONTRA PATRIMÔNIO: ROUBO: A PESSOA EM VIA PÚBLICA,ES,CACHOEIRO DE ITAPEMIRIM,ZUMBI,COMÉRCIO,roubos,patrimonial,2025.0,3.0,MAR,2025-03-01,6.0,DOM,True,18.0,NOITE
2025-03-02,13:00:00,CRIMES CONTRA PATRIMÔNIO,CRIMES CONTRA PATRIMÔNIO: ROUBO: A PESSOA EM VIA PÚBLICA,ES,VITORIA,CENTRO,VIA PÚBLICA,roubos,patrimonial,2025.0,3.0,MAR,2025-03-01,6.0,DOM,True,13.0,TARDE
2025-03-02,19:00:00,CRIMES CONTRA PATRIMÔNIO,CRIMES CONTRA PATRIMÔNIO: ROUBO: A PESSOA EM VIA PÚBLICA,ES,VITORIA,CENTRO,VIA PÚBLICA,roubos,patrimonial,2025.0,3.0,MAR,2025-03-01,6.0,DOM,True,19.0,NOITE
2025-03-02,21:40:00,CRIMES CONTRA PATRIMÔNIO,CRIMES CONTRA PATRIMÔNIO: ROUBO: A PESSOA EM VIA PÚBLICA,ES,VILA VELHA,PRAIA DA COSTA,VIA PÚBLICA,roubos,patrimonial,2025.0,3.0,MAR,2025-03-01,6.0,DOM,True,21.0,NOITE
2025-03-02,15:00:00,CRIMES CONTRA PATRIMÔNIO,CRIMES CONTRA PATRIMÔNIO: ROUBO: A PESSOA EM VIA PÚBLICA,ES,CARIACICA,CAMPO GRANDE,VIA PÚBLICA,roubos,patrimonial,2025.0,3.0,MAR,2025-03-01,6.0,DOM,True,15.0,TARDE
2025-03-02,01:00:00,CRIMES CONTRA PATRIMÔNIO,CRIMES CONTRA PATRIMÔNIO: ROUBO: A PESSOA EM VIA PÚBLICA,ES,VILA VELHA,SAO TORQUATO,VIA PÚBLICA,roubos,patrimonial,2025.0,3.0,MAR,2025-03-01,6.0,DOM,True,1.0,MADRUGADA
2025-03-02,19:30:00,CRIMES CONTRA PATRIMÔNIO,CRIMES CONTRA PATRIMÔNIO: ROUBO: A PESSOA EM VIA PÚBLICA,ES,SERRA,CARAPINA GRANDE,VEÍCULO,roubos,patrimonial,2025.0,3.0,MAR,2025-03-01,6.0,DOM,True,19.0,NOITE
2025-03-02,01:30:00,CRIMES CONTRA PATRIMÔNIO,CRIMES CONTRA PATRIMÔNIO: ROUBO: A PESSOA EM VIA PÚBLICA,ES,SERRA,JARDIM LIMOEIRO,VIA PÚBLICA,roubos,patrimonial,2025.0,3.0,MAR,2025-03-01,6.0,DOM,True,1.0,MADRUGADA
2025-03-02,19:27:00,CRIMES CONTRA PATRIMÔNIO,CRIMES CONTRA PATRIMÔNIO: ROUBO: A PESSOA EM VIA PÚBLICA,ES,SERRA,CARAPINA I,TRANSP COLETIVO,roubos,patrimonial,2025.0,3.0,MAR,2025-03-01,6.0,DOM,True,19.0,NOITE
2025-03-02,22:30:00,CRIMES CONTRA PATRIMÔNIO,CRIMES CONTRA PATRIMÔNIO: ROUBO: A PESSOA EM VIA PÚBLICA,ES,VITORIA,CENTRO,VIA PÚBLICA,roubos,patrimonial,2025.0,3.0,MAR,2025-03-01,6.0,DOM,True,22.0,NOITE
2025-03-02,16:00:00,CRIMES CONTRA PATRIMÔNIO,CRIMES CONTRA PATRIMÔNIO: ROUBO: A PESSOA EM VIA PÚBLICA,ES,VITORIA,CENTRO,VIA PÚBLICA,roubos,patrimonial,2025.0,3.0,MAR,2025-03-01,6.0,DOM,True,16.0,TARDE
2025-03-02,16:30:00,CRIMES CONTRA PATRIMÔNIO,CRIMES CONTRA PATRIMÔNIO: ROUBO: A PESSOA EM VIA PÚBLICA,ES,VITORIA,CENTRO,VIA PÚBLICA,roubos,patrimonial,2025.0,3.0,MAR,2025-03-01,6.0,DOM,True,16.0,TARDE
2025-03-02,21:42:00,CRIMES CONTRA PATRIMÔNIO,CRIMES CONTRA PATRIMÔNIO: ROUBO: EM TRANSPORTE COLETIVO,ES,SERRA,BAIRRO DE FATIMA,TRANSP COLETIVO,roubos,patrimonial,2025.0,3.0,MAR,2025-03-01,6.0,DOM,True,21.0,NOITE
2025-03-02,21:50:00,CRIMES CONTRA PATRIMÔNIO,CRIMES CONTRA PATRIMÔNIO: ROUBO: EM TRANSPORTE COLETIVO,ES,SERRA,ROSARIO DE FATIMA,TRANSP COLETIVO,roubos,patrimonial,2025.0,3.0,MAR,2025-03-01,6.0,DOM,True,21.0,NOITE
2025-03-02,22:00:00,CRIMES CONTRA PATRIMÔNIO,CRIMES CONTRA PATRIMÔNIO: ROUBO: EM TRANSPORTE COLETIVO,ES,SERRA,ROSARIO DE FATIMA,TRANSP COLETIVO,roubos,patrimonial,2025.0,3.0,MAR,2025-03-01,6.0,DOM,True,22.0,NOITE
2025-03-02,21:42:00,CRIMES CONTRA PATRIMÔNIO,CRIMES CONTRA PATRIMÔNIO: ROUBO: EM TRANSPORTE COLETIVO,ES,SERRA,CARAPINA I,VIA PÚBLICA,roubos,patrimonial,2025.0,3.0,MAR,2025-03-01,6.0,DOM,True,21.0,NOITE
2025-03-02,13:59:00,CRIMES CONTRA PATRIMÔNIO,CRIMES CONTRA PATRIMÔNIO: ROUBO: EM ESTABELECIMENTO COMERCIAL,ES,ITAPEMIRIM,GARRAFAO,COMÉRCIO,roubos,patrimonial,2025.0,3.0,MAR,2025-03-01,6.0,DOM,True,13.0,TARDE
2025-03-02,18:35:00,CRIMES CONTRA PATRIMÔNIO,CRIMES CONTRA PATRIMÔNIO: ROUBO: EM ESTABELECIMENTO COMERCIAL,ES,VITORIA,PRAIA DO SUA,COMÉRCIO,roubos,patrimonial,2025.0,3.0,MAR,2025-03-01,6.0,DOM,True,18.0,NOITE
2025-03-03,04:50:00,CRIMES CONTRA PATRIMÔNIO,CRIMES CONTRA PATRIMÔNIO: ROUBO: A PESSOA EM VIA PÚBLICA,ES,SERRA,CIVIT II,VIA PÚBLICA,roubos,patrimonial,2025.0,3.0,MAR,2025-03-01,0.0,SEG,False,4.0,MADRUGADA
2025-03-03,09:00:00,CRIMES CONTRA PATRIMÔNIO,CRIMES CONTRA PATRIMÔNIO: ROUBO: A PESSOA EM VIA PÚBLICA,ES,SERRA,JARDIM LIMOEIRO,VIA PÚBLICA,roubos,patrimonial,2025.0,3.0,MAR,2025-03-01,0.0,SEG,False,9.0,MANHA
2025-03-03,13:50:00,CRIMES CONTRA PATRIMÔNIO,CRIMES CONTRA PATRIMÔNIO: ROUBO: A PESSOA EM VIA PÚBLICA,ES,CACHOEIRO DE ITAPEMIRIM,CENTRO,VIA PÚBLICA,roubos,patrimonial,2025.0,3.0,MAR,2025-03-01,0.0,SEG,False,13.0,TARDE
2025-03-03,02:30:00,CRIMES CONTRA PATRIMÔNIO,CRIMES CONTRA PATRIMÔNIO: ROUBO: A PESSOA EM VIA PÚBLICA,ES,GUARAPARI,CENTRO,VIA PÚBLICA,roubos,patrimonial,2025.0,3.0,MAR,2025-03-01,0.0,SEG,False,2.0,MADRUGADA
2025-03-03,14:30:00,CRIMES CONTRA PATRIMÔNIO,CRIMES CONTRA PATRIMÔNIO: ROUBO: A PESSOA EM VIA PÚBLICA,ES,VILA VELHA,COQUEIRAL DE ITAPARICA,VIA PÚBLICA,roubos,patrimonial,2025.0,3.0,MAR,2025-03-01,0.0,SEG,False,14.0,TARDE
2025-03-03,15:00:00,CRIMES CONTRA PATRIMÔNIO,CRIMES CONTRA PATRIMÔNIO: ROUBO: A PESSOA EM VIA PÚBLICA,ES,CARIACICA,SANTO ANDRE,VIA PÚBLICA,roubos,patrimonial,2025.0,3.0,MAR,2025-03-01,0.0,SEG,False,15.0,TARDE
2025-03-03,18:30:00,CRIMES CONTRA PATRIMÔNIO,CRIMES CONTRA PATRIMÔNIO: ROUBO: A PESSOA EM VIA PÚBLICA,ES,CARIACICA,CRUZEIRO DO SUL,VIA PÚBLICA,roubos,patrimonial,2025.0,3.0,MAR,2025-03-01,0.0,SEG,False,18.0,NOITE
2025-03-03,18:50:00,CRIMES CONTRA PATRIMÔNIO,CRIMES CONTRA PATRIMÔNIO: ROUBO: A PESSOA EM VIA PÚBLICA,ES,VILA VELHA,ATAIDE,VIA PÚBLICA,roubos,patrimonial,2025.0,3.0,MAR,2025-03-01,0.0,SEG,False,18.0,NOITE
2025-03-03,18:30:00,CRIMES CONTRA PATRIMÔNIO,CRIMES CONTRA PATRIMÔNIO: ROUBO: A PESSOA EM VIA PÚBLICA,ES,CARIACICA,VILA PALESTINA,VIA PÚBLICA,roubos,patrimonial,2025.0,3.0,MAR,2025-03-01,0.0,SEG,False,18.0,NOITE
2025-03-03,23:40:00,CRIMES CONTRA PATRIMÔNIO,CRIMES CONTRA PATRIMÔNIO: ROUBO: A PESSOA EM VIA PÚBLICA,ES,VITORIA,CENTRO,VIA PÚBLICA,roubos,patrimonial,2025.0,3.0,MAR,2025-03-01,0.0,SEG,False,23.0,NOITE
2025-03-03,Indeterminada,CRIMES CONTRA PATRIMÔNIO,CRIMES CONTRA PATRIMÔNIO: ROUBO: A PESSOA EM VIA PÚBLICA,ES,SERRA,JARDIM LIMOEIRO,VIA PÚBLICA,roubos,patrimonial,2025.0,3.0,MAR,2025-03-01,0.0,SEG,False,,
2025-03-03,00:00:00,CRIMES CONTRA PATRIMÔNIO,CRIMES CONTRA PATRIMÔNIO: ROUBO: A PESSOA EM VIA PÚBLICA,ES,VILA VELHA,MORADA DA BARRA,VIA PÚBLICA,roubos,patrimonial,2025.0,3.0,MAR,2025-03-01,0.0,SEG,False,0.0,MADRUGADA
2025-03-03,23:55:00,CRIMES CONTRA PATRIMÔNIO,CRIMES CONTRA PATRIMÔNIO: ROUBO: A PESSOA EM VIA PÚBLICA,ES,VILA VELHA,SAO TORQUATO,VIA PÚBLICA,roubos,patrimonial,2025.0,3.0,MAR,2025-03-01,0.0,SEG,False,23.0,NOITE
2025-03-03,05:50:00,CRIMES CONTRA PATRIMÔNIO,CRIMES CONTRA PATRIMÔNIO: ROUBO: A PESSOA EM VIA PÚBLICA,ES,CARIACICA,ITANGUA,VIA PÚBLICA,roubos,patrimonial,2025.0,3.0,MAR,2025-03-01,0.0,SEG,False,5.0,MADRUGADA
2025-03-03,05:50:00,CRIMES CONTRA PATRIMÔNIO,CRIMES CONTRA PATRIMÔNIO: ROUBO: A PESSOA EM VIA PÚBLICA,ES,CARIACICA,ITANGUA,VIA PÚBLICA,roubos,patrimonial,2025.0,3.0,MAR,2025-03-01,0.0,SEG,False,5.0,MADRUGADA
2025-03-03,21:00:00,CRIMES CONTRA PATRIMÔNIO,CRIMES CONTRA PATRIMÔNIO: ROUBO: A PESSOA EM VIA PÚBLICA,ES,VILA VELHA,GUARANHUNS,VIA PÚBLICA,roubos,patrimonial,2025.0,3.0,MAR,2025-03-01,0.0,SEG,False,21.0,NOITE
2025-03-03,00:00:00,CRIMES CONTRA PATRIMÔNIO,CRIMES CONTRA PATRIMÔNIO: ROUBO: A PESSOA EM VIA PÚBLICA,ES,VILA VELHA,BARRA DO JUCU,VIA PÚBLICA,roubos,patrimonial,2025.0,3.0,MAR,2025-03-01,0.0,SEG,False,0.0,MADRUGADA
2025-03-03,23:50:00,CRIMES CONTRA PATRIMÔNIO,CRIMES CONTRA PATRIMÔNIO: ROUBO: A PESSOA EM VIA PÚBLICA,ES,CONCEICAO DA BARRA,CENTRO,OUTRO LOCAL,roubos,patrimonial,2025.0,3.0,MAR,2025-03-01,0.0,SEG,False,23.0,NOITE
2025-03-03,09:30:00,CRIMES CONTRA PATRIMÔNIO,CRIMES CONTRA PATRIMÔNIO: ROUBO: A PESSOA EM VIA PÚBLICA,ES,VILA VELHA,COBILANDIA,VIA PÚBLICA,roubos,patrimonial,2025.0,3.0,MAR,2025-03-01,0.0,SEG,False,9.0,MANHA
2025-03-03,18:00:00,CRIMES CONTRA PATRIMÔNIO,CRIMES CONTRA PATRIMÔNIO: ROUBO: A PESSOA EM VIA PÚBLICA,ES,SERRA,CENTRO DA SERRA,VIA PÚBLICA,roubos,patrimonial,2025.0,3.0,MAR,2025-03-01,0.0,SEG,False,18.0,NOITE
2025-03-03,23:00:00,CRIMES CONTRA PATRIMÔNIO,CRIMES CONTRA PATRIMÔNIO: ROUBO: A PESSOA EM VIA PÚBLICA,ES,CARIACICA,CARIACICA SEDE,RODOVIA ESTADUAL,roubos,patrimonial,2025.0,3.0,MAR,2025-03-01,0.0,SEG,False,23.0,NOITE
2025-03-03,18:54:00,CRIMES CONTRA PATRIMÔNIO,CRIMES CONTRA PATRIMÔNIO: ROUBO: A PESSOA EM VIA PÚBLICA,ES,CARIACICA,BANDEIRANTES,VIA PÚBLICA,roubos,patrimonial,2025.0,3.0,MAR,2025-03-01,0.0,SEG,False,18.0,NOITE
2025-03-03,17:03:00,CRIMES CONTRA PATRIMÔNIO,CRIMES CONTRA PATRIMÔNIO: ROUBO: A PESSOA EM VIA PÚBLICA,ES,VITORIA,CENTRO,VIA PÚBLICA,roubos,patrimonial,2025.0,3.0,MAR,2025-03-01,0.0,SEG,False,17.0,TARDE
2025-03-03,03:40:00,CRIMES CONTRA PATRIMÔNIO,CRIMES CONTRA PATRIMÔNIO: ROUBO: A PESSOA EM VIA PÚBLICA,ES,VITORIA,ILHA DO PRINCIPE,VIA PÚBLICA,roubos,patrimonial,2025.0,3.0,MAR,2025-03-01,0.0,SEG,False,3.0,MADRUGADA
2025-03-03,21:23:00,CRIMES CONTRA PATRIMÔNIO,CRIMES CONTRA PATRIMÔNIO: ROUBO: A PESSOA EM VIA PÚBLICA,ES,VITORIA,CENTRO,VIA PÚBLICA,roubos,patrimonial,2025.0,3.0,MAR,2025-03-01,0.0,SEG,False,21.0,NOITE
2025-03-03,05:55:00,CRIMES CONTRA PATRIMÔNIO,CRIMES CONTRA PATRIMÔNIO: ROUBO: A PESSOA EM VIA PÚBLICA,ES,CARIACICA,CAMPO VERDE,VIA PÚBLICA,roubos,patrimonial,2025.0,3.0,MAR,2025-03-01,0.0,SEG,False,5.0,MADRUGADA
2025-03-03,23:00:00,CRIMES CONTRA PATRIMÔNIO,CRIMES CONTRA PATRIMÔNIO: ROUBO: A PESSOA EM VIA PÚBLICA,ES,SERRA,MANGUINHOS,VIA PÚBLICA,roubos,patrimonial,2025.0,3.0,MAR,2025-03-01,0.0,SEG,False,23.0,NOITE
2025-03-03,Indeterminada,CRIMES CONTRA PATRIMÔNIO,CRIMES CONTRA PATRIMÔNIO: ROUBO: A PESSOA EM VIA PÚBLICA,ES,LINHARES,OUTRO LOCAL,VIA PÚBLICA,roubos,patrimonial,2025.0,3.0,MAR,2025-03-01,0.0,SEG,False,,
2025-03-03,14:40:00,CRIMES CONTRA PATRIMÔNIO,CRIMES CONTRA PATRIMÔNIO: ROUBO: A PESSOA EM VIA PÚBLICA,ES,ARACRUZ,SEGATO,VIA PÚBLICA,roubos,patrimonial,2025.0,3.0,MAR,2025-03-01,0.0,SEG,False,14.0,TARDE
2025-03-03,03:00:00,CRIMES CONTRA PATRIMÔNIO,CRIMES CONTRA PATRIMÔNIO: ROUBO: A PESSOA EM VIA PÚBLICA,ES,VITORIA,ILHA DO PRINCIPE,VIA PÚBLICA,roubos,patrimonial,2025.0,3.0,MAR,2025-03-01,0.0,SEG,False,3.0,MADRUGADA
2025-03-03,Indeterminada,CRIMES CONTRA PATRIMÔNIO,CRIMES CONTRA PATRIMÔNIO: ROUBO: A PESSOA EM VIA PÚBLICA,ES,LINHARES,CENTRO,VIA PÚBLICA,roubos,patrimonial,2025.0,3.0,MAR,2025-03-01,0.0,SEG,False,,
2025-03-03,01:00:00,CRIMES CONTRA PATRIMÔNIO,CRIMES CONTRA PATRIMÔNIO: ROUBO: A PESSOA EM VIA PÚBLICA,ES,ANCHIETA,CENTRO,OUTRO LOCAL,roubos,patrimonial,2025.0,3.0,MAR,2025-03-01,0.0,SEG,False,1.0,MADRUGADA
2025-03-03,18:54:00,CRIMES CONTRA PATRIMÔNIO,CRIMES CONTRA PATRIMÔNIO: ROUBO: A PESSOA EM VIA PÚBLICA,ES,CARIACICA,SOTELANDIA,VIA PÚBLICA,roubos,patrimonial,2025.0,3.0,MAR,2025-03-01,0.0,SEG,False,18.0,NOITE
2025-03-03,17:15:00,CRIMES CONTRA PATRIMÔNIO,CRIMES CONTRA PATRIMÔNIO: ROUBO: EM ESTABELECIMENTO COMERCIAL,ES,ITAPEMIRIM,OUTRO LOCAL,COMÉRCIO,roubos,patrimonial,2025.0,3.0,MAR,2025-03-01,0.0,SEG,False,17.0,TARDE
2025-03-04,05:40:00,CRIMES CONTRA PATRIMÔNIO,CRIMES CONTRA PATRIMÔNIO: ROUBO: A PESSOA EM VIA PÚBLICA,ES,CARIACICA,SANTA LUZIA,VIA PÚBLICA,roubos,patrimonial,2025.0,3.0,MAR,2025-03-01,1.0,TER,False,5.0,MADRUGADA
2025-03-04,03:00:00,CRIMES CONTRA PATRIMÔNIO,CRIMES CONTRA PATRIMÔNIO: ROUBO: A PESSOA EM VIA PÚBLICA,ES,GUARAPARI,ITAPEBUSSU,VIA PÚBLICA,roubos,patrimonial,2025.0,3.0,MAR,2025-03-01,1.0,TER,False,3.0,MADRUGADA
2025-03-04,02:30:00,CRIMES CONTRA PATRIMÔNIO,CRIMES CONTRA PATRIMÔNIO: ROUBO: A PESSOA EM VIA PÚBLICA,ES,GUARAPARI,IPIRANGA,VIA PÚBLICA,roubos,patrimonial,2025.0,3.0,MAR,2025-03-01,1.0,TER,False,2.0,MADRUGADA
2025-03-04,05:00:00,CRIMES CONTRA PATRIMÔNIO,CRIMES CONTRA PATRIMÔNIO: ROUBO: A PESSOA EM VIA PÚBLICA,ES,VITORIA,VILA RUBIM,VIA PÚBLICA,roubos,patrimonial,2025.0,3.0,MAR,2025-03-01,1.0,TER,False,5.0,MADRUGADA
2025-03-04,Indeterminada,CRIMES CONTRA PATRIMÔNIO,CRIMES CONTRA PATRIMÔNIO: ROUBO: A PESSOA EM VIA PÚBLICA,ES,SERRA,SAO MARCOS II,VIA PÚBLICA,roubos,patrimonial,2025.0,3.0,MAR,2025-03-01,1.0,TER,False,,
2025-03-04,Indeterminada,CRIMES CONTRA PATRIMÔNIO,CRIMES CONTRA PATRIMÔNIO: ROUBO: A PESSOA EM VIA PÚBLICA,ES,VITORIA,CENTRO,VIA PÚBLICA,roubos,patrimonial,2025.0,3.0,MAR,2025-03-01,1.0,TER,False,,
2025-03-04,14:10:00,CRIMES CONTRA PATRIMÔNIO,CRIMES CONTRA PATRIMÔNIO: ROUBO: A PESSOA EM VIA PÚBLICA,ES,CARIACICA,CRUZEIRO DO SUL,VIA PÚBLICA,roubos,patrimonial,2025.0,3.0,MAR,2025-03-01,1.0,TER,False,14.0,TARDE
2025-03-04,14:10:00,CRIMES CONTRA PATRIMÔNIO,CRIMES CONTRA PATRIMÔNIO: ROUBO: A PESSOA EM VIA PÚBLICA,ES,CARIACICA,CRUZEIRO DO SUL,VIA PÚBLICA,roubos,patrimonial,2025.0,3.0,MAR,2025-03-01,1.0,TER,False,14.0,TARDE
2025-03-04,17:30:00,CRIMES CONTRA PATRIMÔNIO,CRIMES CONTRA PATRIMÔNIO: ROUBO: A PESSOA EM VIA PÚBLICA,ES,VITORIA,BENTO FERREIRA,VIA PÚBLICA,roubos,patrimonial,2025.0,3.0,MAR,2025-03-01,1.0,TER,False,17.0,TARDE
2025-03-04,21:20:00,CRIMES CONTRA PATRIMÔNIO,CRIMES CONTRA PATRIMÔNIO: ROUBO: A PESSOA EM VIA PÚBLICA,ES,LINHARES,NOVO HORIZONTE,VIA PÚBLICA,roubos,patrimonial,2025.0,3.0,MAR,2025-03-01,1.0,TER,False,21.0,NOITE
2025-03-04,20:00:00,CRIMES CONTRA PATRIMÔNIO,CRIMES CONTRA PATRIMÔNIO: ROUBO: A PESSOA EM VIA PÚBLICA,ES,LINHARES,PLANALTO,VIA PÚBLICA,roubos,patrimonial,2025.0,3.0,MAR,2025-03-01,1.0,TER,False,20.0,NOITE
2025-03-04,22:43:00,CRIMES CONTRA PATRIMÔNIO,CRIMES CONTRA PATRIMÔNIO: ROUBO: A PESSOA EM VIA PÚBLICA,ES,GUARAPARI,CENTRO,VIA PÚBLICA,roubos,patrimonial,2025.0,3.0,MAR,2025-03-01,1.0,TER,False,22.0,NOITE
2025-03-04,17:15:00,CRIMES CONTRA PATRIMÔNIO,CRIMES CONTRA PATRIMÔNIO: ROUBO: A PESSOA EM VIA PÚBLICA,ES,VITORIA,GURIGICA,VIA PÚBLICA,roubos,patrimonial,2025.0,3.0,MAR,2025-03-01,1.0,TER,False,17.0,TARDE
2025-03-04,18:30:00,CRIMES CONTRA PATRIMÔNIO,CRIMES CONTRA PATRIMÔNIO: ROUBO: A PESSOA EM VIA PÚBLICA,ES,CARIACICA,MORADA DE SANTA FE,VIA PÚBLICA,roubos,patrimonial,2025.0,3.0,MAR,2025-03-01,1.0,TER,False,18.0,NOITE
2025-03-04,12:00:00,CRIMES CONTRA PATRIMÔNIO,CRIMES CONTRA PATRIMÔNIO: ROUBO: A PESSOA EM VIA PÚBLICA,ES,VILA VELHA,GLORIA,VIA PÚBLICA,roubos,patrimonial,2025.0,3.0,MAR,2025-03-01,1.0,TER,False,12.0,TARDE
2025-03-04,16:30:00,CRIMES CONTRA PATRIMÔNIO,CRIMES CONTRA PATRIMÔNIO: ROUBO: A PESSOA EM VIA PÚBLICA,ES,CARIACICA,SANTO ANDRE,VIA PÚBLICA,roubos,patrimonial,2025.0,3.0,MAR,2025-03-01,1.0,TER,False,16.0,TARDE
2025-03-04,15:00:00,CRIMES CONTRA PATRIMÔNIO,CRIMES CONTRA PATRIMÔNIO: ROUBO: A PESSOA EM VIA PÚBLICA,ES,LINHARES,AVISO,VIA PÚBLICA,roubos,patrimonial,2025.0,3.0,MAR,2025-03-01,1.0,TER,False,15.0,TARDE
2025-03-04,21:00:00,CRIMES CONTRA PATRIMÔNIO,CRIMES CONTRA PATRIMÔNIO: ROUBO: A PESSOA EM VIA PÚBLICA,ES,CARIACICA,SANTA BARBARA,VIA PÚBLICA,roubos,patrimonial,2025.0,3.0,MAR,2025-03-01,1.0,TER,False,21.0,NOITE
2025-03-04,19:30:00,CRIMES CONTRA PATRIMÔNIO,CRIMES CONTRA PATRIMÔNIO: ROUBO: A PESSOA EM VIA PÚBLICA,ES,VILA VELHA,BARRA DO JUCU,VIA PÚBLICA,roubos,patrimonial,2025.0,3.0,MAR,2025-03-01,1.0,TER,False,19.0,NOITE
2025-03-04,23:30:00,CRIMES CONTRA PATRIMÔNIO,CRIMES CONTRA PATRIMÔNIO: ROUBO: A PESSOA EM VIA PÚBLICA,ES,VILA VELHA,SAO TORQUATO,VIA PÚBLICA,roubos,patrimonial,2025.0,3.0,MAR,2025-03-01,1.0,TER,False,23.0,NOITE
2025-03-04,07:15:00,CRIMES CONTRA PATRIMÔNIO,CRIMES CONTRA PATRIMÔNIO: ROUBO: A PESSOA EM VIA PÚBLICA,ES,VITORIA,PRAIA DO CANTO,OUTRO LOCAL,roubos,patrimonial,2025.0,3.0,MAR,2025-03-01,1.0,TER,False,7.0,MANHA
2025-03-04,00:44:00,CRIMES CONTRA PATRIMÔNIO,CRIMES CONTRA PATRIMÔNIO: ROUBO: A PESSOA EM VIA PÚBLICA,ES,VILA VELHA,SAO TORQUATO,VIA PÚBLICA,roubos,patrimonial,2025.0,3.0,MAR,2025-03-01,1.0,TER,False,0.0,MADRUGADA
2025-03-04,05:55:00,CRIMES CONTRA PATRIMÔNIO,CRIMES CONTRA PATRIMÔNIO: ROUBO: A PESSOA EM VIA PÚBLICA,ES,CARIACICA,SANTA PAULA,OUTRO LOCAL,roubos,patrimonial,2025.0,3.0,MAR,2025-03-01,1.0,TER,False,5.0,MADRUGADA
2025-03-04,06:00:00,CRIMES CONTRA PATRIMÔNIO,CRIMES CONTRA PATRIMÔNIO: ROUBO: A PESSOA EM VIA PÚBLICA,ES,CARIACICA,SANTA PAULA,VIA PÚBLICA,roubos,patrimonial,2025.0,3.0,MAR,2025-03-01,1.0,TER,False,6.0,MANHA
2025-03-04,18:30:00,CRIMES CONTRA PATRIMÔNIO,CRIMES CONTRA PATRIMÔNIO: ROUBO: A PESSOA EM VIA PÚBLICA,ES,VITORIA,GRANDE VITORIA,VIA PÚBLICA,roubos,patrimonial,2025.0,3.0,MAR,2025-03-01,1.0,TER,False,18.0,NOITE
2025-03-04,18:30:00,CRIMES CONTRA PATRIMÔNIO,CRIMES CONTRA PATRIMÔNIO: ROUBO: A PESSOA EM VIA PÚBLICA,ES,CARIACICA,JARDIM BOTANICO,VIA PÚBLICA,roubos,patrimonial,2025.0,3.0,MAR,2025-03-01,1.0,TER,False,18.0,NOITE
2025-03-04,21:44:00,CRIMES CONTRA PATRIMÔNIO,CRIMES CONTRA PATRIMÔNIO: ROUBO: A PESSOA EM VIA PÚBLICA,ES,CARIACICA,SANTA BARBARA,VIA PÚBLICA,roubos,patrimonial,2025.0,3.0,MAR,2025-03-01,1.0,TER,False,21.0,NOITE
2025-03-04,06:30:00,CRIMES CONTRA PATRIMÔNIO,CRIMES CONTRA PATRIMÔNIO: ROUBO: A PESSOA EM VIA PÚBLICA,ES,CARIACICA,SANTA LUZIA,VIA PÚBLICA,roubos,patrimonial,2025.0,3.0,MAR,2025-03-01,1.0,TER,False,6.0,MANHA
2025-03-04,04:00:00,CRIMES CONTRA PATRIMÔNIO,CRIMES CONTRA PATRIMÔNIO: ROUBO: A PESSOA EM VIA PÚBLICA,ES,SERRA,SAO MARCOS II,VIA PÚBLICA,roubos,patrimonial,2025.0,3.0,MAR,2025-03-01,1.0,TER,False,4.0,MADRUGADA
2025-03-04,16:30:00,CRIMES CONTRA PATRIMÔNIO,CRIMES CONTRA PATRIMÔNIO: ROUBO: A PESSOA EM VIA PÚBLICA,ES,VITORIA,CENTRO,VIA PÚBLICA,roubos,patrimonial,2025.0,3.0,MAR,2025-03-01,1.0,TER,False,16.0,TARDE
2025-03-04,21:20:00,CRIMES CONTRA PATRIMÔNIO,CRIMES CONTRA PATRIMÔNIO: ROUBO: A PESSOA EM VIA PÚBLICA,ES,VITORIA,MARIO CYPRESTE,SAMBODROMO,roubos,patrimonial,2025.0,3.0,MAR,2025-03-01,1.0,TER,False,21.0,NOITE
2025-03-04,Indeterminada,CRIMES CONTRA PATRIMÔNIO,CRIMES CONTRA PATRIMÔNIO: ROUBO: A PESSOA EM VIA PÚBLICA,ES,SERRA,BAIRRO DAS LARANJEIRAS,VIA PÚBLICA,roubos,patrimonial,2025.0,3.0,MAR,2025-03-01,1.0,TER,False,,
2025-03-04,20:40:00,CRIMES CONTRA PATRIMÔNIO,CRIMES CONTRA PATRIMÔNIO: ROUBO: A PESSOA EM VIA PÚBLICA,ES,VITORIA,CENTRO,VIA PÚBLICA,roubos,patrimonial,2025.0,3.0,MAR,2025-03-01,1.0,TER,False,20.0,NOITE
2025-03-04,13:25:00,CRIMES CONTRA PATRIMÔNIO,CRIMES CONTRA PATRIMÔNIO: ROUBO: A PESSOA EM VIA PÚBLICA,ES,SERRA,JARDIM LIMOEIRO,VIA PÚBLICA,roubos,patrimonial,2025.0,3.0,MAR,2025-03-01,1.0,TER,False,13.0,TARDE
2025-03-04,21:30:00,CRIMES CONTRA PATRIMÔNIO,CRIMES CONTRA PATRIMÔNIO: ROUBO: A PESSOA EM VIA PÚBLICA,ES,SERRA,PRAIA DE CARAPEBUS,VIA PÚBLICA,roubos,patrimonial,2025.0,3.0,MAR,2025-03-01,1.0,TER,False,21.0,NOITE
2025-03-04,13:50:00,CRIMES CONTRA PATRIMÔNIO,CRIMES CONTRA PATRIMÔNIO: ROUBO: A PESSOA EM VIA PÚBLICA,ES,SERRA,BICANGA,OUTRO LOCAL,roubos,patrimonial,2025.0,3.0,MAR,2025-03-01,1.0,TER,False,13.0,TARDE
2025-03-04,19:30:00,CRIMES CONTRA PATRIMÔNIO,CRIMES CONTRA PATRIMÔNIO: ROUBO: A PESSOA EM VIA PÚBLICA,ES,CARIACICA,CAMPO GRANDE,VIA PÚBLICA,roubos,patrimonial,2025.0,3.0,MAR,2025-03-01,1.0,TER,False,19.0,NOITE
2025-03-04,00:00:00,CRIMES CONTRA PATRIMÔNIO,CRIMES CONTRA PATRIMÔNIO: ROUBO: A PESSOA EM VIA PÚBLICA,ES,PIUMA,CENTRO,VIA PÚBLICA,roubos,patrimonial,2025.0,3.0,MAR,2025-03-01,1.0,TER,False,0.0,MADRUGADA
2025-03-04,14:36:00,CRIMES CONTRA PATRIMÔNIO,CRIMES CONTRA PATRIMÔNIO: ROUBO: A PESSOA EM VIA PÚBLICA,ES,SERRA,JARDIM LIMOEIRO,OUTRO LOCAL,roubos,patrimonial,2025.0,3.0,MAR,2025-03-01,1.0,TER,False,14.0,TARDE
2025-03-04,02:40:00,CRIMES CONTRA PATRIMÔNIO,CRIMES CONTRA PATRIMÔNIO: ROUBO: A PESSOA EM VIA PÚBLICA,ES,VILA VELHA,COBILANDIA,VIA PÚBLICA,roubos,patrimonial,2025.0,3.0,MAR,2025-03-01,1.0,TER,False,2.0,MADRUGADA
2025-03-04,15:00:00,CRIMES CONTRA PATRIMÔNIO,CRIMES CONTRA PATRIMÔNIO: ROUBO: A PESSOA EM VIA PÚBLICA,ES,VILA VELHA,PRAIA DAS GAIVOTAS,VIA PÚBLICA,roubos,patrimonial,2025.0,3.0,MAR,2025-03-01,1.0,TER,False,15.0,TARDE
2025-03-04,05:28:00,CRIMES CONTRA PATRIMÔNIO,CRIMES CONTRA PATRIMÔNIO: ROUBO: EM TRANSPORTE COLETIVO,ES,VITORIA,CENTRO,TRANSP COLETIVO,roubos,patrimonial,2025.0,3.0,MAR,2025-03-01,1.0,TER,False,5.0,MADRUGADA
2025-03-04,10:38:00,CRIMES CONTRA PATRIMÔNIO,CRIMES CONTRA PATRIMÔNIO: ROUBO: EM ESTABELECIMENTO COMERCIAL,ES,MARATAIZES,BELO HORIZONTE,COMÉRCIO,roubos,patrimonial,2025.0,3.0,MAR,2025-03-01,1.0,TER,False,10.0,MANHA
2025-03-04,Indeterminada,CRIMES CONTRA PATRIMÔNIO,CRIMES CONTRA PATRIMÔNIO: ROUBO: EM ESTABELECIMENTO COMERCIAL,ES,CARIACICA,PORTO DE CARIACICA,COMÉRCIO,roubos,patrimonial,2025.0,3.0,MAR,2025-03-01,1.0,TER,False,,
2025-03-05,03:00:00,CRIMES CONTRA PATRIMÔNIO,CRIMES CONTRA PATRIMÔNIO: ROUBO: A PESSOA EM VIA PÚBLICA,ES,VITORIA,CENTRO,VIA PÚBLICA,roubos,patrimonial,2025.0,3.0,MAR,2025-03-01,2.0,QUA,False,3.0,MADRUGADA
2025-03-05,05:00:00,CRIMES CONTRA PATRIMÔNIO,CRIMES CONTRA PATRIMÔNIO: ROUBO: A PESSOA EM VIA PÚBLICA,ES,SERRA,MORADA DE LARANJEIRAS,VIA PÚBLICA,roubos,patrimonial,2025.0,3.0,MAR,2025-03-01,2.0,QUA,False,5.0,MADRUGADA
2025-03-05,05:05:00,CRIMES CONTRA PATRIMÔNIO,CRIMES CONTRA PATRIMÔNIO: ROUBO: A PESSOA EM VIA PÚBLICA,ES,SERRA,MORADA DE LARANJEIRAS,VIA PÚBLICA,roubos,patrimonial,2025.0,3.0,MAR,2025-03-01,2.0,QUA,False,5.0,MADRUGADA
2025-03-05,08:31:00,CRIMES CONTRA PATRIMÔNIO,CRIMES CONTRA PATRIMÔNIO: ROUBO: A PESSOA EM VIA PÚBLICA,ES,SERRA,MORADA DE LARANJEIRAS,VIA PÚBLICA,roubos,patrimonial,2025.0,3.0,MAR,2025-03-01,2.0,QUA,False,8.0,MANHA
2025-03-05,01:00:00,CRIMES CONTRA PATRIMÔNIO,CRIMES CONTRA PATRIMÔNIO: ROUBO: A PESSOA EM VIA PÚBLICA,ES,GUARAPARI,AEROPORTO,VIA PÚBLICA,roubos,patrimonial,2025.0,3.0,MAR,2025-03-01,2.0,QUA,False,1.0,MADRUGADA
2025-03-05,05:00:00,CRIMES CONTRA PATRIMÔNIO,CRIMES CONTRA PATRIMÔNIO: ROUBO: A PESSOA EM VIA PÚBLICA,ES,CARIACICA,ALTO LAGE,VIA PÚBLICA,roubos,patrimonial,2025.0,3.0,MAR,2025-03-01,2.0,QUA,False,5.0,MADRUGADA
2025-03-05,05:20:00,CRIMES CONTRA PATRIMÔNIO,CRIMES CONTRA PATRIMÔNIO: ROUBO: A PESSOA EM VIA PÚBLICA,ES,SERRA,CASTELANDIA,VIA PÚBLICA,roubos,patrimonial,2025.0,3.0,MAR,2025-03-01,2.0,QUA,False,5.0,MADRUGADA
2025-03-05,05:20:00,CRIMES CONTRA PATRIMÔNIO,CRIMES CONTRA PATRIMÔNIO: ROUBO: A PESSOA EM VIA PÚBLICA,ES,SERRA,CASTELANDIA,VIA PÚBLICA,roubos,patrimonial,2025.0,3.0,MAR,2025-03-01,2.0,QUA,False,5.0,MADRUGADA
2025-03-05,08:00:00,CRIMES CONTRA PATRIMÔNIO,CRIMES CONTRA PATRIMÔNIO: ROUBO: A PESSOA EM VIA PÚBLICA,ES,CARIACICA,VILA ISABEL,VIA PÚBLICA,roubos,patrimonial,2025.0,3.0,MAR,2025-03-01,2.0,QUA,False,8.0,MANHA
2025-03-05,Indeterminada,CRIMES CONTRA PATRIMÔNIO,CRIMES CONTRA PATRIMÔNIO: ROUBO: A PESSOA EM VIA PÚBLICA,ES,SERRA,MORADA DE LARANJEIRAS,VIA PÚBLICA,roubos,patrimonial,2025.0,3.0,MAR,2025-03-01,2.0,QUA,False,,
2025-03-05,06:30:00,CRIMES CONTRA PATRIMÔNIO,CRIMES CONTRA PATRIMÔNIO: ROUBO: A PESSOA EM VIA PÚBLICA,ES,CARIACICA,PARQUE GRAMADO,VIA PÚBLICA,roubos,patrimonial,2025.0,3.0,MAR,2025-03-01,2.0,QUA,False,6.0,MANHA
2025-03-05,Indeterminada,CRIMES CONTRA PATRIMÔNIO,CRIMES CONTRA PATRIMÔNIO: ROUBO: A PESSOA EM VIA PÚBLICA,ES,SERRA,CASTELANDIA,VIA PÚBLICA,roubos,patrimonial,2025.0,3.0,MAR,2025-03-01,2.0,QUA,False,,
2025-03-05,21:00:00,CRIMES CONTRA PATRIMÔNIO,CRIMES CONTRA PATRIMÔNIO: ROUBO: A PESSOA EM VIA PÚBLICA,ES,VITORIA,HORTO,VIA PÚBLICA,roubos,patrimonial,2025.0,3.0,MAR,2025-03-01,2.0,QUA,False,21.0,NOITE
2025-03-05,22:17:00,CRIMES CONTRA PATRIMÔNIO,CRIMES CONTRA PATRIMÔNIO: ROUBO: A PESSOA EM VIA PÚBLICA,ES,SAO MATEUS,GURIRI,VIA PÚBLICA,roubos,patrimonial,2025.0,3.0,MAR,2025-03-01,2.0,QUA,False,22.0,NOITE
2025-03-05,22:51:00,CRIMES CONTRA PATRIMÔNIO,CRIMES CONTRA PATRIMÔNIO: ROUBO: A PESSOA EM VIA PÚBLICA,ES,SERRA,CARAPINA GRANDE,VIA PÚBLICA,roubos,patrimonial,2025.0,3.0,MAR,2025-03-01,2.0,QUA,False,22.0,NOITE
2025-03-05,04:19:00,CRIMES CONTRA PATRIMÔNIO,CRIMES CONTRA PATRIMÔNIO: ROUBO: A PESSOA EM VIA PÚBLICA,ES,GUARAPARI,MUQUICABA,VIA PÚBLICA,roubos,patrimonial,2025.0,3.0,MAR,2025-03-01,2.0,QUA,False,4.0,MADRUGADA
2025-03-05,05:30:00,CRIMES CONTRA PATRIMÔNIO,CRIMES CONTRA PATRIMÔNIO: ROUBO: A PESSOA EM VIA PÚBLICA,ES,VILA VELHA,CIDADE DA BARRA,VIA PÚBLICA,roubos,patrimonial,2025.0,3.0,MAR,2025-03-01,2.0,QUA,False,5.0,MADRUGADA
2025-03-05,10:00:00,CRIMES CONTRA PATRIMÔNIO,CRIMES CONTRA PATRIMÔNIO: ROUBO: A PESSOA EM VIA PÚBLICA,ES,SERRA,RESIDENCIAL VISTA DO MESTRE,VIA PÚBLICA,roubos,patrimonial,2025.0,3.0,MAR,2025-03-01,2.0,QUA,False,10.0,MANHA
2025-03-05,05:30:00,CRIMES CONTRA PATRIMÔNIO,CRIMES CONTRA PATRIMÔNIO: ROUBO: A PESSOA EM VIA PÚBLICA,ES,SERRA,CASTELANDIA,VIA PÚBLICA,roubos,patrimonial,2025.0,3.0,MAR,2025-03-01,2.0,QUA,False,5.0,MADRUGADA
2025-03-05,21:00:00,CRIMES CONTRA PATRIMÔNIO,CRIMES CONTRA PATRIMÔNIO: ROUBO: A PESSOA EM VIA PÚBLICA,ES,VITORIA,CARATOIRA,VIA PÚBLICA,roubos,patrimonial,2025.0,3.0,MAR,2025-03-01,2.0,QUA,False,21.0,NOITE
2025-03-05,01:00:00,CRIMES CONTRA PATRIMÔNIO,CRIMES CONTRA PATRIMÔNIO: ROUBO: A PESSOA EM VIA PÚBLICA,ES,VILA VELHA,SAO TORQUATO,VIA PÚBLICA,roubos,patrimonial,2025.0,3.0,MAR,2025-03-01,2.0,QUA,False,1.0,MADRUGADA
2025-03-05,15:40:00,CRIMES CONTRA PATRIMÔNIO,CRIMES CONTRA PATRIMÔNIO: ROUBO: A PESSOA EM VIA PÚBLICA,ES,VILA VELHA,ALVORADA,VIA PÚBLICA,roubos,patrimonial,2025.0,3.0,MAR,2025-03-01,2.0,QUA,False,15.0,TARDE
2025-03-05,17:10:00,CRIMES CONTRA PATRIMÔNIO,CRIMES CONTRA PATRIMÔNIO: ROUBO: A PESSOA EM VIA PÚBLICA,ES,VILA VELHA,ARGOLAS,VEÍCULO,roubos,patrimonial,2025.0,3.0,MAR,2025-03-01,2.0,QUA,False,17.0,TARDE
2025-03-05,21:00:00,CRIMES CONTRA PATRIMÔNIO,CRIMES CONTRA PATRIMÔNIO: ROUBO: A PESSOA EM VIA PÚBLICA,ES,VITORIA,VILA RUBIM,VIA PÚBLICA,roubos,patrimonial,2025.0,3.0,MAR,2025-03-01,2.0,QUA,False,21.0,NOITE
2025-03-05,17:00:00,CRIMES CONTRA PATRIMÔNIO,CRIMES CONTRA PATRIMÔNIO: ROUBO: A PESSOA EM VIA PÚBLICA,ES,CARIACICA,CAMPO GRANDE,RESIDÊNCIA,roubos,patrimonial,2025.0,3.0,MAR,2025-03-01,2.0,QUA,False,17.0,TARDE
2025-03-05,18:30:00,CRIMES CONTRA PATRIMÔNIO,CRIMES CONTRA PATRIMÔNIO: ROUBO: A PESSOA EM VIA PÚBLICA,ES,SERRA,BAIRRO DAS LARANJEIRAS,VIA PÚBLICA,roubos,patrimonial,2025.0,3.0,MAR,2025-03-01,2.0,QUA,False,18.0,NOITE
2025-03-05,22:16:00,CRIMES CONTRA PATRIMÔNIO,CRIMES CONTRA PATRIMÔNIO: ROUBO: A PESSOA EM VIA PÚBLICA,ES,LINHARES,NOVO HORIZONTE,VIA PÚBLICA,roubos,patrimonial,2025.0,3.0,MAR,2025-03-01,2.0,QUA,False,22.0,NOITE
2025-03-05,20:30:00,CRIMES CONTRA PATRIMÔNIO,CRIMES CONTRA PATRIMÔNIO: ROUBO: A PESSOA EM VIA PÚBLICA,ES,VILA VELHA,JARDIM COLORADO,VIA PÚBLICA,roubos,patrimonial,2025.0,3.0,MAR,2025-03-01,2.0,QUA,False,20.0,NOITE
2025-03-05,21:00:00,CRIMES CONTRA PATRIMÔNIO,CRIMES CONTRA PATRIMÔNIO: ROUBO: A PESSOA EM VIA PÚBLICA,ES,VITORIA,HORTO,VIA PÚBLICA,roubos,patrimonial,2025.0,3.0,MAR,2025-03-01,2.0,QUA,False,21.0,NOITE
2025-03-05,07:00:00,CRIMES CONTRA PATRIMÔNIO,CRIMES CONTRA PATRIMÔNIO: ROUBO: A PESSOA EM VIA PÚBLICA,ES,SERRA,CIDADE POMAR,VIA PÚBLICA,roubos,patrimonial,2025.0,3.0,MAR,2025-03-01,2.0,QUA,False,7.0,MANHA
2025-03-05,15:30:00,CRIMES CONTRA PATRIMÔNIO,CRIMES CONTRA PATRIMÔNIO: ROUBO: A PESSOA EM VIA PÚBLICA,ES,VITORIA,MATA DA PRAIA,OUTRO LOCAL,roubos,patrimonial,2025.0,3.0,MAR,2025-03-01,2.0,QUA,False,15.0,TARDE
2025-03-05,06:30:00,CRIMES CONTRA PATRIMÔNIO,CRIMES CONTRA PATRIMÔNIO: ROUBO: A PESSOA EM VIA PÚBLICA,ES,CARIACICA,PARQUE GRAMADO,VIA PÚBLICA,roubos,patrimonial,2025.0,3.0,MAR,2025-03-01,2.0,QUA,False,6.0,MANHA
2025-03-05,09:00:00,CRIMES CONTRA PATRIMÔNIO,CRIMES CONTRA PATRIMÔNIO: ROUBO: A PESSOA EM VIA PÚBLICA,ES,CARIACICA,SAO FRANCISCO,ESCRITORIO,roubos,patrimonial,2025.0,3.0,MAR,2025-03-01,2.0,QUA,False,9.0,MANHA
2025-03-05,21:40:00,CRIMES CONTRA PATRIMÔNIO,CRIMES CONTRA PATRIMÔNIO: ROUBO: A PESSOA EM VIA PÚBLICA,ES,CARIACICA,VILA PALESTINA,VIA PÚBLICA,roubos,patrimonial,2025.0,3.0,MAR,2025-03-01,2.0,QUA,False,21.0,NOITE
2025-03-05,06:00:00,CRIMES CONTRA PATRIMÔNIO,CRIMES CONTRA PATRIMÔNIO: ROUBO: A PESSOA EM VIA PÚBLICA,ES,CARIACICA,JARDIM CAMPO GRANDE,VIA PÚBLICA,roubos,patrimonial,2025.0,3.0,MAR,2025-03-01,2.0,QUA,False,6.0,MANHA
2025-03-05,02:30:00,CRIMES CONTRA PATRIMÔNIO,CRIMES CONTRA PATRIMÔNIO: ROUBO: A PESSOA EM VIA PÚBLICA,ES,VITORIA,CENTRO,VIA PÚBLICA,roubos,patrimonial,2025.0,3.0,MAR,2025-03-01,2.0,QUA,False,2.0,MADRUGADA
2025-03-05,21:30:00,CRIMES CONTRA PATRIMÔNIO,CRIMES CONTRA PATRIMÔNIO: ROUBO: A PESSOA EM VIA PÚBLICA,ES,VITORIA,CENTRO,VIA PÚBLICA,roubos,patrimonial,2025.0,3.0,MAR,2025-03-01,2.0,QUA,False,21.0,NOITE
2025-03-05,01:00:00,CRIMES CONTRA PATRIMÔNIO,CRIMES CONTRA PATRIMÔNIO: ROUBO: A PESSOA EM VIA PÚBLICA,ES,VILA VELHA,SAO TORQUATO,VIA PÚBLICA,roubos,patrimonial,2025.0,3.0,MAR,2025-03-01,2.0,QUA,False,1.0,MADRUGADA
2025-03-05,18:00:00,CRIMES CONTRA PATRIMÔNIO,CRIMES CONTRA PATRIMÔNIO: ROUBO: A PESSOA EM VIA PÚBLICA,ES,VITORIA,MARIO CYPRESTE,VIA PÚBLICA,roubos,patrimonial,2025.0,3.0,MAR,2025-03-01,2.0,QUA,False,18.0,NOITE
2025-03-05,09:00:00,CRIMES CONTRA PATRIMÔNIO,CRIMES CONTRA PATRIMÔNIO: ROUBO: A PESSOA EM VIA PÚBLICA,ES,SERRA,MORADA DE LARANJEIRAS,VIA PÚBLICA,roubos,patrimonial,2025.0,3.0,MAR,2025-03-01,2.0,QUA,False,9.0,MANHA
2025-03-05,14:30:00,CRIMES CONTRA PATRIMÔNIO,CRIMES CONTRA PATRIMÔNIO: ROUBO: A PESSOA EM VIA PÚBLICA,ES,VITORIA,JARDIM CAMBURI,VIA PÚBLICA,roubos,patrimonial,2025.0,3.0,MAR,2025-03-01,2.0,QUA,False,14.0,TARDE
2025-03-05,07:00:00,CRIMES CONTRA PATRIMÔNIO,CRIMES CONTRA PATRIMÔNIO: ROUBO: A PESSOA EM VIA PÚBLICA,ES,SERRA,FEU ROSA,OUTRO LOCAL,roubos,patrimonial,2025.0,3.0,MAR,2025-03-01,2.0,QUA,False,7.0,MANHA
2025-03-05,17:00:00,CRIMES CONTRA PATRIMÔNIO,CRIMES CONTRA PATRIMÔNIO: ROUBO: EM TRANSPORTE COLETIVO,ES,SERRA,CASTELANDIA,TRANSP COLETIVO,roubos,patrimonial,2025.0,3.0,MAR,2025-03-01,2.0,QUA,False,17.0,TARDE
2025-03-05,08:00:00,CRIMES CONTRA PATRIMÔNIO,CRIMES CONTRA PATRIMÔNIO: ROUBO: EM TRANSPORTE COLETIVO,ES,SERRA,BAIRRO DE FATIMA,TRANSP COLETIVO,roubos,patrimonial,2025.0,3.0,MAR,2025-03-01,2.0,QUA,False,8.0,MANHA
2025-03-05,21:20:00,CRIMES CONTRA PATRIMÔNIO,CRIMES CONTRA PATRIMÔNIO: ROUBO: EM TRANSPORTE COLETIVO,ES,VITORIA,PARQUE MOSCOSO,VIA PÚBLICA,roubos,patrimonial,2025.0,3.0,MAR,2025-03-01,2.0,QUA,False,21.0,NOITE
2025-03-05,17:06:00,CRIMES CONTRA PATRIMÔNIO,CRIMES CONTRA PATRIMÔNIO: ROUBO: EM TRANSPORTE COLETIVO,ES,SERRA,CONJUNTO JACARAIPE,VIA PÚBLICA,roubos,patrimonial,2025.0,3.0,MAR,2025-03-01,2.0,QUA,False,17.0,TARDE
2025-03-05,05:09:00,CRIMES CONTRA PATRIMÔNIO,CRIMES CONTRA PATRIMÔNIO: ROUBO: EM TRANSPORTE COLETIVO,ES,FUNDAO,TIMBUI,RODOVIA FEDERAL,roubos,patrimonial,2025.0,3.0,MAR,2025-03-01,2.0,QUA,False,5.0,MADRUGADA
2025-03-05,00:20:00,CRIMES CONTRA PATRIMÔNIO,CRIMES CONTRA PATRIMÔNIO: ROUBO: EM ESTABELECIMENTO COMERCIAL,ES,LINHARES,PALMITAL,COMÉRCIO,roubos,patrimonial,2025.0,3.0,MAR,2025-03-01,2.0,QUA,False,0.0,MADRUGADA
2025-03-05,20:14:00,CRIMES CONTRA PATRIMÔNIO,CRIMES CONTRA PATRIMÔNIO: ROUBO: EM ESTABELECIMENTO COMERCIAL,ES,SERRA,MORADA DE LARANJEIRAS,COMÉRCIO,roubos,patrimonial,2025.0,3.0,MAR,2025-03-01,2.0,QUA,False,20.0,NOITE
2025-03-05,23:15:00,CRIMES CONTRA PATRIMÔNIO,CRIMES CONTRA PATRIMÔNIO: ROUBO: EM ESTABELECIMENTO COMERCIAL,ES,JAGUARE,CENTRO,COMÉRCIO,roubos,patrimonial,2025.0,3.0,MAR,2025-03-01,2.0,QUA,False,23.0,NOITE
2025-03-05,20:00:00,CRIMES CONTRA PATRIMÔNIO,CRIMES CONTRA PATRIMÔNIO: ROUBO: EM RESIDÊNCIA/CONDOMÍNIO,ES,VITORIA,JOANA DARC,RESIDÊNCIA,roubos,patrimonial,2025.0,3.0,MAR,2025-03-01,2.0,QUA,False,20.0,NOITE
2025-03-06,03:19:00,CRIMES CONTRA PATRIMÔNIO,CRIMES CONTRA PATRIMÔNIO: ROUBO: A PESSOA EM VIA PÚBLICA,ES,ARACRUZ,CENTRO,VIA PÚBLICA,roubos,patrimonial,2025.0,3.0,MAR,2025-03-01,3.0,QUI,False,3.0,MADRUGADA
2025-03-06,09:08:00,CRIMES CONTRA PATRIMÔNIO,CRIMES CONTRA PATRIMÔNIO: ROUBO: A PESSOA EM VIA PÚBLICA,ES,SAO MATEUS,SERNAMBY,VIA PÚBLICA,roubos,patrimonial,2025.0,3.0,MAR,2025-03-01,3.0,QUI,False,9.0,MANHA
2025-03-06,07:30:00,CRIMES CONTRA PATRIMÔNIO,CRIMES CONTRA PATRIMÔNIO: ROUBO: A PESSOA EM VIA PÚBLICA,ES,VITORIA,ENSEADA DO SUA,VIA PÚBLICA,roubos,patrimonial,2025.0,3.0,MAR,2025-03-01,3.0,QUI,False,7.0,MANHA
2025-03-06,06:10:00,CRIMES CONTRA PATRIMÔNIO,CRIMES CONTRA PATRIMÔNIO: ROUBO: A PESSOA EM VIA PÚBLICA,ES,CARIACICA,MUCURI,VIA PÚBLICA,roubos,patrimonial,2025.0,3.0,MAR,2025-03-01,3.0,QUI,False,6.0,MANHA
2025-03-06,05:30:00,CRIMES CONTRA PATRIMÔNIO,CRIMES CONTRA PATRIMÔNIO: ROUBO: A PESSOA EM VIA PÚBLICA,ES,CARIACICA,CAMPO GRANDE,VIA PÚBLICA,roubos,patrimonial,2025.0,3.0,MAR,2025-03-01,3.0,QUI,False,5.0,MADRUGADA
2025-03-06,07:00:00,CRIMES CONTRA PATRIMÔNIO,CRIMES CONTRA PATRIMÔNIO: ROUBO: A PESSOA EM VIA PÚBLICA,ES,CARIACICA,CAMPO GRANDE,VIA PÚBLICA,roubos,patrimonial,2025.0,3.0,MAR,2025-03-01,3.0,QUI,False,7.0,MANHA
2025-03-06,21:00:00,CRIMES CONTRA PATRIMÔNIO,CRIMES CONTRA PATRIMÔNIO: ROUBO: A PESSOA EM VIA PÚBLICA,ES,VITORIA,HORTO,VIA PÚBLICA,roubos,patrimonial,2025.0,3.0,MAR,2025-03-01,3.0,QUI,False,21.0,NOITE
2025-03-06,12:25:00,CRIMES CONTRA PATRIMÔNIO,CRIMES CONTRA PATRIMÔNIO: ROUBO: A PESSOA EM VIA PÚBLICA,ES,VITORIA,PRAIA DO CANTO,VIA PÚBLICA,roubos,patrimonial,2025.0,3.0,MAR,2025-03-01,3.0,QUI,False,12.0,TARDE
2025-03-06,14:21:00,CRIMES CONTRA PATRIMÔNIO,CRIMES CONTRA PATRIMÔNIO: ROUBO: A PESSOA EM VIA PÚBLICA,ES,SAO MATEUS,GURIRI,VIA PÚBLICA,roubos,patrimonial,2025.0,3.0,MAR,2025-03-01,3.0,QUI,False,14.0,TARDE
2025-03-06,13:00:00,CRIMES CONTRA PATRIMÔNIO,CRIMES CONTRA PATRIMÔNIO: ROUBO: A PESSOA EM VIA PÚBLICA,ES,VITORIA,SANTA LUCIA,VIA PÚBLICA,roubos,patrimonial,2025.0,3.0,MAR,2025-03-01,3.0,QUI,False,13.0,TARDE
2025-03-06,15:10:00,CRIMES CONTRA PATRIMÔNIO,CRIMES CONTRA PATRIMÔNIO: ROUBO: A PESSOA EM VIA PÚBLICA,ES,VITORIA,BENTO FERREIRA,VIA PÚBLICA,roubos,patrimonial,2025.0,3.0,MAR,2025-03-01,3.0,QUI,False,15.0,TARDE
2025-03-06,05:20:00,CRIMES CONTRA PATRIMÔNIO,CRIMES CONTRA PATRIMÔNIO: ROUBO: A PESSOA EM VIA PÚBLICA,ES,CARIACICA,SANTO ANDRE,VIA PÚBLICA,roubos,patrimonial,2025.0,3.0,MAR,2025-03-01,3.0,QUI,False,5.0,MADRUGADA
2025-03-06,13:00:00,CRIMES CONTRA PATRIMÔNIO,CRIMES CONTRA PATRIMÔNIO: ROUBO: A PESSOA EM VIA PÚBLICA,ES,SERRA,CIDADE POMAR,VIA PÚBLICA,roubos,patrimonial,2025.0,3.0,MAR,2025-03-01,3.0,QUI,False,13.0,TARDE
2025-03-06,17:40:00,CRIMES CONTRA PATRIMÔNIO,CRIMES CONTRA PATRIMÔNIO: ROUBO: A PESSOA EM VIA PÚBLICA,ES,CARIACICA,SANTANA,VIA PÚBLICA,roubos,patrimonial,2025.0,3.0,MAR,2025-03-01,3.0,QUI,False,17.0,TARDE
2025-03-06,15:00:00,CRIMES CONTRA PATRIMÔNIO,CRIMES CONTRA PATRIMÔNIO: ROUBO: A PESSOA EM VIA PÚBLICA,ES,CARIACICA,SAO GERALDO,VIA PÚBLICA,roubos,patrimonial,2025.0,3.0,MAR,2025-03-01,3.0,QUI,False,15.0,TARDE
2025-03-06,05:00:00,CRIMES CONTRA PATRIMÔNIO,CRIMES CONTRA PATRIMÔNIO: ROUBO: A PESSOA EM VIA PÚBLICA,ES,SERRA,COLINA DE LARANJEIRAS,VIA PÚBLICA,roubos,patrimonial,2025.0,3.0,MAR,2025-03-01,3.0,QUI,False,5.0,MADRUGADA
2025-03-06,10:15:00,CRIMES CONTRA PATRIMÔNIO,CRIMES CONTRA PATRIMÔNIO: ROUBO: A PESSOA EM VIA PÚBLICA,ES,VITORIA,GURIGICA,VIA PÚBLICA,roubos,patrimonial,2025.0,3.0,MAR,2025-03-01,3.0,QUI,False,10.0,MANHA
2025-03-06,17:30:00,CRIMES CONTRA PATRIMÔNIO,CRIMES CONTRA PATRIMÔNIO: ROUBO: A PESSOA EM VIA PÚBLICA,ES,VITORIA,HORTO,VIA PÚBLICA,roubos,patrimonial,2025.0,3.0,MAR,2025-03-01,3.0,QUI,False,17.0,TARDE
2025-03-06,00:00:00,CRIMES CONTRA PATRIMÔNIO,CRIMES CONTRA PATRIMÔNIO: ROUBO: A PESSOA EM VIA PÚBLICA,ES,VILA VELHA,PRAIA DA COSTA,VIA PÚBLICA,roubos,patrimonial,2025.0,3.0,MAR,2025-03-01,3.0,QUI,False,0.0,MADRUGADA
2025-03-06,08:40:00,CRIMES CONTRA PATRIMÔNIO,CRIMES CONTRA PATRIMÔNIO: ROUBO: A PESSOA EM VIA PÚBLICA,ES,VITORIA,GOIABEIRAS,VIA PÚBLICA,roubos,patrimonial,2025.0,3.0,MAR,2025-03-01,3.0,QUI,False,8.0,MANHA
2025-03-06,15:00:00,CRIMES CONTRA PATRIMÔNIO,CRIMES CONTRA PATRIMÔNIO: ROUBO: A PESSOA EM VIA PÚBLICA,ES,CARIACICA,JARDIM AMERICA,TRANSP COLETIVO,roubos,patrimonial,2025.0,3.0,MAR,2025-03-01,3.0,QUI,False,15.0,TARDE
2025-03-06,19:30:00,CRIMES CONTRA PATRIMÔNIO,CRIMES CONTRA PATRIMÔNIO: ROUBO: A PESSOA EM VIA PÚBLICA,ES,CARIACICA,ITAQUARI,VIA PÚBLICA,roubos,patrimonial,2025.0,3.0,MAR,2025-03-01,3.0,QUI,False,19.0,NOITE
2025-03-06,13:30:00,CRIMES CONTRA PATRIMÔNIO,CRIMES CONTRA PATRIMÔNIO: ROUBO: A PESSOA EM VIA PÚBLICA,ES,VILA VELHA,PRAIA DE ITAPARICA,VIA PÚBLICA,roubos,patrimonial,2025.0,3.0,MAR,2025-03-01,3.0,QUI,False,13.0,TARDE
2025-03-06,09:00:00,CRIMES CONTRA PATRIMÔNIO,CRIMES CONTRA PATRIMÔNIO: ROUBO: A PESSOA EM VIA PÚBLICA,ES,CARIACICA,CRUZEIRO DO SUL,VIA PÚBLICA,roubos,patrimonial,2025.0,3.0,MAR,2025-03-01,3.0,QUI,False,9.0,MANHA
2025-03-06,18:00:00,CRIMES CONTRA PATRIMÔNIO,CRIMES CONTRA PATRIMÔNIO: ROUBO: A PESSOA EM VIA PÚBLICA,ES,SERRA,CASTELANDIA,VIA PÚBLICA,roubos,patrimonial,2025.0,3.0,MAR,2025-03-01,3.0,QUI,False,18.0,NOITE
2025-03-06,05:30:00,CRIMES CONTRA PATRIMÔNIO,CRIMES CONTRA PATRIMÔNIO: ROUBO: A PESSOA EM VIA PÚBLICA,ES,VILA VELHA,GLORIA,VIA PÚBLICA,roubos,patrimonial,2025.0,3.0,MAR,2025-03-01,3.0,QUI,False,5.0,MADRUGADA
2025-03-06,07:10:00,CRIMES CONTRA PATRIMÔNIO,CRIMES CONTRA PATRIMÔNIO: ROUBO: A PESSOA EM VIA PÚBLICA,ES,VITORIA,ILHA DO PRINCIPE,VIA PÚBLICA,roubos,patrimonial,2025.0,3.0,MAR,2025-03-01,3.0,QUI,False,7.0,MANHA
2025-03-06,05:00:00,CRIMES CONTRA PATRIMÔNIO,CRIMES CONTRA PATRIMÔNIO: ROUBO: A PESSOA EM VIA PÚBLICA,ES,CARIACICA,ITACIBA,VIA PÚBLICA,roubos,patrimonial,2025.0,3.0,MAR,2025-03-01,3.0,QUI,False,5.0,MADRUGADA
2025-03-06,20:30:00,CRIMES CONTRA PATRIMÔNIO,CRIMES CONTRA PATRIMÔNIO: ROUBO: A PESSOA EM VIA PÚBLICA,ES,CARIACICA,GRAUNA,VIA PÚBLICA,roubos,patrimonial,2025.0,3.0,MAR,2025-03-01,3.0,QUI,False,20.0,NOITE
2025-03-06,15:00:00,CRIMES CONTRA PATRIMÔNIO,CRIMES CONTRA PATRIMÔNIO: ROUBO: A PESSOA EM VIA PÚBLICA,ES,VITORIA,BENTO FERREIRA,VIA PÚBLICA,roubos,patrimonial,2025.0,3.0,MAR,2025-03-01,3.0,QUI,False,15.0,TARDE
2025-03-06,00:00:00,CRIMES CONTRA PATRIMÔNIO,CRIMES CONTRA PATRIMÔNIO: ROUBO: A PESSOA EM VIA PÚBLICA,ES,VITORIA,ILHA DO PRINCIPE,VIA PÚBLICA,roubos,patrimonial,2025.0,3.0,MAR,2025-03-01,3.0,QUI,False,0.0,MADRUGADA
2025-03-06,17:55:00,CRIMES CONTRA PATRIMÔNIO,CRIMES CONTRA PATRIMÔNIO: ROUBO: A PESSOA EM VIA PÚBLICA,ES,SERRA,BAIRRO DAS LARANJEIRAS,VIA PÚBLICA,roubos,patrimonial,2025.0,3.0,MAR,2025-03-01,3.0,QUI,False,17.0,TARDE
2025-03-06,16:00:00,CRIMES CONTRA PATRIMÔNIO,CRIMES CONTRA PATRIMÔNIO: ROUBO: A PESSOA EM VIA PÚBLICA,ES,CARIACICA,MUCURI,VIA PÚBLICA,roubos,patrimonial,2025.0,3.0,MAR,2025-03-01,3.0,QUI,False,16.0,TARDE
2025-03-06,20:00:00,CRIMES CONTRA PATRIMÔNIO,CRIMES CONTRA PATRIMÔNIO: ROUBO: A PESSOA EM VIA PÚBLICA,ES,VILA VELHA,DIVINO ESPIRITO SANTO,VIA PÚBLICA,roubos,patrimonial,2025.0,3.0,MAR,2025-03-01,3.0,QUI,False,20.0,NOITE
2025-03-06,10:00:00,CRIMES CONTRA PATRIMÔNIO,CRIMES CONTRA PATRIMÔNIO: ROUBO: A PESSOA EM VIA PÚBLICA,ES,SERRA,PARQUE RESIDENCIAL LARANJEIRAS,VIA PÚBLICA,roubos,patrimonial,2025.0,3.0,MAR,2025-03-01,3.0,QUI,False,10.0,MANHA
2025-03-06,21:40:00,CRIMES CONTRA PATRIMÔNIO,CRIMES CONTRA PATRIMÔNIO: ROUBO: A PESSOA EM VIA PÚBLICA,ES,CARIACICA,VISTA MAR,VIA PÚBLICA,roubos,patrimonial,2025.0,3.0,MAR,2025-03-01,3.0,QUI,False,21.0,NOITE
2025-03-06,12:00:00,CRIMES CONTRA PATRIMÔNIO,CRIMES CONTRA PATRIMÔNIO: ROUBO: A PESSOA EM VIA PÚBLICA,ES,CARIACICA,JARDIM CAMPO GRANDE,VIA PÚBLICA,roubos,patrimonial,2025.0,3.0,MAR,2025-03-01,3.0,QUI,False,12.0,TARDE
2025-03-06,22:45:00,CRIMES CONTRA PATRIMÔNIO,CRIMES CONTRA PATRIMÔNIO: ROUBO: EM TRANSPORTE COLETIVO,ES,SERRA,JARDIM LIMOEIRO,VEÍCULO,roubos,patrimonial,2025.0,3.0,MAR,2025-03-01,3.0,QUI,False,22.0,NOITE
2025-03-06,07:30:00,CRIMES CONTRA PATRIMÔNIO,CRIMES CONTRA PATRIMÔNIO: ROUBO: EM TRANSPORTE COLETIVO,ES,VITORIA,GOIABEIRAS,TRANSP COLETIVO,roubos,patrimonial,2025.0,3.0,MAR,2025-03-01,3.0,QUI,False,7.0,MANHA
2025-03-06,21:30:00,CRIMES CONTRA PATRIMÔNIO,CRIMES CONTRA PATRIMÔNIO: ROUBO: EM TRANSPORTE COLETIVO,ES,CARIACICA,OUTRO LOCAL,TRANSP COLETIVO,roubos,patrimonial,2025.0,3.0,MAR,2025-03-01,3.0,QUI,False,21.0,NOITE
2025-03-06,08:35:00,CRIMES CONTRA PATRIMÔNIO,CRIMES CONTRA PATRIMÔNIO: ROUBO: EM TRANSPORTE COLETIVO,ES,VITORIA,REPUBLICA,TRANSP COLETIVO,roubos,patrimonial,2025.0,3.0,MAR,2025-03-01,3.0,QUI,False,8.0,MANHA
2025-03-06,21:45:00,CRIMES CONTRA PATRIMÔNIO,CRIMES CONTRA PATRIMÔNIO: ROUBO: EM TRANSPORTE COLETIVO,ES,SERRA,CENTRAL CARAPINA,TRANSP COLETIVO,roubos,patrimonial,2025.0,3.0,MAR,2025-03-01,3.0,QUI,False,21.0,NOITE
2025-03-06,21:35:00,CRIMES CONTRA PATRIMÔNIO,CRIMES CONTRA PATRIMÔNIO: ROUBO: EM TRANSPORTE COLETIVO,ES,SERRA,OUTRO LOCAL,VEÍCULO,roubos,patrimonial,2025.0,3.0,MAR,2025-03-01,3.0,QUI,False,21.0,NOITE
2025-03-06,21:45:00,CRIMES CONTRA PATRIMÔNIO,CRIMES CONTRA PATRIMÔNIO: ROUBO: EM TRANSPORTE COLETIVO,ES,SERRA,CARAPINA I,TRANSP COLETIVO,roubos,patrimonial,2025.0,3.0,MAR,2025-03-01,3.0,QUI,False,21.0,NOITE
2025-03-06,09:00:00,CRIMES CONTRA PATRIMÔNIO,CRIMES CONTRA PATRIMÔNIO: ROUBO: EM ESTABELECIMENTO COMERCIAL,ES,GUARAPARI,RECANTO DA SEREIA,COMÉRCIO,roubos,patrimonial,2025.0,3.0,MAR,2025-03-01,3.0,QUI,False,9.0,MANHA
2025-03-07,05:20:00,CRIMES CONTRA PATRIMÔNIO,CRIMES CONTRA PATRIMÔNIO: ROUBO: A PESSOA EM VIA PÚBLICA,ES,CARIACICA,DOM BOSCO,VIA PÚBLICA,roubos,patrimonial,2025.0,3.0,MAR,2025-03-01,4.0,SEX,False,5.0,MADRUGADA
2025-03-07,05:20:00,CRIMES CONTRA PATRIMÔNIO,CRIMES CONTRA PATRIMÔNIO: ROUBO: A PESSOA EM VIA PÚBLICA,ES,CARIACICA,ALTO LAGE,VIA PÚBLICA,roubos,patrimonial,2025.0,3.0,MAR,2025-03-01,4.0,SEX,False,5.0,MADRUGADA
2025-03-07,04:15:00,CRIMES CONTRA PATRIMÔNIO,CRIMES CONTRA PATRIMÔNIO: ROUBO: A PESSOA EM VIA PÚBLICA,ES,VITORIA,CONSOLACAO,VIA PÚBLICA,roubos,patrimonial,2025.0,3.0,MAR,2025-03-01,4.0,SEX,False,4.0,MADRUGADA
2025-03-07,09:10:00,CRIMES CONTRA PATRIMÔNIO,CRIMES CONTRA PATRIMÔNIO: ROUBO: A PESSOA EM VIA PÚBLICA,ES,VILA VELHA,ARIBIRI,VIA PÚBLICA,roubos,patrimonial,2025.0,3.0,MAR,2025-03-01,4.0,SEX,False,9.0,MANHA
2025-03-07,01:50:00,CRIMES CONTRA PATRIMÔNIO,CRIMES CONTRA PATRIMÔNIO: ROUBO: A PESSOA EM VIA PÚBLICA,ES,VIANA,CENTRO,VIA PÚBLICA,roubos,patrimonial,2025.0,3.0,MAR,2025-03-01,4.0,SEX,False,1.0,MADRUGADA
2025-03-07,13:01:00,CRIMES CONTRA PATRIMÔNIO,CRIMES CONTRA PATRIMÔNIO: ROUBO: A PESSOA EM VIA PÚBLICA,ES,SERRA,PARQUE RESIDENCIAL LARANJEIRAS,VIA PÚBLICA,roubos,patrimonial,2025.0,3.0,MAR,2025-03-01,4.0,SEX,False,13.0,TARDE
2025-03-07,05:30:00,CRIMES CONTRA PATRIMÔNIO,CRIMES CONTRA PATRIMÔNIO: ROUBO: A PESSOA EM VIA PÚBLICA,ES,CARIACICA,VERA CRUZ,VEÍCULO,roubos,patrimonial,2025.0,3.0,MAR,2025-03-01,4.0,SEX,False,5.0,MADRUGADA
2025-03-07,13:00:00,CRIMES CONTRA PATRIMÔNIO,CRIMES CONTRA PATRIMÔNIO: ROUBO: A PESSOA EM VIA PÚBLICA,ES,VILA VELHA,COCAL,VIA PÚBLICA,roubos,patrimonial,2025.0,3.0,MAR,2025-03-01,4.0,SEX,False,13.0,TARDE
2025-03-07,20:30:00,CRIMES CONTRA PATRIMÔNIO,CRIMES CONTRA PATRIMÔNIO: ROUBO: A PESSOA EM VIA PÚBLICA,ES,VITORIA,PRAIA DO CANTO,VIA PÚBLICA,roubos,patrimonial,2025.0,3.0,MAR,2025-03-01,4.0,SEX,False,20.0,NOITE
2025-03-07,23:13:00,CRIMES CONTRA PATRIMÔNIO,CRIMES CONTRA PATRIMÔNIO: ROUBO: A PESSOA EM VIA PÚBLICA,ES,GUARAPARI,PRAIA DO MORRO,VIA PÚBLICA,roubos,patrimonial,2025.0,3.0,MAR,2025-03-01,4.0,SEX,False,23.0,NOITE
2025-03-07,19:40:00,CRIMES CONTRA PATRIMÔNIO,CRIMES CONTRA PATRIMÔNIO: ROUBO: A PESSOA EM VIA PÚBLICA,ES,GUARAPARI,NOVA GUARAPARI,VIA PÚBLICA,roubos,patrimonial,2025.0,3.0,MAR,2025-03-01,4.0,SEX,False,19.0,NOITE
2025-03-07,01:50:00,CRIMES CONTRA PATRIMÔNIO,CRIMES CONTRA PATRIMÔNIO: ROUBO: A PESSOA EM VIA PÚBLICA,ES,CACHOEIRO DE ITAPEMIRIM,NOVO PARQUE,VIA PÚBLICA,roubos,patrimonial,2025.0,3.0,MAR,2025-03-01,4.0,SEX,False,1.0,MADRUGADA
2025-03-07,23:40:00,CRIMES CONTRA PATRIMÔNIO,CRIMES CONTRA PATRIMÔNIO: ROUBO: A PESSOA EM VIA PÚBLICA,ES,SERRA,PARQUE RESIDENCIAL LARANJEIRAS,OUTRO LOCAL,roubos,patrimonial,2025.0,3.0,MAR,2025-03-01,4.0,SEX,False,23.0,NOITE
2025-03-07,22:45:00,CRIMES CONTRA PATRIMÔNIO,CRIMES CONTRA PATRIMÔNIO: ROUBO: A PESSOA EM VIA PÚBLICA,ES,VILA VELHA,COQUEIRAL DE ITAPARICA,VIA PÚBLICA,roubos,patrimonial,2025.0,3.0,MAR,2025-03-01,4.0,SEX,False,22.0,NOITE
2025-03-07,19:00:00,CRIMES CONTRA PATRIMÔNIO,CRIMES CONTRA PATRIMÔNIO: ROUBO: A PESSOA EM VIA PÚBLICA,ES,CARIACICA,SANTO ANDRE,VIA PÚBLICA,roubos,patrimonial,2025.0,3.0,MAR,2025-03-01,4.0,SEX,False,19.0,NOITE
2025-03-07,20:00:00,CRIMES CONTRA PATRIMÔNIO,CRIMES CONTRA PATRIMÔNIO: ROUBO: A PESSOA EM VIA PÚBLICA,ES,SERRA,BAIRRO DAS LARANJEIRAS,COMÉRCIO,roubos,patrimonial,2025.0,3.0,MAR,2025-03-01,4.0,SEX,False,20.0,NOITE
2025-03-07,12:00:00,CRIMES CONTRA PATRIMÔNIO,CRIMES CONTRA PATRIMÔNIO: ROUBO: A PESSOA EM VIA PÚBLICA,ES,LINHARES,CENTRO,VIA PÚBLICA,roubos,patrimonial,2025.0,3.0,MAR,2025-03-01,4.0,SEX,False,12.0,TARDE
2025-03-07,22:00:00,CRIMES CONTRA PATRIMÔNIO,CRIMES CONTRA PATRIMÔNIO: ROUBO: A PESSOA EM VIA PÚBLICA,ES,LINHARES,SHELL,VIA PÚBLICA,roubos,patrimonial,2025.0,3.0,MAR,2025-03-01,4.0,SEX,False,22.0,NOITE
2025-03-07,17:00:00,CRIMES CONTRA PATRIMÔNIO,CRIMES CONTRA PATRIMÔNIO: ROUBO: A PESSOA EM VIA PÚBLICA,ES,VILA VELHA,BARRA DO JUCU,RODOVIA ESTADUAL,roubos,patrimonial,2025.0,3.0,MAR,2025-03-01,4.0,SEX,False,17.0,TARDE
2025-03-07,02:00:00,CRIMES CONTRA PATRIMÔNIO,CRIMES CONTRA PATRIMÔNIO: ROUBO: A PESSOA EM VIA PÚBLICA,ES,VITORIA,JARDIM CAMBURI,VIA PÚBLICA,roubos,patrimonial,2025.0,3.0,MAR,2025-03-01,4.0,SEX,False,2.0,MADRUGADA
2025-03-07,15:30:00,CRIMES CONTRA PATRIMÔNIO,CRIMES CONTRA PATRIMÔNIO: ROUBO: A PESSOA EM VIA PÚBLICA,ES,CARIACICA,PORTO DE SANTANA,VIA PÚBLICA,roubos,patrimonial,2025.0,3.0,MAR,2025-03-01,4.0,SEX,False,15.0,TARDE
2025-03-07,03:00:00,CRIMES CONTRA PATRIMÔNIO,CRIMES CONTRA PATRIMÔNIO: ROUBO: A PESSOA EM VIA PÚBLICA,ES,VITORIA,AEROPORTO,RODOVIA ESTADUAL,roubos,patrimonial,2025.0,3.0,MAR,2025-03-01,4.0,SEX,False,3.0,MADRUGADA
2025-03-07,14:35:00,CRIMES CONTRA PATRIMÔNIO,CRIMES CONTRA PATRIMÔNIO: ROUBO: A PESSOA EM VIA PÚBLICA,ES,VITORIA,CENTRO,VIA PÚBLICA,roubos,patrimonial,2025.0,3.0,MAR,2025-03-01,4.0,SEX,False,14.0,TARDE
2025-03-07,15:30:00,CRIMES CONTRA PATRIMÔNIO,CRIMES CONTRA PATRIMÔNIO: ROUBO: A PESSOA EM VIA PÚBLICA,ES,VITORIA,ILHA DO PRINCIPE,VIA PÚBLICA,roubos,patrimonial,2025.0,3.0,MAR,2025-03-01,4.0,SEX,False,15.0,TARDE
2025-03-07,22:00:00,CRIMES CONTRA PATRIMÔNIO,CRIMES CONTRA PATRIMÔNIO: ROUBO: A PESSOA EM VIA PÚBLICA,ES,VITORIA,ILHA DO PRINCIPE,VIA PÚBLICA,roubos,patrimonial,2025.0,3.0,MAR,2025-03-01,4.0,SEX,False,22.0,NOITE
2025-03-07,19:10:00,CRIMES CONTRA PATRIMÔNIO,CRIMES CONTRA PATRIMÔNIO: ROUBO: A PESSOA EM VIA PÚBLICA,ES,CARIACICA,JARDIM BOTANICO,RESIDÊNCIA,roubos,patrimonial,2025.0,3.0,MAR,2025-03-01,4.0,SEX,False,19.0,NOITE
2025-03-07,10:30:00,CRIMES CONTRA PATRIMÔNIO,CRIMES CONTRA PATRIMÔNIO: ROUBO: A PESSOA EM VIA PÚBLICA,ES,CARIACICA,CAMPO GRANDE,VIA PÚBLICA,roubos,patrimonial,2025.0,3.0,MAR,2025-03-01,4.0,SEX,False,10.0,MANHA
2025-03-07,20:00:00,CRIMES CONTRA PATRIMÔNIO,CRIMES CONTRA PATRIMÔNIO: ROUBO: A PESSOA EM VIA PÚBLICA,ES,VITORIA,SANTA LUIZA,VIA PÚBLICA,roubos,patrimonial,2025.0,3.0,MAR,2025-03-01,4.0,SEX,False,20.0,NOITE
2025-03-07,13:23:00,CRIMES CONTRA PATRIMÔNIO,CRIMES CONTRA PATRIMÔNIO: ROUBO: A PESSOA EM VIA PÚBLICA,ES,VITORIA,ESTRELINHA,VIA PÚBLICA,roubos,patrimonial,2025.0,3.0,MAR,2025-03-01,4.0,SEX,False,13.0,TARDE
2025-03-07,15:30:00,CRIMES CONTRA PATRIMÔNIO,CRIMES CONTRA PATRIMÔNIO: ROUBO: A PESSOA EM VIA PÚBLICA,ES,VITORIA,ILHA DO PRINCIPE,VIA PÚBLICA,roubos,patrimonial,2025.0,3.0,MAR,2025-03-01,4.0,SEX,False,15.0,TARDE
2025-03-07,17:00:00,CRIMES CONTRA PATRIMÔNIO,CRIMES CONTRA PATRIMÔNIO: ROUBO: A PESSOA EM VIA PÚBLICA,ES,VIANA,CENTRO,VIA PÚBLICA,roubos,patrimonial,2025.0,3.0,MAR,2025-03-01,4.0,SEX,False,17.0,TARDE
2025-03-07,16:37:00,CRIMES CONTRA PATRIMÔNIO,CRIMES CONTRA PATRIMÔNIO: ROUBO: A PESSOA EM VIA PÚBLICA,ES,SERRA,CARAPINA I,AGÊNCIA BANCÁRIA,roubos,patrimonial,2025.0,3.0,MAR,2025-03-01,4.0,SEX,False,16.0,TARDE
2025-03-07,17:30:00,CRIMES CONTRA PATRIMÔNIO,CRIMES CONTRA PATRIMÔNIO: ROUBO: A PESSOA EM VIA PÚBLICA,ES,VILA VELHA,PAUL,VIA PÚBLICA,roubos,patrimonial,2025.0,3.0,MAR,2025-03-01,4.0,SEX,False,17.0,TARDE
2025-03-07,18:40:00,CRIMES CONTRA PATRIMÔNIO,CRIMES CONTRA PATRIMÔNIO: ROUBO: A PESSOA EM VIA PÚBLICA,ES,SERRA,JARDIM CARAPINA,RODOVIA ESTADUAL,roubos,patrimonial,2025.0,3.0,MAR,2025-03-01,4.0,SEX,False,18.0,NOITE
2025-03-07,20:00:00,CRIMES CONTRA PATRIMÔNIO,CRIMES CONTRA PATRIMÔNIO: ROUBO: A PESSOA EM VIA PÚBLICA,ES,SERRA,BAIRRO DAS LARANJEIRAS,COMÉRCIO,roubos,patrimonial,2025.0,3.0,MAR,2025-03-01,4.0,SEX,False,20.0,NOITE
2025-03-07,22:00:00,CRIMES CONTRA PATRIMÔNIO,CRIMES CONTRA PATRIMÔNIO: ROUBO: A PESSOA EM VIA PÚBLICA,ES,VILA VELHA,JOCKEY DE ITAPARICA,RODOVIA ESTADUAL,roubos,patrimonial,2025.0,3.0,MAR,2025-03-01,4.0,SEX,False,22.0,NOITE
2025-03-07,23:49:00,CRIMES CONTRA PATRIMÔNIO,CRIMES CONTRA PATRIMÔNIO: ROUBO: EM TRANSPORTE COLETIVO,ES,VITORIA,GOIABEIRAS,TRANSP COLETIVO,roubos,patrimonial,2025.0,3.0,MAR,2025-03-01,4.0,SEX,False,23.0,NOITE
2025-03-07,06:20:00,CRIMES CONTRA PATRIMÔNIO,CRIMES CONTRA PATRIMÔNIO: ROUBO: EM TRANSPORTE COLETIVO,ES,VITORIA,CENTRO,TRANSP COLETIVO,roubos,patrimonial,2025.0,3.0,MAR,2025-03-01,4.0,SEX,False,6.0,MANHA
2025-03-07,19:40:00,CRIMES CONTRA PATRIMÔNIO,CRIMES CONTRA PATRIMÔNIO: ROUBO: EM TRANSPORTE COLETIVO,ES,SERRA,RESIDENCIAL JACARAIPE,TRANSP COLETIVO,roubos,patrimonial,2025.0,3.0,MAR,2025-03-01,4.0,SEX,False,19.0,NOITE
2025-03-07,14:00:00,CRIMES CONTRA PATRIMÔNIO,CRIMES CONTRA PATRIMÔNIO: ROUBO: EM ESTABELECIMENTO COMERCIAL,ES,VILA VELHA,COQUEIRAL DE ITAPARICA,COMÉRCIO,roubos,patrimonial,2025.0,3.0,MAR,2025-03-01,4.0,SEX,False,14.0,TARDE
2025-03-07,03:00:00,CRIMES CONTRA PATRIMÔNIO,CRIMES CONTRA PATRIMÔNIO: ROUBO: EM RESIDÊNCIA/CONDOMÍNIO,ES,CACHOEIRO DE ITAPEMIRIM,INDEPENDENCIA,RESIDÊNCIA,roubos,patrimonial,2025.0,3.0,MAR,2025-03-01,4.0,SEX,False,3.0,MADRUGADA
2025-03-08,20:45:00,CRIMES CONTRA PATRIMÔNIO,CRIMES CONTRA PATRIMÔNIO: ROUBO: A PESSOA EM VIA PÚBLICA,ES,VITORIA,ENSEADA DO SUA,VIA PÚBLICA,roubos,patrimonial,2025.0,3.0,MAR,2025-03-01,5.0,SAB,True,20.0,NOITE
2025-03-08,04:00:00,CRIMES CONTRA PATRIMÔNIO,CRIMES CONTRA PATRIMÔNIO: ROUBO: A PESSOA EM VIA PÚBLICA,ES,VITORIA,CENTRO,VIA PÚBLICA,roubos,patrimonial,2025.0,3.0,MAR,2025-03-01,5.0,SAB,True,4.0,MADRUGADA
2025-03-08,13:49:00,CRIMES CONTRA PATRIMÔNIO,CRIMES CONTRA PATRIMÔNIO: ROUBO: A PESSOA EM VIA PÚBLICA,ES,DOMINGOS MARTINS,PEROBAS,VIA PÚBLICA,roubos,patrimonial,2025.0,3.0,MAR,2025-03-01,5.0,SAB,True,13.0,TARDE
2025-03-08,14:20:00,CRIMES CONTRA PATRIMÔNIO,CRIMES CONTRA PATRIMÔNIO: ROUBO: A PESSOA EM VIA PÚBLICA,ES,LINHARES,INTERLAGOS,VIA PÚBLICA,roubos,patrimonial,2025.0,3.0,MAR,2025-03-01,5.0,SAB,True,14.0,TARDE
2025-03-08,19:38:00,CRIMES CONTRA PATRIMÔNIO,CRIMES CONTRA PATRIMÔNIO: ROUBO: A PESSOA EM VIA PÚBLICA,ES,SAO MATEUS,AVIACAO,VIA PÚBLICA,roubos,patrimonial,2025.0,3.0,MAR,2025-03-01,5.0,SAB,True,19.0,NOITE
2025-03-08,19:20:00,CRIMES CONTRA PATRIMÔNIO,CRIMES CONTRA PATRIMÔNIO: ROUBO: A PESSOA EM VIA PÚBLICA,ES,SERRA,LARANJEIRAS VELHA,VIA PÚBLICA,roubos,patrimonial,2025.0,3.0,MAR,2025-03-01,5.0,SAB,True,19.0,NOITE
2025-03-08,17:30:00,CRIMES CONTRA PATRIMÔNIO,CRIMES CONTRA PATRIMÔNIO: ROUBO: A PESSOA EM VIA PÚBLICA,ES,GUARAPARI,PRAIA DO MORRO,VIA PÚBLICA,roubos,patrimonial,2025.0,3.0,MAR,2025-03-01,5.0,SAB,True,17.0,TARDE
2025-03-08,20:08:00,CRIMES CONTRA PATRIMÔNIO,CRIMES CONTRA PATRIMÔNIO: ROUBO: A PESSOA EM VIA PÚBLICA,ES,SAO MATEUS,SERNAMBY,VIA PÚBLICA,roubos,patrimonial,2025.0,3.0,MAR,2025-03-01,5.0,SAB,True,20.0,NOITE
2025-03-08,15:00:00,CRIMES CONTRA PATRIMÔNIO,CRIMES CONTRA PATRIMÔNIO: ROUBO: A PESSOA EM VIA PÚBLICA,ES,SERRA,COLINA DE LARANJEIRAS,VIA PÚBLICA,roubos,patrimonial,2025.0,3.0,MAR,2025-03-01,5.0,SAB,True,15.0,TARDE
2025-03-08,20:20:00,CRIMES CONTRA PATRIMÔNIO,CRIMES CONTRA PATRIMÔNIO: ROUBO: A PESSOA EM VIA PÚBLICA,ES,VILA VELHA,JARDIM DO VALE,VIA PÚBLICA,roubos,patrimonial,2025.0,3.0,MAR,2025-03-01,5.0,SAB,True,20.0,NOITE
2025-03-08,20:10:00,CRIMES CONTRA PATRIMÔNIO,CRIMES CONTRA PATRIMÔNIO: ROUBO: A PESSOA EM VIA PÚBLICA,ES,VILA VELHA,JARDIM DO VALE,VIA PÚBLICA,roubos,patrimonial,2025.0,3.0,MAR,2025-03-01,5.0,SAB,True,20.0,NOITE
2025-03-08,18:30:00,CRIMES CONTRA PATRIMÔNIO,CRIMES CONTRA PATRIMÔNIO: ROUBO: A PESSOA EM VIA PÚBLICA,ES,VITORIA,JARDIM DA PENHA,VIA PÚBLICA,roubos,patrimonial,2025.0,3.0,MAR,2025-03-01,5.0,SAB,True,18.0,NOITE
2025-03-08,18:50:00,CRIMES CONTRA PATRIMÔNIO,CRIMES CONTRA PATRIMÔNIO: ROUBO: A PESSOA EM VIA PÚBLICA,ES,SERRA,COLINA DE LARANJEIRAS,VIA PÚBLICA,roubos,patrimonial,2025.0,3.0,MAR,2025-03-01,5.0,SAB,True,18.0,NOITE
2025-03-08,10:00:00,CRIMES CONTRA PATRIMÔNIO,CRIMES CONTRA PATRIMÔNIO: ROUBO: A PESSOA EM VIA PÚBLICA,ES,ARACRUZ,CENTRO,VIA PÚBLICA,roubos,patrimonial,2025.0,3.0,MAR,2025-03-01,5.0,SAB,True,10.0,MANHA
2025-03-08,20:00:00,CRIMES CONTRA PATRIMÔNIO,CRIMES CONTRA PATRIMÔNIO: ROUBO: A PESSOA EM VIA PÚBLICA,ES,VITORIA,ENSEADA DO SUA,VIA PÚBLICA,roubos,patrimonial,2025.0,3.0,MAR,2025-03-01,5.0,SAB,True,20.0,NOITE
2025-03-08,21:00:00,CRIMES CONTRA PATRIMÔNIO,CRIMES CONTRA PATRIMÔNIO: ROUBO: A PESSOA EM VIA PÚBLICA,ES,CACHOEIRO DE ITAPEMIRIM,GUANDU,VIA PÚBLICA,roubos,patrimonial,2025.0,3.0,MAR,2025-03-01,5.0,SAB,True,21.0,NOITE
2025-03-08,22:00:00,CRIMES CONTRA PATRIMÔNIO,CRIMES CONTRA PATRIMÔNIO: ROUBO: A PESSOA EM VIA PÚBLICA,ES,SERRA,PRAIA DE CAPUBA,VIA PÚBLICA,roubos,patrimonial,2025.0,3.0,MAR,2025-03-01,5.0,SAB,True,22.0,NOITE
2025-03-08,05:55:00,CRIMES CONTRA PATRIMÔNIO,CRIMES CONTRA PATRIMÔNIO: ROUBO: A PESSOA EM VIA PÚBLICA,ES,CARIACICA,CASTELO BRANCO,OUTRO LOCAL,roubos,patrimonial,2025.0,3.0,MAR,2025-03-01,5.0,SAB,True,5.0,MADRUGADA
2025-03-08,23:00:00,CRIMES CONTRA PATRIMÔNIO,CRIMES CONTRA PATRIMÔNIO: ROUBO: A PESSOA EM VIA PÚBLICA,ES,VITORIA,VILA RUBIM,VIA PÚBLICA,roubos,patrimonial,2025.0,3.0,MAR,2025-03-01,5.0,SAB,True,23.0,NOITE
2025-03-08,07:30:00,CRIMES CONTRA PATRIMÔNIO,CRIMES CONTRA PATRIMÔNIO: ROUBO: A PESSOA EM VIA PÚBLICA,ES,SERRA,SAO PATRICIO,VIA PÚBLICA,roubos,patrimonial,2025.0,3.0,MAR,2025-03-01,5.0,SAB,True,7.0,MANHA
2025-03-08,Indeterminada,CRIMES CONTRA PATRIMÔNIO,CRIMES CONTRA PATRIMÔNIO: ROUBO: A PESSOA EM VIA PÚBLICA,ES,SERRA,PARQUE JACARAIPE,VIA PÚBLICA,roubos,patrimonial,2025.0,3.0,MAR,2025-03-01,5.0,SAB,True,,
2025-03-08,21:00:00,CRIMES CONTRA PATRIMÔNIO,CRIMES CONTRA PATRIMÔNIO: ROUBO: A PESSOA EM VIA PÚBLICA,ES,CARIACICA,VILA CAPIXABA,VIA PÚBLICA,roubos,patrimonial,2025.0,3.0,MAR,2025-03-01,5.0,SAB,True,21.0,NOITE
2025-03-08,21:30:00,CRIMES CONTRA PATRIMÔNIO,CRIMES CONTRA PATRIMÔNIO: ROUBO: A PESSOA EM VIA PÚBLICA,ES,VITORIA,BONFIM,TRANSP COLETIVO,roubos,patrimonial,2025.0,3.0,MAR,2025-03-01,5.0,SAB,True,21.0,NOITE
2025-03-08,00:00:00,CRIMES CONTRA PATRIMÔNIO,CRIMES CONTRA PATRIMÔNIO: ROUBO: A PESSOA EM VIA PÚBLICA,ES,VILA VELHA,NOVO MEXICO,COMÉRCIO,roubos,patrimonial,2025.0,3.0,MAR,2025-03-01,5.0,SAB,True,0.0,MADRUGADA
2025-03-08,21:30:00,CRIMES CONTRA PATRIMÔNIO,CRIMES CONTRA PATRIMÔNIO: ROUBO: A PESSOA EM VIA PÚBLICA,ES,CARIACICA,ITACIBA,VIA PÚBLICA,roubos,patrimonial,2025.0,3.0,MAR,2025-03-01,5.0,SAB,True,21.0,NOITE
2025-03-08,03:00:00,CRIMES CONTRA PATRIMÔNIO,CRIMES CONTRA PATRIMÔNIO: ROUBO: A PESSOA EM VIA PÚBLICA,ES,VITORIA,PRAIA DO SUA,VIA PÚBLICA,roubos,patrimonial,2025.0,3.0,MAR,2025-03-01,5.0,SAB,True,3.0,MADRUGADA
2025-03-08,07:30:00,CRIMES CONTRA PATRIMÔNIO,CRIMES CONTRA PATRIMÔNIO: ROUBO: A PESSOA EM VIA PÚBLICA,ES,SERRA,CARAPINA I,VIA PÚBLICA,roubos,patrimonial,2025.0,3.0,MAR,2025-03-01,5.0,SAB,True,7.0,MANHA
2025-03-08,16:00:00,CRIMES CONTRA PATRIMÔNIO,CRIMES CONTRA PATRIMÔNIO: ROUBO: A PESSOA EM VIA PÚBLICA,ES,VILA VELHA,BARRAMARES,VIA PÚBLICA,roubos,patrimonial,2025.0,3.0,MAR,2025-03-01,5.0,SAB,True,16.0,TARDE
2025-03-08,15:00:00,CRIMES CONTRA PATRIMÔNIO,CRIMES CONTRA PATRIMÔNIO: ROUBO: A PESSOA EM VIA PÚBLICA,ES,SERRA,COLINA DE LARANJEIRAS,VIA PÚBLICA,roubos,patrimonial,2025.0,3.0,MAR,2025-03-01,5.0,SAB,True,15.0,TARDE
2025-03-08,19:00:00,CRIMES CONTRA PATRIMÔNIO,CRIMES CONTRA PATRIMÔNIO: ROUBO: A PESSOA EM VIA PÚBLICA,ES,SERRA,PARQUE RESIDENCIAL LARANJEIRAS,VIA PÚBLICA,roubos,patrimonial,2025.0,3.0,MAR,2025-03-01,5.0,SAB,True,19.0,NOITE
2025-03-08,18:38:00,CRIMES CONTRA PATRIMÔNIO,CRIMES CONTRA PATRIMÔNIO: ROUBO: A PESSOA EM VIA PÚBLICA,ES,VITORIA,SAO CRISTOVAO,VIA PÚBLICA,roubos,patrimonial,2025.0,3.0,MAR,2025-03-01,5.0,SAB,True,18.0,NOITE
2025-03-08,10:00:00,CRIMES CONTRA PATRIMÔNIO,CRIMES CONTRA PATRIMÔNIO: ROUBO: EM TRANSPORTE COLETIVO,ES,SERRA,CIDADE POMAR,TRANSP COLETIVO,roubos,patrimonial,2025.0,3.0,MAR,2025-03-01,5.0,SAB,True,10.0,MANHA
2025-03-08,Indeterminada,CRIMES CONTRA PATRIMÔNIO,CRIMES CONTRA PATRIMÔNIO: ROUBO: EM TRANSPORTE COLETIVO,ES,CARIACICA,CAMPO GRANDE,TRANSP COLETIVO,roubos,patrimonial,2025.0,3.0,MAR,2025-03-01,5.0,SAB,True,,
2025-03-08,19:22:00,CRIMES CONTRA PATRIMÔNIO,CRIMES CONTRA PATRIMÔNIO: ROUBO: EM RESIDÊNCIA/CONDOMÍNIO,ES,SAO JOSE DO CALCADO,DIVINEIA,RESIDÊNCIA,roubos,patrimonial,2025.0,3.0,MAR,2025-03-01,5.0,SAB,True,19.0,NOITE
2025-03-09,01:30:00,CRIMES CONTRA PATRIMÔNIO,CRIMES CONTRA PATRIMÔNIO: ROUBO: A PESSOA EM VIA PÚBLICA,ES,VITORIA,JARDIM DA PENHA,VIA PÚBLICA,roubos,patrimonial,2025.0,3.0,MAR,2025-03-01,6.0,DOM,True,1.0,MADRUGADA
2025-03-09,16:00:00,CRIMES CONTRA PATRIMÔNIO,CRIMES CONTRA PATRIMÔNIO: ROUBO: A PESSOA EM VIA PÚBLICA,ES,SERRA,SERRA DOURADA III,VIA PÚBLICA,roubos,patrimonial,2025.0,3.0,MAR,2025-03-01,6.0,DOM,True,16.0,TARDE
2025-03-09,08:30:00,CRIMES CONTRA PATRIMÔNIO,CRIMES CONTRA PATRIMÔNIO: ROUBO: A PESSOA EM VIA PÚBLICA,ES,VILA VELHA,ILHA DOS AYRES,VIA PÚBLICA,roubos,patrimonial,2025.0,3.0,MAR,2025-03-01,6.0,DOM,True,8.0,MANHA
2025-03-09,20:00:00,CRIMES CONTRA PATRIMÔNIO,CRIMES CONTRA PATRIMÔNIO: ROUBO: A PESSOA EM VIA PÚBLICA,ES,VITORIA,DE LOURDES,VIA PÚBLICA,roubos,patrimonial,2025.0,3.0,MAR,2025-03-01,6.0,DOM,True,20.0,NOITE
2025-03-09,19:30:00,CRIMES CONTRA PATRIMÔNIO,CRIMES CONTRA PATRIMÔNIO: ROUBO: A PESSOA EM VIA PÚBLICA,ES,VIANA,CANAA,VIA PÚBLICA,roubos,patrimonial,2025.0,3.0,MAR,2025-03-01,6.0,DOM,True,19.0,NOITE
2025-03-09,01:30:00,CRIMES CONTRA PATRIMÔNIO,CRIMES CONTRA PATRIMÔNIO: ROUBO: A PESSOA EM VIA PÚBLICA,ES,CARIACICA,VILA CAPIXABA,VIA PÚBLICA,roubos,patrimonial,2025.0,3.0,MAR,2025-03-01,6.0,DOM,True,1.0,MADRUGADA
2025-03-09,20:00:00,CRIMES CONTRA PATRIMÔNIO,CRIMES CONTRA PATRIMÔNIO: ROUBO: A PESSOA EM VIA PÚBLICA,ES,VITORIA,DE LOURDES,VIA PÚBLICA,roubos,patrimonial,2025.0,3.0,MAR,2025-03-01,6.0,DOM,True,20.0,NOITE
2025-03-09,05:00:00,CRIMES CONTRA PATRIMÔNIO,CRIMES CONTRA PATRIMÔNIO: ROUBO: A PESSOA EM VIA PÚBLICA,ES,VITORIA,PRAIA DO SUA,VIA PÚBLICA,roubos,patrimonial,2025.0,3.0,MAR,2025-03-01,6.0,DOM,True,5.0,MADRUGADA
2025-03-09,06:00:00,CRIMES CONTRA PATRIMÔNIO,CRIMES CONTRA PATRIMÔNIO: ROUBO: A PESSOA EM VIA PÚBLICA,ES,CARIACICA,VILA MERLO,VIA PÚBLICA,roubos,patrimonial,2025.0,3.0,MAR,2025-03-01,6.0,DOM,True,6.0,MANHA
2025-03-09,16:00:00,CRIMES CONTRA PATRIMÔNIO,CRIMES CONTRA PATRIMÔNIO: ROUBO: A PESSOA EM VIA PÚBLICA,ES,MARATAIZES,OUTRO LOCAL,VIA PÚBLICA,roubos,patrimonial,2025.0,3.0,MAR,2025-03-01,6.0,DOM,True,16.0,TARDE
2025-03-09,13:00:00,CRIMES CONTRA PATRIMÔNIO,CRIMES CONTRA PATRIMÔNIO: ROUBO: A PESSOA EM VIA PÚBLICA,ES,VITORIA,REPUBLICA,VIA PÚBLICA,roubos,patrimonial,2025.0,3.0,MAR,2025-03-01,6.0,DOM,True,13.0,TARDE
2025-03-09,21:30:00,CRIMES CONTRA PATRIMÔNIO,CRIMES CONTRA PATRIMÔNIO: ROUBO: A PESSOA EM VIA PÚBLICA,ES,CACHOEIRO DE ITAPEMIRIM,SOTURNO,RODOVIA ESTADUAL,roubos,patrimonial,2025.0,3.0,MAR,2025-03-01,6.0,DOM,True,21.0,NOITE
2025-03-09,21:20:00,CRIMES CONTRA PATRIMÔNIO,CRIMES CONTRA PATRIMÔNIO: ROUBO: A PESSOA EM VIA PÚBLICA,ES,VITORIA,ENSEADA DO SUA,VIA PÚBLICA,roubos,patrimonial,2025.0,3.0,MAR,2025-03-01,6.0,DOM,True,21.0,NOITE
2025-03-09,21:10:00,CRIMES CONTRA PATRIMÔNIO,CRIMES CONTRA PATRIMÔNIO: ROUBO: A PESSOA EM VIA PÚBLICA,ES,CARIACICA,CAMPO GRANDE,VIA PÚBLICA,roubos,patrimonial,2025.0,3.0,MAR,2025-03-01,6.0,DOM,True,21.0,NOITE
2025-03-09,12:19:00,CRIMES CONTRA PATRIMÔNIO,CRIMES CONTRA PATRIMÔNIO: ROUBO: A PESSOA EM VIA PÚBLICA,ES,CARIACICA,JARDIM CAMPO GRANDE,VIA PÚBLICA,roubos,patrimonial,2025.0,3.0,MAR,2025-03-01,6.0,DOM,True,12.0,TARDE
2025-03-09,02:30:00,CRIMES CONTRA PATRIMÔNIO,CRIMES CONTRA PATRIMÔNIO: ROUBO: A PESSOA EM VIA PÚBLICA,ES,SERRA,CASTELANDIA,VIA PÚBLICA,roubos,patrimonial,2025.0,3.0,MAR,2025-03-01,6.0,DOM,True,2.0,MADRUGADA
2025-03-09,06:00:00,CRIMES CONTRA PATRIMÔNIO,CRIMES CONTRA PATRIMÔNIO: ROUBO: A PESSOA EM VIA PÚBLICA,ES,VITORIA,MARUIPE,VIA PÚBLICA,roubos,patrimonial,2025.0,3.0,MAR,2025-03-01,6.0,DOM,True,6.0,MANHA
2025-03-09,13:00:00,CRIMES CONTRA PATRIMÔNIO,CRIMES CONTRA PATRIMÔNIO: ROUBO: A PESSOA EM VIA PÚBLICA,ES,CARIACICA,MORADA DE SANTA FE,VIA PÚBLICA,roubos,patrimonial,2025.0,3.0,MAR,2025-03-01,6.0,DOM,True,13.0,TARDE
2025-03-09,17:00:00,CRIMES CONTRA PATRIMÔNIO,CRIMES CONTRA PATRIMÔNIO: ROUBO: A PESSOA EM VIA PÚBLICA,ES,VITORIA,JARDIM CAMBURI,VIA PÚBLICA,roubos,patrimonial,2025.0,3.0,MAR,2025-03-01,6.0,DOM,True,17.0,TARDE
2025-03-10,08:30:00,CRIMES CONTRA PATRIMÔNIO,CRIMES CONTRA PATRIMÔNIO: ROUBO: A PESSOA EM VIA PÚBLICA,ES,VITORIA,MATA DA PRAIA,VIA PÚBLICA,roubos,patrimonial,2025.0,3.0,MAR,2025-03-01,0.0,SEG,False,8.0,MANHA
2025-03-10,10:04:00,CRIMES CONTRA PATRIMÔNIO,CRIMES CONTRA PATRIMÔNIO: ROUBO: A PESSOA EM VIA PÚBLICA,ES,VILA VELHA,CRISTOVAO COLOMBO,VIA PÚBLICA,roubos,patrimonial,2025.0,3.0,MAR,2025-03-01,0.0,SEG,False,10.0,MANHA
2025-03-10,05:27:00,CRIMES CONTRA PATRIMÔNIO,CRIMES CONTRA PATRIMÔNIO: ROUBO: A PESSOA EM VIA PÚBLICA,ES,VITORIA,FORTE SAO JOAO,RODOVIA ESTADUAL,roubos,patrimonial,2025.0,3.0,MAR,2025-03-01,0.0,SEG,False,5.0,MADRUGADA
2025-03-10,12:52:00,CRIMES CONTRA PATRIMÔNIO,CRIMES CONTRA PATRIMÔNIO: ROUBO: A PESSOA EM VIA PÚBLICA,ES,CARIACICA,JARDIM AMERICA,VIA PÚBLICA,roubos,patrimonial,2025.0,3.0,MAR,2025-03-01,0.0,SEG,False,12.0,TARDE
2025-03-10,03:40:00,CRIMES CONTRA PATRIMÔNIO,CRIMES CONTRA PATRIMÔNIO: ROUBO: A PESSOA EM VIA PÚBLICA,ES,SERRA,JOSE DE ANCHIETA,VIA PÚBLICA,roubos,patrimonial,2025.0,3.0,MAR,2025-03-01,0.0,SEG,False,3.0,MADRUGADA
2025-03-10,06:00:00,CRIMES CONTRA PATRIMÔNIO,CRIMES CONTRA PATRIMÔNIO: ROUBO: A PESSOA EM VIA PÚBLICA,ES,CARIACICA,PORTO DE SANTANA,VIA PÚBLICA,roubos,patrimonial,2025.0,3.0,MAR,2025-03-01,0.0,SEG,False,6.0,MANHA
2025-03-10,08:17:00,CRIMES CONTRA PATRIMÔNIO,CRIMES CONTRA PATRIMÔNIO: ROUBO: A PESSOA EM VIA PÚBLICA,ES,VITORIA,SAO CRISTOVAO,VIA PÚBLICA,roubos,patrimonial,2025.0,3.0,MAR,2025-03-01,0.0,SEG,False,8.0,MANHA
2025-03-10,16:00:00,CRIMES CONTRA PATRIMÔNIO,CRIMES CONTRA PATRIMÔNIO: ROUBO: A PESSOA EM VIA PÚBLICA,ES,VILA VELHA,COQUEIRAL DE ITAPARICA,VIA PÚBLICA,roubos,patrimonial,2025.0,3.0,MAR,2025-03-01,0.0,SEG,False,16.0,TARDE
2025-03-10,18:30:00,CRIMES CONTRA PATRIMÔNIO,CRIMES CONTRA PATRIMÔNIO: ROUBO: A PESSOA EM VIA PÚBLICA,ES,VITORIA,MONTE BELO,VIA PÚBLICA,roubos,patrimonial,2025.0,3.0,MAR,2025-03-01,0.0,SEG,False,18.0,NOITE
2025-03-10,18:40:00,CRIMES CONTRA PATRIMÔNIO,CRIMES CONTRA PATRIMÔNIO: ROUBO: A PESSOA EM VIA PÚBLICA,ES,CACHOEIRO DE ITAPEMIRIM,SUMARE,VIA PÚBLICA,roubos,patrimonial,2025.0,3.0,MAR,2025-03-01,0.0,SEG,False,18.0,NOITE
2025-03-10,Indeterminada,CRIMES CONTRA PATRIMÔNIO,CRIMES CONTRA PATRIMÔNIO: ROUBO: A PESSOA EM VIA PÚBLICA,ES,SERRA,CENTRAL CARAPINA,VIA PÚBLICA,roubos,patrimonial,2025.0,3.0,MAR,2025-03-01,0.0,SEG,False,,
2025-03-10,19:40:00,CRIMES CONTRA PATRIMÔNIO,CRIMES CONTRA PATRIMÔNIO: ROUBO: A PESSOA EM VIA PÚBLICA,ES,VITORIA,ENSEADA DO SUA,VIA PÚBLICA,roubos,patrimonial,2025.0,3.0,MAR,2025-03-01,0.0,SEG,False,19.0,NOITE
2025-03-10,20:30:00,CRIMES CONTRA PATRIMÔNIO,CRIMES CONTRA PATRIMÔNIO: ROUBO: A PESSOA EM VIA PÚBLICA,ES,CACHOEIRO DE ITAPEMIRIM,CENTRAL PARQUE,VIA PÚBLICA,roubos,patrimonial,2025.0,3.0,MAR,2025-03-01,0.0,SEG,False,20.0,NOITE
2025-03-10,18:28:00,CRIMES CONTRA PATRIMÔNIO,CRIMES CONTRA PATRIMÔNIO: ROUBO: A PESSOA EM VIA PÚBLICA,ES,VITORIA,ENSEADA DO SUA,VIA PÚBLICA,roubos,patrimonial,2025.0,3.0,MAR,2025-03-01,0.0,SEG,False,18.0,NOITE
2025-03-10,20:30:00,CRIMES CONTRA PATRIMÔNIO,CRIMES CONTRA PATRIMÔNIO: ROUBO: A PESSOA EM VIA PÚBLICA,ES,CARIACICA,APARECIDA,VIA PÚBLICA,roubos,patrimonial,2025.0,3.0,MAR,2025-03-01,0.0,SEG,False,20.0,NOITE
2025-03-10,13:00:00,CRIMES CONTRA PATRIMÔNIO,CRIMES CONTRA PATRIMÔNIO: ROUBO: A PESSOA EM VIA PÚBLICA,ES,VITORIA,JARDIM DA PENHA,VIA PÚBLICA,roubos,patrimonial,2025.0,3.0,MAR,2025-03-01,0.0,SEG,False,13.0,TARDE
2025-03-10,12:26:00,CRIMES CONTRA PATRIMÔNIO,CRIMES CONTRA PATRIMÔNIO: ROUBO: A PESSOA EM VIA PÚBLICA,ES,VITORIA,JARDIM DA PENHA,VIA PÚBLICA,roubos,patrimonial,2025.0,3.0,MAR,2025-03-01,0.0,SEG,False,12.0,TARDE
2025-03-10,18:15:00,CRIMES CONTRA PATRIMÔNIO,CRIMES CONTRA PATRIMÔNIO: ROUBO: A PESSOA EM VIA PÚBLICA,ES,VITORIA,JUCUTUQUARA,VIA PÚBLICA,roubos,patrimonial,2025.0,3.0,MAR,2025-03-01,0.0,SEG,False,18.0,NOITE
2025-03-10,23:00:00,CRIMES CONTRA PATRIMÔNIO,CRIMES CONTRA PATRIMÔNIO: ROUBO: A PESSOA EM VIA PÚBLICA,ES,VILA VELHA,ARACAS,VIA PÚBLICA,roubos,patrimonial,2025.0,3.0,MAR,2025-03-01,0.0,SEG,False,23.0,NOITE
2025-03-10,21:15:00,CRIMES CONTRA PATRIMÔNIO,CRIMES CONTRA PATRIMÔNIO: ROUBO: A PESSOA EM VIA PÚBLICA,ES,VITORIA,JARDIM CAMBURI,VIA PÚBLICA,roubos,patrimonial,2025.0,3.0,MAR,2025-03-01,0.0,SEG,False,21.0,NOITE
2025-03-10,04:00:00,CRIMES CONTRA PATRIMÔNIO,CRIMES CONTRA PATRIMÔNIO: ROUBO: A PESSOA EM VIA PÚBLICA,ES,CARIACICA,BUBU,VIA PÚBLICA,roubos,patrimonial,2025.0,3.0,MAR,2025-03-01,0.0,SEG,False,4.0,MADRUGADA
2025-03-10,12:30:00,CRIMES CONTRA PATRIMÔNIO,CRIMES CONTRA PATRIMÔNIO: ROUBO: A PESSOA EM VIA PÚBLICA,ES,CARIACICA,CAMPO GRANDE,VIA PÚBLICA,roubos,patrimonial,2025.0,3.0,MAR,2025-03-01,0.0,SEG,False,12.0,TARDE
2025-03-10,19:38:00,CRIMES CONTRA PATRIMÔNIO,CRIMES CONTRA PATRIMÔNIO: ROUBO: A PESSOA EM VIA PÚBLICA,ES,CARIACICA,VILA PALESTINA,OUTRO LOCAL,roubos,patrimonial,2025.0,3.0,MAR,2025-03-01,0.0,SEG,False,19.0,NOITE
2025-03-10,22:30:00,CRIMES CONTRA PATRIMÔNIO,CRIMES CONTRA PATRIMÔNIO: ROUBO: A PESSOA EM VIA PÚBLICA,ES,SERRA,NOVA CARAPINA I,VIA PÚBLICA,roubos,patrimonial,2025.0,3.0,MAR,2025-03-01,0.0,SEG,False,22.0,NOITE
2025-03-10,11:53:00,CRIMES CONTRA PATRIMÔNIO,CRIMES CONTRA PATRIMÔNIO: ROUBO: A PESSOA EM VIA PÚBLICA,ES,VITORIA,OUTRO LOCAL,OUTRO LOCAL,roubos,patrimonial,2025.0,3.0,MAR,2025-03-01,0.0,SEG,False,11.0,MANHA
2025-03-10,13:30:00,CRIMES CONTRA PATRIMÔNIO,CRIMES CONTRA PATRIMÔNIO: ROUBO: A PESSOA EM VIA PÚBLICA,ES,SAO MATEUS,SERNAMBY,VIA PÚBLICA,roubos,patrimonial,2025.0,3.0,MAR,2025-03-01,0.0,SEG,False,13.0,TARDE
2025-03-10,05:30:00,CRIMES CONTRA PATRIMÔNIO,CRIMES CONTRA PATRIMÔNIO: ROUBO: A PESSOA EM VIA PÚBLICA,ES,VITORIA,PRAIA DO SUA,VIA PÚBLICA,roubos,patrimonial,2025.0,3.0,MAR,2025-03-01,0.0,SEG,False,5.0,MADRUGADA
2025-03-10,10:33:00,CRIMES CONTRA PATRIMÔNIO,CRIMES CONTRA PATRIMÔNIO: ROUBO: A PESSOA EM VIA PÚBLICA,ES,SERRA,MANGUINHOS,VIA PÚBLICA,roubos,patrimonial,2025.0,3.0,MAR,2025-03-01,0.0,SEG,False,10.0,MANHA
2025-03-10,09:00:00,CRIMES CONTRA PATRIMÔNIO,CRIMES CONTRA PATRIMÔNIO: ROUBO: A PESSOA EM VIA PÚBLICA,ES,CARIACICA,PADRE GABRIEL,VIA PÚBLICA,roubos,patrimonial,2025.0,3.0,MAR,2025-03-01,0.0,SEG,False,9.0,MANHA
2025-03-10,22:30:00,CRIMES CONTRA PATRIMÔNIO,CRIMES CONTRA PATRIMÔNIO: ROUBO: A PESSOA EM VIA PÚBLICA,ES,VITORIA,CENTRO,VIA PÚBLICA,roubos,patrimonial,2025.0,3.0,MAR,2025-03-01,0.0,SEG,False,22.0,NOITE
2025-03-10,18:30:00,CRIMES CONTRA PATRIMÔNIO,CRIMES CONTRA PATRIMÔNIO: ROUBO: EM TRANSPORTE COLETIVO,ES,SERRA,ROSARIO DE FATIMA,TRANSP COLETIVO,roubos,patrimonial,2025.0,3.0,MAR,2025-03-01,0.0,SEG,False,18.0,NOITE
2025-03-10,18:00:00,CRIMES CONTRA PATRIMÔNIO,CRIMES CONTRA PATRIMÔNIO: ROUBO: EM ESTABELECIMENTO COMERCIAL,ES,SERRA,DIAMANTINA,COMÉRCIO,roubos,patrimonial,2025.0,3.0,MAR,2025-03-01,0.0,SEG,False,18.0,NOITE
2025-03-10,20:00:00,CRIMES CONTRA PATRIMÔNIO,CRIMES CONTRA PATRIMÔNIO: ROUBO: EM RESIDÊNCIA/CONDOMÍNIO,ES,CARIACICA,PRESIDENTE MEDICE,RESIDÊNCIA,roubos,patrimonial,2025.0,3.0,MAR,2025-03-01,0.0,SEG,False,20.0,NOITE
2025-03-10,15:00:00,CRIMES CONTRA PATRIMÔNIO,CRIMES CONTRA PATRIMÔNIO: ROUBO: EM RESIDÊNCIA/CONDOMÍNIO,ES,NOVA VENECIA,BEIRA RIO,RESIDÊNCIA,roubos,patrimonial,2025.0,3.0,MAR,2025-03-01,0.0,SEG,False,15.0,TARDE
2025-03-11,05:00:00,CRIMES CONTRA PATRIMÔNIO,CRIMES CONTRA PATRIMÔNIO: ROUBO: A PESSOA EM VIA PÚBLICA,ES,CARIACICA,CARIACICA SEDE,VIA PÚBLICA,roubos,patrimonial,2025.0,3.0,MAR,2025-03-01,1.0,TER,False,5.0,MADRUGADA
2025-03-11,08:29:00,CRIMES CONTRA PATRIMÔNIO,CRIMES CONTRA PATRIMÔNIO: ROUBO: A PESSOA EM VIA PÚBLICA,ES,VILA VELHA,PRAIA DE ITAPARICA,VIA PÚBLICA,roubos,patrimonial,2025.0,3.0,MAR,2025-03-01,1.0,TER,False,8.0,MANHA
2025-03-11,10:30:00,CRIMES CONTRA PATRIMÔNIO,CRIMES CONTRA PATRIMÔNIO: ROUBO: A PESSOA EM VIA PÚBLICA,ES,VILA VELHA,PRAIA DA COSTA,VIA PÚBLICA,roubos,patrimonial,2025.0,3.0,MAR,2025-03-01,1.0,TER,False,10.0,MANHA
2025-03-11,04:36:00,CRIMES CONTRA PATRIMÔNIO,CRIMES CONTRA PATRIMÔNIO: ROUBO: A PESSOA EM VIA PÚBLICA,ES,CARIACICA,NOVA ROSA DA PENHA,VIA PÚBLICA,roubos,patrimonial,2025.0,3.0,MAR,2025-03-01,1.0,TER,False,4.0,MADRUGADA
2025-03-11,04:45:00,CRIMES CONTRA PATRIMÔNIO,CRIMES CONTRA PATRIMÔNIO: ROUBO: A PESSOA EM VIA PÚBLICA,ES,CARIACICA,BUBU,VIA PÚBLICA,roubos,patrimonial,2025.0,3.0,MAR,2025-03-01,1.0,TER,False,4.0,MADRUGADA
2025-03-11,04:30:00,CRIMES CONTRA PATRIMÔNIO,CRIMES CONTRA PATRIMÔNIO: ROUBO: A PESSOA EM VIA PÚBLICA,ES,CARIACICA,NOVA ROSA DA PENHA,VIA PÚBLICA,roubos,patrimonial,2025.0,3.0,MAR,2025-03-01,1.0,TER,False,4.0,MADRUGADA
2025-03-11,13:44:00,CRIMES CONTRA PATRIMÔNIO,CRIMES CONTRA PATRIMÔNIO: ROUBO: A PESSOA EM VIA PÚBLICA,ES,MARECHAL FLORIANO,CENTRO,VIA PÚBLICA,roubos,patrimonial,2025.0,3.0,MAR,2025-03-01,1.0,TER,False,13.0,TARDE
2025-03-11,12:30:00,CRIMES CONTRA PATRIMÔNIO,CRIMES CONTRA PATRIMÔNIO: ROUBO: A PESSOA EM VIA PÚBLICA,ES,VILA VELHA,SAO TORQUATO,VIA PÚBLICA,roubos,patrimonial,2025.0,3.0,MAR,2025-03-01,1.0,TER,False,12.0,TARDE
2025-03-11,16:00:00,CRIMES CONTRA PATRIMÔNIO,CRIMES CONTRA PATRIMÔNIO: ROUBO: A PESSOA EM VIA PÚBLICA,ES,SERRA,CIDADE POMAR,VIA PÚBLICA,roubos,patrimonial,2025.0,3.0,MAR,2025-03-01,1.0,TER,False,16.0,TARDE
2025-03-11,23:52:00,CRIMES CONTRA PATRIMÔNIO,CRIMES CONTRA PATRIMÔNIO: ROUBO: A PESSOA EM VIA PÚBLICA,ES,JERONIMO MONTEIRO,VILA BRITO,VIA PÚBLICA,roubos,patrimonial,2025.0,3.0,MAR,2025-03-01,1.0,TER,False,23.0,NOITE
2025-03-11,20:00:00,CRIMES CONTRA PATRIMÔNIO,CRIMES CONTRA PATRIMÔNIO: ROUBO: A PESSOA EM VIA PÚBLICA,ES,VILA VELHA,JABURUNA,VIA PÚBLICA,roubos,patrimonial,2025.0,3.0,MAR,2025-03-01,1.0,TER,False,20.0,NOITE
2025-03-11,22:00:00,CRIMES CONTRA PATRIMÔNIO,CRIMES CONTRA PATRIMÔNIO: ROUBO: A PESSOA EM VIA PÚBLICA,ES,CACHOEIRO DE ITAPEMIRIM,CORAMARA,VIA PÚBLICA,roubos,patrimonial,2025.0,3.0,MAR,2025-03-01,1.0,TER,False,22.0,NOITE
2025-03-11,20:00:00,CRIMES CONTRA PATRIMÔNIO,CRIMES CONTRA PATRIMÔNIO: ROUBO: A PESSOA EM VIA PÚBLICA,ES,MIMOSO DO SUL,CENTRO,VIA PÚBLICA,roubos,patrimonial,2025.0,3.0,MAR,2025-03-01,1.0,TER,False,20.0,NOITE
2025-03-11,17:10:00,CRIMES CONTRA PATRIMÔNIO,CRIMES CONTRA PATRIMÔNIO: ROUBO: A PESSOA EM VIA PÚBLICA,ES,SERRA,JARDIM LIMOEIRO,VIA PÚBLICA,roubos,patrimonial,2025.0,3.0,MAR,2025-03-01,1.0,TER,False,17.0,TARDE
2025-03-11,18:30:00,CRIMES CONTRA PATRIMÔNIO,CRIMES CONTRA PATRIMÔNIO: ROUBO: A PESSOA EM VIA PÚBLICA,ES,IUNA,NITEROI,VIA PÚBLICA,roubos,patrimonial,2025.0,3.0,MAR,2025-03-01,1.0,TER,False,18.0,NOITE
2025-03-11,04:35:00,CRIMES CONTRA PATRIMÔNIO,CRIMES CONTRA PATRIMÔNIO: ROUBO: A PESSOA EM VIA PÚBLICA,ES,CARIACICA,NOVA ROSA DA PENHA,VIA PÚBLICA,roubos,patrimonial,2025.0,3.0,MAR,2025-03-01,1.0,TER,False,4.0,MADRUGADA
2025-03-11,12:00:00,CRIMES CONTRA PATRIMÔNIO,CRIMES CONTRA PATRIMÔNIO: ROUBO: A PESSOA EM VIA PÚBLICA,ES,CARIACICA,CARIACICA SEDE,VIA PÚBLICA,roubos,patrimonial,2025.0,3.0,MAR,2025-03-01,1.0,TER,False,12.0,TARDE
2025-03-11,21:33:00,CRIMES CONTRA PATRIMÔNIO,CRIMES CONTRA PATRIMÔNIO: ROUBO: A PESSOA EM VIA PÚBLICA,ES,VILA VELHA,GLORIA,VIA PÚBLICA,roubos,patrimonial,2025.0,3.0,MAR,2025-03-01,1.0,TER,False,21.0,NOITE
2025-03-11,19:30:00,CRIMES CONTRA PATRIMÔNIO,CRIMES CONTRA PATRIMÔNIO: ROUBO: A PESSOA EM VIA PÚBLICA,ES,VILA VELHA,JOCKEY DE ITAPARICA,VIA PÚBLICA,roubos,patrimonial,2025.0,3.0,MAR,2025-03-01,1.0,TER,False,19.0,NOITE
2025-03-11,22:00:00,CRIMES CONTRA PATRIMÔNIO,CRIMES CONTRA PATRIMÔNIO: ROUBO: A PESSOA EM VIA PÚBLICA,ES,VILA VELHA,JOCKEY DE ITAPARICA,RODOVIA ESTADUAL,roubos,patrimonial,2025.0,3.0,MAR,2025-03-01,1.0,TER,False,22.0,NOITE
2025-03-11,19:00:00,CRIMES CONTRA PATRIMÔNIO,CRIMES CONTRA PATRIMÔNIO: ROUBO: A PESSOA EM VIA PÚBLICA,ES,LINHARES,CENTRO,VIA PÚBLICA,roubos,patrimonial,2025.0,3.0,MAR,2025-03-01,1.0,TER,False,19.0,NOITE
2025-03-11,22:00:00,CRIMES CONTRA PATRIMÔNIO,CRIMES CONTRA PATRIMÔNIO: ROUBO: A PESSOA EM VIA PÚBLICA,ES,VILA VELHA,SAO TORQUATO,VIA PÚBLICA,roubos,patrimonial,2025.0,3.0,MAR,2025-03-01,1.0,TER,False,22.0,NOITE
2025-03-11,12:06:00,CRIMES CONTRA PATRIMÔNIO,CRIMES CONTRA PATRIMÔNIO: ROUBO: A PESSOA EM VIA PÚBLICA,ES,VITORIA,SANTO ANTONIO,VIA PÚBLICA,roubos,patrimonial,2025.0,3.0,MAR,2025-03-01,1.0,TER,False,12.0,TARDE
2025-03-11,23:00:00,CRIMES CONTRA PATRIMÔNIO,CRIMES CONTRA PATRIMÔNIO: ROUBO: A PESSOA EM VIA PÚBLICA,ES,VITORIA,CENTRO,VIA PÚBLICA,roubos,patrimonial,2025.0,3.0,MAR,2025-03-01,1.0,TER,False,23.0,NOITE
2025-03-11,22:40:00,CRIMES CONTRA PATRIMÔNIO,CRIMES CONTRA PATRIMÔNIO: ROUBO: A PESSOA EM VIA PÚBLICA,ES,VILA VELHA,SANTA RITA,VIA PÚBLICA,roubos,patrimonial,2025.0,3.0,MAR,2025-03-01,1.0,TER,False,22.0,NOITE
2025-03-11,06:40:00,CRIMES CONTRA PATRIMÔNIO,CRIMES CONTRA PATRIMÔNIO: ROUBO: A PESSOA EM VIA PÚBLICA,ES,SERRA,PARQUE RESIDENCIAL LARANJEIRAS,VIA PÚBLICA,roubos,patrimonial,2025.0,3.0,MAR,2025-03-01,1.0,TER,False,6.0,MANHA
2025-03-11,10:00:00,CRIMES CONTRA PATRIMÔNIO,CRIMES CONTRA PATRIMÔNIO: ROUBO: A PESSOA EM VIA PÚBLICA,ES,VILA VELHA,PRAIA DA COSTA,VIA PÚBLICA,roubos,patrimonial,2025.0,3.0,MAR,2025-03-01,1.0,TER,False,10.0,MANHA
2025-03-11,20:20:00,CRIMES CONTRA PATRIMÔNIO,CRIMES CONTRA PATRIMÔNIO: ROUBO: EM TRANSPORTE COLETIVO,ES,VITORIA,PRAIA DO CANTO,TRANSP COLETIVO,roubos,patrimonial,2025.0,3.0,MAR,2025-03-01,1.0,TER,False,20.0,NOITE
2025-03-11,20:20:00,CRIMES CONTRA PATRIMÔNIO,CRIMES CONTRA PATRIMÔNIO: ROUBO: EM TRANSPORTE COLETIVO,ES,VITORIA,BENTO FERREIRA,TRANSP COLETIVO,roubos,patrimonial,2025.0,3.0,MAR,2025-03-01,1.0,TER,False,20.0,NOITE
2025-03-11,20:20:00,CRIMES CONTRA PATRIMÔNIO,CRIMES CONTRA PATRIMÔNIO: ROUBO: EM TRANSPORTE COLETIVO,ES,VITORIA,BENTO FERREIRA,TRANSP COLETIVO,roubos,patrimonial,2025.0,3.0,MAR,2025-03-01,1.0,TER,False,20.0,NOITE
2025-03-11,20:30:00,CRIMES CONTRA PATRIMÔNIO,CRIMES CONTRA PATRIMÔNIO: ROUBO: EM TRANSPORTE COLETIVO,ES,CARIACICA,OUTRO LOCAL,VEÍCULO,roubos,patrimonial,2025.0,3.0,MAR,2025-03-01,1.0,TER,False,20.0,NOITE
2025-03-11,21:15:00,CRIMES CONTRA PATRIMÔNIO,CRIMES CONTRA PATRIMÔNIO: ROUBO: EM TRANSPORTE COLETIVO,ES,SERRA,OUTRO LOCAL,VEÍCULO,roubos,patrimonial,2025.0,3.0,MAR,2025-03-01,1.0,TER,False,21.0,NOITE
2025-03-11,09:00:00,CRIMES CONTRA PATRIMÔNIO,CRIMES CONTRA PATRIMÔNIO: ROUBO: EM TRANSPORTE COLETIVO,ES,VITORIA,PRAIA DO CANTO,TRANSP COLETIVO,roubos,patrimonial,2025.0,3.0,MAR,2025-03-01,1.0,TER,False,9.0,MANHA
2025-03-11,20:20:00,CRIMES CONTRA PATRIMÔNIO,CRIMES CONTRA PATRIMÔNIO: ROUBO: EM TRANSPORTE COLETIVO,ES,VITORIA,BENTO FERREIRA,TRANSP COLETIVO,roubos,patrimonial,2025.0,3.0,MAR,2025-03-01,1.0,TER,False,20.0,NOITE
2025-03-11,21:10:00,CRIMES CONTRA PATRIMÔNIO,CRIMES CONTRA PATRIMÔNIO: ROUBO: EM TRANSPORTE COLETIVO,ES,SERRA,CARAPINA,TRANSP COLETIVO,roubos,patrimonial,2025.0,3.0,MAR,2025-03-01,1.0,TER,False,21.0,NOITE
2025-03-11,21:10:00,CRIMES CONTRA PATRIMÔNIO,CRIMES CONTRA PATRIMÔNIO: ROUBO: EM TRANSPORTE COLETIVO,ES,SERRA,JARDIM CARAPINA,TRANSP COLETIVO,roubos,patrimonial,2025.0,3.0,MAR,2025-03-01,1.0,TER,False,21.0,NOITE
2025-03-11,21:50:00,CRIMES CONTRA PATRIMÔNIO,CRIMES CONTRA PATRIMÔNIO: ROUBO: EM TRANSPORTE COLETIVO,ES,SERRA,TERMINAL INTERMODAL DA SERRA (TIMS),TRANSP COLETIVO,roubos,patrimonial,2025.0,3.0,MAR,2025-03-01,1.0,TER,False,21.0,NOITE
2025-03-11,08:19:36,CRIMES CONTRA PATRIMÔNIO,CRIMES CONTRA PATRIMÔNIO: ROUBO: EM ESTABELECIMENTO COMERCIAL,ES,CACHOEIRO DE ITAPEMIRIM,PARAISO,COMÉRCIO,roubos,patrimonial,2025.0,3.0,MAR,2025-03-01,1.0,TER,False,8.0,MANHA
2025-03-11,12:00:00,CRIMES CONTRA PATRIMÔNIO,CRIMES CONTRA PATRIMÔNIO: ROUBO: EM ESTABELECIMENTO COMERCIAL,ES,CARIACICA,NOVA ROSA DA PENHA,COMÉRCIO,roubos,patrimonial,2025.0,3.0,MAR,2025-03-01,1.0,TER,False,12.0,TARDE
2025-03-11,07:13:00,CRIMES CONTRA PATRIMÔNIO,CRIMES CONTRA PATRIMÔNIO: ROUBO: EM ESTABELECIMENTO COMERCIAL,ES,VILA VELHA,PRAIA DA COSTA,COMÉRCIO,roubos,patrimonial,2025.0,3.0,MAR,2025-03-01,1.0,TER,False,7.0,MANHA
2025-03-11,22:55:00,CRIMES CONTRA PATRIMÔNIO,CRIMES CONTRA PATRIMÔNIO: ROUBO: EM ESTABELECIMENTO COMERCIAL,ES,ARACRUZ,BELA VISTA,COMÉRCIO,roubos,patrimonial,2025.0,3.0,MAR,2025-03-01,1.0,TER,False,22.0,NOITE
2025-03-12,01:30:00,CRIMES CONTRA PATRIMÔNIO,CRIMES CONTRA PATRIMÔNIO: ROUBO: A PESSOA EM VIA PÚBLICA,ES,CARIACICA,CAMPO GRANDE,VIA PÚBLICA,roubos,patrimonial,2025.0,3.0,MAR,2025-03-01,2.0,QUA,False,1.0,MADRUGADA
2025-03-12,05:00:00,CRIMES CONTRA PATRIMÔNIO,CRIMES CONTRA PATRIMÔNIO: ROUBO: A PESSOA EM VIA PÚBLICA,ES,VIANA,MARCILIO DE NORONHA,VIA PÚBLICA,roubos,patrimonial,2025.0,3.0,MAR,2025-03-01,2.0,QUA,False,5.0,MADRUGADA
2025-03-12,05:00:00,CRIMES CONTRA PATRIMÔNIO,CRIMES CONTRA PATRIMÔNIO: ROUBO: A PESSOA EM VIA PÚBLICA,ES,VIANA,INDUSTRIAL,VIA PÚBLICA,roubos,patrimonial,2025.0,3.0,MAR,2025-03-01,2.0,QUA,False,5.0,MADRUGADA
2025-03-12,05:05:00,CRIMES CONTRA PATRIMÔNIO,CRIMES CONTRA PATRIMÔNIO: ROUBO: A PESSOA EM VIA PÚBLICA,ES,VIANA,MARCILIO DE NORONHA,VIA PÚBLICA,roubos,patrimonial,2025.0,3.0,MAR,2025-03-01,2.0,QUA,False,5.0,MADRUGADA
2025-03-12,05:00:00,CRIMES CONTRA PATRIMÔNIO,CRIMES CONTRA PATRIMÔNIO: ROUBO: A PESSOA EM VIA PÚBLICA,ES,CARIACICA,VALE DOS REIS,VIA PÚBLICA,roubos,patrimonial,2025.0,3.0,MAR,2025-03-01,2.0,QUA,False,5.0,MADRUGADA
2025-03-12,15:29:00,CRIMES CONTRA PATRIMÔNIO,CRIMES CONTRA PATRIMÔNIO: ROUBO: A PESSOA EM VIA PÚBLICA,ES,VITORIA,DA PENHA,VIA PÚBLICA,roubos,patrimonial,2025.0,3.0,MAR,2025-03-01,2.0,QUA,False,15.0,TARDE
2025-03-12,15:00:00,CRIMES CONTRA PATRIMÔNIO,CRIMES CONTRA PATRIMÔNIO: ROUBO: A PESSOA EM VIA PÚBLICA,ES,VITORIA,SANTA LUCIA,VIA PÚBLICA,roubos,patrimonial,2025.0,3.0,MAR,2025-03-01,2.0,QUA,False,15.0,TARDE
2025-03-12,10:45:00,CRIMES CONTRA PATRIMÔNIO,CRIMES CONTRA PATRIMÔNIO: ROUBO: A PESSOA EM VIA PÚBLICA,ES,VITORIA,GOIABEIRAS,VIA PÚBLICA,roubos,patrimonial,2025.0,3.0,MAR,2025-03-01,2.0,QUA,False,10.0,MANHA
2025-03-12,Indeterminada,CRIMES CONTRA PATRIMÔNIO,CRIMES CONTRA PATRIMÔNIO: ROUBO: A PESSOA EM VIA PÚBLICA,ES,LINHARES,PLANALTO,VIA PÚBLICA,roubos,patrimonial,2025.0,3.0,MAR,2025-03-01,2.0,QUA,False,,
2025-03-12,16:06:00,CRIMES CONTRA PATRIMÔNIO,CRIMES CONTRA PATRIMÔNIO: ROUBO: A PESSOA EM VIA PÚBLICA,ES,VILA VELHA,BARRA DO JUCU,VIA PÚBLICA,roubos,patrimonial,2025.0,3.0,MAR,2025-03-01,2.0,QUA,False,16.0,TARDE
2025-03-12,21:30:00,CRIMES CONTRA PATRIMÔNIO,CRIMES CONTRA PATRIMÔNIO: ROUBO: A PESSOA EM VIA PÚBLICA,ES,SERRA,MARIA NIOBE,VIA PÚBLICA,roubos,patrimonial,2025.0,3.0,MAR,2025-03-01,2.0,QUA,False,21.0,NOITE
2025-03-12,23:15:00,CRIMES CONTRA PATRIMÔNIO,CRIMES CONTRA PATRIMÔNIO: ROUBO: A PESSOA EM VIA PÚBLICA,ES,VILA VELHA,ITAPOA,VIA PÚBLICA,roubos,patrimonial,2025.0,3.0,MAR,2025-03-01,2.0,QUA,False,23.0,NOITE
2025-03-12,19:30:00,CRIMES CONTRA PATRIMÔNIO,CRIMES CONTRA PATRIMÔNIO: ROUBO: A PESSOA EM VIA PÚBLICA,ES,VITORIA,SANTO ANTONIO,VIA PÚBLICA,roubos,patrimonial,2025.0,3.0,MAR,2025-03-01,2.0,QUA,False,19.0,NOITE
2025-03-12,20:45:00,CRIMES CONTRA PATRIMÔNIO,CRIMES CONTRA PATRIMÔNIO: ROUBO: A PESSOA EM VIA PÚBLICA,ES,VILA VELHA,DIVINO ESPIRITO SANTO,VIA PÚBLICA,roubos,patrimonial,2025.0,3.0,MAR,2025-03-01,2.0,QUA,False,20.0,NOITE
2025-03-12,21:00:00,CRIMES CONTRA PATRIMÔNIO,CRIMES CONTRA PATRIMÔNIO: ROUBO: A PESSOA EM VIA PÚBLICA,ES,VITORIA,BENTO FERREIRA,VIA PÚBLICA,roubos,patrimonial,2025.0,3.0,MAR,2025-03-01,2.0,QUA,False,21.0,NOITE
2025-03-12,14:00:00,CRIMES CONTRA PATRIMÔNIO,CRIMES CONTRA PATRIMÔNIO: ROUBO: A PESSOA EM VIA PÚBLICA,ES,VILA VELHA,GLORIA,VIA PÚBLICA,roubos,patrimonial,2025.0,3.0,MAR,2025-03-01,2.0,QUA,False,14.0,TARDE
2025-03-12,Indeterminada,CRIMES CONTRA PATRIMÔNIO,CRIMES CONTRA PATRIMÔNIO: ROUBO: A PESSOA EM VIA PÚBLICA,ES,VITORIA,GOIABEIRAS,VIA PÚBLICA,roubos,patrimonial,2025.0,3.0,MAR,2025-03-01,2.0,QUA,False,,
2025-03-12,21:00:00,CRIMES CONTRA PATRIMÔNIO,CRIMES CONTRA PATRIMÔNIO: ROUBO: A PESSOA EM VIA PÚBLICA,ES,CARIACICA,EXPEDITO,RESIDÊNCIA,roubos,patrimonial,2025.0,3.0,MAR,2025-03-01,2.0,QUA,False,21.0,NOITE
2025-03-12,12:00:00,CRIMES CONTRA PATRIMÔNIO,CRIMES CONTRA PATRIMÔNIO: ROUBO: A PESSOA EM VIA PÚBLICA,ES,VILA VELHA,ITAPOA,VIA PÚBLICA,roubos,patrimonial,2025.0,3.0,MAR,2025-03-01,2.0,QUA,False,12.0,TARDE
2025-03-12,18:30:00,CRIMES CONTRA PATRIMÔNIO,CRIMES CONTRA PATRIMÔNIO: ROUBO: A PESSOA EM VIA PÚBLICA,ES,CARIACICA,ANTONIO FERREIRA BORGES,VIA PÚBLICA,roubos,patrimonial,2025.0,3.0,MAR,2025-03-01,2.0,QUA,False,18.0,NOITE
2025-03-12,15:30:00,CRIMES CONTRA PATRIMÔNIO,CRIMES CONTRA PATRIMÔNIO: ROUBO: A PESSOA EM VIA PÚBLICA,ES,CARIACICA,SAO GERALDO II,VIA PÚBLICA,roubos,patrimonial,2025.0,3.0,MAR,2025-03-01,2.0,QUA,False,15.0,TARDE
2025-03-12,20:20:00,CRIMES CONTRA PATRIMÔNIO,CRIMES CONTRA PATRIMÔNIO: ROUBO: A PESSOA EM VIA PÚBLICA,ES,CARIACICA,CAMPO GRANDE,VIA PÚBLICA,roubos,patrimonial,2025.0,3.0,MAR,2025-03-01,2.0,QUA,False,20.0,NOITE
2025-03-12,19:30:00,CRIMES CONTRA PATRIMÔNIO,CRIMES CONTRA PATRIMÔNIO: ROUBO: A PESSOA EM VIA PÚBLICA,ES,CASTELO,CENTRO,OUTRO LOCAL,roubos,patrimonial,2025.0,3.0,MAR,2025-03-01,2.0,QUA,False,19.0,NOITE
2025-03-12,23:30:00,CRIMES CONTRA PATRIMÔNIO,CRIMES CONTRA PATRIMÔNIO: ROUBO: A PESSOA EM VIA PÚBLICA,ES,VITORIA,VILA RUBIM,VIA PÚBLICA,roubos,patrimonial,2025.0,3.0,MAR,2025-03-01,2.0,QUA,False,23.0,NOITE
2025-03-12,15:30:00,CRIMES CONTRA PATRIMÔNIO,CRIMES CONTRA PATRIMÔNIO: ROUBO: EM TRANSPORTE COLETIVO,ES,VITORIA,BENTO FERREIRA,TRANSP COLETIVO,roubos,patrimonial,2025.0,3.0,MAR,2025-03-01,2.0,QUA,False,15.0,TARDE
2025-03-12,17:52:00,CRIMES CONTRA PATRIMÔNIO,CRIMES CONTRA PATRIMÔNIO: ROUBO: EM ESTABELECIMENTO COMERCIAL,ES,VITORIA,MARUIPE,COMÉRCIO,roubos,patrimonial,2025.0,3.0,MAR,2025-03-01,2.0,QUA,False,17.0,TARDE
2025-03-12,18:00:00,CRIMES CONTRA PATRIMÔNIO,CRIMES CONTRA PATRIMÔNIO: ROUBO: EM ESTABELECIMENTO COMERCIAL,ES,SERRA,JARDIM TROPICAL,COMÉRCIO,roubos,patrimonial,2025.0,3.0,MAR,2025-03-01,2.0,QUA,False,18.0,NOITE
2025-04-01,07:30:00,CRIMES CONTRA PATRIMÔNIO,CRIMES CONTRA PATRIMÔNIO: ROUBO: A PESSOA EM VIA PÚBLICA,ES,VILA VELHA,PRAIA DA COSTA,VIA PÚBLICA,roubos,patrimonial,2025.0,4.0,ABR,2025-04-01,1.0,TER,False,7.0,MANHA
2025-04-01,08:40:00,CRIMES CONTRA PATRIMÔNIO,CRIMES CONTRA PATRIMÔNIO: ROUBO: A PESSOA EM VIA PÚBLICA,ES,VILA VELHA,GUARANHUNS,VIA PÚBLICA,roubos,patrimonial,2025.0,4.0,ABR,2025-04-01,1.0,TER,False,8.0,MANHA
2025-04-01,09:30:00,CRIMES CONTRA PATRIMÔNIO,CRIMES CONTRA PATRIMÔNIO: ROUBO: A PESSOA EM VIA PÚBLICA,ES,VILA VELHA,ATAIDE,VIA PÚBLICA,roubos,patrimonial,2025.0,4.0,ABR,2025-04-01,1.0,TER,False,9.0,MANHA
2025-04-01,06:10:00,CRIMES CONTRA PATRIMÔNIO,CRIMES CONTRA PATRIMÔNIO: ROUBO: A PESSOA EM VIA PÚBLICA,ES,VILA VELHA,CENTRO VILA VELHA,VIA PÚBLICA,roubos,patrimonial,2025.0,4.0,ABR,2025-04-01,1.0,TER,False,6.0,MANHA
2025-04-01,06:15:00,CRIMES CONTRA PATRIMÔNIO,CRIMES CONTRA PATRIMÔNIO: ROUBO: A PESSOA EM VIA PÚBLICA,ES,VILA VELHA,CENTRO VILA VELHA,VIA PÚBLICA,roubos,patrimonial,2025.0,4.0,ABR,2025-04-01,1.0,TER,False,6.0,MANHA
2025-04-01,14:30:00,CRIMES CONTRA PATRIMÔNIO,CRIMES CONTRA PATRIMÔNIO: ROUBO: A PESSOA EM VIA PÚBLICA,ES,VITORIA,PARQUE MOSCOSO,VIA PÚBLICA,roubos,patrimonial,2025.0,4.0,ABR,2025-04-01,1.0,TER,False,14.0,TARDE
2025-04-01,00:00:00,CRIMES CONTRA PATRIMÔNIO,CRIMES CONTRA PATRIMÔNIO: ROUBO: A PESSOA EM VIA PÚBLICA,ES,VITORIA,JARDIM DA PENHA,VIA PÚBLICA,roubos,patrimonial,2025.0,4.0,ABR,2025-04-01,1.0,TER,False,0.0,MADRUGADA
2025-04-01,16:41:00,CRIMES CONTRA PATRIMÔNIO,CRIMES CONTRA PATRIMÔNIO: ROUBO: A PESSOA EM VIA PÚBLICA,ES,FUNDAO,MIRANTE DA PRAIA,VIA PÚBLICA,roubos,patrimonial,2025.0,4.0,ABR,2025-04-01,1.0,TER,False,16.0,TARDE
2025-04-01,00:30:00,CRIMES CONTRA PATRIMÔNIO,CRIMES CONTRA PATRIMÔNIO: ROUBO: A PESSOA EM VIA PÚBLICA,ES,SERRA,VALPARAISO,VIA PÚBLICA,roubos,patrimonial,2025.0,4.0,ABR,2025-04-01,1.0,TER,False,0.0,MADRUGADA
2025-04-01,20:05:00,CRIMES CONTRA PATRIMÔNIO,CRIMES CONTRA PATRIMÔNIO: ROUBO: A PESSOA EM VIA PÚBLICA,ES,SERRA,VALPARAISO,VIA PÚBLICA,roubos,patrimonial,2025.0,4.0,ABR,2025-04-01,1.0,TER,False,20.0,NOITE
2025-04-01,18:30:00,CRIMES CONTRA PATRIMÔNIO,CRIMES CONTRA PATRIMÔNIO: ROUBO: A PESSOA EM VIA PÚBLICA,ES,SERRA,JARDIM LIMOEIRO,VIA PÚBLICA,roubos,patrimonial,2025.0,4.0,ABR,2025-04-01,1.0,TER,False,18.0,NOITE
2025-04-01,13:25:00,CRIMES CONTRA PATRIMÔNIO,CRIMES CONTRA PATRIMÔNIO: ROUBO: A PESSOA EM VIA PÚBLICA,ES,VILA VELHA,NOVA ITAPARICA,VIA PÚBLICA,roubos,patrimonial,2025.0,4.0,ABR,2025-04-01,1.0,TER,False,13.0,TARDE
2025-04-01,20:30:00,CRIMES CONTRA PATRIMÔNIO,CRIMES CONTRA PATRIMÔNIO: ROUBO: A PESSOA EM VIA PÚBLICA,ES,VITORIA,BENTO FERREIRA,VIA PÚBLICA,roubos,patrimonial,2025.0,4.0,ABR,2025-04-01,1.0,TER,False,20.0,NOITE
2025-04-01,22:00:00,CRIMES CONTRA PATRIMÔNIO,CRIMES CONTRA PATRIMÔNIO: ROUBO: A PESSOA EM VIA PÚBLICA,ES,SERRA,BAIRRO DAS LARANJEIRAS,VIA PÚBLICA,roubos,patrimonial,2025.0,4.0,ABR,2025-04-01,1.0,TER,False,22.0,NOITE
2025-04-01,22:30:00,CRIMES CONTRA PATRIMÔNIO,CRIMES CONTRA PATRIMÔNIO: ROUBO: A PESSOA EM VIA PÚBLICA,ES,VILA VELHA,ARIBIRI,VIA PÚBLICA,roubos,patrimonial,2025.0,4.0,ABR,2025-04-01,1.0,TER,False,22.0,NOITE
2025-04-01,13:00:00,CRIMES CONTRA PATRIMÔNIO,CRIMES CONTRA PATRIMÔNIO: ROUBO: A PESSOA EM VIA PÚBLICA,ES,SAO GABRIEL DA PALHA,BARRA SECA,VIA PÚBLICA,roubos,patrimonial,2025.0,4.0,ABR,2025-04-01,1.0,TER,False,13.0,TARDE
2025-04-01,23:00:00,CRIMES CONTRA PATRIMÔNIO,CRIMES CONTRA PATRIMÔNIO: ROUBO: A PESSOA EM VIA PÚBLICA,ES,VITORIA,JARDIM CAMBURI,VIA PÚBLICA,roubos,patrimonial,2025.0,4.0,ABR,2025-04-01,1.0,TER,False,23.0,NOITE
2025-04-01,20:30:00,CRIMES CONTRA PATRIMÔNIO,CRIMES CONTRA PATRIMÔNIO: ROUBO: A PESSOA EM VIA PÚBLICA,ES,SERRA,EURICO SALLES,OUTRO LOCAL,roubos,patrimonial,2025.0,4.0,ABR,2025-04-01,1.0,TER,False,20.0,NOITE
2025-04-01,18:05:00,CRIMES CONTRA PATRIMÔNIO,CRIMES CONTRA PATRIMÔNIO: ROUBO: A PESSOA EM VIA PÚBLICA,ES,SERRA,CARAPINA I,COMÉRCIO,roubos,patrimonial,2025.0,4.0,ABR,2025-04-01,1.0,TER,False,18.0,NOITE
2025-04-01,15:20:00,CRIMES CONTRA PATRIMÔNIO,CRIMES CONTRA PATRIMÔNIO: ROUBO: A PESSOA EM VIA PÚBLICA,ES,GOVERNADOR LINDENBERG,MORELLI,VIA PÚBLICA,roubos,patrimonial,2025.0,4.0,ABR,2025-04-01,1.0,TER,False,15.0,TARDE
2025-04-01,07:00:00,CRIMES CONTRA PATRIMÔNIO,CRIMES CONTRA PATRIMÔNIO: ROUBO: A PESSOA EM VIA PÚBLICA,ES,CARIACICA,CRUZEIRO DO SUL,TRANSP COLETIVO,roubos,patrimonial,2025.0,4.0,ABR,2025-04-01,1.0,TER,False,7.0,MANHA
2025-04-01,16:30:00,CRIMES CONTRA PATRIMÔNIO,CRIMES CONTRA PATRIMÔNIO: ROUBO: A PESSOA EM VIA PÚBLICA,ES,CARIACICA,CAMPO GRANDE,VIA PÚBLICA,roubos,patrimonial,2025.0,4.0,ABR,2025-04-01,1.0,TER,False,16.0,TARDE
2025-04-01,11:50:00,CRIMES CONTRA PATRIMÔNIO,CRIMES CONTRA PATRIMÔNIO: ROUBO: A PESSOA EM VIA PÚBLICA,ES,VILA VELHA,ARACAS,VIA PÚBLICA,roubos,patrimonial,2025.0,4.0,ABR,2025-04-01,1.0,TER,False,11.0,MANHA
2025-04-01,01:08:00,CRIMES CONTRA PATRIMÔNIO,CRIMES CONTRA PATRIMÔNIO: ROUBO: A PESSOA EM VIA PÚBLICA,ES,VILA VELHA,ATAIDE,VIA PÚBLICA,roubos,patrimonial,2025.0,4.0,ABR,2025-04-01,1.0,TER,False,1.0,MADRUGADA
2025-04-01,10:00:00,CRIMES CONTRA PATRIMÔNIO,CRIMES CONTRA PATRIMÔNIO: ROUBO: A PESSOA EM VIA PÚBLICA,ES,VILA VELHA,PRAIA DA COSTA,VIA PÚBLICA,roubos,patrimonial,2025.0,4.0,ABR,2025-04-01,1.0,TER,False,10.0,MANHA
2025-04-01,19:30:00,CRIMES CONTRA PATRIMÔNIO,CRIMES CONTRA PATRIMÔNIO: ROUBO: A PESSOA EM VIA PÚBLICA,ES,VILA VELHA,ULISSES GUIMARAES,VIA PÚBLICA,roubos,patrimonial,2025.0,4.0,ABR,2025-04-01,1.0,TER,False,19.0,NOITE
2025-04-01,22:30:00,CRIMES CONTRA PATRIMÔNIO,CRIMES CONTRA PATRIMÔNIO: ROUBO: A PESSOA EM VIA PÚBLICA,ES,VILA VELHA,ARIBIRI,VIA PÚBLICA,roubos,patrimonial,2025.0,4.0,ABR,2025-04-01,1.0,TER,False,22.0,NOITE
2025-04-01,23:31:00,CRIMES CONTRA PATRIMÔNIO,CRIMES CONTRA PATRIMÔNIO: ROUBO: A PESSOA EM VIA PÚBLICA,ES,VILA VELHA,ULISSES GUIMARAES,VIA PÚBLICA,roubos,patrimonial,2025.0,4.0,ABR,2025-04-01,1.0,TER,False,23.0,NOITE
2025-04-01,06:10:00,CRIMES CONTRA PATRIMÔNIO,CRIMES CONTRA PATRIMÔNIO: ROUBO: A PESSOA EM VIA PÚBLICA,ES,VILA VELHA,CENTRO VILA VELHA,VIA PÚBLICA,roubos,patrimonial,2025.0,4.0,ABR,2025-04-01,1.0,TER,False,6.0,MANHA
2025-04-01,05:30:00,CRIMES CONTRA PATRIMÔNIO,CRIMES CONTRA PATRIMÔNIO: ROUBO: A PESSOA EM VIA PÚBLICA,ES,CARIACICA,SANTANA,VIA PÚBLICA,roubos,patrimonial,2025.0,4.0,ABR,2025-04-01,1.0,TER,False,5.0,MADRUGADA
2025-04-01,19:00:00,CRIMES CONTRA PATRIMÔNIO,CRIMES CONTRA PATRIMÔNIO: ROUBO: A PESSOA EM VIA PÚBLICA,ES,CARIACICA,MUCURI,VIA PÚBLICA,roubos,patrimonial,2025.0,4.0,ABR,2025-04-01,1.0,TER,False,19.0,NOITE
2025-04-01,23:00:00,CRIMES CONTRA PATRIMÔNIO,CRIMES CONTRA PATRIMÔNIO: ROUBO: A PESSOA EM VIA PÚBLICA,ES,VILA VELHA,ATAIDE,VIA PÚBLICA,roubos,patrimonial,2025.0,4.0,ABR,2025-04-01,1.0,TER,False,23.0,NOITE
2025-04-01,16:30:00,CRIMES CONTRA PATRIMÔNIO,CRIMES CONTRA PATRIMÔNIO: ROUBO: A PESSOA EM VIA PÚBLICA,ES,CARIACICA,CRUZEIRO DO SUL,VIA PÚBLICA,roubos,patrimonial,2025.0,4.0,ABR,2025-04-01,1.0,TER,False,16.0,TARDE
2025-04-01,23:55:00,CRIMES CONTRA PATRIMÔNIO,CRIMES CONTRA PATRIMÔNIO: ROUBO: A PESSOA EM VIA PÚBLICA,ES,VILA VELHA,JOCKEY DE ITAPARICA,VIA PÚBLICA,roubos,patrimonial,2025.0,4.0,ABR,2025-04-01,1.0,TER,False,23.0,NOITE
2025-04-01,22:00:00,CRIMES CONTRA PATRIMÔNIO,CRIMES CONTRA PATRIMÔNIO: ROUBO: A PESSOA EM VIA PÚBLICA,ES,VILA VELHA,ARIBIRI,VIA PÚBLICA,roubos,patrimonial,2025.0,4.0,ABR,2025-04-01,1.0,TER,False,22.0,NOITE
2025-04-01,20:28:00,CRIMES CONTRA PATRIMÔNIO,CRIMES CONTRA PATRIMÔNIO: ROUBO: A PESSOA EM VIA PÚBLICA,ES,SERRA,SERRA CENTRO,OUTRO LOCAL,roubos,patrimonial,2025.0,4.0,ABR,2025-04-01,1.0,TER,False,20.0,NOITE
2025-04-01,00:00:00,CRIMES CONTRA PATRIMÔNIO,CRIMES CONTRA PATRIMÔNIO: ROUBO: A PESSOA EM VIA PÚBLICA,ES,VILA VELHA,ITAPOA,VIA PÚBLICA,roubos,patrimonial,2025.0,4.0,ABR,2025-04-01,1.0,TER,False,0.0,MADRUGADA
2025-04-01,20:00:00,CRIMES CONTRA PATRIMÔNIO,CRIMES CONTRA PATRIMÔNIO: ROUBO: A PESSOA EM VIA PÚBLICA,ES,MARATAIZES,CENTRO,VIA PÚBLICA,roubos,patrimonial,2025.0,4.0,ABR,2025-04-01,1.0,TER,False,20.0,NOITE
2025-04-01,19:00:00,CRIMES CONTRA PATRIMÔNIO,CRIMES CONTRA PATRIMÔNIO: ROUBO: EM TRANSPORTE COLETIVO,ES,SERRA,CARAPINA,TRANSP COLETIVO,roubos,patrimonial,2025.0,4.0,ABR,2025-04-01,1.0,TER,False,19.0,NOITE
2025-04-01,19:00:00,CRIMES CONTRA PATRIMÔNIO,CRIMES CONTRA PATRIMÔNIO: ROUBO: EM TRANSPORTE COLETIVO,ES,SERRA,EURICO SALLES,TRANSP COLETIVO,roubos,patrimonial,2025.0,4.0,ABR,2025-04-01,1.0,TER,False,19.0,NOITE
2025-04-01,00:55:00,CRIMES CONTRA PATRIMÔNIO,CRIMES CONTRA PATRIMÔNIO: ROUBO: EM ESTABELECIMENTO COMERCIAL,ES,ALEGRE,CENTRO,VIA PÚBLICA,roubos,patrimonial,2025.0,4.0,ABR,2025-04-01,1.0,TER,False,0.0,MADRUGADA
2025-04-01,07:40:00,CRIMES CONTRA PATRIMÔNIO,CRIMES CONTRA PATRIMÔNIO: ROUBO: EM ESTABELECIMENTO COMERCIAL,ES,CARIACICA,PORTO DE CARIACICA,COMÉRCIO,roubos,patrimonial,2025.0,4.0,ABR,2025-04-01,1.0,TER,False,7.0,MANHA
2025-04-01,15:50:00,CRIMES CONTRA PATRIMÔNIO,CRIMES CONTRA PATRIMÔNIO: ROUBO: EM ESTABELECIMENTO COMERCIAL,ES,VITORIA,PRAIA DO CANTO,VIA PÚBLICA,roubos,patrimonial,2025.0,4.0,ABR,2025-04-01,1.0,TER,False,15.0,TARDE
2025-04-01,06:30:00,CRIMES CONTRA PATRIMÔNIO,CRIMES CONTRA PATRIMÔNIO: ROUBO: EM RESIDÊNCIA/CONDOMÍNIO,ES,SAO MATEUS,PEDRA DAGUA,RESIDÊNCIA,roubos,patrimonial,2025.0,4.0,ABR,2025-04-01,1.0,TER,False,6.0,MANHA
2025-04-01,21:40:00,CRIMES CONTRA PATRIMÔNIO,CRIMES CONTRA PATRIMÔNIO: ROUBO: EM RESIDÊNCIA/CONDOMÍNIO,ES,VITORIA,JARDIM DA PENHA,RESIDÊNCIA,roubos,patrimonial,2025.0,4.0,ABR,2025-04-01,1.0,TER,False,21.0,NOITE
2025-04-02,02:30:00,CRIMES CONTRA PATRIMÔNIO,CRIMES CONTRA PATRIMÔNIO: ROUBO: A PESSOA EM VIA PÚBLICA,ES,GUARAPARI,OUTRO LOCAL,VIA PÚBLICA,roubos,patrimonial,2025.0,4.0,ABR,2025-04-01,2.0,QUA,False,2.0,MADRUGADA
2025-04-02,08:30:00,CRIMES CONTRA PATRIMÔNIO,CRIMES CONTRA PATRIMÔNIO: ROUBO: A PESSOA EM VIA PÚBLICA,ES,CARIACICA,VILA ISABEL,VIA PÚBLICA,roubos,patrimonial,2025.0,4.0,ABR,2025-04-01,2.0,QUA,False,8.0,MANHA
2025-04-02,06:30:00,CRIMES CONTRA PATRIMÔNIO,CRIMES CONTRA PATRIMÔNIO: ROUBO: A PESSOA EM VIA PÚBLICA,ES,VITORIA,SANTA LUCIA,VIA PÚBLICA,roubos,patrimonial,2025.0,4.0,ABR,2025-04-01,2.0,QUA,False,6.0,MANHA
2025-04-02,05:30:00,CRIMES CONTRA PATRIMÔNIO,CRIMES CONTRA PATRIMÔNIO: ROUBO: A PESSOA EM VIA PÚBLICA,ES,VILA VELHA,BARRA DO JUCU,VIA PÚBLICA,roubos,patrimonial,2025.0,4.0,ABR,2025-04-01,2.0,QUA,False,5.0,MADRUGADA
2025-04-02,01:55:00,CRIMES CONTRA PATRIMÔNIO,CRIMES CONTRA PATRIMÔNIO: ROUBO: A PESSOA EM VIA PÚBLICA,ES,VILA VELHA,JARDIM COLORADO,VIA PÚBLICA,roubos,patrimonial,2025.0,4.0,ABR,2025-04-01,2.0,QUA,False,1.0,MADRUGADA
2025-04-02,01:30:00,CRIMES CONTRA PATRIMÔNIO,CRIMES CONTRA PATRIMÔNIO: ROUBO: A PESSOA EM VIA PÚBLICA,ES,VILA VELHA,VILA NOVA,VIA PÚBLICA,roubos,patrimonial,2025.0,4.0,ABR,2025-04-01,2.0,QUA,False,1.0,MADRUGADA
2025-04-02,16:00:00,CRIMES CONTRA PATRIMÔNIO,CRIMES CONTRA PATRIMÔNIO: ROUBO: A PESSOA EM VIA PÚBLICA,ES,SAO MATEUS,BOM SUCESSO,VIA PÚBLICA,roubos,patrimonial,2025.0,4.0,ABR,2025-04-01,2.0,QUA,False,16.0,TARDE
2025-04-02,18:30:00,CRIMES CONTRA PATRIMÔNIO,CRIMES CONTRA PATRIMÔNIO: ROUBO: A PESSOA EM VIA PÚBLICA,ES,VILA VELHA,PRAIA DA COSTA,VIA PÚBLICA,roubos,patrimonial,2025.0,4.0,ABR,2025-04-01,2.0,QUA,False,18.0,NOITE
2025-04-02,Indeterminada,CRIMES CONTRA PATRIMÔNIO,CRIMES CONTRA PATRIMÔNIO: ROUBO: A PESSOA EM VIA PÚBLICA,ES,LINHARES,PALMITAL,RESIDÊNCIA,roubos,patrimonial,2025.0,4.0,ABR,2025-04-01,2.0,QUA,False,,
2025-04-02,22:00:00,CRIMES CONTRA PATRIMÔNIO,CRIMES CONTRA PATRIMÔNIO: ROUBO: A PESSOA EM VIA PÚBLICA,ES,VILA VELHA,DIVINO ESPIRITO SANTO,VIA PÚBLICA,roubos,patrimonial,2025.0,4.0,ABR,2025-04-01,2.0,QUA,False,22.0,NOITE
2025-04-02,19:40:00,CRIMES CONTRA PATRIMÔNIO,CRIMES CONTRA PATRIMÔNIO: ROUBO: A PESSOA EM VIA PÚBLICA,ES,GUARAPARI,ITAPEBUSSU,VIA PÚBLICA,roubos,patrimonial,2025.0,4.0,ABR,2025-04-01,2.0,QUA,False,19.0,NOITE
2025-04-02,19:15:00,CRIMES CONTRA PATRIMÔNIO,CRIMES CONTRA PATRIMÔNIO: ROUBO: A PESSOA EM VIA PÚBLICA,ES,GUARAPARI,ITAPEBUSSU,VIA PÚBLICA,roubos,patrimonial,2025.0,4.0,ABR,2025-04-01,2.0,QUA,False,19.0,NOITE
2025-04-02,19:15:00,CRIMES CONTRA PATRIMÔNIO,CRIMES CONTRA PATRIMÔNIO: ROUBO: A PESSOA EM VIA PÚBLICA,ES,VILA VELHA,GLORIA,VIA PÚBLICA,roubos,patrimonial,2025.0,4.0,ABR,2025-04-01,2.0,QUA,False,19.0,NOITE
2025-04-02,04:45:00,CRIMES CONTRA PATRIMÔNIO,CRIMES CONTRA PATRIMÔNIO: ROUBO: A PESSOA EM VIA PÚBLICA,ES,VILA VELHA,RIO MARINHO,VIA PÚBLICA,roubos,patrimonial,2025.0,4.0,ABR,2025-04-01,2.0,QUA,False,4.0,MADRUGADA
2025-04-02,23:40:00,CRIMES CONTRA PATRIMÔNIO,CRIMES CONTRA PATRIMÔNIO: ROUBO: A PESSOA EM VIA PÚBLICA,ES,VITORIA,JARDIM CAMBURI,VIA PÚBLICA,roubos,patrimonial,2025.0,4.0,ABR,2025-04-01,2.0,QUA,False,23.0,NOITE
2025-04-02,Indeterminada,CRIMES CONTRA PATRIMÔNIO,CRIMES CONTRA PATRIMÔNIO: ROUBO: A PESSOA EM VIA PÚBLICA,ES,COLATINA,CENTRO,RESIDÊNCIA,roubos,patrimonial,2025.0,4.0,ABR,2025-04-01,2.0,QUA,False,,
2025-04-02,19:50:00,CRIMES CONTRA PATRIMÔNIO,CRIMES CONTRA PATRIMÔNIO: ROUBO: A PESSOA EM VIA PÚBLICA,ES,CARIACICA,CAMPO GRANDE,VIA PÚBLICA,roubos,patrimonial,2025.0,4.0,ABR,2025-04-01,2.0,QUA,False,19.0,NOITE
2025-04-02,22:00:00,CRIMES CONTRA PATRIMÔNIO,CRIMES CONTRA PATRIMÔNIO: ROUBO: A PESSOA EM VIA PÚBLICA,ES,CARIACICA,SANTA BARBARA,VIA PÚBLICA,roubos,patrimonial,2025.0,4.0,ABR,2025-04-01,2.0,QUA,False,22.0,NOITE
2025-04-02,20:30:00,CRIMES CONTRA PATRIMÔNIO,CRIMES CONTRA PATRIMÔNIO: ROUBO: A PESSOA EM VIA PÚBLICA,ES,VILA VELHA,RIO MARINHO,VIA PÚBLICA,roubos,patrimonial,2025.0,4.0,ABR,2025-04-01,2.0,QUA,False,20.0,NOITE
2025-04-02,11:00:00,CRIMES CONTRA PATRIMÔNIO,CRIMES CONTRA PATRIMÔNIO: ROUBO: A PESSOA EM VIA PÚBLICA,ES,ARACRUZ,SAO MARCOS,VIA PÚBLICA,roubos,patrimonial,2025.0,4.0,ABR,2025-04-01,2.0,QUA,False,11.0,MANHA
2025-04-02,09:00:00,CRIMES CONTRA PATRIMÔNIO,CRIMES CONTRA PATRIMÔNIO: ROUBO: A PESSOA EM VIA PÚBLICA,ES,SERRA,BARCELONA,VIA PÚBLICA,roubos,patrimonial,2025.0,4.0,ABR,2025-04-01,2.0,QUA,False,9.0,MANHA
2025-04-02,21:34:00,CRIMES CONTRA PATRIMÔNIO,CRIMES CONTRA PATRIMÔNIO: ROUBO: A PESSOA EM VIA PÚBLICA,ES,VITORIA,JARDIM CAMBURI,VIA PÚBLICA,roubos,patrimonial,2025.0,4.0,ABR,2025-04-01,2.0,QUA,False,21.0,NOITE
2025-04-02,Indeterminada,CRIMES CONTRA PATRIMÔNIO,CRIMES CONTRA PATRIMÔNIO: ROUBO: A PESSOA EM VIA PÚBLICA,ES,LINHARES,SHELL,VIA PÚBLICA,roubos,patrimonial,2025.0,4.0,ABR,2025-04-01,2.0,QUA,False,,
2025-04-02,23:00:00,CRIMES CONTRA PATRIMÔNIO,CRIMES CONTRA PATRIMÔNIO: ROUBO: A PESSOA EM VIA PÚBLICA,ES,SERRA,NOVO HORIZONTE,VIA PÚBLICA,roubos,patrimonial,2025.0,4.0,ABR,2025-04-01,2.0,QUA,False,23.0,NOITE
2025-04-02,19:30:00,CRIMES CONTRA PATRIMÔNIO,CRIMES CONTRA PATRIMÔNIO: ROUBO: A PESSOA EM VIA PÚBLICA,ES,SERRA,PARQUE RESIDENCIAL LARANJEIRAS,VIA PÚBLICA,roubos,patrimonial,2025.0,4.0,ABR,2025-04-01,2.0,QUA,False,19.0,NOITE
2025-04-02,16:00:00,CRIMES CONTRA PATRIMÔNIO,CRIMES CONTRA PATRIMÔNIO: ROUBO: A PESSOA EM VIA PÚBLICA,ES,VITORIA,JARDIM DA PENHA,VIA PÚBLICA,roubos,patrimonial,2025.0,4.0,ABR,2025-04-01,2.0,QUA,False,16.0,TARDE
2025-04-02,15:00:00,CRIMES CONTRA PATRIMÔNIO,CRIMES CONTRA PATRIMÔNIO: ROUBO: A PESSOA EM VIA PÚBLICA,ES,CARIACICA,ALTO LAGE,VIA PÚBLICA,roubos,patrimonial,2025.0,4.0,ABR,2025-04-01,2.0,QUA,False,15.0,TARDE
2025-04-02,09:33:00,CRIMES CONTRA PATRIMÔNIO,CRIMES CONTRA PATRIMÔNIO: ROUBO: A PESSOA EM VIA PÚBLICA,ES,VITORIA,CENTRO,VIA PÚBLICA,roubos,patrimonial,2025.0,4.0,ABR,2025-04-01,2.0,QUA,False,9.0,MANHA
2025-04-02,06:00:00,CRIMES CONTRA PATRIMÔNIO,CRIMES CONTRA PATRIMÔNIO: ROUBO: A PESSOA EM VIA PÚBLICA,ES,SERRA,LARANJEIRAS VELHA,VIA PÚBLICA,roubos,patrimonial,2025.0,4.0,ABR,2025-04-01,2.0,QUA,False,6.0,MANHA
2025-04-02,05:35:00,CRIMES CONTRA PATRIMÔNIO,CRIMES CONTRA PATRIMÔNIO: ROUBO: A PESSOA EM VIA PÚBLICA,ES,SERRA,JARDIM LIMOEIRO,VIA PÚBLICA,roubos,patrimonial,2025.0,4.0,ABR,2025-04-01,2.0,QUA,False,5.0,MADRUGADA
2025-04-02,09:00:00,CRIMES CONTRA PATRIMÔNIO,CRIMES CONTRA PATRIMÔNIO: ROUBO: EM TRANSPORTE COLETIVO,ES,SERRA,PARQUE RESIDENCIAL LARANJEIRAS,TRANSP COLETIVO,roubos,patrimonial,2025.0,4.0,ABR,2025-04-01,2.0,QUA,False,9.0,MANHA
2025-04-02,16:10:00,CRIMES CONTRA PATRIMÔNIO,CRIMES CONTRA PATRIMÔNIO: ROUBO: EM TRANSPORTE COLETIVO,ES,CARIACICA,ITACIBA,TRANSP COLETIVO,roubos,patrimonial,2025.0,4.0,ABR,2025-04-01,2.0,QUA,False,16.0,TARDE
2025-04-03,05:00:00,CRIMES CONTRA PATRIMÔNIO,CRIMES CONTRA PATRIMÔNIO: ROUBO: A PESSOA EM VIA PÚBLICA,ES,SERRA,COSTA DOURADA,VIA PÚBLICA,roubos,patrimonial,2025.0,4.0,ABR,2025-04-01,3.0,QUI,False,5.0,MADRUGADA
2025-04-03,06:20:00,CRIMES CONTRA PATRIMÔNIO,CRIMES CONTRA PATRIMÔNIO: ROUBO: A PESSOA EM VIA PÚBLICA,ES,VITORIA,JARDIM CAMBURI,VIA PÚBLICA,roubos,patrimonial,2025.0,4.0,ABR,2025-04-01,3.0,QUI,False,6.0,MANHA
2025-04-03,09:00:00,CRIMES CONTRA PATRIMÔNIO,CRIMES CONTRA PATRIMÔNIO: ROUBO: A PESSOA EM VIA PÚBLICA,ES,SERRA,NOVA CARAPINA I,VIA PÚBLICA,roubos,patrimonial,2025.0,4.0,ABR,2025-04-01,3.0,QUI,False,9.0,MANHA
2025-04-03,12:44:00,CRIMES CONTRA PATRIMÔNIO,CRIMES CONTRA PATRIMÔNIO: ROUBO: A PESSOA EM VIA PÚBLICA,ES,VILA VELHA,ITAPOA,VIA PÚBLICA,roubos,patrimonial,2025.0,4.0,ABR,2025-04-01,3.0,QUI,False,12.0,TARDE
2025-04-03,10:00:00,CRIMES CONTRA PATRIMÔNIO,CRIMES CONTRA PATRIMÔNIO: ROUBO: A PESSOA EM VIA PÚBLICA,ES,VILA VELHA,GLORIA,VIA PÚBLICA,roubos,patrimonial,2025.0,4.0,ABR,2025-04-01,3.0,QUI,False,10.0,MANHA
2025-04-03,22:30:00,CRIMES CONTRA PATRIMÔNIO,CRIMES CONTRA PATRIMÔNIO: ROUBO: A PESSOA EM VIA PÚBLICA,ES,VILA VELHA,GLORIA,VIA PÚBLICA,roubos,patrimonial,2025.0,4.0,ABR,2025-04-01,3.0,QUI,False,22.0,NOITE
2025-04-03,18:00:00,CRIMES CONTRA PATRIMÔNIO,CRIMES CONTRA PATRIMÔNIO: ROUBO: A PESSOA EM VIA PÚBLICA,ES,CARIACICA,NOVA BRASILIA,VIA PÚBLICA,roubos,patrimonial,2025.0,4.0,ABR,2025-04-01,3.0,QUI,False,18.0,NOITE
2025-04-03,21:00:00,CRIMES CONTRA PATRIMÔNIO,CRIMES CONTRA PATRIMÔNIO: ROUBO: A PESSOA EM VIA PÚBLICA,ES,GUARAPARI,PRAIA DO MORRO,VIA PÚBLICA,roubos,patrimonial,2025.0,4.0,ABR,2025-04-01,3.0,QUI,False,21.0,NOITE
2025-04-03,20:50:00,CRIMES CONTRA PATRIMÔNIO,CRIMES CONTRA PATRIMÔNIO: ROUBO: A PESSOA EM VIA PÚBLICA,ES,VILA VELHA,RIO MARINHO,VIA PÚBLICA,roubos,patrimonial,2025.0,4.0,ABR,2025-04-01,3.0,QUI,False,20.0,NOITE
2025-04-03,22:18:00,CRIMES CONTRA PATRIMÔNIO,CRIMES CONTRA PATRIMÔNIO: ROUBO: A PESSOA EM VIA PÚBLICA,ES,VITORIA,PRAIA DO CANTO,VIA PÚBLICA,roubos,patrimonial,2025.0,4.0,ABR,2025-04-01,3.0,QUI,False,22.0,NOITE
2025-04-03,19:20:00,CRIMES CONTRA PATRIMÔNIO,CRIMES CONTRA PATRIMÔNIO: ROUBO: A PESSOA EM VIA PÚBLICA,ES,VILA VELHA,PONTA DA FRUTA,OUTRO LOCAL,roubos,patrimonial,2025.0,4.0,ABR,2025-04-01,3.0,QUI,False,19.0,NOITE
2025-04-03,14:00:00,CRIMES CONTRA PATRIMÔNIO,CRIMES CONTRA PATRIMÔNIO: ROUBO: A PESSOA EM VIA PÚBLICA,ES,VIANA,VILA BETHANIA,VIA PÚBLICA,roubos,patrimonial,2025.0,4.0,ABR,2025-04-01,3.0,QUI,False,14.0,TARDE
2025-04-03,21:00:00,CRIMES CONTRA PATRIMÔNIO,CRIMES CONTRA PATRIMÔNIO: ROUBO: A PESSOA EM VIA PÚBLICA,ES,SERRA,MANGUINHOS,VIA PÚBLICA,roubos,patrimonial,2025.0,4.0,ABR,2025-04-01,3.0,QUI,False,21.0,NOITE
2025-04-03,21:25:00,CRIMES CONTRA PATRIMÔNIO,CRIMES CONTRA PATRIMÔNIO: ROUBO: A PESSOA EM VIA PÚBLICA,ES,SERRA,PARQUE RESIDENCIAL LARANJEIRAS,OUTRO LOCAL,roubos,patrimonial,2025.0,4.0,ABR,2025-04-01,3.0,QUI,False,21.0,NOITE
2025-04-03,18:00:00,CRIMES CONTRA PATRIMÔNIO,CRIMES CONTRA PATRIMÔNIO: ROUBO: A PESSOA EM VIA PÚBLICA,ES,CARIACICA,JARDIM CAMPO GRANDE,VIA PÚBLICA,roubos,patrimonial,2025.0,4.0,ABR,2025-04-01,3.0,QUI,False,18.0,NOITE
2025-04-03,17:00:00,CRIMES CONTRA PATRIMÔNIO,CRIMES CONTRA PATRIMÔNIO: ROUBO: A PESSOA EM VIA PÚBLICA,ES,VILA VELHA,BARRA DO JUCU,VIA PÚBLICA,roubos,patrimonial,2025.0,4.0,ABR,2025-04-01,3.0,QUI,False,17.0,TARDE
2025-04-03,19:50:00,CRIMES CONTRA PATRIMÔNIO,CRIMES CONTRA PATRIMÔNIO: ROUBO: A PESSOA EM VIA PÚBLICA,ES,CARIACICA,BOA SORTE,VIA PÚBLICA,roubos,patrimonial,2025.0,4.0,ABR,2025-04-01,3.0,QUI,False,19.0,NOITE
2025-04-03,20:00:00,CRIMES CONTRA PATRIMÔNIO,CRIMES CONTRA PATRIMÔNIO: ROUBO: A PESSOA EM VIA PÚBLICA,ES,VILA VELHA,RIO MARINHO,VIA PÚBLICA,roubos,patrimonial,2025.0,4.0,ABR,2025-04-01,3.0,QUI,False,20.0,NOITE
2025-04-03,19:00:00,CRIMES CONTRA PATRIMÔNIO,CRIMES CONTRA PATRIMÔNIO: ROUBO: A PESSOA EM VIA PÚBLICA,ES,CARIACICA,VILA CAPIXABA,VIA PÚBLICA,roubos,patrimonial,2025.0,4.0,ABR,2025-04-01,3.0,QUI,False,19.0,NOITE
2025-04-03,20:18:00,CRIMES CONTRA PATRIMÔNIO,CRIMES CONTRA PATRIMÔNIO: ROUBO: A PESSOA EM VIA PÚBLICA,ES,CARIACICA,CANGAIBA,VIA PÚBLICA,roubos,patrimonial,2025.0,4.0,ABR,2025-04-01,3.0,QUI,False,20.0,NOITE
2025-04-03,21:00:00,CRIMES CONTRA PATRIMÔNIO,CRIMES CONTRA PATRIMÔNIO: ROUBO: A PESSOA EM VIA PÚBLICA,ES,VILA VELHA,RIO MARINHO,VIA PÚBLICA,roubos,patrimonial,2025.0,4.0,ABR,2025-04-01,3.0,QUI,False,21.0,NOITE
2025-04-03,08:15:00,CRIMES CONTRA PATRIMÔNIO,CRIMES CONTRA PATRIMÔNIO: ROUBO: A PESSOA EM VIA PÚBLICA,ES,VILA VELHA,RIO MARINHO,COMÉRCIO,roubos,patrimonial,2025.0,4.0,ABR,2025-04-01,3.0,QUI,False,8.0,MANHA
2025-04-03,20:30:00,CRIMES CONTRA PATRIMÔNIO,CRIMES CONTRA PATRIMÔNIO: ROUBO: A PESSOA EM VIA PÚBLICA,ES,VILA VELHA,RIO MARINHO,VIA PÚBLICA,roubos,patrimonial,2025.0,4.0,ABR,2025-04-01,3.0,QUI,False,20.0,NOITE
2025-04-03,20:00:00,CRIMES CONTRA PATRIMÔNIO,CRIMES CONTRA PATRIMÔNIO: ROUBO: A PESSOA EM VIA PÚBLICA,ES,VILA VELHA,RIO MARINHO,VIA PÚBLICA,roubos,patrimonial,2025.0,4.0,ABR,2025-04-01,3.0,QUI,False,20.0,NOITE
2025-04-03,20:10:00,CRIMES CONTRA PATRIMÔNIO,CRIMES CONTRA PATRIMÔNIO: ROUBO: A PESSOA EM VIA PÚBLICA,ES,CARIACICA,RIO MARINHO,VIA PÚBLICA,roubos,patrimonial,2025.0,4.0,ABR,2025-04-01,3.0,QUI,False,20.0,NOITE
2025-04-03,20:30:00,CRIMES CONTRA PATRIMÔNIO,CRIMES CONTRA PATRIMÔNIO: ROUBO: A PESSOA EM VIA PÚBLICA,ES,VILA VELHA,RIO MARINHO,VIA PÚBLICA,roubos,patrimonial,2025.0,4.0,ABR,2025-04-01,3.0,QUI,False,20.0,NOITE
2025-04-03,20:19:00,CRIMES CONTRA PATRIMÔNIO,CRIMES CONTRA PATRIMÔNIO: ROUBO: A PESSOA EM VIA PÚBLICA,ES,VILA VELHA,RIO MARINHO,VIA PÚBLICA,roubos,patrimonial,2025.0,4.0,ABR,2025-04-01,3.0,QUI,False,20.0,NOITE
2025-04-03,01:00:00,CRIMES CONTRA PATRIMÔNIO,CRIMES CONTRA PATRIMÔNIO: ROUBO: A PESSOA EM VIA PÚBLICA,ES,LINHARES,TRES BARRAS,VIA PÚBLICA,roubos,patrimonial,2025.0,4.0,ABR,2025-04-01,3.0,QUI,False,1.0,MADRUGADA
2025-04-03,19:20:00,CRIMES CONTRA PATRIMÔNIO,CRIMES CONTRA PATRIMÔNIO: ROUBO: A PESSOA EM VIA PÚBLICA,ES,CARIACICA,NOVA VALVERDE,VIA PÚBLICA,roubos,patrimonial,2025.0,4.0,ABR,2025-04-01,3.0,QUI,False,19.0,NOITE
2025-04-03,19:20:00,CRIMES CONTRA PATRIMÔNIO,CRIMES CONTRA PATRIMÔNIO: ROUBO: A PESSOA EM VIA PÚBLICA,ES,CARIACICA,NOVA VALVERDE,VIA PÚBLICA,roubos,patrimonial,2025.0,4.0,ABR,2025-04-01,3.0,QUI,False,19.0,NOITE
2025-04-03,19:00:00,CRIMES CONTRA PATRIMÔNIO,CRIMES CONTRA PATRIMÔNIO: ROUBO: A PESSOA EM VIA PÚBLICA,ES,LINHARES,INTERLAGOS,VIA PÚBLICA,roubos,patrimonial,2025.0,4.0,ABR,2025-04-01,3.0,QUI,False,19.0,NOITE
2025-04-03,20:30:00,CRIMES CONTRA PATRIMÔNIO,CRIMES CONTRA PATRIMÔNIO: ROUBO: A PESSOA EM VIA PÚBLICA,ES,VITORIA,ENSEADA DO SUA,VIA PÚBLICA,roubos,patrimonial,2025.0,4.0,ABR,2025-04-01,3.0,QUI,False,20.0,NOITE
2025-04-03,18:30:00,CRIMES CONTRA PATRIMÔNIO,CRIMES CONTRA PATRIMÔNIO: ROUBO: A PESSOA EM VIA PÚBLICA,ES,SERRA,FEU ROSA,OUTRO LOCAL,roubos,patrimonial,2025.0,4.0,ABR,2025-04-01,3.0,QUI,False,18.0,NOITE
2025-04-03,05:40:00,CRIMES CONTRA PATRIMÔNIO,CRIMES CONTRA PATRIMÔNIO: ROUBO: A PESSOA EM VIA PÚBLICA,ES,SERRA,JARDIM LIMOEIRO,VIA PÚBLICA,roubos,patrimonial,2025.0,4.0,ABR,2025-04-01,3.0,QUI,False,5.0,MADRUGADA
2025-04-03,18:30:00,CRIMES CONTRA PATRIMÔNIO,CRIMES CONTRA PATRIMÔNIO: ROUBO: A PESSOA EM VIA PÚBLICA,ES,SERRA,JARDIM LIMOEIRO,VIA PÚBLICA,roubos,patrimonial,2025.0,4.0,ABR,2025-04-01,3.0,QUI,False,18.0,NOITE
2025-04-03,19:00:00,CRIMES CONTRA PATRIMÔNIO,CRIMES CONTRA PATRIMÔNIO: ROUBO: A PESSOA EM VIA PÚBLICA,ES,CARIACICA,JARDIM CAMPO GRANDE,VIA PÚBLICA,roubos,patrimonial,2025.0,4.0,ABR,2025-04-01,3.0,QUI,False,19.0,NOITE
2025-04-03,22:43:00,CRIMES CONTRA PATRIMÔNIO,CRIMES CONTRA PATRIMÔNIO: ROUBO: A PESSOA EM VIA PÚBLICA,ES,CARIACICA,CAMPO GRANDE,VIA PÚBLICA,roubos,patrimonial,2025.0,4.0,ABR,2025-04-01,3.0,QUI,False,22.0,NOITE
2025-04-03,19:30:00,CRIMES CONTRA PATRIMÔNIO,CRIMES CONTRA PATRIMÔNIO: ROUBO: A PESSOA EM VIA PÚBLICA,ES,CARIACICA,JARDIM AMERICA,VIA PÚBLICA,roubos,patrimonial,2025.0,4.0,ABR,2025-04-01,3.0,QUI,False,19.0,NOITE
2025-04-03,12:00:00,CRIMES CONTRA PATRIMÔNIO,CRIMES CONTRA PATRIMÔNIO: ROUBO: A PESSOA EM VIA PÚBLICA,ES,SERRA,SAO GERALDO,VIA PÚBLICA,roubos,patrimonial,2025.0,4.0,ABR,2025-04-01,3.0,QUI,False,12.0,TARDE
2025-04-03,22:30:00,CRIMES CONTRA PATRIMÔNIO,CRIMES CONTRA PATRIMÔNIO: ROUBO: A PESSOA EM VIA PÚBLICA,ES,SERRA,PARQUE RESIDENCIAL LARANJEIRAS,VIA PÚBLICA,roubos,patrimonial,2025.0,4.0,ABR,2025-04-01,3.0,QUI,False,22.0,NOITE
2025-04-03,23:00:00,CRIMES CONTRA PATRIMÔNIO,CRIMES CONTRA PATRIMÔNIO: ROUBO: EM TRANSPORTE COLETIVO,ES,SERRA,TERMINAL INTERMODAL DA SERRA (TIMS),RODOVIA FEDERAL,roubos,patrimonial,2025.0,4.0,ABR,2025-04-01,3.0,QUI,False,23.0,NOITE
2025-04-03,23:05:00,CRIMES CONTRA PATRIMÔNIO,CRIMES CONTRA PATRIMÔNIO: ROUBO: EM TRANSPORTE COLETIVO,ES,SERRA,TERMINAL INTERMODAL DA SERRA (TIMS),TRANSP COLETIVO,roubos,patrimonial,2025.0,4.0,ABR,2025-04-01,3.0,QUI,False,23.0,NOITE
2025-04-03,21:00:00,CRIMES CONTRA PATRIMÔNIO,CRIMES CONTRA PATRIMÔNIO: ROUBO: EM TRANSPORTE COLETIVO,ES,VITORIA,PRAIA DO SUA,TRANSP COLETIVO,roubos,patrimonial,2025.0,4.0,ABR,2025-04-01,3.0,QUI,False,21.0,NOITE
2025-04-03,23:10:00,CRIMES CONTRA PATRIMÔNIO,CRIMES CONTRA PATRIMÔNIO: ROUBO: EM TRANSPORTE COLETIVO,ES,SERRA,OUTRO LOCAL,VEÍCULO,roubos,patrimonial,2025.0,4.0,ABR,2025-04-01,3.0,QUI,False,23.0,NOITE
2025-04-03,23:15:00,CRIMES CONTRA PATRIMÔNIO,CRIMES CONTRA PATRIMÔNIO: ROUBO: EM TRANSPORTE COLETIVO,ES,SERRA,OUTRO LOCAL,TRANSP COLETIVO,roubos,patrimonial,2025.0,4.0,ABR,2025-04-01,3.0,QUI,False,23.0,NOITE
2025-04-03,10:30:00,CRIMES CONTRA PATRIMÔNIO,CRIMES CONTRA PATRIMÔNIO: ROUBO: EM ESTABELECIMENTO COMERCIAL,ES,CARIACICA,ALTO LAGE,COMÉRCIO,roubos,patrimonial,2025.0,4.0,ABR,2025-04-01,3.0,QUI,False,10.0,MANHA
2025-04-03,19:30:00,CRIMES CONTRA PATRIMÔNIO,CRIMES CONTRA PATRIMÔNIO: ROUBO: EM ESTABELECIMENTO COMERCIAL,ES,CARIACICA,BOA SORTE,COMÉRCIO,roubos,patrimonial,2025.0,4.0,ABR,2025-04-01,3.0,QUI,False,19.0,NOITE
2025-04-04,00:10:00,CRIMES CONTRA PATRIMÔNIO,CRIMES CONTRA PATRIMÔNIO: ROUBO: A PESSOA EM VIA PÚBLICA,ES,CARIACICA,CAMPO GRANDE,VIA PÚBLICA,roubos,patrimonial,2025.0,4.0,ABR,2025-04-01,4.0,SEX,False,0.0,MADRUGADA
2025-04-04,04:50:00,CRIMES CONTRA PATRIMÔNIO,CRIMES CONTRA PATRIMÔNIO: ROUBO: A PESSOA EM VIA PÚBLICA,ES,VILA VELHA,SAO TORQUATO,VIA PÚBLICA,roubos,patrimonial,2025.0,4.0,ABR,2025-04-01,4.0,SEX,False,4.0,MADRUGADA
2025-04-04,04:55:00,CRIMES CONTRA PATRIMÔNIO,CRIMES CONTRA PATRIMÔNIO: ROUBO: A PESSOA EM VIA PÚBLICA,ES,VILA VELHA,ARIBIRI,VIA PÚBLICA,roubos,patrimonial,2025.0,4.0,ABR,2025-04-01,4.0,SEX,False,4.0,MADRUGADA
2025-04-04,04:55:00,CRIMES CONTRA PATRIMÔNIO,CRIMES CONTRA PATRIMÔNIO: ROUBO: A PESSOA EM VIA PÚBLICA,ES,VILA VELHA,SAO TORQUATO,VIA PÚBLICA,roubos,patrimonial,2025.0,4.0,ABR,2025-04-01,4.0,SEX,False,4.0,MADRUGADA
2025-04-04,05:30:00,CRIMES CONTRA PATRIMÔNIO,CRIMES CONTRA PATRIMÔNIO: ROUBO: A PESSOA EM VIA PÚBLICA,ES,CARIACICA,PORTO DE SANTANA,VIA PÚBLICA,roubos,patrimonial,2025.0,4.0,ABR,2025-04-01,4.0,SEX,False,5.0,MADRUGADA
2025-04-04,03:07:00,CRIMES CONTRA PATRIMÔNIO,CRIMES CONTRA PATRIMÔNIO: ROUBO: A PESSOA EM VIA PÚBLICA,ES,VILA VELHA,JARDIM MARILANDIA,VIA PÚBLICA,roubos,patrimonial,2025.0,4.0,ABR,2025-04-01,4.0,SEX,False,3.0,MADRUGADA
2025-04-04,02:00:00,CRIMES CONTRA PATRIMÔNIO,CRIMES CONTRA PATRIMÔNIO: ROUBO: A PESSOA EM VIA PÚBLICA,ES,CARIACICA,CAMPO GRANDE,VIA PÚBLICA,roubos,patrimonial,2025.0,4.0,ABR,2025-04-01,4.0,SEX,False,2.0,MADRUGADA
2025-04-04,04:40:00,CRIMES CONTRA PATRIMÔNIO,CRIMES CONTRA PATRIMÔNIO: ROUBO: A PESSOA EM VIA PÚBLICA,ES,VILA VELHA,SAO TORQUATO,VIA PÚBLICA,roubos,patrimonial,2025.0,4.0,ABR,2025-04-01,4.0,SEX,False,4.0,MADRUGADA
2025-04-04,04:45:00,CRIMES CONTRA PATRIMÔNIO,CRIMES CONTRA PATRIMÔNIO: ROUBO: A PESSOA EM VIA PÚBLICA,ES,VIANA,MARCILIO DE NORONHA,VIA PÚBLICA,roubos,patrimonial,2025.0,4.0,ABR,2025-04-01,4.0,SEX,False,4.0,MADRUGADA
2025-04-04,02:20:00,CRIMES CONTRA PATRIMÔNIO,CRIMES CONTRA PATRIMÔNIO: ROUBO: A PESSOA EM VIA PÚBLICA,ES,VILA VELHA,GLORIA,VIA PÚBLICA,roubos,patrimonial,2025.0,4.0,ABR,2025-04-01,4.0,SEX,False,2.0,MADRUGADA
2025-04-04,04:53:00,CRIMES CONTRA PATRIMÔNIO,CRIMES CONTRA PATRIMÔNIO: ROUBO: A PESSOA EM VIA PÚBLICA,ES,VILA VELHA,SAO TORQUATO,VIA PÚBLICA,roubos,patrimonial,2025.0,4.0,ABR,2025-04-01,4.0,SEX,False,4.0,MADRUGADA
2025-04-04,09:15:00,CRIMES CONTRA PATRIMÔNIO,CRIMES CONTRA PATRIMÔNIO: ROUBO: A PESSOA EM VIA PÚBLICA,ES,SERRA,NOVA CARAPINA I,VIA PÚBLICA,roubos,patrimonial,2025.0,4.0,ABR,2025-04-01,4.0,SEX,False,9.0,MANHA
2025-04-04,19:00:00,CRIMES CONTRA PATRIMÔNIO,CRIMES CONTRA PATRIMÔNIO: ROUBO: A PESSOA EM VIA PÚBLICA,ES,CARIACICA,JARDIM CAMPO GRANDE,VIA PÚBLICA,roubos,patrimonial,2025.0,4.0,ABR,2025-04-01,4.0,SEX,False,19.0,NOITE
2025-04-04,13:00:00,CRIMES CONTRA PATRIMÔNIO,CRIMES CONTRA PATRIMÔNIO: ROUBO: A PESSOA EM VIA PÚBLICA,ES,VITORIA,REPUBLICA,VIA PÚBLICA,roubos,patrimonial,2025.0,4.0,ABR,2025-04-01,4.0,SEX,False,13.0,TARDE
2025-04-04,20:50:00,CRIMES CONTRA PATRIMÔNIO,CRIMES CONTRA PATRIMÔNIO: ROUBO: A PESSOA EM VIA PÚBLICA,ES,VIANA,NOVA BETHANIA,VIA PÚBLICA,roubos,patrimonial,2025.0,4.0,ABR,2025-04-01,4.0,SEX,False,20.0,NOITE
2025-04-04,18:20:00,CRIMES CONTRA PATRIMÔNIO,CRIMES CONTRA PATRIMÔNIO: ROUBO: A PESSOA EM VIA PÚBLICA,ES,SERRA,CARAPINA,OUTRO LOCAL,roubos,patrimonial,2025.0,4.0,ABR,2025-04-01,4.0,SEX,False,18.0,NOITE
2025-04-04,19:40:00,CRIMES CONTRA PATRIMÔNIO,CRIMES CONTRA PATRIMÔNIO: ROUBO: A PESSOA EM VIA PÚBLICA,ES,VITORIA,ENSEADA DO SUA,VIA PÚBLICA,roubos,patrimonial,2025.0,4.0,ABR,2025-04-01,4.0,SEX,False,19.0,NOITE
2025-04-04,18:30:00,CRIMES CONTRA PATRIMÔNIO,CRIMES CONTRA PATRIMÔNIO: ROUBO: A PESSOA EM VIA PÚBLICA,ES,SERRA,CARAPINA,VIA PÚBLICA,roubos,patrimonial,2025.0,4.0,ABR,2025-04-01,4.0,SEX,False,18.0,NOITE
2025-04-04,20:00:00,CRIMES CONTRA PATRIMÔNIO,CRIMES CONTRA PATRIMÔNIO: ROUBO: A PESSOA EM VIA PÚBLICA,ES,CARIACICA,RIO BRANCO,VIA PÚBLICA,roubos,patrimonial,2025.0,4.0,ABR,2025-04-01,4.0,SEX,False,20.0,NOITE
2025-04-04,19:30:00,CRIMES CONTRA PATRIMÔNIO,CRIMES CONTRA PATRIMÔNIO: ROUBO: A PESSOA EM VIA PÚBLICA,ES,VITORIA,ENSEADA DO SUA,VIA PÚBLICA,roubos,patrimonial,2025.0,4.0,ABR,2025-04-01,4.0,SEX,False,19.0,NOITE
2025-04-04,06:35:00,CRIMES CONTRA PATRIMÔNIO,CRIMES CONTRA PATRIMÔNIO: ROUBO: A PESSOA EM VIA PÚBLICA,ES,VILA VELHA,JOCKEY DE ITAPARICA,VIA PÚBLICA,roubos,patrimonial,2025.0,4.0,ABR,2025-04-01,4.0,SEX,False,6.0,MANHA
2025-04-04,23:30:00,CRIMES CONTRA PATRIMÔNIO,CRIMES CONTRA PATRIMÔNIO: ROUBO: A PESSOA EM VIA PÚBLICA,ES,VILA VELHA,ITAPOA,VIA PÚBLICA,roubos,patrimonial,2025.0,4.0,ABR,2025-04-01,4.0,SEX,False,23.0,NOITE
2025-04-04,18:00:00,CRIMES CONTRA PATRIMÔNIO,CRIMES CONTRA PATRIMÔNIO: ROUBO: A PESSOA EM VIA PÚBLICA,ES,VITORIA,JARDIM CAMBURI,VIA PÚBLICA,roubos,patrimonial,2025.0,4.0,ABR,2025-04-01,4.0,SEX,False,18.0,NOITE
2025-04-04,10:00:00,CRIMES CONTRA PATRIMÔNIO,CRIMES CONTRA PATRIMÔNIO: ROUBO: A PESSOA EM VIA PÚBLICA,ES,VILA VELHA,PRAIA DA COSTA,OUTRO LOCAL,roubos,patrimonial,2025.0,4.0,ABR,2025-04-01,4.0,SEX,False,10.0,MANHA
2025-04-04,04:20:00,CRIMES CONTRA PATRIMÔNIO,CRIMES CONTRA PATRIMÔNIO: ROUBO: A PESSOA EM VIA PÚBLICA,ES,VILA VELHA,NOVA ITAPARICA,VIA PÚBLICA,roubos,patrimonial,2025.0,4.0,ABR,2025-04-01,4.0,SEX,False,4.0,MADRUGADA
2025-04-04,10:45:00,CRIMES CONTRA PATRIMÔNIO,CRIMES CONTRA PATRIMÔNIO: ROUBO: A PESSOA EM VIA PÚBLICA,ES,VITORIA,SANTO ANDRE,VIA PÚBLICA,roubos,patrimonial,2025.0,4.0,ABR,2025-04-01,4.0,SEX,False,10.0,MANHA
2025-04-04,20:00:00,CRIMES CONTRA PATRIMÔNIO,CRIMES CONTRA PATRIMÔNIO: ROUBO: A PESSOA EM VIA PÚBLICA,ES,VITORIA,VILA RUBIM,VIA PÚBLICA,roubos,patrimonial,2025.0,4.0,ABR,2025-04-01,4.0,SEX,False,20.0,NOITE
2025-04-04,05:00:00,CRIMES CONTRA PATRIMÔNIO,CRIMES CONTRA PATRIMÔNIO: ROUBO: A PESSOA EM VIA PÚBLICA,ES,SERRA,RESIDENCIAL VISTA DO MESTRE,VIA PÚBLICA,roubos,patrimonial,2025.0,4.0,ABR,2025-04-01,4.0,SEX,False,5.0,MADRUGADA
2025-04-04,15:00:00,CRIMES CONTRA PATRIMÔNIO,CRIMES CONTRA PATRIMÔNIO: ROUBO: A PESSOA EM VIA PÚBLICA,ES,VITORIA,PRAIA DO CANTO,VIA PÚBLICA,roubos,patrimonial,2025.0,4.0,ABR,2025-04-01,4.0,SEX,False,15.0,TARDE
2025-04-04,07:45:00,CRIMES CONTRA PATRIMÔNIO,CRIMES CONTRA PATRIMÔNIO: ROUBO: A PESSOA EM VIA PÚBLICA,ES,SERRA,NOVA CARAPINA I,VIA PÚBLICA,roubos,patrimonial,2025.0,4.0,ABR,2025-04-01,4.0,SEX,False,7.0,MANHA
2025-04-04,03:00:00,CRIMES CONTRA PATRIMÔNIO,CRIMES CONTRA PATRIMÔNIO: ROUBO: A PESSOA EM VIA PÚBLICA,ES,VITORIA,ITARARE,VIA PÚBLICA,roubos,patrimonial,2025.0,4.0,ABR,2025-04-01,4.0,SEX,False,3.0,MADRUGADA
2025-04-04,19:00:00,CRIMES CONTRA PATRIMÔNIO,CRIMES CONTRA PATRIMÔNIO: ROUBO: A PESSOA EM VIA PÚBLICA,ES,VITORIA,ENSEADA DO SUA,VIA PÚBLICA,roubos,patrimonial,2025.0,4.0,ABR,2025-04-01,4.0,SEX,False,19.0,NOITE
2025-04-04,10:00:00,CRIMES CONTRA PATRIMÔNIO,CRIMES CONTRA PATRIMÔNIO: ROUBO: A PESSOA EM VIA PÚBLICA,ES,VIANA,UNIVERSAL,VIA PÚBLICA,roubos,patrimonial,2025.0,4.0,ABR,2025-04-01,4.0,SEX,False,10.0,MANHA
2025-04-04,07:00:00,CRIMES CONTRA PATRIMÔNIO,CRIMES CONTRA PATRIMÔNIO: ROUBO: A PESSOA EM VIA PÚBLICA,ES,CARIACICA,CAMPO GRANDE,COMÉRCIO,roubos,patrimonial,2025.0,4.0,ABR,2025-04-01,4.0,SEX,False,7.0,MANHA
2025-04-04,23:30:00,CRIMES CONTRA PATRIMÔNIO,CRIMES CONTRA PATRIMÔNIO: ROUBO: A PESSOA EM VIA PÚBLICA,ES,SERRA,ROSARIO DE FATIMA,RODOVIA ESTADUAL,roubos,patrimonial,2025.0,4.0,ABR,2025-04-01,4.0,SEX,False,23.0,NOITE
2025-04-04,19:40:00,CRIMES CONTRA PATRIMÔNIO,CRIMES CONTRA PATRIMÔNIO: ROUBO: A PESSOA EM VIA PÚBLICA,ES,GUARAPARI,CENTRO,OUTRO LOCAL,roubos,patrimonial,2025.0,4.0,ABR,2025-04-01,4.0,SEX,False,19.0,NOITE
2025-04-04,13:30:00,CRIMES CONTRA PATRIMÔNIO,CRIMES CONTRA PATRIMÔNIO: ROUBO: A PESSOA EM VIA PÚBLICA,ES,VITORIA,SANTA LUIZA,VIA PÚBLICA,roubos,patrimonial,2025.0,4.0,ABR,2025-04-01,4.0,SEX,False,13.0,TARDE
2025-04-04,17:00:00,CRIMES CONTRA PATRIMÔNIO,CRIMES CONTRA PATRIMÔNIO: ROUBO: A PESSOA EM VIA PÚBLICA,ES,VITORIA,PRAIA DO CANTO,VIA PÚBLICA,roubos,patrimonial,2025.0,4.0,ABR,2025-04-01,4.0,SEX,False,17.0,TARDE
2025-04-04,23:00:00,CRIMES CONTRA PATRIMÔNIO,CRIMES CONTRA PATRIMÔNIO: ROUBO: A PESSOA EM VIA PÚBLICA,ES,SERRA,SERRA DOURADA III,VIA PÚBLICA,roubos,patrimonial,2025.0,4.0,ABR,2025-04-01,4.0,SEX,False,23.0,NOITE
2025-04-04,21:40:00,CRIMES CONTRA PATRIMÔNIO,CRIMES CONTRA PATRIMÔNIO: ROUBO: A PESSOA EM VIA PÚBLICA,ES,SERRA,PARQUE JACARAIPE,VIA PÚBLICA,roubos,patrimonial,2025.0,4.0,ABR,2025-04-01,4.0,SEX,False,21.0,NOITE
2025-04-04,23:45:00,CRIMES CONTRA PATRIMÔNIO,CRIMES CONTRA PATRIMÔNIO: ROUBO: EM TRANSPORTE COLETIVO,ES,SERRA,BAIRRO DAS LARANJEIRAS,TRANSP COLETIVO,roubos,patrimonial,2025.0,4.0,ABR,2025-04-01,4.0,SEX,False,23.0,NOITE
2025-04-04,21:00:00,CRIMES CONTRA PATRIMÔNIO,CRIMES CONTRA PATRIMÔNIO: ROUBO: EM TRANSPORTE COLETIVO,ES,SERRA,PARQUE RESIDENCIAL LARANJEIRAS,TRANSP COLETIVO,roubos,patrimonial,2025.0,4.0,ABR,2025-04-01,4.0,SEX,False,21.0,NOITE
2025-04-04,22:50:00,CRIMES CONTRA PATRIMÔNIO,CRIMES CONTRA PATRIMÔNIO: ROUBO: EM ESTABELECIMENTO COMERCIAL,ES,VILA VELHA,PRAIA DE ITAPARICA,COMÉRCIO,roubos,patrimonial,2025.0,4.0,ABR,2025-04-01,4.0,SEX,False,22.0,NOITE
2025-04-04,10:59:00,CRIMES CONTRA PATRIMÔNIO,CRIMES CONTRA PATRIMÔNIO: ROUBO: EM RESIDÊNCIA/CONDOMÍNIO,ES,IUNA,QUILOMBO,RESIDÊNCIA,roubos,patrimonial,2025.0,4.0,ABR,2025-04-01,4.0,SEX,False,10.0,MANHA
2025-04-04,13:49:00,CRIMES CONTRA PATRIMÔNIO,CRIMES CONTRA PATRIMÔNIO: ROUBO: EM RESIDÊNCIA/CONDOMÍNIO,ES,SAO MATEUS,FATIMA,VIA PÚBLICA,roubos,patrimonial,2025.0,4.0,ABR,2025-04-01,4.0,SEX,False,13.0,TARDE
2025-04-04,13:58:00,CRIMES CONTRA PATRIMÔNIO,CRIMES CONTRA PATRIMÔNIO: ROUBO: EM RESIDÊNCIA/CONDOMÍNIO,ES,LINHARES,PONTAL DO IPIRANGA,RESIDÊNCIA,roubos,patrimonial,2025.0,4.0,ABR,2025-04-01,4.0,SEX,False,13.0,TARDE
2025-04-05,02:03:00,CRIMES CONTRA PATRIMÔNIO,CRIMES CONTRA PATRIMÔNIO: ROUBO: A PESSOA EM VIA PÚBLICA,ES,VITORIA,MATA DA PRAIA,VIA PÚBLICA,roubos,patrimonial,2025.0,4.0,ABR,2025-04-01,5.0,SAB,True,2.0,MADRUGADA
2025-04-05,12:00:00,CRIMES CONTRA PATRIMÔNIO,CRIMES CONTRA PATRIMÔNIO: ROUBO: A PESSOA EM VIA PÚBLICA,ES,CACHOEIRO DE ITAPEMIRIM,GUANDU,VIA PÚBLICA,roubos,patrimonial,2025.0,4.0,ABR,2025-04-01,5.0,SAB,True,12.0,TARDE
2025-04-05,18:20:00,CRIMES CONTRA PATRIMÔNIO,CRIMES CONTRA PATRIMÔNIO: ROUBO: A PESSOA EM VIA PÚBLICA,ES,VILA VELHA,PONTA DA FRUTA,VIA PÚBLICA,roubos,patrimonial,2025.0,4.0,ABR,2025-04-01,5.0,SAB,True,18.0,NOITE
2025-04-05,23:10:00,CRIMES CONTRA PATRIMÔNIO,CRIMES CONTRA PATRIMÔNIO: ROUBO: A PESSOA EM VIA PÚBLICA,ES,VILA VELHA,SAO TORQUATO,VIA PÚBLICA,roubos,patrimonial,2025.0,4.0,ABR,2025-04-01,5.0,SAB,True,23.0,NOITE
2025-04-05,20:00:00,CRIMES CONTRA PATRIMÔNIO,CRIMES CONTRA PATRIMÔNIO: ROUBO: A PESSOA EM VIA PÚBLICA,ES,SERRA,PARQUE JACARAIPE,VIA PÚBLICA,roubos,patrimonial,2025.0,4.0,ABR,2025-04-01,5.0,SAB,True,20.0,NOITE
2025-04-05,10:40:00,CRIMES CONTRA PATRIMÔNIO,CRIMES CONTRA PATRIMÔNIO: ROUBO: A PESSOA EM VIA PÚBLICA,ES,VITORIA,VILA RUBIM,VIA PÚBLICA,roubos,patrimonial,2025.0,4.0,ABR,2025-04-01,5.0,SAB,True,10.0,MANHA
2025-04-05,05:15:00,CRIMES CONTRA PATRIMÔNIO,CRIMES CONTRA PATRIMÔNIO: ROUBO: A PESSOA EM VIA PÚBLICA,ES,VIANA,INDUSTRIAL,VIA PÚBLICA,roubos,patrimonial,2025.0,4.0,ABR,2025-04-01,5.0,SAB,True,5.0,MADRUGADA
2025-04-05,20:30:00,CRIMES CONTRA PATRIMÔNIO,CRIMES CONTRA PATRIMÔNIO: ROUBO: A PESSOA EM VIA PÚBLICA,ES,CARIACICA,BELA AURORA,VIA PÚBLICA,roubos,patrimonial,2025.0,4.0,ABR,2025-04-01,5.0,SAB,True,20.0,NOITE
2025-04-05,22:00:00,CRIMES CONTRA PATRIMÔNIO,CRIMES CONTRA PATRIMÔNIO: ROUBO: A PESSOA EM VIA PÚBLICA,ES,VITORIA,CONQUISTA,VIA PÚBLICA,roubos,patrimonial,2025.0,4.0,ABR,2025-04-01,5.0,SAB,True,22.0,NOITE
2025-04-05,06:00:00,CRIMES CONTRA PATRIMÔNIO,CRIMES CONTRA PATRIMÔNIO: ROUBO: A PESSOA EM VIA PÚBLICA,ES,SERRA,CIVIT II,VIA PÚBLICA,roubos,patrimonial,2025.0,4.0,ABR,2025-04-01,5.0,SAB,True,6.0,MANHA
2025-04-05,02:00:00,CRIMES CONTRA PATRIMÔNIO,CRIMES CONTRA PATRIMÔNIO: ROUBO: A PESSOA EM VIA PÚBLICA,ES,VITORIA,JARDIM CAMBURI,OUTRO LOCAL,roubos,patrimonial,2025.0,4.0,ABR,2025-04-01,5.0,SAB,True,2.0,MADRUGADA
2025-04-05,20:00:00,CRIMES CONTRA PATRIMÔNIO,CRIMES CONTRA PATRIMÔNIO: ROUBO: A PESSOA EM VIA PÚBLICA,ES,VILA VELHA,NOVA PONTA DA FRUTA,VIA PÚBLICA,roubos,patrimonial,2025.0,4.0,ABR,2025-04-01,5.0,SAB,True,20.0,NOITE
2025-04-05,Indeterminada,CRIMES CONTRA PATRIMÔNIO,CRIMES CONTRA PATRIMÔNIO: ROUBO: A PESSOA EM VIA PÚBLICA,ES,VITORIA,VILA RUBIM,VIA PÚBLICA,roubos,patrimonial,2025.0,4.0,ABR,2025-04-01,5.0,SAB,True,,
2025-04-05,00:00:00,CRIMES CONTRA PATRIMÔNIO,CRIMES CONTRA PATRIMÔNIO: ROUBO: A PESSOA EM VIA PÚBLICA,ES,VITORIA,PRAIA DO CANTO,VIA PÚBLICA,roubos,patrimonial,2025.0,4.0,ABR,2025-04-01,5.0,SAB,True,0.0,MADRUGADA
2025-04-05,12:00:00,CRIMES CONTRA PATRIMÔNIO,CRIMES CONTRA PATRIMÔNIO: ROUBO: A PESSOA EM VIA PÚBLICA,ES,SERRA,FEU ROSA,VIA PÚBLICA,roubos,patrimonial,2025.0,4.0,ABR,2025-04-01,5.0,SAB,True,12.0,TARDE
2025-04-05,22:40:00,CRIMES CONTRA PATRIMÔNIO,CRIMES CONTRA PATRIMÔNIO: ROUBO: A PESSOA EM VIA PÚBLICA,ES,SERRA,JARDIM LIMOEIRO,VIA PÚBLICA,roubos,patrimonial,2025.0,4.0,ABR,2025-04-01,5.0,SAB,True,22.0,NOITE
2025-04-05,23:30:00,CRIMES CONTRA PATRIMÔNIO,CRIMES CONTRA PATRIMÔNIO: ROUBO: A PESSOA EM VIA PÚBLICA,ES,SERRA,BARCELONA,OUTRO LOCAL,roubos,patrimonial,2025.0,4.0,ABR,2025-04-01,5.0,SAB,True,23.0,NOITE
2025-04-05,18:40:00,CRIMES CONTRA PATRIMÔNIO,CRIMES CONTRA PATRIMÔNIO: ROUBO: EM TRANSPORTE COLETIVO,ES,SERRA,PLANALTO SERRANO,VIA PÚBLICA,roubos,patrimonial,2025.0,4.0,ABR,2025-04-01,5.0,SAB,True,18.0,NOITE
2025-04-05,18:20:00,CRIMES CONTRA PATRIMÔNIO,CRIMES CONTRA PATRIMÔNIO: ROUBO: EM TRANSPORTE COLETIVO,ES,SERRA,VALPARAISO,TRANSP COLETIVO,roubos,patrimonial,2025.0,4.0,ABR,2025-04-01,5.0,SAB,True,18.0,NOITE
2025-04-06,06:30:00,CRIMES CONTRA PATRIMÔNIO,CRIMES CONTRA PATRIMÔNIO: ROUBO: A PESSOA EM VIA PÚBLICA,ES,SERRA,JOSE DE ANCHIETA,VIA PÚBLICA,roubos,patrimonial,2025.0,4.0,ABR,2025-04-01,6.0,DOM,True,6.0,MANHA
2025-04-06,02:00:00,CRIMES CONTRA PATRIMÔNIO,CRIMES CONTRA PATRIMÔNIO: ROUBO: A PESSOA EM VIA PÚBLICA,ES,CARIACICA,CAMPO VERDE,VIA PÚBLICA,roubos,patrimonial,2025.0,4.0,ABR,2025-04-01,6.0,DOM,True,2.0,MADRUGADA
2025-04-06,12:14:00,CRIMES CONTRA PATRIMÔNIO,CRIMES CONTRA PATRIMÔNIO: ROUBO: A PESSOA EM VIA PÚBLICA,ES,VILA VELHA,GLORIA,VIA PÚBLICA,roubos,patrimonial,2025.0,4.0,ABR,2025-04-01,6.0,DOM,True,12.0,TARDE
2025-04-06,22:12:00,CRIMES CONTRA PATRIMÔNIO,CRIMES CONTRA PATRIMÔNIO: ROUBO: A PESSOA EM VIA PÚBLICA,ES,CACHOEIRO DE ITAPEMIRIM,FERROVIARIOS,VIA PÚBLICA,roubos,patrimonial,2025.0,4.0,ABR,2025-04-01,6.0,DOM,True,22.0,NOITE
2025-04-06,05:00:00,CRIMES CONTRA PATRIMÔNIO,CRIMES CONTRA PATRIMÔNIO: ROUBO: A PESSOA EM VIA PÚBLICA,ES,CARIACICA,NOVA ESPERANCA,VIA PÚBLICA,roubos,patrimonial,2025.0,4.0,ABR,2025-04-01,6.0,DOM,True,5.0,MADRUGADA
2025-04-06,19:40:00,CRIMES CONTRA PATRIMÔNIO,CRIMES CONTRA PATRIMÔNIO: ROUBO: A PESSOA EM VIA PÚBLICA,ES,LINHARES,NOVA ESPERANCA,VIA PÚBLICA,roubos,patrimonial,2025.0,4.0,ABR,2025-04-01,6.0,DOM,True,19.0,NOITE
2025-04-06,05:10:00,CRIMES CONTRA PATRIMÔNIO,CRIMES CONTRA PATRIMÔNIO: ROUBO: A PESSOA EM VIA PÚBLICA,ES,VILA VELHA,RIVIERA DA BARRA,VIA PÚBLICA,roubos,patrimonial,2025.0,4.0,ABR,2025-04-01,6.0,DOM,True,5.0,MADRUGADA
2025-04-06,17:00:00,CRIMES CONTRA PATRIMÔNIO,CRIMES CONTRA PATRIMÔNIO: ROUBO: A PESSOA EM VIA PÚBLICA,ES,VILA VELHA,ILHA DOS BENTOS,VIA PÚBLICA,roubos,patrimonial,2025.0,4.0,ABR,2025-04-01,6.0,DOM,True,17.0,TARDE
2025-04-06,06:00:00,CRIMES CONTRA PATRIMÔNIO,CRIMES CONTRA PATRIMÔNIO: ROUBO: A PESSOA EM VIA PÚBLICA,ES,VITORIA,PRAIA DO CANTO,VIA PÚBLICA,roubos,patrimonial,2025.0,4.0,ABR,2025-04-01,6.0,DOM,True,6.0,MANHA
2025-04-06,13:30:00,CRIMES CONTRA PATRIMÔNIO,CRIMES CONTRA PATRIMÔNIO: ROUBO: A PESSOA EM VIA PÚBLICA,ES,VILA VELHA,PRAIA DA COSTA,VIA PÚBLICA,roubos,patrimonial,2025.0,4.0,ABR,2025-04-01,6.0,DOM,True,13.0,TARDE
2025-04-06,02:00:00,CRIMES CONTRA PATRIMÔNIO,CRIMES CONTRA PATRIMÔNIO: ROUBO: A PESSOA EM VIA PÚBLICA,ES,VITORIA,JARDIM DA PENHA,VIA PÚBLICA,roubos,patrimonial,2025.0,4.0,ABR,2025-04-01,6.0,DOM,True,2.0,MADRUGADA
2025-04-06,16:30:00,CRIMES CONTRA PATRIMÔNIO,CRIMES CONTRA PATRIMÔNIO: ROUBO: EM TRANSPORTE COLETIVO,ES,VILA VELHA,IBES,TRANSP COLETIVO,roubos,patrimonial,2025.0,4.0,ABR,2025-04-01,6.0,DOM,True,16.0,TARDE
2025-04-06,10:30:00,CRIMES CONTRA PATRIMÔNIO,CRIMES CONTRA PATRIMÔNIO: ROUBO: EM ESTABELECIMENTO COMERCIAL,ES,SERRA,PRAIAMAR,OUTRO LOCAL,roubos,patrimonial,2025.0,4.0,ABR,2025-04-01,6.0,DOM,True,10.0,MANHA
2025-04-07,05:10:00,CRIMES CONTRA PATRIMÔNIO,CRIMES CONTRA PATRIMÔNIO: ROUBO: A PESSOA EM VIA PÚBLICA,ES,VILA VELHA,CIDADE DA BARRA,VIA PÚBLICA,roubos,patrimonial,2025.0,4.0,ABR,2025-04-01,0.0,SEG,False,5.0,MADRUGADA
2025-04-07,06:30:00,CRIMES CONTRA PATRIMÔNIO,CRIMES CONTRA PATRIMÔNIO: ROUBO: A PESSOA EM VIA PÚBLICA,ES,VITORIA,ENSEADA DO SUA,VIA PÚBLICA,roubos,patrimonial,2025.0,4.0,ABR,2025-04-01,0.0,SEG,False,6.0,MANHA
2025-04-07,Indeterminada,CRIMES CONTRA PATRIMÔNIO,CRIMES CONTRA PATRIMÔNIO: ROUBO: A PESSOA EM VIA PÚBLICA,ES,LINHARES,NOVA ESPERANCA,VIA PÚBLICA,roubos,patrimonial,2025.0,4.0,ABR,2025-04-01,0.0,SEG,False,,
2025-04-07,13:02:00,CRIMES CONTRA PATRIMÔNIO,CRIMES CONTRA PATRIMÔNIO: ROUBO: A PESSOA EM VIA PÚBLICA,ES,VILA VELHA,PRAIA DA COSTA,VIA PÚBLICA,roubos,patrimonial,2025.0,4.0,ABR,2025-04-01,0.0,SEG,False,13.0,TARDE
2025-04-07,19:29:00,CRIMES CONTRA PATRIMÔNIO,CRIMES CONTRA PATRIMÔNIO: ROUBO: A PESSOA EM VIA PÚBLICA,ES,VILA VELHA,JARDIM COLORADO,VIA PÚBLICA,roubos,patrimonial,2025.0,4.0,ABR,2025-04-01,0.0,SEG,False,19.0,NOITE
2025-04-07,Indeterminada,CRIMES CONTRA PATRIMÔNIO,CRIMES CONTRA PATRIMÔNIO: ROUBO: A PESSOA EM VIA PÚBLICA,ES,VILA VELHA,OUTRO LOCAL,OUTRO LOCAL,roubos,patrimonial,2025.0,4.0,ABR,2025-04-01,0.0,SEG,False,,
2025-04-07,06:40:00,CRIMES CONTRA PATRIMÔNIO,CRIMES CONTRA PATRIMÔNIO: ROUBO: A PESSOA EM VIA PÚBLICA,ES,VILA VELHA,CIDADE DA BARRA,VIA PÚBLICA,roubos,patrimonial,2025.0,4.0,ABR,2025-04-01,0.0,SEG,False,6.0,MANHA
2025-04-07,18:00:00,CRIMES CONTRA PATRIMÔNIO,CRIMES CONTRA PATRIMÔNIO: ROUBO: A PESSOA EM VIA PÚBLICA,ES,VILA VELHA,JOCKEY DE ITAPARICA,VIA PÚBLICA,roubos,patrimonial,2025.0,4.0,ABR,2025-04-01,0.0,SEG,False,18.0,NOITE
2025-04-07,08:00:00,CRIMES CONTRA PATRIMÔNIO,CRIMES CONTRA PATRIMÔNIO: ROUBO: A PESSOA EM VIA PÚBLICA,ES,VITORIA,ENSEADA DO SUA,VIA PÚBLICA,roubos,patrimonial,2025.0,4.0,ABR,2025-04-01,0.0,SEG,False,8.0,MANHA
2025-04-07,23:30:00,CRIMES CONTRA PATRIMÔNIO,CRIMES CONTRA PATRIMÔNIO: ROUBO: A PESSOA EM VIA PÚBLICA,ES,VILA VELHA,MORADA DA BARRA,VIA PÚBLICA,roubos,patrimonial,2025.0,4.0,ABR,2025-04-01,0.0,SEG,False,23.0,NOITE
2025-04-07,09:36:00,CRIMES CONTRA PATRIMÔNIO,CRIMES CONTRA PATRIMÔNIO: ROUBO: A PESSOA EM VIA PÚBLICA,ES,VITORIA,CENTRO,VIA PÚBLICA,roubos,patrimonial,2025.0,4.0,ABR,2025-04-01,0.0,SEG,False,9.0,MANHA
2025-04-07,06:30:00,CRIMES CONTRA PATRIMÔNIO,CRIMES CONTRA PATRIMÔNIO: ROUBO: A PESSOA EM VIA PÚBLICA,ES,SERRA,BAIRRO DAS LARANJEIRAS,VIA PÚBLICA,roubos,patrimonial,2025.0,4.0,ABR,2025-04-01,0.0,SEG,False,6.0,MANHA
2025-04-07,21:40:00,CRIMES CONTRA PATRIMÔNIO,CRIMES CONTRA PATRIMÔNIO: ROUBO: A PESSOA EM VIA PÚBLICA,ES,VILA VELHA,ATAIDE,VIA PÚBLICA,roubos,patrimonial,2025.0,4.0,ABR,2025-04-01,0.0,SEG,False,21.0,NOITE
2025-04-07,20:30:00,CRIMES CONTRA PATRIMÔNIO,CRIMES CONTRA PATRIMÔNIO: ROUBO: A PESSOA EM VIA PÚBLICA,ES,VITORIA,JARDIM CAMBURI,VIA PÚBLICA,roubos,patrimonial,2025.0,4.0,ABR,2025-04-01,0.0,SEG,False,20.0,NOITE
2025-04-07,15:30:00,CRIMES CONTRA PATRIMÔNIO,CRIMES CONTRA PATRIMÔNIO: ROUBO: A PESSOA EM VIA PÚBLICA,ES,VITORIA,JARDIM DA PENHA,VIA PÚBLICA,roubos,patrimonial,2025.0,4.0,ABR,2025-04-01,0.0,SEG,False,15.0,TARDE
2025-04-07,19:30:00,CRIMES CONTRA PATRIMÔNIO,CRIMES CONTRA PATRIMÔNIO: ROUBO: A PESSOA EM VIA PÚBLICA,ES,VILA VELHA,JABURUNA,VIA PÚBLICA,roubos,patrimonial,2025.0,4.0,ABR,2025-04-01,0.0,SEG,False,19.0,NOITE
2025-04-07,22:00:00,CRIMES CONTRA PATRIMÔNIO,CRIMES CONTRA PATRIMÔNIO: ROUBO: A PESSOA EM VIA PÚBLICA,ES,VITORIA,MATA DA PRAIA,VIA PÚBLICA,roubos,patrimonial,2025.0,4.0,ABR,2025-04-01,0.0,SEG,False,22.0,NOITE
2025-04-07,06:40:00,CRIMES CONTRA PATRIMÔNIO,CRIMES CONTRA PATRIMÔNIO: ROUBO: A PESSOA EM VIA PÚBLICA,ES,VITORIA,ENSEADA DO SUA,VIA PÚBLICA,roubos,patrimonial,2025.0,4.0,ABR,2025-04-01,0.0,SEG,False,6.0,MANHA
2025-04-07,20:00:00,CRIMES CONTRA PATRIMÔNIO,CRIMES CONTRA PATRIMÔNIO: ROUBO: A PESSOA EM VIA PÚBLICA,ES,VILA VELHA,PRAIA DA COSTA,VIA PÚBLICA,roubos,patrimonial,2025.0,4.0,ABR,2025-04-01,0.0,SEG,False,20.0,NOITE
2025-04-07,19:30:00,CRIMES CONTRA PATRIMÔNIO,CRIMES CONTRA PATRIMÔNIO: ROUBO: A PESSOA EM VIA PÚBLICA,ES,VILA VELHA,JABURUNA,VIA PÚBLICA,roubos,patrimonial,2025.0,4.0,ABR,2025-04-01,0.0,SEG,False,19.0,NOITE
2025-04-07,17:45:00,CRIMES CONTRA PATRIMÔNIO,CRIMES CONTRA PATRIMÔNIO: ROUBO: A PESSOA EM VIA PÚBLICA,ES,SAO MATEUS,NOVO HORIZONTE,VIA PÚBLICA,roubos,patrimonial,2025.0,4.0,ABR,2025-04-01,0.0,SEG,False,17.0,TARDE
2025-04-07,12:10:00,CRIMES CONTRA PATRIMÔNIO,CRIMES CONTRA PATRIMÔNIO: ROUBO: A PESSOA EM VIA PÚBLICA,ES,SERRA,CACAROCA,VIA PÚBLICA,roubos,patrimonial,2025.0,4.0,ABR,2025-04-01,0.0,SEG,False,12.0,TARDE
2025-04-07,22:30:00,CRIMES CONTRA PATRIMÔNIO,CRIMES CONTRA PATRIMÔNIO: ROUBO: A PESSOA EM VIA PÚBLICA,ES,VILA VELHA,VILA NOVA,VIA PÚBLICA,roubos,patrimonial,2025.0,4.0,ABR,2025-04-01,0.0,SEG,False,22.0,NOITE
2025-04-07,14:00:00,CRIMES CONTRA PATRIMÔNIO,CRIMES CONTRA PATRIMÔNIO: ROUBO: A PESSOA EM VIA PÚBLICA,ES,SAO MATEUS,GURIRI,VIA PÚBLICA,roubos,patrimonial,2025.0,4.0,ABR,2025-04-01,0.0,SEG,False,14.0,TARDE
2025-04-07,14:25:00,CRIMES CONTRA PATRIMÔNIO,CRIMES CONTRA PATRIMÔNIO: ROUBO: A PESSOA EM VIA PÚBLICA,ES,SERRA,BAIRRO DAS LARANJEIRAS,VIA PÚBLICA,roubos,patrimonial,2025.0,4.0,ABR,2025-04-01,0.0,SEG,False,14.0,TARDE
2025-04-07,21:20:00,CRIMES CONTRA PATRIMÔNIO,CRIMES CONTRA PATRIMÔNIO: ROUBO: A PESSOA EM VIA PÚBLICA,ES,VILA VELHA,ATAIDE,VIA PÚBLICA,roubos,patrimonial,2025.0,4.0,ABR,2025-04-01,0.0,SEG,False,21.0,NOITE
2025-04-07,15:00:00,CRIMES CONTRA PATRIMÔNIO,CRIMES CONTRA PATRIMÔNIO: ROUBO: A PESSOA EM VIA PÚBLICA,ES,SERRA,COSTA DOURADA,VIA PÚBLICA,roubos,patrimonial,2025.0,4.0,ABR,2025-04-01,0.0,SEG,False,15.0,TARDE
2025-04-07,10:30:00,CRIMES CONTRA PATRIMÔNIO,CRIMES CONTRA PATRIMÔNIO: ROUBO: A PESSOA EM VIA PÚBLICA,ES,VILA VELHA,OUTRO LOCAL,OUTRO LOCAL,roubos,patrimonial,2025.0,4.0,ABR,2025-04-01,0.0,SEG,False,10.0,MANHA
2025-04-07,05:20:00,CRIMES CONTRA PATRIMÔNIO,CRIMES CONTRA PATRIMÔNIO: ROUBO: A PESSOA EM VIA PÚBLICA,ES,VILA VELHA,CIDADE DA BARRA,VIA PÚBLICA,roubos,patrimonial,2025.0,4.0,ABR,2025-04-01,0.0,SEG,False,5.0,MADRUGADA
2025-04-07,Indeterminada,CRIMES CONTRA PATRIMÔNIO,CRIMES CONTRA PATRIMÔNIO: ROUBO: A PESSOA EM VIA PÚBLICA,ES,LINHARES,SHELL,VIA PÚBLICA,roubos,patrimonial,2025.0,4.0,ABR,2025-04-01,0.0,SEG,False,,
2025-04-08,13:00:00,CRIMES CONTRA PATRIMÔNIO,CRIMES CONTRA PATRIMÔNIO: ROUBO: A PESSOA EM VIA PÚBLICA,ES,MARILANDIA,CENTRO,COMÉRCIO,roubos,patrimonial,2025.0,4.0,ABR,2025-04-01,1.0,TER,False,13.0,TARDE
2025-04-08,19:00:00,CRIMES CONTRA PATRIMÔNIO,CRIMES CONTRA PATRIMÔNIO: ROUBO: A PESSOA EM VIA PÚBLICA,ES,CARIACICA,JARDIM AMERICA,VIA PÚBLICA,roubos,patrimonial,2025.0,4.0,ABR,2025-04-01,1.0,TER,False,19.0,NOITE
2025-04-08,19:00:00,CRIMES CONTRA PATRIMÔNIO,CRIMES CONTRA PATRIMÔNIO: ROUBO: A PESSOA EM VIA PÚBLICA,ES,VITORIA,MATA DA PRAIA,VIA PÚBLICA,roubos,patrimonial,2025.0,4.0,ABR,2025-04-01,1.0,TER,False,19.0,NOITE
2025-04-08,22:15:00,CRIMES CONTRA PATRIMÔNIO,CRIMES CONTRA PATRIMÔNIO: ROUBO: A PESSOA EM VIA PÚBLICA,ES,VITORIA,JARDIM CAMBURI,VIA PÚBLICA,roubos,patrimonial,2025.0,4.0,ABR,2025-04-01,1.0,TER,False,22.0,NOITE
2025-04-08,07:20:00,CRIMES CONTRA PATRIMÔNIO,CRIMES CONTRA PATRIMÔNIO: ROUBO: A PESSOA EM VIA PÚBLICA,ES,CARIACICA,SANTO ANDRE,RODOVIA FEDERAL,roubos,patrimonial,2025.0,4.0,ABR,2025-04-01,1.0,TER,False,7.0,MANHA
2025-04-08,23:30:00,CRIMES CONTRA PATRIMÔNIO,CRIMES CONTRA PATRIMÔNIO: ROUBO: A PESSOA EM VIA PÚBLICA,ES,VILA VELHA,ZUMBI DOS PALMARES,VIA PÚBLICA,roubos,patrimonial,2025.0,4.0,ABR,2025-04-01,1.0,TER,False,23.0,NOITE
2025-04-08,Indeterminada,CRIMES CONTRA PATRIMÔNIO,CRIMES CONTRA PATRIMÔNIO: ROUBO: A PESSOA EM VIA PÚBLICA,ES,SERRA,JARDIM LIMOEIRO,VIA PÚBLICA,roubos,patrimonial,2025.0,4.0,ABR,2025-04-01,1.0,TER,False,,
2025-04-08,21:00:00,CRIMES CONTRA PATRIMÔNIO,CRIMES CONTRA PATRIMÔNIO: ROUBO: A PESSOA EM VIA PÚBLICA,ES,SERRA,BALNEARIO DE CARAPEBUS,VIA PÚBLICA,roubos,patrimonial,2025.0,4.0,ABR,2025-04-01,1.0,TER,False,21.0,NOITE
2025-04-08,19:30:00,CRIMES CONTRA PATRIMÔNIO,CRIMES CONTRA PATRIMÔNIO: ROUBO: A PESSOA EM VIA PÚBLICA,ES,LINHARES,JOSE RODRIGUES MACIEL,VIA PÚBLICA,roubos,patrimonial,2025.0,4.0,ABR,2025-04-01,1.0,TER,False,19.0,NOITE
2025-04-08,22:00:00,CRIMES CONTRA PATRIMÔNIO,CRIMES CONTRA PATRIMÔNIO: ROUBO: A PESSOA EM VIA PÚBLICA,ES,SERRA,BAIRRO DAS LARANJEIRAS,VIA PÚBLICA,roubos,patrimonial,2025.0,4.0,ABR,2025-04-01,1.0,TER,False,22.0,NOITE
2025-04-08,18:00:00,CRIMES CONTRA PATRIMÔNIO,CRIMES CONTRA PATRIMÔNIO: ROUBO: A PESSOA EM VIA PÚBLICA,ES,SERRA,RESIDENCIAL JACARAIPE,RESIDÊNCIA,roubos,patrimonial,2025.0,4.0,ABR,2025-04-01,1.0,TER,False,18.0,NOITE
2025-04-08,Indeterminada,CRIMES CONTRA PATRIMÔNIO,CRIMES CONTRA PATRIMÔNIO: ROUBO: A PESSOA EM VIA PÚBLICA,ES,LINHARES,MOVELAR,VIA PÚBLICA,roubos,patrimonial,2025.0,4.0,ABR,2025-04-01,1.0,TER,False,,
2025-04-08,08:10:00,CRIMES CONTRA PATRIMÔNIO,CRIMES CONTRA PATRIMÔNIO: ROUBO: A PESSOA EM VIA PÚBLICA,ES,LINHARES,AVISO,VIA PÚBLICA,roubos,patrimonial,2025.0,4.0,ABR,2025-04-01,1.0,TER,False,8.0,MANHA
2025-04-08,20:00:00,CRIMES CONTRA PATRIMÔNIO,CRIMES CONTRA PATRIMÔNIO: ROUBO: A PESSOA EM VIA PÚBLICA,ES,VITORIA,JARDIM DA PENHA,VIA PÚBLICA,roubos,patrimonial,2025.0,4.0,ABR,2025-04-01,1.0,TER,False,20.0,NOITE
2025-04-08,05:15:00,CRIMES CONTRA PATRIMÔNIO,CRIMES CONTRA PATRIMÔNIO: ROUBO: A PESSOA EM VIA PÚBLICA,ES,CARIACICA,PLANETA,VIA PÚBLICA,roubos,patrimonial,2025.0,4.0,ABR,2025-04-01,1.0,TER,False,5.0,MADRUGADA
2025-04-08,13:37:00,CRIMES CONTRA PATRIMÔNIO,CRIMES CONTRA PATRIMÔNIO: ROUBO: A PESSOA EM VIA PÚBLICA,ES,VITORIA,ENSEADA DO SUA,VIA PÚBLICA,roubos,patrimonial,2025.0,4.0,ABR,2025-04-01,1.0,TER,False,13.0,TARDE
2025-04-08,18:00:00,CRIMES CONTRA PATRIMÔNIO,CRIMES CONTRA PATRIMÔNIO: ROUBO: A PESSOA EM VIA PÚBLICA,ES,VILA VELHA,ALVORADA,VIA PÚBLICA,roubos,patrimonial,2025.0,4.0,ABR,2025-04-01,1.0,TER,False,18.0,NOITE
2025-04-08,23:00:00,CRIMES CONTRA PATRIMÔNIO,CRIMES CONTRA PATRIMÔNIO: ROUBO: A PESSOA EM VIA PÚBLICA,ES,VILA VELHA,SANTA RITA,OUTRO LOCAL,roubos,patrimonial,2025.0,4.0,ABR,2025-04-01,1.0,TER,False,23.0,NOITE
2025-04-08,07:30:00,CRIMES CONTRA PATRIMÔNIO,CRIMES CONTRA PATRIMÔNIO: ROUBO: A PESSOA EM VIA PÚBLICA,ES,VITORIA,JARDIM CAMBURI,VIA PÚBLICA,roubos,patrimonial,2025.0,4.0,ABR,2025-04-01,1.0,TER,False,7.0,MANHA
2025-04-08,07:00:00,CRIMES CONTRA PATRIMÔNIO,CRIMES CONTRA PATRIMÔNIO: ROUBO: A PESSOA EM VIA PÚBLICA,ES,CARIACICA,SANTANA,VIA PÚBLICA,roubos,patrimonial,2025.0,4.0,ABR,2025-04-01,1.0,TER,False,7.0,MANHA
2025-04-08,Indeterminada,CRIMES CONTRA PATRIMÔNIO,CRIMES CONTRA PATRIMÔNIO: ROUBO: A PESSOA EM VIA PÚBLICA,ES,SERRA,PLANALTO SERRANO,VIA PÚBLICA,roubos,patrimonial,2025.0,4.0,ABR,2025-04-01,1.0,TER,False,,
2025-04-08,19:40:00,CRIMES CONTRA PATRIMÔNIO,CRIMES CONTRA PATRIMÔNIO: ROUBO: A PESSOA EM VIA PÚBLICA,ES,VILA VELHA,ALVORADA,VIA PÚBLICA,roubos,patrimonial,2025.0,4.0,ABR,2025-04-01,1.0,TER,False,19.0,NOITE
2025-04-08,23:55:00,CRIMES CONTRA PATRIMÔNIO,CRIMES CONTRA PATRIMÔNIO: ROUBO: A PESSOA EM VIA PÚBLICA,ES,IUNA,QUILOMBO,VIA PÚBLICA,roubos,patrimonial,2025.0,4.0,ABR,2025-04-01,1.0,TER,False,23.0,NOITE
2025-04-08,21:00:00,CRIMES CONTRA PATRIMÔNIO,CRIMES CONTRA PATRIMÔNIO: ROUBO: EM TRANSPORTE COLETIVO,ES,VITORIA,JARDIM CAMBURI,VEÍCULO,roubos,patrimonial,2025.0,4.0,ABR,2025-04-01,1.0,TER,False,21.0,NOITE
2025-04-08,20:30:00,CRIMES CONTRA PATRIMÔNIO,CRIMES CONTRA PATRIMÔNIO: ROUBO: EM TRANSPORTE COLETIVO,ES,VITORIA,HORTO,VIA PÚBLICA,roubos,patrimonial,2025.0,4.0,ABR,2025-04-01,1.0,TER,False,20.0,NOITE
2025-04-08,05:30:00,CRIMES CONTRA PATRIMÔNIO,CRIMES CONTRA PATRIMÔNIO: ROUBO: EM TRANSPORTE COLETIVO,ES,SERRA,SERRA DOURADA III,TRANSP COLETIVO,roubos,patrimonial,2025.0,4.0,ABR,2025-04-01,1.0,TER,False,5.0,MADRUGADA
2025-04-08,19:00:00,CRIMES CONTRA PATRIMÔNIO,CRIMES CONTRA PATRIMÔNIO: ROUBO: EM ESTABELECIMENTO COMERCIAL,ES,VILA VELHA,COBILANDIA,COMÉRCIO,roubos,patrimonial,2025.0,4.0,ABR,2025-04-01,1.0,TER,False,19.0,NOITE
2025-04-08,02:00:00,CRIMES CONTRA PATRIMÔNIO,CRIMES CONTRA PATRIMÔNIO: ROUBO: EM RESIDÊNCIA/CONDOMÍNIO,ES,SERRA,FEU ROSA,RESIDÊNCIA,roubos,patrimonial,2025.0,4.0,ABR,2025-04-01,1.0,TER,False,2.0,MADRUGADA
2025-04-09,05:30:00,CRIMES CONTRA PATRIMÔNIO,CRIMES CONTRA PATRIMÔNIO: ROUBO: A PESSOA EM VIA PÚBLICA,ES,CARIACICA,CAMPO VERDE,VIA PÚBLICA,roubos,patrimonial,2025.0,4.0,ABR,2025-04-01,2.0,QUA,False,5.0,MADRUGADA
2025-04-09,06:30:00,CRIMES CONTRA PATRIMÔNIO,CRIMES CONTRA PATRIMÔNIO: ROUBO: A PESSOA EM VIA PÚBLICA,ES,CARIACICA,SANTO ANTONIO,VIA PÚBLICA,roubos,patrimonial,2025.0,4.0,ABR,2025-04-01,2.0,QUA,False,6.0,MANHA
2025-04-09,05:30:00,CRIMES CONTRA PATRIMÔNIO,CRIMES CONTRA PATRIMÔNIO: ROUBO: A PESSOA EM VIA PÚBLICA,ES,CARIACICA,PLANETA,VIA PÚBLICA,roubos,patrimonial,2025.0,4.0,ABR,2025-04-01,2.0,QUA,False,5.0,MADRUGADA
2025-04-09,05:00:00,CRIMES CONTRA PATRIMÔNIO,CRIMES CONTRA PATRIMÔNIO: ROUBO: A PESSOA EM VIA PÚBLICA,ES,VIANA,MARCILIO DE NORONHA,VIA PÚBLICA,roubos,patrimonial,2025.0,4.0,ABR,2025-04-01,2.0,QUA,False,5.0,MADRUGADA
2025-04-09,21:00:00,CRIMES CONTRA PATRIMÔNIO,CRIMES CONTRA PATRIMÔNIO: ROUBO: A PESSOA EM VIA PÚBLICA,ES,VILA VELHA,GLORIA,VIA PÚBLICA,roubos,patrimonial,2025.0,4.0,ABR,2025-04-01,2.0,QUA,False,21.0,NOITE
2025-04-09,12:10:00,CRIMES CONTRA PATRIMÔNIO,CRIMES CONTRA PATRIMÔNIO: ROUBO: A PESSOA EM VIA PÚBLICA,ES,VITORIA,JARDIM DA PENHA,VIA PÚBLICA,roubos,patrimonial,2025.0,4.0,ABR,2025-04-01,2.0,QUA,False,12.0,TARDE
2025-04-09,04:50:00,CRIMES CONTRA PATRIMÔNIO,CRIMES CONTRA PATRIMÔNIO: ROUBO: A PESSOA EM VIA PÚBLICA,ES,CARIACICA,SAO FRANCISCO,VIA PÚBLICA,roubos,patrimonial,2025.0,4.0,ABR,2025-04-01,2.0,QUA,False,4.0,MADRUGADA
2025-04-09,Indeterminada,CRIMES CONTRA PATRIMÔNIO,CRIMES CONTRA PATRIMÔNIO: ROUBO: A PESSOA EM VIA PÚBLICA,ES,SERRA,SERRA CENTRO,VIA PÚBLICA,roubos,patrimonial,2025.0,4.0,ABR,2025-04-01,2.0,QUA,False,,
2025-04-09,Indeterminada,CRIMES CONTRA PATRIMÔNIO,CRIMES CONTRA PATRIMÔNIO: ROUBO: A PESSOA EM VIA PÚBLICA,ES,VILA VELHA,COQUEIRAL DE ITAPARICA,VIA PÚBLICA,roubos,patrimonial,2025.0,4.0,ABR,2025-04-01,2.0,QUA,False,,
2025-04-09,18:25:00,CRIMES CONTRA PATRIMÔNIO,CRIMES CONTRA PATRIMÔNIO: ROUBO: A PESSOA EM VIA PÚBLICA,ES,CARIACICA,TABAJARA,VIA PÚBLICA,roubos,patrimonial,2025.0,4.0,ABR,2025-04-01,2.0,QUA,False,18.0,NOITE
2025-04-09,08:50:00,CRIMES CONTRA PATRIMÔNIO,CRIMES CONTRA PATRIMÔNIO: ROUBO: A PESSOA EM VIA PÚBLICA,ES,VITORIA,PRAIA DO CANTO,VIA PÚBLICA,roubos,patrimonial,2025.0,4.0,ABR,2025-04-01,2.0,QUA,False,8.0,MANHA
2025-04-09,18:18:00,CRIMES CONTRA PATRIMÔNIO,CRIMES CONTRA PATRIMÔNIO: ROUBO: A PESSOA EM VIA PÚBLICA,ES,VILA VELHA,ILHA DOS BENTOS,VIA PÚBLICA,roubos,patrimonial,2025.0,4.0,ABR,2025-04-01,2.0,QUA,False,18.0,NOITE
2025-04-09,22:00:00,CRIMES CONTRA PATRIMÔNIO,CRIMES CONTRA PATRIMÔNIO: ROUBO: A PESSOA EM VIA PÚBLICA,ES,SERRA,MARINGA,VIA PÚBLICA,roubos,patrimonial,2025.0,4.0,ABR,2025-04-01,2.0,QUA,False,22.0,NOITE
2025-04-09,18:20:00,CRIMES CONTRA PATRIMÔNIO,CRIMES CONTRA PATRIMÔNIO: ROUBO: A PESSOA EM VIA PÚBLICA,ES,SERRA,BAIRRO DAS LARANJEIRAS,VIA PÚBLICA,roubos,patrimonial,2025.0,4.0,ABR,2025-04-01,2.0,QUA,False,18.0,NOITE
2025-04-09,14:30:00,CRIMES CONTRA PATRIMÔNIO,CRIMES CONTRA PATRIMÔNIO: ROUBO: A PESSOA EM VIA PÚBLICA,ES,SAO MATEUS,BARRA NOVA,VIA PÚBLICA,roubos,patrimonial,2025.0,4.0,ABR,2025-04-01,2.0,QUA,False,14.0,TARDE
2025-04-09,19:00:00,CRIMES CONTRA PATRIMÔNIO,CRIMES CONTRA PATRIMÔNIO: ROUBO: A PESSOA EM VIA PÚBLICA,ES,VILA VELHA,VALE ENCANTADO,VIA PÚBLICA,roubos,patrimonial,2025.0,4.0,ABR,2025-04-01,2.0,QUA,False,19.0,NOITE
2025-04-09,21:00:00,CRIMES CONTRA PATRIMÔNIO,CRIMES CONTRA PATRIMÔNIO: ROUBO: A PESSOA EM VIA PÚBLICA,ES,SAO MATEUS,AYRTON SENNA,VIA PÚBLICA,roubos,patrimonial,2025.0,4.0,ABR,2025-04-01,2.0,QUA,False,21.0,NOITE
2025-04-09,20:40:00,CRIMES CONTRA PATRIMÔNIO,CRIMES CONTRA PATRIMÔNIO: ROUBO: A PESSOA EM VIA PÚBLICA,ES,VITORIA,ENSEADA DO SUA,VIA PÚBLICA,roubos,patrimonial,2025.0,4.0,ABR,2025-04-01,2.0,QUA,False,20.0,NOITE
2025-04-09,05:25:00,CRIMES CONTRA PATRIMÔNIO,CRIMES CONTRA PATRIMÔNIO: ROUBO: A PESSOA EM VIA PÚBLICA,ES,CARIACICA,PLANETA,VIA PÚBLICA,roubos,patrimonial,2025.0,4.0,ABR,2025-04-01,2.0,QUA,False,5.0,MADRUGADA
2025-04-09,20:00:00,CRIMES CONTRA PATRIMÔNIO,CRIMES CONTRA PATRIMÔNIO: ROUBO: A PESSOA EM VIA PÚBLICA,ES,SERRA,OUTRO LOCAL,VIA PÚBLICA,roubos,patrimonial,2025.0,4.0,ABR,2025-04-01,2.0,QUA,False,20.0,NOITE
2025-04-09,06:15:00,CRIMES CONTRA PATRIMÔNIO,CRIMES CONTRA PATRIMÔNIO: ROUBO: A PESSOA EM VIA PÚBLICA,ES,VILA VELHA,ARACAS,VIA PÚBLICA,roubos,patrimonial,2025.0,4.0,ABR,2025-04-01,2.0,QUA,False,6.0,MANHA
2025-04-09,05:30:00,CRIMES CONTRA PATRIMÔNIO,CRIMES CONTRA PATRIMÔNIO: ROUBO: EM TRANSPORTE COLETIVO,ES,VITORIA,GOIABEIRAS,TRANSP COLETIVO,roubos,patrimonial,2025.0,4.0,ABR,2025-04-01,2.0,QUA,False,5.0,MADRUGADA
2025-04-09,09:45:00,CRIMES CONTRA PATRIMÔNIO,CRIMES CONTRA PATRIMÔNIO: ROUBO: EM TRANSPORTE COLETIVO,ES,VITORIA,BENTO FERREIRA,TRANSP COLETIVO,roubos,patrimonial,2025.0,4.0,ABR,2025-04-01,2.0,QUA,False,9.0,MANHA
2025-04-09,17:50:00,CRIMES CONTRA PATRIMÔNIO,CRIMES CONTRA PATRIMÔNIO: ROUBO: EM TRANSPORTE COLETIVO,ES,VITORIA,SANTO ANTONIO,TRANSP COLETIVO,roubos,patrimonial,2025.0,4.0,ABR,2025-04-01,2.0,QUA,False,17.0,TARDE
2025-04-09,05:22:00,CRIMES CONTRA PATRIMÔNIO,CRIMES CONTRA PATRIMÔNIO: ROUBO: EM TRANSPORTE COLETIVO,ES,VITORIA,GOIABEIRAS,VIA PÚBLICA,roubos,patrimonial,2025.0,4.0,ABR,2025-04-01,2.0,QUA,False,5.0,MADRUGADA
2025-04-09,14:20:00,CRIMES CONTRA PATRIMÔNIO,CRIMES CONTRA PATRIMÔNIO: ROUBO: EM TRANSPORTE COLETIVO,ES,VITORIA,SANTA LUCIA,TRANSP COLETIVO,roubos,patrimonial,2025.0,4.0,ABR,2025-04-01,2.0,QUA,False,14.0,TARDE
2025-04-09,14:22:00,CRIMES CONTRA PATRIMÔNIO,CRIMES CONTRA PATRIMÔNIO: ROUBO: EM TRANSPORTE COLETIVO,ES,VITORIA,ENSEADA DO SUA,VIA PÚBLICA,roubos,patrimonial,2025.0,4.0,ABR,2025-04-01,2.0,QUA,False,14.0,TARDE
2025-04-09,18:30:00,CRIMES CONTRA PATRIMÔNIO,CRIMES CONTRA PATRIMÔNIO: ROUBO: EM RESIDÊNCIA/CONDOMÍNIO,ES,VIANA,AREINHA,COMÉRCIO,roubos,patrimonial,2025.0,4.0,ABR,2025-04-01,2.0,QUA,False,18.0,NOITE
2025-04-09,01:00:00,CRIMES CONTRA PATRIMÔNIO,CRIMES CONTRA PATRIMÔNIO: ROUBO: EM RESIDÊNCIA/CONDOMÍNIO,ES,MARATAIZES,BARRA DE ITAPEMIRIM,RESIDÊNCIA,roubos,patrimonial,2025.0,4.0,ABR,2025-04-01,2.0,QUA,False,1.0,MADRUGADA
2025-04-10,07:34:00,CRIMES CONTRA PATRIMÔNIO,CRIMES CONTRA PATRIMÔNIO: ROUBO: A PESSOA EM VIA PÚBLICA,ES,VILA VELHA,ITAPOA,VIA PÚBLICA,roubos,patrimonial,2025.0,4.0,ABR,2025-04-01,3.0,QUI,False,7.0,MANHA
2025-04-10,00:30:00,CRIMES CONTRA PATRIMÔNIO,CRIMES CONTRA PATRIMÔNIO: ROUBO: A PESSOA EM VIA PÚBLICA,ES,VILA VELHA,PRAIA DA COSTA,OUTRO LOCAL,roubos,patrimonial,2025.0,4.0,ABR,2025-04-01,3.0,QUI,False,0.0,MADRUGADA
2025-04-10,11:55:00,CRIMES CONTRA PATRIMÔNIO,CRIMES CONTRA PATRIMÔNIO: ROUBO: A PESSOA EM VIA PÚBLICA,ES,VILA VELHA,PRAIA DA COSTA,VIA PÚBLICA,roubos,patrimonial,2025.0,4.0,ABR,2025-04-01,3.0,QUI,False,11.0,MANHA
2025-04-10,11:40:00,CRIMES CONTRA PATRIMÔNIO,CRIMES CONTRA PATRIMÔNIO: ROUBO: A PESSOA EM VIA PÚBLICA,ES,ARACRUZ,JEQUITIBA,VIA PÚBLICA,roubos,patrimonial,2025.0,4.0,ABR,2025-04-01,3.0,QUI,False,11.0,MANHA
2025-04-10,19:17:00,CRIMES CONTRA PATRIMÔNIO,CRIMES CONTRA PATRIMÔNIO: ROUBO: A PESSOA EM VIA PÚBLICA,ES,SERRA,PLANALTO DE CARAPINA,RODOVIA FEDERAL,roubos,patrimonial,2025.0,4.0,ABR,2025-04-01,3.0,QUI,False,19.0,NOITE
2025-04-10,19:00:00,CRIMES CONTRA PATRIMÔNIO,CRIMES CONTRA PATRIMÔNIO: ROUBO: A PESSOA EM VIA PÚBLICA,ES,SERRA,VALPARAISO,VIA PÚBLICA,roubos,patrimonial,2025.0,4.0,ABR,2025-04-01,3.0,QUI,False,19.0,NOITE
2025-04-10,10:00:00,CRIMES CONTRA PATRIMÔNIO,CRIMES CONTRA PATRIMÔNIO: ROUBO: A PESSOA EM VIA PÚBLICA,ES,VILA VELHA,JOCKEY DE ITAPARICA,VIA PÚBLICA,roubos,patrimonial,2025.0,4.0,ABR,2025-04-01,3.0,QUI,False,10.0,MANHA
2025-04-10,09:00:00,CRIMES CONTRA PATRIMÔNIO,CRIMES CONTRA PATRIMÔNIO: ROUBO: A PESSOA EM VIA PÚBLICA,ES,CARIACICA,DOM BOSCO,VIA PÚBLICA,roubos,patrimonial,2025.0,4.0,ABR,2025-04-01,3.0,QUI,False,9.0,MANHA
2025-04-10,19:20:00,CRIMES CONTRA PATRIMÔNIO,CRIMES CONTRA PATRIMÔNIO: ROUBO: A PESSOA EM VIA PÚBLICA,ES,SERRA,PORTO CANOA,VIA PÚBLICA,roubos,patrimonial,2025.0,4.0,ABR,2025-04-01,3.0,QUI,False,19.0,NOITE
2025-04-10,21:00:00,CRIMES CONTRA PATRIMÔNIO,CRIMES CONTRA PATRIMÔNIO: ROUBO: A PESSOA EM VIA PÚBLICA,ES,VILA VELHA,CENTRO VILA VELHA,VIA PÚBLICA,roubos,patrimonial,2025.0,4.0,ABR,2025-04-01,3.0,QUI,False,21.0,NOITE
2025-04-10,18:20:00,CRIMES CONTRA PATRIMÔNIO,CRIMES CONTRA PATRIMÔNIO: ROUBO: A PESSOA EM VIA PÚBLICA,ES,VILA VELHA,GLORIA,COMÉRCIO,roubos,patrimonial,2025.0,4.0,ABR,2025-04-01,3.0,QUI,False,18.0,NOITE
2025-04-10,22:40:00,CRIMES CONTRA PATRIMÔNIO,CRIMES CONTRA PATRIMÔNIO: ROUBO: A PESSOA EM VIA PÚBLICA,ES,SERRA,COLINA DE LARANJEIRAS,VIA PÚBLICA,roubos,patrimonial,2025.0,4.0,ABR,2025-04-01,3.0,QUI,False,22.0,NOITE
2025-04-10,Indeterminada,CRIMES CONTRA PATRIMÔNIO,CRIMES CONTRA PATRIMÔNIO: ROUBO: A PESSOA EM VIA PÚBLICA,ES,CARIACICA,CAMPO GRANDE,VIA PÚBLICA,roubos,patrimonial,2025.0,4.0,ABR,2025-04-01,3.0,QUI,False,,
2025-04-10,07:00:00,CRIMES CONTRA PATRIMÔNIO,CRIMES CONTRA PATRIMÔNIO: ROUBO: A PESSOA EM VIA PÚBLICA,ES,LINHARES,INTERLAGOS,VIA PÚBLICA,roubos,patrimonial,2025.0,4.0,ABR,2025-04-01,3.0,QUI,False,7.0,MANHA
2025-04-10,17:00:00,CRIMES CONTRA PATRIMÔNIO,CRIMES CONTRA PATRIMÔNIO: ROUBO: A PESSOA EM VIA PÚBLICA,ES,FUNDAO,PRAIA GRANDE,RODOVIA ESTADUAL,roubos,patrimonial,2025.0,4.0,ABR,2025-04-01,3.0,QUI,False,17.0,TARDE
2025-04-10,09:15:00,CRIMES CONTRA PATRIMÔNIO,CRIMES CONTRA PATRIMÔNIO: ROUBO: A PESSOA EM VIA PÚBLICA,ES,SAO MATEUS,CENTRO,VIA PÚBLICA,roubos,patrimonial,2025.0,4.0,ABR,2025-04-01,3.0,QUI,False,9.0,MANHA
2025-04-10,10:00:00,CRIMES CONTRA PATRIMÔNIO,CRIMES CONTRA PATRIMÔNIO: ROUBO: A PESSOA EM VIA PÚBLICA,ES,VILA VELHA,SAO TORQUATO,VIA PÚBLICA,roubos,patrimonial,2025.0,4.0,ABR,2025-04-01,3.0,QUI,False,10.0,MANHA
2025-04-10,12:16:00,CRIMES CONTRA PATRIMÔNIO,CRIMES CONTRA PATRIMÔNIO: ROUBO: A PESSOA EM VIA PÚBLICA,ES,AGUA DOCE DO NORTE,BOM JESUS,COMÉRCIO,roubos,patrimonial,2025.0,4.0,ABR,2025-04-01,3.0,QUI,False,12.0,TARDE
2025-04-10,13:00:00,CRIMES CONTRA PATRIMÔNIO,CRIMES CONTRA PATRIMÔNIO: ROUBO: EM TRANSPORTE COLETIVO,ES,CARIACICA,JARDIM AMERICA,OUTRO LOCAL,roubos,patrimonial,2025.0,4.0,ABR,2025-04-01,3.0,QUI,False,13.0,TARDE
2025-04-10,14:22:00,CRIMES CONTRA PATRIMÔNIO,CRIMES CONTRA PATRIMÔNIO: ROUBO: EM TRANSPORTE COLETIVO,ES,VITORIA,CENTRO,TRANSP COLETIVO,roubos,patrimonial,2025.0,4.0,ABR,2025-04-01,3.0,QUI,False,14.0,TARDE
2025-04-10,18:30:00,CRIMES CONTRA PATRIMÔNIO,CRIMES CONTRA PATRIMÔNIO: ROUBO: EM RESIDÊNCIA/CONDOMÍNIO,ES,VITORIA,SANTA LUCIA,RESIDÊNCIA,roubos,patrimonial,2025.0,4.0,ABR,2025-04-01,3.0,QUI,False,18.0,NOITE
2025-04-11,06:00:00,CRIMES CONTRA PATRIMÔNIO,CRIMES CONTRA PATRIMÔNIO: ROUBO: A PESSOA EM VIA PÚBLICA,ES,CARIACICA,CAMPINA GRANDE,VIA PÚBLICA,roubos,patrimonial,2025.0,4.0,ABR,2025-04-01,4.0,SEX,False,6.0,MANHA
2025-04-11,05:40:00,CRIMES CONTRA PATRIMÔNIO,CRIMES CONTRA PATRIMÔNIO: ROUBO: A PESSOA EM VIA PÚBLICA,ES,VIANA,NOVA BETHANIA,VIA PÚBLICA,roubos,patrimonial,2025.0,4.0,ABR,2025-04-01,4.0,SEX,False,5.0,MADRUGADA
2025-04-11,10:15:00,CRIMES CONTRA PATRIMÔNIO,CRIMES CONTRA PATRIMÔNIO: ROUBO: A PESSOA EM VIA PÚBLICA,ES,LINHARES,CENTRO,VIA PÚBLICA,roubos,patrimonial,2025.0,4.0,ABR,2025-04-01,4.0,SEX,False,10.0,MANHA
2025-04-11,06:30:00,CRIMES CONTRA PATRIMÔNIO,CRIMES CONTRA PATRIMÔNIO: ROUBO: A PESSOA EM VIA PÚBLICA,ES,SERRA,CENTRO DA SERRA,VIA PÚBLICA,roubos,patrimonial,2025.0,4.0,ABR,2025-04-01,4.0,SEX,False,6.0,MANHA
2025-04-11,Indeterminada,CRIMES CONTRA PATRIMÔNIO,CRIMES CONTRA PATRIMÔNIO: ROUBO: A PESSOA EM VIA PÚBLICA,ES,CARIACICA,OPERARIO,VIA PÚBLICA,roubos,patrimonial,2025.0,4.0,ABR,2025-04-01,4.0,SEX,False,,
2025-04-11,13:00:00,CRIMES CONTRA PATRIMÔNIO,CRIMES CONTRA PATRIMÔNIO: ROUBO: A PESSOA EM VIA PÚBLICA,ES,CARIACICA,CAMPO GRANDE,VIA PÚBLICA,roubos,patrimonial,2025.0,4.0,ABR,2025-04-01,4.0,SEX,False,13.0,TARDE
2025-04-11,01:15:00,CRIMES CONTRA PATRIMÔNIO,CRIMES CONTRA PATRIMÔNIO: ROUBO: A PESSOA EM VIA PÚBLICA,ES,CARIACICA,SANTA CECILIA,VIA PÚBLICA,roubos,patrimonial,2025.0,4.0,ABR,2025-04-01,4.0,SEX,False,1.0,MADRUGADA
2025-04-11,23:00:00,CRIMES CONTRA PATRIMÔNIO,CRIMES CONTRA PATRIMÔNIO: ROUBO: A PESSOA EM VIA PÚBLICA,ES,GUARAPARI,PRAIA DO MORRO,VEÍCULO,roubos,patrimonial,2025.0,4.0,ABR,2025-04-01,4.0,SEX,False,23.0,NOITE
2025-04-11,22:15:00,CRIMES CONTRA PATRIMÔNIO,CRIMES CONTRA PATRIMÔNIO: ROUBO: A PESSOA EM VIA PÚBLICA,ES,VITORIA,MARIO CYPRESTE,VIA PÚBLICA,roubos,patrimonial,2025.0,4.0,ABR,2025-04-01,4.0,SEX,False,22.0,NOITE
2025-04-11,18:30:00,CRIMES CONTRA PATRIMÔNIO,CRIMES CONTRA PATRIMÔNIO: ROUBO: A PESSOA EM VIA PÚBLICA,ES,VILA VELHA,ATAIDE,VIA PÚBLICA,roubos,patrimonial,2025.0,4.0,ABR,2025-04-01,4.0,SEX,False,18.0,NOITE
2025-04-11,12:45:00,CRIMES CONTRA PATRIMÔNIO,CRIMES CONTRA PATRIMÔNIO: ROUBO: A PESSOA EM VIA PÚBLICA,ES,CARIACICA,CAMPO GRANDE,VIA PÚBLICA,roubos,patrimonial,2025.0,4.0,ABR,2025-04-01,4.0,SEX,False,12.0,TARDE
2025-04-11,22:00:00,CRIMES CONTRA PATRIMÔNIO,CRIMES CONTRA PATRIMÔNIO: ROUBO: A PESSOA EM VIA PÚBLICA,ES,VITORIA,JARDIM CAMBURI,VIA PÚBLICA,roubos,patrimonial,2025.0,4.0,ABR,2025-04-01,4.0,SEX,False,22.0,NOITE
2025-04-11,05:00:00,CRIMES CONTRA PATRIMÔNIO,CRIMES CONTRA PATRIMÔNIO: ROUBO: A PESSOA EM VIA PÚBLICA,ES,VILA VELHA,ATAIDE,VIA PÚBLICA,roubos,patrimonial,2025.0,4.0,ABR,2025-04-01,4.0,SEX,False,5.0,MADRUGADA
2025-04-11,19:10:00,CRIMES CONTRA PATRIMÔNIO,CRIMES CONTRA PATRIMÔNIO: ROUBO: A PESSOA EM VIA PÚBLICA,ES,GUARAPARI,OUTRO LOCAL,RODOVIA ESTADUAL,roubos,patrimonial,2025.0,4.0,ABR,2025-04-01,4.0,SEX,False,19.0,NOITE
2025-04-11,22:00:00,CRIMES CONTRA PATRIMÔNIO,CRIMES CONTRA PATRIMÔNIO: ROUBO: A PESSOA EM VIA PÚBLICA,ES,SERRA,JARDIM LIMOEIRO,VIA PÚBLICA,roubos,patrimonial,2025.0,4.0,ABR,2025-04-01,4.0,SEX,False,22.0,NOITE
2025-04-11,23:39:00,CRIMES CONTRA PATRIMÔNIO,CRIMES CONTRA PATRIMÔNIO: ROUBO: A PESSOA EM VIA PÚBLICA,ES,CONCEICAO DA BARRA,BRACO DO RIO,VIA PÚBLICA,roubos,patrimonial,2025.0,4.0,ABR,2025-04-01,4.0,SEX,False,23.0,NOITE
2025-04-11,16:20:00,CRIMES CONTRA PATRIMÔNIO,CRIMES CONTRA PATRIMÔNIO: ROUBO: EM TRANSPORTE COLETIVO,ES,VILA VELHA,CENTRO VILA VELHA,TRANSP COLETIVO,roubos,patrimonial,2025.0,4.0,ABR,2025-04-01,4.0,SEX,False,16.0,TARDE
2025-04-11,05:30:00,CRIMES CONTRA PATRIMÔNIO,CRIMES CONTRA PATRIMÔNIO: ROUBO: EM TRANSPORTE COLETIVO,ES,VILA VELHA,ILHA DAS FLORES,TRANSP COLETIVO,roubos,patrimonial,2025.0,4.0,ABR,2025-04-01,4.0,SEX,False,5.0,MADRUGADA
2025-04-11,00:10:00,CRIMES CONTRA PATRIMÔNIO,CRIMES CONTRA PATRIMÔNIO: ROUBO: EM ESTABELECIMENTO COMERCIAL,ES,VILA VELHA,PRAIA DA COSTA,COMÉRCIO,roubos,patrimonial,2025.0,4.0,ABR,2025-04-01,4.0,SEX,False,0.0,MADRUGADA
2025-04-11,21:30:00,CRIMES CONTRA PATRIMÔNIO,CRIMES CONTRA PATRIMÔNIO: ROUBO: EM ESTABELECIMENTO COMERCIAL,ES,AGUA DOCE DO NORTE,GARFO,COMÉRCIO,roubos,patrimonial,2025.0,4.0,ABR,2025-04-01,4.0,SEX,False,21.0,NOITE
2025-04-12,07:00:00,CRIMES CONTRA PATRIMÔNIO,CRIMES CONTRA PATRIMÔNIO: ROUBO: A PESSOA EM VIA PÚBLICA,ES,VITORIA,ILHA DO PRINCIPE,VIA PÚBLICA,roubos,patrimonial,2025.0,4.0,ABR,2025-04-01,5.0,SAB,True,7.0,MANHA
2025-04-12,09:13:00,CRIMES CONTRA PATRIMÔNIO,CRIMES CONTRA PATRIMÔNIO: ROUBO: A PESSOA EM VIA PÚBLICA,ES,CACHOEIRO DE ITAPEMIRIM,INDEPENDENCIA,VIA PÚBLICA,roubos,patrimonial,2025.0,4.0,ABR,2025-04-01,5.0,SAB,True,9.0,MANHA
2025-04-12,20:49:00,CRIMES CONTRA PATRIMÔNIO,CRIMES CONTRA PATRIMÔNIO: ROUBO: A PESSOA EM VIA PÚBLICA,ES,VILA VELHA,PONTA DA FRUTA,VIA PÚBLICA,roubos,patrimonial,2025.0,4.0,ABR,2025-04-01,5.0,SAB,True,20.0,NOITE
2025-04-12,23:30:00,CRIMES CONTRA PATRIMÔNIO,CRIMES CONTRA PATRIMÔNIO: ROUBO: A PESSOA EM VIA PÚBLICA,ES,SERRA,ROSARIO DE FATIMA,VIA PÚBLICA,roubos,patrimonial,2025.0,4.0,ABR,2025-04-01,5.0,SAB,True,23.0,NOITE
2025-04-12,21:00:00,CRIMES CONTRA PATRIMÔNIO,CRIMES CONTRA PATRIMÔNIO: ROUBO: A PESSOA EM VIA PÚBLICA,ES,VILA VELHA,PONTA DA FRUTA,VIA PÚBLICA,roubos,patrimonial,2025.0,4.0,ABR,2025-04-01,5.0,SAB,True,21.0,NOITE
2025-04-12,21:00:00,CRIMES CONTRA PATRIMÔNIO,CRIMES CONTRA PATRIMÔNIO: ROUBO: A PESSOA EM VIA PÚBLICA,ES,VILA VELHA,PONTA DA FRUTA,VIA PÚBLICA,roubos,patrimonial,2025.0,4.0,ABR,2025-04-01,5.0,SAB,True,21.0,NOITE
2025-04-12,19:47:00,CRIMES CONTRA PATRIMÔNIO,CRIMES CONTRA PATRIMÔNIO: ROUBO: A PESSOA EM VIA PÚBLICA,ES,VILA VELHA,ATAIDE,VIA PÚBLICA,roubos,patrimonial,2025.0,4.0,ABR,2025-04-01,5.0,SAB,True,19.0,NOITE
2025-04-12,21:00:00,CRIMES CONTRA PATRIMÔNIO,CRIMES CONTRA PATRIMÔNIO: ROUBO: A PESSOA EM VIA PÚBLICA,ES,CASTELO,INDEPENDENCIA,VIA PÚBLICA,roubos,patrimonial,2025.0,4.0,ABR,2025-04-01,5.0,SAB,True,21.0,NOITE
2025-04-12,19:20:00,CRIMES CONTRA PATRIMÔNIO,CRIMES CONTRA PATRIMÔNIO: ROUBO: A PESSOA EM VIA PÚBLICA,ES,VITORIA,MATA DA PRAIA,VIA PÚBLICA,roubos,patrimonial,2025.0,4.0,ABR,2025-04-01,5.0,SAB,True,19.0,NOITE
2025-04-12,18:32:00,CRIMES CONTRA PATRIMÔNIO,CRIMES CONTRA PATRIMÔNIO: ROUBO: A PESSOA EM VIA PÚBLICA,ES,VITORIA,CENTRO,VIA PÚBLICA,roubos,patrimonial,2025.0,4.0,ABR,2025-04-01,5.0,SAB,True,18.0,NOITE
2025-04-12,15:00:00,CRIMES CONTRA PATRIMÔNIO,CRIMES CONTRA PATRIMÔNIO: ROUBO: A PESSOA EM VIA PÚBLICA,ES,LINHARES,SAO JOSE,VIA PÚBLICA,roubos,patrimonial,2025.0,4.0,ABR,2025-04-01,5.0,SAB,True,15.0,TARDE
2025-04-12,16:00:00,CRIMES CONTRA PATRIMÔNIO,CRIMES CONTRA PATRIMÔNIO: ROUBO: A PESSOA EM VIA PÚBLICA,ES,VILA VELHA,SANTA RITA,VIA PÚBLICA,roubos,patrimonial,2025.0,4.0,ABR,2025-04-01,5.0,SAB,True,16.0,TARDE
2025-04-12,19:48:00,CRIMES CONTRA PATRIMÔNIO,CRIMES CONTRA PATRIMÔNIO: ROUBO: A PESSOA EM VIA PÚBLICA,ES,VILA VELHA,ARIBIRI,VIA PÚBLICA,roubos,patrimonial,2025.0,4.0,ABR,2025-04-01,5.0,SAB,True,19.0,NOITE
2025-04-12,22:30:00,CRIMES CONTRA PATRIMÔNIO,CRIMES CONTRA PATRIMÔNIO: ROUBO: A PESSOA EM VIA PÚBLICA,ES,CARIACICA,SAO FRANCISCO,VIA PÚBLICA,roubos,patrimonial,2025.0,4.0,ABR,2025-04-01,5.0,SAB,True,22.0,NOITE
2025-04-12,18:15:00,CRIMES CONTRA PATRIMÔNIO,CRIMES CONTRA PATRIMÔNIO: ROUBO: A PESSOA EM VIA PÚBLICA,ES,VITORIA,JUCUTUQUARA,VIA PÚBLICA,roubos,patrimonial,2025.0,4.0,ABR,2025-04-01,5.0,SAB,True,18.0,NOITE
2025-04-12,03:50:00,CRIMES CONTRA PATRIMÔNIO,CRIMES CONTRA PATRIMÔNIO: ROUBO: A PESSOA EM VIA PÚBLICA,ES,SERRA,RESIDENCIAL VISTA DO MESTRE,VIA PÚBLICA,roubos,patrimonial,2025.0,4.0,ABR,2025-04-01,5.0,SAB,True,3.0,MADRUGADA
2025-04-12,19:00:00,CRIMES CONTRA PATRIMÔNIO,CRIMES CONTRA PATRIMÔNIO: ROUBO: A PESSOA EM VIA PÚBLICA,ES,GOVERNADOR LINDENBERG,NOVA BRASILIA,VIA PÚBLICA,roubos,patrimonial,2025.0,4.0,ABR,2025-04-01,5.0,SAB,True,19.0,NOITE
2025-04-12,17:00:00,CRIMES CONTRA PATRIMÔNIO,CRIMES CONTRA PATRIMÔNIO: ROUBO: A PESSOA EM VIA PÚBLICA,ES,VITORIA,CENTRO,VIA PÚBLICA,roubos,patrimonial,2025.0,4.0,ABR,2025-04-01,5.0,SAB,True,17.0,TARDE
2025-04-12,00:00:00,CRIMES CONTRA PATRIMÔNIO,CRIMES CONTRA PATRIMÔNIO: ROUBO: A PESSOA EM VIA PÚBLICA,ES,SERRA,BOA VISTA I,VIA PÚBLICA,roubos,patrimonial,2025.0,4.0,ABR,2025-04-01,5.0,SAB,True,0.0,MADRUGADA
2025-04-12,11:40:00,CRIMES CONTRA PATRIMÔNIO,CRIMES CONTRA PATRIMÔNIO: ROUBO: A PESSOA EM VIA PÚBLICA,ES,VITORIA,MONTE BELO,VIA PÚBLICA,roubos,patrimonial,2025.0,4.0,ABR,2025-04-01,5.0,SAB,True,11.0,MANHA
2025-04-12,20:30:00,CRIMES CONTRA PATRIMÔNIO,CRIMES CONTRA PATRIMÔNIO: ROUBO: A PESSOA EM VIA PÚBLICA,ES,VITORIA,MARIO CYPRESTE,CASA DE SHOW/EVENTOS,roubos,patrimonial,2025.0,4.0,ABR,2025-04-01,5.0,SAB,True,20.0,NOITE
2025-04-12,20:25:00,CRIMES CONTRA PATRIMÔNIO,CRIMES CONTRA PATRIMÔNIO: ROUBO: A PESSOA EM VIA PÚBLICA,ES,VITORIA,CENTRO,RODOVIA ESTADUAL,roubos,patrimonial,2025.0,4.0,ABR,2025-04-01,5.0,SAB,True,20.0,NOITE
2025-04-12,01:50:00,CRIMES CONTRA PATRIMÔNIO,CRIMES CONTRA PATRIMÔNIO: ROUBO: A PESSOA EM VIA PÚBLICA,ES,SERRA,CENTRO DA SERRA,VIA PÚBLICA,roubos,patrimonial,2025.0,4.0,ABR,2025-04-01,5.0,SAB,True,1.0,MADRUGADA
2025-04-12,19:00:00,CRIMES CONTRA PATRIMÔNIO,CRIMES CONTRA PATRIMÔNIO: ROUBO: A PESSOA EM VIA PÚBLICA,ES,VITORIA,CENTRO,VIA PÚBLICA,roubos,patrimonial,2025.0,4.0,ABR,2025-04-01,5.0,SAB,True,19.0,NOITE
2025-04-12,20:45:00,CRIMES CONTRA PATRIMÔNIO,CRIMES CONTRA PATRIMÔNIO: ROUBO: A PESSOA EM VIA PÚBLICA,ES,CARIACICA,VILA PALESTINA,VIA PÚBLICA,roubos,patrimonial,2025.0,4.0,ABR,2025-04-01,5.0,SAB,True,20.0,NOITE
2025-04-12,21:30:00,CRIMES CONTRA PATRIMÔNIO,CRIMES CONTRA PATRIMÔNIO: ROUBO: EM TRANSPORTE COLETIVO,ES,SERRA,PARQUE RESIDENCIAL LARANJEIRAS,TRANSP COLETIVO,roubos,patrimonial,2025.0,4.0,ABR,2025-04-01,5.0,SAB,True,21.0,NOITE
2025-04-12,18:30:00,CRIMES CONTRA PATRIMÔNIO,CRIMES CONTRA PATRIMÔNIO: ROUBO: EM TRANSPORTE COLETIVO,ES,SERRA,JARDIM LIMOEIRO,TRANSP COLETIVO,roubos,patrimonial,2025.0,4.0,ABR,2025-04-01,5.0,SAB,True,18.0,NOITE
2025-04-12,18:20:00,CRIMES CONTRA PATRIMÔNIO,CRIMES CONTRA PATRIMÔNIO: ROUBO: EM TRANSPORTE COLETIVO,ES,SERRA,JARDIM LIMOEIRO,VEÍCULO,roubos,patrimonial,2025.0,4.0,ABR,2025-04-01,5.0,SAB,True,18.0,NOITE
2025-04-12,07:07:00,CRIMES CONTRA PATRIMÔNIO,CRIMES CONTRA PATRIMÔNIO: ROUBO: EM ESTABELECIMENTO COMERCIAL,ES,SERRA,PARQUE RESIDENCIAL MESTRE ALVARO,COMÉRCIO,roubos,patrimonial,2025.0,4.0,ABR,2025-04-01,5.0,SAB,True,7.0,MANHA
2025-04-12,06:50:00,CRIMES CONTRA PATRIMÔNIO,CRIMES CONTRA PATRIMÔNIO: ROUBO: EM ESTABELECIMENTO COMERCIAL,ES,SERRA,PARQUE RESIDENCIAL MESTRE ALVARO,COMÉRCIO,roubos,patrimonial,2025.0,4.0,ABR,2025-04-01,5.0,SAB,True,6.0,MANHA
2025-05-01,21:30:00,CRIMES CONTRA PATRIMÔNIO,CRIMES CONTRA PATRIMÔNIO: ROUBO: A PESSOA EM VIA PÚBLICA,ES,SERRA,LARANJEIRAS VELHA,VIA PÚBLICA,roubos,patrimonial,2025.0,5.0,MAI,2025-05-01,3.0,QUI,False,21.0,NOITE
2025-05-01,15:12:00,CRIMES CONTRA PATRIMÔNIO,CRIMES CONTRA PATRIMÔNIO: ROUBO: A PESSOA EM VIA PÚBLICA,ES,VILA VELHA,PRAIA DA COSTA,VIA PÚBLICA,roubos,patrimonial,2025.0,5.0,MAI,2025-05-01,3.0,QUI,False,15.0,TARDE
2025-05-01,03:00:00,CRIMES CONTRA PATRIMÔNIO,CRIMES CONTRA PATRIMÔNIO: ROUBO: A PESSOA EM VIA PÚBLICA,ES,VITORIA,JARDIM CAMBURI,VIA PÚBLICA,roubos,patrimonial,2025.0,5.0,MAI,2025-05-01,3.0,QUI,False,3.0,MADRUGADA
2025-05-01,10:00:00,CRIMES CONTRA PATRIMÔNIO,CRIMES CONTRA PATRIMÔNIO: ROUBO: A PESSOA EM VIA PÚBLICA,ES,VIANA,MARCILIO DE NORONHA,VIA PÚBLICA,roubos,patrimonial,2025.0,5.0,MAI,2025-05-01,3.0,QUI,False,10.0,MANHA
2025-05-01,20:00:00,CRIMES CONTRA PATRIMÔNIO,CRIMES CONTRA PATRIMÔNIO: ROUBO: A PESSOA EM VIA PÚBLICA,ES,VITORIA,FORTE SAO JOAO,VIA PÚBLICA,roubos,patrimonial,2025.0,5.0,MAI,2025-05-01,3.0,QUI,False,20.0,NOITE
2025-05-01,23:50:00,CRIMES CONTRA PATRIMÔNIO,CRIMES CONTRA PATRIMÔNIO: ROUBO: A PESSOA EM VIA PÚBLICA,ES,SERRA,SAO GERALDO,VIA PÚBLICA,roubos,patrimonial,2025.0,5.0,MAI,2025-05-01,3.0,QUI,False,23.0,NOITE
2025-05-01,18:20:00,CRIMES CONTRA PATRIMÔNIO,CRIMES CONTRA PATRIMÔNIO: ROUBO: A PESSOA EM VIA PÚBLICA,ES,VILA VELHA,COBILANDIA,VIA PÚBLICA,roubos,patrimonial,2025.0,5.0,MAI,2025-05-01,3.0,QUI,False,18.0,NOITE
2025-05-01,21:11:00,CRIMES CONTRA PATRIMÔNIO,CRIMES CONTRA PATRIMÔNIO: ROUBO: A PESSOA EM VIA PÚBLICA,ES,SERRA,CHACARA PARREIRAL,VIA PÚBLICA,roubos,patrimonial,2025.0,5.0,MAI,2025-05-01,3.0,QUI,False,21.0,NOITE
2025-05-01,21:00:00,CRIMES CONTRA PATRIMÔNIO,CRIMES CONTRA PATRIMÔNIO: ROUBO: A PESSOA EM VIA PÚBLICA,ES,VILA VELHA,OUTRO LOCAL,VIA PÚBLICA,roubos,patrimonial,2025.0,5.0,MAI,2025-05-01,3.0,QUI,False,21.0,NOITE
2025-05-01,19:00:00,CRIMES CONTRA PATRIMÔNIO,CRIMES CONTRA PATRIMÔNIO: ROUBO: A PESSOA EM VIA PÚBLICA,ES,VILA VELHA,BARRA DO JUCU,VIA PÚBLICA,roubos,patrimonial,2025.0,5.0,MAI,2025-05-01,3.0,QUI,False,19.0,NOITE
2025-05-01,06:00:00,CRIMES CONTRA PATRIMÔNIO,CRIMES CONTRA PATRIMÔNIO: ROUBO: A PESSOA EM VIA PÚBLICA,ES,SERRA,CARAPINA,VIA PÚBLICA,roubos,patrimonial,2025.0,5.0,MAI,2025-05-01,3.0,QUI,False,6.0,MANHA
2025-05-01,19:00:00,CRIMES CONTRA PATRIMÔNIO,CRIMES CONTRA PATRIMÔNIO: ROUBO: A PESSOA EM VIA PÚBLICA,ES,SERRA,BARCELONA,VIA PÚBLICA,roubos,patrimonial,2025.0,5.0,MAI,2025-05-01,3.0,QUI,False,19.0,NOITE
2025-05-01,00:30:00,CRIMES CONTRA PATRIMÔNIO,CRIMES CONTRA PATRIMÔNIO: ROUBO: A PESSOA EM VIA PÚBLICA,ES,CARIACICA,JARDIM AMERICA,VIA PÚBLICA,roubos,patrimonial,2025.0,5.0,MAI,2025-05-01,3.0,QUI,False,0.0,MADRUGADA
2025-05-01,17:40:00,CRIMES CONTRA PATRIMÔNIO,CRIMES CONTRA PATRIMÔNIO: ROUBO: A PESSOA EM VIA PÚBLICA,ES,VILA VELHA,JARDIM MARILANDIA,OUTRO LOCAL,roubos,patrimonial,2025.0,5.0,MAI,2025-05-01,3.0,QUI,False,17.0,TARDE
2025-05-01,08:30:00,CRIMES CONTRA PATRIMÔNIO,CRIMES CONTRA PATRIMÔNIO: ROUBO: A PESSOA EM VIA PÚBLICA,ES,CARIACICA,OPERARIO,VIA PÚBLICA,roubos,patrimonial,2025.0,5.0,MAI,2025-05-01,3.0,QUI,False,8.0,MANHA
2025-05-01,05:40:00,CRIMES CONTRA PATRIMÔNIO,CRIMES CONTRA PATRIMÔNIO: ROUBO: A PESSOA EM VIA PÚBLICA,ES,SERRA,RESIDENCIAL CENTRO DA SERRA,VIA PÚBLICA,roubos,patrimonial,2025.0,5.0,MAI,2025-05-01,3.0,QUI,False,5.0,MADRUGADA
2025-05-01,05:30:00,CRIMES CONTRA PATRIMÔNIO,CRIMES CONTRA PATRIMÔNIO: ROUBO: A PESSOA EM VIA PÚBLICA,ES,CARIACICA,TIRADENTES,VIA PÚBLICA,roubos,patrimonial,2025.0,5.0,MAI,2025-05-01,3.0,QUI,False,5.0,MADRUGADA
2025-05-01,19:40:00,CRIMES CONTRA PATRIMÔNIO,CRIMES CONTRA PATRIMÔNIO: ROUBO: A PESSOA EM VIA PÚBLICA,ES,SERRA,BAIRRO DE FATIMA,VIA PÚBLICA,roubos,patrimonial,2025.0,5.0,MAI,2025-05-01,3.0,QUI,False,19.0,NOITE
2025-05-01,23:00:00,CRIMES CONTRA PATRIMÔNIO,CRIMES CONTRA PATRIMÔNIO: ROUBO: EM TRANSPORTE COLETIVO,ES,SERRA,SAO GERALDO,VEÍCULO,roubos,patrimonial,2025.0,5.0,MAI,2025-05-01,3.0,QUI,False,23.0,NOITE
2025-05-01,14:30:00,CRIMES CONTRA PATRIMÔNIO,CRIMES CONTRA PATRIMÔNIO: ROUBO: EM TRANSPORTE COLETIVO,ES,VITORIA,GOIABEIRAS,TRANSP COLETIVO,roubos,patrimonial,2025.0,5.0,MAI,2025-05-01,3.0,QUI,False,14.0,TARDE
2025-05-01,22:35:00,CRIMES CONTRA PATRIMÔNIO,CRIMES CONTRA PATRIMÔNIO: ROUBO: EM TRANSPORTE COLETIVO,ES,SERRA,CENTRAL CARAPINA,TRANSP COLETIVO,roubos,patrimonial,2025.0,5.0,MAI,2025-05-01,3.0,QUI,False,22.0,NOITE
2025-05-01,22:30:00,CRIMES CONTRA PATRIMÔNIO,CRIMES CONTRA PATRIMÔNIO: ROUBO: EM TRANSPORTE COLETIVO,ES,SERRA,CENTRAL CARAPINA,TRANSP COLETIVO,roubos,patrimonial,2025.0,5.0,MAI,2025-05-01,3.0,QUI,False,22.0,NOITE
2025-05-01,17:50:00,CRIMES CONTRA PATRIMÔNIO,CRIMES CONTRA PATRIMÔNIO: ROUBO: EM TRANSPORTE COLETIVO,ES,ANCHIETA,OUTRO LOCAL,RODOVIA ESTADUAL,roubos,patrimonial,2025.0,5.0,MAI,2025-05-01,3.0,QUI,False,17.0,TARDE
2025-05-01,22:45:00,CRIMES CONTRA PATRIMÔNIO,CRIMES CONTRA PATRIMÔNIO: ROUBO: EM TRANSPORTE COLETIVO,ES,SERRA,JARDIM LIMOEIRO,TRANSP COLETIVO,roubos,patrimonial,2025.0,5.0,MAI,2025-05-01,3.0,QUI,False,22.0,NOITE
2025-05-01,18:45:00,CRIMES CONTRA PATRIMÔNIO,CRIMES CONTRA PATRIMÔNIO: ROUBO: EM ESTABELECIMENTO COMERCIAL,ES,VILA VELHA,PRAIA DE ITAPARICA,COMÉRCIO,roubos,patrimonial,2025.0,5.0,MAI,2025-05-01,3.0,QUI,False,18.0,NOITE
2025-05-01,23:36:00,CRIMES CONTRA PATRIMÔNIO,CRIMES CONTRA PATRIMÔNIO: ROUBO: EM ESTABELECIMENTO COMERCIAL,ES,VILA VELHA,COBILANDIA,COMÉRCIO,roubos,patrimonial,2025.0,5.0,MAI,2025-05-01,3.0,QUI,False,23.0,NOITE
2025-05-02,06:40:00,CRIMES CONTRA PATRIMÔNIO,CRIMES CONTRA PATRIMÔNIO: ROUBO: A PESSOA EM VIA PÚBLICA,ES,VITORIA,GOIABEIRAS,VIA PÚBLICA,roubos,patrimonial,2025.0,5.0,MAI,2025-05-01,4.0,SEX,False,6.0,MANHA
2025-05-02,06:00:00,CRIMES CONTRA PATRIMÔNIO,CRIMES CONTRA PATRIMÔNIO: ROUBO: A PESSOA EM VIA PÚBLICA,ES,VITORIA,MARIO CYPRESTE,VIA PÚBLICA,roubos,patrimonial,2025.0,5.0,MAI,2025-05-01,4.0,SEX,False,6.0,MANHA
2025-05-02,05:00:00,CRIMES CONTRA PATRIMÔNIO,CRIMES CONTRA PATRIMÔNIO: ROUBO: A PESSOA EM VIA PÚBLICA,ES,CARIACICA,CAMPO GRANDE,VIA PÚBLICA,roubos,patrimonial,2025.0,5.0,MAI,2025-05-01,4.0,SEX,False,5.0,MADRUGADA
2025-05-02,11:30:00,CRIMES CONTRA PATRIMÔNIO,CRIMES CONTRA PATRIMÔNIO: ROUBO: A PESSOA EM VIA PÚBLICA,ES,CACHOEIRO DE ITAPEMIRIM,CAMPO DA LEOPOLDINA,VIA PÚBLICA,roubos,patrimonial,2025.0,5.0,MAI,2025-05-01,4.0,SEX,False,11.0,MANHA
2025-05-02,16:30:00,CRIMES CONTRA PATRIMÔNIO,CRIMES CONTRA PATRIMÔNIO: ROUBO: A PESSOA EM VIA PÚBLICA,ES,SERRA,PARQUE JACARAIPE,VIA PÚBLICA,roubos,patrimonial,2025.0,5.0,MAI,2025-05-01,4.0,SEX,False,16.0,TARDE
2025-05-02,21:00:00,CRIMES CONTRA PATRIMÔNIO,CRIMES CONTRA PATRIMÔNIO: ROUBO: A PESSOA EM VIA PÚBLICA,ES,VITORIA,CENTRO,VIA PÚBLICA,roubos,patrimonial,2025.0,5.0,MAI,2025-05-01,4.0,SEX,False,21.0,NOITE
2025-05-02,22:00:00,CRIMES CONTRA PATRIMÔNIO,CRIMES CONTRA PATRIMÔNIO: ROUBO: A PESSOA EM VIA PÚBLICA,ES,VITORIA,ILHA DO BOI,VIA PÚBLICA,roubos,patrimonial,2025.0,5.0,MAI,2025-05-01,4.0,SEX,False,22.0,NOITE
2025-05-02,17:30:00,CRIMES CONTRA PATRIMÔNIO,CRIMES CONTRA PATRIMÔNIO: ROUBO: A PESSOA EM VIA PÚBLICA,ES,VIANA,MORADA DE VILA BETHANIA,VIA PÚBLICA,roubos,patrimonial,2025.0,5.0,MAI,2025-05-01,4.0,SEX,False,17.0,TARDE
2025-05-02,Indeterminada,CRIMES CONTRA PATRIMÔNIO,CRIMES CONTRA PATRIMÔNIO: ROUBO: A PESSOA EM VIA PÚBLICA,ES,SAO MATEUS,BOA VISTA,VIA PÚBLICA,roubos,patrimonial,2025.0,5.0,MAI,2025-05-01,4.0,SEX,False,,
2025-05-02,19:05:00,CRIMES CONTRA PATRIMÔNIO,CRIMES CONTRA PATRIMÔNIO: ROUBO: A PESSOA EM VIA PÚBLICA,ES,VITORIA,MONTE BELO,VIA PÚBLICA,roubos,patrimonial,2025.0,5.0,MAI,2025-05-01,4.0,SEX,False,19.0,NOITE
2025-05-02,19:00:00,CRIMES CONTRA PATRIMÔNIO,CRIMES CONTRA PATRIMÔNIO: ROUBO: A PESSOA EM VIA PÚBLICA,ES,GUARAPARI,CENTRO,VIA PÚBLICA,roubos,patrimonial,2025.0,5.0,MAI,2025-05-01,4.0,SEX,False,19.0,NOITE
2025-05-02,12:00:00,CRIMES CONTRA PATRIMÔNIO,CRIMES CONTRA PATRIMÔNIO: ROUBO: A PESSOA EM VIA PÚBLICA,ES,VITORIA,CENTRO,VIA PÚBLICA,roubos,patrimonial,2025.0,5.0,MAI,2025-05-01,4.0,SEX,False,12.0,TARDE
2025-05-02,05:30:00,CRIMES CONTRA PATRIMÔNIO,CRIMES CONTRA PATRIMÔNIO: ROUBO: A PESSOA EM VIA PÚBLICA,ES,SERRA,VILA NOVA DE COLARES,VIA PÚBLICA,roubos,patrimonial,2025.0,5.0,MAI,2025-05-01,4.0,SEX,False,5.0,MADRUGADA
2025-05-02,20:00:00,CRIMES CONTRA PATRIMÔNIO,CRIMES CONTRA PATRIMÔNIO: ROUBO: A PESSOA EM VIA PÚBLICA,ES,VILA VELHA,BRISAMAR,VIA PÚBLICA,roubos,patrimonial,2025.0,5.0,MAI,2025-05-01,4.0,SEX,False,20.0,NOITE
2025-05-02,17:30:00,CRIMES CONTRA PATRIMÔNIO,CRIMES CONTRA PATRIMÔNIO: ROUBO: A PESSOA EM VIA PÚBLICA,ES,CARIACICA,OUTRO LOCAL,VIA PÚBLICA,roubos,patrimonial,2025.0,5.0,MAI,2025-05-01,4.0,SEX,False,17.0,TARDE
2025-05-02,05:30:00,CRIMES CONTRA PATRIMÔNIO,CRIMES CONTRA PATRIMÔNIO: ROUBO: A PESSOA EM VIA PÚBLICA,ES,GUARAPARI,OUTRO LOCAL,VIA PÚBLICA,roubos,patrimonial,2025.0,5.0,MAI,2025-05-01,4.0,SEX,False,5.0,MADRUGADA
2025-05-02,22:00:00,CRIMES CONTRA PATRIMÔNIO,CRIMES CONTRA PATRIMÔNIO: ROUBO: A PESSOA EM VIA PÚBLICA,ES,GUARAPARI,CENTRO,VIA PÚBLICA,roubos,patrimonial,2025.0,5.0,MAI,2025-05-01,4.0,SEX,False,22.0,NOITE
2025-05-02,23:30:00,CRIMES CONTRA PATRIMÔNIO,CRIMES CONTRA PATRIMÔNIO: ROUBO: A PESSOA EM VIA PÚBLICA,ES,SERRA,NOVA CARAPINA I,VIA PÚBLICA,roubos,patrimonial,2025.0,5.0,MAI,2025-05-01,4.0,SEX,False,23.0,NOITE
2025-05-02,17:30:00,CRIMES CONTRA PATRIMÔNIO,CRIMES CONTRA PATRIMÔNIO: ROUBO: A PESSOA EM VIA PÚBLICA,ES,GUARAPARI,MUQUICABA,VIA PÚBLICA,roubos,patrimonial,2025.0,5.0,MAI,2025-05-01,4.0,SEX,False,17.0,TARDE
2025-05-02,22:20:00,CRIMES CONTRA PATRIMÔNIO,CRIMES CONTRA PATRIMÔNIO: ROUBO: A PESSOA EM VIA PÚBLICA,ES,SERRA,LARANJEIRAS VELHA,COMÉRCIO,roubos,patrimonial,2025.0,5.0,MAI,2025-05-01,4.0,SEX,False,22.0,NOITE
2025-05-02,19:50:00,CRIMES CONTRA PATRIMÔNIO,CRIMES CONTRA PATRIMÔNIO: ROUBO: A PESSOA EM VIA PÚBLICA,ES,VILA VELHA,BOA VISTA II,VIA PÚBLICA,roubos,patrimonial,2025.0,5.0,MAI,2025-05-01,4.0,SEX,False,19.0,NOITE
2025-05-02,18:00:00,CRIMES CONTRA PATRIMÔNIO,CRIMES CONTRA PATRIMÔNIO: ROUBO: A PESSOA EM VIA PÚBLICA,ES,VITORIA,CENTRO,VIA PÚBLICA,roubos,patrimonial,2025.0,5.0,MAI,2025-05-01,4.0,SEX,False,18.0,NOITE
2025-05-02,09:30:00,CRIMES CONTRA PATRIMÔNIO,CRIMES CONTRA PATRIMÔNIO: ROUBO: A PESSOA EM VIA PÚBLICA,ES,CARIACICA,CRUZEIRO DO SUL,VIA PÚBLICA,roubos,patrimonial,2025.0,5.0,MAI,2025-05-01,4.0,SEX,False,9.0,MANHA
2025-05-02,08:09:00,CRIMES CONTRA PATRIMÔNIO,CRIMES CONTRA PATRIMÔNIO: ROUBO: EM TRANSPORTE COLETIVO,ES,SERRA,JARDIM LIMOEIRO,COMÉRCIO,roubos,patrimonial,2025.0,5.0,MAI,2025-05-01,4.0,SEX,False,8.0,MANHA
2025-05-03,22:35:00,CRIMES CONTRA PATRIMÔNIO,CRIMES CONTRA PATRIMÔNIO: ROUBO: A PESSOA EM VIA PÚBLICA,ES,VILA VELHA,ATAIDE,VIA PÚBLICA,roubos,patrimonial,2025.0,5.0,MAI,2025-05-01,5.0,SAB,True,22.0,NOITE
2025-05-03,22:30:00,CRIMES CONTRA PATRIMÔNIO,CRIMES CONTRA PATRIMÔNIO: ROUBO: A PESSOA EM VIA PÚBLICA,ES,VILA VELHA,ATAIDE,VIA PÚBLICA,roubos,patrimonial,2025.0,5.0,MAI,2025-05-01,5.0,SAB,True,22.0,NOITE
2025-05-03,23:30:00,CRIMES CONTRA PATRIMÔNIO,CRIMES CONTRA PATRIMÔNIO: ROUBO: A PESSOA EM VIA PÚBLICA,ES,VILA VELHA,ATAIDE,VIA PÚBLICA,roubos,patrimonial,2025.0,5.0,MAI,2025-05-01,5.0,SAB,True,23.0,NOITE
2025-05-03,07:40:00,CRIMES CONTRA PATRIMÔNIO,CRIMES CONTRA PATRIMÔNIO: ROUBO: A PESSOA EM VIA PÚBLICA,ES,VILA VELHA,JOCKEY DE ITAPARICA,VIA PÚBLICA,roubos,patrimonial,2025.0,5.0,MAI,2025-05-01,5.0,SAB,True,7.0,MANHA
2025-05-03,19:30:00,CRIMES CONTRA PATRIMÔNIO,CRIMES CONTRA PATRIMÔNIO: ROUBO: A PESSOA EM VIA PÚBLICA,ES,CARIACICA,SANTA BARBARA,VIA PÚBLICA,roubos,patrimonial,2025.0,5.0,MAI,2025-05-01,5.0,SAB,True,19.0,NOITE
2025-05-03,18:40:00,CRIMES CONTRA PATRIMÔNIO,CRIMES CONTRA PATRIMÔNIO: ROUBO: A PESSOA EM VIA PÚBLICA,ES,CARIACICA,VILA PALESTINA,VIA PÚBLICA,roubos,patrimonial,2025.0,5.0,MAI,2025-05-01,5.0,SAB,True,18.0,NOITE
2025-05-03,13:00:00,CRIMES CONTRA PATRIMÔNIO,CRIMES CONTRA PATRIMÔNIO: ROUBO: A PESSOA EM VIA PÚBLICA,ES,VILA VELHA,ITAPOA,VIA PÚBLICA,roubos,patrimonial,2025.0,5.0,MAI,2025-05-01,5.0,SAB,True,13.0,TARDE
2025-05-03,09:30:00,CRIMES CONTRA PATRIMÔNIO,CRIMES CONTRA PATRIMÔNIO: ROUBO: A PESSOA EM VIA PÚBLICA,ES,VILA VELHA,VILA BATISTA,VIA PÚBLICA,roubos,patrimonial,2025.0,5.0,MAI,2025-05-01,5.0,SAB,True,9.0,MANHA
2025-05-03,05:00:00,CRIMES CONTRA PATRIMÔNIO,CRIMES CONTRA PATRIMÔNIO: ROUBO: A PESSOA EM VIA PÚBLICA,ES,VILA VELHA,JABURUNA,VIA PÚBLICA,roubos,patrimonial,2025.0,5.0,MAI,2025-05-01,5.0,SAB,True,5.0,MADRUGADA
2025-05-03,09:30:00,CRIMES CONTRA PATRIMÔNIO,CRIMES CONTRA PATRIMÔNIO: ROUBO: A PESSOA EM VIA PÚBLICA,ES,SERRA,ELDORADO,VIA PÚBLICA,roubos,patrimonial,2025.0,5.0,MAI,2025-05-01,5.0,SAB,True,9.0,MANHA
2025-05-03,06:30:00,CRIMES CONTRA PATRIMÔNIO,CRIMES CONTRA PATRIMÔNIO: ROUBO: A PESSOA EM VIA PÚBLICA,ES,VITORIA,JARDIM DA PENHA,VIA PÚBLICA,roubos,patrimonial,2025.0,5.0,MAI,2025-05-01,5.0,SAB,True,6.0,MANHA
2025-05-03,18:20:00,CRIMES CONTRA PATRIMÔNIO,CRIMES CONTRA PATRIMÔNIO: ROUBO: A PESSOA EM VIA PÚBLICA,ES,VILA VELHA,VILA BATISTA,VIA PÚBLICA,roubos,patrimonial,2025.0,5.0,MAI,2025-05-01,5.0,SAB,True,18.0,NOITE
2025-05-03,17:00:00,CRIMES CONTRA PATRIMÔNIO,CRIMES CONTRA PATRIMÔNIO: ROUBO: A PESSOA EM VIA PÚBLICA,ES,SERRA,PARQUE RESIDENCIAL LARANJEIRAS,VIA PÚBLICA,roubos,patrimonial,2025.0,5.0,MAI,2025-05-01,5.0,SAB,True,17.0,TARDE
2025-05-03,12:00:00,CRIMES CONTRA PATRIMÔNIO,CRIMES CONTRA PATRIMÔNIO: ROUBO: A PESSOA EM VIA PÚBLICA,ES,LINHARES,CENTRO,VIA PÚBLICA,roubos,patrimonial,2025.0,5.0,MAI,2025-05-01,5.0,SAB,True,12.0,TARDE
2025-05-03,08:08:00,CRIMES CONTRA PATRIMÔNIO,CRIMES CONTRA PATRIMÔNIO: ROUBO: A PESSOA EM VIA PÚBLICA,ES,SERRA,COLINA DE LARANJEIRAS,VIA PÚBLICA,roubos,patrimonial,2025.0,5.0,MAI,2025-05-01,5.0,SAB,True,8.0,MANHA
2025-05-03,Indeterminada,CRIMES CONTRA PATRIMÔNIO,CRIMES CONTRA PATRIMÔNIO: ROUBO: A PESSOA EM VIA PÚBLICA,ES,SERRA,PARQUE JACARAIPE,VIA PÚBLICA,roubos,patrimonial,2025.0,5.0,MAI,2025-05-01,5.0,SAB,True,,
2025-05-03,22:30:00,CRIMES CONTRA PATRIMÔNIO,CRIMES CONTRA PATRIMÔNIO: ROUBO: A PESSOA EM VIA PÚBLICA,ES,VILA VELHA,ATAIDE,VIA PÚBLICA,roubos,patrimonial,2025.0,5.0,MAI,2025-05-01,5.0,SAB,True,22.0,NOITE
2025-05-03,20:40:00,CRIMES CONTRA PATRIMÔNIO,CRIMES CONTRA PATRIMÔNIO: ROUBO: A PESSOA EM VIA PÚBLICA,ES,CARIACICA,VILA PALESTINA,VIA PÚBLICA,roubos,patrimonial,2025.0,5.0,MAI,2025-05-01,5.0,SAB,True,20.0,NOITE
2025-05-03,14:00:00,CRIMES CONTRA PATRIMÔNIO,CRIMES CONTRA PATRIMÔNIO: ROUBO: A PESSOA EM VIA PÚBLICA,ES,SERRA,JARDIM LIMOEIRO,VIA PÚBLICA,roubos,patrimonial,2025.0,5.0,MAI,2025-05-01,5.0,SAB,True,14.0,TARDE
2025-05-03,06:30:00,CRIMES CONTRA PATRIMÔNIO,CRIMES CONTRA PATRIMÔNIO: ROUBO: EM TRANSPORTE COLETIVO,ES,VITORIA,PRAIA DO SUA,TRANSP COLETIVO,roubos,patrimonial,2025.0,5.0,MAI,2025-05-01,5.0,SAB,True,6.0,MANHA
2025-05-04,17:20:00,CRIMES CONTRA PATRIMÔNIO,CRIMES CONTRA PATRIMÔNIO: ROUBO: A PESSOA EM VIA PÚBLICA,ES,LINHARES,INTERLAGOS,VIA PÚBLICA,roubos,patrimonial,2025.0,5.0,MAI,2025-05-01,6.0,DOM,True,17.0,TARDE
2025-05-04,23:00:00,CRIMES CONTRA PATRIMÔNIO,CRIMES CONTRA PATRIMÔNIO: ROUBO: A PESSOA EM VIA PÚBLICA,ES,VITORIA,GOIABEIRAS,VIA PÚBLICA,roubos,patrimonial,2025.0,5.0,MAI,2025-05-01,6.0,DOM,True,23.0,NOITE
2025-05-04,21:00:00,CRIMES CONTRA PATRIMÔNIO,CRIMES CONTRA PATRIMÔNIO: ROUBO: A PESSOA EM VIA PÚBLICA,ES,VILA VELHA,JOCKEY DE ITAPARICA,VIA PÚBLICA,roubos,patrimonial,2025.0,5.0,MAI,2025-05-01,6.0,DOM,True,21.0,NOITE
2025-05-04,21:30:00,CRIMES CONTRA PATRIMÔNIO,CRIMES CONTRA PATRIMÔNIO: ROUBO: A PESSOA EM VIA PÚBLICA,ES,SAO MATEUS,NOVO HORIZONTE,VIA PÚBLICA,roubos,patrimonial,2025.0,5.0,MAI,2025-05-01,6.0,DOM,True,21.0,NOITE
2025-05-04,21:00:00,CRIMES CONTRA PATRIMÔNIO,CRIMES CONTRA PATRIMÔNIO: ROUBO: A PESSOA EM VIA PÚBLICA,ES,SERRA,PARQUE RESIDENCIAL LARANJEIRAS,VIA PÚBLICA,roubos,patrimonial,2025.0,5.0,MAI,2025-05-01,6.0,DOM,True,21.0,NOITE
2025-05-04,Indeterminada,CRIMES CONTRA PATRIMÔNIO,CRIMES CONTRA PATRIMÔNIO: ROUBO: A PESSOA EM VIA PÚBLICA,ES,SAO MATEUS,GURIRI,VIA PÚBLICA,roubos,patrimonial,2025.0,5.0,MAI,2025-05-01,6.0,DOM,True,,
2025-05-04,15:30:00,CRIMES CONTRA PATRIMÔNIO,CRIMES CONTRA PATRIMÔNIO: ROUBO: A PESSOA EM VIA PÚBLICA,ES,VILA VELHA,ITAPOA,VIA PÚBLICA,roubos,patrimonial,2025.0,5.0,MAI,2025-05-01,6.0,DOM,True,15.0,TARDE
2025-05-04,22:00:00,CRIMES CONTRA PATRIMÔNIO,CRIMES CONTRA PATRIMÔNIO: ROUBO: A PESSOA EM VIA PÚBLICA,ES,VITORIA,MARUIPE,VIA PÚBLICA,roubos,patrimonial,2025.0,5.0,MAI,2025-05-01,6.0,DOM,True,22.0,NOITE
2025-05-04,21:00:00,CRIMES CONTRA PATRIMÔNIO,CRIMES CONTRA PATRIMÔNIO: ROUBO: A PESSOA EM VIA PÚBLICA,ES,VILA VELHA,JOCKEY DE ITAPARICA,VIA PÚBLICA,roubos,patrimonial,2025.0,5.0,MAI,2025-05-01,6.0,DOM,True,21.0,NOITE
2025-05-04,06:00:00,CRIMES CONTRA PATRIMÔNIO,CRIMES CONTRA PATRIMÔNIO: ROUBO: A PESSOA EM VIA PÚBLICA,ES,SERRA,CARAPINA GRANDE,VIA PÚBLICA,roubos,patrimonial,2025.0,5.0,MAI,2025-05-01,6.0,DOM,True,6.0,MANHA
2025-05-04,18:30:00,CRIMES CONTRA PATRIMÔNIO,CRIMES CONTRA PATRIMÔNIO: ROUBO: A PESSOA EM VIA PÚBLICA,ES,VITORIA,FORTE SAO JOAO,VIA PÚBLICA,roubos,patrimonial,2025.0,5.0,MAI,2025-05-01,6.0,DOM,True,18.0,NOITE
2025-05-04,21:00:00,CRIMES CONTRA PATRIMÔNIO,CRIMES CONTRA PATRIMÔNIO: ROUBO: A PESSOA EM VIA PÚBLICA,ES,VILA VELHA,SANTA MONICA,VIA PÚBLICA,roubos,patrimonial,2025.0,5.0,MAI,2025-05-01,6.0,DOM,True,21.0,NOITE
2025-05-04,19:40:00,CRIMES CONTRA PATRIMÔNIO,CRIMES CONTRA PATRIMÔNIO: ROUBO: A PESSOA EM VIA PÚBLICA,ES,CARIACICA,SAO FRANCISCO,VIA PÚBLICA,roubos,patrimonial,2025.0,5.0,MAI,2025-05-01,6.0,DOM,True,19.0,NOITE
2025-05-05,07:30:00,CRIMES CONTRA PATRIMÔNIO,CRIMES CONTRA PATRIMÔNIO: ROUBO: A PESSOA EM VIA PÚBLICA,ES,SERRA,COLINA DE LARANJEIRAS,VIA PÚBLICA,roubos,patrimonial,2025.0,5.0,MAI,2025-05-01,0.0,SEG,False,7.0,MANHA
2025-05-05,04:40:00,CRIMES CONTRA PATRIMÔNIO,CRIMES CONTRA PATRIMÔNIO: ROUBO: A PESSOA EM VIA PÚBLICA,ES,VITORIA,SANTA TEREZA,VIA PÚBLICA,roubos,patrimonial,2025.0,5.0,MAI,2025-05-01,0.0,SEG,False,4.0,MADRUGADA
2025-05-05,11:30:00,CRIMES CONTRA PATRIMÔNIO,CRIMES CONTRA PATRIMÔNIO: ROUBO: A PESSOA EM VIA PÚBLICA,ES,VITORIA,CENTRO,VIA PÚBLICA,roubos,patrimonial,2025.0,5.0,MAI,2025-05-01,0.0,SEG,False,11.0,MANHA
2025-05-05,00:30:00,CRIMES CONTRA PATRIMÔNIO,CRIMES CONTRA PATRIMÔNIO: ROUBO: A PESSOA EM VIA PÚBLICA,ES,VITORIA,BARRO VERMELHO,VIA PÚBLICA,roubos,patrimonial,2025.0,5.0,MAI,2025-05-01,0.0,SEG,False,0.0,MADRUGADA
2025-05-05,06:00:00,CRIMES CONTRA PATRIMÔNIO,CRIMES CONTRA PATRIMÔNIO: ROUBO: A PESSOA EM VIA PÚBLICA,ES,SERRA,BAIRRO DAS LARANJEIRAS,VIA PÚBLICA,roubos,patrimonial,2025.0,5.0,MAI,2025-05-01,0.0,SEG,False,6.0,MANHA
2025-05-05,12:00:00,CRIMES CONTRA PATRIMÔNIO,CRIMES CONTRA PATRIMÔNIO: ROUBO: A PESSOA EM VIA PÚBLICA,ES,VITORIA,BONFIM,VIA PÚBLICA,roubos,patrimonial,2025.0,5.0,MAI,2025-05-01,0.0,SEG,False,12.0,TARDE
2025-05-05,23:00:00,CRIMES CONTRA PATRIMÔNIO,CRIMES CONTRA PATRIMÔNIO: ROUBO: A PESSOA EM VIA PÚBLICA,ES,VILA VELHA,VILA NOVA,VIA PÚBLICA,roubos,patrimonial,2025.0,5.0,MAI,2025-05-01,0.0,SEG,False,23.0,NOITE
2025-05-05,22:00:00,CRIMES CONTRA PATRIMÔNIO,CRIMES CONTRA PATRIMÔNIO: ROUBO: A PESSOA EM VIA PÚBLICA,ES,LINHARES,JOSE RODRIGUES MACIEL,VIA PÚBLICA,roubos,patrimonial,2025.0,5.0,MAI,2025-05-01,0.0,SEG,False,22.0,NOITE
2025-05-05,16:34:00,CRIMES CONTRA PATRIMÔNIO,CRIMES CONTRA PATRIMÔNIO: ROUBO: A PESSOA EM VIA PÚBLICA,ES,VITORIA,CENTRO,OUTRO LOCAL,roubos,patrimonial,2025.0,5.0,MAI,2025-05-01,0.0,SEG,False,16.0,TARDE
2025-05-05,08:00:00,CRIMES CONTRA PATRIMÔNIO,CRIMES CONTRA PATRIMÔNIO: ROUBO: A PESSOA EM VIA PÚBLICA,ES,CARIACICA,CAMPO GRANDE,VIA PÚBLICA,roubos,patrimonial,2025.0,5.0,MAI,2025-05-01,0.0,SEG,False,8.0,MANHA
2025-05-05,00:10:00,CRIMES CONTRA PATRIMÔNIO,CRIMES CONTRA PATRIMÔNIO: ROUBO: A PESSOA EM VIA PÚBLICA,ES,CARIACICA,CAMPO GRANDE,VIA PÚBLICA,roubos,patrimonial,2025.0,5.0,MAI,2025-05-01,0.0,SEG,False,0.0,MADRUGADA
2025-05-05,14:30:00,CRIMES CONTRA PATRIMÔNIO,CRIMES CONTRA PATRIMÔNIO: ROUBO: A PESSOA EM VIA PÚBLICA,ES,VILA VELHA,RIO MARINHO,VIA PÚBLICA,roubos,patrimonial,2025.0,5.0,MAI,2025-05-01,0.0,SEG,False,14.0,TARDE
2025-05-05,23:10:00,CRIMES CONTRA PATRIMÔNIO,CRIMES CONTRA PATRIMÔNIO: ROUBO: A PESSOA EM VIA PÚBLICA,ES,VILA VELHA,ARIBIRI,VIA PÚBLICA,roubos,patrimonial,2025.0,5.0,MAI,2025-05-01,0.0,SEG,False,23.0,NOITE
2025-05-05,19:00:00,CRIMES CONTRA PATRIMÔNIO,CRIMES CONTRA PATRIMÔNIO: ROUBO: A PESSOA EM VIA PÚBLICA,ES,CARIACICA,ALZIRA RAMOS,VIA PÚBLICA,roubos,patrimonial,2025.0,5.0,MAI,2025-05-01,0.0,SEG,False,19.0,NOITE
2025-05-05,16:30:00,CRIMES CONTRA PATRIMÔNIO,CRIMES CONTRA PATRIMÔNIO: ROUBO: A PESSOA EM VIA PÚBLICA,ES,VITORIA,ILHA DO PRINCIPE,VIA PÚBLICA,roubos,patrimonial,2025.0,5.0,MAI,2025-05-01,0.0,SEG,False,16.0,TARDE
2025-05-05,02:05:00,CRIMES CONTRA PATRIMÔNIO,CRIMES CONTRA PATRIMÔNIO: ROUBO: A PESSOA EM VIA PÚBLICA,ES,VILA VELHA,ARIBIRI,VIA PÚBLICA,roubos,patrimonial,2025.0,5.0,MAI,2025-05-01,0.0,SEG,False,2.0,MADRUGADA
2025-05-05,07:30:00,CRIMES CONTRA PATRIMÔNIO,CRIMES CONTRA PATRIMÔNIO: ROUBO: A PESSOA EM VIA PÚBLICA,ES,VITORIA,GOIABEIRAS,VIA PÚBLICA,roubos,patrimonial,2025.0,5.0,MAI,2025-05-01,0.0,SEG,False,7.0,MANHA
2025-05-05,00:00:00,CRIMES CONTRA PATRIMÔNIO,CRIMES CONTRA PATRIMÔNIO: ROUBO: A PESSOA EM VIA PÚBLICA,ES,SERRA,PARQUE RESIDENCIAL LARANJEIRAS,VIA PÚBLICA,roubos,patrimonial,2025.0,5.0,MAI,2025-05-01,0.0,SEG,False,0.0,MADRUGADA
2025-05-05,20:30:00,CRIMES CONTRA PATRIMÔNIO,CRIMES CONTRA PATRIMÔNIO: ROUBO: A PESSOA EM VIA PÚBLICA,ES,VILA VELHA,RIO MARINHO,VIA PÚBLICA,roubos,patrimonial,2025.0,5.0,MAI,2025-05-01,0.0,SEG,False,20.0,NOITE
2025-05-05,18:30:00,CRIMES CONTRA PATRIMÔNIO,CRIMES CONTRA PATRIMÔNIO: ROUBO: A PESSOA EM VIA PÚBLICA,ES,VILA VELHA,DIVINO ESPIRITO SANTO,VIA PÚBLICA,roubos,patrimonial,2025.0,5.0,MAI,2025-05-01,0.0,SEG,False,18.0,NOITE
2025-05-05,18:20:00,CRIMES CONTRA PATRIMÔNIO,CRIMES CONTRA PATRIMÔNIO: ROUBO: A PESSOA EM VIA PÚBLICA,ES,CARIACICA,CAMPO GRANDE,VIA PÚBLICA,roubos,patrimonial,2025.0,5.0,MAI,2025-05-01,0.0,SEG,False,18.0,NOITE
2025-05-05,07:00:00,CRIMES CONTRA PATRIMÔNIO,CRIMES CONTRA PATRIMÔNIO: ROUBO: A PESSOA EM VIA PÚBLICA,ES,SERRA,COLINA DE LARANJEIRAS,VIA PÚBLICA,roubos,patrimonial,2025.0,5.0,MAI,2025-05-01,0.0,SEG,False,7.0,MANHA
2025-05-05,05:20:00,CRIMES CONTRA PATRIMÔNIO,CRIMES CONTRA PATRIMÔNIO: ROUBO: A PESSOA EM VIA PÚBLICA,ES,SERRA,VILA NOVA DE COLARES,VIA PÚBLICA,roubos,patrimonial,2025.0,5.0,MAI,2025-05-01,0.0,SEG,False,5.0,MADRUGADA
2025-05-05,06:10:00,CRIMES CONTRA PATRIMÔNIO,CRIMES CONTRA PATRIMÔNIO: ROUBO: A PESSOA EM VIA PÚBLICA,ES,VILA VELHA,VILA GARRIDO,VIA PÚBLICA,roubos,patrimonial,2025.0,5.0,MAI,2025-05-01,0.0,SEG,False,6.0,MANHA
2025-05-05,07:30:00,CRIMES CONTRA PATRIMÔNIO,CRIMES CONTRA PATRIMÔNIO: ROUBO: A PESSOA EM VIA PÚBLICA,ES,SERRA,COLINA DE LARANJEIRAS,VIA PÚBLICA,roubos,patrimonial,2025.0,5.0,MAI,2025-05-01,0.0,SEG,False,7.0,MANHA
2025-05-05,20:40:00,CRIMES CONTRA PATRIMÔNIO,CRIMES CONTRA PATRIMÔNIO: ROUBO: A PESSOA EM VIA PÚBLICA,ES,GUARAPARI,PRAIA DO MORRO,VIA PÚBLICA,roubos,patrimonial,2025.0,5.0,MAI,2025-05-01,0.0,SEG,False,20.0,NOITE
2025-05-05,09:35:00,CRIMES CONTRA PATRIMÔNIO,CRIMES CONTRA PATRIMÔNIO: ROUBO: EM TRANSPORTE COLETIVO,ES,VITORIA,VILA RUBIM,TRANSP COLETIVO,roubos,patrimonial,2025.0,5.0,MAI,2025-05-01,0.0,SEG,False,9.0,MANHA
2025-05-05,01:40:00,CRIMES CONTRA PATRIMÔNIO,CRIMES CONTRA PATRIMÔNIO: ROUBO: EM TRANSPORTE COLETIVO,ES,SERRA,PARQUE RESIDENCIAL LARANJEIRAS,TRANSP COLETIVO,roubos,patrimonial,2025.0,5.0,MAI,2025-05-01,0.0,SEG,False,1.0,MADRUGADA
2025-05-05,12:25:00,CRIMES CONTRA PATRIMÔNIO,CRIMES CONTRA PATRIMÔNIO: ROUBO: EM TRANSPORTE COLETIVO,ES,SERRA,CARAPINA,TRANSP COLETIVO,roubos,patrimonial,2025.0,5.0,MAI,2025-05-01,0.0,SEG,False,12.0,TARDE
2025-05-05,20:07:00,CRIMES CONTRA PATRIMÔNIO,CRIMES CONTRA PATRIMÔNIO: ROUBO: EM ESTABELECIMENTO COMERCIAL,ES,COLATINA,CENTRO,COMÉRCIO,roubos,patrimonial,2025.0,5.0,MAI,2025-05-01,0.0,SEG,False,20.0,NOITE
2025-05-05,14:31:00,CRIMES CONTRA PATRIMÔNIO,CRIMES CONTRA PATRIMÔNIO: ROUBO: EM ESTABELECIMENTO COMERCIAL,ES,SERRA,NOVA CARAPINA I,COMÉRCIO,roubos,patrimonial,2025.0,5.0,MAI,2025-05-01,0.0,SEG,False,14.0,TARDE
2025-05-06,04:45:00,CRIMES CONTRA PATRIMÔNIO,CRIMES CONTRA PATRIMÔNIO: ROUBO: A PESSOA EM VIA PÚBLICA,ES,VILA VELHA,PAUL,VIA PÚBLICA,roubos,patrimonial,2025.0,5.0,MAI,2025-05-01,1.0,TER,False,4.0,MADRUGADA
2025-05-06,06:00:00,CRIMES CONTRA PATRIMÔNIO,CRIMES CONTRA PATRIMÔNIO: ROUBO: A PESSOA EM VIA PÚBLICA,ES,CARIACICA,VILA CAJUEIRO,VIA PÚBLICA,roubos,patrimonial,2025.0,5.0,MAI,2025-05-01,1.0,TER,False,6.0,MANHA
2025-05-06,Indeterminada,CRIMES CONTRA PATRIMÔNIO,CRIMES CONTRA PATRIMÔNIO: ROUBO: A PESSOA EM VIA PÚBLICA,ES,LINHARES,NOVA ESPERANCA,VIA PÚBLICA,roubos,patrimonial,2025.0,5.0,MAI,2025-05-01,1.0,TER,False,,
2025-05-06,06:10:00,CRIMES CONTRA PATRIMÔNIO,CRIMES CONTRA PATRIMÔNIO: ROUBO: A PESSOA EM VIA PÚBLICA,ES,CARIACICA,CAMPO VERDE,VIA PÚBLICA,roubos,patrimonial,2025.0,5.0,MAI,2025-05-01,1.0,TER,False,6.0,MANHA
2025-05-06,Indeterminada,CRIMES CONTRA PATRIMÔNIO,CRIMES CONTRA PATRIMÔNIO: ROUBO: A PESSOA EM VIA PÚBLICA,ES,CARIACICA,CAMPO GRANDE,VIA PÚBLICA,roubos,patrimonial,2025.0,5.0,MAI,2025-05-01,1.0,TER,False,,
2025-05-06,03:15:00,CRIMES CONTRA PATRIMÔNIO,CRIMES CONTRA PATRIMÔNIO: ROUBO: A PESSOA EM VIA PÚBLICA,ES,CARIACICA,VILA CAPIXABA,VIA PÚBLICA,roubos,patrimonial,2025.0,5.0,MAI,2025-05-01,1.0,TER,False,3.0,MADRUGADA
2025-05-06,20:10:00,CRIMES CONTRA PATRIMÔNIO,CRIMES CONTRA PATRIMÔNIO: ROUBO: A PESSOA EM VIA PÚBLICA,ES,VILA VELHA,PRAIA DA COSTA,VIA PÚBLICA,roubos,patrimonial,2025.0,5.0,MAI,2025-05-01,1.0,TER,False,20.0,NOITE
2025-05-06,19:35:00,CRIMES CONTRA PATRIMÔNIO,CRIMES CONTRA PATRIMÔNIO: ROUBO: A PESSOA EM VIA PÚBLICA,ES,CARIACICA,VISTA MAR,VIA PÚBLICA,roubos,patrimonial,2025.0,5.0,MAI,2025-05-01,1.0,TER,False,19.0,NOITE
2025-05-06,23:00:00,CRIMES CONTRA PATRIMÔNIO,CRIMES CONTRA PATRIMÔNIO: ROUBO: A PESSOA EM VIA PÚBLICA,ES,VILA VELHA,SAO TORQUATO,VIA PÚBLICA,roubos,patrimonial,2025.0,5.0,MAI,2025-05-01,1.0,TER,False,23.0,NOITE
2025-05-06,23:50:00,CRIMES CONTRA PATRIMÔNIO,CRIMES CONTRA PATRIMÔNIO: ROUBO: A PESSOA EM VIA PÚBLICA,ES,CARIACICA,MORADA DE SANTA FE,VIA PÚBLICA,roubos,patrimonial,2025.0,5.0,MAI,2025-05-01,1.0,TER,False,23.0,NOITE
2025-05-06,06:30:00,CRIMES CONTRA PATRIMÔNIO,CRIMES CONTRA PATRIMÔNIO: ROUBO: A PESSOA EM VIA PÚBLICA,ES,CARIACICA,CAMPO GRANDE,VIA PÚBLICA,roubos,patrimonial,2025.0,5.0,MAI,2025-05-01,1.0,TER,False,6.0,MANHA
2025-05-06,19:35:00,CRIMES CONTRA PATRIMÔNIO,CRIMES CONTRA PATRIMÔNIO: ROUBO: A PESSOA EM VIA PÚBLICA,ES,CARIACICA,VISTA MAR,OUTRO LOCAL,roubos,patrimonial,2025.0,5.0,MAI,2025-05-01,1.0,TER,False,19.0,NOITE
2025-05-06,20:45:00,CRIMES CONTRA PATRIMÔNIO,CRIMES CONTRA PATRIMÔNIO: ROUBO: A PESSOA EM VIA PÚBLICA,ES,CARIACICA,BELA AURORA,VIA PÚBLICA,roubos,patrimonial,2025.0,5.0,MAI,2025-05-01,1.0,TER,False,20.0,NOITE
2025-05-06,20:40:00,CRIMES CONTRA PATRIMÔNIO,CRIMES CONTRA PATRIMÔNIO: ROUBO: A PESSOA EM VIA PÚBLICA,ES,VILA VELHA,NOVO MEXICO,VIA PÚBLICA,roubos,patrimonial,2025.0,5.0,MAI,2025-05-01,1.0,TER,False,20.0,NOITE
2025-05-06,20:39:00,CRIMES CONTRA PATRIMÔNIO,CRIMES CONTRA PATRIMÔNIO: ROUBO: A PESSOA EM VIA PÚBLICA,ES,VILA VELHA,SAO TORQUATO,RESIDÊNCIA,roubos,patrimonial,2025.0,5.0,MAI,2025-05-01,1.0,TER,False,20.0,NOITE
2025-05-06,20:20:00,CRIMES CONTRA PATRIMÔNIO,CRIMES CONTRA PATRIMÔNIO: ROUBO: A PESSOA EM VIA PÚBLICA,ES,SERRA,ANDRE CARLONI,VIA PÚBLICA,roubos,patrimonial,2025.0,5.0,MAI,2025-05-01,1.0,TER,False,20.0,NOITE
2025-05-06,Indeterminada,CRIMES CONTRA PATRIMÔNIO,CRIMES CONTRA PATRIMÔNIO: ROUBO: A PESSOA EM VIA PÚBLICA,ES,COLATINA,ZONA RURAL,OUTRO LOCAL,roubos,patrimonial,2025.0,5.0,MAI,2025-05-01,1.0,TER,False,,
2025-05-06,18:00:00,CRIMES CONTRA PATRIMÔNIO,CRIMES CONTRA PATRIMÔNIO: ROUBO: A PESSOA EM VIA PÚBLICA,ES,CARIACICA,CAMPINA GRANDE,VIA PÚBLICA,roubos,patrimonial,2025.0,5.0,MAI,2025-05-01,1.0,TER,False,18.0,NOITE
2025-05-06,20:21:00,CRIMES CONTRA PATRIMÔNIO,CRIMES CONTRA PATRIMÔNIO: ROUBO: A PESSOA EM VIA PÚBLICA,ES,SAO MATEUS,FATIMA,VIA PÚBLICA,roubos,patrimonial,2025.0,5.0,MAI,2025-05-01,1.0,TER,False,20.0,NOITE
2025-05-06,19:30:00,CRIMES CONTRA PATRIMÔNIO,CRIMES CONTRA PATRIMÔNIO: ROUBO: EM TRANSPORTE COLETIVO,ES,SERRA,CARAPINA,TRANSP COLETIVO,roubos,patrimonial,2025.0,5.0,MAI,2025-05-01,1.0,TER,False,19.0,NOITE
2025-05-06,12:30:00,CRIMES CONTRA PATRIMÔNIO,CRIMES CONTRA PATRIMÔNIO: ROUBO: EM ESTABELECIMENTO COMERCIAL,ES,BOM JESUS DO NORTE,CENTRO,COMÉRCIO,roubos,patrimonial,2025.0,5.0,MAI,2025-05-01,1.0,TER,False,12.0,TARDE
2025-05-06,13:30:00,CRIMES CONTRA PATRIMÔNIO,CRIMES CONTRA PATRIMÔNIO: ROUBO: EM ESTABELECIMENTO COMERCIAL,ES,CARIACICA,SAO GERALDO,COMÉRCIO,roubos,patrimonial,2025.0,5.0,MAI,2025-05-01,1.0,TER,False,13.0,TARDE
2025-05-07,07:40:00,CRIMES CONTRA PATRIMÔNIO,CRIMES CONTRA PATRIMÔNIO: ROUBO: A PESSOA EM VIA PÚBLICA,ES,SERRA,JARDIM LIMOEIRO,VIA PÚBLICA,roubos,patrimonial,2025.0,5.0,MAI,2025-05-01,2.0,QUA,False,7.0,MANHA
2025-05-07,16:00:00,CRIMES CONTRA PATRIMÔNIO,CRIMES CONTRA PATRIMÔNIO: ROUBO: A PESSOA EM VIA PÚBLICA,ES,CARIACICA,FLEXAL I,VIA PÚBLICA,roubos,patrimonial,2025.0,5.0,MAI,2025-05-01,2.0,QUA,False,16.0,TARDE
2025-05-07,18:40:00,CRIMES CONTRA PATRIMÔNIO,CRIMES CONTRA PATRIMÔNIO: ROUBO: A PESSOA EM VIA PÚBLICA,ES,VILA VELHA,PRAIA DA COSTA,VIA PÚBLICA,roubos,patrimonial,2025.0,5.0,MAI,2025-05-01,2.0,QUA,False,18.0,NOITE
2025-05-07,23:59:00,CRIMES CONTRA PATRIMÔNIO,CRIMES CONTRA PATRIMÔNIO: ROUBO: A PESSOA EM VIA PÚBLICA,ES,SAO GABRIEL DA PALHA,GLORIA,HOSPITAL,roubos,patrimonial,2025.0,5.0,MAI,2025-05-01,2.0,QUA,False,23.0,NOITE
2025-05-07,20:00:00,CRIMES CONTRA PATRIMÔNIO,CRIMES CONTRA PATRIMÔNIO: ROUBO: A PESSOA EM VIA PÚBLICA,ES,SERRA,PLANALTO SERRANO,VIA PÚBLICA,roubos,patrimonial,2025.0,5.0,MAI,2025-05-01,2.0,QUA,False,20.0,NOITE
2025-05-07,21:55:00,CRIMES CONTRA PATRIMÔNIO,CRIMES CONTRA PATRIMÔNIO: ROUBO: A PESSOA EM VIA PÚBLICA,ES,SERRA,BAIRRO DAS LARANJEIRAS,VIA PÚBLICA,roubos,patrimonial,2025.0,5.0,MAI,2025-05-01,2.0,QUA,False,21.0,NOITE
2025-05-07,06:10:00,CRIMES CONTRA PATRIMÔNIO,CRIMES CONTRA PATRIMÔNIO: ROUBO: A PESSOA EM VIA PÚBLICA,ES,SERRA,NOVA CARAPINA I,VIA PÚBLICA,roubos,patrimonial,2025.0,5.0,MAI,2025-05-01,2.0,QUA,False,6.0,MANHA
2025-05-07,12:20:00,CRIMES CONTRA PATRIMÔNIO,CRIMES CONTRA PATRIMÔNIO: ROUBO: A PESSOA EM VIA PÚBLICA,ES,VITORIA,INHANGUETA,VIA PÚBLICA,roubos,patrimonial,2025.0,5.0,MAI,2025-05-01,2.0,QUA,False,12.0,TARDE
2025-05-07,19:30:00,CRIMES CONTRA PATRIMÔNIO,CRIMES CONTRA PATRIMÔNIO: ROUBO: A PESSOA EM VIA PÚBLICA,ES,VILA VELHA,OUTRO LOCAL,VIA PÚBLICA,roubos,patrimonial,2025.0,5.0,MAI,2025-05-01,2.0,QUA,False,19.0,NOITE
2025-05-07,Indeterminada,CRIMES CONTRA PATRIMÔNIO,CRIMES CONTRA PATRIMÔNIO: ROUBO: A PESSOA EM VIA PÚBLICA,ES,SERRA,NOVO HORIZONTE,VIA PÚBLICA,roubos,patrimonial,2025.0,5.0,MAI,2025-05-01,2.0,QUA,False,,
2025-05-07,06:56:00,CRIMES CONTRA PATRIMÔNIO,CRIMES CONTRA PATRIMÔNIO: ROUBO: A PESSOA EM VIA PÚBLICA,ES,SERRA,PARQUE RESIDENCIAL TUBARAO,VIA PÚBLICA,roubos,patrimonial,2025.0,5.0,MAI,2025-05-01,2.0,QUA,False,6.0,MANHA
2025-05-07,06:30:00,CRIMES CONTRA PATRIMÔNIO,CRIMES CONTRA PATRIMÔNIO: ROUBO: A PESSOA EM VIA PÚBLICA,ES,SERRA,PARQUE RESIDENCIAL TUBARAO,TRANSP POR APP,roubos,patrimonial,2025.0,5.0,MAI,2025-05-01,2.0,QUA,False,6.0,MANHA
2025-05-07,20:30:00,CRIMES CONTRA PATRIMÔNIO,CRIMES CONTRA PATRIMÔNIO: ROUBO: A PESSOA EM VIA PÚBLICA,ES,CACHOEIRO DE ITAPEMIRIM,CONDURU,VIA PÚBLICA,roubos,patrimonial,2025.0,5.0,MAI,2025-05-01,2.0,QUA,False,20.0,NOITE
2025-05-07,16:25:00,CRIMES CONTRA PATRIMÔNIO,CRIMES CONTRA PATRIMÔNIO: ROUBO: A PESSOA EM VIA PÚBLICA,ES,VITORIA,ILHA DO PRINCIPE,VIA PÚBLICA,roubos,patrimonial,2025.0,5.0,MAI,2025-05-01,2.0,QUA,False,16.0,TARDE
2025-05-07,23:00:00,CRIMES CONTRA PATRIMÔNIO,CRIMES CONTRA PATRIMÔNIO: ROUBO: EM TRANSPORTE COLETIVO,ES,CARIACICA,NOVA ROSA DA PENHA,RODOVIA FEDERAL,roubos,patrimonial,2025.0,5.0,MAI,2025-05-01,2.0,QUA,False,23.0,NOITE
2025-05-07,23:15:00,CRIMES CONTRA PATRIMÔNIO,CRIMES CONTRA PATRIMÔNIO: ROUBO: EM TRANSPORTE COLETIVO,ES,SERRA,CARAPINA,TRANSP COLETIVO,roubos,patrimonial,2025.0,5.0,MAI,2025-05-01,2.0,QUA,False,23.0,NOITE
2025-05-07,22:47:00,CRIMES CONTRA PATRIMÔNIO,CRIMES CONTRA PATRIMÔNIO: ROUBO: EM ESTABELECIMENTO COMERCIAL,ES,VILA VELHA,PRAIA DA COSTA,COMÉRCIO,roubos,patrimonial,2025.0,5.0,MAI,2025-05-01,2.0,QUA,False,22.0,NOITE
2025-05-08,06:15:00,CRIMES CONTRA PATRIMÔNIO,CRIMES CONTRA PATRIMÔNIO: ROUBO: A PESSOA EM VIA PÚBLICA,ES,VILA VELHA,COQUEIRAL DE ITAPARICA,VIA PÚBLICA,roubos,patrimonial,2025.0,5.0,MAI,2025-05-01,3.0,QUI,False,6.0,MANHA
2025-05-08,09:17:24,CRIMES CONTRA PATRIMÔNIO,CRIMES CONTRA PATRIMÔNIO: ROUBO: A PESSOA EM VIA PÚBLICA,ES,LINHARES,SAO JOSE,VIA PÚBLICA,roubos,patrimonial,2025.0,5.0,MAI,2025-05-01,3.0,QUI,False,9.0,MANHA
2025-05-08,Indeterminada,CRIMES CONTRA PATRIMÔNIO,CRIMES CONTRA PATRIMÔNIO: ROUBO: A PESSOA EM VIA PÚBLICA,ES,LINHARES,CENTRO,VIA PÚBLICA,roubos,patrimonial,2025.0,5.0,MAI,2025-05-01,3.0,QUI,False,,
2025-05-08,02:00:00,CRIMES CONTRA PATRIMÔNIO,CRIMES CONTRA PATRIMÔNIO: ROUBO: A PESSOA EM VIA PÚBLICA,ES,VITORIA,JUCUTUQUARA,VIA PÚBLICA,roubos,patrimonial,2025.0,5.0,MAI,2025-05-01,3.0,QUI,False,2.0,MADRUGADA
2025-05-08,06:30:00,CRIMES CONTRA PATRIMÔNIO,CRIMES CONTRA PATRIMÔNIO: ROUBO: A PESSOA EM VIA PÚBLICA,ES,SERRA,RESIDENCIAL JACARAIPE,OUTRO LOCAL,roubos,patrimonial,2025.0,5.0,MAI,2025-05-01,3.0,QUI,False,6.0,MANHA
2025-05-08,14:00:00,CRIMES CONTRA PATRIMÔNIO,CRIMES CONTRA PATRIMÔNIO: ROUBO: A PESSOA EM VIA PÚBLICA,ES,VITORIA,CENTRO,VIA PÚBLICA,roubos,patrimonial,2025.0,5.0,MAI,2025-05-01,3.0,QUI,False,14.0,TARDE
2025-05-08,18:00:00,CRIMES CONTRA PATRIMÔNIO,CRIMES CONTRA PATRIMÔNIO: ROUBO: A PESSOA EM VIA PÚBLICA,ES,GUARAPARI,MUQUICABA,VIA PÚBLICA,roubos,patrimonial,2025.0,5.0,MAI,2025-05-01,3.0,QUI,False,18.0,NOITE
2025-05-08,18:35:00,CRIMES CONTRA PATRIMÔNIO,CRIMES CONTRA PATRIMÔNIO: ROUBO: A PESSOA EM VIA PÚBLICA,ES,CARIACICA,VILA ISABEL,VIA PÚBLICA,roubos,patrimonial,2025.0,5.0,MAI,2025-05-01,3.0,QUI,False,18.0,NOITE
2025-05-08,18:30:00,CRIMES CONTRA PATRIMÔNIO,CRIMES CONTRA PATRIMÔNIO: ROUBO: A PESSOA EM VIA PÚBLICA,ES,CARIACICA,OPERARIO,VIA PÚBLICA,roubos,patrimonial,2025.0,5.0,MAI,2025-05-01,3.0,QUI,False,18.0,NOITE
2025-05-08,22:58:00,CRIMES CONTRA PATRIMÔNIO,CRIMES CONTRA PATRIMÔNIO: ROUBO: A PESSOA EM VIA PÚBLICA,ES,SERRA,PARQUE RESIDENCIAL LARANJEIRAS,VIA PÚBLICA,roubos,patrimonial,2025.0,5.0,MAI,2025-05-01,3.0,QUI,False,22.0,NOITE
2025-05-08,16:00:00,CRIMES CONTRA PATRIMÔNIO,CRIMES CONTRA PATRIMÔNIO: ROUBO: A PESSOA EM VIA PÚBLICA,ES,VILA VELHA,GLORIA,VIA PÚBLICA,roubos,patrimonial,2025.0,5.0,MAI,2025-05-01,3.0,QUI,False,16.0,TARDE
2025-05-08,18:15:00,CRIMES CONTRA PATRIMÔNIO,CRIMES CONTRA PATRIMÔNIO: ROUBO: A PESSOA EM VIA PÚBLICA,ES,CARIACICA,VILA MERLO,VIA PÚBLICA,roubos,patrimonial,2025.0,5.0,MAI,2025-05-01,3.0,QUI,False,18.0,NOITE
2025-05-08,21:20:00,CRIMES CONTRA PATRIMÔNIO,CRIMES CONTRA PATRIMÔNIO: ROUBO: A PESSOA EM VIA PÚBLICA,ES,VITORIA,BARRO VERMELHO,RODOVIA ESTADUAL,roubos,patrimonial,2025.0,5.0,MAI,2025-05-01,3.0,QUI,False,21.0,NOITE
2025-05-08,21:20:00,CRIMES CONTRA PATRIMÔNIO,CRIMES CONTRA PATRIMÔNIO: ROUBO: A PESSOA EM VIA PÚBLICA,ES,CARIACICA,NOVA ROSA DA PENHA,VIA PÚBLICA,roubos,patrimonial,2025.0,5.0,MAI,2025-05-01,3.0,QUI,False,21.0,NOITE
2025-05-08,17:50:00,CRIMES CONTRA PATRIMÔNIO,CRIMES CONTRA PATRIMÔNIO: ROUBO: A PESSOA EM VIA PÚBLICA,ES,LINHARES,JARDIM LAGUNA,VIA PÚBLICA,roubos,patrimonial,2025.0,5.0,MAI,2025-05-01,3.0,QUI,False,17.0,TARDE
2025-05-08,18:45:00,CRIMES CONTRA PATRIMÔNIO,CRIMES CONTRA PATRIMÔNIO: ROUBO: A PESSOA EM VIA PÚBLICA,ES,SERRA,NOVA CARAPINA I,VIA PÚBLICA,roubos,patrimonial,2025.0,5.0,MAI,2025-05-01,3.0,QUI,False,18.0,NOITE
2025-05-08,19:32:00,CRIMES CONTRA PATRIMÔNIO,CRIMES CONTRA PATRIMÔNIO: ROUBO: A PESSOA EM VIA PÚBLICA,ES,VILA VELHA,VALE ENCANTADO,VIA PÚBLICA,roubos,patrimonial,2025.0,5.0,MAI,2025-05-01,3.0,QUI,False,19.0,NOITE
2025-05-08,22:10:00,CRIMES CONTRA PATRIMÔNIO,CRIMES CONTRA PATRIMÔNIO: ROUBO: A PESSOA EM VIA PÚBLICA,ES,VILA VELHA,PRAIA DE ITAPARICA,VIA PÚBLICA,roubos,patrimonial,2025.0,5.0,MAI,2025-05-01,3.0,QUI,False,22.0,NOITE
2025-05-08,20:20:00,CRIMES CONTRA PATRIMÔNIO,CRIMES CONTRA PATRIMÔNIO: ROUBO: A PESSOA EM VIA PÚBLICA,ES,VITORIA,ANDORINHAS,VIA PÚBLICA,roubos,patrimonial,2025.0,5.0,MAI,2025-05-01,3.0,QUI,False,20.0,NOITE
2025-05-08,09:30:00,CRIMES CONTRA PATRIMÔNIO,CRIMES CONTRA PATRIMÔNIO: ROUBO: A PESSOA EM VIA PÚBLICA,ES,VITORIA,JARDIM CAMBURI,VIA PÚBLICA,roubos,patrimonial,2025.0,5.0,MAI,2025-05-01,3.0,QUI,False,9.0,MANHA
2025-05-08,05:15:00,CRIMES CONTRA PATRIMÔNIO,CRIMES CONTRA PATRIMÔNIO: ROUBO: A PESSOA EM VIA PÚBLICA,ES,VILA VELHA,COQUEIRAL DE ITAPARICA,VIA PÚBLICA,roubos,patrimonial,2025.0,5.0,MAI,2025-05-01,3.0,QUI,False,5.0,MADRUGADA
2025-05-08,23:30:00,CRIMES CONTRA PATRIMÔNIO,CRIMES CONTRA PATRIMÔNIO: ROUBO: EM TRANSPORTE COLETIVO,ES,CARIACICA,NOVA ROSA DA PENHA,TRANSP COLETIVO,roubos,patrimonial,2025.0,5.0,MAI,2025-05-01,3.0,QUI,False,23.0,NOITE
2025-05-08,11:11:00,CRIMES CONTRA PATRIMÔNIO,CRIMES CONTRA PATRIMÔNIO: ROUBO: EM RESIDÊNCIA/CONDOMÍNIO,ES,VILA VELHA,CRISTOVAO COLOMBO,RESIDÊNCIA,roubos,patrimonial,2025.0,5.0,MAI,2025-05-01,3.0,QUI,False,11.0,MANHA
2025-05-08,10:49:00,CRIMES CONTRA PATRIMÔNIO,CRIMES CONTRA PATRIMÔNIO: ROUBO: EM RESIDÊNCIA/CONDOMÍNIO,ES,JAGUARE,AGUA LIMPA,RESIDÊNCIA,roubos,patrimonial,2025.0,5.0,MAI,2025-05-01,3.0,QUI,False,10.0,MANHA
2025-05-09,03:17:00,CRIMES CONTRA PATRIMÔNIO,CRIMES CONTRA PATRIMÔNIO: ROUBO: A PESSOA EM VIA PÚBLICA,ES,CACHOEIRO DE ITAPEMIRIM,GUANDU,VIA PÚBLICA,roubos,patrimonial,2025.0,5.0,MAI,2025-05-01,4.0,SEX,False,3.0,MADRUGADA
2025-05-09,04:20:00,CRIMES CONTRA PATRIMÔNIO,CRIMES CONTRA PATRIMÔNIO: ROUBO: A PESSOA EM VIA PÚBLICA,ES,CARIACICA,PORTO DE CARIACICA,VIA PÚBLICA,roubos,patrimonial,2025.0,5.0,MAI,2025-05-01,4.0,SEX,False,4.0,MADRUGADA
2025-05-09,06:40:00,CRIMES CONTRA PATRIMÔNIO,CRIMES CONTRA PATRIMÔNIO: ROUBO: A PESSOA EM VIA PÚBLICA,ES,CARIACICA,BELA AURORA,VIA PÚBLICA,roubos,patrimonial,2025.0,5.0,MAI,2025-05-01,4.0,SEX,False,6.0,MANHA
2025-05-09,07:00:00,CRIMES CONTRA PATRIMÔNIO,CRIMES CONTRA PATRIMÔNIO: ROUBO: A PESSOA EM VIA PÚBLICA,ES,SERRA,SERRA DOURADA II,VIA PÚBLICA,roubos,patrimonial,2025.0,5.0,MAI,2025-05-01,4.0,SEX,False,7.0,MANHA
2025-05-09,11:03:00,CRIMES CONTRA PATRIMÔNIO,CRIMES CONTRA PATRIMÔNIO: ROUBO: A PESSOA EM VIA PÚBLICA,ES,LINHARES,ZONA RURAL,RODOVIA FEDERAL,roubos,patrimonial,2025.0,5.0,MAI,2025-05-01,4.0,SEX,False,11.0,MANHA
2025-05-09,11:40:00,CRIMES CONTRA PATRIMÔNIO,CRIMES CONTRA PATRIMÔNIO: ROUBO: A PESSOA EM VIA PÚBLICA,ES,LINHARES,LAGOA DO MEIO,VIA PÚBLICA,roubos,patrimonial,2025.0,5.0,MAI,2025-05-01,4.0,SEX,False,11.0,MANHA
2025-05-09,05:25:00,CRIMES CONTRA PATRIMÔNIO,CRIMES CONTRA PATRIMÔNIO: ROUBO: A PESSOA EM VIA PÚBLICA,ES,VILA VELHA,COBILANDIA,VIA PÚBLICA,roubos,patrimonial,2025.0,5.0,MAI,2025-05-01,4.0,SEX,False,5.0,MADRUGADA
2025-05-09,05:00:00,CRIMES CONTRA PATRIMÔNIO,CRIMES CONTRA PATRIMÔNIO: ROUBO: A PESSOA EM VIA PÚBLICA,ES,VILA VELHA,VILA BATISTA,VIA PÚBLICA,roubos,patrimonial,2025.0,5.0,MAI,2025-05-01,4.0,SEX,False,5.0,MADRUGADA
2025-05-09,15:00:00,CRIMES CONTRA PATRIMÔNIO,CRIMES CONTRA PATRIMÔNIO: ROUBO: A PESSOA EM VIA PÚBLICA,ES,CARIACICA,PORTO DE SANTANA,VIA PÚBLICA,roubos,patrimonial,2025.0,5.0,MAI,2025-05-01,4.0,SEX,False,15.0,TARDE
2025-05-09,Indeterminada,CRIMES CONTRA PATRIMÔNIO,CRIMES CONTRA PATRIMÔNIO: ROUBO: A PESSOA EM VIA PÚBLICA,ES,SERRA,TAQUARA II,VIA PÚBLICA,roubos,patrimonial,2025.0,5.0,MAI,2025-05-01,4.0,SEX,False,,
2025-05-09,20:00:00,CRIMES CONTRA PATRIMÔNIO,CRIMES CONTRA PATRIMÔNIO: ROUBO: A PESSOA EM VIA PÚBLICA,ES,VIANA,CAMPO VERDE,VIA PÚBLICA,roubos,patrimonial,2025.0,5.0,MAI,2025-05-01,4.0,SEX,False,20.0,NOITE
2025-05-09,22:00:00,CRIMES CONTRA PATRIMÔNIO,CRIMES CONTRA PATRIMÔNIO: ROUBO: A PESSOA EM VIA PÚBLICA,ES,SERRA,PARQUE RESIDENCIAL LARANJEIRAS,VIA PÚBLICA,roubos,patrimonial,2025.0,5.0,MAI,2025-05-01,4.0,SEX,False,22.0,NOITE
2025-05-09,21:00:00,CRIMES CONTRA PATRIMÔNIO,CRIMES CONTRA PATRIMÔNIO: ROUBO: A PESSOA EM VIA PÚBLICA,ES,VITORIA,PARQUE MOSCOSO,VIA PÚBLICA,roubos,patrimonial,2025.0,5.0,MAI,2025-05-01,4.0,SEX,False,21.0,NOITE
2025-05-09,05:30:00,CRIMES CONTRA PATRIMÔNIO,CRIMES CONTRA PATRIMÔNIO: ROUBO: A PESSOA EM VIA PÚBLICA,ES,CARIACICA,NOVO BRASIL,VIA PÚBLICA,roubos,patrimonial,2025.0,5.0,MAI,2025-05-01,4.0,SEX,False,5.0,MADRUGADA
2025-05-09,21:00:00,CRIMES CONTRA PATRIMÔNIO,CRIMES CONTRA PATRIMÔNIO: ROUBO: A PESSOA EM VIA PÚBLICA,ES,CARIACICA,ROSA DA PENHA,VIA PÚBLICA,roubos,patrimonial,2025.0,5.0,MAI,2025-05-01,4.0,SEX,False,21.0,NOITE
2025-05-09,11:00:00,CRIMES CONTRA PATRIMÔNIO,CRIMES CONTRA PATRIMÔNIO: ROUBO: A PESSOA EM VIA PÚBLICA,ES,VITORIA,JARDIM CAMBURI,VIA PÚBLICA,roubos,patrimonial,2025.0,5.0,MAI,2025-05-01,4.0,SEX,False,11.0,MANHA
2025-05-09,21:00:00,CRIMES CONTRA PATRIMÔNIO,CRIMES CONTRA PATRIMÔNIO: ROUBO: A PESSOA EM VIA PÚBLICA,ES,VITORIA,CENTRO,REPARTICAO PUBLICA,roubos,patrimonial,2025.0,5.0,MAI,2025-05-01,4.0,SEX,False,21.0,NOITE
2025-05-09,05:10:00,CRIMES CONTRA PATRIMÔNIO,CRIMES CONTRA PATRIMÔNIO: ROUBO: A PESSOA EM VIA PÚBLICA,ES,CARIACICA,VISTA DOURADA,VIA PÚBLICA,roubos,patrimonial,2025.0,5.0,MAI,2025-05-01,4.0,SEX,False,5.0,MADRUGADA
2025-05-09,04:55:00,CRIMES CONTRA PATRIMÔNIO,CRIMES CONTRA PATRIMÔNIO: ROUBO: A PESSOA EM VIA PÚBLICA,ES,CARIACICA,NOVO HORIZONTE,VIA PÚBLICA,roubos,patrimonial,2025.0,5.0,MAI,2025-05-01,4.0,SEX,False,4.0,MADRUGADA
2025-05-09,15:00:00,CRIMES CONTRA PATRIMÔNIO,CRIMES CONTRA PATRIMÔNIO: ROUBO: A PESSOA EM VIA PÚBLICA,ES,CARIACICA,NOVA BRASILIA,VIA PÚBLICA,roubos,patrimonial,2025.0,5.0,MAI,2025-05-01,4.0,SEX,False,15.0,TARDE
2025-05-09,04:30:00,CRIMES CONTRA PATRIMÔNIO,CRIMES CONTRA PATRIMÔNIO: ROUBO: A PESSOA EM VIA PÚBLICA,ES,CARIACICA,PORTO DE CARIACICA,VIA PÚBLICA,roubos,patrimonial,2025.0,5.0,MAI,2025-05-01,4.0,SEX,False,4.0,MADRUGADA
2025-05-09,05:10:00,CRIMES CONTRA PATRIMÔNIO,CRIMES CONTRA PATRIMÔNIO: ROUBO: A PESSOA EM VIA PÚBLICA,ES,VILA VELHA,CHACARA DO CONDE,VIA PÚBLICA,roubos,patrimonial,2025.0,5.0,MAI,2025-05-01,4.0,SEX,False,5.0,MADRUGADA
2025-05-09,12:00:00,CRIMES CONTRA PATRIMÔNIO,CRIMES CONTRA PATRIMÔNIO: ROUBO: A PESSOA EM VIA PÚBLICA,ES,VILA VELHA,JOCKEY DE ITAPARICA,VIA PÚBLICA,roubos,patrimonial,2025.0,5.0,MAI,2025-05-01,4.0,SEX,False,12.0,TARDE
2025-05-09,12:00:00,CRIMES CONTRA PATRIMÔNIO,CRIMES CONTRA PATRIMÔNIO: ROUBO: A PESSOA EM VIA PÚBLICA,ES,VITORIA,REPUBLICA,VIA PÚBLICA,roubos,patrimonial,2025.0,5.0,MAI,2025-05-01,4.0,SEX,False,12.0,TARDE
2025-05-09,06:25:00,CRIMES CONTRA PATRIMÔNIO,CRIMES CONTRA PATRIMÔNIO: ROUBO: A PESSOA EM VIA PÚBLICA,ES,VILA VELHA,ARACAS,VIA PÚBLICA,roubos,patrimonial,2025.0,5.0,MAI,2025-05-01,4.0,SEX,False,6.0,MANHA
2025-05-09,18:20:00,CRIMES CONTRA PATRIMÔNIO,CRIMES CONTRA PATRIMÔNIO: ROUBO: A PESSOA EM VIA PÚBLICA,ES,GUARAPARI,SETIBA,VIA PÚBLICA,roubos,patrimonial,2025.0,5.0,MAI,2025-05-01,4.0,SEX,False,18.0,NOITE
2025-05-09,04:55:00,CRIMES CONTRA PATRIMÔNIO,CRIMES CONTRA PATRIMÔNIO: ROUBO: A PESSOA EM VIA PÚBLICA,ES,CARIACICA,VISTA MAR,OUTRO LOCAL,roubos,patrimonial,2025.0,5.0,MAI,2025-05-01,4.0,SEX,False,4.0,MADRUGADA
2025-05-09,22:30:00,CRIMES CONTRA PATRIMÔNIO,CRIMES CONTRA PATRIMÔNIO: ROUBO: A PESSOA EM VIA PÚBLICA,ES,CARIACICA,VISTA MAR,VIA PÚBLICA,roubos,patrimonial,2025.0,5.0,MAI,2025-05-01,4.0,SEX,False,22.0,NOITE
2025-05-09,10:30:00,CRIMES CONTRA PATRIMÔNIO,CRIMES CONTRA PATRIMÔNIO: ROUBO: A PESSOA EM VIA PÚBLICA,ES,SERRA,PARQUE RESIDENCIAL LARANJEIRAS,OUTRO LOCAL,roubos,patrimonial,2025.0,5.0,MAI,2025-05-01,4.0,SEX,False,10.0,MANHA
2025-05-09,09:00:00,CRIMES CONTRA PATRIMÔNIO,CRIMES CONTRA PATRIMÔNIO: ROUBO: A PESSOA EM VIA PÚBLICA,ES,GUARAPARI,PRAIA DO MORRO,VIA PÚBLICA,roubos,patrimonial,2025.0,5.0,MAI,2025-05-01,4.0,SEX,False,9.0,MANHA
2025-05-09,10:30:00,CRIMES CONTRA PATRIMÔNIO,CRIMES CONTRA PATRIMÔNIO: ROUBO: A PESSOA EM VIA PÚBLICA,ES,SERRA,PARQUE RESIDENCIAL LARANJEIRAS,VIA PÚBLICA,roubos,patrimonial,2025.0,5.0,MAI,2025-05-01,4.0,SEX,False,10.0,MANHA
2025-05-09,04:30:00,CRIMES CONTRA PATRIMÔNIO,CRIMES CONTRA PATRIMÔNIO: ROUBO: A PESSOA EM VIA PÚBLICA,ES,SERRA,BALNEARIO DE CARAPEBUS,VIA PÚBLICA,roubos,patrimonial,2025.0,5.0,MAI,2025-05-01,4.0,SEX,False,4.0,MADRUGADA
2025-05-09,17:30:00,CRIMES CONTRA PATRIMÔNIO,CRIMES CONTRA PATRIMÔNIO: ROUBO: A PESSOA EM VIA PÚBLICA,ES,SERRA,RESIDENCIAL CENTRO DA SERRA,VIA PÚBLICA,roubos,patrimonial,2025.0,5.0,MAI,2025-05-01,4.0,SEX,False,17.0,TARDE
2025-05-09,12:00:00,CRIMES CONTRA PATRIMÔNIO,CRIMES CONTRA PATRIMÔNIO: ROUBO: A PESSOA EM VIA PÚBLICA,ES,LINHARES,CENTRO,VIA PÚBLICA,roubos,patrimonial,2025.0,5.0,MAI,2025-05-01,4.0,SEX,False,12.0,TARDE
2025-05-09,12:00:00,CRIMES CONTRA PATRIMÔNIO,CRIMES CONTRA PATRIMÔNIO: ROUBO: A PESSOA EM VIA PÚBLICA,ES,LINHARES,CENTRO,VIA PÚBLICA,roubos,patrimonial,2025.0,5.0,MAI,2025-05-01,4.0,SEX,False,12.0,TARDE
2025-05-09,18:20:00,CRIMES CONTRA PATRIMÔNIO,CRIMES CONTRA PATRIMÔNIO: ROUBO: A PESSOA EM VIA PÚBLICA,ES,CARIACICA,VILA MERLO,VIA PÚBLICA,roubos,patrimonial,2025.0,5.0,MAI,2025-05-01,4.0,SEX,False,18.0,NOITE
2025-05-09,22:40:00,CRIMES CONTRA PATRIMÔNIO,CRIMES CONTRA PATRIMÔNIO: ROUBO: A PESSOA EM VIA PÚBLICA,ES,CARIACICA,SAO FRANCISCO,OUTRO LOCAL,roubos,patrimonial,2025.0,5.0,MAI,2025-05-01,4.0,SEX,False,22.0,NOITE
2025-05-09,05:10:00,CRIMES CONTRA PATRIMÔNIO,CRIMES CONTRA PATRIMÔNIO: ROUBO: A PESSOA EM VIA PÚBLICA,ES,VILA VELHA,PAUL,VIA PÚBLICA,roubos,patrimonial,2025.0,5.0,MAI,2025-05-01,4.0,SEX,False,5.0,MADRUGADA
2025-05-09,22:30:00,CRIMES CONTRA PATRIMÔNIO,CRIMES CONTRA PATRIMÔNIO: ROUBO: A PESSOA EM VIA PÚBLICA,ES,SERRA,JARDIM LIMOEIRO,VIA PÚBLICA,roubos,patrimonial,2025.0,5.0,MAI,2025-05-01,4.0,SEX,False,22.0,NOITE
2025-05-09,10:30:00,CRIMES CONTRA PATRIMÔNIO,CRIMES CONTRA PATRIMÔNIO: ROUBO: A PESSOA EM VIA PÚBLICA,ES,VILA VELHA,COQUEIRAL DE ITAPARICA,VIA PÚBLICA,roubos,patrimonial,2025.0,5.0,MAI,2025-05-01,4.0,SEX,False,10.0,MANHA
2025-05-09,14:00:00,CRIMES CONTRA PATRIMÔNIO,CRIMES CONTRA PATRIMÔNIO: ROUBO: A PESSOA EM VIA PÚBLICA,ES,SERRA,HELIO FERRAZ,VIA PÚBLICA,roubos,patrimonial,2025.0,5.0,MAI,2025-05-01,4.0,SEX,False,14.0,TARDE
2025-05-09,15:30:00,CRIMES CONTRA PATRIMÔNIO,CRIMES CONTRA PATRIMÔNIO: ROUBO: EM TRANSPORTE COLETIVO,ES,CARIACICA,ITACIBA,OUTRO LOCAL,roubos,patrimonial,2025.0,5.0,MAI,2025-05-01,4.0,SEX,False,15.0,TARDE
2025-05-09,11:00:00,CRIMES CONTRA PATRIMÔNIO,CRIMES CONTRA PATRIMÔNIO: ROUBO: EM TRANSPORTE COLETIVO,ES,CARIACICA,OUTRO LOCAL,RODOVIA FEDERAL,roubos,patrimonial,2025.0,5.0,MAI,2025-05-01,4.0,SEX,False,11.0,MANHA
2025-05-09,09:50:00,CRIMES CONTRA PATRIMÔNIO,CRIMES CONTRA PATRIMÔNIO: ROUBO: EM TRANSPORTE COLETIVO,ES,CARIACICA,FLEXAL II,VEÍCULO,roubos,patrimonial,2025.0,5.0,MAI,2025-05-01,4.0,SEX,False,9.0,MANHA
2025-05-10,08:32:00,CRIMES CONTRA PATRIMÔNIO,CRIMES CONTRA PATRIMÔNIO: ROUBO: A PESSOA EM VIA PÚBLICA,ES,VILA VELHA,JARDIM COLORADO,VIA PÚBLICA,roubos,patrimonial,2025.0,5.0,MAI,2025-05-01,5.0,SAB,True,8.0,MANHA
2025-05-10,13:00:00,CRIMES CONTRA PATRIMÔNIO,CRIMES CONTRA PATRIMÔNIO: ROUBO: A PESSOA EM VIA PÚBLICA,ES,VILA VELHA,ALECRIM,VIA PÚBLICA,roubos,patrimonial,2025.0,5.0,MAI,2025-05-01,5.0,SAB,True,13.0,TARDE
2025-05-10,17:20:00,CRIMES CONTRA PATRIMÔNIO,CRIMES CONTRA PATRIMÔNIO: ROUBO: A PESSOA EM VIA PÚBLICA,ES,GOVERNADOR LINDENBERG,NOVO BRASIL,RESIDÊNCIA,roubos,patrimonial,2025.0,5.0,MAI,2025-05-01,5.0,SAB,True,17.0,TARDE
2025-05-10,21:33:00,CRIMES CONTRA PATRIMÔNIO,CRIMES CONTRA PATRIMÔNIO: ROUBO: A PESSOA EM VIA PÚBLICA,ES,VITORIA,CENTRO,VIA PÚBLICA,roubos,patrimonial,2025.0,5.0,MAI,2025-05-01,5.0,SAB,True,21.0,NOITE
2025-05-10,19:57:00,CRIMES CONTRA PATRIMÔNIO,CRIMES CONTRA PATRIMÔNIO: ROUBO: A PESSOA EM VIA PÚBLICA,ES,CACHOEIRO DE ITAPEMIRIM,CORONEL BORGES,VIA PÚBLICA,roubos,patrimonial,2025.0,5.0,MAI,2025-05-01,5.0,SAB,True,19.0,NOITE
2025-05-10,23:00:00,CRIMES CONTRA PATRIMÔNIO,CRIMES CONTRA PATRIMÔNIO: ROUBO: A PESSOA EM VIA PÚBLICA,ES,CARIACICA,OUTRO LOCAL,VIA PÚBLICA,roubos,patrimonial,2025.0,5.0,MAI,2025-05-01,5.0,SAB,True,23.0,NOITE
2025-05-10,05:40:00,CRIMES CONTRA PATRIMÔNIO,CRIMES CONTRA PATRIMÔNIO: ROUBO: A PESSOA EM VIA PÚBLICA,ES,CARIACICA,CAMPO VERDE,VIA PÚBLICA,roubos,patrimonial,2025.0,5.0,MAI,2025-05-01,5.0,SAB,True,5.0,MADRUGADA
2025-05-10,05:00:00,CRIMES CONTRA PATRIMÔNIO,CRIMES CONTRA PATRIMÔNIO: ROUBO: A PESSOA EM VIA PÚBLICA,ES,VITORIA,JARDIM DA PENHA,OUTRO LOCAL,roubos,patrimonial,2025.0,5.0,MAI,2025-05-01,5.0,SAB,True,5.0,MADRUGADA
2025-05-10,00:30:00,CRIMES CONTRA PATRIMÔNIO,CRIMES CONTRA PATRIMÔNIO: ROUBO: A PESSOA EM VIA PÚBLICA,ES,VILA VELHA,NOVO MEXICO,VIA PÚBLICA,roubos,patrimonial,2025.0,5.0,MAI,2025-05-01,5.0,SAB,True,0.0,MADRUGADA
2025-05-10,16:30:00,CRIMES CONTRA PATRIMÔNIO,CRIMES CONTRA PATRIMÔNIO: ROUBO: A PESSOA EM VIA PÚBLICA,ES,CACHOEIRO DE ITAPEMIRIM,INDEPENDENCIA,VIA PÚBLICA,roubos,patrimonial,2025.0,5.0,MAI,2025-05-01,5.0,SAB,True,16.0,TARDE
2025-05-10,20:30:00,CRIMES CONTRA PATRIMÔNIO,CRIMES CONTRA PATRIMÔNIO: ROUBO: A PESSOA EM VIA PÚBLICA,ES,VILA VELHA,PRAIA DE ITAPARICA,VIA PÚBLICA,roubos,patrimonial,2025.0,5.0,MAI,2025-05-01,5.0,SAB,True,20.0,NOITE
2025-05-10,12:00:00,CRIMES CONTRA PATRIMÔNIO,CRIMES CONTRA PATRIMÔNIO: ROUBO: A PESSOA EM VIA PÚBLICA,ES,VITORIA,JARDIM DA PENHA,VIA PÚBLICA,roubos,patrimonial,2025.0,5.0,MAI,2025-05-01,5.0,SAB,True,12.0,TARDE
2025-05-10,20:00:00,CRIMES CONTRA PATRIMÔNIO,CRIMES CONTRA PATRIMÔNIO: ROUBO: A PESSOA EM VIA PÚBLICA,ES,SERRA,NOVO HORIZONTE,VIA PÚBLICA,roubos,patrimonial,2025.0,5.0,MAI,2025-05-01,5.0,SAB,True,20.0,NOITE
2025-05-10,Indeterminada,CRIMES CONTRA PATRIMÔNIO,CRIMES CONTRA PATRIMÔNIO: ROUBO: A PESSOA EM VIA PÚBLICA,ES,JOAO NEIVA,OUTRO LOCAL,VIA PÚBLICA,roubos,patrimonial,2025.0,5.0,MAI,2025-05-01,5.0,SAB,True,,
2025-05-10,02:30:00,CRIMES CONTRA PATRIMÔNIO,CRIMES CONTRA PATRIMÔNIO: ROUBO: A PESSOA EM VIA PÚBLICA,ES,SERRA,VALPARAISO,VIA PÚBLICA,roubos,patrimonial,2025.0,5.0,MAI,2025-05-01,5.0,SAB,True,2.0,MADRUGADA
2025-05-10,23:00:00,CRIMES CONTRA PATRIMÔNIO,CRIMES CONTRA PATRIMÔNIO: ROUBO: A PESSOA EM VIA PÚBLICA,ES,VILA VELHA,COCAL,VIA PÚBLICA,roubos,patrimonial,2025.0,5.0,MAI,2025-05-01,5.0,SAB,True,23.0,NOITE
2025-05-10,17:30:00,CRIMES CONTRA PATRIMÔNIO,CRIMES CONTRA PATRIMÔNIO: ROUBO: A PESSOA EM VIA PÚBLICA,ES,CARIACICA,PORTO DE SANTANA,VIA PÚBLICA,roubos,patrimonial,2025.0,5.0,MAI,2025-05-01,5.0,SAB,True,17.0,TARDE
2025-05-10,03:20:00,CRIMES CONTRA PATRIMÔNIO,CRIMES CONTRA PATRIMÔNIO: ROUBO: A PESSOA EM VIA PÚBLICA,ES,VILA VELHA,ITAPOA,OUTRO LOCAL,roubos,patrimonial,2025.0,5.0,MAI,2025-05-01,5.0,SAB,True,3.0,MADRUGADA
2025-05-10,22:30:00,CRIMES CONTRA PATRIMÔNIO,CRIMES CONTRA PATRIMÔNIO: ROUBO: A PESSOA EM VIA PÚBLICA,ES,VILA VELHA,COBILANDIA,VIA PÚBLICA,roubos,patrimonial,2025.0,5.0,MAI,2025-05-01,5.0,SAB,True,22.0,NOITE
2025-05-10,19:00:00,CRIMES CONTRA PATRIMÔNIO,CRIMES CONTRA PATRIMÔNIO: ROUBO: A PESSOA EM VIA PÚBLICA,ES,VILA VELHA,ALVORADA,VIA PÚBLICA,roubos,patrimonial,2025.0,5.0,MAI,2025-05-01,5.0,SAB,True,19.0,NOITE
2025-05-10,11:10:00,CRIMES CONTRA PATRIMÔNIO,CRIMES CONTRA PATRIMÔNIO: ROUBO: A PESSOA EM VIA PÚBLICA,ES,VILA VELHA,JOCKEY DE ITAPARICA,VIA PÚBLICA,roubos,patrimonial,2025.0,5.0,MAI,2025-05-01,5.0,SAB,True,11.0,MANHA
2025-05-10,14:00:00,CRIMES CONTRA PATRIMÔNIO,CRIMES CONTRA PATRIMÔNIO: ROUBO: A PESSOA EM VIA PÚBLICA,ES,CARIACICA,CAMPO GRANDE,VIA PÚBLICA,roubos,patrimonial,2025.0,5.0,MAI,2025-05-01,5.0,SAB,True,14.0,TARDE
2025-05-10,19:30:00,CRIMES CONTRA PATRIMÔNIO,CRIMES CONTRA PATRIMÔNIO: ROUBO: A PESSOA EM VIA PÚBLICA,ES,SERRA,NOVO HORIZONTE,VIA PÚBLICA,roubos,patrimonial,2025.0,5.0,MAI,2025-05-01,5.0,SAB,True,19.0,NOITE
2025-05-10,05:10:00,CRIMES CONTRA PATRIMÔNIO,CRIMES CONTRA PATRIMÔNIO: ROUBO: A PESSOA EM VIA PÚBLICA,ES,VILA VELHA,CENTRO VILA VELHA,VIA PÚBLICA,roubos,patrimonial,2025.0,5.0,MAI,2025-05-01,5.0,SAB,True,5.0,MADRUGADA
2025-05-10,22:00:00,CRIMES CONTRA PATRIMÔNIO,CRIMES CONTRA PATRIMÔNIO: ROUBO: A PESSOA EM VIA PÚBLICA,ES,SERRA,CIDADE POMAR,VIA PÚBLICA,roubos,patrimonial,2025.0,5.0,MAI,2025-05-01,5.0,SAB,True,22.0,NOITE
2025-05-10,16:20:00,CRIMES CONTRA PATRIMÔNIO,CRIMES CONTRA PATRIMÔNIO: ROUBO: EM TRANSPORTE COLETIVO,ES,SERRA,PARQUE RESIDENCIAL LARANJEIRAS,TRANSP COLETIVO,roubos,patrimonial,2025.0,5.0,MAI,2025-05-01,5.0,SAB,True,16.0,TARDE
2025-05-10,13:00:00,CRIMES CONTRA PATRIMÔNIO,CRIMES CONTRA PATRIMÔNIO: ROUBO: EM ESTABELECIMENTO COMERCIAL,ES,SERRA,PORTO CANOA,COMÉRCIO,roubos,patrimonial,2025.0,5.0,MAI,2025-05-01,5.0,SAB,True,13.0,TARDE
2025-05-11,06:30:00,CRIMES CONTRA PATRIMÔNIO,CRIMES CONTRA PATRIMÔNIO: ROUBO: A PESSOA EM VIA PÚBLICA,ES,LINHARES,AVISO,VIA PÚBLICA,roubos,patrimonial,2025.0,5.0,MAI,2025-05-01,6.0,DOM,True,6.0,MANHA
2025-05-11,01:30:00,CRIMES CONTRA PATRIMÔNIO,CRIMES CONTRA PATRIMÔNIO: ROUBO: A PESSOA EM VIA PÚBLICA,ES,CARIACICA,PLANETA,VIA PÚBLICA,roubos,patrimonial,2025.0,5.0,MAI,2025-05-01,6.0,DOM,True,1.0,MADRUGADA
2025-05-11,14:00:00,CRIMES CONTRA PATRIMÔNIO,CRIMES CONTRA PATRIMÔNIO: ROUBO: A PESSOA EM VIA PÚBLICA,ES,FUNDAO,PRAIA GRANDE,VIA PÚBLICA,roubos,patrimonial,2025.0,5.0,MAI,2025-05-01,6.0,DOM,True,14.0,TARDE
2025-05-11,05:00:00,CRIMES CONTRA PATRIMÔNIO,CRIMES CONTRA PATRIMÔNIO: ROUBO: A PESSOA EM VIA PÚBLICA,ES,VILA VELHA,DOM JOAO BATISTA,VIA PÚBLICA,roubos,patrimonial,2025.0,5.0,MAI,2025-05-01,6.0,DOM,True,5.0,MADRUGADA
2025-05-11,20:00:00,CRIMES CONTRA PATRIMÔNIO,CRIMES CONTRA PATRIMÔNIO: ROUBO: A PESSOA EM VIA PÚBLICA,ES,VITORIA,ILHA DE SANTA MARIA,VIA PÚBLICA,roubos,patrimonial,2025.0,5.0,MAI,2025-05-01,6.0,DOM,True,20.0,NOITE
2025-05-11,22:40:00,CRIMES CONTRA PATRIMÔNIO,CRIMES CONTRA PATRIMÔNIO: ROUBO: A PESSOA EM VIA PÚBLICA,ES,SERRA,EURICO SALLES,VEÍCULO,roubos,patrimonial,2025.0,5.0,MAI,2025-05-01,6.0,DOM,True,22.0,NOITE
2025-05-11,03:30:00,CRIMES CONTRA PATRIMÔNIO,CRIMES CONTRA PATRIMÔNIO: ROUBO: A PESSOA EM VIA PÚBLICA,ES,CACHOEIRO DE ITAPEMIRIM,ILHA DA LUZ,VIA PÚBLICA,roubos,patrimonial,2025.0,5.0,MAI,2025-05-01,6.0,DOM,True,3.0,MADRUGADA
2025-05-11,18:00:00,CRIMES CONTRA PATRIMÔNIO,CRIMES CONTRA PATRIMÔNIO: ROUBO: A PESSOA EM VIA PÚBLICA,ES,CARIACICA,VILA ISABEL,VIA PÚBLICA,roubos,patrimonial,2025.0,5.0,MAI,2025-05-01,6.0,DOM,True,18.0,NOITE
2025-05-11,18:40:00,CRIMES CONTRA PATRIMÔNIO,CRIMES CONTRA PATRIMÔNIO: ROUBO: A PESSOA EM VIA PÚBLICA,ES,CARIACICA,CARIACICA SEDE,VIA PÚBLICA,roubos,patrimonial,2025.0,5.0,MAI,2025-05-01,6.0,DOM,True,18.0,NOITE
2025-05-11,14:50:00,CRIMES CONTRA PATRIMÔNIO,CRIMES CONTRA PATRIMÔNIO: ROUBO: A PESSOA EM VIA PÚBLICA,ES,SERRA,LARANJEIRAS VELHA,VIA PÚBLICA,roubos,patrimonial,2025.0,5.0,MAI,2025-05-01,6.0,DOM,True,14.0,TARDE
2025-05-11,22:40:00,CRIMES CONTRA PATRIMÔNIO,CRIMES CONTRA PATRIMÔNIO: ROUBO: A PESSOA EM VIA PÚBLICA,ES,VITORIA,VILA RUBIM,VIA PÚBLICA,roubos,patrimonial,2025.0,5.0,MAI,2025-05-01,6.0,DOM,True,22.0,NOITE
2025-05-11,04:30:00,CRIMES CONTRA PATRIMÔNIO,CRIMES CONTRA PATRIMÔNIO: ROUBO: A PESSOA EM VIA PÚBLICA,ES,VITORIA,CENTRO,OUTRO LOCAL,roubos,patrimonial,2025.0,5.0,MAI,2025-05-01,6.0,DOM,True,4.0,MADRUGADA
2025-05-11,22:20:00,CRIMES CONTRA PATRIMÔNIO,CRIMES CONTRA PATRIMÔNIO: ROUBO: A PESSOA EM VIA PÚBLICA,ES,SERRA,MORADA DE LARANJEIRAS,VIA PÚBLICA,roubos,patrimonial,2025.0,5.0,MAI,2025-05-01,6.0,DOM,True,22.0,NOITE
2025-05-11,22:40:00,CRIMES CONTRA PATRIMÔNIO,CRIMES CONTRA PATRIMÔNIO: ROUBO: A PESSOA EM VIA PÚBLICA,ES,SERRA,NOVA CARAPINA I,VIA PÚBLICA,roubos,patrimonial,2025.0,5.0,MAI,2025-05-01,6.0,DOM,True,22.0,NOITE
2025-05-11,17:48:00,CRIMES CONTRA PATRIMÔNIO,CRIMES CONTRA PATRIMÔNIO: ROUBO: A PESSOA EM VIA PÚBLICA,ES,LINHARES,PLANALTO,VIA PÚBLICA,roubos,patrimonial,2025.0,5.0,MAI,2025-05-01,6.0,DOM,True,17.0,TARDE
2025-05-11,08:15:00,CRIMES CONTRA PATRIMÔNIO,CRIMES CONTRA PATRIMÔNIO: ROUBO: A PESSOA EM VIA PÚBLICA,ES,SERRA,PARQUE RESIDENCIAL LARANJEIRAS,VIA PÚBLICA,roubos,patrimonial,2025.0,5.0,MAI,2025-05-01,6.0,DOM,True,8.0,MANHA
2025-05-11,20:00:00,CRIMES CONTRA PATRIMÔNIO,CRIMES CONTRA PATRIMÔNIO: ROUBO: A PESSOA EM VIA PÚBLICA,ES,SERRA,SAO DIOGO I,VIA PÚBLICA,roubos,patrimonial,2025.0,5.0,MAI,2025-05-01,6.0,DOM,True,20.0,NOITE
2025-05-11,22:40:00,CRIMES CONTRA PATRIMÔNIO,CRIMES CONTRA PATRIMÔNIO: ROUBO: EM ESTABELECIMENTO COMERCIAL,ES,ARACRUZ,DECARLI,COMÉRCIO,roubos,patrimonial,2025.0,5.0,MAI,2025-05-01,6.0,DOM,True,22.0,NOITE
2025-05-11,05:00:00,CRIMES CONTRA PATRIMÔNIO,CRIMES CONTRA PATRIMÔNIO: ROUBO: EM RESIDÊNCIA/CONDOMÍNIO,ES,SERRA,PARQUE RESIDENCIAL LARANJEIRAS,RESIDÊNCIA,roubos,patrimonial,2025.0,5.0,MAI,2025-05-01,6.0,DOM,True,5.0,MADRUGADA
2025-05-12,04:40:00,CRIMES CONTRA PATRIMÔNIO,CRIMES CONTRA PATRIMÔNIO: ROUBO: A PESSOA EM VIA PÚBLICA,ES,CARIACICA,CAMPO GRANDE,VIA PÚBLICA,roubos,patrimonial,2025.0,5.0,MAI,2025-05-01,0.0,SEG,False,4.0,MADRUGADA
2025-05-12,06:50:00,CRIMES CONTRA PATRIMÔNIO,CRIMES CONTRA PATRIMÔNIO: ROUBO: A PESSOA EM VIA PÚBLICA,ES,SERRA,VALPARAISO,VIA PÚBLICA,roubos,patrimonial,2025.0,5.0,MAI,2025-05-01,0.0,SEG,False,6.0,MANHA
2025-05-12,09:40:00,CRIMES CONTRA PATRIMÔNIO,CRIMES CONTRA PATRIMÔNIO: ROUBO: A PESSOA EM VIA PÚBLICA,ES,VITORIA,AEROPORTO,VIA PÚBLICA,roubos,patrimonial,2025.0,5.0,MAI,2025-05-01,0.0,SEG,False,9.0,MANHA
2025-05-12,11:00:00,CRIMES CONTRA PATRIMÔNIO,CRIMES CONTRA PATRIMÔNIO: ROUBO: A PESSOA EM VIA PÚBLICA,ES,CARIACICA,CAMPO GRANDE,VIA PÚBLICA,roubos,patrimonial,2025.0,5.0,MAI,2025-05-01,0.0,SEG,False,11.0,MANHA
2025-05-12,06:22:00,CRIMES CONTRA PATRIMÔNIO,CRIMES CONTRA PATRIMÔNIO: ROUBO: A PESSOA EM VIA PÚBLICA,ES,SERRA,NOVA CARAPINA I,VIA PÚBLICA,roubos,patrimonial,2025.0,5.0,MAI,2025-05-01,0.0,SEG,False,6.0,MANHA
2025-05-12,04:30:00,CRIMES CONTRA PATRIMÔNIO,CRIMES CONTRA PATRIMÔNIO: ROUBO: A PESSOA EM VIA PÚBLICA,ES,CARIACICA,GRAUNA,VIA PÚBLICA,roubos,patrimonial,2025.0,5.0,MAI,2025-05-01,0.0,SEG,False,4.0,MADRUGADA
2025-05-12,14:10:00,CRIMES CONTRA PATRIMÔNIO,CRIMES CONTRA PATRIMÔNIO: ROUBO: A PESSOA EM VIA PÚBLICA,ES,VITORIA,CENTRO,VIA PÚBLICA,roubos,patrimonial,2025.0,5.0,MAI,2025-05-01,0.0,SEG,False,14.0,TARDE
2025-05-12,04:00:00,CRIMES CONTRA PATRIMÔNIO,CRIMES CONTRA PATRIMÔNIO: ROUBO: A PESSOA EM VIA PÚBLICA,ES,CARIACICA,GRAUNA,VIA PÚBLICA,roubos,patrimonial,2025.0,5.0,MAI,2025-05-01,0.0,SEG,False,4.0,MADRUGADA
2025-05-12,18:17:00,CRIMES CONTRA PATRIMÔNIO,CRIMES CONTRA PATRIMÔNIO: ROUBO: A PESSOA EM VIA PÚBLICA,ES,GUACUI,CENTRO,VIA PÚBLICA,roubos,patrimonial,2025.0,5.0,MAI,2025-05-01,0.0,SEG,False,18.0,NOITE
2025-05-12,18:20:00,CRIMES CONTRA PATRIMÔNIO,CRIMES CONTRA PATRIMÔNIO: ROUBO: A PESSOA EM VIA PÚBLICA,ES,SERRA,CARAPINA,VIA PÚBLICA,roubos,patrimonial,2025.0,5.0,MAI,2025-05-01,0.0,SEG,False,18.0,NOITE
2025-05-12,13:20:00,CRIMES CONTRA PATRIMÔNIO,CRIMES CONTRA PATRIMÔNIO: ROUBO: A PESSOA EM VIA PÚBLICA,ES,VILA VELHA,DARLY SANTOS,AMBIENTE WEB,roubos,patrimonial,2025.0,5.0,MAI,2025-05-01,0.0,SEG,False,13.0,TARDE
2025-05-12,15:00:00,CRIMES CONTRA PATRIMÔNIO,CRIMES CONTRA PATRIMÔNIO: ROUBO: A PESSOA EM VIA PÚBLICA,ES,VITORIA,JARDIM CAMBURI,VIA PÚBLICA,roubos,patrimonial,2025.0,5.0,MAI,2025-05-01,0.0,SEG,False,15.0,TARDE
2025-05-12,20:00:00,CRIMES CONTRA PATRIMÔNIO,CRIMES CONTRA PATRIMÔNIO: ROUBO: A PESSOA EM VIA PÚBLICA,ES,SERRA,PARQUE RESIDENCIAL LARANJEIRAS,VIA PÚBLICA,roubos,patrimonial,2025.0,5.0,MAI,2025-05-01,0.0,SEG,False,20.0,NOITE
2025-05-12,18:30:00,CRIMES CONTRA PATRIMÔNIO,CRIMES CONTRA PATRIMÔNIO: ROUBO: A PESSOA EM VIA PÚBLICA,ES,SAO MATEUS,LITORANEO,VIA PÚBLICA,roubos,patrimonial,2025.0,5.0,MAI,2025-05-01,0.0,SEG,False,18.0,NOITE
2025-05-12,22:00:00,CRIMES CONTRA PATRIMÔNIO,CRIMES CONTRA PATRIMÔNIO: ROUBO: A PESSOA EM VIA PÚBLICA,ES,VILA VELHA,INDUSTRIAL,VIA PÚBLICA,roubos,patrimonial,2025.0,5.0,MAI,2025-05-01,0.0,SEG,False,22.0,NOITE
2025-05-12,15:00:00,CRIMES CONTRA PATRIMÔNIO,CRIMES CONTRA PATRIMÔNIO: ROUBO: A PESSOA EM VIA PÚBLICA,ES,VILA VELHA,COQUEIRAL DE ITAPARICA,VIA PÚBLICA,roubos,patrimonial,2025.0,5.0,MAI,2025-05-01,0.0,SEG,False,15.0,TARDE
2025-05-12,05:30:00,CRIMES CONTRA PATRIMÔNIO,CRIMES CONTRA PATRIMÔNIO: ROUBO: A PESSOA EM VIA PÚBLICA,ES,CARIACICA,OUTRO LOCAL,VEÍCULO,roubos,patrimonial,2025.0,5.0,MAI,2025-05-01,0.0,SEG,False,5.0,MADRUGADA
2025-05-12,14:10:00,CRIMES CONTRA PATRIMÔNIO,CRIMES CONTRA PATRIMÔNIO: ROUBO: A PESSOA EM VIA PÚBLICA,ES,VITORIA,CENTRO,VIA PÚBLICA,roubos,patrimonial,2025.0,5.0,MAI,2025-05-01,0.0,SEG,False,14.0,TARDE
2025-05-12,22:00:00,CRIMES CONTRA PATRIMÔNIO,CRIMES CONTRA PATRIMÔNIO: ROUBO: A PESSOA EM VIA PÚBLICA,ES,VILA VELHA,COCAL,VIA PÚBLICA,roubos,patrimonial,2025.0,5.0,MAI,2025-05-01,0.0,SEG,False,22.0,NOITE
2025-05-12,22:10:00,CRIMES CONTRA PATRIMÔNIO,CRIMES CONTRA PATRIMÔNIO: ROUBO: A PESSOA EM VIA PÚBLICA,ES,VILA VELHA,COCAL,VIA PÚBLICA,roubos,patrimonial,2025.0,5.0,MAI,2025-05-01,0.0,SEG,False,22.0,NOITE
2025-05-12,14:28:00,CRIMES CONTRA PATRIMÔNIO,CRIMES CONTRA PATRIMÔNIO: ROUBO: A PESSOA EM VIA PÚBLICA,ES,SERRA,JARDIM LIMOEIRO,VIA PÚBLICA,roubos,patrimonial,2025.0,5.0,MAI,2025-05-01,0.0,SEG,False,14.0,TARDE
2025-05-12,14:30:00,CRIMES CONTRA PATRIMÔNIO,CRIMES CONTRA PATRIMÔNIO: ROUBO: A PESSOA EM VIA PÚBLICA,ES,SERRA,JARDIM LIMOEIRO,VIA PÚBLICA,roubos,patrimonial,2025.0,5.0,MAI,2025-05-01,0.0,SEG,False,14.0,TARDE
2025-05-12,21:24:00,CRIMES CONTRA PATRIMÔNIO,CRIMES CONTRA PATRIMÔNIO: ROUBO: A PESSOA EM VIA PÚBLICA,ES,VILA VELHA,ARIBIRI,VIA PÚBLICA,roubos,patrimonial,2025.0,5.0,MAI,2025-05-01,0.0,SEG,False,21.0,NOITE
2025-05-12,06:10:00,CRIMES CONTRA PATRIMÔNIO,CRIMES CONTRA PATRIMÔNIO: ROUBO: A PESSOA EM VIA PÚBLICA,ES,SERRA,JARDIM LIMOEIRO,VIA PÚBLICA,roubos,patrimonial,2025.0,5.0,MAI,2025-05-01,0.0,SEG,False,6.0,MANHA
2025-05-12,20:15:00,CRIMES CONTRA PATRIMÔNIO,CRIMES CONTRA PATRIMÔNIO: ROUBO: EM TRANSPORTE COLETIVO,ES,VILA VELHA,JABURUNA,TRANSP COLETIVO,roubos,patrimonial,2025.0,5.0,MAI,2025-05-01,0.0,SEG,False,20.0,NOITE
2025-05-12,06:55:00,CRIMES CONTRA PATRIMÔNIO,CRIMES CONTRA PATRIMÔNIO: ROUBO: EM ESTABELECIMENTO COMERCIAL,ES,ARACRUZ,DECARLI,COMÉRCIO,roubos,patrimonial,2025.0,5.0,MAI,2025-05-01,0.0,SEG,False,6.0,MANHA
2025-05-12,18:20:00,CRIMES CONTRA PATRIMÔNIO,CRIMES CONTRA PATRIMÔNIO: ROUBO: EM ESTABELECIMENTO COMERCIAL,ES,CARIACICA,SANTA BARBARA,COMÉRCIO,roubos,patrimonial,2025.0,5.0,MAI,2025-05-01,0.0,SEG,False,18.0,NOITE
2025-05-12,18:20:00,CRIMES CONTRA PATRIMÔNIO,CRIMES CONTRA PATRIMÔNIO: ROUBO: EM ESTABELECIMENTO COMERCIAL,ES,CARIACICA,SANTA BARBARA,COMÉRCIO,roubos,patrimonial,2025.0,5.0,MAI,2025-05-01,0.0,SEG,False,18.0,NOITE
2025-05-12,03:45:00,CRIMES CONTRA PATRIMÔNIO,CRIMES CONTRA PATRIMÔNIO: ROUBO: EM RESIDÊNCIA/CONDOMÍNIO,ES,VILA VELHA,ILHA DOS BENTOS,RESIDÊNCIA,roubos,patrimonial,2025.0,5.0,MAI,2025-05-01,0.0,SEG,False,3.0,MADRUGADA
2025-06-01,05:45:00,CRIMES CONTRA PATRIMÔNIO,CRIMES CONTRA PATRIMÔNIO: ROUBO: A PESSOA EM VIA PÚBLICA,ES,SERRA,VALPARAISO,COMÉRCIO,roubos,patrimonial,2025.0,6.0,JUN,2025-06-01,6.0,DOM,True,5.0,MADRUGADA
2025-06-01,05:00:00,CRIMES CONTRA PATRIMÔNIO,CRIMES CONTRA PATRIMÔNIO: ROUBO: A PESSOA EM VIA PÚBLICA,ES,LINHARES,TRES BARRAS,VIA PÚBLICA,roubos,patrimonial,2025.0,6.0,JUN,2025-06-01,6.0,DOM,True,5.0,MADRUGADA
2025-06-01,18:52:00,CRIMES CONTRA PATRIMÔNIO,CRIMES CONTRA PATRIMÔNIO: ROUBO: A PESSOA EM VIA PÚBLICA,ES,VILA VELHA,ILHA DOS BENTOS,VIA PÚBLICA,roubos,patrimonial,2025.0,6.0,JUN,2025-06-01,6.0,DOM,True,18.0,NOITE
2025-06-01,14:00:00,CRIMES CONTRA PATRIMÔNIO,CRIMES CONTRA PATRIMÔNIO: ROUBO: A PESSOA EM VIA PÚBLICA,ES,SERRA,SAO DIOGO I,VIA PÚBLICA,roubos,patrimonial,2025.0,6.0,JUN,2025-06-01,6.0,DOM,True,14.0,TARDE
2025-06-01,20:00:00,CRIMES CONTRA PATRIMÔNIO,CRIMES CONTRA PATRIMÔNIO: ROUBO: A PESSOA EM VIA PÚBLICA,ES,LINHARES,COLINA,VIA PÚBLICA,roubos,patrimonial,2025.0,6.0,JUN,2025-06-01,6.0,DOM,True,20.0,NOITE
2025-06-01,09:30:00,CRIMES CONTRA PATRIMÔNIO,CRIMES CONTRA PATRIMÔNIO: ROUBO: A PESSOA EM VIA PÚBLICA,ES,GUARAPARI,CENTRO,VIA PÚBLICA,roubos,patrimonial,2025.0,6.0,JUN,2025-06-01,6.0,DOM,True,9.0,MANHA
2025-06-01,18:00:00,CRIMES CONTRA PATRIMÔNIO,CRIMES CONTRA PATRIMÔNIO: ROUBO: A PESSOA EM VIA PÚBLICA,ES,VITORIA,CENTRO,VIA PÚBLICA,roubos,patrimonial,2025.0,6.0,JUN,2025-06-01,6.0,DOM,True,18.0,NOITE
2025-06-01,18:30:00,CRIMES CONTRA PATRIMÔNIO,CRIMES CONTRA PATRIMÔNIO: ROUBO: A PESSOA EM VIA PÚBLICA,ES,VILA VELHA,VILA NOVA,VIA PÚBLICA,roubos,patrimonial,2025.0,6.0,JUN,2025-06-01,6.0,DOM,True,18.0,NOITE
2025-06-01,19:35:00,CRIMES CONTRA PATRIMÔNIO,CRIMES CONTRA PATRIMÔNIO: ROUBO: A PESSOA EM VIA PÚBLICA,ES,VILA VELHA,PRAIA DE ITAPARICA,VIA PÚBLICA,roubos,patrimonial,2025.0,6.0,JUN,2025-06-01,6.0,DOM,True,19.0,NOITE
2025-06-01,16:45:00,CRIMES CONTRA PATRIMÔNIO,CRIMES CONTRA PATRIMÔNIO: ROUBO: A PESSOA EM VIA PÚBLICA,ES,VITORIA,ENSEADA DO SUA,VIA PÚBLICA,roubos,patrimonial,2025.0,6.0,JUN,2025-06-01,6.0,DOM,True,16.0,TARDE
2025-06-01,19:00:00,CRIMES CONTRA PATRIMÔNIO,CRIMES CONTRA PATRIMÔNIO: ROUBO: A PESSOA EM VIA PÚBLICA,ES,SERRA,VILA NOVA DE COLARES,VIA PÚBLICA,roubos,patrimonial,2025.0,6.0,JUN,2025-06-01,6.0,DOM,True,19.0,NOITE
2025-06-01,01:30:00,CRIMES CONTRA PATRIMÔNIO,CRIMES CONTRA PATRIMÔNIO: ROUBO: A PESSOA EM VIA PÚBLICA,ES,VILA VELHA,VISTA DA PENHA,VIA PÚBLICA,roubos,patrimonial,2025.0,6.0,JUN,2025-06-01,6.0,DOM,True,1.0,MADRUGADA
2025-06-01,09:00:00,CRIMES CONTRA PATRIMÔNIO,CRIMES CONTRA PATRIMÔNIO: ROUBO: A PESSOA EM VIA PÚBLICA,ES,CARIACICA,CAMPO GRANDE,VIA PÚBLICA,roubos,patrimonial,2025.0,6.0,JUN,2025-06-01,6.0,DOM,True,9.0,MANHA
2025-06-01,09:00:00,CRIMES CONTRA PATRIMÔNIO,CRIMES CONTRA PATRIMÔNIO: ROUBO: A PESSOA EM VIA PÚBLICA,ES,CARIACICA,CAMPO GRANDE,VIA PÚBLICA,roubos,patrimonial,2025.0,6.0,JUN,2025-06-01,6.0,DOM,True,9.0,MANHA
2025-06-01,19:00:00,CRIMES CONTRA PATRIMÔNIO,CRIMES CONTRA PATRIMÔNIO: ROUBO: A PESSOA EM VIA PÚBLICA,ES,VILA VELHA,BARRA DO JUCU,OUTRO LOCAL,roubos,patrimonial,2025.0,6.0,JUN,2025-06-01,6.0,DOM,True,19.0,NOITE
2025-06-01,21:00:00,CRIMES CONTRA PATRIMÔNIO,CRIMES CONTRA PATRIMÔNIO: ROUBO: A PESSOA EM VIA PÚBLICA,ES,VILA VELHA,PRAIA DA COSTA,VIA PÚBLICA,roubos,patrimonial,2025.0,6.0,JUN,2025-06-01,6.0,DOM,True,21.0,NOITE
2025-06-01,09:00:00,CRIMES CONTRA PATRIMÔNIO,CRIMES CONTRA PATRIMÔNIO: ROUBO: A PESSOA EM VIA PÚBLICA,ES,CARIACICA,CAMPINA GRANDE,OUTRO LOCAL,roubos,patrimonial,2025.0,6.0,JUN,2025-06-01,6.0,DOM,True,9.0,MANHA
2025-06-01,23:30:00,CRIMES CONTRA PATRIMÔNIO,CRIMES CONTRA PATRIMÔNIO: ROUBO: A PESSOA EM VIA PÚBLICA,ES,VITORIA,PRAIA DO CANTO,VIA PÚBLICA,roubos,patrimonial,2025.0,6.0,JUN,2025-06-01,6.0,DOM,True,23.0,NOITE
2025-06-01,10:30:00,CRIMES CONTRA PATRIMÔNIO,CRIMES CONTRA PATRIMÔNIO: ROUBO: A PESSOA EM VIA PÚBLICA,ES,VITORIA,BELA VISTA,COMÉRCIO,roubos,patrimonial,2025.0,6.0,JUN,2025-06-01,6.0,DOM,True,10.0,MANHA
2025-06-01,06:30:00,CRIMES CONTRA PATRIMÔNIO,CRIMES CONTRA PATRIMÔNIO: ROUBO: A PESSOA EM VIA PÚBLICA,ES,CARIACICA,ITACIBA,VIA PÚBLICA,roubos,patrimonial,2025.0,6.0,JUN,2025-06-01,6.0,DOM,True,6.0,MANHA
2025-06-01,18:00:00,CRIMES CONTRA PATRIMÔNIO,CRIMES CONTRA PATRIMÔNIO: ROUBO: A PESSOA EM VIA PÚBLICA,ES,VILA VELHA,VALE ENCANTADO,VIA PÚBLICA,roubos,patrimonial,2025.0,6.0,JUN,2025-06-01,6.0,DOM,True,18.0,NOITE
2025-06-01,09:00:00,CRIMES CONTRA PATRIMÔNIO,CRIMES CONTRA PATRIMÔNIO: ROUBO: A PESSOA EM VIA PÚBLICA,ES,VILA VELHA,ALECRIM,VIA PÚBLICA,roubos,patrimonial,2025.0,6.0,JUN,2025-06-01,6.0,DOM,True,9.0,MANHA
2025-06-01,16:00:00,CRIMES CONTRA PATRIMÔNIO,CRIMES CONTRA PATRIMÔNIO: ROUBO: A PESSOA EM VIA PÚBLICA,ES,VILA VELHA,CENTRO VILA VELHA,OUTRO LOCAL,roubos,patrimonial,2025.0,6.0,JUN,2025-06-01,6.0,DOM,True,16.0,TARDE
2025-06-01,18:00:00,CRIMES CONTRA PATRIMÔNIO,CRIMES CONTRA PATRIMÔNIO: ROUBO: A PESSOA EM VIA PÚBLICA,ES,VILA VELHA,VALE ENCANTADO,VIA PÚBLICA,roubos,patrimonial,2025.0,6.0,JUN,2025-06-01,6.0,DOM,True,18.0,NOITE
2025-06-01,Indeterminada,CRIMES CONTRA PATRIMÔNIO,CRIMES CONTRA PATRIMÔNIO: ROUBO: A PESSOA EM VIA PÚBLICA,ES,VITORIA,ENSEADA DO SUA,VIA PÚBLICA,roubos,patrimonial,2025.0,6.0,JUN,2025-06-01,6.0,DOM,True,,
2025-06-01,19:00:00,CRIMES CONTRA PATRIMÔNIO,CRIMES CONTRA PATRIMÔNIO: ROUBO: A PESSOA EM VIA PÚBLICA,ES,VILA VELHA,COCAL,VIA PÚBLICA,roubos,patrimonial,2025.0,6.0,JUN,2025-06-01,6.0,DOM,True,19.0,NOITE
2025-06-01,18:00:00,CRIMES CONTRA PATRIMÔNIO,CRIMES CONTRA PATRIMÔNIO: ROUBO: EM TRANSPORTE COLETIVO,ES,VITORIA,AEROPORTO,TRANSP COLETIVO,roubos,patrimonial,2025.0,6.0,JUN,2025-06-01,6.0,DOM,True,18.0,NOITE
2025-06-01,03:20:00,CRIMES CONTRA PATRIMÔNIO,CRIMES CONTRA PATRIMÔNIO: ROUBO: EM RESIDÊNCIA/CONDOMÍNIO,ES,CARIACICA,CAMPO GRANDE,RESIDÊNCIA,roubos,patrimonial,2025.0,6.0,JUN,2025-06-01,6.0,DOM,True,3.0,MADRUGADA
2025-06-02,06:30:00,CRIMES CONTRA PATRIMÔNIO,CRIMES CONTRA PATRIMÔNIO: ROUBO: A PESSOA EM VIA PÚBLICA,ES,VITORIA,SANTA MARTHA,VIA PÚBLICA,roubos,patrimonial,2025.0,6.0,JUN,2025-06-01,0.0,SEG,False,6.0,MANHA
2025-06-02,06:30:00,CRIMES CONTRA PATRIMÔNIO,CRIMES CONTRA PATRIMÔNIO: ROUBO: A PESSOA EM VIA PÚBLICA,ES,CARIACICA,JARDIM AMERICA,VIA PÚBLICA,roubos,patrimonial,2025.0,6.0,JUN,2025-06-01,0.0,SEG,False,6.0,MANHA
2025-06-02,05:15:00,CRIMES CONTRA PATRIMÔNIO,CRIMES CONTRA PATRIMÔNIO: ROUBO: A PESSOA EM VIA PÚBLICA,ES,CARIACICA,NOVA ESPERANCA,VIA PÚBLICA,roubos,patrimonial,2025.0,6.0,JUN,2025-06-01,0.0,SEG,False,5.0,MADRUGADA
2025-06-02,09:25:00,CRIMES CONTRA PATRIMÔNIO,CRIMES CONTRA PATRIMÔNIO: ROUBO: A PESSOA EM VIA PÚBLICA,ES,SERRA,PORTO CANOA,VIA PÚBLICA,roubos,patrimonial,2025.0,6.0,JUN,2025-06-01,0.0,SEG,False,9.0,MANHA
2025-06-02,10:00:00,CRIMES CONTRA PATRIMÔNIO,CRIMES CONTRA PATRIMÔNIO: ROUBO: A PESSOA EM VIA PÚBLICA,ES,GUARAPARI,PRAIA DO MORRO,VIA PÚBLICA,roubos,patrimonial,2025.0,6.0,JUN,2025-06-01,0.0,SEG,False,10.0,MANHA
2025-06-02,05:30:00,CRIMES CONTRA PATRIMÔNIO,CRIMES CONTRA PATRIMÔNIO: ROUBO: A PESSOA EM VIA PÚBLICA,ES,VILA VELHA,DOM JOAO BATISTA,VIA PÚBLICA,roubos,patrimonial,2025.0,6.0,JUN,2025-06-01,0.0,SEG,False,5.0,MADRUGADA
2025-06-02,12:00:00,CRIMES CONTRA PATRIMÔNIO,CRIMES CONTRA PATRIMÔNIO: ROUBO: A PESSOA EM VIA PÚBLICA,ES,CARIACICA,OPERARIO,VIA PÚBLICA,roubos,patrimonial,2025.0,6.0,JUN,2025-06-01,0.0,SEG,False,12.0,TARDE
2025-06-02,18:45:00,CRIMES CONTRA PATRIMÔNIO,CRIMES CONTRA PATRIMÔNIO: ROUBO: A PESSOA EM VIA PÚBLICA,ES,JERONIMO MONTEIRO,CENTRO,VIA PÚBLICA,roubos,patrimonial,2025.0,6.0,JUN,2025-06-01,0.0,SEG,False,18.0,NOITE
2025-06-02,05:55:00,CRIMES CONTRA PATRIMÔNIO,CRIMES CONTRA PATRIMÔNIO: ROUBO: A PESSOA EM VIA PÚBLICA,ES,VITORIA,JOANA DARC,VIA PÚBLICA,roubos,patrimonial,2025.0,6.0,JUN,2025-06-01,0.0,SEG,False,5.0,MADRUGADA
2025-06-02,20:15:00,CRIMES CONTRA PATRIMÔNIO,CRIMES CONTRA PATRIMÔNIO: ROUBO: A PESSOA EM VIA PÚBLICA,ES,CARIACICA,CRUZEIRO DO SUL,VIA PÚBLICA,roubos,patrimonial,2025.0,6.0,JUN,2025-06-01,0.0,SEG,False,20.0,NOITE
2025-06-02,22:08:00,CRIMES CONTRA PATRIMÔNIO,CRIMES CONTRA PATRIMÔNIO: ROUBO: A PESSOA EM VIA PÚBLICA,ES,VITORIA,JARDIM CAMBURI,CASA DE SHOW/EVENTOS,roubos,patrimonial,2025.0,6.0,JUN,2025-06-01,0.0,SEG,False,22.0,NOITE
2025-06-02,11:20:00,CRIMES CONTRA PATRIMÔNIO,CRIMES CONTRA PATRIMÔNIO: ROUBO: A PESSOA EM VIA PÚBLICA,ES,LINHARES,AVISO,VIA PÚBLICA,roubos,patrimonial,2025.0,6.0,JUN,2025-06-01,0.0,SEG,False,11.0,MANHA
2025-06-02,19:00:00,CRIMES CONTRA PATRIMÔNIO,CRIMES CONTRA PATRIMÔNIO: ROUBO: A PESSOA EM VIA PÚBLICA,ES,SERRA,FEU ROSA,VIA PÚBLICA,roubos,patrimonial,2025.0,6.0,JUN,2025-06-01,0.0,SEG,False,19.0,NOITE
2025-06-02,11:00:00,CRIMES CONTRA PATRIMÔNIO,CRIMES CONTRA PATRIMÔNIO: ROUBO: A PESSOA EM VIA PÚBLICA,ES,VITORIA,PRAIA DO SUA,OUTRO LOCAL,roubos,patrimonial,2025.0,6.0,JUN,2025-06-01,0.0,SEG,False,11.0,MANHA
2025-06-02,18:20:00,CRIMES CONTRA PATRIMÔNIO,CRIMES CONTRA PATRIMÔNIO: ROUBO: A PESSOA EM VIA PÚBLICA,ES,VITORIA,BARRO VERMELHO,VIA PÚBLICA,roubos,patrimonial,2025.0,6.0,JUN,2025-06-01,0.0,SEG,False,18.0,NOITE
2025-06-02,20:15:00,CRIMES CONTRA PATRIMÔNIO,CRIMES CONTRA PATRIMÔNIO: ROUBO: A PESSOA EM VIA PÚBLICA,ES,VITORIA,SANTA LUIZA,VIA PÚBLICA,roubos,patrimonial,2025.0,6.0,JUN,2025-06-01,0.0,SEG,False,20.0,NOITE
2025-06-02,08:00:00,CRIMES CONTRA PATRIMÔNIO,CRIMES CONTRA PATRIMÔNIO: ROUBO: A PESSOA EM VIA PÚBLICA,ES,CARIACICA,JARDIM AMERICA,VIA PÚBLICA,roubos,patrimonial,2025.0,6.0,JUN,2025-06-01,0.0,SEG,False,8.0,MANHA
2025-06-02,19:00:00,CRIMES CONTRA PATRIMÔNIO,CRIMES CONTRA PATRIMÔNIO: ROUBO: A PESSOA EM VIA PÚBLICA,ES,VILA VELHA,GLORIA,VIA PÚBLICA,roubos,patrimonial,2025.0,6.0,JUN,2025-06-01,0.0,SEG,False,19.0,NOITE
2025-06-02,15:00:00,CRIMES CONTRA PATRIMÔNIO,CRIMES CONTRA PATRIMÔNIO: ROUBO: A PESSOA EM VIA PÚBLICA,ES,ARACRUZ,SEGATO,VIA PÚBLICA,roubos,patrimonial,2025.0,6.0,JUN,2025-06-01,0.0,SEG,False,15.0,TARDE
2025-06-02,18:00:00,CRIMES CONTRA PATRIMÔNIO,CRIMES CONTRA PATRIMÔNIO: ROUBO: A PESSOA EM VIA PÚBLICA,ES,CARIACICA,CAMPO GRANDE,VIA PÚBLICA,roubos,patrimonial,2025.0,6.0,JUN,2025-06-01,0.0,SEG,False,18.0,NOITE
2025-06-02,19:30:00,CRIMES CONTRA PATRIMÔNIO,CRIMES CONTRA PATRIMÔNIO: ROUBO: A PESSOA EM VIA PÚBLICA,ES,VILA VELHA,SANTA RITA,VIA PÚBLICA,roubos,patrimonial,2025.0,6.0,JUN,2025-06-01,0.0,SEG,False,19.0,NOITE
2025-06-02,02:30:00,CRIMES CONTRA PATRIMÔNIO,CRIMES CONTRA PATRIMÔNIO: ROUBO: A PESSOA EM VIA PÚBLICA,ES,CARIACICA,NOVA BRASILIA,VIA PÚBLICA,roubos,patrimonial,2025.0,6.0,JUN,2025-06-01,0.0,SEG,False,2.0,MADRUGADA
2025-06-02,08:00:00,CRIMES CONTRA PATRIMÔNIO,CRIMES CONTRA PATRIMÔNIO: ROUBO: A PESSOA EM VIA PÚBLICA,ES,CARIACICA,CAMPO GRANDE,VIA PÚBLICA,roubos,patrimonial,2025.0,6.0,JUN,2025-06-01,0.0,SEG,False,8.0,MANHA
2025-06-02,20:05:00,CRIMES CONTRA PATRIMÔNIO,CRIMES CONTRA PATRIMÔNIO: ROUBO: A PESSOA EM VIA PÚBLICA,ES,CARIACICA,CAMPINA GRANDE,VIA PÚBLICA,roubos,patrimonial,2025.0,6.0,JUN,2025-06-01,0.0,SEG,False,20.0,NOITE
2025-06-02,Indeterminada,CRIMES CONTRA PATRIMÔNIO,CRIMES CONTRA PATRIMÔNIO: ROUBO: A PESSOA EM VIA PÚBLICA,ES,CARIACICA,RIO BRANCO,VIA PÚBLICA,roubos,patrimonial,2025.0,6.0,JUN,2025-06-01,0.0,SEG,False,,
2025-06-02,17:00:00,CRIMES CONTRA PATRIMÔNIO,CRIMES CONTRA PATRIMÔNIO: ROUBO: A PESSOA EM VIA PÚBLICA,ES,SERRA,JARDIM LIMOEIRO,VIA PÚBLICA,roubos,patrimonial,2025.0,6.0,JUN,2025-06-01,0.0,SEG,False,17.0,TARDE
2025-06-02,21:00:00,CRIMES CONTRA PATRIMÔNIO,CRIMES CONTRA PATRIMÔNIO: ROUBO: A PESSOA EM VIA PÚBLICA,ES,VILA VELHA,VALE ENCANTADO,VIA PÚBLICA,roubos,patrimonial,2025.0,6.0,JUN,2025-06-01,0.0,SEG,False,21.0,NOITE
2025-06-02,13:00:00,CRIMES CONTRA PATRIMÔNIO,CRIMES CONTRA PATRIMÔNIO: ROUBO: A PESSOA EM VIA PÚBLICA,ES,VITORIA,VILA RUBIM,UNIDADE PRISIONAL,roubos,patrimonial,2025.0,6.0,JUN,2025-06-01,0.0,SEG,False,13.0,TARDE
2025-06-02,12:10:00,CRIMES CONTRA PATRIMÔNIO,CRIMES CONTRA PATRIMÔNIO: ROUBO: EM TRANSPORTE COLETIVO,ES,VITORIA,CENTRO,TRANSP COLETIVO,roubos,patrimonial,2025.0,6.0,JUN,2025-06-01,0.0,SEG,False,12.0,TARDE
2025-06-02,13:20:00,CRIMES CONTRA PATRIMÔNIO,CRIMES CONTRA PATRIMÔNIO: ROUBO: EM TRANSPORTE COLETIVO,ES,VITORIA,CENTRO,TRANSP COLETIVO,roubos,patrimonial,2025.0,6.0,JUN,2025-06-01,0.0,SEG,False,13.0,TARDE
2025-06-02,14:10:00,CRIMES CONTRA PATRIMÔNIO,CRIMES CONTRA PATRIMÔNIO: ROUBO: EM ESTABELECIMENTO COMERCIAL,ES,SERRA,MORADA DE LARANJEIRAS,COMÉRCIO,roubos,patrimonial,2025.0,6.0,JUN,2025-06-01,0.0,SEG,False,14.0,TARDE
2025-06-02,23:03:00,CRIMES CONTRA PATRIMÔNIO,CRIMES CONTRA PATRIMÔNIO: ROUBO: EM RESIDÊNCIA/CONDOMÍNIO,ES,MARATAIZES,CENTRO,VIA PÚBLICA,roubos,patrimonial,2025.0,6.0,JUN,2025-06-01,0.0,SEG,False,23.0,NOITE
2025-06-02,22:50:00,CRIMES CONTRA PATRIMÔNIO,CRIMES CONTRA PATRIMÔNIO: ROUBO: EM RESIDÊNCIA/CONDOMÍNIO,ES,MARATAIZES,ILMENITA,RESIDÊNCIA,roubos,patrimonial,2025.0,6.0,JUN,2025-06-01,0.0,SEG,False,22.0,NOITE
2025-06-02,23:03:00,CRIMES CONTRA PATRIMÔNIO,CRIMES CONTRA PATRIMÔNIO: ROUBO: EM RESIDÊNCIA/CONDOMÍNIO,ES,MARATAIZES,OUTRO LOCAL,RESIDÊNCIA,roubos,patrimonial,2025.0,6.0,JUN,2025-06-01,0.0,SEG,False,23.0,NOITE
2025-06-03,02:40:00,CRIMES CONTRA PATRIMÔNIO,CRIMES CONTRA PATRIMÔNIO: ROUBO: A PESSOA EM VIA PÚBLICA,ES,PINHEIROS,NITEROI,COMÉRCIO,roubos,patrimonial,2025.0,6.0,JUN,2025-06-01,1.0,TER,False,2.0,MADRUGADA
2025-06-03,05:10:00,CRIMES CONTRA PATRIMÔNIO,CRIMES CONTRA PATRIMÔNIO: ROUBO: A PESSOA EM VIA PÚBLICA,ES,COLATINA,CENTRO,VIA PÚBLICA,roubos,patrimonial,2025.0,6.0,JUN,2025-06-01,1.0,TER,False,5.0,MADRUGADA
2025-06-03,06:30:00,CRIMES CONTRA PATRIMÔNIO,CRIMES CONTRA PATRIMÔNIO: ROUBO: A PESSOA EM VIA PÚBLICA,ES,CARIACICA,CAMPO GRANDE,VIA PÚBLICA,roubos,patrimonial,2025.0,6.0,JUN,2025-06-01,1.0,TER,False,6.0,MANHA
2025-06-03,05:40:00,CRIMES CONTRA PATRIMÔNIO,CRIMES CONTRA PATRIMÔNIO: ROUBO: A PESSOA EM VIA PÚBLICA,ES,CARIACICA,VILA CAPIXABA,VIA PÚBLICA,roubos,patrimonial,2025.0,6.0,JUN,2025-06-01,1.0,TER,False,5.0,MADRUGADA
2025-06-03,12:03:00,CRIMES CONTRA PATRIMÔNIO,CRIMES CONTRA PATRIMÔNIO: ROUBO: A PESSOA EM VIA PÚBLICA,ES,SERRA,COLINA DE LARANJEIRAS,VIA PÚBLICA,roubos,patrimonial,2025.0,6.0,JUN,2025-06-01,1.0,TER,False,12.0,TARDE
2025-06-03,Indeterminada,CRIMES CONTRA PATRIMÔNIO,CRIMES CONTRA PATRIMÔNIO: ROUBO: A PESSOA EM VIA PÚBLICA,ES,SERRA,JARDIM LIMOEIRO,VIA PÚBLICA,roubos,patrimonial,2025.0,6.0,JUN,2025-06-01,1.0,TER,False,,
2025-06-03,04:30:00,CRIMES CONTRA PATRIMÔNIO,CRIMES CONTRA PATRIMÔNIO: ROUBO: A PESSOA EM VIA PÚBLICA,ES,CARIACICA,SANTA BARBARA,VIA PÚBLICA,roubos,patrimonial,2025.0,6.0,JUN,2025-06-01,1.0,TER,False,4.0,MADRUGADA
2025-06-03,20:30:00,CRIMES CONTRA PATRIMÔNIO,CRIMES CONTRA PATRIMÔNIO: ROUBO: A PESSOA EM VIA PÚBLICA,ES,VILA VELHA,PRAIA DA COSTA,VIA PÚBLICA,roubos,patrimonial,2025.0,6.0,JUN,2025-06-01,1.0,TER,False,20.0,NOITE
2025-06-03,11:30:00,CRIMES CONTRA PATRIMÔNIO,CRIMES CONTRA PATRIMÔNIO: ROUBO: A PESSOA EM VIA PÚBLICA,ES,VITORIA,REPUBLICA,VIA PÚBLICA,roubos,patrimonial,2025.0,6.0,JUN,2025-06-01,1.0,TER,False,11.0,MANHA
2025-06-03,21:30:00,CRIMES CONTRA PATRIMÔNIO,CRIMES CONTRA PATRIMÔNIO: ROUBO: A PESSOA EM VIA PÚBLICA,ES,VITORIA,SANTA CLARA,VIA PÚBLICA,roubos,patrimonial,2025.0,6.0,JUN,2025-06-01,1.0,TER,False,21.0,NOITE
2025-06-03,10:00:00,CRIMES CONTRA PATRIMÔNIO,CRIMES CONTRA PATRIMÔNIO: ROUBO: A PESSOA EM VIA PÚBLICA,ES,SERRA,VALPARAISO,VIA PÚBLICA,roubos,patrimonial,2025.0,6.0,JUN,2025-06-01,1.0,TER,False,10.0,MANHA
2025-06-03,07:30:00,CRIMES CONTRA PATRIMÔNIO,CRIMES CONTRA PATRIMÔNIO: ROUBO: A PESSOA EM VIA PÚBLICA,ES,VITORIA,ILHA DO FRADE,OUTRO LOCAL,roubos,patrimonial,2025.0,6.0,JUN,2025-06-01,1.0,TER,False,7.0,MANHA
2025-06-03,Indeterminada,CRIMES CONTRA PATRIMÔNIO,CRIMES CONTRA PATRIMÔNIO: ROUBO: A PESSOA EM VIA PÚBLICA,ES,LINHARES,RIO QUARTEL,VIA PÚBLICA,roubos,patrimonial,2025.0,6.0,JUN,2025-06-01,1.0,TER,False,,
2025-06-03,21:00:00,CRIMES CONTRA PATRIMÔNIO,CRIMES CONTRA PATRIMÔNIO: ROUBO: A PESSOA EM VIA PÚBLICA,ES,SERRA,NOVA ALMEIDA CENTRO,VIA PÚBLICA,roubos,patrimonial,2025.0,6.0,JUN,2025-06-01,1.0,TER,False,21.0,NOITE
2025-06-03,07:02:00,CRIMES CONTRA PATRIMÔNIO,CRIMES CONTRA PATRIMÔNIO: ROUBO: A PESSOA EM VIA PÚBLICA,ES,VITORIA,MARIA ORTIZ,VIA PÚBLICA,roubos,patrimonial,2025.0,6.0,JUN,2025-06-01,1.0,TER,False,7.0,MANHA
2025-06-03,04:10:00,CRIMES CONTRA PATRIMÔNIO,CRIMES CONTRA PATRIMÔNIO: ROUBO: A PESSOA EM VIA PÚBLICA,ES,SERRA,ROSARIO DE FATIMA,VIA PÚBLICA,roubos,patrimonial,2025.0,6.0,JUN,2025-06-01,1.0,TER,False,4.0,MADRUGADA
2025-06-03,09:00:00,CRIMES CONTRA PATRIMÔNIO,CRIMES CONTRA PATRIMÔNIO: ROUBO: A PESSOA EM VIA PÚBLICA,ES,SERRA,PORTO CANOA,VIA PÚBLICA,roubos,patrimonial,2025.0,6.0,JUN,2025-06-01,1.0,TER,False,9.0,MANHA
2025-06-03,21:41:00,CRIMES CONTRA PATRIMÔNIO,CRIMES CONTRA PATRIMÔNIO: ROUBO: A PESSOA EM VIA PÚBLICA,ES,CARIACICA,SANTA BARBARA,OUTRO LOCAL,roubos,patrimonial,2025.0,6.0,JUN,2025-06-01,1.0,TER,False,21.0,NOITE
2025-06-03,20:00:00,CRIMES CONTRA PATRIMÔNIO,CRIMES CONTRA PATRIMÔNIO: ROUBO: A PESSOA EM VIA PÚBLICA,ES,CARIACICA,SAO FRANCISCO,VIA PÚBLICA,roubos,patrimonial,2025.0,6.0,JUN,2025-06-01,1.0,TER,False,20.0,NOITE
2025-06-03,08:00:00,CRIMES CONTRA PATRIMÔNIO,CRIMES CONTRA PATRIMÔNIO: ROUBO: A PESSOA EM VIA PÚBLICA,ES,VITORIA,CENTRO,VIA PÚBLICA,roubos,patrimonial,2025.0,6.0,JUN,2025-06-01,1.0,TER,False,8.0,MANHA
2025-06-03,21:21:00,CRIMES CONTRA PATRIMÔNIO,CRIMES CONTRA PATRIMÔNIO: ROUBO: A PESSOA EM VIA PÚBLICA,ES,LINHARES,AVISO,VIA PÚBLICA,roubos,patrimonial,2025.0,6.0,JUN,2025-06-01,1.0,TER,False,21.0,NOITE
2025-06-03,15:00:00,CRIMES CONTRA PATRIMÔNIO,CRIMES CONTRA PATRIMÔNIO: ROUBO: A PESSOA EM VIA PÚBLICA,ES,VITORIA,PRAIA DO CANTO,VIA PÚBLICA,roubos,patrimonial,2025.0,6.0,JUN,2025-06-01,1.0,TER,False,15.0,TARDE
2025-06-03,07:00:00,CRIMES CONTRA PATRIMÔNIO,CRIMES CONTRA PATRIMÔNIO: ROUBO: A PESSOA EM VIA PÚBLICA,ES,VIANA,ARLINDO ANGELO VILLASCHI,VIA PÚBLICA,roubos,patrimonial,2025.0,6.0,JUN,2025-06-01,1.0,TER,False,7.0,MANHA
2025-06-03,11:00:00,CRIMES CONTRA PATRIMÔNIO,CRIMES CONTRA PATRIMÔNIO: ROUBO: A PESSOA EM VIA PÚBLICA,ES,SERRA,FEU ROSA,OUTRO LOCAL,roubos,patrimonial,2025.0,6.0,JUN,2025-06-01,1.0,TER,False,11.0,MANHA
2025-06-03,08:00:00,CRIMES CONTRA PATRIMÔNIO,CRIMES CONTRA PATRIMÔNIO: ROUBO: A PESSOA EM VIA PÚBLICA,ES,VITORIA,JARDIM DA PENHA,VIA PÚBLICA,roubos,patrimonial,2025.0,6.0,JUN,2025-06-01,1.0,TER,False,8.0,MANHA
2025-06-03,18:40:00,CRIMES CONTRA PATRIMÔNIO,CRIMES CONTRA PATRIMÔNIO: ROUBO: EM TRANSPORTE COLETIVO,ES,VILA VELHA,PRAIA DA COSTA,TRANSP COLETIVO,roubos,patrimonial,2025.0,6.0,JUN,2025-06-01,1.0,TER,False,18.0,NOITE
2025-06-04,06:05:00,CRIMES CONTRA PATRIMÔNIO,CRIMES CONTRA PATRIMÔNIO: ROUBO: A PESSOA EM VIA PÚBLICA,ES,CARIACICA,NOVA VALVERDE,VIA PÚBLICA,roubos,patrimonial,2025.0,6.0,JUN,2025-06-01,2.0,QUA,False,6.0,MANHA
2025-06-04,04:45:00,CRIMES CONTRA PATRIMÔNIO,CRIMES CONTRA PATRIMÔNIO: ROUBO: A PESSOA EM VIA PÚBLICA,ES,CARIACICA,VILA MERLO,VIA PÚBLICA,roubos,patrimonial,2025.0,6.0,JUN,2025-06-01,2.0,QUA,False,4.0,MADRUGADA
2025-06-04,04:45:00,CRIMES CONTRA PATRIMÔNIO,CRIMES CONTRA PATRIMÔNIO: ROUBO: A PESSOA EM VIA PÚBLICA,ES,CARIACICA,VILA MERLO,VIA PÚBLICA,roubos,patrimonial,2025.0,6.0,JUN,2025-06-01,2.0,QUA,False,4.0,MADRUGADA
2025-06-04,07:20:00,CRIMES CONTRA PATRIMÔNIO,CRIMES CONTRA PATRIMÔNIO: ROUBO: A PESSOA EM VIA PÚBLICA,ES,LINHARES,AVISO,VIA PÚBLICA,roubos,patrimonial,2025.0,6.0,JUN,2025-06-01,2.0,QUA,False,7.0,MANHA
2025-06-04,05:00:00,CRIMES CONTRA PATRIMÔNIO,CRIMES CONTRA PATRIMÔNIO: ROUBO: A PESSOA EM VIA PÚBLICA,ES,CARIACICA,VILA PRUDENCIO,VIA PÚBLICA,roubos,patrimonial,2025.0,6.0,JUN,2025-06-01,2.0,QUA,False,5.0,MADRUGADA
2025-06-04,05:50:00,CRIMES CONTRA PATRIMÔNIO,CRIMES CONTRA PATRIMÔNIO: ROUBO: A PESSOA EM VIA PÚBLICA,ES,CARIACICA,VILA PRUDENCIO,VIA PÚBLICA,roubos,patrimonial,2025.0,6.0,JUN,2025-06-01,2.0,QUA,False,5.0,MADRUGADA
2025-06-04,07:10:00,CRIMES CONTRA PATRIMÔNIO,CRIMES CONTRA PATRIMÔNIO: ROUBO: A PESSOA EM VIA PÚBLICA,ES,CARIACICA,BUBU,VIA PÚBLICA,roubos,patrimonial,2025.0,6.0,JUN,2025-06-01,2.0,QUA,False,7.0,MANHA
2025-06-04,10:54:00,CRIMES CONTRA PATRIMÔNIO,CRIMES CONTRA PATRIMÔNIO: ROUBO: A PESSOA EM VIA PÚBLICA,ES,CARIACICA,CAMPO GRANDE,VIA PÚBLICA,roubos,patrimonial,2025.0,6.0,JUN,2025-06-01,2.0,QUA,False,10.0,MANHA
2025-06-04,10:40:00,CRIMES CONTRA PATRIMÔNIO,CRIMES CONTRA PATRIMÔNIO: ROUBO: A PESSOA EM VIA PÚBLICA,ES,MARATAIZES,BARRA DE ITAPEMIRIM,VIA PÚBLICA,roubos,patrimonial,2025.0,6.0,JUN,2025-06-01,2.0,QUA,False,10.0,MANHA
2025-06-04,10:25:00,CRIMES CONTRA PATRIMÔNIO,CRIMES CONTRA PATRIMÔNIO: ROUBO: A PESSOA EM VIA PÚBLICA,ES,CARIACICA,SAO GERALDO,VIA PÚBLICA,roubos,patrimonial,2025.0,6.0,JUN,2025-06-01,2.0,QUA,False,10.0,MANHA
2025-06-04,10:25:00,CRIMES CONTRA PATRIMÔNIO,CRIMES CONTRA PATRIMÔNIO: ROUBO: A PESSOA EM VIA PÚBLICA,ES,CARIACICA,SAO GERALDO,VIA PÚBLICA,roubos,patrimonial,2025.0,6.0,JUN,2025-06-01,2.0,QUA,False,10.0,MANHA
2025-06-04,05:50:00,CRIMES CONTRA PATRIMÔNIO,CRIMES CONTRA PATRIMÔNIO: ROUBO: A PESSOA EM VIA PÚBLICA,ES,CARIACICA,SANTANA,VIA PÚBLICA,roubos,patrimonial,2025.0,6.0,JUN,2025-06-01,2.0,QUA,False,5.0,MADRUGADA
2025-06-04,04:40:00,CRIMES CONTRA PATRIMÔNIO,CRIMES CONTRA PATRIMÔNIO: ROUBO: A PESSOA EM VIA PÚBLICA,ES,CARIACICA,CARIACICA SEDE,OUTRO LOCAL,roubos,patrimonial,2025.0,6.0,JUN,2025-06-01,2.0,QUA,False,4.0,MADRUGADA
2025-06-04,05:00:00,CRIMES CONTRA PATRIMÔNIO,CRIMES CONTRA PATRIMÔNIO: ROUBO: A PESSOA EM VIA PÚBLICA,ES,CARIACICA,VILA PRUDENCIO,VIA PÚBLICA,roubos,patrimonial,2025.0,6.0,JUN,2025-06-01,2.0,QUA,False,5.0,MADRUGADA
2025-06-04,17:30:00,CRIMES CONTRA PATRIMÔNIO,CRIMES CONTRA PATRIMÔNIO: ROUBO: A PESSOA EM VIA PÚBLICA,ES,SERRA,CASTELANDIA,VIA PÚBLICA,roubos,patrimonial,2025.0,6.0,JUN,2025-06-01,2.0,QUA,False,17.0,TARDE
2025-06-04,22:26:00,CRIMES CONTRA PATRIMÔNIO,CRIMES CONTRA PATRIMÔNIO: ROUBO: A PESSOA EM VIA PÚBLICA,ES,VITORIA,JARDIM DA PENHA,VIA PÚBLICA,roubos,patrimonial,2025.0,6.0,JUN,2025-06-01,2.0,QUA,False,22.0,NOITE
2025-06-04,Indeterminada,CRIMES CONTRA PATRIMÔNIO,CRIMES CONTRA PATRIMÔNIO: ROUBO: A PESSOA EM VIA PÚBLICA,ES,LINHARES,LAGOA DO MEIO,VIA PÚBLICA,roubos,patrimonial,2025.0,6.0,JUN,2025-06-01,2.0,QUA,False,,
2025-06-04,20:15:00,CRIMES CONTRA PATRIMÔNIO,CRIMES CONTRA PATRIMÔNIO: ROUBO: A PESSOA EM VIA PÚBLICA,ES,VITORIA,SANTA LUCIA,VIA PÚBLICA,roubos,patrimonial,2025.0,6.0,JUN,2025-06-01,2.0,QUA,False,20.0,NOITE
2025-06-04,16:10:00,CRIMES CONTRA PATRIMÔNIO,CRIMES CONTRA PATRIMÔNIO: ROUBO: A PESSOA EM VIA PÚBLICA,ES,VITORIA,DA PENHA,VIA PÚBLICA,roubos,patrimonial,2025.0,6.0,JUN,2025-06-01,2.0,QUA,False,16.0,TARDE
2025-06-04,04:00:00,CRIMES CONTRA PATRIMÔNIO,CRIMES CONTRA PATRIMÔNIO: ROUBO: A PESSOA EM VIA PÚBLICA,ES,VITORIA,SANTO ANTONIO,VIA PÚBLICA,roubos,patrimonial,2025.0,6.0,JUN,2025-06-01,2.0,QUA,False,4.0,MADRUGADA
2025-06-04,19:00:00,CRIMES CONTRA PATRIMÔNIO,CRIMES CONTRA PATRIMÔNIO: ROUBO: A PESSOA EM VIA PÚBLICA,ES,VITORIA,CENTRO,VIA PÚBLICA,roubos,patrimonial,2025.0,6.0,JUN,2025-06-01,2.0,QUA,False,19.0,NOITE
2025-06-04,21:50:00,CRIMES CONTRA PATRIMÔNIO,CRIMES CONTRA PATRIMÔNIO: ROUBO: A PESSOA EM VIA PÚBLICA,ES,VILA VELHA,PRAIA DAS GAIVOTAS,VIA PÚBLICA,roubos,patrimonial,2025.0,6.0,JUN,2025-06-01,2.0,QUA,False,21.0,NOITE
2025-06-04,19:40:00,CRIMES CONTRA PATRIMÔNIO,CRIMES CONTRA PATRIMÔNIO: ROUBO: A PESSOA EM VIA PÚBLICA,ES,CARIACICA,ALTO LAGE,VIA PÚBLICA,roubos,patrimonial,2025.0,6.0,JUN,2025-06-01,2.0,QUA,False,19.0,NOITE
2025-06-04,01:30:00,CRIMES CONTRA PATRIMÔNIO,CRIMES CONTRA PATRIMÔNIO: ROUBO: A PESSOA EM VIA PÚBLICA,ES,SERRA,JOSE DE ANCHIETA,VIA PÚBLICA,roubos,patrimonial,2025.0,6.0,JUN,2025-06-01,2.0,QUA,False,1.0,MADRUGADA
2025-06-04,18:00:00,CRIMES CONTRA PATRIMÔNIO,CRIMES CONTRA PATRIMÔNIO: ROUBO: A PESSOA EM VIA PÚBLICA,ES,VITORIA,ENSEADA DO SUA,VIA PÚBLICA,roubos,patrimonial,2025.0,6.0,JUN,2025-06-01,2.0,QUA,False,18.0,NOITE
2025-06-04,19:20:00,CRIMES CONTRA PATRIMÔNIO,CRIMES CONTRA PATRIMÔNIO: ROUBO: A PESSOA EM VIA PÚBLICA,ES,CARIACICA,ALTO LAGE,VIA PÚBLICA,roubos,patrimonial,2025.0,6.0,JUN,2025-06-01,2.0,QUA,False,19.0,NOITE
2025-06-04,19:35:00,CRIMES CONTRA PATRIMÔNIO,CRIMES CONTRA PATRIMÔNIO: ROUBO: A PESSOA EM VIA PÚBLICA,ES,CARIACICA,VASCO DA GAMA,VIA PÚBLICA,roubos,patrimonial,2025.0,6.0,JUN,2025-06-01,2.0,QUA,False,19.0,NOITE
2025-06-04,20:23:00,CRIMES CONTRA PATRIMÔNIO,CRIMES CONTRA PATRIMÔNIO: ROUBO: A PESSOA EM VIA PÚBLICA,ES,VILA VELHA,ARACAS,OUTRO LOCAL,roubos,patrimonial,2025.0,6.0,JUN,2025-06-01,2.0,QUA,False,20.0,NOITE
2025-06-04,03:00:00,CRIMES CONTRA PATRIMÔNIO,CRIMES CONTRA PATRIMÔNIO: ROUBO: A PESSOA EM VIA PÚBLICA,ES,CARIACICA,CARIACICA SEDE,VIA PÚBLICA,roubos,patrimonial,2025.0,6.0,JUN,2025-06-01,2.0,QUA,False,3.0,MADRUGADA
2025-06-04,10:00:00,CRIMES CONTRA PATRIMÔNIO,CRIMES CONTRA PATRIMÔNIO: ROUBO: A PESSOA EM VIA PÚBLICA,ES,CARIACICA,MORADA DE SANTA FE,VIA PÚBLICA,roubos,patrimonial,2025.0,6.0,JUN,2025-06-01,2.0,QUA,False,10.0,MANHA
2025-06-04,18:16:00,CRIMES CONTRA PATRIMÔNIO,CRIMES CONTRA PATRIMÔNIO: ROUBO: A PESSOA EM VIA PÚBLICA,ES,CARIACICA,TIRADENTES,VIA PÚBLICA,roubos,patrimonial,2025.0,6.0,JUN,2025-06-01,2.0,QUA,False,18.0,NOITE
2025-06-04,19:45:00,CRIMES CONTRA PATRIMÔNIO,CRIMES CONTRA PATRIMÔNIO: ROUBO: A PESSOA EM VIA PÚBLICA,ES,CARIACICA,SANTO ANDRE,VIA PÚBLICA,roubos,patrimonial,2025.0,6.0,JUN,2025-06-01,2.0,QUA,False,19.0,NOITE
2025-06-04,20:35:00,CRIMES CONTRA PATRIMÔNIO,CRIMES CONTRA PATRIMÔNIO: ROUBO: A PESSOA EM VIA PÚBLICA,ES,VITORIA,ENSEADA DO SUA,VIA PÚBLICA,roubos,patrimonial,2025.0,6.0,JUN,2025-06-01,2.0,QUA,False,20.0,NOITE
2025-06-04,20:35:00,CRIMES CONTRA PATRIMÔNIO,CRIMES CONTRA PATRIMÔNIO: ROUBO: A PESSOA EM VIA PÚBLICA,ES,VITORIA,ENSEADA DO SUA,VIA PÚBLICA,roubos,patrimonial,2025.0,6.0,JUN,2025-06-01,2.0,QUA,False,20.0,NOITE
2025-06-04,17:00:00,CRIMES CONTRA PATRIMÔNIO,CRIMES CONTRA PATRIMÔNIO: ROUBO: A PESSOA EM VIA PÚBLICA,ES,VITORIA,CENTRO,OUTRO LOCAL,roubos,patrimonial,2025.0,6.0,JUN,2025-06-01,2.0,QUA,False,17.0,TARDE
2025-06-04,19:40:00,CRIMES CONTRA PATRIMÔNIO,CRIMES CONTRA PATRIMÔNIO: ROUBO: A PESSOA EM VIA PÚBLICA,ES,VIANA,NOVA BETHANIA,VIA PÚBLICA,roubos,patrimonial,2025.0,6.0,JUN,2025-06-01,2.0,QUA,False,19.0,NOITE
2025-06-04,19:30:00,CRIMES CONTRA PATRIMÔNIO,CRIMES CONTRA PATRIMÔNIO: ROUBO: A PESSOA EM VIA PÚBLICA,ES,VIANA,NOVA BETHANIA,RESIDÊNCIA,roubos,patrimonial,2025.0,6.0,JUN,2025-06-01,2.0,QUA,False,19.0,NOITE
2025-06-04,09:00:00,CRIMES CONTRA PATRIMÔNIO,CRIMES CONTRA PATRIMÔNIO: ROUBO: A PESSOA EM VIA PÚBLICA,ES,SERRA,SAO DIOGO I,VIA PÚBLICA,roubos,patrimonial,2025.0,6.0,JUN,2025-06-01,2.0,QUA,False,9.0,MANHA
2025-06-04,06:00:00,CRIMES CONTRA PATRIMÔNIO,CRIMES CONTRA PATRIMÔNIO: ROUBO: A PESSOA EM VIA PÚBLICA,ES,SERRA,CARAPINA,VEÍCULO,roubos,patrimonial,2025.0,6.0,JUN,2025-06-01,2.0,QUA,False,6.0,MANHA
2025-06-04,13:26:00,CRIMES CONTRA PATRIMÔNIO,CRIMES CONTRA PATRIMÔNIO: ROUBO: EM RESIDÊNCIA/CONDOMÍNIO,ES,SERRA,PARQUE RESIDENCIAL LARANJEIRAS,RESIDÊNCIA,roubos,patrimonial,2025.0,6.0,JUN,2025-06-01,2.0,QUA,False,13.0,TARDE
2025-06-04,13:30:00,CRIMES CONTRA PATRIMÔNIO,CRIMES CONTRA PATRIMÔNIO: ROUBO: EM RESIDÊNCIA/CONDOMÍNIO,ES,SERRA,PARQUE RESIDENCIAL LARANJEIRAS,RESIDÊNCIA,roubos,patrimonial,2025.0,6.0,JUN,2025-06-01,2.0,QUA,False,13.0,TARDE
2025-06-04,18:30:00,CRIMES CONTRA PATRIMÔNIO,CRIMES CONTRA PATRIMÔNIO: ROUBO: EM RESIDÊNCIA/CONDOMÍNIO,ES,COLATINA,SAO JUDAS TADEU,RESIDÊNCIA,roubos,patrimonial,2025.0,6.0,JUN,2025-06-01,2.0,QUA,False,18.0,NOITE
2025-06-05,02:40:00,CRIMES CONTRA PATRIMÔNIO,CRIMES CONTRA PATRIMÔNIO: ROUBO: A PESSOA EM VIA PÚBLICA,ES,CARIACICA,SANTA BARBARA,VIA PÚBLICA,roubos,patrimonial,2025.0,6.0,JUN,2025-06-01,3.0,QUI,False,2.0,MADRUGADA
2025-06-05,06:50:00,CRIMES CONTRA PATRIMÔNIO,CRIMES CONTRA PATRIMÔNIO: ROUBO: A PESSOA EM VIA PÚBLICA,ES,CARIACICA,MORADA DE SANTA FE,VIA PÚBLICA,roubos,patrimonial,2025.0,6.0,JUN,2025-06-01,3.0,QUI,False,6.0,MANHA
2025-06-05,06:50:00,CRIMES CONTRA PATRIMÔNIO,CRIMES CONTRA PATRIMÔNIO: ROUBO: A PESSOA EM VIA PÚBLICA,ES,CARIACICA,MORADA DE SANTA FE,VIA PÚBLICA,roubos,patrimonial,2025.0,6.0,JUN,2025-06-01,3.0,QUI,False,6.0,MANHA
2025-06-05,05:49:00,CRIMES CONTRA PATRIMÔNIO,CRIMES CONTRA PATRIMÔNIO: ROUBO: A PESSOA EM VIA PÚBLICA,ES,CARIACICA,MORADA DE SANTA FE,VIA PÚBLICA,roubos,patrimonial,2025.0,6.0,JUN,2025-06-01,3.0,QUI,False,5.0,MADRUGADA
2025-06-05,05:30:00,CRIMES CONTRA PATRIMÔNIO,CRIMES CONTRA PATRIMÔNIO: ROUBO: A PESSOA EM VIA PÚBLICA,ES,VITORIA,MARUIPE,VIA PÚBLICA,roubos,patrimonial,2025.0,6.0,JUN,2025-06-01,3.0,QUI,False,5.0,MADRUGADA
2025-06-05,10:55:00,CRIMES CONTRA PATRIMÔNIO,CRIMES CONTRA PATRIMÔNIO: ROUBO: A PESSOA EM VIA PÚBLICA,ES,SERRA,CARAPINA,VIA PÚBLICA,roubos,patrimonial,2025.0,6.0,JUN,2025-06-01,3.0,QUI,False,10.0,MANHA
2025-06-05,06:50:00,CRIMES CONTRA PATRIMÔNIO,CRIMES CONTRA PATRIMÔNIO: ROUBO: A PESSOA EM VIA PÚBLICA,ES,SERRA,SAO PEDRO,VIA PÚBLICA,roubos,patrimonial,2025.0,6.0,JUN,2025-06-01,3.0,QUI,False,6.0,MANHA
2025-06-05,19:00:00,CRIMES CONTRA PATRIMÔNIO,CRIMES CONTRA PATRIMÔNIO: ROUBO: A PESSOA EM VIA PÚBLICA,ES,SERRA,COLINA DE LARANJEIRAS,VIA PÚBLICA,roubos,patrimonial,2025.0,6.0,JUN,2025-06-01,3.0,QUI,False,19.0,NOITE
2025-06-05,05:00:00,CRIMES CONTRA PATRIMÔNIO,CRIMES CONTRA PATRIMÔNIO: ROUBO: A PESSOA EM VIA PÚBLICA,ES,VITORIA,ILHA DO PRINCIPE,VIA PÚBLICA,roubos,patrimonial,2025.0,6.0,JUN,2025-06-01,3.0,QUI,False,5.0,MADRUGADA
2025-06-05,21:00:00,CRIMES CONTRA PATRIMÔNIO,CRIMES CONTRA PATRIMÔNIO: ROUBO: A PESSOA EM VIA PÚBLICA,ES,SERRA,VALPARAISO,VIA PÚBLICA,roubos,patrimonial,2025.0,6.0,JUN,2025-06-01,3.0,QUI,False,21.0,NOITE
2025-06-05,21:00:00,CRIMES CONTRA PATRIMÔNIO,CRIMES CONTRA PATRIMÔNIO: ROUBO: A PESSOA EM VIA PÚBLICA,ES,SERRA,JARDIM LIMOEIRO,VIA PÚBLICA,roubos,patrimonial,2025.0,6.0,JUN,2025-06-01,3.0,QUI,False,21.0,NOITE
2025-06-05,05:30:00,CRIMES CONTRA PATRIMÔNIO,CRIMES CONTRA PATRIMÔNIO: ROUBO: A PESSOA EM VIA PÚBLICA,ES,VITORIA,JABOUR,VIA PÚBLICA,roubos,patrimonial,2025.0,6.0,JUN,2025-06-01,3.0,QUI,False,5.0,MADRUGADA
2025-06-05,18:00:00,CRIMES CONTRA PATRIMÔNIO,CRIMES CONTRA PATRIMÔNIO: ROUBO: A PESSOA EM VIA PÚBLICA,ES,VITORIA,BARRO VERMELHO,VIA PÚBLICA,roubos,patrimonial,2025.0,6.0,JUN,2025-06-01,3.0,QUI,False,18.0,NOITE
2025-06-05,18:30:00,CRIMES CONTRA PATRIMÔNIO,CRIMES CONTRA PATRIMÔNIO: ROUBO: A PESSOA EM VIA PÚBLICA,ES,VILA VELHA,PRAIA DE ITAPARICA,VIA PÚBLICA,roubos,patrimonial,2025.0,6.0,JUN,2025-06-01,3.0,QUI,False,18.0,NOITE
2025-06-05,05:40:00,CRIMES CONTRA PATRIMÔNIO,CRIMES CONTRA PATRIMÔNIO: ROUBO: A PESSOA EM VIA PÚBLICA,ES,VILA VELHA,SAO TORQUATO,VIA PÚBLICA,roubos,patrimonial,2025.0,6.0,JUN,2025-06-01,3.0,QUI,False,5.0,MADRUGADA
2025-06-05,21:00:00,CRIMES CONTRA PATRIMÔNIO,CRIMES CONTRA PATRIMÔNIO: ROUBO: A PESSOA EM VIA PÚBLICA,ES,VILA VELHA,DIVINO ESPIRITO SANTO,VIA PÚBLICA,roubos,patrimonial,2025.0,6.0,JUN,2025-06-01,3.0,QUI,False,21.0,NOITE
2025-06-05,20:50:00,CRIMES CONTRA PATRIMÔNIO,CRIMES CONTRA PATRIMÔNIO: ROUBO: A PESSOA EM VIA PÚBLICA,ES,SERRA,VALPARAISO,VIA PÚBLICA,roubos,patrimonial,2025.0,6.0,JUN,2025-06-01,3.0,QUI,False,20.0,NOITE
2025-06-05,21:20:00,CRIMES CONTRA PATRIMÔNIO,CRIMES CONTRA PATRIMÔNIO: ROUBO: A PESSOA EM VIA PÚBLICA,ES,SERRA,NOVA CARAPINA I,VIA PÚBLICA,roubos,patrimonial,2025.0,6.0,JUN,2025-06-01,3.0,QUI,False,21.0,NOITE
2025-06-05,21:30:00,CRIMES CONTRA PATRIMÔNIO,CRIMES CONTRA PATRIMÔNIO: ROUBO: A PESSOA EM VIA PÚBLICA,ES,SERRA,NOVA CARAPINA I,VIA PÚBLICA,roubos,patrimonial,2025.0,6.0,JUN,2025-06-01,3.0,QUI,False,21.0,NOITE
2025-06-05,14:50:00,CRIMES CONTRA PATRIMÔNIO,CRIMES CONTRA PATRIMÔNIO: ROUBO: A PESSOA EM VIA PÚBLICA,ES,SERRA,PARQUE JACARAIPE,VIA PÚBLICA,roubos,patrimonial,2025.0,6.0,JUN,2025-06-01,3.0,QUI,False,14.0,TARDE
2025-06-05,15:00:00,CRIMES CONTRA PATRIMÔNIO,CRIMES CONTRA PATRIMÔNIO: ROUBO: A PESSOA EM VIA PÚBLICA,ES,VILA VELHA,GLORIA,OUTRO LOCAL,roubos,patrimonial,2025.0,6.0,JUN,2025-06-01,3.0,QUI,False,15.0,TARDE
2025-06-05,17:20:00,CRIMES CONTRA PATRIMÔNIO,CRIMES CONTRA PATRIMÔNIO: ROUBO: A PESSOA EM VIA PÚBLICA,ES,VILA VELHA,SANTA INES,VIA PÚBLICA,roubos,patrimonial,2025.0,6.0,JUN,2025-06-01,3.0,QUI,False,17.0,TARDE
2025-06-05,11:40:00,CRIMES CONTRA PATRIMÔNIO,CRIMES CONTRA PATRIMÔNIO: ROUBO: A PESSOA EM VIA PÚBLICA,ES,SERRA,VALPARAISO,VIA PÚBLICA,roubos,patrimonial,2025.0,6.0,JUN,2025-06-01,3.0,QUI,False,11.0,MANHA
2025-06-05,15:00:00,CRIMES CONTRA PATRIMÔNIO,CRIMES CONTRA PATRIMÔNIO: ROUBO: A PESSOA EM VIA PÚBLICA,ES,SERRA,SERRA CENTRO,VIA PÚBLICA,roubos,patrimonial,2025.0,6.0,JUN,2025-06-01,3.0,QUI,False,15.0,TARDE
2025-06-05,22:30:00,CRIMES CONTRA PATRIMÔNIO,CRIMES CONTRA PATRIMÔNIO: ROUBO: A PESSOA EM VIA PÚBLICA,ES,VITORIA,JARDIM CAMBURI,VIA PÚBLICA,roubos,patrimonial,2025.0,6.0,JUN,2025-06-01,3.0,QUI,False,22.0,NOITE
2025-06-05,Indeterminada,CRIMES CONTRA PATRIMÔNIO,CRIMES CONTRA PATRIMÔNIO: ROUBO: A PESSOA EM VIA PÚBLICA,ES,CARIACICA,JARDIM AMERICA,VIA PÚBLICA,roubos,patrimonial,2025.0,6.0,JUN,2025-06-01,3.0,QUI,False,,
2025-06-05,13:00:00,CRIMES CONTRA PATRIMÔNIO,CRIMES CONTRA PATRIMÔNIO: ROUBO: EM TRANSPORTE COLETIVO,ES,SERRA,PLANALTO DE CARAPINA,TRANSP COLETIVO,roubos,patrimonial,2025.0,6.0,JUN,2025-06-01,3.0,QUI,False,13.0,TARDE
2025-06-05,13:10:00,CRIMES CONTRA PATRIMÔNIO,CRIMES CONTRA PATRIMÔNIO: ROUBO: EM TRANSPORTE COLETIVO,ES,SERRA,JARDIM TROPICAL,TRANSP COLETIVO,roubos,patrimonial,2025.0,6.0,JUN,2025-06-01,3.0,QUI,False,13.0,TARDE
2025-06-05,16:00:00,CRIMES CONTRA PATRIMÔNIO,CRIMES CONTRA PATRIMÔNIO: ROUBO: EM TRANSPORTE COLETIVO,ES,VILA VELHA,CENTRO VILA VELHA,VIA PÚBLICA,roubos,patrimonial,2025.0,6.0,JUN,2025-06-01,3.0,QUI,False,16.0,TARDE
2025-06-05,13:30:00,CRIMES CONTRA PATRIMÔNIO,CRIMES CONTRA PATRIMÔNIO: ROUBO: EM TRANSPORTE COLETIVO,ES,SERRA,VALPARAISO,TRANSP COLETIVO,roubos,patrimonial,2025.0,6.0,JUN,2025-06-01,3.0,QUI,False,13.0,TARDE
2025-06-05,21:15:00,CRIMES CONTRA PATRIMÔNIO,CRIMES CONTRA PATRIMÔNIO: ROUBO: EM RESIDÊNCIA/CONDOMÍNIO,ES,NOVA VENECIA,MARGARETH,RESIDÊNCIA,roubos,patrimonial,2025.0,6.0,JUN,2025-06-01,3.0,QUI,False,21.0,NOITE
2025-06-06,03:29:00,CRIMES CONTRA PATRIMÔNIO,CRIMES CONTRA PATRIMÔNIO: ROUBO: A PESSOA EM VIA PÚBLICA,ES,VILA VELHA,PRAIA DA COSTA,VIA PÚBLICA,roubos,patrimonial,2025.0,6.0,JUN,2025-06-01,4.0,SEX,False,3.0,MADRUGADA
2025-06-06,04:05:00,CRIMES CONTRA PATRIMÔNIO,CRIMES CONTRA PATRIMÔNIO: ROUBO: A PESSOA EM VIA PÚBLICA,ES,VILA VELHA,JARDIM COLORADO,VIA PÚBLICA,roubos,patrimonial,2025.0,6.0,JUN,2025-06-01,4.0,SEX,False,4.0,MADRUGADA
2025-06-06,03:50:00,CRIMES CONTRA PATRIMÔNIO,CRIMES CONTRA PATRIMÔNIO: ROUBO: A PESSOA EM VIA PÚBLICA,ES,CARIACICA,SANTO ANDRE,VIA PÚBLICA,roubos,patrimonial,2025.0,6.0,JUN,2025-06-01,4.0,SEX,False,3.0,MADRUGADA
2025-06-06,07:30:00,CRIMES CONTRA PATRIMÔNIO,CRIMES CONTRA PATRIMÔNIO: ROUBO: A PESSOA EM VIA PÚBLICA,ES,CASTELO,INDEPENDENCIA,VIA PÚBLICA,roubos,patrimonial,2025.0,6.0,JUN,2025-06-01,4.0,SEX,False,7.0,MANHA
2025-06-06,05:30:00,CRIMES CONTRA PATRIMÔNIO,CRIMES CONTRA PATRIMÔNIO: ROUBO: A PESSOA EM VIA PÚBLICA,ES,CARIACICA,VILA CAPIXABA,VIA PÚBLICA,roubos,patrimonial,2025.0,6.0,JUN,2025-06-01,4.0,SEX,False,5.0,MADRUGADA
2025-06-06,07:30:00,CRIMES CONTRA PATRIMÔNIO,CRIMES CONTRA PATRIMÔNIO: ROUBO: A PESSOA EM VIA PÚBLICA,ES,CASTELO,INDEPENDENCIA,VIA PÚBLICA,roubos,patrimonial,2025.0,6.0,JUN,2025-06-01,4.0,SEX,False,7.0,MANHA
2025-06-06,Indeterminada,CRIMES CONTRA PATRIMÔNIO,CRIMES CONTRA PATRIMÔNIO: ROUBO: A PESSOA EM VIA PÚBLICA,ES,LINHARES,PLANALTO,VIA PÚBLICA,roubos,patrimonial,2025.0,6.0,JUN,2025-06-01,4.0,SEX,False,,
2025-06-06,12:30:00,CRIMES CONTRA PATRIMÔNIO,CRIMES CONTRA PATRIMÔNIO: ROUBO: A PESSOA EM VIA PÚBLICA,ES,CARIACICA,BANDEIRANTES,VIA PÚBLICA,roubos,patrimonial,2025.0,6.0,JUN,2025-06-01,4.0,SEX,False,12.0,TARDE
2025-06-06,07:00:00,CRIMES CONTRA PATRIMÔNIO,CRIMES CONTRA PATRIMÔNIO: ROUBO: A PESSOA EM VIA PÚBLICA,ES,CARIACICA,NOVA BRASILIA,VIA PÚBLICA,roubos,patrimonial,2025.0,6.0,JUN,2025-06-01,4.0,SEX,False,7.0,MANHA
2025-06-06,13:30:00,CRIMES CONTRA PATRIMÔNIO,CRIMES CONTRA PATRIMÔNIO: ROUBO: A PESSOA EM VIA PÚBLICA,ES,CARIACICA,SANTA PAULA,VIA PÚBLICA,roubos,patrimonial,2025.0,6.0,JUN,2025-06-01,4.0,SEX,False,13.0,TARDE
2025-06-06,12:40:00,CRIMES CONTRA PATRIMÔNIO,CRIMES CONTRA PATRIMÔNIO: ROUBO: A PESSOA EM VIA PÚBLICA,ES,SERRA,TAQUARA I,VIA PÚBLICA,roubos,patrimonial,2025.0,6.0,JUN,2025-06-01,4.0,SEX,False,12.0,TARDE
2025-06-06,12:40:00,CRIMES CONTRA PATRIMÔNIO,CRIMES CONTRA PATRIMÔNIO: ROUBO: A PESSOA EM VIA PÚBLICA,ES,SERRA,TAQUARA I,VIA PÚBLICA,roubos,patrimonial,2025.0,6.0,JUN,2025-06-01,4.0,SEX,False,12.0,TARDE
2025-06-06,16:00:00,CRIMES CONTRA PATRIMÔNIO,CRIMES CONTRA PATRIMÔNIO: ROUBO: A PESSOA EM VIA PÚBLICA,ES,VILA VELHA,ULISSES GUIMARAES,VIA PÚBLICA,roubos,patrimonial,2025.0,6.0,JUN,2025-06-01,4.0,SEX,False,16.0,TARDE
2025-06-06,19:47:00,CRIMES CONTRA PATRIMÔNIO,CRIMES CONTRA PATRIMÔNIO: ROUBO: A PESSOA EM VIA PÚBLICA,ES,SERRA,CAMPINHO DA SERRA I,VIA PÚBLICA,roubos,patrimonial,2025.0,6.0,JUN,2025-06-01,4.0,SEX,False,19.0,NOITE
2025-06-06,18:12:00,CRIMES CONTRA PATRIMÔNIO,CRIMES CONTRA PATRIMÔNIO: ROUBO: A PESSOA EM VIA PÚBLICA,ES,SERRA,COLINA DE LARANJEIRAS,OUTRO LOCAL,roubos,patrimonial,2025.0,6.0,JUN,2025-06-01,4.0,SEX,False,18.0,NOITE
2025-06-06,20:00:00,CRIMES CONTRA PATRIMÔNIO,CRIMES CONTRA PATRIMÔNIO: ROUBO: A PESSOA EM VIA PÚBLICA,ES,VILA VELHA,ILHA DAS FLORES,VIA PÚBLICA,roubos,patrimonial,2025.0,6.0,JUN,2025-06-01,4.0,SEX,False,20.0,NOITE
2025-06-06,16:00:00,CRIMES CONTRA PATRIMÔNIO,CRIMES CONTRA PATRIMÔNIO: ROUBO: A PESSOA EM VIA PÚBLICA,ES,VILA VELHA,SANTA INES,VIA PÚBLICA,roubos,patrimonial,2025.0,6.0,JUN,2025-06-01,4.0,SEX,False,16.0,TARDE
2025-06-06,08:50:00,CRIMES CONTRA PATRIMÔNIO,CRIMES CONTRA PATRIMÔNIO: ROUBO: A PESSOA EM VIA PÚBLICA,ES,VILA VELHA,BOA VISTA II,VIA PÚBLICA,roubos,patrimonial,2025.0,6.0,JUN,2025-06-01,4.0,SEX,False,8.0,MANHA
2025-06-06,01:00:00,CRIMES CONTRA PATRIMÔNIO,CRIMES CONTRA PATRIMÔNIO: ROUBO: A PESSOA EM VIA PÚBLICA,ES,SERRA,ELDORADO,VIA PÚBLICA,roubos,patrimonial,2025.0,6.0,JUN,2025-06-01,4.0,SEX,False,1.0,MADRUGADA
2025-06-06,17:30:00,CRIMES CONTRA PATRIMÔNIO,CRIMES CONTRA PATRIMÔNIO: ROUBO: A PESSOA EM VIA PÚBLICA,ES,VILA VELHA,ITAPOA,VIA PÚBLICA,roubos,patrimonial,2025.0,6.0,JUN,2025-06-01,4.0,SEX,False,17.0,TARDE
2025-06-06,00:00:00,CRIMES CONTRA PATRIMÔNIO,CRIMES CONTRA PATRIMÔNIO: ROUBO: A PESSOA EM VIA PÚBLICA,ES,VILA VELHA,IBES,VIA PÚBLICA,roubos,patrimonial,2025.0,6.0,JUN,2025-06-01,4.0,SEX,False,0.0,MADRUGADA
2025-06-06,14:40:00,CRIMES CONTRA PATRIMÔNIO,CRIMES CONTRA PATRIMÔNIO: ROUBO: A PESSOA EM VIA PÚBLICA,ES,VITORIA,PRAIA DO CANTO,VIA PÚBLICA,roubos,patrimonial,2025.0,6.0,JUN,2025-06-01,4.0,SEX,False,14.0,TARDE
2025-06-06,20:15:00,CRIMES CONTRA PATRIMÔNIO,CRIMES CONTRA PATRIMÔNIO: ROUBO: A PESSOA EM VIA PÚBLICA,ES,VITORIA,MARIO CYPRESTE,VIA PÚBLICA,roubos,patrimonial,2025.0,6.0,JUN,2025-06-01,4.0,SEX,False,20.0,NOITE
2025-06-06,18:00:00,CRIMES CONTRA PATRIMÔNIO,CRIMES CONTRA PATRIMÔNIO: ROUBO: A PESSOA EM VIA PÚBLICA,ES,RIO NOVO DO SUL,SANTO ANTONIO,VIA PÚBLICA,roubos,patrimonial,2025.0,6.0,JUN,2025-06-01,4.0,SEX,False,18.0,NOITE
2025-06-06,09:00:00,CRIMES CONTRA PATRIMÔNIO,CRIMES CONTRA PATRIMÔNIO: ROUBO: A PESSOA EM VIA PÚBLICA,ES,CARIACICA,ALTO LAGE,VIA PÚBLICA,roubos,patrimonial,2025.0,6.0,JUN,2025-06-01,4.0,SEX,False,9.0,MANHA
2025-06-06,17:50:00,CRIMES CONTRA PATRIMÔNIO,CRIMES CONTRA PATRIMÔNIO: ROUBO: A PESSOA EM VIA PÚBLICA,ES,ATILIO VIVACQUA,CORREGO DA FAMA,VIA PÚBLICA,roubos,patrimonial,2025.0,6.0,JUN,2025-06-01,4.0,SEX,False,17.0,TARDE
2025-06-06,19:40:00,CRIMES CONTRA PATRIMÔNIO,CRIMES CONTRA PATRIMÔNIO: ROUBO: A PESSOA EM VIA PÚBLICA,ES,SERRA,BARRO BRANCO,VIA PÚBLICA,roubos,patrimonial,2025.0,6.0,JUN,2025-06-01,4.0,SEX,False,19.0,NOITE
2025-06-06,19:31:00,CRIMES CONTRA PATRIMÔNIO,CRIMES CONTRA PATRIMÔNIO: ROUBO: A PESSOA EM VIA PÚBLICA,ES,VITORIA,HORTO,VIA PÚBLICA,roubos,patrimonial,2025.0,6.0,JUN,2025-06-01,4.0,SEX,False,19.0,NOITE
2025-06-06,23:00:00,CRIMES CONTRA PATRIMÔNIO,CRIMES CONTRA PATRIMÔNIO: ROUBO: A PESSOA EM VIA PÚBLICA,ES,SAO MATEUS,CENTRO,RESIDÊNCIA,roubos,patrimonial,2025.0,6.0,JUN,2025-06-01,4.0,SEX,False,23.0,NOITE
2025-06-06,12:50:00,CRIMES CONTRA PATRIMÔNIO,CRIMES CONTRA PATRIMÔNIO: ROUBO: A PESSOA EM VIA PÚBLICA,ES,PIUMA,CENTRO,VIA PÚBLICA,roubos,patrimonial,2025.0,6.0,JUN,2025-06-01,4.0,SEX,False,12.0,TARDE
2025-06-06,16:23:00,CRIMES CONTRA PATRIMÔNIO,CRIMES CONTRA PATRIMÔNIO: ROUBO: A PESSOA EM VIA PÚBLICA,ES,SERRA,JARDIM ATLANTICO,VIA PÚBLICA,roubos,patrimonial,2025.0,6.0,JUN,2025-06-01,4.0,SEX,False,16.0,TARDE
2025-06-06,04:00:00,CRIMES CONTRA PATRIMÔNIO,CRIMES CONTRA PATRIMÔNIO: ROUBO: A PESSOA EM VIA PÚBLICA,ES,IBIRACU,SAO CRISTOVAO,VIA PÚBLICA,roubos,patrimonial,2025.0,6.0,JUN,2025-06-01,4.0,SEX,False,4.0,MADRUGADA
2025-06-06,17:00:00,CRIMES CONTRA PATRIMÔNIO,CRIMES CONTRA PATRIMÔNIO: ROUBO: A PESSOA EM VIA PÚBLICA,ES,VITORIA,JARDIM DA PENHA,VIA PÚBLICA,roubos,patrimonial,2025.0,6.0,JUN,2025-06-01,4.0,SEX,False,17.0,TARDE
2025-06-06,13:10:00,CRIMES CONTRA PATRIMÔNIO,CRIMES CONTRA PATRIMÔNIO: ROUBO: A PESSOA EM VIA PÚBLICA,ES,VILA VELHA,DARLY SANTOS,VIA PÚBLICA,roubos,patrimonial,2025.0,6.0,JUN,2025-06-01,4.0,SEX,False,13.0,TARDE
2025-06-06,18:45:00,CRIMES CONTRA PATRIMÔNIO,CRIMES CONTRA PATRIMÔNIO: ROUBO: A PESSOA EM VIA PÚBLICA,ES,VILA VELHA,SAO TORQUATO,VIA PÚBLICA,roubos,patrimonial,2025.0,6.0,JUN,2025-06-01,4.0,SEX,False,18.0,NOITE
2025-06-06,12:30:00,CRIMES CONTRA PATRIMÔNIO,CRIMES CONTRA PATRIMÔNIO: ROUBO: EM TRANSPORTE COLETIVO,ES,CARIACICA,ALTO LAGE,TRANSP COLETIVO,roubos,patrimonial,2025.0,6.0,JUN,2025-06-01,4.0,SEX,False,12.0,TARDE
2025-06-06,17:24:00,CRIMES CONTRA PATRIMÔNIO,CRIMES CONTRA PATRIMÔNIO: ROUBO: EM ESTABELECIMENTO COMERCIAL,ES,LINHARES,CENTRO,COMÉRCIO,roubos,patrimonial,2025.0,6.0,JUN,2025-06-01,4.0,SEX,False,17.0,TARDE
2025-06-06,16:00:00,CRIMES CONTRA PATRIMÔNIO,CRIMES CONTRA PATRIMÔNIO: ROUBO: EM ESTABELECIMENTO COMERCIAL,ES,VILA VELHA,COQUEIRAL DE ITAPARICA,RODOVIA ESTADUAL,roubos,patrimonial,2025.0,6.0,JUN,2025-06-01,4.0,SEX,False,16.0,TARDE
2025-06-07,12:00:00,CRIMES CONTRA PATRIMÔNIO,CRIMES CONTRA PATRIMÔNIO: ROUBO: A PESSOA EM VIA PÚBLICA,ES,CARIACICA,CAMPO GRANDE,VIA PÚBLICA,roubos,patrimonial,2025.0,6.0,JUN,2025-06-01,5.0,SAB,True,12.0,TARDE
2025-06-07,14:40:00,CRIMES CONTRA PATRIMÔNIO,CRIMES CONTRA PATRIMÔNIO: ROUBO: A PESSOA EM VIA PÚBLICA,ES,VITORIA,CENTRO,VIA PÚBLICA,roubos,patrimonial,2025.0,6.0,JUN,2025-06-01,5.0,SAB,True,14.0,TARDE
2025-06-07,19:00:00,CRIMES CONTRA PATRIMÔNIO,CRIMES CONTRA PATRIMÔNIO: ROUBO: A PESSOA EM VIA PÚBLICA,ES,SERRA,EURICO SALLES,VIA PÚBLICA,roubos,patrimonial,2025.0,6.0,JUN,2025-06-01,5.0,SAB,True,19.0,NOITE
2025-06-07,Indeterminada,CRIMES CONTRA PATRIMÔNIO,CRIMES CONTRA PATRIMÔNIO: ROUBO: A PESSOA EM VIA PÚBLICA,ES,SERRA,CARAPINA,VIA PÚBLICA,roubos,patrimonial,2025.0,6.0,JUN,2025-06-01,5.0,SAB,True,,
2025-06-07,04:50:00,CRIMES CONTRA PATRIMÔNIO,CRIMES CONTRA PATRIMÔNIO: ROUBO: A PESSOA EM VIA PÚBLICA,ES,VITORIA,ILHA DO PRINCIPE,VIA PÚBLICA,roubos,patrimonial,2025.0,6.0,JUN,2025-06-01,5.0,SAB,True,4.0,MADRUGADA
2025-06-07,Indeterminada,CRIMES CONTRA PATRIMÔNIO,CRIMES CONTRA PATRIMÔNIO: ROUBO: A PESSOA EM VIA PÚBLICA,ES,SERRA,FEU ROSA,VIA PÚBLICA,roubos,patrimonial,2025.0,6.0,JUN,2025-06-01,5.0,SAB,True,,
2025-06-07,20:00:00,CRIMES CONTRA PATRIMÔNIO,CRIMES CONTRA PATRIMÔNIO: ROUBO: A PESSOA EM VIA PÚBLICA,ES,VILA VELHA,PRAIA DA COSTA,VIA PÚBLICA,roubos,patrimonial,2025.0,6.0,JUN,2025-06-01,5.0,SAB,True,20.0,NOITE
2025-06-07,15:00:00,CRIMES CONTRA PATRIMÔNIO,CRIMES CONTRA PATRIMÔNIO: ROUBO: A PESSOA EM VIA PÚBLICA,ES,CARIACICA,GRAUNA,VIA PÚBLICA,roubos,patrimonial,2025.0,6.0,JUN,2025-06-01,5.0,SAB,True,15.0,TARDE
2025-06-07,Indeterminada,CRIMES CONTRA PATRIMÔNIO,CRIMES CONTRA PATRIMÔNIO: ROUBO: A PESSOA EM VIA PÚBLICA,ES,VILA VELHA,PRAIA DA COSTA,VIA PÚBLICA,roubos,patrimonial,2025.0,6.0,JUN,2025-06-01,5.0,SAB,True,,
2025-06-07,07:15:00,CRIMES CONTRA PATRIMÔNIO,CRIMES CONTRA PATRIMÔNIO: ROUBO: A PESSOA EM VIA PÚBLICA,ES,VITORIA,MARUIPE,TRANSP COLETIVO,roubos,patrimonial,2025.0,6.0,JUN,2025-06-01,5.0,SAB,True,7.0,MANHA
2025-06-07,07:30:00,CRIMES CONTRA PATRIMÔNIO,CRIMES CONTRA PATRIMÔNIO: ROUBO: A PESSOA EM VIA PÚBLICA,ES,SERRA,PARQUE RESIDENCIAL LARANJEIRAS,VIA PÚBLICA,roubos,patrimonial,2025.0,6.0,JUN,2025-06-01,5.0,SAB,True,7.0,MANHA
2025-06-07,17:30:00,CRIMES CONTRA PATRIMÔNIO,CRIMES CONTRA PATRIMÔNIO: ROUBO: A PESSOA EM VIA PÚBLICA,ES,LINHARES,INTERLAGOS,VIA PÚBLICA,roubos,patrimonial,2025.0,6.0,JUN,2025-06-01,5.0,SAB,True,17.0,TARDE
2025-06-07,17:30:00,CRIMES CONTRA PATRIMÔNIO,CRIMES CONTRA PATRIMÔNIO: ROUBO: A PESSOA EM VIA PÚBLICA,ES,LINHARES,INTERLAGOS,VIA PÚBLICA,roubos,patrimonial,2025.0,6.0,JUN,2025-06-01,5.0,SAB,True,17.0,TARDE
2025-06-07,14:34:00,CRIMES CONTRA PATRIMÔNIO,CRIMES CONTRA PATRIMÔNIO: ROUBO: A PESSOA EM VIA PÚBLICA,ES,VITORIA,CENTRO,VIA PÚBLICA,roubos,patrimonial,2025.0,6.0,JUN,2025-06-01,5.0,SAB,True,14.0,TARDE
2025-06-07,09:00:00,CRIMES CONTRA PATRIMÔNIO,CRIMES CONTRA PATRIMÔNIO: ROUBO: A PESSOA EM VIA PÚBLICA,ES,VITORIA,VILA RUBIM,VIA PÚBLICA,roubos,patrimonial,2025.0,6.0,JUN,2025-06-01,5.0,SAB,True,9.0,MANHA
2025-06-07,14:30:00,CRIMES CONTRA PATRIMÔNIO,CRIMES CONTRA PATRIMÔNIO: ROUBO: A PESSOA EM VIA PÚBLICA,ES,VITORIA,CENTRO,VIA PÚBLICA,roubos,patrimonial,2025.0,6.0,JUN,2025-06-01,5.0,SAB,True,14.0,TARDE
2025-06-07,10:35:00,CRIMES CONTRA PATRIMÔNIO,CRIMES CONTRA PATRIMÔNIO: ROUBO: A PESSOA EM VIA PÚBLICA,ES,SERRA,FEU ROSA,VIA PÚBLICA,roubos,patrimonial,2025.0,6.0,JUN,2025-06-01,5.0,SAB,True,10.0,MANHA
2025-06-07,21:40:00,CRIMES CONTRA PATRIMÔNIO,CRIMES CONTRA PATRIMÔNIO: ROUBO: A PESSOA EM VIA PÚBLICA,ES,CARIACICA,ALTO LAGE,VEÍCULO,roubos,patrimonial,2025.0,6.0,JUN,2025-06-01,5.0,SAB,True,21.0,NOITE
2025-06-07,00:50:00,CRIMES CONTRA PATRIMÔNIO,CRIMES CONTRA PATRIMÔNIO: ROUBO: A PESSOA EM VIA PÚBLICA,ES,CARIACICA,SAO FRANCISCO,VIA PÚBLICA,roubos,patrimonial,2025.0,6.0,JUN,2025-06-01,5.0,SAB,True,0.0,MADRUGADA
2025-06-07,13:30:00,CRIMES CONTRA PATRIMÔNIO,CRIMES CONTRA PATRIMÔNIO: ROUBO: A PESSOA EM VIA PÚBLICA,ES,CARIACICA,SANTA PAULA,RESIDÊNCIA,roubos,patrimonial,2025.0,6.0,JUN,2025-06-01,5.0,SAB,True,13.0,TARDE
2025-06-07,21:30:00,CRIMES CONTRA PATRIMÔNIO,CRIMES CONTRA PATRIMÔNIO: ROUBO: A PESSOA EM VIA PÚBLICA,ES,CARIACICA,NOVO BRASIL,VIA PÚBLICA,roubos,patrimonial,2025.0,6.0,JUN,2025-06-01,5.0,SAB,True,21.0,NOITE
2025-06-07,21:00:00,CRIMES CONTRA PATRIMÔNIO,CRIMES CONTRA PATRIMÔNIO: ROUBO: A PESSOA EM VIA PÚBLICA,ES,CARIACICA,MORADA DE SANTA FE,VIA PÚBLICA,roubos,patrimonial,2025.0,6.0,JUN,2025-06-01,5.0,SAB,True,21.0,NOITE
2025-06-07,Indeterminada,CRIMES CONTRA PATRIMÔNIO,CRIMES CONTRA PATRIMÔNIO: ROUBO: A PESSOA EM VIA PÚBLICA,ES,CARIACICA,VILA MERLO,VIA PÚBLICA,roubos,patrimonial,2025.0,6.0,JUN,2025-06-01,5.0,SAB,True,,
2025-06-07,05:00:00,CRIMES CONTRA PATRIMÔNIO,CRIMES CONTRA PATRIMÔNIO: ROUBO: EM ESTABELECIMENTO COMERCIAL,ES,VILA VELHA,PRAIA DE ITAPARICA,COMÉRCIO,roubos,patrimonial,2025.0,6.0,JUN,2025-06-01,5.0,SAB,True,5.0,MADRUGADA
2025-06-08,Indeterminada,CRIMES CONTRA PATRIMÔNIO,CRIMES CONTRA PATRIMÔNIO: ROUBO: A PESSOA EM VIA PÚBLICA,ES,SERRA,NOVA CARAPINA I,VIA PÚBLICA,roubos,patrimonial,2025.0,6.0,JUN,2025-06-01,6.0,DOM,True,,
2025-06-08,16:40:00,CRIMES CONTRA PATRIMÔNIO,CRIMES CONTRA PATRIMÔNIO: ROUBO: A PESSOA EM VIA PÚBLICA,ES,VITORIA,BENTO FERREIRA,VIA PÚBLICA,roubos,patrimonial,2025.0,6.0,JUN,2025-06-01,6.0,DOM,True,16.0,TARDE
2025-06-08,23:30:00,CRIMES CONTRA PATRIMÔNIO,CRIMES CONTRA PATRIMÔNIO: ROUBO: A PESSOA EM VIA PÚBLICA,ES,VILA VELHA,COQUEIRAL DE ITAPARICA,VIA PÚBLICA,roubos,patrimonial,2025.0,6.0,JUN,2025-06-01,6.0,DOM,True,23.0,NOITE
2025-06-08,19:30:00,CRIMES CONTRA PATRIMÔNIO,CRIMES CONTRA PATRIMÔNIO: ROUBO: A PESSOA EM VIA PÚBLICA,ES,CARIACICA,SANTA BARBARA,VIA PÚBLICA,roubos,patrimonial,2025.0,6.0,JUN,2025-06-01,6.0,DOM,True,19.0,NOITE
2025-06-08,21:00:00,CRIMES CONTRA PATRIMÔNIO,CRIMES CONTRA PATRIMÔNIO: ROUBO: A PESSOA EM VIA PÚBLICA,ES,SERRA,RESIDENCIAL JACARAIPE,VIA PÚBLICA,roubos,patrimonial,2025.0,6.0,JUN,2025-06-01,6.0,DOM,True,21.0,NOITE
2025-06-08,20:00:00,CRIMES CONTRA PATRIMÔNIO,CRIMES CONTRA PATRIMÔNIO: ROUBO: A PESSOA EM VIA PÚBLICA,ES,VITORIA,ENSEADA DO SUA,VIA PÚBLICA,roubos,patrimonial,2025.0,6.0,JUN,2025-06-01,6.0,DOM,True,20.0,NOITE
2025-06-08,23:40:00,CRIMES CONTRA PATRIMÔNIO,CRIMES CONTRA PATRIMÔNIO: ROUBO: A PESSOA EM VIA PÚBLICA,ES,SERRA,MANOEL PLAZA,VIA PÚBLICA,roubos,patrimonial,2025.0,6.0,JUN,2025-06-01,6.0,DOM,True,23.0,NOITE
2025-06-08,22:30:00,CRIMES CONTRA PATRIMÔNIO,CRIMES CONTRA PATRIMÔNIO: ROUBO: A PESSOA EM VIA PÚBLICA,ES,VILA VELHA,ATAIDE,VIA PÚBLICA,roubos,patrimonial,2025.0,6.0,JUN,2025-06-01,6.0,DOM,True,22.0,NOITE
2025-06-08,05:00:00,CRIMES CONTRA PATRIMÔNIO,CRIMES CONTRA PATRIMÔNIO: ROUBO: A PESSOA EM VIA PÚBLICA,ES,SERRA,CONJUNTO JACARAIPE,VIA PÚBLICA,roubos,patrimonial,2025.0,6.0,JUN,2025-06-01,6.0,DOM,True,5.0,MADRUGADA
2025-06-08,07:25:00,CRIMES CONTRA PATRIMÔNIO,CRIMES CONTRA PATRIMÔNIO: ROUBO: A PESSOA EM VIA PÚBLICA,ES,VITORIA,DE LOURDES,VIA PÚBLICA,roubos,patrimonial,2025.0,6.0,JUN,2025-06-01,6.0,DOM,True,7.0,MANHA
2025-06-08,18:00:00,CRIMES CONTRA PATRIMÔNIO,CRIMES CONTRA PATRIMÔNIO: ROUBO: A PESSOA EM VIA PÚBLICA,ES,SERRA,PARQUE RESIDENCIAL LARANJEIRAS,VIA PÚBLICA,roubos,patrimonial,2025.0,6.0,JUN,2025-06-01,6.0,DOM,True,18.0,NOITE
2025-06-08,01:12:00,CRIMES CONTRA PATRIMÔNIO,CRIMES CONTRA PATRIMÔNIO: ROUBO: A PESSOA EM VIA PÚBLICA,ES,VITORIA,ENSEADA DO SUA,VIA PÚBLICA,roubos,patrimonial,2025.0,6.0,JUN,2025-06-01,6.0,DOM,True,1.0,MADRUGADA
2025-06-08,23:40:00,CRIMES CONTRA PATRIMÔNIO,CRIMES CONTRA PATRIMÔNIO: ROUBO: A PESSOA EM VIA PÚBLICA,ES,SERRA,NOVO HORIZONTE,VIA PÚBLICA,roubos,patrimonial,2025.0,6.0,JUN,2025-06-01,6.0,DOM,True,23.0,NOITE
2025-06-08,03:50:00,CRIMES CONTRA PATRIMÔNIO,CRIMES CONTRA PATRIMÔNIO: ROUBO: A PESSOA EM VIA PÚBLICA,ES,VILA VELHA,ARIBIRI,VIA PÚBLICA,roubos,patrimonial,2025.0,6.0,JUN,2025-06-01,6.0,DOM,True,3.0,MADRUGADA
2025-06-08,23:30:00,CRIMES CONTRA PATRIMÔNIO,CRIMES CONTRA PATRIMÔNIO: ROUBO: A PESSOA EM VIA PÚBLICA,ES,SERRA,MANOEL PLAZA,VIA PÚBLICA,roubos,patrimonial,2025.0,6.0,JUN,2025-06-01,6.0,DOM,True,23.0,NOITE
2025-06-08,Indeterminada,CRIMES CONTRA PATRIMÔNIO,CRIMES CONTRA PATRIMÔNIO: ROUBO: A PESSOA EM VIA PÚBLICA,ES,VITORIA,FORTE SAO JOAO,VIA PÚBLICA,roubos,patrimonial,2025.0,6.0,JUN,2025-06-01,6.0,DOM,True,,
2025-06-08,22:40:00,CRIMES CONTRA PATRIMÔNIO,CRIMES CONTRA PATRIMÔNIO: ROUBO: A PESSOA EM VIA PÚBLICA,ES,SERRA,CENTRAL CARAPINA,VIA PÚBLICA,roubos,patrimonial,2025.0,6.0,JUN,2025-06-01,6.0,DOM,True,22.0,NOITE
2025-06-08,23:00:00,CRIMES CONTRA PATRIMÔNIO,CRIMES CONTRA PATRIMÔNIO: ROUBO: A PESSOA EM VIA PÚBLICA,ES,VITORIA,ENSEADA DO SUA,VIA PÚBLICA,roubos,patrimonial,2025.0,6.0,JUN,2025-06-01,6.0,DOM,True,23.0,NOITE
2025-06-08,09:00:00,CRIMES CONTRA PATRIMÔNIO,CRIMES CONTRA PATRIMÔNIO: ROUBO: A PESSOA EM VIA PÚBLICA,ES,VITORIA,VILA RUBIM,VIA PÚBLICA,roubos,patrimonial,2025.0,6.0,JUN,2025-06-01,6.0,DOM,True,9.0,MANHA
2025-06-08,01:00:00,CRIMES CONTRA PATRIMÔNIO,CRIMES CONTRA PATRIMÔNIO: ROUBO: A PESSOA EM VIA PÚBLICA,ES,SERRA,PARQUE RESIDENCIAL LARANJEIRAS,VIA PÚBLICA,roubos,patrimonial,2025.0,6.0,JUN,2025-06-01,6.0,DOM,True,1.0,MADRUGADA
2025-06-08,20:30:00,CRIMES CONTRA PATRIMÔNIO,CRIMES CONTRA PATRIMÔNIO: ROUBO: A PESSOA EM VIA PÚBLICA,ES,VILA VELHA,VALE ENCANTADO,TRANSP COLETIVO,roubos,patrimonial,2025.0,6.0,JUN,2025-06-01,6.0,DOM,True,20.0,NOITE
2025-06-08,10:00:00,CRIMES CONTRA PATRIMÔNIO,CRIMES CONTRA PATRIMÔNIO: ROUBO: A PESSOA EM VIA PÚBLICA,ES,VITORIA,JARDIM CAMBURI,VIA PÚBLICA,roubos,patrimonial,2025.0,6.0,JUN,2025-06-01,6.0,DOM,True,10.0,MANHA
2025-06-08,13:47:00,CRIMES CONTRA PATRIMÔNIO,CRIMES CONTRA PATRIMÔNIO: ROUBO: EM ESTABELECIMENTO COMERCIAL,ES,GUARAPARI,PRAIA DO MORRO,COMÉRCIO,roubos,patrimonial,2025.0,6.0,JUN,2025-06-01,6.0,DOM,True,13.0,TARDE
2025-06-08,13:30:00,CRIMES CONTRA PATRIMÔNIO,CRIMES CONTRA PATRIMÔNIO: ROUBO: EM ESTABELECIMENTO COMERCIAL,ES,GUARAPARI,PRAIA DO MORRO,COMÉRCIO,roubos,patrimonial,2025.0,6.0,JUN,2025-06-01,6.0,DOM,True,13.0,TARDE
2025-06-09,Indeterminada,CRIMES CONTRA PATRIMÔNIO,CRIMES CONTRA PATRIMÔNIO: ROUBO: A PESSOA EM VIA PÚBLICA,ES,SERRA,HELIO FERRAZ,VIA PÚBLICA,roubos,patrimonial,2025.0,6.0,JUN,2025-06-01,0.0,SEG,False,,
2025-06-09,02:00:00,CRIMES CONTRA PATRIMÔNIO,CRIMES CONTRA PATRIMÔNIO: ROUBO: A PESSOA EM VIA PÚBLICA,ES,GUARAPARI,TARTARUGA,VIA PÚBLICA,roubos,patrimonial,2025.0,6.0,JUN,2025-06-01,0.0,SEG,False,2.0,MADRUGADA
2025-06-09,05:30:00,CRIMES CONTRA PATRIMÔNIO,CRIMES CONTRA PATRIMÔNIO: ROUBO: A PESSOA EM VIA PÚBLICA,ES,VILA VELHA,ITAPOA,VIA PÚBLICA,roubos,patrimonial,2025.0,6.0,JUN,2025-06-01,0.0,SEG,False,5.0,MADRUGADA
2025-06-09,06:20:00,CRIMES CONTRA PATRIMÔNIO,CRIMES CONTRA PATRIMÔNIO: ROUBO: A PESSOA EM VIA PÚBLICA,ES,VILA VELHA,COBILANDIA,VIA PÚBLICA,roubos,patrimonial,2025.0,6.0,JUN,2025-06-01,0.0,SEG,False,6.0,MANHA
2025-06-09,06:20:00,CRIMES CONTRA PATRIMÔNIO,CRIMES CONTRA PATRIMÔNIO: ROUBO: A PESSOA EM VIA PÚBLICA,ES,CARIACICA,SANTO ANTONIO,VIA PÚBLICA,roubos,patrimonial,2025.0,6.0,JUN,2025-06-01,0.0,SEG,False,6.0,MANHA
2025-06-09,07:00:00,CRIMES CONTRA PATRIMÔNIO,CRIMES CONTRA PATRIMÔNIO: ROUBO: A PESSOA EM VIA PÚBLICA,ES,CARIACICA,OUTRO LOCAL,VIA PÚBLICA,roubos,patrimonial,2025.0,6.0,JUN,2025-06-01,0.0,SEG,False,7.0,MANHA
2025-06-09,01:15:00,CRIMES CONTRA PATRIMÔNIO,CRIMES CONTRA PATRIMÔNIO: ROUBO: A PESSOA EM VIA PÚBLICA,ES,GUARAPARI,TARTARUGA,VIA PÚBLICA,roubos,patrimonial,2025.0,6.0,JUN,2025-06-01,0.0,SEG,False,1.0,MADRUGADA
2025-06-09,05:30:00,CRIMES CONTRA PATRIMÔNIO,CRIMES CONTRA PATRIMÔNIO: ROUBO: A PESSOA EM VIA PÚBLICA,ES,CARIACICA,VILA CAPIXABA,VIA PÚBLICA,roubos,patrimonial,2025.0,6.0,JUN,2025-06-01,0.0,SEG,False,5.0,MADRUGADA
2025-06-09,06:20:00,CRIMES CONTRA PATRIMÔNIO,CRIMES CONTRA PATRIMÔNIO: ROUBO: A PESSOA EM VIA PÚBLICA,ES,CARIACICA,SANTO ANTONIO,VIA PÚBLICA,roubos,patrimonial,2025.0,6.0,JUN,2025-06-01,0.0,SEG,False,6.0,MANHA
2025-06-09,07:00:00,CRIMES CONTRA PATRIMÔNIO,CRIMES CONTRA PATRIMÔNIO: ROUBO: A PESSOA EM VIA PÚBLICA,ES,CARIACICA,CAMPO VERDE,VIA PÚBLICA,roubos,patrimonial,2025.0,6.0,JUN,2025-06-01,0.0,SEG,False,7.0,MANHA
2025-06-09,12:55:00,CRIMES CONTRA PATRIMÔNIO,CRIMES CONTRA PATRIMÔNIO: ROUBO: A PESSOA EM VIA PÚBLICA,ES,VITORIA,ENSEADA DO SUA,VIA PÚBLICA,roubos,patrimonial,2025.0,6.0,JUN,2025-06-01,0.0,SEG,False,12.0,TARDE
2025-06-09,14:10:00,CRIMES CONTRA PATRIMÔNIO,CRIMES CONTRA PATRIMÔNIO: ROUBO: A PESSOA EM VIA PÚBLICA,ES,VILA VELHA,JARDIM GUARANHUNS,VIA PÚBLICA,roubos,patrimonial,2025.0,6.0,JUN,2025-06-01,0.0,SEG,False,14.0,TARDE
2025-06-09,15:20:00,CRIMES CONTRA PATRIMÔNIO,CRIMES CONTRA PATRIMÔNIO: ROUBO: A PESSOA EM VIA PÚBLICA,ES,VILA VELHA,RIO MARINHO,VIA PÚBLICA,roubos,patrimonial,2025.0,6.0,JUN,2025-06-01,0.0,SEG,False,15.0,TARDE
2025-06-09,15:30:00,CRIMES CONTRA PATRIMÔNIO,CRIMES CONTRA PATRIMÔNIO: ROUBO: A PESSOA EM VIA PÚBLICA,ES,VILA VELHA,CENTRO VILA VELHA,VIA PÚBLICA,roubos,patrimonial,2025.0,6.0,JUN,2025-06-01,0.0,SEG,False,15.0,TARDE
2025-06-09,21:07:00,CRIMES CONTRA PATRIMÔNIO,CRIMES CONTRA PATRIMÔNIO: ROUBO: A PESSOA EM VIA PÚBLICA,ES,VITORIA,PRAIA DO CANTO,VIA PÚBLICA,roubos,patrimonial,2025.0,6.0,JUN,2025-06-01,0.0,SEG,False,21.0,NOITE
2025-06-09,21:48:00,CRIMES CONTRA PATRIMÔNIO,CRIMES CONTRA PATRIMÔNIO: ROUBO: A PESSOA EM VIA PÚBLICA,ES,IBATIBA,CENTRO,VIA PÚBLICA,roubos,patrimonial,2025.0,6.0,JUN,2025-06-01,0.0,SEG,False,21.0,NOITE
2025-06-09,19:30:00,CRIMES CONTRA PATRIMÔNIO,CRIMES CONTRA PATRIMÔNIO: ROUBO: A PESSOA EM VIA PÚBLICA,ES,VITORIA,CENTRO,REPARTICAO PUBLICA,roubos,patrimonial,2025.0,6.0,JUN,2025-06-01,0.0,SEG,False,19.0,NOITE
2025-06-09,19:20:00,CRIMES CONTRA PATRIMÔNIO,CRIMES CONTRA PATRIMÔNIO: ROUBO: A PESSOA EM VIA PÚBLICA,ES,VILA VELHA,VINTE E TRES DE MAIO,VIA PÚBLICA,roubos,patrimonial,2025.0,6.0,JUN,2025-06-01,0.0,SEG,False,19.0,NOITE
2025-06-09,15:33:00,CRIMES CONTRA PATRIMÔNIO,CRIMES CONTRA PATRIMÔNIO: ROUBO: A PESSOA EM VIA PÚBLICA,ES,VILA VELHA,CENTRO VILA VELHA,VIA PÚBLICA,roubos,patrimonial,2025.0,6.0,JUN,2025-06-01,0.0,SEG,False,15.0,TARDE
2025-06-09,06:00:00,CRIMES CONTRA PATRIMÔNIO,CRIMES CONTRA PATRIMÔNIO: ROUBO: A PESSOA EM VIA PÚBLICA,ES,SERRA,CIDADE NOVA DA SERRA,VIA PÚBLICA,roubos,patrimonial,2025.0,6.0,JUN,2025-06-01,0.0,SEG,False,6.0,MANHA
2025-06-09,05:50:00,CRIMES CONTRA PATRIMÔNIO,CRIMES CONTRA PATRIMÔNIO: ROUBO: A PESSOA EM VIA PÚBLICA,ES,VILA VELHA,ILHA DA CONCEICAO,VIA PÚBLICA,roubos,patrimonial,2025.0,6.0,JUN,2025-06-01,0.0,SEG,False,5.0,MADRUGADA
2025-06-09,18:26:00,CRIMES CONTRA PATRIMÔNIO,CRIMES CONTRA PATRIMÔNIO: ROUBO: A PESSOA EM VIA PÚBLICA,ES,CARIACICA,MUCURI,VIA PÚBLICA,roubos,patrimonial,2025.0,6.0,JUN,2025-06-01,0.0,SEG,False,18.0,NOITE
2025-06-09,00:30:00,CRIMES CONTRA PATRIMÔNIO,CRIMES CONTRA PATRIMÔNIO: ROUBO: A PESSOA EM VIA PÚBLICA,ES,VILA VELHA,JOCKEY DE ITAPARICA,OUTRO LOCAL,roubos,patrimonial,2025.0,6.0,JUN,2025-06-01,0.0,SEG,False,0.0,MADRUGADA
2025-06-09,17:14:00,CRIMES CONTRA PATRIMÔNIO,CRIMES CONTRA PATRIMÔNIO: ROUBO: A PESSOA EM VIA PÚBLICA,ES,SERRA,PARQUE RESIDENCIAL LARANJEIRAS,VIA PÚBLICA,roubos,patrimonial,2025.0,6.0,JUN,2025-06-01,0.0,SEG,False,17.0,TARDE
2025-06-09,16:00:00,CRIMES CONTRA PATRIMÔNIO,CRIMES CONTRA PATRIMÔNIO: ROUBO: A PESSOA EM VIA PÚBLICA,ES,VILA VELHA,GLORIA,VIA PÚBLICA,roubos,patrimonial,2025.0,6.0,JUN,2025-06-01,0.0,SEG,False,16.0,TARDE
2025-06-09,06:30:00,CRIMES CONTRA PATRIMÔNIO,CRIMES CONTRA PATRIMÔNIO: ROUBO: A PESSOA EM VIA PÚBLICA,ES,CARIACICA,SANTO ANTONIO,EMBARCAÇÃO,roubos,patrimonial,2025.0,6.0,JUN,2025-06-01,0.0,SEG,False,6.0,MANHA
2025-06-09,17:40:00,CRIMES CONTRA PATRIMÔNIO,CRIMES CONTRA PATRIMÔNIO: ROUBO: A PESSOA EM VIA PÚBLICA,ES,VILA VELHA,COBILANDIA,RESIDÊNCIA,roubos,patrimonial,2025.0,6.0,JUN,2025-06-01,0.0,SEG,False,17.0,TARDE
2025-06-09,18:00:00,CRIMES CONTRA PATRIMÔNIO,CRIMES CONTRA PATRIMÔNIO: ROUBO: A PESSOA EM VIA PÚBLICA,ES,VILA VELHA,RIO MARINHO,RESIDÊNCIA,roubos,patrimonial,2025.0,6.0,JUN,2025-06-01,0.0,SEG,False,18.0,NOITE
2025-06-09,10:40:00,CRIMES CONTRA PATRIMÔNIO,CRIMES CONTRA PATRIMÔNIO: ROUBO: A PESSOA EM VIA PÚBLICA,ES,SERRA,COLINA DE LARANJEIRAS,VIA PÚBLICA,roubos,patrimonial,2025.0,6.0,JUN,2025-06-01,0.0,SEG,False,10.0,MANHA
2025-06-09,19:00:00,CRIMES CONTRA PATRIMÔNIO,CRIMES CONTRA PATRIMÔNIO: ROUBO: A PESSOA EM VIA PÚBLICA,ES,VITORIA,JUCUTUQUARA,VIA PÚBLICA,roubos,patrimonial,2025.0,6.0,JUN,2025-06-01,0.0,SEG,False,19.0,NOITE
2025-06-09,06:45:00,CRIMES CONTRA PATRIMÔNIO,CRIMES CONTRA PATRIMÔNIO: ROUBO: A PESSOA EM VIA PÚBLICA,ES,SERRA,COLINA DE LARANJEIRAS,VIA PÚBLICA,roubos,patrimonial,2025.0,6.0,JUN,2025-06-01,0.0,SEG,False,6.0,MANHA
2025-06-09,18:00:00,CRIMES CONTRA PATRIMÔNIO,CRIMES CONTRA PATRIMÔNIO: ROUBO: A PESSOA EM VIA PÚBLICA,ES,SERRA,CIDADE POMAR,VIA PÚBLICA,roubos,patrimonial,2025.0,6.0,JUN,2025-06-01,0.0,SEG,False,18.0,NOITE
2025-06-09,15:00:00,CRIMES CONTRA PATRIMÔNIO,CRIMES CONTRA PATRIMÔNIO: ROUBO: A PESSOA EM VIA PÚBLICA,ES,VITORIA,JARDIM CAMBURI,VIA PÚBLICA,roubos,patrimonial,2025.0,6.0,JUN,2025-06-01,0.0,SEG,False,15.0,TARDE
2025-06-09,Indeterminada,CRIMES CONTRA PATRIMÔNIO,CRIMES CONTRA PATRIMÔNIO: ROUBO: A PESSOA EM VIA PÚBLICA,ES,CARIACICA,PORTO DE SANTANA,VIA PÚBLICA,roubos,patrimonial,2025.0,6.0,JUN,2025-06-01,0.0,SEG,False,,
2025-06-09,15:00:00,CRIMES CONTRA PATRIMÔNIO,CRIMES CONTRA PATRIMÔNIO: ROUBO: A PESSOA EM VIA PÚBLICA,ES,VITORIA,PRAIA DO SUA,HOSPITAL,roubos,patrimonial,2025.0,6.0,JUN,2025-06-01,0.0,SEG,False,15.0,TARDE
2025-06-09,05:30:00,CRIMES CONTRA PATRIMÔNIO,CRIMES CONTRA PATRIMÔNIO: ROUBO: A PESSOA EM VIA PÚBLICA,ES,VILA VELHA,ALVORADA,VIA PÚBLICA,roubos,patrimonial,2025.0,6.0,JUN,2025-06-01,0.0,SEG,False,5.0,MADRUGADA
2025-06-09,19:00:00,CRIMES CONTRA PATRIMÔNIO,CRIMES CONTRA PATRIMÔNIO: ROUBO: A PESSOA EM VIA PÚBLICA,ES,VITORIA,JUCUTUQUARA,VIA PÚBLICA,roubos,patrimonial,2025.0,6.0,JUN,2025-06-01,0.0,SEG,False,19.0,NOITE
2025-06-10,05:40:00,CRIMES CONTRA PATRIMÔNIO,CRIMES CONTRA PATRIMÔNIO: ROUBO: A PESSOA EM VIA PÚBLICA,ES,CARIACICA,SAO FRANCISCO,VIA PÚBLICA,roubos,patrimonial,2025.0,6.0,JUN,2025-06-01,1.0,TER,False,5.0,MADRUGADA
2025-06-10,01:30:00,CRIMES CONTRA PATRIMÔNIO,CRIMES CONTRA PATRIMÔNIO: ROUBO: A PESSOA EM VIA PÚBLICA,ES,VITORIA,GRANDE VITORIA,VIA PÚBLICA,roubos,patrimonial,2025.0,6.0,JUN,2025-06-01,1.0,TER,False,1.0,MADRUGADA
2025-06-10,05:50:00,CRIMES CONTRA PATRIMÔNIO,CRIMES CONTRA PATRIMÔNIO: ROUBO: A PESSOA EM VIA PÚBLICA,ES,CARIACICA,VILA CAPIXABA,VIA PÚBLICA,roubos,patrimonial,2025.0,6.0,JUN,2025-06-01,1.0,TER,False,5.0,MADRUGADA
2025-06-10,13:30:00,CRIMES CONTRA PATRIMÔNIO,CRIMES CONTRA PATRIMÔNIO: ROUBO: A PESSOA EM VIA PÚBLICA,ES,GUARAPARI,CENTRO,VIA PÚBLICA,roubos,patrimonial,2025.0,6.0,JUN,2025-06-01,1.0,TER,False,13.0,TARDE
2025-06-10,06:15:00,CRIMES CONTRA PATRIMÔNIO,CRIMES CONTRA PATRIMÔNIO: ROUBO: A PESSOA EM VIA PÚBLICA,ES,ITAPEMIRIM,ITAOCA,VIA PÚBLICA,roubos,patrimonial,2025.0,6.0,JUN,2025-06-01,1.0,TER,False,6.0,MANHA
2025-06-10,14:26:00,CRIMES CONTRA PATRIMÔNIO,CRIMES CONTRA PATRIMÔNIO: ROUBO: A PESSOA EM VIA PÚBLICA,ES,SOORETAMA,CENTRO,COMÉRCIO,roubos,patrimonial,2025.0,6.0,JUN,2025-06-01,1.0,TER,False,14.0,TARDE
2025-06-10,14:29:00,CRIMES CONTRA PATRIMÔNIO,CRIMES CONTRA PATRIMÔNIO: ROUBO: A PESSOA EM VIA PÚBLICA,ES,GUARAPARI,CENTRO,VIA PÚBLICA,roubos,patrimonial,2025.0,6.0,JUN,2025-06-01,1.0,TER,False,14.0,TARDE
2025-06-10,00:00:00,CRIMES CONTRA PATRIMÔNIO,CRIMES CONTRA PATRIMÔNIO: ROUBO: A PESSOA EM VIA PÚBLICA,ES,SOORETAMA,CENTRO,VIA PÚBLICA,roubos,patrimonial,2025.0,6.0,JUN,2025-06-01,1.0,TER,False,0.0,MADRUGADA
2025-06-10,05:30:00,CRIMES CONTRA PATRIMÔNIO,CRIMES CONTRA PATRIMÔNIO: ROUBO: A PESSOA EM VIA PÚBLICA,ES,CARIACICA,ZONA RURAL,VIA PÚBLICA,roubos,patrimonial,2025.0,6.0,JUN,2025-06-01,1.0,TER,False,5.0,MADRUGADA
2025-06-10,16:38:00,CRIMES CONTRA PATRIMÔNIO,CRIMES CONTRA PATRIMÔNIO: ROUBO: A PESSOA EM VIA PÚBLICA,ES,LINHARES,BEBEDOURO,VIA PÚBLICA,roubos,patrimonial,2025.0,6.0,JUN,2025-06-01,1.0,TER,False,16.0,TARDE
2025-06-10,19:40:00,CRIMES CONTRA PATRIMÔNIO,CRIMES CONTRA PATRIMÔNIO: ROUBO: A PESSOA EM VIA PÚBLICA,ES,CARIACICA,MORADA DE SANTA FE,VIA PÚBLICA,roubos,patrimonial,2025.0,6.0,JUN,2025-06-01,1.0,TER,False,19.0,NOITE
2025-06-10,20:27:00,CRIMES CONTRA PATRIMÔNIO,CRIMES CONTRA PATRIMÔNIO: ROUBO: A PESSOA EM VIA PÚBLICA,ES,LINHARES,JARDIM LAGUNA,VIA PÚBLICA,roubos,patrimonial,2025.0,6.0,JUN,2025-06-01,1.0,TER,False,20.0,NOITE
2025-06-10,Indeterminada,CRIMES CONTRA PATRIMÔNIO,CRIMES CONTRA PATRIMÔNIO: ROUBO: A PESSOA EM VIA PÚBLICA,ES,LINHARES,ZONA RURAL,VIA PÚBLICA,roubos,patrimonial,2025.0,6.0,JUN,2025-06-01,1.0,TER,False,,
2025-06-10,21:01:00,CRIMES CONTRA PATRIMÔNIO,CRIMES CONTRA PATRIMÔNIO: ROUBO: A PESSOA EM VIA PÚBLICA,ES,LINHARES,SAO JOSE,VIA PÚBLICA,roubos,patrimonial,2025.0,6.0,JUN,2025-06-01,1.0,TER,False,21.0,NOITE
2025-06-10,22:00:00,CRIMES CONTRA PATRIMÔNIO,CRIMES CONTRA PATRIMÔNIO: ROUBO: A PESSOA EM VIA PÚBLICA,ES,CARIACICA,PORTO DE SANTANA,VIA PÚBLICA,roubos,patrimonial,2025.0,6.0,JUN,2025-06-01,1.0,TER,False,22.0,NOITE
2025-06-10,22:00:00,CRIMES CONTRA PATRIMÔNIO,CRIMES CONTRA PATRIMÔNIO: ROUBO: A PESSOA EM VIA PÚBLICA,ES,CARIACICA,PORTO DE SANTANA,VIA PÚBLICA,roubos,patrimonial,2025.0,6.0,JUN,2025-06-01,1.0,TER,False,22.0,NOITE
2025-06-10,20:00:00,CRIMES CONTRA PATRIMÔNIO,CRIMES CONTRA PATRIMÔNIO: ROUBO: A PESSOA EM VIA PÚBLICA,ES,CARIACICA,JARDIM AMERICA,VIA PÚBLICA,roubos,patrimonial,2025.0,6.0,JUN,2025-06-01,1.0,TER,False,20.0,NOITE
2025-06-10,17:00:00,CRIMES CONTRA PATRIMÔNIO,CRIMES CONTRA PATRIMÔNIO: ROUBO: A PESSOA EM VIA PÚBLICA,ES,GUARAPARI,PRAIA DO MORRO,VIA PÚBLICA,roubos,patrimonial,2025.0,6.0,JUN,2025-06-01,1.0,TER,False,17.0,TARDE
2025-06-10,18:20:00,CRIMES CONTRA PATRIMÔNIO,CRIMES CONTRA PATRIMÔNIO: ROUBO: A PESSOA EM VIA PÚBLICA,ES,VITORIA,BENTO FERREIRA,VIA PÚBLICA,roubos,patrimonial,2025.0,6.0,JUN,2025-06-01,1.0,TER,False,18.0,NOITE
2025-06-10,14:30:00,CRIMES CONTRA PATRIMÔNIO,CRIMES CONTRA PATRIMÔNIO: ROUBO: A PESSOA EM VIA PÚBLICA,ES,LINHARES,SHELL,VIA PÚBLICA,roubos,patrimonial,2025.0,6.0,JUN,2025-06-01,1.0,TER,False,14.0,TARDE
2025-06-10,06:50:00,CRIMES CONTRA PATRIMÔNIO,CRIMES CONTRA PATRIMÔNIO: ROUBO: A PESSOA EM VIA PÚBLICA,ES,VILA VELHA,ALECRIM,VIA PÚBLICA,roubos,patrimonial,2025.0,6.0,JUN,2025-06-01,1.0,TER,False,6.0,MANHA
2025-06-10,18:05:00,CRIMES CONTRA PATRIMÔNIO,CRIMES CONTRA PATRIMÔNIO: ROUBO: A PESSOA EM VIA PÚBLICA,ES,VILA VELHA,CENTRO VILA VELHA,VIA PÚBLICA,roubos,patrimonial,2025.0,6.0,JUN,2025-06-01,1.0,TER,False,18.0,NOITE
2025-06-10,18:40:00,CRIMES CONTRA PATRIMÔNIO,CRIMES CONTRA PATRIMÔNIO: ROUBO: A PESSOA EM VIA PÚBLICA,ES,VITORIA,ENSEADA DO SUA,VIA PÚBLICA,roubos,patrimonial,2025.0,6.0,JUN,2025-06-01,1.0,TER,False,18.0,NOITE
2025-06-10,18:50:00,CRIMES CONTRA PATRIMÔNIO,CRIMES CONTRA PATRIMÔNIO: ROUBO: A PESSOA EM VIA PÚBLICA,ES,CARIACICA,PORTO DE CARIACICA,VIA PÚBLICA,roubos,patrimonial,2025.0,6.0,JUN,2025-06-01,1.0,TER,False,18.0,NOITE
2025-06-10,18:30:00,CRIMES CONTRA PATRIMÔNIO,CRIMES CONTRA PATRIMÔNIO: ROUBO: A PESSOA EM VIA PÚBLICA,ES,VILA VELHA,JARDIM GUADALAJARA,VIA PÚBLICA,roubos,patrimonial,2025.0,6.0,JUN,2025-06-01,1.0,TER,False,18.0,NOITE
2025-06-10,10:00:00,CRIMES CONTRA PATRIMÔNIO,CRIMES CONTRA PATRIMÔNIO: ROUBO: A PESSOA EM VIA PÚBLICA,ES,VILA VELHA,CRISTOVAO COLOMBO,VIA PÚBLICA,roubos,patrimonial,2025.0,6.0,JUN,2025-06-01,1.0,TER,False,10.0,MANHA
2025-06-10,11:30:00,CRIMES CONTRA PATRIMÔNIO,CRIMES CONTRA PATRIMÔNIO: ROUBO: A PESSOA EM VIA PÚBLICA,ES,GUARAPARI,MUQUICABA,VIA PÚBLICA,roubos,patrimonial,2025.0,6.0,JUN,2025-06-01,1.0,TER,False,11.0,MANHA
2025-06-10,13:30:00,CRIMES CONTRA PATRIMÔNIO,CRIMES CONTRA PATRIMÔNIO: ROUBO: A PESSOA EM VIA PÚBLICA,ES,VITORIA,MARUIPE,VIA PÚBLICA,roubos,patrimonial,2025.0,6.0,JUN,2025-06-01,1.0,TER,False,13.0,TARDE
2025-06-10,19:40:00,CRIMES CONTRA PATRIMÔNIO,CRIMES CONTRA PATRIMÔNIO: ROUBO: A PESSOA EM VIA PÚBLICA,ES,VITORIA,ENSEADA DO SUA,VIA PÚBLICA,roubos,patrimonial,2025.0,6.0,JUN,2025-06-01,1.0,TER,False,19.0,NOITE
2025-06-10,08:00:00,CRIMES CONTRA PATRIMÔNIO,CRIMES CONTRA PATRIMÔNIO: ROUBO: A PESSOA EM VIA PÚBLICA,ES,VILA VELHA,COBILANDIA,VIA PÚBLICA,roubos,patrimonial,2025.0,6.0,JUN,2025-06-01,1.0,TER,False,8.0,MANHA
2025-06-10,05:30:00,CRIMES CONTRA PATRIMÔNIO,CRIMES CONTRA PATRIMÔNIO: ROUBO: A PESSOA EM VIA PÚBLICA,ES,MARATAIZES,BARRA DE ITAPEMIRIM,VIA PÚBLICA,roubos,patrimonial,2025.0,6.0,JUN,2025-06-01,1.0,TER,False,5.0,MADRUGADA
2025-06-10,21:40:00,CRIMES CONTRA PATRIMÔNIO,CRIMES CONTRA PATRIMÔNIO: ROUBO: A PESSOA EM VIA PÚBLICA,ES,VILA VELHA,GAROTO,VIA PÚBLICA,roubos,patrimonial,2025.0,6.0,JUN,2025-06-01,1.0,TER,False,21.0,NOITE
2025-06-10,14:30:00,CRIMES CONTRA PATRIMÔNIO,CRIMES CONTRA PATRIMÔNIO: ROUBO: A PESSOA EM VIA PÚBLICA,ES,VILA VELHA,COQUEIRAL DE ITAPARICA,VIA PÚBLICA,roubos,patrimonial,2025.0,6.0,JUN,2025-06-01,1.0,TER,False,14.0,TARDE
2025-06-10,Indeterminada,CRIMES CONTRA PATRIMÔNIO,CRIMES CONTRA PATRIMÔNIO: ROUBO: A PESSOA EM VIA PÚBLICA,ES,COLATINA,CENTRO,VIA PÚBLICA,roubos,patrimonial,2025.0,6.0,JUN,2025-06-01,1.0,TER,False,,
2025-06-10,Indeterminada,CRIMES CONTRA PATRIMÔNIO,CRIMES CONTRA PATRIMÔNIO: ROUBO: A PESSOA EM VIA PÚBLICA,ES,VITORIA,CENTRO,VIA PÚBLICA,roubos,patrimonial,2025.0,6.0,JUN,2025-06-01,1.0,TER,False,,
2025-06-10,18:20:00,CRIMES CONTRA PATRIMÔNIO,CRIMES CONTRA PATRIMÔNIO: ROUBO: A PESSOA EM VIA PÚBLICA,ES,VILA VELHA,CRISTOVAO COLOMBO,VIA PÚBLICA,roubos,patrimonial,2025.0,6.0,JUN,2025-06-01,1.0,TER,False,18.0,NOITE
2025-06-10,23:30:00,CRIMES CONTRA PATRIMÔNIO,CRIMES CONTRA PATRIMÔNIO: ROUBO: EM RESIDÊNCIA/CONDOMÍNIO,ES,CARIACICA,NOVA VALVERDE,RESIDÊNCIA,roubos,patrimonial,2025.0,6.0,JUN,2025-06-01,1.0,TER,False,23.0,NOITE
2025-06-11,06:10:00,CRIMES CONTRA PATRIMÔNIO,CRIMES CONTRA PATRIMÔNIO: ROUBO: A PESSOA EM VIA PÚBLICA,ES,CARIACICA,NOVO BRASIL,VIA PÚBLICA,roubos,patrimonial,2025.0,6.0,JUN,2025-06-01,2.0,QUA,False,6.0,MANHA
2025-06-11,Indeterminada,CRIMES CONTRA PATRIMÔNIO,CRIMES CONTRA PATRIMÔNIO: ROUBO: A PESSOA EM VIA PÚBLICA,ES,LINHARES,LAGOA DO MEIO,VIA PÚBLICA,roubos,patrimonial,2025.0,6.0,JUN,2025-06-01,2.0,QUA,False,,
2025-06-11,06:08:00,CRIMES CONTRA PATRIMÔNIO,CRIMES CONTRA PATRIMÔNIO: ROUBO: A PESSOA EM VIA PÚBLICA,ES,CARIACICA,NOVO BRASIL,RESIDÊNCIA,roubos,patrimonial,2025.0,6.0,JUN,2025-06-01,2.0,QUA,False,6.0,MANHA
2025-06-11,06:00:00,CRIMES CONTRA PATRIMÔNIO,CRIMES CONTRA PATRIMÔNIO: ROUBO: A PESSOA EM VIA PÚBLICA,ES,CARIACICA,NOVO BRASIL,VIA PÚBLICA,roubos,patrimonial,2025.0,6.0,JUN,2025-06-01,2.0,QUA,False,6.0,MANHA
2025-06-11,03:00:00,CRIMES CONTRA PATRIMÔNIO,CRIMES CONTRA PATRIMÔNIO: ROUBO: A PESSOA EM VIA PÚBLICA,ES,SERRA,COLINA DE LARANJEIRAS,VIA PÚBLICA,roubos,patrimonial,2025.0,6.0,JUN,2025-06-01,2.0,QUA,False,3.0,MADRUGADA
2025-06-11,06:25:00,CRIMES CONTRA PATRIMÔNIO,CRIMES CONTRA PATRIMÔNIO: ROUBO: A PESSOA EM VIA PÚBLICA,ES,VITORIA,PRAIA DO CANTO,VIA PÚBLICA,roubos,patrimonial,2025.0,6.0,JUN,2025-06-01,2.0,QUA,False,6.0,MANHA
2025-06-11,07:20:00,CRIMES CONTRA PATRIMÔNIO,CRIMES CONTRA PATRIMÔNIO: ROUBO: A PESSOA EM VIA PÚBLICA,ES,SERRA,SANTA LUZIA,VIA PÚBLICA,roubos,patrimonial,2025.0,6.0,JUN,2025-06-01,2.0,QUA,False,7.0,MANHA
2025-06-11,22:24:00,CRIMES CONTRA PATRIMÔNIO,CRIMES CONTRA PATRIMÔNIO: ROUBO: A PESSOA EM VIA PÚBLICA,ES,CARIACICA,NOVA CAMPO GRANDE,VIA PÚBLICA,roubos,patrimonial,2025.0,6.0,JUN,2025-06-01,2.0,QUA,False,22.0,NOITE
2025-06-11,20:00:00,CRIMES CONTRA PATRIMÔNIO,CRIMES CONTRA PATRIMÔNIO: ROUBO: A PESSOA EM VIA PÚBLICA,ES,VILA VELHA,COCAL,VIA PÚBLICA,roubos,patrimonial,2025.0,6.0,JUN,2025-06-01,2.0,QUA,False,20.0,NOITE
2025-06-11,09:25:00,CRIMES CONTRA PATRIMÔNIO,CRIMES CONTRA PATRIMÔNIO: ROUBO: A PESSOA EM VIA PÚBLICA,ES,VILA VELHA,PONTA DA FRUTA,VIA PÚBLICA,roubos,patrimonial,2025.0,6.0,JUN,2025-06-01,2.0,QUA,False,9.0,MANHA
2025-06-11,Indeterminada,CRIMES CONTRA PATRIMÔNIO,CRIMES CONTRA PATRIMÔNIO: ROUBO: A PESSOA EM VIA PÚBLICA,ES,SERRA,NOVA CARAPINA I,VIA PÚBLICA,roubos,patrimonial,2025.0,6.0,JUN,2025-06-01,2.0,QUA,False,,
2025-06-11,19:00:00,CRIMES CONTRA PATRIMÔNIO,CRIMES CONTRA PATRIMÔNIO: ROUBO: A PESSOA EM VIA PÚBLICA,ES,CARIACICA,ITAQUARI,OUTRO LOCAL,roubos,patrimonial,2025.0,6.0,JUN,2025-06-01,2.0,QUA,False,19.0,NOITE
2025-06-11,13:30:00,CRIMES CONTRA PATRIMÔNIO,CRIMES CONTRA PATRIMÔNIO: ROUBO: A PESSOA EM VIA PÚBLICA,ES,CARIACICA,CAMPO GRANDE,VIA PÚBLICA,roubos,patrimonial,2025.0,6.0,JUN,2025-06-01,2.0,QUA,False,13.0,TARDE
2025-06-11,23:54:00,CRIMES CONTRA PATRIMÔNIO,CRIMES CONTRA PATRIMÔNIO: ROUBO: A PESSOA EM VIA PÚBLICA,ES,CONCEICAO DA BARRA,BRACO DO RIO,VIA PÚBLICA,roubos,patrimonial,2025.0,6.0,JUN,2025-06-01,2.0,QUA,False,23.0,NOITE
2025-06-11,16:45:00,CRIMES CONTRA PATRIMÔNIO,CRIMES CONTRA PATRIMÔNIO: ROUBO: EM TRANSPORTE COLETIVO,ES,VIANA,NOVA BETHANIA,VIA PÚBLICA,roubos,patrimonial,2025.0,6.0,JUN,2025-06-01,2.0,QUA,False,16.0,TARDE
2025-06-11,19:45:00,CRIMES CONTRA PATRIMÔNIO,CRIMES CONTRA PATRIMÔNIO: ROUBO: EM TRANSPORTE COLETIVO,ES,VILA VELHA,OUTRO LOCAL,TRANSP COLETIVO,roubos,patrimonial,2025.0,6.0,JUN,2025-06-01,2.0,QUA,False,19.0,NOITE
2025-06-11,21:20:00,CRIMES CONTRA PATRIMÔNIO,CRIMES CONTRA PATRIMÔNIO: ROUBO: EM ESTABELECIMENTO COMERCIAL,ES,CARIACICA,PORTO DE CARIACICA,COMÉRCIO,roubos,patrimonial,2025.0,6.0,JUN,2025-06-01,2.0,QUA,False,21.0,NOITE
2025-06-12,14:50:00,CRIMES CONTRA PATRIMÔNIO,CRIMES CONTRA PATRIMÔNIO: ROUBO: A PESSOA EM VIA PÚBLICA,ES,AFONSO CLAUDIO,CENTRO,VIA PÚBLICA,roubos,patrimonial,2025.0,6.0,JUN,2025-06-01,3.0,QUI,False,14.0,TARDE
2025-06-12,17:38:00,CRIMES CONTRA PATRIMÔNIO,CRIMES CONTRA PATRIMÔNIO: ROUBO: A PESSOA EM VIA PÚBLICA,ES,LINHARES,LAGOA DO MEIO,VIA PÚBLICA,roubos,patrimonial,2025.0,6.0,JUN,2025-06-01,3.0,QUI,False,17.0,TARDE
2025-06-12,17:28:00,CRIMES CONTRA PATRIMÔNIO,CRIMES CONTRA PATRIMÔNIO: ROUBO: A PESSOA EM VIA PÚBLICA,ES,VILA VELHA,ITAPOA,VIA PÚBLICA,roubos,patrimonial,2025.0,6.0,JUN,2025-06-01,3.0,QUI,False,17.0,TARDE
2025-06-12,17:30:00,CRIMES CONTRA PATRIMÔNIO,CRIMES CONTRA PATRIMÔNIO: ROUBO: A PESSOA EM VIA PÚBLICA,ES,VITORIA,ILHA DE SANTA MARIA,VIA PÚBLICA,roubos,patrimonial,2025.0,6.0,JUN,2025-06-01,3.0,QUI,False,17.0,TARDE
2025-06-12,19:00:00,CRIMES CONTRA PATRIMÔNIO,CRIMES CONTRA PATRIMÔNIO: ROUBO: A PESSOA EM VIA PÚBLICA,ES,SERRA,ROSARIO DE FATIMA,VIA PÚBLICA,roubos,patrimonial,2025.0,6.0,JUN,2025-06-01,3.0,QUI,False,19.0,NOITE
2025-06-12,21:16:00,CRIMES CONTRA PATRIMÔNIO,CRIMES CONTRA PATRIMÔNIO: ROUBO: A PESSOA EM VIA PÚBLICA,ES,VILA VELHA,ARACAS,VIA PÚBLICA,roubos,patrimonial,2025.0,6.0,JUN,2025-06-01,3.0,QUI,False,21.0,NOITE
2025-06-12,19:00:00,CRIMES CONTRA PATRIMÔNIO,CRIMES CONTRA PATRIMÔNIO: ROUBO: A PESSOA EM VIA PÚBLICA,ES,GUARAPARI,SANTA MONICA,VIA PÚBLICA,roubos,patrimonial,2025.0,6.0,JUN,2025-06-01,3.0,QUI,False,19.0,NOITE
2025-06-12,21:10:00,CRIMES CONTRA PATRIMÔNIO,CRIMES CONTRA PATRIMÔNIO: ROUBO: A PESSOA EM VIA PÚBLICA,ES,VILA VELHA,JARDIM GUADALAJARA,VIA PÚBLICA,roubos,patrimonial,2025.0,6.0,JUN,2025-06-01,3.0,QUI,False,21.0,NOITE
2025-06-12,14:00:00,CRIMES CONTRA PATRIMÔNIO,CRIMES CONTRA PATRIMÔNIO: ROUBO: A PESSOA EM VIA PÚBLICA,ES,SERRA,MORADA DE LARANJEIRAS,VIA PÚBLICA,roubos,patrimonial,2025.0,6.0,JUN,2025-06-01,3.0,QUI,False,14.0,TARDE
2025-06-12,17:30:00,CRIMES CONTRA PATRIMÔNIO,CRIMES CONTRA PATRIMÔNIO: ROUBO: A PESSOA EM VIA PÚBLICA,ES,LINHARES,LAGOA DO MEIO,VIA PÚBLICA,roubos,patrimonial,2025.0,6.0,JUN,2025-06-01,3.0,QUI,False,17.0,TARDE
2025-06-12,17:45:00,CRIMES CONTRA PATRIMÔNIO,CRIMES CONTRA PATRIMÔNIO: ROUBO: A PESSOA EM VIA PÚBLICA,ES,VILA VELHA,PONTA DA FRUTA,VIA PÚBLICA,roubos,patrimonial,2025.0,6.0,JUN,2025-06-01,3.0,QUI,False,17.0,TARDE
2025-06-12,15:20:00,CRIMES CONTRA PATRIMÔNIO,CRIMES CONTRA PATRIMÔNIO: ROUBO: A PESSOA EM VIA PÚBLICA,ES,CARIACICA,BANDEIRANTES,VIA PÚBLICA,roubos,patrimonial,2025.0,6.0,JUN,2025-06-01,3.0,QUI,False,15.0,TARDE
2025-06-12,04:32:00,CRIMES CONTRA PATRIMÔNIO,CRIMES CONTRA PATRIMÔNIO: ROUBO: A PESSOA EM VIA PÚBLICA,ES,SERRA,BAIRRO DAS LARANJEIRAS,VIA PÚBLICA,roubos,patrimonial,2025.0,6.0,JUN,2025-06-01,3.0,QUI,False,4.0,MADRUGADA
2025-06-12,22:00:00,CRIMES CONTRA PATRIMÔNIO,CRIMES CONTRA PATRIMÔNIO: ROUBO: A PESSOA EM VIA PÚBLICA,ES,VILA VELHA,JOCKEY DE ITAPARICA,VIA PÚBLICA,roubos,patrimonial,2025.0,6.0,JUN,2025-06-01,3.0,QUI,False,22.0,NOITE
2025-06-12,02:30:00,CRIMES CONTRA PATRIMÔNIO,CRIMES CONTRA PATRIMÔNIO: ROUBO: A PESSOA EM VIA PÚBLICA,ES,VILA VELHA,COQUEIRAL DE ITAPARICA,VIA PÚBLICA,roubos,patrimonial,2025.0,6.0,JUN,2025-06-01,3.0,QUI,False,2.0,MADRUGADA
2025-06-12,18:30:00,CRIMES CONTRA PATRIMÔNIO,CRIMES CONTRA PATRIMÔNIO: ROUBO: A PESSOA EM VIA PÚBLICA,ES,LINHARES,ARACA,VIA PÚBLICA,roubos,patrimonial,2025.0,6.0,JUN,2025-06-01,3.0,QUI,False,18.0,NOITE
2025-06-12,18:15:00,CRIMES CONTRA PATRIMÔNIO,CRIMES CONTRA PATRIMÔNIO: ROUBO: A PESSOA EM VIA PÚBLICA,ES,VILA VELHA,RIO MARINHO,VIA PÚBLICA,roubos,patrimonial,2025.0,6.0,JUN,2025-06-01,3.0,QUI,False,18.0,NOITE
2025-06-12,17:10:00,CRIMES CONTRA PATRIMÔNIO,CRIMES CONTRA PATRIMÔNIO: ROUBO: A PESSOA EM VIA PÚBLICA,ES,CARIACICA,ALTO DA BOA VISTA,VIA PÚBLICA,roubos,patrimonial,2025.0,6.0,JUN,2025-06-01,3.0,QUI,False,17.0,TARDE
2025-06-12,15:20:00,CRIMES CONTRA PATRIMÔNIO,CRIMES CONTRA PATRIMÔNIO: ROUBO: A PESSOA EM VIA PÚBLICA,ES,SERRA,SAO JUDAS TADEU,RESIDÊNCIA,roubos,patrimonial,2025.0,6.0,JUN,2025-06-01,3.0,QUI,False,15.0,TARDE
2025-06-12,20:30:00,CRIMES CONTRA PATRIMÔNIO,CRIMES CONTRA PATRIMÔNIO: ROUBO: A PESSOA EM VIA PÚBLICA,ES,VILA VELHA,PONTA DA FRUTA,RODOVIA ESTADUAL,roubos,patrimonial,2025.0,6.0,JUN,2025-06-01,3.0,QUI,False,20.0,NOITE
2025-06-12,12:00:00,CRIMES CONTRA PATRIMÔNIO,CRIMES CONTRA PATRIMÔNIO: ROUBO: A PESSOA EM VIA PÚBLICA,ES,CARIACICA,CAMPO GRANDE,VIA PÚBLICA,roubos,patrimonial,2025.0,6.0,JUN,2025-06-01,3.0,QUI,False,12.0,TARDE
2025-06-12,21:25:00,CRIMES CONTRA PATRIMÔNIO,CRIMES CONTRA PATRIMÔNIO: ROUBO: A PESSOA EM VIA PÚBLICA,ES,VILA VELHA,ILHA DAS FLORES,OUTRO LOCAL,roubos,patrimonial,2025.0,6.0,JUN,2025-06-01,3.0,QUI,False,21.0,NOITE
2025-06-12,10:33:00,CRIMES CONTRA PATRIMÔNIO,CRIMES CONTRA PATRIMÔNIO: ROUBO: EM RESIDÊNCIA/CONDOMÍNIO,ES,LINHARES,OLARIA,RESIDÊNCIA,roubos,patrimonial,2025.0,6.0,JUN,2025-06-01,3.0,QUI,False,10.0,MANHA
2025-07-01,05:45:00,CRIMES CONTRA PATRIMÔNIO,CRIMES CONTRA PATRIMÔNIO: ROUBO: A PESSOA EM VIA PÚBLICA,ES,CARIACICA,VILA CAPIXABA,VIA PÚBLICA,roubos,patrimonial,2025.0,7.0,JUL,2025-07-01,1.0,TER,False,5.0,MADRUGADA
2025-07-01,05:40:00,CRIMES CONTRA PATRIMÔNIO,CRIMES CONTRA PATRIMÔNIO: ROUBO: A PESSOA EM VIA PÚBLICA,ES,CARIACICA,SAO FRANCISCO,VIA PÚBLICA,roubos,patrimonial,2025.0,7.0,JUL,2025-07-01,1.0,TER,False,5.0,MADRUGADA
2025-07-01,09:40:00,CRIMES CONTRA PATRIMÔNIO,CRIMES CONTRA PATRIMÔNIO: ROUBO: A PESSOA EM VIA PÚBLICA,ES,CARIACICA,BELA AURORA,VIA PÚBLICA,roubos,patrimonial,2025.0,7.0,JUL,2025-07-01,1.0,TER,False,9.0,MANHA
2025-07-01,06:00:00,CRIMES CONTRA PATRIMÔNIO,CRIMES CONTRA PATRIMÔNIO: ROUBO: A PESSOA EM VIA PÚBLICA,ES,CARIACICA,SANTO ANDRE,VIA PÚBLICA,roubos,patrimonial,2025.0,7.0,JUL,2025-07-01,1.0,TER,False,6.0,MANHA
2025-07-01,05:40:00,CRIMES CONTRA PATRIMÔNIO,CRIMES CONTRA PATRIMÔNIO: ROUBO: A PESSOA EM VIA PÚBLICA,ES,CARIACICA,VILA CAPIXABA,VIA PÚBLICA,roubos,patrimonial,2025.0,7.0,JUL,2025-07-01,1.0,TER,False,5.0,MADRUGADA
2025-07-01,09:21:00,CRIMES CONTRA PATRIMÔNIO,CRIMES CONTRA PATRIMÔNIO: ROUBO: A PESSOA EM VIA PÚBLICA,ES,VIANA,SOTECO,VIA PÚBLICA,roubos,patrimonial,2025.0,7.0,JUL,2025-07-01,1.0,TER,False,9.0,MANHA
2025-07-01,11:50:00,CRIMES CONTRA PATRIMÔNIO,CRIMES CONTRA PATRIMÔNIO: ROUBO: A PESSOA EM VIA PÚBLICA,ES,LINHARES,MOVELAR,VIA PÚBLICA,roubos,patrimonial,2025.0,7.0,JUL,2025-07-01,1.0,TER,False,11.0,MANHA
2025-07-01,08:30:00,CRIMES CONTRA PATRIMÔNIO,CRIMES CONTRA PATRIMÔNIO: ROUBO: A PESSOA EM VIA PÚBLICA,ES,VILA VELHA,SAO TORQUATO,VIA PÚBLICA,roubos,patrimonial,2025.0,7.0,JUL,2025-07-01,1.0,TER,False,8.0,MANHA
2025-07-01,17:15:00,CRIMES CONTRA PATRIMÔNIO,CRIMES CONTRA PATRIMÔNIO: ROUBO: A PESSOA EM VIA PÚBLICA,ES,SERRA,CENTRAL CARAPINA,VIA PÚBLICA,roubos,patrimonial,2025.0,7.0,JUL,2025-07-01,1.0,TER,False,17.0,TARDE
2025-07-01,19:43:00,CRIMES CONTRA PATRIMÔNIO,CRIMES CONTRA PATRIMÔNIO: ROUBO: A PESSOA EM VIA PÚBLICA,ES,GUARAPARI,PRAIA DO MORRO,VIA PÚBLICA,roubos,patrimonial,2025.0,7.0,JUL,2025-07-01,1.0,TER,False,19.0,NOITE
2025-07-01,22:21:00,CRIMES CONTRA PATRIMÔNIO,CRIMES CONTRA PATRIMÔNIO: ROUBO: A PESSOA EM VIA PÚBLICA,ES,GUARAPARI,LAGOA FUNDA,VIA PÚBLICA,roubos,patrimonial,2025.0,7.0,JUL,2025-07-01,1.0,TER,False,22.0,NOITE
2025-07-01,17:45:00,CRIMES CONTRA PATRIMÔNIO,CRIMES CONTRA PATRIMÔNIO: ROUBO: A PESSOA EM VIA PÚBLICA,ES,SERRA,PARQUE JACARAIPE,VIA PÚBLICA,roubos,patrimonial,2025.0,7.0,JUL,2025-07-01,1.0,TER,False,17.0,TARDE
2025-07-01,20:30:00,CRIMES CONTRA PATRIMÔNIO,CRIMES CONTRA PATRIMÔNIO: ROUBO: A PESSOA EM VIA PÚBLICA,ES,SERRA,LAGOA DE JACARAIPE,VIA PÚBLICA,roubos,patrimonial,2025.0,7.0,JUL,2025-07-01,1.0,TER,False,20.0,NOITE
2025-07-01,15:00:00,CRIMES CONTRA PATRIMÔNIO,CRIMES CONTRA PATRIMÔNIO: ROUBO: A PESSOA EM VIA PÚBLICA,ES,VITORIA,ITARARE,RESIDÊNCIA,roubos,patrimonial,2025.0,7.0,JUL,2025-07-01,1.0,TER,False,15.0,TARDE
2025-07-01,23:50:00,CRIMES CONTRA PATRIMÔNIO,CRIMES CONTRA PATRIMÔNIO: ROUBO: A PESSOA EM VIA PÚBLICA,ES,SERRA,ELDORADO,VIA PÚBLICA,roubos,patrimonial,2025.0,7.0,JUL,2025-07-01,1.0,TER,False,23.0,NOITE
2025-07-01,18:30:00,CRIMES CONTRA PATRIMÔNIO,CRIMES CONTRA PATRIMÔNIO: ROUBO: A PESSOA EM VIA PÚBLICA,ES,CARIACICA,CAMPINA GRANDE,VIA PÚBLICA,roubos,patrimonial,2025.0,7.0,JUL,2025-07-01,1.0,TER,False,18.0,NOITE
2025-07-01,18:40:00,CRIMES CONTRA PATRIMÔNIO,CRIMES CONTRA PATRIMÔNIO: ROUBO: A PESSOA EM VIA PÚBLICA,ES,VIANA,ARLINDO ANGELO VILLASCHI,VIA PÚBLICA,roubos,patrimonial,2025.0,7.0,JUL,2025-07-01,1.0,TER,False,18.0,NOITE
2025-07-01,19:30:00,CRIMES CONTRA PATRIMÔNIO,CRIMES CONTRA PATRIMÔNIO: ROUBO: A PESSOA EM VIA PÚBLICA,ES,VILA VELHA,PRAIA DA COSTA,VIA PÚBLICA,roubos,patrimonial,2025.0,7.0,JUL,2025-07-01,1.0,TER,False,19.0,NOITE
2025-07-01,20:20:00,CRIMES CONTRA PATRIMÔNIO,CRIMES CONTRA PATRIMÔNIO: ROUBO: A PESSOA EM VIA PÚBLICA,ES,VILA VELHA,COQUEIRAL DE ITAPARICA,VIA PÚBLICA,roubos,patrimonial,2025.0,7.0,JUL,2025-07-01,1.0,TER,False,20.0,NOITE
2025-07-01,07:00:00,CRIMES CONTRA PATRIMÔNIO,CRIMES CONTRA PATRIMÔNIO: ROUBO: A PESSOA EM VIA PÚBLICA,ES,SERRA,COLINA DE LARANJEIRAS,VIA PÚBLICA,roubos,patrimonial,2025.0,7.0,JUL,2025-07-01,1.0,TER,False,7.0,MANHA
2025-07-01,10:30:00,CRIMES CONTRA PATRIMÔNIO,CRIMES CONTRA PATRIMÔNIO: ROUBO: A PESSOA EM VIA PÚBLICA,ES,CARIACICA,TABAJARA,VIA PÚBLICA,roubos,patrimonial,2025.0,7.0,JUL,2025-07-01,1.0,TER,False,10.0,MANHA
2025-07-01,16:30:00,CRIMES CONTRA PATRIMÔNIO,CRIMES CONTRA PATRIMÔNIO: ROUBO: A PESSOA EM VIA PÚBLICA,ES,SERRA,CARAPINA GRANDE,VIA PÚBLICA,roubos,patrimonial,2025.0,7.0,JUL,2025-07-01,1.0,TER,False,16.0,TARDE
2025-07-01,20:00:00,CRIMES CONTRA PATRIMÔNIO,CRIMES CONTRA PATRIMÔNIO: ROUBO: A PESSOA EM VIA PÚBLICA,ES,SERRA,CARAPINA GRANDE,VEÍCULO,roubos,patrimonial,2025.0,7.0,JUL,2025-07-01,1.0,TER,False,20.0,NOITE
2025-07-01,20:00:00,CRIMES CONTRA PATRIMÔNIO,CRIMES CONTRA PATRIMÔNIO: ROUBO: A PESSOA EM VIA PÚBLICA,ES,VITORIA,SANTO ANTONIO,VIA PÚBLICA,roubos,patrimonial,2025.0,7.0,JUL,2025-07-01,1.0,TER,False,20.0,NOITE
2025-07-01,21:30:00,CRIMES CONTRA PATRIMÔNIO,CRIMES CONTRA PATRIMÔNIO: ROUBO: EM TRANSPORTE COLETIVO,ES,CARIACICA,PORTO DE CARIACICA,TRANSP COLETIVO,roubos,patrimonial,2025.0,7.0,JUL,2025-07-01,1.0,TER,False,21.0,NOITE
2025-07-01,20:30:00,CRIMES CONTRA PATRIMÔNIO,CRIMES CONTRA PATRIMÔNIO: ROUBO: EM TRANSPORTE COLETIVO,ES,CARIACICA,FLEXAL II,VEÍCULO,roubos,patrimonial,2025.0,7.0,JUL,2025-07-01,1.0,TER,False,20.0,NOITE
2025-07-01,20:30:00,CRIMES CONTRA PATRIMÔNIO,CRIMES CONTRA PATRIMÔNIO: ROUBO: EM TRANSPORTE COLETIVO,ES,CARIACICA,FLEXAL II,VEÍCULO,roubos,patrimonial,2025.0,7.0,JUL,2025-07-01,1.0,TER,False,20.0,NOITE
2025-07-01,21:30:00,CRIMES CONTRA PATRIMÔNIO,CRIMES CONTRA PATRIMÔNIO: ROUBO: EM TRANSPORTE COLETIVO,ES,CARIACICA,VILA PRUDENCIO,TRANSP COLETIVO,roubos,patrimonial,2025.0,7.0,JUL,2025-07-01,1.0,TER,False,21.0,NOITE
2025-07-01,21:30:00,CRIMES CONTRA PATRIMÔNIO,CRIMES CONTRA PATRIMÔNIO: ROUBO: EM TRANSPORTE COLETIVO,ES,CARIACICA,PORTO NOVO,TRANSP COLETIVO,roubos,patrimonial,2025.0,7.0,JUL,2025-07-01,1.0,TER,False,21.0,NOITE
2025-07-01,23:40:00,CRIMES CONTRA PATRIMÔNIO,CRIMES CONTRA PATRIMÔNIO: ROUBO: EM TRANSPORTE COLETIVO,ES,VITORIA,VILA RUBIM,TRANSP COLETIVO,roubos,patrimonial,2025.0,7.0,JUL,2025-07-01,1.0,TER,False,23.0,NOITE
2025-07-01,20:40:00,CRIMES CONTRA PATRIMÔNIO,CRIMES CONTRA PATRIMÔNIO: ROUBO: EM TRANSPORTE COLETIVO,ES,VITORIA,CENTRO,TRANSP COLETIVO,roubos,patrimonial,2025.0,7.0,JUL,2025-07-01,1.0,TER,False,20.0,NOITE
2025-07-01,05:22:00,CRIMES CONTRA PATRIMÔNIO,CRIMES CONTRA PATRIMÔNIO: ROUBO: EM TRANSPORTE COLETIVO,ES,SERRA,BAIRRO DE FATIMA,TRANSP COLETIVO,roubos,patrimonial,2025.0,7.0,JUL,2025-07-01,1.0,TER,False,5.0,MADRUGADA
2025-07-01,21:30:00,CRIMES CONTRA PATRIMÔNIO,CRIMES CONTRA PATRIMÔNIO: ROUBO: EM TRANSPORTE COLETIVO,ES,CARIACICA,VILA PRUDENCIO,TRANSP COLETIVO,roubos,patrimonial,2025.0,7.0,JUL,2025-07-01,1.0,TER,False,21.0,NOITE
2025-07-01,23:45:00,CRIMES CONTRA PATRIMÔNIO,CRIMES CONTRA PATRIMÔNIO: ROUBO: EM ESTABELECIMENTO COMERCIAL,ES,VILA VELHA,JOCKEY DE ITAPARICA,COMÉRCIO,roubos,patrimonial,2025.0,7.0,JUL,2025-07-01,1.0,TER,False,23.0,NOITE
2025-07-01,04:00:00,CRIMES CONTRA PATRIMÔNIO,CRIMES CONTRA PATRIMÔNIO: ROUBO: EM RESIDÊNCIA/CONDOMÍNIO,ES,VITORIA,JARDIM DA PENHA,RESIDÊNCIA,roubos,patrimonial,2025.0,7.0,JUL,2025-07-01,1.0,TER,False,4.0,MADRUGADA
2025-07-02,13:12:00,CRIMES CONTRA PATRIMÔNIO,CRIMES CONTRA PATRIMÔNIO: ROUBO: A PESSOA EM VIA PÚBLICA,ES,CACHOEIRO DE ITAPEMIRIM,AMARELO,VIA PÚBLICA,roubos,patrimonial,2025.0,7.0,JUL,2025-07-01,2.0,QUA,False,13.0,TARDE
2025-07-02,14:33:00,CRIMES CONTRA PATRIMÔNIO,CRIMES CONTRA PATRIMÔNIO: ROUBO: A PESSOA EM VIA PÚBLICA,ES,GUARAPARI,BALNEARIO MEAIPE,VIA PÚBLICA,roubos,patrimonial,2025.0,7.0,JUL,2025-07-01,2.0,QUA,False,14.0,TARDE
2025-07-02,01:15:00,CRIMES CONTRA PATRIMÔNIO,CRIMES CONTRA PATRIMÔNIO: ROUBO: A PESSOA EM VIA PÚBLICA,ES,GUARAPARI,PRAIA DO MORRO,VIA PÚBLICA,roubos,patrimonial,2025.0,7.0,JUL,2025-07-01,2.0,QUA,False,1.0,MADRUGADA
2025-07-02,06:00:00,CRIMES CONTRA PATRIMÔNIO,CRIMES CONTRA PATRIMÔNIO: ROUBO: A PESSOA EM VIA PÚBLICA,ES,VIANA,MARCILIO DE NORONHA,VIA PÚBLICA,roubos,patrimonial,2025.0,7.0,JUL,2025-07-01,2.0,QUA,False,6.0,MANHA
2025-07-02,13:30:00,CRIMES CONTRA PATRIMÔNIO,CRIMES CONTRA PATRIMÔNIO: ROUBO: A PESSOA EM VIA PÚBLICA,ES,VITORIA,JARDIM DA PENHA,VIA PÚBLICA,roubos,patrimonial,2025.0,7.0,JUL,2025-07-01,2.0,QUA,False,13.0,TARDE
2025-07-02,23:30:00,CRIMES CONTRA PATRIMÔNIO,CRIMES CONTRA PATRIMÔNIO: ROUBO: A PESSOA EM VIA PÚBLICA,ES,VITORIA,JARDIM CAMBURI,VIA PÚBLICA,roubos,patrimonial,2025.0,7.0,JUL,2025-07-01,2.0,QUA,False,23.0,NOITE
2025-07-02,13:20:00,CRIMES CONTRA PATRIMÔNIO,CRIMES CONTRA PATRIMÔNIO: ROUBO: A PESSOA EM VIA PÚBLICA,ES,VITORIA,JARDIM DA PENHA,RESIDÊNCIA,roubos,patrimonial,2025.0,7.0,JUL,2025-07-01,2.0,QUA,False,13.0,TARDE
2025-07-02,07:00:00,CRIMES CONTRA PATRIMÔNIO,CRIMES CONTRA PATRIMÔNIO: ROUBO: A PESSOA EM VIA PÚBLICA,ES,CARIACICA,ITACIBA,VIA PÚBLICA,roubos,patrimonial,2025.0,7.0,JUL,2025-07-01,2.0,QUA,False,7.0,MANHA
2025-07-02,12:20:00,CRIMES CONTRA PATRIMÔNIO,CRIMES CONTRA PATRIMÔNIO: ROUBO: A PESSOA EM VIA PÚBLICA,ES,SERRA,COSTA DOURADA,VIA PÚBLICA,roubos,patrimonial,2025.0,7.0,JUL,2025-07-01,2.0,QUA,False,12.0,TARDE
2025-07-02,12:10:00,CRIMES CONTRA PATRIMÔNIO,CRIMES CONTRA PATRIMÔNIO: ROUBO: A PESSOA EM VIA PÚBLICA,ES,SERRA,COSTA DOURADA,VIA PÚBLICA,roubos,patrimonial,2025.0,7.0,JUL,2025-07-01,2.0,QUA,False,12.0,TARDE
2025-07-02,19:00:00,CRIMES CONTRA PATRIMÔNIO,CRIMES CONTRA PATRIMÔNIO: ROUBO: A PESSOA EM VIA PÚBLICA,ES,VITORIA,GOIABEIRAS,VIA PÚBLICA,roubos,patrimonial,2025.0,7.0,JUL,2025-07-01,2.0,QUA,False,19.0,NOITE
2025-07-02,15:40:00,CRIMES CONTRA PATRIMÔNIO,CRIMES CONTRA PATRIMÔNIO: ROUBO: A PESSOA EM VIA PÚBLICA,ES,CARIACICA,CAMPO GRANDE,VIA PÚBLICA,roubos,patrimonial,2025.0,7.0,JUL,2025-07-01,2.0,QUA,False,15.0,TARDE
2025-07-02,15:30:00,CRIMES CONTRA PATRIMÔNIO,CRIMES CONTRA PATRIMÔNIO: ROUBO: A PESSOA EM VIA PÚBLICA,ES,CARIACICA,CASTELO BRANCO,VIA PÚBLICA,roubos,patrimonial,2025.0,7.0,JUL,2025-07-01,2.0,QUA,False,15.0,TARDE
2025-07-02,00:15:00,CRIMES CONTRA PATRIMÔNIO,CRIMES CONTRA PATRIMÔNIO: ROUBO: A PESSOA EM VIA PÚBLICA,ES,VILA VELHA,VALE ENCANTADO,VIA PÚBLICA,roubos,patrimonial,2025.0,7.0,JUL,2025-07-01,2.0,QUA,False,0.0,MADRUGADA
2025-07-02,18:50:00,CRIMES CONTRA PATRIMÔNIO,CRIMES CONTRA PATRIMÔNIO: ROUBO: A PESSOA EM VIA PÚBLICA,ES,SERRA,JARDIM LIMOEIRO,VIA PÚBLICA,roubos,patrimonial,2025.0,7.0,JUL,2025-07-01,2.0,QUA,False,18.0,NOITE
2025-07-02,23:00:00,CRIMES CONTRA PATRIMÔNIO,CRIMES CONTRA PATRIMÔNIO: ROUBO: A PESSOA EM VIA PÚBLICA,ES,VILA VELHA,GUARANHUNS,OUTRO LOCAL,roubos,patrimonial,2025.0,7.0,JUL,2025-07-01,2.0,QUA,False,23.0,NOITE
2025-07-02,07:30:00,CRIMES CONTRA PATRIMÔNIO,CRIMES CONTRA PATRIMÔNIO: ROUBO: A PESSOA EM VIA PÚBLICA,ES,CARIACICA,JARDIM AMERICA,VIA PÚBLICA,roubos,patrimonial,2025.0,7.0,JUL,2025-07-01,2.0,QUA,False,7.0,MANHA
2025-07-02,17:30:00,CRIMES CONTRA PATRIMÔNIO,CRIMES CONTRA PATRIMÔNIO: ROUBO: EM TRANSPORTE COLETIVO,ES,SERRA,CARAPINA I,TRANSP COLETIVO,roubos,patrimonial,2025.0,7.0,JUL,2025-07-01,2.0,QUA,False,17.0,TARDE
2025-07-02,Indeterminada,CRIMES CONTRA PATRIMÔNIO,CRIMES CONTRA PATRIMÔNIO: ROUBO: EM ESTABELECIMENTO COMERCIAL,ES,LINHARES,ARACA,COMÉRCIO,roubos,patrimonial,2025.0,7.0,JUL,2025-07-01,2.0,QUA,False,,
2025-07-02,08:00:00,CRIMES CONTRA PATRIMÔNIO,CRIMES CONTRA PATRIMÔNIO: ROUBO: EM RESIDÊNCIA/CONDOMÍNIO,ES,ARACRUZ,BELA VISTA,RESIDÊNCIA,roubos,patrimonial,2025.0,7.0,JUL,2025-07-01,2.0,QUA,False,8.0,MANHA
2025-07-03,02:08:00,CRIMES CONTRA PATRIMÔNIO,CRIMES CONTRA PATRIMÔNIO: ROUBO: A PESSOA EM VIA PÚBLICA,ES,VILA VELHA,GLORIA,VIA PÚBLICA,roubos,patrimonial,2025.0,7.0,JUL,2025-07-01,3.0,QUI,False,2.0,MADRUGADA
2025-07-03,01:30:00,CRIMES CONTRA PATRIMÔNIO,CRIMES CONTRA PATRIMÔNIO: ROUBO: A PESSOA EM VIA PÚBLICA,ES,CARIACICA,VILA PALESTINA,VIA PÚBLICA,roubos,patrimonial,2025.0,7.0,JUL,2025-07-01,3.0,QUI,False,1.0,MADRUGADA
2025-07-03,15:44:00,CRIMES CONTRA PATRIMÔNIO,CRIMES CONTRA PATRIMÔNIO: ROUBO: A PESSOA EM VIA PÚBLICA,ES,CARIACICA,CRUZEIRO DO SUL,VIA PÚBLICA,roubos,patrimonial,2025.0,7.0,JUL,2025-07-01,3.0,QUI,False,15.0,TARDE
2025-07-03,21:00:00,CRIMES CONTRA PATRIMÔNIO,CRIMES CONTRA PATRIMÔNIO: ROUBO: A PESSOA EM VIA PÚBLICA,ES,VITORIA,DA PENHA,VIA PÚBLICA,roubos,patrimonial,2025.0,7.0,JUL,2025-07-01,3.0,QUI,False,21.0,NOITE
2025-07-03,22:30:00,CRIMES CONTRA PATRIMÔNIO,CRIMES CONTRA PATRIMÔNIO: ROUBO: A PESSOA EM VIA PÚBLICA,ES,GUARAPARI,IPIRANGA,VIA PÚBLICA,roubos,patrimonial,2025.0,7.0,JUL,2025-07-01,3.0,QUI,False,22.0,NOITE
2025-07-03,22:15:00,CRIMES CONTRA PATRIMÔNIO,CRIMES CONTRA PATRIMÔNIO: ROUBO: A PESSOA EM VIA PÚBLICA,ES,VILA VELHA,JOCKEY DE ITAPARICA,VIA PÚBLICA,roubos,patrimonial,2025.0,7.0,JUL,2025-07-01,3.0,QUI,False,22.0,NOITE
2025-07-03,15:30:00,CRIMES CONTRA PATRIMÔNIO,CRIMES CONTRA PATRIMÔNIO: ROUBO: A PESSOA EM VIA PÚBLICA,ES,SERRA,FEU ROSA,VIA PÚBLICA,roubos,patrimonial,2025.0,7.0,JUL,2025-07-01,3.0,QUI,False,15.0,TARDE
2025-07-03,11:11:00,CRIMES CONTRA PATRIMÔNIO,CRIMES CONTRA PATRIMÔNIO: ROUBO: A PESSOA EM VIA PÚBLICA,ES,SERRA,SAO DIOGO I,VIA PÚBLICA,roubos,patrimonial,2025.0,7.0,JUL,2025-07-01,3.0,QUI,False,11.0,MANHA
2025-07-03,06:40:00,CRIMES CONTRA PATRIMÔNIO,CRIMES CONTRA PATRIMÔNIO: ROUBO: A PESSOA EM VIA PÚBLICA,ES,SERRA,SAO DIOGO I,VIA PÚBLICA,roubos,patrimonial,2025.0,7.0,JUL,2025-07-01,3.0,QUI,False,6.0,MANHA
2025-07-03,13:30:00,CRIMES CONTRA PATRIMÔNIO,CRIMES CONTRA PATRIMÔNIO: ROUBO: A PESSOA EM VIA PÚBLICA,ES,VITORIA,CENTRO,VIA PÚBLICA,roubos,patrimonial,2025.0,7.0,JUL,2025-07-01,3.0,QUI,False,13.0,TARDE
2025-07-03,22:00:00,CRIMES CONTRA PATRIMÔNIO,CRIMES CONTRA PATRIMÔNIO: ROUBO: A PESSOA EM VIA PÚBLICA,ES,CARIACICA,VILA CAPIXABA,VIA PÚBLICA,roubos,patrimonial,2025.0,7.0,JUL,2025-07-01,3.0,QUI,False,22.0,NOITE
2025-07-03,15:14:00,CRIMES CONTRA PATRIMÔNIO,CRIMES CONTRA PATRIMÔNIO: ROUBO: A PESSOA EM VIA PÚBLICA,ES,VITORIA,JARDIM DA PENHA,VIA PÚBLICA,roubos,patrimonial,2025.0,7.0,JUL,2025-07-01,3.0,QUI,False,15.0,TARDE
2025-07-03,22:00:00,CRIMES CONTRA PATRIMÔNIO,CRIMES CONTRA PATRIMÔNIO: ROUBO: A PESSOA EM VIA PÚBLICA,ES,CARIACICA,VILA CAPIXABA,VIA PÚBLICA,roubos,patrimonial,2025.0,7.0,JUL,2025-07-01,3.0,QUI,False,22.0,NOITE
2025-07-03,09:00:00,CRIMES CONTRA PATRIMÔNIO,CRIMES CONTRA PATRIMÔNIO: ROUBO: A PESSOA EM VIA PÚBLICA,ES,VILA VELHA,JARDIM COLORADO,VIA PÚBLICA,roubos,patrimonial,2025.0,7.0,JUL,2025-07-01,3.0,QUI,False,9.0,MANHA
2025-07-03,Indeterminada,CRIMES CONTRA PATRIMÔNIO,CRIMES CONTRA PATRIMÔNIO: ROUBO: EM TRANSPORTE COLETIVO,ES,SERRA,CARAPINA,VIA PÚBLICA,roubos,patrimonial,2025.0,7.0,JUL,2025-07-01,3.0,QUI,False,,
2025-07-04,10:00:00,CRIMES CONTRA PATRIMÔNIO,CRIMES CONTRA PATRIMÔNIO: ROUBO: A PESSOA EM VIA PÚBLICA,ES,SERRA,FEU ROSA,VIA PÚBLICA,roubos,patrimonial,2025.0,7.0,JUL,2025-07-01,4.0,SEX,False,10.0,MANHA
2025-07-04,12:30:00,CRIMES CONTRA PATRIMÔNIO,CRIMES CONTRA PATRIMÔNIO: ROUBO: A PESSOA EM VIA PÚBLICA,ES,SERRA,PARQUE RESIDENCIAL LARANJEIRAS,VIA PÚBLICA,roubos,patrimonial,2025.0,7.0,JUL,2025-07-01,4.0,SEX,False,12.0,TARDE
2025-07-04,20:46:00,CRIMES CONTRA PATRIMÔNIO,CRIMES CONTRA PATRIMÔNIO: ROUBO: A PESSOA EM VIA PÚBLICA,ES,LINHARES,JUPARANA,VIA PÚBLICA,roubos,patrimonial,2025.0,7.0,JUL,2025-07-01,4.0,SEX,False,20.0,NOITE
2025-07-04,21:00:00,CRIMES CONTRA PATRIMÔNIO,CRIMES CONTRA PATRIMÔNIO: ROUBO: A PESSOA EM VIA PÚBLICA,ES,CARIACICA,NOVA BRASILIA,VIA PÚBLICA,roubos,patrimonial,2025.0,7.0,JUL,2025-07-01,4.0,SEX,False,21.0,NOITE
2025-07-04,19:37:00,CRIMES CONTRA PATRIMÔNIO,CRIMES CONTRA PATRIMÔNIO: ROUBO: A PESSOA EM VIA PÚBLICA,ES,VITORIA,ITARARE,VIA PÚBLICA,roubos,patrimonial,2025.0,7.0,JUL,2025-07-01,4.0,SEX,False,19.0,NOITE
2025-07-04,01:00:00,CRIMES CONTRA PATRIMÔNIO,CRIMES CONTRA PATRIMÔNIO: ROUBO: A PESSOA EM VIA PÚBLICA,ES,VITORIA,MARUIPE,VIA PÚBLICA,roubos,patrimonial,2025.0,7.0,JUL,2025-07-01,4.0,SEX,False,1.0,MADRUGADA
2025-07-04,16:00:00,CRIMES CONTRA PATRIMÔNIO,CRIMES CONTRA PATRIMÔNIO: ROUBO: A PESSOA EM VIA PÚBLICA,ES,VILA VELHA,PRAIA DE ITAPARICA,VIA PÚBLICA,roubos,patrimonial,2025.0,7.0,JUL,2025-07-01,4.0,SEX,False,16.0,TARDE
2025-07-04,21:20:00,CRIMES CONTRA PATRIMÔNIO,CRIMES CONTRA PATRIMÔNIO: ROUBO: A PESSOA EM VIA PÚBLICA,ES,SERRA,SAO DIOGO I,VIA PÚBLICA,roubos,patrimonial,2025.0,7.0,JUL,2025-07-01,4.0,SEX,False,21.0,NOITE
2025-07-04,15:20:00,CRIMES CONTRA PATRIMÔNIO,CRIMES CONTRA PATRIMÔNIO: ROUBO: A PESSOA EM VIA PÚBLICA,ES,SERRA,PLANALTO SERRANO,VIA PÚBLICA,roubos,patrimonial,2025.0,7.0,JUL,2025-07-01,4.0,SEX,False,15.0,TARDE
2025-07-04,15:20:00,CRIMES CONTRA PATRIMÔNIO,CRIMES CONTRA PATRIMÔNIO: ROUBO: A PESSOA EM VIA PÚBLICA,ES,SERRA,JARDIM GUANABARA,VIA PÚBLICA,roubos,patrimonial,2025.0,7.0,JUL,2025-07-01,4.0,SEX,False,15.0,TARDE
2025-07-04,12:00:00,CRIMES CONTRA PATRIMÔNIO,CRIMES CONTRA PATRIMÔNIO: ROUBO: A PESSOA EM VIA PÚBLICA,ES,VILA VELHA,CENTRO VILA VELHA,VIA PÚBLICA,roubos,patrimonial,2025.0,7.0,JUL,2025-07-01,4.0,SEX,False,12.0,TARDE
2025-07-04,12:00:00,CRIMES CONTRA PATRIMÔNIO,CRIMES CONTRA PATRIMÔNIO: ROUBO: A PESSOA EM VIA PÚBLICA,ES,VILA VELHA,CENTRO VILA VELHA,VIA PÚBLICA,roubos,patrimonial,2025.0,7.0,JUL,2025-07-01,4.0,SEX,False,12.0,TARDE
2025-07-04,17:00:00,CRIMES CONTRA PATRIMÔNIO,CRIMES CONTRA PATRIMÔNIO: ROUBO: A PESSOA EM VIA PÚBLICA,ES,SERRA,SERRA CENTRO,VIA PÚBLICA,roubos,patrimonial,2025.0,7.0,JUL,2025-07-01,4.0,SEX,False,17.0,TARDE
2025-07-04,21:30:00,CRIMES CONTRA PATRIMÔNIO,CRIMES CONTRA PATRIMÔNIO: ROUBO: A PESSOA EM VIA PÚBLICA,ES,CARIACICA,NOVA ROSA DA PENHA,VIA PÚBLICA,roubos,patrimonial,2025.0,7.0,JUL,2025-07-01,4.0,SEX,False,21.0,NOITE
2025-07-04,06:30:00,CRIMES CONTRA PATRIMÔNIO,CRIMES CONTRA PATRIMÔNIO: ROUBO: EM TRANSPORTE COLETIVO,ES,CARIACICA,NOVA ROSA DA PENHA,TRANSP COLETIVO,roubos,patrimonial,2025.0,7.0,JUL,2025-07-01,4.0,SEX,False,6.0,MANHA
2025-07-04,07:00:00,CRIMES CONTRA PATRIMÔNIO,CRIMES CONTRA PATRIMÔNIO: ROUBO: EM TRANSPORTE COLETIVO,ES,VITORIA,JUCUTUQUARA,TRANSP COLETIVO,roubos,patrimonial,2025.0,7.0,JUL,2025-07-01,4.0,SEX,False,7.0,MANHA
2025-07-04,14:45:00,CRIMES CONTRA PATRIMÔNIO,CRIMES CONTRA PATRIMÔNIO: ROUBO: EM TRANSPORTE COLETIVO,ES,VILA VELHA,PRAIA DA COSTA,COMÉRCIO,roubos,patrimonial,2025.0,7.0,JUL,2025-07-01,4.0,SEX,False,14.0,TARDE
2025-07-04,10:00:00,CRIMES CONTRA PATRIMÔNIO,CRIMES CONTRA PATRIMÔNIO: ROUBO: EM ESTABELECIMENTO COMERCIAL,ES,CARIACICA,TABAJARA,COMÉRCIO,roubos,patrimonial,2025.0,7.0,JUL,2025-07-01,4.0,SEX,False,10.0,MANHA
2025-07-04,19:56:00,CRIMES CONTRA PATRIMÔNIO,CRIMES CONTRA PATRIMÔNIO: ROUBO: EM ESTABELECIMENTO COMERCIAL,ES,CARIACICA,VILA ISABEL,COMÉRCIO,roubos,patrimonial,2025.0,7.0,JUL,2025-07-01,4.0,SEX,False,19.0,NOITE
2025-07-04,19:55:00,CRIMES CONTRA PATRIMÔNIO,CRIMES CONTRA PATRIMÔNIO: ROUBO: EM ESTABELECIMENTO COMERCIAL,ES,CARIACICA,CAMPO BELO,RODOVIA ESTADUAL,roubos,patrimonial,2025.0,7.0,JUL,2025-07-01,4.0,SEX,False,19.0,NOITE
2025-07-05,03:30:00,CRIMES CONTRA PATRIMÔNIO,CRIMES CONTRA PATRIMÔNIO: ROUBO: A PESSOA EM VIA PÚBLICA,ES,GUARAPARI,SANTA MONICA,VIA PÚBLICA,roubos,patrimonial,2025.0,7.0,JUL,2025-07-01,5.0,SAB,True,3.0,MADRUGADA
2025-07-05,03:40:00,CRIMES CONTRA PATRIMÔNIO,CRIMES CONTRA PATRIMÔNIO: ROUBO: A PESSOA EM VIA PÚBLICA,ES,VILA VELHA,ARIBIRI,VIA PÚBLICA,roubos,patrimonial,2025.0,7.0,JUL,2025-07-01,5.0,SAB,True,3.0,MADRUGADA
2025-07-05,02:00:00,CRIMES CONTRA PATRIMÔNIO,CRIMES CONTRA PATRIMÔNIO: ROUBO: A PESSOA EM VIA PÚBLICA,ES,VILA VELHA,GLORIA,VIA PÚBLICA,roubos,patrimonial,2025.0,7.0,JUL,2025-07-01,5.0,SAB,True,2.0,MADRUGADA
2025-07-05,17:00:00,CRIMES CONTRA PATRIMÔNIO,CRIMES CONTRA PATRIMÔNIO: ROUBO: A PESSOA EM VIA PÚBLICA,ES,VIANA,MARCILIO DE NORONHA,VIA PÚBLICA,roubos,patrimonial,2025.0,7.0,JUL,2025-07-01,5.0,SAB,True,17.0,TARDE
2025-07-05,18:00:00,CRIMES CONTRA PATRIMÔNIO,CRIMES CONTRA PATRIMÔNIO: ROUBO: A PESSOA EM VIA PÚBLICA,ES,PONTO BELO,MORUMBI,VIA PÚBLICA,roubos,patrimonial,2025.0,7.0,JUL,2025-07-01,5.0,SAB,True,18.0,NOITE
2025-07-05,19:30:00,CRIMES CONTRA PATRIMÔNIO,CRIMES CONTRA PATRIMÔNIO: ROUBO: A PESSOA EM VIA PÚBLICA,ES,SERRA,CARAPINA,VIA PÚBLICA,roubos,patrimonial,2025.0,7.0,JUL,2025-07-01,5.0,SAB,True,19.0,NOITE
2025-07-05,21:00:00,CRIMES CONTRA PATRIMÔNIO,CRIMES CONTRA PATRIMÔNIO: ROUBO: A PESSOA EM VIA PÚBLICA,ES,VILA VELHA,CENTRO VILA VELHA,RESIDÊNCIA,roubos,patrimonial,2025.0,7.0,JUL,2025-07-01,5.0,SAB,True,21.0,NOITE
2025-07-05,23:40:00,CRIMES CONTRA PATRIMÔNIO,CRIMES CONTRA PATRIMÔNIO: ROUBO: A PESSOA EM VIA PÚBLICA,ES,COLATINA,COLATINA VELHA,VIA PÚBLICA,roubos,patrimonial,2025.0,7.0,JUL,2025-07-01,5.0,SAB,True,23.0,NOITE
2025-07-05,11:40:00,CRIMES CONTRA PATRIMÔNIO,CRIMES CONTRA PATRIMÔNIO: ROUBO: A PESSOA EM VIA PÚBLICA,ES,CARIACICA,PORTO DE SANTANA,VIA PÚBLICA,roubos,patrimonial,2025.0,7.0,JUL,2025-07-01,5.0,SAB,True,11.0,MANHA
2025-07-05,06:00:00,CRIMES CONTRA PATRIMÔNIO,CRIMES CONTRA PATRIMÔNIO: ROUBO: A PESSOA EM VIA PÚBLICA,ES,CARIACICA,CAMPO VERDE,VIA PÚBLICA,roubos,patrimonial,2025.0,7.0,JUL,2025-07-01,5.0,SAB,True,6.0,MANHA
2025-07-05,22:00:00,CRIMES CONTRA PATRIMÔNIO,CRIMES CONTRA PATRIMÔNIO: ROUBO: A PESSOA EM VIA PÚBLICA,ES,VITORIA,SANTA HELENA,VIA PÚBLICA,roubos,patrimonial,2025.0,7.0,JUL,2025-07-01,5.0,SAB,True,22.0,NOITE
2025-07-05,21:00:00,CRIMES CONTRA PATRIMÔNIO,CRIMES CONTRA PATRIMÔNIO: ROUBO: A PESSOA EM VIA PÚBLICA,ES,SERRA,NOVO HORIZONTE,VIA PÚBLICA,roubos,patrimonial,2025.0,7.0,JUL,2025-07-01,5.0,SAB,True,21.0,NOITE
2025-07-05,14:30:00,CRIMES CONTRA PATRIMÔNIO,CRIMES CONTRA PATRIMÔNIO: ROUBO: A PESSOA EM VIA PÚBLICA,ES,SERRA,COLINA DE LARANJEIRAS,VIA PÚBLICA,roubos,patrimonial,2025.0,7.0,JUL,2025-07-01,5.0,SAB,True,14.0,TARDE
2025-07-05,01:00:00,CRIMES CONTRA PATRIMÔNIO,CRIMES CONTRA PATRIMÔNIO: ROUBO: A PESSOA EM VIA PÚBLICA,ES,SERRA,SERRA DOURADA II,VIA PÚBLICA,roubos,patrimonial,2025.0,7.0,JUL,2025-07-01,5.0,SAB,True,1.0,MADRUGADA
2025-07-05,00:00:00,CRIMES CONTRA PATRIMÔNIO,CRIMES CONTRA PATRIMÔNIO: ROUBO: A PESSOA EM VIA PÚBLICA,ES,SERRA,FEU ROSA,VIA PÚBLICA,roubos,patrimonial,2025.0,7.0,JUL,2025-07-01,5.0,SAB,True,0.0,MADRUGADA
2025-07-05,02:30:00,CRIMES CONTRA PATRIMÔNIO,CRIMES CONTRA PATRIMÔNIO: ROUBO: A PESSOA EM VIA PÚBLICA,ES,VILA VELHA,CENTRO VILA VELHA,VIA PÚBLICA,roubos,patrimonial,2025.0,7.0,JUL,2025-07-01,5.0,SAB,True,2.0,MADRUGADA
2025-07-05,23:00:00,CRIMES CONTRA PATRIMÔNIO,CRIMES CONTRA PATRIMÔNIO: ROUBO: A PESSOA EM VIA PÚBLICA,ES,VILA VELHA,PRAIA DA COSTA,OUTRO LOCAL,roubos,patrimonial,2025.0,7.0,JUL,2025-07-01,5.0,SAB,True,23.0,NOITE
2025-07-05,08:00:00,CRIMES CONTRA PATRIMÔNIO,CRIMES CONTRA PATRIMÔNIO: ROUBO: A PESSOA EM VIA PÚBLICA,ES,VITORIA,JARDIM DA PENHA,VIA PÚBLICA,roubos,patrimonial,2025.0,7.0,JUL,2025-07-01,5.0,SAB,True,8.0,MANHA
2025-07-05,19:00:00,CRIMES CONTRA PATRIMÔNIO,CRIMES CONTRA PATRIMÔNIO: ROUBO: A PESSOA EM VIA PÚBLICA,ES,VILA VELHA,NOVA PONTA DA FRUTA,OUTRO LOCAL,roubos,patrimonial,2025.0,7.0,JUL,2025-07-01,5.0,SAB,True,19.0,NOITE
2025-07-05,08:30:00,CRIMES CONTRA PATRIMÔNIO,CRIMES CONTRA PATRIMÔNIO: ROUBO: A PESSOA EM VIA PÚBLICA,ES,CARIACICA,SANTANA,VIA PÚBLICA,roubos,patrimonial,2025.0,7.0,JUL,2025-07-01,5.0,SAB,True,8.0,MANHA
2025-07-05,08:00:00,CRIMES CONTRA PATRIMÔNIO,CRIMES CONTRA PATRIMÔNIO: ROUBO: A PESSOA EM VIA PÚBLICA,ES,CARIACICA,CAMPO GRANDE,VIA PÚBLICA,roubos,patrimonial,2025.0,7.0,JUL,2025-07-01,5.0,SAB,True,8.0,MANHA
2025-07-05,17:20:00,CRIMES CONTRA PATRIMÔNIO,CRIMES CONTRA PATRIMÔNIO: ROUBO: A PESSOA EM VIA PÚBLICA,ES,CONCEICAO DA BARRA,ZONA RURAL,RODOVIA ESTADUAL,roubos,patrimonial,2025.0,7.0,JUL,2025-07-01,5.0,SAB,True,17.0,TARDE
2025-07-05,05:40:00,CRIMES CONTRA PATRIMÔNIO,CRIMES CONTRA PATRIMÔNIO: ROUBO: A PESSOA EM VIA PÚBLICA,ES,LINHARES,INTERLAGOS,VIA PÚBLICA,roubos,patrimonial,2025.0,7.0,JUL,2025-07-01,5.0,SAB,True,5.0,MADRUGADA
2025-07-05,20:50:00,CRIMES CONTRA PATRIMÔNIO,CRIMES CONTRA PATRIMÔNIO: ROUBO: A PESSOA EM VIA PÚBLICA,ES,SERRA,NOVO HORIZONTE,OUTRO LOCAL,roubos,patrimonial,2025.0,7.0,JUL,2025-07-01,5.0,SAB,True,20.0,NOITE
2025-07-05,23:00:00,CRIMES CONTRA PATRIMÔNIO,CRIMES CONTRA PATRIMÔNIO: ROUBO: A PESSOA EM VIA PÚBLICA,ES,VITORIA,CENTRO,OUTRO LOCAL,roubos,patrimonial,2025.0,7.0,JUL,2025-07-01,5.0,SAB,True,23.0,NOITE
2025-07-05,20:15:00,CRIMES CONTRA PATRIMÔNIO,CRIMES CONTRA PATRIMÔNIO: ROUBO: A PESSOA EM VIA PÚBLICA,ES,SERRA,JARDIM LIMOEIRO,VIA PÚBLICA,roubos,patrimonial,2025.0,7.0,JUL,2025-07-01,5.0,SAB,True,20.0,NOITE
2025-07-05,22:00:00,CRIMES CONTRA PATRIMÔNIO,CRIMES CONTRA PATRIMÔNIO: ROUBO: A PESSOA EM VIA PÚBLICA,ES,CARIACICA,CAMPINA GRANDE,VIA PÚBLICA,roubos,patrimonial,2025.0,7.0,JUL,2025-07-01,5.0,SAB,True,22.0,NOITE
2025-07-05,21:35:00,CRIMES CONTRA PATRIMÔNIO,CRIMES CONTRA PATRIMÔNIO: ROUBO: A PESSOA EM VIA PÚBLICA,ES,SERRA,SANTIAGO,VIA PÚBLICA,roubos,patrimonial,2025.0,7.0,JUL,2025-07-01,5.0,SAB,True,21.0,NOITE
2025-07-05,14:00:00,CRIMES CONTRA PATRIMÔNIO,CRIMES CONTRA PATRIMÔNIO: ROUBO: A PESSOA EM VIA PÚBLICA,ES,VITORIA,GOIABEIRAS,VIA PÚBLICA,roubos,patrimonial,2025.0,7.0,JUL,2025-07-01,5.0,SAB,True,14.0,TARDE
2025-07-05,20:00:00,CRIMES CONTRA PATRIMÔNIO,CRIMES CONTRA PATRIMÔNIO: ROUBO: A PESSOA EM VIA PÚBLICA,ES,CARIACICA,CAMPO GRANDE,VIA PÚBLICA,roubos,patrimonial,2025.0,7.0,JUL,2025-07-01,5.0,SAB,True,20.0,NOITE
2025-07-05,05:40:00,CRIMES CONTRA PATRIMÔNIO,CRIMES CONTRA PATRIMÔNIO: ROUBO: A PESSOA EM VIA PÚBLICA,ES,SERRA,PARQUE DAS GAIVOTAS,VIA PÚBLICA,roubos,patrimonial,2025.0,7.0,JUL,2025-07-01,5.0,SAB,True,5.0,MADRUGADA
2025-07-05,22:30:00,CRIMES CONTRA PATRIMÔNIO,CRIMES CONTRA PATRIMÔNIO: ROUBO: A PESSOA EM VIA PÚBLICA,ES,SERRA,CASTELANDIA,VIA PÚBLICA,roubos,patrimonial,2025.0,7.0,JUL,2025-07-01,5.0,SAB,True,22.0,NOITE
2025-07-05,12:40:00,CRIMES CONTRA PATRIMÔNIO,CRIMES CONTRA PATRIMÔNIO: ROUBO: EM TRANSPORTE COLETIVO,ES,SERRA,EURICO SALLES,TRANSP COLETIVO,roubos,patrimonial,2025.0,7.0,JUL,2025-07-01,5.0,SAB,True,12.0,TARDE
2025-07-05,12:40:00,CRIMES CONTRA PATRIMÔNIO,CRIMES CONTRA PATRIMÔNIO: ROUBO: EM TRANSPORTE COLETIVO,ES,SERRA,COLINA DE LARANJEIRAS,TRANSP COLETIVO,roubos,patrimonial,2025.0,7.0,JUL,2025-07-01,5.0,SAB,True,12.0,TARDE
2025-07-05,09:30:00,CRIMES CONTRA PATRIMÔNIO,CRIMES CONTRA PATRIMÔNIO: ROUBO: EM ESTABELECIMENTO COMERCIAL,ES,CARIACICA,GRAUNA,COMÉRCIO,roubos,patrimonial,2025.0,7.0,JUL,2025-07-01,5.0,SAB,True,9.0,MANHA
2025-07-05,10:30:00,CRIMES CONTRA PATRIMÔNIO,CRIMES CONTRA PATRIMÔNIO: ROUBO: EM RESIDÊNCIA/CONDOMÍNIO,ES,GUARAPARI,RECANTO DA SEREIA,RESIDÊNCIA,roubos,patrimonial,2025.0,7.0,JUL,2025-07-01,5.0,SAB,True,10.0,MANHA
2025-07-05,09:15:00,CRIMES CONTRA PATRIMÔNIO,CRIMES CONTRA PATRIMÔNIO: ROUBO: EM RESIDÊNCIA/CONDOMÍNIO,ES,GUARAPARI,RECANTO DA SEREIA,RESIDÊNCIA,roubos,patrimonial,2025.0,7.0,JUL,2025-07-01,5.0,SAB,True,9.0,MANHA
2025-07-05,16:00:00,CRIMES CONTRA PATRIMÔNIO,CRIMES CONTRA PATRIMÔNIO: ROUBO: EM RESIDÊNCIA/CONDOMÍNIO,ES,CARIACICA,NOVO BRASIL,RESIDÊNCIA,roubos,patrimonial,2025.0,7.0,JUL,2025-07-01,5.0,SAB,True,16.0,TARDE
2025-07-06,03:00:00,CRIMES CONTRA PATRIMÔNIO,CRIMES CONTRA PATRIMÔNIO: ROUBO: A PESSOA EM VIA PÚBLICA,ES,VILA VELHA,PRAIA DA COSTA,VIA PÚBLICA,roubos,patrimonial,2025.0,7.0,JUL,2025-07-01,6.0,DOM,True,3.0,MADRUGADA
2025-07-06,11:15:00,CRIMES CONTRA PATRIMÔNIO,CRIMES CONTRA PATRIMÔNIO: ROUBO: A PESSOA EM VIA PÚBLICA,ES,ARACRUZ,DECARLI,VIA PÚBLICA,roubos,patrimonial,2025.0,7.0,JUL,2025-07-01,6.0,DOM,True,11.0,MANHA
2025-07-06,19:37:00,CRIMES CONTRA PATRIMÔNIO,CRIMES CONTRA PATRIMÔNIO: ROUBO: A PESSOA EM VIA PÚBLICA,ES,CACHOEIRO DE ITAPEMIRIM,AEROPORTO,VIA PÚBLICA,roubos,patrimonial,2025.0,7.0,JUL,2025-07-01,6.0,DOM,True,19.0,NOITE
2025-07-06,23:00:00,CRIMES CONTRA PATRIMÔNIO,CRIMES CONTRA PATRIMÔNIO: ROUBO: A PESSOA EM VIA PÚBLICA,ES,CACHOEIRO DE ITAPEMIRIM,NOVO PARQUE,OUTRO LOCAL,roubos,patrimonial,2025.0,7.0,JUL,2025-07-01,6.0,DOM,True,23.0,NOITE
2025-07-06,20:30:00,CRIMES CONTRA PATRIMÔNIO,CRIMES CONTRA PATRIMÔNIO: ROUBO: A PESSOA EM VIA PÚBLICA,ES,FUNDAO,CENTRO,VIA PÚBLICA,roubos,patrimonial,2025.0,7.0,JUL,2025-07-01,6.0,DOM,True,20.0,NOITE
2025-07-06,05:40:00,CRIMES CONTRA PATRIMÔNIO,CRIMES CONTRA PATRIMÔNIO: ROUBO: A PESSOA EM VIA PÚBLICA,ES,CARIACICA,GRAUNA,VIA PÚBLICA,roubos,patrimonial,2025.0,7.0,JUL,2025-07-01,6.0,DOM,True,5.0,MADRUGADA
2025-07-06,09:00:00,CRIMES CONTRA PATRIMÔNIO,CRIMES CONTRA PATRIMÔNIO: ROUBO: A PESSOA EM VIA PÚBLICA,ES,VILA VELHA,RIO MARINHO,OUTRO LOCAL,roubos,patrimonial,2025.0,7.0,JUL,2025-07-01,6.0,DOM,True,9.0,MANHA
2025-07-06,01:30:00,CRIMES CONTRA PATRIMÔNIO,CRIMES CONTRA PATRIMÔNIO: ROUBO: A PESSOA EM VIA PÚBLICA,ES,VILA VELHA,SOTECO,VIA PÚBLICA,roubos,patrimonial,2025.0,7.0,JUL,2025-07-01,6.0,DOM,True,1.0,MADRUGADA
2025-07-06,13:00:00,CRIMES CONTRA PATRIMÔNIO,CRIMES CONTRA PATRIMÔNIO: ROUBO: A PESSOA EM VIA PÚBLICA,ES,VILA VELHA,PRAIA DE ITAPARICA,VIA PÚBLICA,roubos,patrimonial,2025.0,7.0,JUL,2025-07-01,6.0,DOM,True,13.0,TARDE
2025-07-06,20:40:00,CRIMES CONTRA PATRIMÔNIO,CRIMES CONTRA PATRIMÔNIO: ROUBO: A PESSOA EM VIA PÚBLICA,ES,VILA VELHA,SOTECO,VIA PÚBLICA,roubos,patrimonial,2025.0,7.0,JUL,2025-07-01,6.0,DOM,True,20.0,NOITE
2025-07-06,21:20:00,CRIMES CONTRA PATRIMÔNIO,CRIMES CONTRA PATRIMÔNIO: ROUBO: A PESSOA EM VIA PÚBLICA,ES,VILA VELHA,PRAIA DE ITAPARICA,VIA PÚBLICA,roubos,patrimonial,2025.0,7.0,JUL,2025-07-01,6.0,DOM,True,21.0,NOITE
2025-07-06,07:00:00,CRIMES CONTRA PATRIMÔNIO,CRIMES CONTRA PATRIMÔNIO: ROUBO: A PESSOA EM VIA PÚBLICA,ES,FUNDAO,CENTRO,TRANSP COLETIVO,roubos,patrimonial,2025.0,7.0,JUL,2025-07-01,6.0,DOM,True,7.0,MANHA
2025-07-06,15:00:00,CRIMES CONTRA PATRIMÔNIO,CRIMES CONTRA PATRIMÔNIO: ROUBO: A PESSOA EM VIA PÚBLICA,ES,CACHOEIRO DE ITAPEMIRIM,CENTRO,VIA PÚBLICA,roubos,patrimonial,2025.0,7.0,JUL,2025-07-01,6.0,DOM,True,15.0,TARDE
2025-07-06,20:47:00,CRIMES CONTRA PATRIMÔNIO,CRIMES CONTRA PATRIMÔNIO: ROUBO: A PESSOA EM VIA PÚBLICA,ES,CARIACICA,CAMPO GRANDE,VIA PÚBLICA,roubos,patrimonial,2025.0,7.0,JUL,2025-07-01,6.0,DOM,True,20.0,NOITE
2025-07-06,23:10:00,CRIMES CONTRA PATRIMÔNIO,CRIMES CONTRA PATRIMÔNIO: ROUBO: A PESSOA EM VIA PÚBLICA,ES,VILA VELHA,COQUEIRAL DE ITAPARICA,VIA PÚBLICA,roubos,patrimonial,2025.0,7.0,JUL,2025-07-01,6.0,DOM,True,23.0,NOITE
2025-07-06,08:40:00,CRIMES CONTRA PATRIMÔNIO,CRIMES CONTRA PATRIMÔNIO: ROUBO: A PESSOA EM VIA PÚBLICA,ES,VITORIA,VILA RUBIM,VIA PÚBLICA,roubos,patrimonial,2025.0,7.0,JUL,2025-07-01,6.0,DOM,True,8.0,MANHA
2025-07-07,05:10:00,CRIMES CONTRA PATRIMÔNIO,CRIMES CONTRA PATRIMÔNIO: ROUBO: A PESSOA EM VIA PÚBLICA,ES,CARIACICA,ITACIBA,VIA PÚBLICA,roubos,patrimonial,2025.0,7.0,JUL,2025-07-01,0.0,SEG,False,5.0,MADRUGADA
2025-07-07,Indeterminada,CRIMES CONTRA PATRIMÔNIO,CRIMES CONTRA PATRIMÔNIO: ROUBO: A PESSOA EM VIA PÚBLICA,ES,LINHARES,CENTRO,VIA PÚBLICA,roubos,patrimonial,2025.0,7.0,JUL,2025-07-01,0.0,SEG,False,,
2025-07-07,04:00:00,CRIMES CONTRA PATRIMÔNIO,CRIMES CONTRA PATRIMÔNIO: ROUBO: A PESSOA EM VIA PÚBLICA,ES,VIANA,NOVA BETHANIA,VIA PÚBLICA,roubos,patrimonial,2025.0,7.0,JUL,2025-07-01,0.0,SEG,False,4.0,MADRUGADA
2025-07-07,03:00:00,CRIMES CONTRA PATRIMÔNIO,CRIMES CONTRA PATRIMÔNIO: ROUBO: A PESSOA EM VIA PÚBLICA,ES,SERRA,JARDIM ATLANTICO,VIA PÚBLICA,roubos,patrimonial,2025.0,7.0,JUL,2025-07-01,0.0,SEG,False,3.0,MADRUGADA
2025-07-07,13:50:00,CRIMES CONTRA PATRIMÔNIO,CRIMES CONTRA PATRIMÔNIO: ROUBO: A PESSOA EM VIA PÚBLICA,ES,SERRA,CASTELANDIA,VIA PÚBLICA,roubos,patrimonial,2025.0,7.0,JUL,2025-07-01,0.0,SEG,False,13.0,TARDE
2025-07-07,12:10:00,CRIMES CONTRA PATRIMÔNIO,CRIMES CONTRA PATRIMÔNIO: ROUBO: A PESSOA EM VIA PÚBLICA,ES,SERRA,ROSARIO DE FATIMA,VIA PÚBLICA,roubos,patrimonial,2025.0,7.0,JUL,2025-07-01,0.0,SEG,False,12.0,TARDE
2025-07-07,15:20:00,CRIMES CONTRA PATRIMÔNIO,CRIMES CONTRA PATRIMÔNIO: ROUBO: A PESSOA EM VIA PÚBLICA,ES,GUARAPARI,PRAIA DO MORRO,VIA PÚBLICA,roubos,patrimonial,2025.0,7.0,JUL,2025-07-01,0.0,SEG,False,15.0,TARDE
2025-07-07,11:30:00,CRIMES CONTRA PATRIMÔNIO,CRIMES CONTRA PATRIMÔNIO: ROUBO: A PESSOA EM VIA PÚBLICA,ES,CARIACICA,CARIACICA SEDE,VIA PÚBLICA,roubos,patrimonial,2025.0,7.0,JUL,2025-07-01,0.0,SEG,False,11.0,MANHA
2025-07-07,18:00:00,CRIMES CONTRA PATRIMÔNIO,CRIMES CONTRA PATRIMÔNIO: ROUBO: A PESSOA EM VIA PÚBLICA,ES,SERRA,VALPARAISO,VIA PÚBLICA,roubos,patrimonial,2025.0,7.0,JUL,2025-07-01,0.0,SEG,False,18.0,NOITE
2025-07-07,21:38:00,CRIMES CONTRA PATRIMÔNIO,CRIMES CONTRA PATRIMÔNIO: ROUBO: A PESSOA EM VIA PÚBLICA,ES,VILA VELHA,PRAIA DE ITAPARICA,VIA PÚBLICA,roubos,patrimonial,2025.0,7.0,JUL,2025-07-01,0.0,SEG,False,21.0,NOITE
2025-07-07,20:57:00,CRIMES CONTRA PATRIMÔNIO,CRIMES CONTRA PATRIMÔNIO: ROUBO: A PESSOA EM VIA PÚBLICA,ES,VILA VELHA,SANTA MONICA,VIA PÚBLICA,roubos,patrimonial,2025.0,7.0,JUL,2025-07-01,0.0,SEG,False,20.0,NOITE
2025-07-07,20:30:00,CRIMES CONTRA PATRIMÔNIO,CRIMES CONTRA PATRIMÔNIO: ROUBO: A PESSOA EM VIA PÚBLICA,ES,VILA VELHA,PRAIA DA COSTA,VIA PÚBLICA,roubos,patrimonial,2025.0,7.0,JUL,2025-07-01,0.0,SEG,False,20.0,NOITE
2025-07-07,19:29:00,CRIMES CONTRA PATRIMÔNIO,CRIMES CONTRA PATRIMÔNIO: ROUBO: A PESSOA EM VIA PÚBLICA,ES,VILA VELHA,PRAIA DA COSTA,VIA PÚBLICA,roubos,patrimonial,2025.0,7.0,JUL,2025-07-01,0.0,SEG,False,19.0,NOITE
2025-07-07,15:00:00,CRIMES CONTRA PATRIMÔNIO,CRIMES CONTRA PATRIMÔNIO: ROUBO: A PESSOA EM VIA PÚBLICA,ES,CARIACICA,ITACIBA,VIA PÚBLICA,roubos,patrimonial,2025.0,7.0,JUL,2025-07-01,0.0,SEG,False,15.0,TARDE
2025-07-07,20:04:00,CRIMES CONTRA PATRIMÔNIO,CRIMES CONTRA PATRIMÔNIO: ROUBO: A PESSOA EM VIA PÚBLICA,ES,LINHARES,AVISO,VIA PÚBLICA,roubos,patrimonial,2025.0,7.0,JUL,2025-07-01,0.0,SEG,False,20.0,NOITE
2025-07-07,20:00:00,CRIMES CONTRA PATRIMÔNIO,CRIMES CONTRA PATRIMÔNIO: ROUBO: A PESSOA EM VIA PÚBLICA,ES,VILA VELHA,PRAIA DA COSTA,VIA PÚBLICA,roubos,patrimonial,2025.0,7.0,JUL,2025-07-01,0.0,SEG,False,20.0,NOITE
2025-07-07,10:30:00,CRIMES CONTRA PATRIMÔNIO,CRIMES CONTRA PATRIMÔNIO: ROUBO: A PESSOA EM VIA PÚBLICA,ES,GUARAPARI,CENTRO,VIA PÚBLICA,roubos,patrimonial,2025.0,7.0,JUL,2025-07-01,0.0,SEG,False,10.0,MANHA
2025-07-07,19:22:00,CRIMES CONTRA PATRIMÔNIO,CRIMES CONTRA PATRIMÔNIO: ROUBO: A PESSOA EM VIA PÚBLICA,ES,SERRA,PORTAL DE JACARAIPE,OUTRO LOCAL,roubos,patrimonial,2025.0,7.0,JUL,2025-07-01,0.0,SEG,False,19.0,NOITE
2025-07-07,20:02:00,CRIMES CONTRA PATRIMÔNIO,CRIMES CONTRA PATRIMÔNIO: ROUBO: A PESSOA EM VIA PÚBLICA,ES,CARIACICA,CASTELO BRANCO,VIA PÚBLICA,roubos,patrimonial,2025.0,7.0,JUL,2025-07-01,0.0,SEG,False,20.0,NOITE
2025-07-07,20:30:00,CRIMES CONTRA PATRIMÔNIO,CRIMES CONTRA PATRIMÔNIO: ROUBO: A PESSOA EM VIA PÚBLICA,ES,SERRA,HELIO FERRAZ,VIA PÚBLICA,roubos,patrimonial,2025.0,7.0,JUL,2025-07-01,0.0,SEG,False,20.0,NOITE
2025-07-07,20:00:00,CRIMES CONTRA PATRIMÔNIO,CRIMES CONTRA PATRIMÔNIO: ROUBO: A PESSOA EM VIA PÚBLICA,ES,SERRA,JARDIM TROPICAL,OUTRO LOCAL,roubos,patrimonial,2025.0,7.0,JUL,2025-07-01,0.0,SEG,False,20.0,NOITE
2025-07-07,22:00:00,CRIMES CONTRA PATRIMÔNIO,CRIMES CONTRA PATRIMÔNIO: ROUBO: A PESSOA EM VIA PÚBLICA,ES,VILA VELHA,JOCKEY DE ITAPARICA,VIA PÚBLICA,roubos,patrimonial,2025.0,7.0,JUL,2025-07-01,0.0,SEG,False,22.0,NOITE
2025-07-07,06:50:00,CRIMES CONTRA PATRIMÔNIO,CRIMES CONTRA PATRIMÔNIO: ROUBO: A PESSOA EM VIA PÚBLICA,ES,VILA VELHA,ITAPOA,VIA PÚBLICA,roubos,patrimonial,2025.0,7.0,JUL,2025-07-01,0.0,SEG,False,6.0,MANHA
2025-07-07,22:30:00,CRIMES CONTRA PATRIMÔNIO,CRIMES CONTRA PATRIMÔNIO: ROUBO: A PESSOA EM VIA PÚBLICA,ES,VITORIA,REPUBLICA,VIA PÚBLICA,roubos,patrimonial,2025.0,7.0,JUL,2025-07-01,0.0,SEG,False,22.0,NOITE
2025-07-07,05:30:00,CRIMES CONTRA PATRIMÔNIO,CRIMES CONTRA PATRIMÔNIO: ROUBO: A PESSOA EM VIA PÚBLICA,ES,VILA VELHA,NOSSA SENHORA DA PENHA,VIA PÚBLICA,roubos,patrimonial,2025.0,7.0,JUL,2025-07-01,0.0,SEG,False,5.0,MADRUGADA
2025-07-07,16:45:00,CRIMES CONTRA PATRIMÔNIO,CRIMES CONTRA PATRIMÔNIO: ROUBO: A PESSOA EM VIA PÚBLICA,ES,SERRA,ESTANCIA MONAZITICA,VIA PÚBLICA,roubos,patrimonial,2025.0,7.0,JUL,2025-07-01,0.0,SEG,False,16.0,TARDE
2025-07-07,18:20:00,CRIMES CONTRA PATRIMÔNIO,CRIMES CONTRA PATRIMÔNIO: ROUBO: A PESSOA EM VIA PÚBLICA,ES,VILA VELHA,BARRA DO JUCU,VIA PÚBLICA,roubos,patrimonial,2025.0,7.0,JUL,2025-07-01,0.0,SEG,False,18.0,NOITE
2025-07-07,Indeterminada,CRIMES CONTRA PATRIMÔNIO,CRIMES CONTRA PATRIMÔNIO: ROUBO: A PESSOA EM VIA PÚBLICA,ES,LINHARES,AVISO,VIA PÚBLICA,roubos,patrimonial,2025.0,7.0,JUL,2025-07-01,0.0,SEG,False,,
2025-07-07,02:00:00,CRIMES CONTRA PATRIMÔNIO,CRIMES CONTRA PATRIMÔNIO: ROUBO: EM TRANSPORTE COLETIVO,ES,VITORIA,ILHA DE SANTA MARIA,VEÍCULO,roubos,patrimonial,2025.0,7.0,JUL,2025-07-01,0.0,SEG,False,2.0,MADRUGADA
2025-07-07,14:30:00,CRIMES CONTRA PATRIMÔNIO,CRIMES CONTRA PATRIMÔNIO: ROUBO: EM TRANSPORTE COLETIVO,ES,SERRA,JOSE DE ANCHIETA II,TRANSP COLETIVO,roubos,patrimonial,2025.0,7.0,JUL,2025-07-01,0.0,SEG,False,14.0,TARDE
2025-07-07,10:30:00,CRIMES CONTRA PATRIMÔNIO,CRIMES CONTRA PATRIMÔNIO: ROUBO: EM TRANSPORTE COLETIVO,ES,VILA VELHA,OUTRO LOCAL,TRANSP COLETIVO,roubos,patrimonial,2025.0,7.0,JUL,2025-07-01,0.0,SEG,False,10.0,MANHA
2025-07-07,10:30:00,CRIMES CONTRA PATRIMÔNIO,CRIMES CONTRA PATRIMÔNIO: ROUBO: EM TRANSPORTE COLETIVO,ES,VILA VELHA,VALE ENCANTADO,TRANSP COLETIVO,roubos,patrimonial,2025.0,7.0,JUL,2025-07-01,0.0,SEG,False,10.0,MANHA
2025-07-07,12:00:00,CRIMES CONTRA PATRIMÔNIO,CRIMES CONTRA PATRIMÔNIO: ROUBO: EM TRANSPORTE COLETIVO,ES,SERRA,CARAPINA,TRANSP COLETIVO,roubos,patrimonial,2025.0,7.0,JUL,2025-07-01,0.0,SEG,False,12.0,TARDE
2025-07-07,06:13:00,CRIMES CONTRA PATRIMÔNIO,CRIMES CONTRA PATRIMÔNIO: ROUBO: EM ESTABELECIMENTO COMERCIAL,ES,CACHOEIRO DE ITAPEMIRIM,IBITIQUARA,COMÉRCIO,roubos,patrimonial,2025.0,7.0,JUL,2025-07-01,0.0,SEG,False,6.0,MANHA
2025-07-07,16:50:00,CRIMES CONTRA PATRIMÔNIO,CRIMES CONTRA PATRIMÔNIO: ROUBO: EM ESTABELECIMENTO COMERCIAL,ES,LINHARES,RIO QUARTEL,COMÉRCIO,roubos,patrimonial,2025.0,7.0,JUL,2025-07-01,0.0,SEG,False,16.0,TARDE
2025-07-07,17:00:00,CRIMES CONTRA PATRIMÔNIO,CRIMES CONTRA PATRIMÔNIO: ROUBO: EM ESTABELECIMENTO COMERCIAL,ES,CACHOEIRO DE ITAPEMIRIM,AQUIDABAN,COMÉRCIO,roubos,patrimonial,2025.0,7.0,JUL,2025-07-01,0.0,SEG,False,17.0,TARDE
2025-07-08,07:20:00,CRIMES CONTRA PATRIMÔNIO,CRIMES CONTRA PATRIMÔNIO: ROUBO: A PESSOA EM VIA PÚBLICA,ES,CARIACICA,TABAJARA,VIA PÚBLICA,roubos,patrimonial,2025.0,7.0,JUL,2025-07-01,1.0,TER,False,7.0,MANHA
2025-07-08,11:59:00,CRIMES CONTRA PATRIMÔNIO,CRIMES CONTRA PATRIMÔNIO: ROUBO: A PESSOA EM VIA PÚBLICA,ES,CARIACICA,ALICE COUTINHO,VIA PÚBLICA,roubos,patrimonial,2025.0,7.0,JUL,2025-07-01,1.0,TER,False,11.0,MANHA
2025-07-08,13:30:00,CRIMES CONTRA PATRIMÔNIO,CRIMES CONTRA PATRIMÔNIO: ROUBO: A PESSOA EM VIA PÚBLICA,ES,VILA VELHA,SANTOS DUMONT,VIA PÚBLICA,roubos,patrimonial,2025.0,7.0,JUL,2025-07-01,1.0,TER,False,13.0,TARDE
2025-07-08,12:56:00,CRIMES CONTRA PATRIMÔNIO,CRIMES CONTRA PATRIMÔNIO: ROUBO: A PESSOA EM VIA PÚBLICA,ES,CARIACICA,NOVO BRASIL,VIA PÚBLICA,roubos,patrimonial,2025.0,7.0,JUL,2025-07-01,1.0,TER,False,12.0,TARDE
2025-07-08,19:20:00,CRIMES CONTRA PATRIMÔNIO,CRIMES CONTRA PATRIMÔNIO: ROUBO: A PESSOA EM VIA PÚBLICA,ES,SERRA,SAO DIOGO I,OUTRO LOCAL,roubos,patrimonial,2025.0,7.0,JUL,2025-07-01,1.0,TER,False,19.0,NOITE
2025-07-08,18:00:00,CRIMES CONTRA PATRIMÔNIO,CRIMES CONTRA PATRIMÔNIO: ROUBO: A PESSOA EM VIA PÚBLICA,ES,CARIACICA,NOVA CANAA,VIA PÚBLICA,roubos,patrimonial,2025.0,7.0,JUL,2025-07-01,1.0,TER,False,18.0,NOITE
2025-07-08,21:27:00,CRIMES CONTRA PATRIMÔNIO,CRIMES CONTRA PATRIMÔNIO: ROUBO: A PESSOA EM VIA PÚBLICA,ES,VILA VELHA,PRAIA DE ITAPARICA,VIA PÚBLICA,roubos,patrimonial,2025.0,7.0,JUL,2025-07-01,1.0,TER,False,21.0,NOITE
2025-07-08,15:00:00,CRIMES CONTRA PATRIMÔNIO,CRIMES CONTRA PATRIMÔNIO: ROUBO: A PESSOA EM VIA PÚBLICA,ES,CACHOEIRO DE ITAPEMIRIM,ZUMBI,VIA PÚBLICA,roubos,patrimonial,2025.0,7.0,JUL,2025-07-01,1.0,TER,False,15.0,TARDE
2025-07-08,19:20:00,CRIMES CONTRA PATRIMÔNIO,CRIMES CONTRA PATRIMÔNIO: ROUBO: A PESSOA EM VIA PÚBLICA,ES,VILA VELHA,ALVORADA,VIA PÚBLICA,roubos,patrimonial,2025.0,7.0,JUL,2025-07-01,1.0,TER,False,19.0,NOITE
2025-07-08,12:00:00,CRIMES CONTRA PATRIMÔNIO,CRIMES CONTRA PATRIMÔNIO: ROUBO: A PESSOA EM VIA PÚBLICA,ES,VITORIA,VILA RUBIM,OUTRO LOCAL,roubos,patrimonial,2025.0,7.0,JUL,2025-07-01,1.0,TER,False,12.0,TARDE
2025-07-08,16:33:00,CRIMES CONTRA PATRIMÔNIO,CRIMES CONTRA PATRIMÔNIO: ROUBO: A PESSOA EM VIA PÚBLICA,ES,SERRA,JARDIM TROPICAL,VIA PÚBLICA,roubos,patrimonial,2025.0,7.0,JUL,2025-07-01,1.0,TER,False,16.0,TARDE
2025-07-08,21:00:00,CRIMES CONTRA PATRIMÔNIO,CRIMES CONTRA PATRIMÔNIO: ROUBO: A PESSOA EM VIA PÚBLICA,ES,CONCEICAO DA BARRA,BRACO DO RIO,VIA PÚBLICA,roubos,patrimonial,2025.0,7.0,JUL,2025-07-01,1.0,TER,False,21.0,NOITE
2025-07-08,12:11:00,CRIMES CONTRA PATRIMÔNIO,CRIMES CONTRA PATRIMÔNIO: ROUBO: A PESSOA EM VIA PÚBLICA,ES,CONCEICAO DA BARRA,BRACO DO RIO,VIA PÚBLICA,roubos,patrimonial,2025.0,7.0,JUL,2025-07-01,1.0,TER,False,12.0,TARDE
2025-07-08,23:00:00,CRIMES CONTRA PATRIMÔNIO,CRIMES CONTRA PATRIMÔNIO: ROUBO: A PESSOA EM VIA PÚBLICA,ES,CONCEICAO DA BARRA,BRACO DO RIO,VIA PÚBLICA,roubos,patrimonial,2025.0,7.0,JUL,2025-07-01,1.0,TER,False,23.0,NOITE
2025-07-08,23:00:00,CRIMES CONTRA PATRIMÔNIO,CRIMES CONTRA PATRIMÔNIO: ROUBO: A PESSOA EM VIA PÚBLICA,ES,CONCEICAO DA BARRA,BRACO DO RIO,VIA PÚBLICA,roubos,patrimonial,2025.0,7.0,JUL,2025-07-01,1.0,TER,False,23.0,NOITE
2025-07-08,23:00:00,CRIMES CONTRA PATRIMÔNIO,CRIMES CONTRA PATRIMÔNIO: ROUBO: A PESSOA EM VIA PÚBLICA,ES,CONCEICAO DA BARRA,BRACO DO RIO,VIA PÚBLICA,roubos,patrimonial,2025.0,7.0,JUL,2025-07-01,1.0,TER,False,23.0,NOITE
2025-07-08,18:40:00,CRIMES CONTRA PATRIMÔNIO,CRIMES CONTRA PATRIMÔNIO: ROUBO: A PESSOA EM VIA PÚBLICA,ES,SERRA,JARDIM LIMOEIRO,AGÊNCIA BANCÁRIA,roubos,patrimonial,2025.0,7.0,JUL,2025-07-01,1.0,TER,False,18.0,NOITE
2025-07-08,17:50:00,CRIMES CONTRA PATRIMÔNIO,CRIMES CONTRA PATRIMÔNIO: ROUBO: A PESSOA EM VIA PÚBLICA,ES,VILA VELHA,SANTA PAULA I,VIA PÚBLICA,roubos,patrimonial,2025.0,7.0,JUL,2025-07-01,1.0,TER,False,17.0,TARDE
2025-07-08,21:00:00,CRIMES CONTRA PATRIMÔNIO,CRIMES CONTRA PATRIMÔNIO: ROUBO: A PESSOA EM VIA PÚBLICA,ES,CARIACICA,NOVA ROSA DA PENHA,TRANSP COLETIVO,roubos,patrimonial,2025.0,7.0,JUL,2025-07-01,1.0,TER,False,21.0,NOITE
2025-07-08,13:50:00,CRIMES CONTRA PATRIMÔNIO,CRIMES CONTRA PATRIMÔNIO: ROUBO: A PESSOA EM VIA PÚBLICA,ES,SAO MATEUS,CENTRO,VIA PÚBLICA,roubos,patrimonial,2025.0,7.0,JUL,2025-07-01,1.0,TER,False,13.0,TARDE
2025-07-08,05:00:00,CRIMES CONTRA PATRIMÔNIO,CRIMES CONTRA PATRIMÔNIO: ROUBO: A PESSOA EM VIA PÚBLICA,ES,SERRA,SERRA CENTRO,VIA PÚBLICA,roubos,patrimonial,2025.0,7.0,JUL,2025-07-01,1.0,TER,False,5.0,MADRUGADA
2025-07-08,19:00:00,CRIMES CONTRA PATRIMÔNIO,CRIMES CONTRA PATRIMÔNIO: ROUBO: EM TRANSPORTE COLETIVO,ES,SERRA,CARAPINA,TRANSP COLETIVO,roubos,patrimonial,2025.0,7.0,JUL,2025-07-01,1.0,TER,False,19.0,NOITE
2025-07-08,15:04:00,CRIMES CONTRA PATRIMÔNIO,CRIMES CONTRA PATRIMÔNIO: ROUBO: EM TRANSPORTE COLETIVO,ES,SERRA,JARDIM TROPICAL,VIA PÚBLICA,roubos,patrimonial,2025.0,7.0,JUL,2025-07-01,1.0,TER,False,15.0,TARDE
2025-07-08,19:00:00,CRIMES CONTRA PATRIMÔNIO,CRIMES CONTRA PATRIMÔNIO: ROUBO: EM TRANSPORTE COLETIVO,ES,CARIACICA,SAO FRANCISCO,TRANSP COLETIVO,roubos,patrimonial,2025.0,7.0,JUL,2025-07-01,1.0,TER,False,19.0,NOITE
2025-07-08,11:40:00,CRIMES CONTRA PATRIMÔNIO,CRIMES CONTRA PATRIMÔNIO: ROUBO: EM ESTABELECIMENTO COMERCIAL,ES,VITORIA,JARDIM DA PENHA,COMÉRCIO,roubos,patrimonial,2025.0,7.0,JUL,2025-07-01,1.0,TER,False,11.0,MANHA
2025-07-08,Indeterminada,CRIMES CONTRA PATRIMÔNIO,CRIMES CONTRA PATRIMÔNIO: ROUBO: EM ESTABELECIMENTO COMERCIAL,ES,SERRA,JOSE DE ANCHIETA,COMÉRCIO,roubos,patrimonial,2025.0,7.0,JUL,2025-07-01,1.0,TER,False,,
2025-07-08,17:30:00,CRIMES CONTRA PATRIMÔNIO,CRIMES CONTRA PATRIMÔNIO: ROUBO: EM ESTABELECIMENTO COMERCIAL,ES,SERRA,JOSE DE ANCHIETA,COMÉRCIO,roubos,patrimonial,2025.0,7.0,JUL,2025-07-01,1.0,TER,False,17.0,TARDE
2025-07-09,01:20:00,CRIMES CONTRA PATRIMÔNIO,CRIMES CONTRA PATRIMÔNIO: ROUBO: A PESSOA EM VIA PÚBLICA,ES,CARIACICA,ALTO LAGE,VIA PÚBLICA,roubos,patrimonial,2025.0,7.0,JUL,2025-07-01,2.0,QUA,False,1.0,MADRUGADA
2025-07-09,05:00:00,CRIMES CONTRA PATRIMÔNIO,CRIMES CONTRA PATRIMÔNIO: ROUBO: A PESSOA EM VIA PÚBLICA,ES,SERRA,NOVO HORIZONTE,VIA PÚBLICA,roubos,patrimonial,2025.0,7.0,JUL,2025-07-01,2.0,QUA,False,5.0,MADRUGADA
2025-07-09,10:52:00,CRIMES CONTRA PATRIMÔNIO,CRIMES CONTRA PATRIMÔNIO: ROUBO: A PESSOA EM VIA PÚBLICA,ES,VILA VELHA,CENTRO VILA VELHA,VIA PÚBLICA,roubos,patrimonial,2025.0,7.0,JUL,2025-07-01,2.0,QUA,False,10.0,MANHA
2025-07-09,12:00:00,CRIMES CONTRA PATRIMÔNIO,CRIMES CONTRA PATRIMÔNIO: ROUBO: A PESSOA EM VIA PÚBLICA,ES,VILA VELHA,PRAIA DA COSTA,VIA PÚBLICA,roubos,patrimonial,2025.0,7.0,JUL,2025-07-01,2.0,QUA,False,12.0,TARDE
2025-07-09,12:30:00,CRIMES CONTRA PATRIMÔNIO,CRIMES CONTRA PATRIMÔNIO: ROUBO: A PESSOA EM VIA PÚBLICA,ES,VILA VELHA,PRAIA DA COSTA,VIA PÚBLICA,roubos,patrimonial,2025.0,7.0,JUL,2025-07-01,2.0,QUA,False,12.0,TARDE
2025-07-09,14:00:00,CRIMES CONTRA PATRIMÔNIO,CRIMES CONTRA PATRIMÔNIO: ROUBO: A PESSOA EM VIA PÚBLICA,ES,SERRA,COLINA DE LARANJEIRAS,VIA PÚBLICA,roubos,patrimonial,2025.0,7.0,JUL,2025-07-01,2.0,QUA,False,14.0,TARDE
2025-07-09,13:30:00,CRIMES CONTRA PATRIMÔNIO,CRIMES CONTRA PATRIMÔNIO: ROUBO: A PESSOA EM VIA PÚBLICA,ES,GUARAPARI,PATURA,VIA PÚBLICA,roubos,patrimonial,2025.0,7.0,JUL,2025-07-01,2.0,QUA,False,13.0,TARDE
2025-07-09,05:30:00,CRIMES CONTRA PATRIMÔNIO,CRIMES CONTRA PATRIMÔNIO: ROUBO: A PESSOA EM VIA PÚBLICA,ES,VITORIA,CENTRO,VIA PÚBLICA,roubos,patrimonial,2025.0,7.0,JUL,2025-07-01,2.0,QUA,False,5.0,MADRUGADA
2025-07-09,19:00:00,CRIMES CONTRA PATRIMÔNIO,CRIMES CONTRA PATRIMÔNIO: ROUBO: A PESSOA EM VIA PÚBLICA,ES,CACHOEIRO DE ITAPEMIRIM,CORAMARA,VIA PÚBLICA,roubos,patrimonial,2025.0,7.0,JUL,2025-07-01,2.0,QUA,False,19.0,NOITE
2025-07-09,21:30:00,CRIMES CONTRA PATRIMÔNIO,CRIMES CONTRA PATRIMÔNIO: ROUBO: A PESSOA EM VIA PÚBLICA,ES,CARIACICA,NOVA ROSA DA PENHA,VIA PÚBLICA,roubos,patrimonial,2025.0,7.0,JUL,2025-07-01,2.0,QUA,False,21.0,NOITE
2025-07-09,21:00:00,CRIMES CONTRA PATRIMÔNIO,CRIMES CONTRA PATRIMÔNIO: ROUBO: A PESSOA EM VIA PÚBLICA,ES,CARIACICA,MORADA DE SANTA FE,VIA PÚBLICA,roubos,patrimonial,2025.0,7.0,JUL,2025-07-01,2.0,QUA,False,21.0,NOITE
2025-07-09,12:20:00,CRIMES CONTRA PATRIMÔNIO,CRIMES CONTRA PATRIMÔNIO: ROUBO: A PESSOA EM VIA PÚBLICA,ES,CARIACICA,PROLAR,VIA PÚBLICA,roubos,patrimonial,2025.0,7.0,JUL,2025-07-01,2.0,QUA,False,12.0,TARDE
2025-07-09,22:00:00,CRIMES CONTRA PATRIMÔNIO,CRIMES CONTRA PATRIMÔNIO: ROUBO: A PESSOA EM VIA PÚBLICA,ES,CARIACICA,MORADA DE SANTA FE,VIA PÚBLICA,roubos,patrimonial,2025.0,7.0,JUL,2025-07-01,2.0,QUA,False,22.0,NOITE
2025-07-09,06:40:00,CRIMES CONTRA PATRIMÔNIO,CRIMES CONTRA PATRIMÔNIO: ROUBO: A PESSOA EM VIA PÚBLICA,ES,SERRA,PARQUE RESIDENCIAL MESTRE ALVARO,VIA PÚBLICA,roubos,patrimonial,2025.0,7.0,JUL,2025-07-01,2.0,QUA,False,6.0,MANHA
2025-07-09,Indeterminada,CRIMES CONTRA PATRIMÔNIO,CRIMES CONTRA PATRIMÔNIO: ROUBO: A PESSOA EM VIA PÚBLICA,ES,VIANA,NOVA BETHANIA,VIA PÚBLICA,roubos,patrimonial,2025.0,7.0,JUL,2025-07-01,2.0,QUA,False,,
2025-07-09,11:30:00,CRIMES CONTRA PATRIMÔNIO,CRIMES CONTRA PATRIMÔNIO: ROUBO: A PESSOA EM VIA PÚBLICA,ES,VILA VELHA,PRAIA DE ITAPARICA,VIA PÚBLICA,roubos,patrimonial,2025.0,7.0,JUL,2025-07-01,2.0,QUA,False,11.0,MANHA
2025-07-09,18:10:00,CRIMES CONTRA PATRIMÔNIO,CRIMES CONTRA PATRIMÔNIO: ROUBO: A PESSOA EM VIA PÚBLICA,ES,CARIACICA,TIRADENTES,VIA PÚBLICA,roubos,patrimonial,2025.0,7.0,JUL,2025-07-01,2.0,QUA,False,18.0,NOITE
2025-07-09,21:30:00,CRIMES CONTRA PATRIMÔNIO,CRIMES CONTRA PATRIMÔNIO: ROUBO: A PESSOA EM VIA PÚBLICA,ES,VIANA,NOVA BETHANIA,VIA PÚBLICA,roubos,patrimonial,2025.0,7.0,JUL,2025-07-01,2.0,QUA,False,21.0,NOITE
2025-07-09,13:00:00,CRIMES CONTRA PATRIMÔNIO,CRIMES CONTRA PATRIMÔNIO: ROUBO: A PESSOA EM VIA PÚBLICA,ES,CARIACICA,CARIACICA SEDE,VIA PÚBLICA,roubos,patrimonial,2025.0,7.0,JUL,2025-07-01,2.0,QUA,False,13.0,TARDE
2025-07-09,06:40:00,CRIMES CONTRA PATRIMÔNIO,CRIMES CONTRA PATRIMÔNIO: ROUBO: A PESSOA EM VIA PÚBLICA,ES,SERRA,BALNEARIO DE CARAPEBUS,VIA PÚBLICA,roubos,patrimonial,2025.0,7.0,JUL,2025-07-01,2.0,QUA,False,6.0,MANHA
2025-07-09,19:40:00,CRIMES CONTRA PATRIMÔNIO,CRIMES CONTRA PATRIMÔNIO: ROUBO: A PESSOA EM VIA PÚBLICA,ES,SERRA,NOVO HORIZONTE,VIA PÚBLICA,roubos,patrimonial,2025.0,7.0,JUL,2025-07-01,2.0,QUA,False,19.0,NOITE
2025-07-09,23:30:00,CRIMES CONTRA PATRIMÔNIO,CRIMES CONTRA PATRIMÔNIO: ROUBO: A PESSOA EM VIA PÚBLICA,ES,VILA VELHA,PRAIA DA COSTA,VIA PÚBLICA,roubos,patrimonial,2025.0,7.0,JUL,2025-07-01,2.0,QUA,False,23.0,NOITE
2025-07-09,22:30:00,CRIMES CONTRA PATRIMÔNIO,CRIMES CONTRA PATRIMÔNIO: ROUBO: A PESSOA EM VIA PÚBLICA,ES,CARIACICA,SANTO ANDRE,VIA PÚBLICA,roubos,patrimonial,2025.0,7.0,JUL,2025-07-01,2.0,QUA,False,22.0,NOITE
2025-07-09,21:30:00,CRIMES CONTRA PATRIMÔNIO,CRIMES CONTRA PATRIMÔNIO: ROUBO: A PESSOA EM VIA PÚBLICA,ES,CARIACICA,ORIENTE,VIA PÚBLICA,roubos,patrimonial,2025.0,7.0,JUL,2025-07-01,2.0,QUA,False,21.0,NOITE
2025-07-09,21:00:00,CRIMES CONTRA PATRIMÔNIO,CRIMES CONTRA PATRIMÔNIO: ROUBO: A PESSOA EM VIA PÚBLICA,ES,CARIACICA,MORADA DE SANTA FE,VIA PÚBLICA,roubos,patrimonial,2025.0,7.0,JUL,2025-07-01,2.0,QUA,False,21.0,NOITE
2025-07-09,10:10:00,CRIMES CONTRA PATRIMÔNIO,CRIMES CONTRA PATRIMÔNIO: ROUBO: A PESSOA EM VIA PÚBLICA,ES,CARIACICA,JARDIM AMERICA,VIA PÚBLICA,roubos,patrimonial,2025.0,7.0,JUL,2025-07-01,2.0,QUA,False,10.0,MANHA
2025-07-09,12:30:00,CRIMES CONTRA PATRIMÔNIO,CRIMES CONTRA PATRIMÔNIO: ROUBO: A PESSOA EM VIA PÚBLICA,ES,VILA VELHA,PRAIA DAS GAIVOTAS,VIA PÚBLICA,roubos,patrimonial,2025.0,7.0,JUL,2025-07-01,2.0,QUA,False,12.0,TARDE
2025-07-09,Indeterminada,CRIMES CONTRA PATRIMÔNIO,CRIMES CONTRA PATRIMÔNIO: ROUBO: A PESSOA EM VIA PÚBLICA,ES,SERRA,CARAPINA,VIA PÚBLICA,roubos,patrimonial,2025.0,7.0,JUL,2025-07-01,2.0,QUA,False,,
2025-07-09,12:30:00,CRIMES CONTRA PATRIMÔNIO,CRIMES CONTRA PATRIMÔNIO: ROUBO: A PESSOA EM VIA PÚBLICA,ES,VITORIA,CENTRO,VIA PÚBLICA,roubos,patrimonial,2025.0,7.0,JUL,2025-07-01,2.0,QUA,False,12.0,TARDE
2025-07-10,05:02:00,CRIMES CONTRA PATRIMÔNIO,CRIMES CONTRA PATRIMÔNIO: ROUBO: A PESSOA EM VIA PÚBLICA,ES,LINHARES,CENTRO,VIA PÚBLICA,roubos,patrimonial,2025.0,7.0,JUL,2025-07-01,3.0,QUI,False,5.0,MADRUGADA
2025-07-10,05:40:00,CRIMES CONTRA PATRIMÔNIO,CRIMES CONTRA PATRIMÔNIO: ROUBO: A PESSOA EM VIA PÚBLICA,ES,BARRA DE SAO FRANCISCO,CENTRO,VIA PÚBLICA,roubos,patrimonial,2025.0,7.0,JUL,2025-07-01,3.0,QUI,False,5.0,MADRUGADA
2025-07-10,05:30:00,CRIMES CONTRA PATRIMÔNIO,CRIMES CONTRA PATRIMÔNIO: ROUBO: A PESSOA EM VIA PÚBLICA,ES,CARIACICA,NOVA BRASILIA,VIA PÚBLICA,roubos,patrimonial,2025.0,7.0,JUL,2025-07-01,3.0,QUI,False,5.0,MADRUGADA
2025-07-10,07:20:00,CRIMES CONTRA PATRIMÔNIO,CRIMES CONTRA PATRIMÔNIO: ROUBO: A PESSOA EM VIA PÚBLICA,ES,VITORIA,ILHA DO PRINCIPE,VIA PÚBLICA,roubos,patrimonial,2025.0,7.0,JUL,2025-07-01,3.0,QUI,False,7.0,MANHA
2025-07-10,05:30:00,CRIMES CONTRA PATRIMÔNIO,CRIMES CONTRA PATRIMÔNIO: ROUBO: A PESSOA EM VIA PÚBLICA,ES,VILA VELHA,NOVA ITAPARICA,VIA PÚBLICA,roubos,patrimonial,2025.0,7.0,JUL,2025-07-01,3.0,QUI,False,5.0,MADRUGADA
2025-07-10,08:50:00,CRIMES CONTRA PATRIMÔNIO,CRIMES CONTRA PATRIMÔNIO: ROUBO: A PESSOA EM VIA PÚBLICA,ES,VILA VELHA,RESIDENCIAL JABAETE,VIA PÚBLICA,roubos,patrimonial,2025.0,7.0,JUL,2025-07-01,3.0,QUI,False,8.0,MANHA
2025-07-10,05:20:00,CRIMES CONTRA PATRIMÔNIO,CRIMES CONTRA PATRIMÔNIO: ROUBO: A PESSOA EM VIA PÚBLICA,ES,CARIACICA,SANTA CECILIA,ESCOLA,roubos,patrimonial,2025.0,7.0,JUL,2025-07-01,3.0,QUI,False,5.0,MADRUGADA
2025-07-10,05:10:00,CRIMES CONTRA PATRIMÔNIO,CRIMES CONTRA PATRIMÔNIO: ROUBO: A PESSOA EM VIA PÚBLICA,ES,VIANA,NOVA BETHANIA,VIA PÚBLICA,roubos,patrimonial,2025.0,7.0,JUL,2025-07-01,3.0,QUI,False,5.0,MADRUGADA
2025-07-10,05:08:00,CRIMES CONTRA PATRIMÔNIO,CRIMES CONTRA PATRIMÔNIO: ROUBO: A PESSOA EM VIA PÚBLICA,ES,VIANA,NOVA BETHANIA,EMBARCAÇÃO,roubos,patrimonial,2025.0,7.0,JUL,2025-07-01,3.0,QUI,False,5.0,MADRUGADA
2025-07-10,13:00:00,CRIMES CONTRA PATRIMÔNIO,CRIMES CONTRA PATRIMÔNIO: ROUBO: A PESSOA EM VIA PÚBLICA,ES,CARIACICA,SAO CONRADO,VIA PÚBLICA,roubos,patrimonial,2025.0,7.0,JUL,2025-07-01,3.0,QUI,False,13.0,TARDE
2025-07-10,21:35:00,CRIMES CONTRA PATRIMÔNIO,CRIMES CONTRA PATRIMÔNIO: ROUBO: A PESSOA EM VIA PÚBLICA,ES,VITORIA,SANTO ANTONIO,VIA PÚBLICA,roubos,patrimonial,2025.0,7.0,JUL,2025-07-01,3.0,QUI,False,21.0,NOITE
2025-07-10,23:00:00,CRIMES CONTRA PATRIMÔNIO,CRIMES CONTRA PATRIMÔNIO: ROUBO: A PESSOA EM VIA PÚBLICA,ES,CARIACICA,ITACIBA,VIA PÚBLICA,roubos,patrimonial,2025.0,7.0,JUL,2025-07-01,3.0,QUI,False,23.0,NOITE
2025-07-10,12:35:00,CRIMES CONTRA PATRIMÔNIO,CRIMES CONTRA PATRIMÔNIO: ROUBO: A PESSOA EM VIA PÚBLICA,ES,VILA VELHA,NOVA AMERICA,ESCOLA,roubos,patrimonial,2025.0,7.0,JUL,2025-07-01,3.0,QUI,False,12.0,TARDE
2025-07-10,12:25:00,CRIMES CONTRA PATRIMÔNIO,CRIMES CONTRA PATRIMÔNIO: ROUBO: A PESSOA EM VIA PÚBLICA,ES,VILA VELHA,SAO TORQUATO,VIA PÚBLICA,roubos,patrimonial,2025.0,7.0,JUL,2025-07-01,3.0,QUI,False,12.0,TARDE
2025-07-10,05:30:00,CRIMES CONTRA PATRIMÔNIO,CRIMES CONTRA PATRIMÔNIO: ROUBO: A PESSOA EM VIA PÚBLICA,ES,CARIACICA,SANTA CECILIA,RESIDÊNCIA,roubos,patrimonial,2025.0,7.0,JUL,2025-07-01,3.0,QUI,False,5.0,MADRUGADA
2025-07-10,17:30:00,CRIMES CONTRA PATRIMÔNIO,CRIMES CONTRA PATRIMÔNIO: ROUBO: A PESSOA EM VIA PÚBLICA,ES,VILA VELHA,NOSSA SENHORA DA PENHA,VIA PÚBLICA,roubos,patrimonial,2025.0,7.0,JUL,2025-07-01,3.0,QUI,False,17.0,TARDE
2025-07-10,17:45:00,CRIMES CONTRA PATRIMÔNIO,CRIMES CONTRA PATRIMÔNIO: ROUBO: A PESSOA EM VIA PÚBLICA,ES,SERRA,SERRA DOURADA I,VIA PÚBLICA,roubos,patrimonial,2025.0,7.0,JUL,2025-07-01,3.0,QUI,False,17.0,TARDE
2025-07-10,19:30:00,CRIMES CONTRA PATRIMÔNIO,CRIMES CONTRA PATRIMÔNIO: ROUBO: A PESSOA EM VIA PÚBLICA,ES,VILA VELHA,INTERLAGOS I E II,VIA PÚBLICA,roubos,patrimonial,2025.0,7.0,JUL,2025-07-01,3.0,QUI,False,19.0,NOITE
2025-07-10,19:40:00,CRIMES CONTRA PATRIMÔNIO,CRIMES CONTRA PATRIMÔNIO: ROUBO: A PESSOA EM VIA PÚBLICA,ES,VILA VELHA,COQUEIRAL DE ITAPARICA,OUTRO LOCAL,roubos,patrimonial,2025.0,7.0,JUL,2025-07-01,3.0,QUI,False,19.0,NOITE
2025-07-10,12:00:00,CRIMES CONTRA PATRIMÔNIO,CRIMES CONTRA PATRIMÔNIO: ROUBO: A PESSOA EM VIA PÚBLICA,ES,CARIACICA,ANTONIO FERREIRA BORGES,VIA PÚBLICA,roubos,patrimonial,2025.0,7.0,JUL,2025-07-01,3.0,QUI,False,12.0,TARDE
2025-07-10,13:55:00,CRIMES CONTRA PATRIMÔNIO,CRIMES CONTRA PATRIMÔNIO: ROUBO: A PESSOA EM VIA PÚBLICA,ES,SERRA,COLINA DE LARANJEIRAS,VIA PÚBLICA,roubos,patrimonial,2025.0,7.0,JUL,2025-07-01,3.0,QUI,False,13.0,TARDE
2025-07-10,09:00:00,CRIMES CONTRA PATRIMÔNIO,CRIMES CONTRA PATRIMÔNIO: ROUBO: A PESSOA EM VIA PÚBLICA,ES,SERRA,PLANALTO DE CARAPINA,VIA PÚBLICA,roubos,patrimonial,2025.0,7.0,JUL,2025-07-01,3.0,QUI,False,9.0,MANHA
2025-07-10,13:11:00,CRIMES CONTRA PATRIMÔNIO,CRIMES CONTRA PATRIMÔNIO: ROUBO: A PESSOA EM VIA PÚBLICA,ES,CARIACICA,SAO GERALDO II,VIA PÚBLICA,roubos,patrimonial,2025.0,7.0,JUL,2025-07-01,3.0,QUI,False,13.0,TARDE
2025-07-10,15:00:00,CRIMES CONTRA PATRIMÔNIO,CRIMES CONTRA PATRIMÔNIO: ROUBO: A PESSOA EM VIA PÚBLICA,ES,SERRA,PARQUE RESIDENCIAL LARANJEIRAS,VIA PÚBLICA,roubos,patrimonial,2025.0,7.0,JUL,2025-07-01,3.0,QUI,False,15.0,TARDE
2025-07-10,18:00:00,CRIMES CONTRA PATRIMÔNIO,CRIMES CONTRA PATRIMÔNIO: ROUBO: A PESSOA EM VIA PÚBLICA,ES,CARIACICA,ALTO LAGE,VIA PÚBLICA,roubos,patrimonial,2025.0,7.0,JUL,2025-07-01,3.0,QUI,False,18.0,NOITE
2025-07-10,20:40:00,CRIMES CONTRA PATRIMÔNIO,CRIMES CONTRA PATRIMÔNIO: ROUBO: EM TRANSPORTE COLETIVO,ES,VILA VELHA,IBES,TRANSP COLETIVO,roubos,patrimonial,2025.0,7.0,JUL,2025-07-01,3.0,QUI,False,20.0,NOITE
2025-07-10,09:30:00,CRIMES CONTRA PATRIMÔNIO,CRIMES CONTRA PATRIMÔNIO: ROUBO: EM TRANSPORTE COLETIVO,ES,VITORIA,VILA RUBIM,TRANSP COLETIVO,roubos,patrimonial,2025.0,7.0,JUL,2025-07-01,3.0,QUI,False,9.0,MANHA
2025-07-10,22:30:00,CRIMES CONTRA PATRIMÔNIO,CRIMES CONTRA PATRIMÔNIO: ROUBO: EM TRANSPORTE COLETIVO,ES,VITORIA,CENTRO,TRANSP COLETIVO,roubos,patrimonial,2025.0,7.0,JUL,2025-07-01,3.0,QUI,False,22.0,NOITE
2025-07-10,06:30:00,CRIMES CONTRA PATRIMÔNIO,CRIMES CONTRA PATRIMÔNIO: ROUBO: EM TRANSPORTE COLETIVO,ES,CARIACICA,SANTA BARBARA,TRANSP COLETIVO,roubos,patrimonial,2025.0,7.0,JUL,2025-07-01,3.0,QUI,False,6.0,MANHA
2025-07-10,21:40:00,CRIMES CONTRA PATRIMÔNIO,CRIMES CONTRA PATRIMÔNIO: ROUBO: EM TRANSPORTE COLETIVO,ES,VITORIA,CENTRO,TRANSP COLETIVO,roubos,patrimonial,2025.0,7.0,JUL,2025-07-01,3.0,QUI,False,21.0,NOITE
2025-07-10,23:40:00,CRIMES CONTRA PATRIMÔNIO,CRIMES CONTRA PATRIMÔNIO: ROUBO: EM TRANSPORTE COLETIVO,ES,VITORIA,JUCUTUQUARA,TRANSP COLETIVO,roubos,patrimonial,2025.0,7.0,JUL,2025-07-01,3.0,QUI,False,23.0,NOITE
2025-07-10,22:30:00,CRIMES CONTRA PATRIMÔNIO,CRIMES CONTRA PATRIMÔNIO: ROUBO: EM ESTABELECIMENTO COMERCIAL,ES,CARIACICA,CAMPO GRANDE,COMÉRCIO,roubos,patrimonial,2025.0,7.0,JUL,2025-07-01,3.0,QUI,False,22.0,NOITE
2025-07-11,05:19:00,CRIMES CONTRA PATRIMÔNIO,CRIMES CONTRA PATRIMÔNIO: ROUBO: A PESSOA EM VIA PÚBLICA,ES,GUACUI,CENTRO,VIA PÚBLICA,roubos,patrimonial,2025.0,7.0,JUL,2025-07-01,4.0,SEX,False,5.0,MADRUGADA
2025-07-11,14:40:00,CRIMES CONTRA PATRIMÔNIO,CRIMES CONTRA PATRIMÔNIO: ROUBO: A PESSOA EM VIA PÚBLICA,ES,SERRA,PARQUE RESIDENCIAL LARANJEIRAS,VIA PÚBLICA,roubos,patrimonial,2025.0,7.0,JUL,2025-07-01,4.0,SEX,False,14.0,TARDE
2025-07-11,16:20:00,CRIMES CONTRA PATRIMÔNIO,CRIMES CONTRA PATRIMÔNIO: ROUBO: A PESSOA EM VIA PÚBLICA,ES,CARIACICA,PROLAR,VIA PÚBLICA,roubos,patrimonial,2025.0,7.0,JUL,2025-07-01,4.0,SEX,False,16.0,TARDE
2025-07-11,20:00:00,CRIMES CONTRA PATRIMÔNIO,CRIMES CONTRA PATRIMÔNIO: ROUBO: A PESSOA EM VIA PÚBLICA,ES,VILA VELHA,GUARANHUNS,VIA PÚBLICA,roubos,patrimonial,2025.0,7.0,JUL,2025-07-01,4.0,SEX,False,20.0,NOITE
2025-07-11,00:00:00,CRIMES CONTRA PATRIMÔNIO,CRIMES CONTRA PATRIMÔNIO: ROUBO: A PESSOA EM VIA PÚBLICA,ES,VILA VELHA,RIVIERA DA BARRA,VIA PÚBLICA,roubos,patrimonial,2025.0,7.0,JUL,2025-07-01,4.0,SEX,False,0.0,MADRUGADA
2025-07-11,18:30:00,CRIMES CONTRA PATRIMÔNIO,CRIMES CONTRA PATRIMÔNIO: ROUBO: A PESSOA EM VIA PÚBLICA,ES,VILA VELHA,VALE ENCANTADO,VIA PÚBLICA,roubos,patrimonial,2025.0,7.0,JUL,2025-07-01,4.0,SEX,False,18.0,NOITE
2025-07-11,04:00:00,CRIMES CONTRA PATRIMÔNIO,CRIMES CONTRA PATRIMÔNIO: ROUBO: A PESSOA EM VIA PÚBLICA,ES,CARIACICA,SAO GONCALO,VIA PÚBLICA,roubos,patrimonial,2025.0,7.0,JUL,2025-07-01,4.0,SEX,False,4.0,MADRUGADA
2025-07-11,21:00:00,CRIMES CONTRA PATRIMÔNIO,CRIMES CONTRA PATRIMÔNIO: ROUBO: A PESSOA EM VIA PÚBLICA,ES,CARIACICA,CARIACICA SEDE,VIA PÚBLICA,roubos,patrimonial,2025.0,7.0,JUL,2025-07-01,4.0,SEX,False,21.0,NOITE
2025-07-11,10:00:00,CRIMES CONTRA PATRIMÔNIO,CRIMES CONTRA PATRIMÔNIO: ROUBO: A PESSOA EM VIA PÚBLICA,ES,CARIACICA,BELA AURORA,VIA PÚBLICA,roubos,patrimonial,2025.0,7.0,JUL,2025-07-01,4.0,SEX,False,10.0,MANHA
2025-07-11,20:00:00,CRIMES CONTRA PATRIMÔNIO,CRIMES CONTRA PATRIMÔNIO: ROUBO: A PESSOA EM VIA PÚBLICA,ES,VITORIA,SANTA LUCIA,VIA PÚBLICA,roubos,patrimonial,2025.0,7.0,JUL,2025-07-01,4.0,SEX,False,20.0,NOITE
2025-07-11,22:10:00,CRIMES CONTRA PATRIMÔNIO,CRIMES CONTRA PATRIMÔNIO: ROUBO: A PESSOA EM VIA PÚBLICA,ES,CARIACICA,SAO FRANCISCO,VIA PÚBLICA,roubos,patrimonial,2025.0,7.0,JUL,2025-07-01,4.0,SEX,False,22.0,NOITE
2025-07-11,18:27:00,CRIMES CONTRA PATRIMÔNIO,CRIMES CONTRA PATRIMÔNIO: ROUBO: A PESSOA EM VIA PÚBLICA,ES,VITORIA,GRANDE VITORIA,VIA PÚBLICA,roubos,patrimonial,2025.0,7.0,JUL,2025-07-01,4.0,SEX,False,18.0,NOITE
2025-07-11,16:20:00,CRIMES CONTRA PATRIMÔNIO,CRIMES CONTRA PATRIMÔNIO: ROUBO: A PESSOA EM VIA PÚBLICA,ES,CARIACICA,PROLAR,VIA PÚBLICA,roubos,patrimonial,2025.0,7.0,JUL,2025-07-01,4.0,SEX,False,16.0,TARDE
2025-07-11,12:00:00,CRIMES CONTRA PATRIMÔNIO,CRIMES CONTRA PATRIMÔNIO: ROUBO: A PESSOA EM VIA PÚBLICA,ES,CARIACICA,JARDIM AMERICA,VIA PÚBLICA,roubos,patrimonial,2025.0,7.0,JUL,2025-07-01,4.0,SEX,False,12.0,TARDE
2025-07-11,08:00:00,CRIMES CONTRA PATRIMÔNIO,CRIMES CONTRA PATRIMÔNIO: ROUBO: A PESSOA EM VIA PÚBLICA,ES,CARIACICA,CARIACICA SEDE,VIA PÚBLICA,roubos,patrimonial,2025.0,7.0,JUL,2025-07-01,4.0,SEX,False,8.0,MANHA
2025-07-11,20:15:00,CRIMES CONTRA PATRIMÔNIO,CRIMES CONTRA PATRIMÔNIO: ROUBO: EM TRANSPORTE COLETIVO,ES,SERRA,NOVA CARAPINA I,TRANSP COLETIVO,roubos,patrimonial,2025.0,7.0,JUL,2025-07-01,4.0,SEX,False,20.0,NOITE
2025-07-11,22:30:00,CRIMES CONTRA PATRIMÔNIO,CRIMES CONTRA PATRIMÔNIO: ROUBO: EM TRANSPORTE COLETIVO,ES,SERRA,NOVA CARAPINA I,TRANSP COLETIVO,roubos,patrimonial,2025.0,7.0,JUL,2025-07-01,4.0,SEX,False,22.0,NOITE
2025-07-12,04:50:00,CRIMES CONTRA PATRIMÔNIO,CRIMES CONTRA PATRIMÔNIO: ROUBO: A PESSOA EM VIA PÚBLICA,ES,VILA VELHA,PRAIA DE ITAPARICA,VIA PÚBLICA,roubos,patrimonial,2025.0,7.0,JUL,2025-07-01,5.0,SAB,True,4.0,MADRUGADA
2025-07-12,06:15:00,CRIMES CONTRA PATRIMÔNIO,CRIMES CONTRA PATRIMÔNIO: ROUBO: A PESSOA EM VIA PÚBLICA,ES,CARIACICA,CAMPO GRANDE,VIA PÚBLICA,roubos,patrimonial,2025.0,7.0,JUL,2025-07-01,5.0,SAB,True,6.0,MANHA
2025-07-12,Indeterminada,CRIMES CONTRA PATRIMÔNIO,CRIMES CONTRA PATRIMÔNIO: ROUBO: A PESSOA EM VIA PÚBLICA,ES,SERRA,FEU ROSA,VIA PÚBLICA,roubos,patrimonial,2025.0,7.0,JUL,2025-07-01,5.0,SAB,True,,
2025-07-12,05:10:00,CRIMES CONTRA PATRIMÔNIO,CRIMES CONTRA PATRIMÔNIO: ROUBO: A PESSOA EM VIA PÚBLICA,ES,SERRA,JARDIM LIMOEIRO,VIA PÚBLICA,roubos,patrimonial,2025.0,7.0,JUL,2025-07-01,5.0,SAB,True,5.0,MADRUGADA
2025-07-12,21:16:00,CRIMES CONTRA PATRIMÔNIO,CRIMES CONTRA PATRIMÔNIO: ROUBO: A PESSOA EM VIA PÚBLICA,ES,IRUPI,SANTA CRUZ,VIA PÚBLICA,roubos,patrimonial,2025.0,7.0,JUL,2025-07-01,5.0,SAB,True,21.0,NOITE
2025-07-12,10:00:00,CRIMES CONTRA PATRIMÔNIO,CRIMES CONTRA PATRIMÔNIO: ROUBO: A PESSOA EM VIA PÚBLICA,ES,ARACRUZ,CENTRO,VIA PÚBLICA,roubos,patrimonial,2025.0,7.0,JUL,2025-07-01,5.0,SAB,True,10.0,MANHA
2025-07-12,23:00:00,CRIMES CONTRA PATRIMÔNIO,CRIMES CONTRA PATRIMÔNIO: ROUBO: A PESSOA EM VIA PÚBLICA,ES,VILA VELHA,PRAIA DAS GAIVOTAS,VIA PÚBLICA,roubos,patrimonial,2025.0,7.0,JUL,2025-07-01,5.0,SAB,True,23.0,NOITE
2025-07-12,22:20:00,CRIMES CONTRA PATRIMÔNIO,CRIMES CONTRA PATRIMÔNIO: ROUBO: A PESSOA EM VIA PÚBLICA,ES,SERRA,OUTRO LOCAL,OUTRO LOCAL,roubos,patrimonial,2025.0,7.0,JUL,2025-07-01,5.0,SAB,True,22.0,NOITE
2025-07-12,20:00:00,CRIMES CONTRA PATRIMÔNIO,CRIMES CONTRA PATRIMÔNIO: ROUBO: A PESSOA EM VIA PÚBLICA,ES,VILA VELHA,ILHA DAS FLORES,VIA PÚBLICA,roubos,patrimonial,2025.0,7.0,JUL,2025-07-01,5.0,SAB,True,20.0,NOITE
2025-07-12,04:28:00,CRIMES CONTRA PATRIMÔNIO,CRIMES CONTRA PATRIMÔNIO: ROUBO: A PESSOA EM VIA PÚBLICA,ES,CARIACICA,CAMPO GRANDE,VIA PÚBLICA,roubos,patrimonial,2025.0,7.0,JUL,2025-07-01,5.0,SAB,True,4.0,MADRUGADA
2025-07-12,23:00:00,CRIMES CONTRA PATRIMÔNIO,CRIMES CONTRA PATRIMÔNIO: ROUBO: A PESSOA EM VIA PÚBLICA,ES,VILA VELHA,ITAPOA,CASA DE SHOW/EVENTOS,roubos,patrimonial,2025.0,7.0,JUL,2025-07-01,5.0,SAB,True,23.0,NOITE
2025-07-12,19:20:00,CRIMES CONTRA PATRIMÔNIO,CRIMES CONTRA PATRIMÔNIO: ROUBO: A PESSOA EM VIA PÚBLICA,ES,VILA VELHA,COQUEIRAL DE ITAPARICA,VIA PÚBLICA,roubos,patrimonial,2025.0,7.0,JUL,2025-07-01,5.0,SAB,True,19.0,NOITE
2025-07-12,07:30:00,CRIMES CONTRA PATRIMÔNIO,CRIMES CONTRA PATRIMÔNIO: ROUBO: A PESSOA EM VIA PÚBLICA,ES,VILA VELHA,ITAPOA,VIA PÚBLICA,roubos,patrimonial,2025.0,7.0,JUL,2025-07-01,5.0,SAB,True,7.0,MANHA
2025-07-12,09:00:00,CRIMES CONTRA PATRIMÔNIO,CRIMES CONTRA PATRIMÔNIO: ROUBO: A PESSOA EM VIA PÚBLICA,ES,VIANA,MORADA DE VILA BETHANIA,OUTRO LOCAL,roubos,patrimonial,2025.0,7.0,JUL,2025-07-01,5.0,SAB,True,9.0,MANHA
2025-07-12,20:30:00,CRIMES CONTRA PATRIMÔNIO,CRIMES CONTRA PATRIMÔNIO: ROUBO: A PESSOA EM VIA PÚBLICA,ES,VITORIA,ENSEADA DO SUA,VIA PÚBLICA,roubos,patrimonial,2025.0,7.0,JUL,2025-07-01,5.0,SAB,True,20.0,NOITE
2025-07-12,06:00:00,CRIMES CONTRA PATRIMÔNIO,CRIMES CONTRA PATRIMÔNIO: ROUBO: A PESSOA EM VIA PÚBLICA,ES,VITORIA,PARQUE MOSCOSO,VIA PÚBLICA,roubos,patrimonial,2025.0,7.0,JUL,2025-07-01,5.0,SAB,True,6.0,MANHA
2025-07-12,00:20:00,CRIMES CONTRA PATRIMÔNIO,CRIMES CONTRA PATRIMÔNIO: ROUBO: A PESSOA EM VIA PÚBLICA,ES,VILA VELHA,SAO CONRADO,VIA PÚBLICA,roubos,patrimonial,2025.0,7.0,JUL,2025-07-01,5.0,SAB,True,0.0,MADRUGADA
2025-07-12,Indeterminada,CRIMES CONTRA PATRIMÔNIO,CRIMES CONTRA PATRIMÔNIO: ROUBO: A PESSOA EM VIA PÚBLICA,ES,LINHARES,TRES BARRAS,VIA PÚBLICA,roubos,patrimonial,2025.0,7.0,JUL,2025-07-01,5.0,SAB,True,,
2025-07-12,06:20:00,CRIMES CONTRA PATRIMÔNIO,CRIMES CONTRA PATRIMÔNIO: ROUBO: A PESSOA EM VIA PÚBLICA,ES,SERRA,ROSARIO DE FATIMA,VIA PÚBLICA,roubos,patrimonial,2025.0,7.0,JUL,2025-07-01,5.0,SAB,True,6.0,MANHA
2025-07-12,06:47:00,CRIMES CONTRA PATRIMÔNIO,CRIMES CONTRA PATRIMÔNIO: ROUBO: A PESSOA EM VIA PÚBLICA,ES,VILA VELHA,ARACAS,VIA PÚBLICA,roubos,patrimonial,2025.0,7.0,JUL,2025-07-01,5.0,SAB,True,6.0,MANHA
2025-07-12,19:00:00,CRIMES CONTRA PATRIMÔNIO,CRIMES CONTRA PATRIMÔNIO: ROUBO: A PESSOA EM VIA PÚBLICA,ES,VILA VELHA,DIVINO ESPIRITO SANTO,VIA PÚBLICA,roubos,patrimonial,2025.0,7.0,JUL,2025-07-01,5.0,SAB,True,19.0,NOITE
2025-07-12,21:00:00,CRIMES CONTRA PATRIMÔNIO,CRIMES CONTRA PATRIMÔNIO: ROUBO: A PESSOA EM VIA PÚBLICA,ES,SERRA,SERRA DOURADA II,VIA PÚBLICA,roubos,patrimonial,2025.0,7.0,JUL,2025-07-01,5.0,SAB,True,21.0,NOITE
2025-07-12,Indeterminada,CRIMES CONTRA PATRIMÔNIO,CRIMES CONTRA PATRIMÔNIO: ROUBO: A PESSOA EM VIA PÚBLICA,ES,CARIACICA,CARIACICA SEDE,VIA PÚBLICA,roubos,patrimonial,2025.0,7.0,JUL,2025-07-01,5.0,SAB,True,,
2025-07-12,14:00:00,CRIMES CONTRA PATRIMÔNIO,CRIMES CONTRA PATRIMÔNIO: ROUBO: A PESSOA EM VIA PÚBLICA,ES,GUARAPARI,CENTRO,VIA PÚBLICA,roubos,patrimonial,2025.0,7.0,JUL,2025-07-01,5.0,SAB,True,14.0,TARDE
2025-07-12,04:28:00,CRIMES CONTRA PATRIMÔNIO,CRIMES CONTRA PATRIMÔNIO: ROUBO: A PESSOA EM VIA PÚBLICA,ES,CARIACICA,CAMPO GRANDE,VIA PÚBLICA,roubos,patrimonial,2025.0,7.0,JUL,2025-07-01,5.0,SAB,True,4.0,MADRUGADA
2025-07-12,06:02:00,CRIMES CONTRA PATRIMÔNIO,CRIMES CONTRA PATRIMÔNIO: ROUBO: EM ESTABELECIMENTO COMERCIAL,ES,VILA VELHA,PRAIA DE ITAPARICA,COMÉRCIO,roubos,patrimonial,2025.0,7.0,JUL,2025-07-01,5.0,SAB,True,6.0,MANHA
2025-07-12,23:24:00,CRIMES CONTRA PATRIMÔNIO,CRIMES CONTRA PATRIMÔNIO: ROUBO: EM RESIDÊNCIA/CONDOMÍNIO,ES,SAO MATEUS,PEDRA DAGUA,RESIDÊNCIA,roubos,patrimonial,2025.0,7.0,JUL,2025-07-01,5.0,SAB,True,23.0,NOITE
2025-08-01,06:45:00,CRIMES CONTRA PATRIMÔNIO,CRIMES CONTRA PATRIMÔNIO: ROUBO: A PESSOA EM VIA PÚBLICA,ES,CARIACICA,SANTA LUZIA,VIA PÚBLICA,roubos,patrimonial,2025.0,8.0,AGO,2025-08-01,4.0,SEX,False,6.0,MANHA
2025-08-01,12:18:00,CRIMES CONTRA PATRIMÔNIO,CRIMES CONTRA PATRIMÔNIO: ROUBO: A PESSOA EM VIA PÚBLICA,ES,ARACRUZ,CENTRO,VIA PÚBLICA,roubos,patrimonial,2025.0,8.0,AGO,2025-08-01,4.0,SEX,False,12.0,TARDE
2025-08-01,05:40:00,CRIMES CONTRA PATRIMÔNIO,CRIMES CONTRA PATRIMÔNIO: ROUBO: A PESSOA EM VIA PÚBLICA,ES,CARIACICA,CRUZEIRO DO SUL,OUTRO LOCAL,roubos,patrimonial,2025.0,8.0,AGO,2025-08-01,4.0,SEX,False,5.0,MADRUGADA
2025-08-01,14:51:00,CRIMES CONTRA PATRIMÔNIO,CRIMES CONTRA PATRIMÔNIO: ROUBO: A PESSOA EM VIA PÚBLICA,ES,SAO MATEUS,BOM SUCESSO,VIA PÚBLICA,roubos,patrimonial,2025.0,8.0,AGO,2025-08-01,4.0,SEX,False,14.0,TARDE
2025-08-01,08:30:00,CRIMES CONTRA PATRIMÔNIO,CRIMES CONTRA PATRIMÔNIO: ROUBO: A PESSOA EM VIA PÚBLICA,ES,VITORIA,ILHA DO PRINCIPE,VIA PÚBLICA,roubos,patrimonial,2025.0,8.0,AGO,2025-08-01,4.0,SEX,False,8.0,MANHA
2025-08-01,11:30:00,CRIMES CONTRA PATRIMÔNIO,CRIMES CONTRA PATRIMÔNIO: ROUBO: A PESSOA EM VIA PÚBLICA,ES,SERRA,PARQUE RESIDENCIAL LARANJEIRAS,VIA PÚBLICA,roubos,patrimonial,2025.0,8.0,AGO,2025-08-01,4.0,SEX,False,11.0,MANHA
2025-08-01,16:30:00,CRIMES CONTRA PATRIMÔNIO,CRIMES CONTRA PATRIMÔNIO: ROUBO: A PESSOA EM VIA PÚBLICA,ES,SERRA,COLINA DE LARANJEIRAS,VIA PÚBLICA,roubos,patrimonial,2025.0,8.0,AGO,2025-08-01,4.0,SEX,False,16.0,TARDE
2025-08-01,14:30:00,CRIMES CONTRA PATRIMÔNIO,CRIMES CONTRA PATRIMÔNIO: ROUBO: A PESSOA EM VIA PÚBLICA,ES,VILA VELHA,PRAIA DA COSTA,VIA PÚBLICA,roubos,patrimonial,2025.0,8.0,AGO,2025-08-01,4.0,SEX,False,14.0,TARDE
2025-08-01,19:36:00,CRIMES CONTRA PATRIMÔNIO,CRIMES CONTRA PATRIMÔNIO: ROUBO: A PESSOA EM VIA PÚBLICA,ES,VILA VELHA,GLORIA,RESIDÊNCIA,roubos,patrimonial,2025.0,8.0,AGO,2025-08-01,4.0,SEX,False,19.0,NOITE
2025-08-01,06:45:00,CRIMES CONTRA PATRIMÔNIO,CRIMES CONTRA PATRIMÔNIO: ROUBO: A PESSOA EM VIA PÚBLICA,ES,CACHOEIRO DE ITAPEMIRIM,CENTRO,VIA PÚBLICA,roubos,patrimonial,2025.0,8.0,AGO,2025-08-01,4.0,SEX,False,6.0,MANHA
2025-08-01,20:14:00,CRIMES CONTRA PATRIMÔNIO,CRIMES CONTRA PATRIMÔNIO: ROUBO: A PESSOA EM VIA PÚBLICA,ES,VILA VELHA,JOCKEY DE ITAPARICA,VIA PÚBLICA,roubos,patrimonial,2025.0,8.0,AGO,2025-08-01,4.0,SEX,False,20.0,NOITE
2025-08-01,18:55:00,CRIMES CONTRA PATRIMÔNIO,CRIMES CONTRA PATRIMÔNIO: ROUBO: A PESSOA EM VIA PÚBLICA,ES,CACHOEIRO DE ITAPEMIRIM,AQUIDABAN,VIA PÚBLICA,roubos,patrimonial,2025.0,8.0,AGO,2025-08-01,4.0,SEX,False,18.0,NOITE
2025-08-01,20:30:00,CRIMES CONTRA PATRIMÔNIO,CRIMES CONTRA PATRIMÔNIO: ROUBO: A PESSOA EM VIA PÚBLICA,ES,VILA VELHA,CENTRO VILA VELHA,VIA PÚBLICA,roubos,patrimonial,2025.0,8.0,AGO,2025-08-01,4.0,SEX,False,20.0,NOITE
2025-08-01,01:40:00,CRIMES CONTRA PATRIMÔNIO,CRIMES CONTRA PATRIMÔNIO: ROUBO: A PESSOA EM VIA PÚBLICA,ES,CASTELO,CENTRO,VIA PÚBLICA,roubos,patrimonial,2025.0,8.0,AGO,2025-08-01,4.0,SEX,False,1.0,MADRUGADA
2025-08-01,16:00:00,CRIMES CONTRA PATRIMÔNIO,CRIMES CONTRA PATRIMÔNIO: ROUBO: A PESSOA EM VIA PÚBLICA,ES,GUARAPARI,CENTRO,VIA PÚBLICA,roubos,patrimonial,2025.0,8.0,AGO,2025-08-01,4.0,SEX,False,16.0,TARDE
2025-08-01,15:50:00,CRIMES CONTRA PATRIMÔNIO,CRIMES CONTRA PATRIMÔNIO: ROUBO: A PESSOA EM VIA PÚBLICA,ES,CARIACICA,CAMPO GRANDE,VIA PÚBLICA,roubos,patrimonial,2025.0,8.0,AGO,2025-08-01,4.0,SEX,False,15.0,TARDE
2025-08-01,09:00:00,CRIMES CONTRA PATRIMÔNIO,CRIMES CONTRA PATRIMÔNIO: ROUBO: A PESSOA EM VIA PÚBLICA,ES,ANCHIETA,OUTRO LOCAL,VIA PÚBLICA,roubos,patrimonial,2025.0,8.0,AGO,2025-08-01,4.0,SEX,False,9.0,MANHA
2025-08-01,21:00:00,CRIMES CONTRA PATRIMÔNIO,CRIMES CONTRA PATRIMÔNIO: ROUBO: A PESSOA EM VIA PÚBLICA,ES,CARIACICA,BELA AURORA,VIA PÚBLICA,roubos,patrimonial,2025.0,8.0,AGO,2025-08-01,4.0,SEX,False,21.0,NOITE
2025-08-01,17:00:00,CRIMES CONTRA PATRIMÔNIO,CRIMES CONTRA PATRIMÔNIO: ROUBO: A PESSOA EM VIA PÚBLICA,ES,CARIACICA,PORTO DE CARIACICA,VIA PÚBLICA,roubos,patrimonial,2025.0,8.0,AGO,2025-08-01,4.0,SEX,False,17.0,TARDE
2025-08-01,20:45:00,CRIMES CONTRA PATRIMÔNIO,CRIMES CONTRA PATRIMÔNIO: ROUBO: A PESSOA EM VIA PÚBLICA,ES,ARACRUZ,CENTRO,VIA PÚBLICA,roubos,patrimonial,2025.0,8.0,AGO,2025-08-01,4.0,SEX,False,20.0,NOITE
2025-08-01,18:16:00,CRIMES CONTRA PATRIMÔNIO,CRIMES CONTRA PATRIMÔNIO: ROUBO: A PESSOA EM VIA PÚBLICA,ES,VIANA,NOVA BETHANIA,VIA PÚBLICA,roubos,patrimonial,2025.0,8.0,AGO,2025-08-01,4.0,SEX,False,18.0,NOITE
2025-08-01,19:00:00,CRIMES CONTRA PATRIMÔNIO,CRIMES CONTRA PATRIMÔNIO: ROUBO: A PESSOA EM VIA PÚBLICA,ES,VIANA,VILA BETHANIA,VIA PÚBLICA,roubos,patrimonial,2025.0,8.0,AGO,2025-08-01,4.0,SEX,False,19.0,NOITE
2025-08-01,06:00:00,CRIMES CONTRA PATRIMÔNIO,CRIMES CONTRA PATRIMÔNIO: ROUBO: A PESSOA EM VIA PÚBLICA,ES,GUARAPARI,CENTRO,VIA PÚBLICA,roubos,patrimonial,2025.0,8.0,AGO,2025-08-01,4.0,SEX,False,6.0,MANHA
2025-08-01,21:50:00,CRIMES CONTRA PATRIMÔNIO,CRIMES CONTRA PATRIMÔNIO: ROUBO: A PESSOA EM VIA PÚBLICA,ES,CARIACICA,SANTA BARBARA,VIA PÚBLICA,roubos,patrimonial,2025.0,8.0,AGO,2025-08-01,4.0,SEX,False,21.0,NOITE
2025-08-01,16:00:00,CRIMES CONTRA PATRIMÔNIO,CRIMES CONTRA PATRIMÔNIO: ROUBO: A PESSOA EM VIA PÚBLICA,ES,CARIACICA,SANTANA,VIA PÚBLICA,roubos,patrimonial,2025.0,8.0,AGO,2025-08-01,4.0,SEX,False,16.0,TARDE
2025-08-01,05:30:00,CRIMES CONTRA PATRIMÔNIO,CRIMES CONTRA PATRIMÔNIO: ROUBO: A PESSOA EM VIA PÚBLICA,ES,GUARAPARI,PRAIA DO MORRO,VIA PÚBLICA,roubos,patrimonial,2025.0,8.0,AGO,2025-08-01,4.0,SEX,False,5.0,MADRUGADA
2025-08-01,08:00:00,CRIMES CONTRA PATRIMÔNIO,CRIMES CONTRA PATRIMÔNIO: ROUBO: A PESSOA EM VIA PÚBLICA,ES,SERRA,NOVA CARAPINA II,VIA PÚBLICA,roubos,patrimonial,2025.0,8.0,AGO,2025-08-01,4.0,SEX,False,8.0,MANHA
2025-08-01,20:30:00,CRIMES CONTRA PATRIMÔNIO,CRIMES CONTRA PATRIMÔNIO: ROUBO: A PESSOA EM VIA PÚBLICA,ES,VILA VELHA,JOCKEY DE ITAPARICA,VIA PÚBLICA,roubos,patrimonial,2025.0,8.0,AGO,2025-08-01,4.0,SEX,False,20.0,NOITE
2025-08-01,18:00:00,CRIMES CONTRA PATRIMÔNIO,CRIMES CONTRA PATRIMÔNIO: ROUBO: A PESSOA EM VIA PÚBLICA,ES,CARIACICA,MUCURI,VIA PÚBLICA,roubos,patrimonial,2025.0,8.0,AGO,2025-08-01,4.0,SEX,False,18.0,NOITE
2025-08-01,20:35:00,CRIMES CONTRA PATRIMÔNIO,CRIMES CONTRA PATRIMÔNIO: ROUBO: A PESSOA EM VIA PÚBLICA,ES,CARIACICA,BOA SORTE,VIA PÚBLICA,roubos,patrimonial,2025.0,8.0,AGO,2025-08-01,4.0,SEX,False,20.0,NOITE
2025-08-01,03:20:00,CRIMES CONTRA PATRIMÔNIO,CRIMES CONTRA PATRIMÔNIO: ROUBO: EM TRANSPORTE COLETIVO,ES,VILA VELHA,NOSSA SENHORA DA PENHA,TRANSP COLETIVO,roubos,patrimonial,2025.0,8.0,AGO,2025-08-01,4.0,SEX,False,3.0,MADRUGADA
2025-08-01,21:45:00,CRIMES CONTRA PATRIMÔNIO,CRIMES CONTRA PATRIMÔNIO: ROUBO: EM TRANSPORTE COLETIVO,ES,VITORIA,AEROPORTO,TRANSP COLETIVO,roubos,patrimonial,2025.0,8.0,AGO,2025-08-01,4.0,SEX,False,21.0,NOITE
2025-08-01,19:30:00,CRIMES CONTRA PATRIMÔNIO,CRIMES CONTRA PATRIMÔNIO: ROUBO: EM ESTABELECIMENTO COMERCIAL,ES,SERRA,BAIRRO DE FATIMA,COMÉRCIO,roubos,patrimonial,2025.0,8.0,AGO,2025-08-01,4.0,SEX,False,19.0,NOITE
2025-08-02,18:20:00,CRIMES CONTRA PATRIMÔNIO,CRIMES CONTRA PATRIMÔNIO: ROUBO: A PESSOA EM VIA PÚBLICA,ES,MUCURICI,ITABAIANA,VIA PÚBLICA,roubos,patrimonial,2025.0,8.0,AGO,2025-08-01,5.0,SAB,True,18.0,NOITE
2025-08-02,09:00:00,CRIMES CONTRA PATRIMÔNIO,CRIMES CONTRA PATRIMÔNIO: ROUBO: A PESSOA EM VIA PÚBLICA,ES,SERRA,NOVA CARAPINA I,VIA PÚBLICA,roubos,patrimonial,2025.0,8.0,AGO,2025-08-01,5.0,SAB,True,9.0,MANHA
2025-08-02,00:10:00,CRIMES CONTRA PATRIMÔNIO,CRIMES CONTRA PATRIMÔNIO: ROUBO: A PESSOA EM VIA PÚBLICA,ES,CARIACICA,SANTANA,VIA PÚBLICA,roubos,patrimonial,2025.0,8.0,AGO,2025-08-01,5.0,SAB,True,0.0,MADRUGADA
2025-08-02,Indeterminada,CRIMES CONTRA PATRIMÔNIO,CRIMES CONTRA PATRIMÔNIO: ROUBO: A PESSOA EM VIA PÚBLICA,ES,SERRA,BICANGA,VIA PÚBLICA,roubos,patrimonial,2025.0,8.0,AGO,2025-08-01,5.0,SAB,True,,
2025-08-02,20:21:00,CRIMES CONTRA PATRIMÔNIO,CRIMES CONTRA PATRIMÔNIO: ROUBO: A PESSOA EM VIA PÚBLICA,ES,VITORIA,PRAIA DO CANTO,VIA PÚBLICA,roubos,patrimonial,2025.0,8.0,AGO,2025-08-01,5.0,SAB,True,20.0,NOITE
2025-08-02,18:00:00,CRIMES CONTRA PATRIMÔNIO,CRIMES CONTRA PATRIMÔNIO: ROUBO: A PESSOA EM VIA PÚBLICA,ES,CARIACICA,VERA CRUZ,VIA PÚBLICA,roubos,patrimonial,2025.0,8.0,AGO,2025-08-01,5.0,SAB,True,18.0,NOITE
2025-08-02,18:49:00,CRIMES CONTRA PATRIMÔNIO,CRIMES CONTRA PATRIMÔNIO: ROUBO: A PESSOA EM VIA PÚBLICA,ES,CACHOEIRO DE ITAPEMIRIM,INDEPENDENCIA,VIA PÚBLICA,roubos,patrimonial,2025.0,8.0,AGO,2025-08-01,5.0,SAB,True,18.0,NOITE
2025-08-02,04:00:00,CRIMES CONTRA PATRIMÔNIO,CRIMES CONTRA PATRIMÔNIO: ROUBO: A PESSOA EM VIA PÚBLICA,ES,CARIACICA,CAMPO BELO,VIA PÚBLICA,roubos,patrimonial,2025.0,8.0,AGO,2025-08-01,5.0,SAB,True,4.0,MADRUGADA
2025-08-02,12:00:00,CRIMES CONTRA PATRIMÔNIO,CRIMES CONTRA PATRIMÔNIO: ROUBO: A PESSOA EM VIA PÚBLICA,ES,SERRA,JARDIM LIMOEIRO,VIA PÚBLICA,roubos,patrimonial,2025.0,8.0,AGO,2025-08-01,5.0,SAB,True,12.0,TARDE
2025-08-02,18:26:00,CRIMES CONTRA PATRIMÔNIO,CRIMES CONTRA PATRIMÔNIO: ROUBO: A PESSOA EM VIA PÚBLICA,ES,VITORIA,CENTRO,RODOVIA ESTADUAL,roubos,patrimonial,2025.0,8.0,AGO,2025-08-01,5.0,SAB,True,18.0,NOITE
2025-08-02,00:36:00,CRIMES CONTRA PATRIMÔNIO,CRIMES CONTRA PATRIMÔNIO: ROUBO: A PESSOA EM VIA PÚBLICA,ES,CARIACICA,SAO GERALDO,VIA PÚBLICA,roubos,patrimonial,2025.0,8.0,AGO,2025-08-01,5.0,SAB,True,0.0,MADRUGADA
2025-08-02,01:30:00,CRIMES CONTRA PATRIMÔNIO,CRIMES CONTRA PATRIMÔNIO: ROUBO: A PESSOA EM VIA PÚBLICA,ES,VILA VELHA,PRAIA DA COSTA,VIA PÚBLICA,roubos,patrimonial,2025.0,8.0,AGO,2025-08-01,5.0,SAB,True,1.0,MADRUGADA
2025-08-02,19:40:00,CRIMES CONTRA PATRIMÔNIO,CRIMES CONTRA PATRIMÔNIO: ROUBO: A PESSOA EM VIA PÚBLICA,ES,SERRA,JARDIM LIMOEIRO,VIA PÚBLICA,roubos,patrimonial,2025.0,8.0,AGO,2025-08-01,5.0,SAB,True,19.0,NOITE
2025-08-02,19:30:00,CRIMES CONTRA PATRIMÔNIO,CRIMES CONTRA PATRIMÔNIO: ROUBO: A PESSOA EM VIA PÚBLICA,ES,SERRA,SAO DIOGO II,VIA PÚBLICA,roubos,patrimonial,2025.0,8.0,AGO,2025-08-01,5.0,SAB,True,19.0,NOITE
2025-08-02,22:15:00,CRIMES CONTRA PATRIMÔNIO,CRIMES CONTRA PATRIMÔNIO: ROUBO: A PESSOA EM VIA PÚBLICA,ES,VILA VELHA,PRAIA DA COSTA,VIA PÚBLICA,roubos,patrimonial,2025.0,8.0,AGO,2025-08-01,5.0,SAB,True,22.0,NOITE
2025-08-02,04:30:00,CRIMES CONTRA PATRIMÔNIO,CRIMES CONTRA PATRIMÔNIO: ROUBO: A PESSOA EM VIA PÚBLICA,ES,CARIACICA,VILA CAPIXABA,VIA PÚBLICA,roubos,patrimonial,2025.0,8.0,AGO,2025-08-01,5.0,SAB,True,4.0,MADRUGADA
2025-08-02,21:31:00,CRIMES CONTRA PATRIMÔNIO,CRIMES CONTRA PATRIMÔNIO: ROUBO: A PESSOA EM VIA PÚBLICA,ES,SERRA,COLINA DE LARANJEIRAS,VIA PÚBLICA,roubos,patrimonial,2025.0,8.0,AGO,2025-08-01,5.0,SAB,True,21.0,NOITE
2025-08-02,18:30:00,CRIMES CONTRA PATRIMÔNIO,CRIMES CONTRA PATRIMÔNIO: ROUBO: A PESSOA EM VIA PÚBLICA,ES,VITORIA,PRAIA DO CANTO,VIA PÚBLICA,roubos,patrimonial,2025.0,8.0,AGO,2025-08-01,5.0,SAB,True,18.0,NOITE
2025-08-02,Indeterminada,CRIMES CONTRA PATRIMÔNIO,CRIMES CONTRA PATRIMÔNIO: ROUBO: A PESSOA EM VIA PÚBLICA,ES,CACHOEIRO DE ITAPEMIRIM,CENTRO,VIA PÚBLICA,roubos,patrimonial,2025.0,8.0,AGO,2025-08-01,5.0,SAB,True,,
2025-08-02,14:00:00,CRIMES CONTRA PATRIMÔNIO,CRIMES CONTRA PATRIMÔNIO: ROUBO: A PESSOA EM VIA PÚBLICA,ES,VILA VELHA,JARDIM MARILANDIA,VIA PÚBLICA,roubos,patrimonial,2025.0,8.0,AGO,2025-08-01,5.0,SAB,True,14.0,TARDE
2025-08-02,18:50:00,CRIMES CONTRA PATRIMÔNIO,CRIMES CONTRA PATRIMÔNIO: ROUBO: A PESSOA EM VIA PÚBLICA,ES,SERRA,VALPARAISO,VIA PÚBLICA,roubos,patrimonial,2025.0,8.0,AGO,2025-08-01,5.0,SAB,True,18.0,NOITE
2025-08-02,Indeterminada,CRIMES CONTRA PATRIMÔNIO,CRIMES CONTRA PATRIMÔNIO: ROUBO: A PESSOA EM VIA PÚBLICA,ES,COLATINA,CENTRO,VIA PÚBLICA,roubos,patrimonial,2025.0,8.0,AGO,2025-08-01,5.0,SAB,True,,
2025-08-02,11:50:00,CRIMES CONTRA PATRIMÔNIO,CRIMES CONTRA PATRIMÔNIO: ROUBO: A PESSOA EM VIA PÚBLICA,ES,CARIACICA,CAMPO GRANDE,VIA PÚBLICA,roubos,patrimonial,2025.0,8.0,AGO,2025-08-01,5.0,SAB,True,11.0,MANHA
2025-08-02,18:00:00,CRIMES CONTRA PATRIMÔNIO,CRIMES CONTRA PATRIMÔNIO: ROUBO: A PESSOA EM VIA PÚBLICA,ES,CARIACICA,APARECIDA,VIA PÚBLICA,roubos,patrimonial,2025.0,8.0,AGO,2025-08-01,5.0,SAB,True,18.0,NOITE
2025-08-02,06:40:00,CRIMES CONTRA PATRIMÔNIO,CRIMES CONTRA PATRIMÔNIO: ROUBO: A PESSOA EM VIA PÚBLICA,ES,CARIACICA,VALE DOS REIS,VIA PÚBLICA,roubos,patrimonial,2025.0,8.0,AGO,2025-08-01,5.0,SAB,True,6.0,MANHA
2025-08-02,23:30:00,CRIMES CONTRA PATRIMÔNIO,CRIMES CONTRA PATRIMÔNIO: ROUBO: A PESSOA EM VIA PÚBLICA,ES,CARIACICA,ALTO LAGE,OUTRO LOCAL,roubos,patrimonial,2025.0,8.0,AGO,2025-08-01,5.0,SAB,True,23.0,NOITE
2025-08-02,01:30:00,CRIMES CONTRA PATRIMÔNIO,CRIMES CONTRA PATRIMÔNIO: ROUBO: A PESSOA EM VIA PÚBLICA,ES,SERRA,CIDADE CONTINENTAL,VIA PÚBLICA,roubos,patrimonial,2025.0,8.0,AGO,2025-08-01,5.0,SAB,True,1.0,MADRUGADA
2025-08-02,19:00:00,CRIMES CONTRA PATRIMÔNIO,CRIMES CONTRA PATRIMÔNIO: ROUBO: EM TRANSPORTE COLETIVO,ES,SOORETAMA,VALE DO SOL,VEÍCULO,roubos,patrimonial,2025.0,8.0,AGO,2025-08-01,5.0,SAB,True,19.0,NOITE
2025-08-03,14:00:00,CRIMES CONTRA PATRIMÔNIO,CRIMES CONTRA PATRIMÔNIO: ROUBO: A PESSOA EM VIA PÚBLICA,ES,VILA VELHA,PONTAL DAS GARCAS,VIA PÚBLICA,roubos,patrimonial,2025.0,8.0,AGO,2025-08-01,6.0,DOM,True,14.0,TARDE
2025-08-03,18:10:00,CRIMES CONTRA PATRIMÔNIO,CRIMES CONTRA PATRIMÔNIO: ROUBO: A PESSOA EM VIA PÚBLICA,ES,LINHARES,PLANALTO,VIA PÚBLICA,roubos,patrimonial,2025.0,8.0,AGO,2025-08-01,6.0,DOM,True,18.0,NOITE
2025-08-03,00:30:00,CRIMES CONTRA PATRIMÔNIO,CRIMES CONTRA PATRIMÔNIO: ROUBO: A PESSOA EM VIA PÚBLICA,ES,CARIACICA,BANDEIRANTES,VIA PÚBLICA,roubos,patrimonial,2025.0,8.0,AGO,2025-08-01,6.0,DOM,True,0.0,MADRUGADA
2025-08-03,12:00:00,CRIMES CONTRA PATRIMÔNIO,CRIMES CONTRA PATRIMÔNIO: ROUBO: A PESSOA EM VIA PÚBLICA,ES,SERRA,JARDIM LIMOEIRO,VIA PÚBLICA,roubos,patrimonial,2025.0,8.0,AGO,2025-08-01,6.0,DOM,True,12.0,TARDE
2025-08-03,19:40:00,CRIMES CONTRA PATRIMÔNIO,CRIMES CONTRA PATRIMÔNIO: ROUBO: A PESSOA EM VIA PÚBLICA,ES,SANTA MARIA DE JETIBA,CENTRO,VIA PÚBLICA,roubos,patrimonial,2025.0,8.0,AGO,2025-08-01,6.0,DOM,True,19.0,NOITE
2025-08-03,00:00:00,CRIMES CONTRA PATRIMÔNIO,CRIMES CONTRA PATRIMÔNIO: ROUBO: A PESSOA EM VIA PÚBLICA,ES,SAO MATEUS,GURIRI,VIA PÚBLICA,roubos,patrimonial,2025.0,8.0,AGO,2025-08-01,6.0,DOM,True,0.0,MADRUGADA
2025-08-03,Indeterminada,CRIMES CONTRA PATRIMÔNIO,CRIMES CONTRA PATRIMÔNIO: ROUBO: A PESSOA EM VIA PÚBLICA,ES,SERRA,PARQUE JACARAIPE,VIA PÚBLICA,roubos,patrimonial,2025.0,8.0,AGO,2025-08-01,6.0,DOM,True,,
2025-08-03,05:45:00,CRIMES CONTRA PATRIMÔNIO,CRIMES CONTRA PATRIMÔNIO: ROUBO: A PESSOA EM VIA PÚBLICA,ES,SERRA,LARANJEIRAS VELHA,VIA PÚBLICA,roubos,patrimonial,2025.0,8.0,AGO,2025-08-01,6.0,DOM,True,5.0,MADRUGADA
2025-08-03,17:00:00,CRIMES CONTRA PATRIMÔNIO,CRIMES CONTRA PATRIMÔNIO: ROUBO: A PESSOA EM VIA PÚBLICA,ES,VILA VELHA,PRAIA DE ITAPARICA,VIA PÚBLICA,roubos,patrimonial,2025.0,8.0,AGO,2025-08-01,6.0,DOM,True,17.0,TARDE
2025-08-03,Indeterminada,CRIMES CONTRA PATRIMÔNIO,CRIMES CONTRA PATRIMÔNIO: ROUBO: A PESSOA EM VIA PÚBLICA,ES,VITORIA,GOIABEIRAS,VIA PÚBLICA,roubos,patrimonial,2025.0,8.0,AGO,2025-08-01,6.0,DOM,True,,
2025-08-03,05:00:00,CRIMES CONTRA PATRIMÔNIO,CRIMES CONTRA PATRIMÔNIO: ROUBO: EM TRANSPORTE COLETIVO,ES,VITORIA,JARDIM CAMBURI,VIA PÚBLICA,roubos,patrimonial,2025.0,8.0,AGO,2025-08-01,6.0,DOM,True,5.0,MADRUGADA
2025-08-03,08:00:00,CRIMES CONTRA PATRIMÔNIO,CRIMES CONTRA PATRIMÔNIO: ROUBO: EM TRANSPORTE COLETIVO,ES,VITORIA,CENTRO,OUTRO LOCAL,roubos,patrimonial,2025.0,8.0,AGO,2025-08-01,6.0,DOM,True,8.0,MANHA
2025-08-03,11:20:00,CRIMES CONTRA PATRIMÔNIO,CRIMES CONTRA PATRIMÔNIO: ROUBO: EM ESTABELECIMENTO COMERCIAL,ES,VITORIA,JARDIM CAMBURI,OUTRO LOCAL,roubos,patrimonial,2025.0,8.0,AGO,2025-08-01,6.0,DOM,True,11.0,MANHA
2025-08-03,19:45:00,CRIMES CONTRA PATRIMÔNIO,CRIMES CONTRA PATRIMÔNIO: ROUBO: EM ESTABELECIMENTO COMERCIAL,ES,SERRA,PARQUE RESIDENCIAL LARANJEIRAS,COMÉRCIO,roubos,patrimonial,2025.0,8.0,AGO,2025-08-01,6.0,DOM,True,19.0,NOITE
2025-08-04,00:32:00,CRIMES CONTRA PATRIMÔNIO,CRIMES CONTRA PATRIMÔNIO: ROUBO: A PESSOA EM VIA PÚBLICA,ES,VILA VELHA,PRAIA DA COSTA,VIA PÚBLICA,roubos,patrimonial,2025.0,8.0,AGO,2025-08-01,0.0,SEG,False,0.0,MADRUGADA
2025-08-04,00:10:00,CRIMES CONTRA PATRIMÔNIO,CRIMES CONTRA PATRIMÔNIO: ROUBO: A PESSOA EM VIA PÚBLICA,ES,VILA VELHA,PRAIA DA COSTA,VIA PÚBLICA,roubos,patrimonial,2025.0,8.0,AGO,2025-08-01,0.0,SEG,False,0.0,MADRUGADA
2025-08-04,23:00:00,CRIMES CONTRA PATRIMÔNIO,CRIMES CONTRA PATRIMÔNIO: ROUBO: A PESSOA EM VIA PÚBLICA,ES,CARIACICA,ITACIBA,VIA PÚBLICA,roubos,patrimonial,2025.0,8.0,AGO,2025-08-01,0.0,SEG,False,23.0,NOITE
2025-08-04,11:01:00,CRIMES CONTRA PATRIMÔNIO,CRIMES CONTRA PATRIMÔNIO: ROUBO: A PESSOA EM VIA PÚBLICA,ES,LINHARES,MOBRASA,VIA PÚBLICA,roubos,patrimonial,2025.0,8.0,AGO,2025-08-01,0.0,SEG,False,11.0,MANHA
2025-08-04,14:09:00,CRIMES CONTRA PATRIMÔNIO,CRIMES CONTRA PATRIMÔNIO: ROUBO: A PESSOA EM VIA PÚBLICA,ES,ARACRUZ,JACUPEMBA,VIA PÚBLICA,roubos,patrimonial,2025.0,8.0,AGO,2025-08-01,0.0,SEG,False,14.0,TARDE
2025-08-04,16:13:00,CRIMES CONTRA PATRIMÔNIO,CRIMES CONTRA PATRIMÔNIO: ROUBO: A PESSOA EM VIA PÚBLICA,ES,VILA VELHA,JOCKEY DE ITAPARICA,VIA PÚBLICA,roubos,patrimonial,2025.0,8.0,AGO,2025-08-01,0.0,SEG,False,16.0,TARDE
2025-08-04,19:37:00,CRIMES CONTRA PATRIMÔNIO,CRIMES CONTRA PATRIMÔNIO: ROUBO: A PESSOA EM VIA PÚBLICA,ES,GUACUI,QUINCAS MACHADO,VIA PÚBLICA,roubos,patrimonial,2025.0,8.0,AGO,2025-08-01,0.0,SEG,False,19.0,NOITE
2025-08-04,21:00:00,CRIMES CONTRA PATRIMÔNIO,CRIMES CONTRA PATRIMÔNIO: ROUBO: A PESSOA EM VIA PÚBLICA,ES,VILA VELHA,COQUEIRAL DE ITAPARICA,VIA PÚBLICA,roubos,patrimonial,2025.0,8.0,AGO,2025-08-01,0.0,SEG,False,21.0,NOITE
2025-08-04,22:55:00,CRIMES CONTRA PATRIMÔNIO,CRIMES CONTRA PATRIMÔNIO: ROUBO: A PESSOA EM VIA PÚBLICA,ES,VILA VELHA,ATAIDE,VIA PÚBLICA,roubos,patrimonial,2025.0,8.0,AGO,2025-08-01,0.0,SEG,False,22.0,NOITE
2025-08-04,15:20:00,CRIMES CONTRA PATRIMÔNIO,CRIMES CONTRA PATRIMÔNIO: ROUBO: A PESSOA EM VIA PÚBLICA,ES,VILA VELHA,PRAIA DA COSTA,VIA PÚBLICA,roubos,patrimonial,2025.0,8.0,AGO,2025-08-01,0.0,SEG,False,15.0,TARDE
2025-08-04,18:40:00,CRIMES CONTRA PATRIMÔNIO,CRIMES CONTRA PATRIMÔNIO: ROUBO: A PESSOA EM VIA PÚBLICA,ES,COLATINA,SAO SILVANO,OUTRO LOCAL,roubos,patrimonial,2025.0,8.0,AGO,2025-08-01,0.0,SEG,False,18.0,NOITE
2025-08-04,07:05:00,CRIMES CONTRA PATRIMÔNIO,CRIMES CONTRA PATRIMÔNIO: ROUBO: A PESSOA EM VIA PÚBLICA,ES,VIANA,ARLINDO ANGELO VILLASCHI,VIA PÚBLICA,roubos,patrimonial,2025.0,8.0,AGO,2025-08-01,0.0,SEG,False,7.0,MANHA
2025-08-04,16:08:00,CRIMES CONTRA PATRIMÔNIO,CRIMES CONTRA PATRIMÔNIO: ROUBO: A PESSOA EM VIA PÚBLICA,ES,VILA VELHA,JOCKEY DE ITAPARICA,ESCRITORIO,roubos,patrimonial,2025.0,8.0,AGO,2025-08-01,0.0,SEG,False,16.0,TARDE
2025-08-04,13:40:00,CRIMES CONTRA PATRIMÔNIO,CRIMES CONTRA PATRIMÔNIO: ROUBO: A PESSOA EM VIA PÚBLICA,ES,SERRA,JARDIM LIMOEIRO,VIA PÚBLICA,roubos,patrimonial,2025.0,8.0,AGO,2025-08-01,0.0,SEG,False,13.0,TARDE
2025-08-04,19:20:00,CRIMES CONTRA PATRIMÔNIO,CRIMES CONTRA PATRIMÔNIO: ROUBO: A PESSOA EM VIA PÚBLICA,ES,VIANA,ARLINDO ANGELO VILLASCHI,VIA PÚBLICA,roubos,patrimonial,2025.0,8.0,AGO,2025-08-01,0.0,SEG,False,19.0,NOITE
2025-08-04,07:30:00,CRIMES CONTRA PATRIMÔNIO,CRIMES CONTRA PATRIMÔNIO: ROUBO: A PESSOA EM VIA PÚBLICA,ES,CARIACICA,RIO MARINHO,VIA PÚBLICA,roubos,patrimonial,2025.0,8.0,AGO,2025-08-01,0.0,SEG,False,7.0,MANHA
2025-08-04,21:30:00,CRIMES CONTRA PATRIMÔNIO,CRIMES CONTRA PATRIMÔNIO: ROUBO: A PESSOA EM VIA PÚBLICA,ES,VILA VELHA,COQUEIRAL DE ITAPARICA,OUTRO LOCAL,roubos,patrimonial,2025.0,8.0,AGO,2025-08-01,0.0,SEG,False,21.0,NOITE
2025-08-04,16:46:00,CRIMES CONTRA PATRIMÔNIO,CRIMES CONTRA PATRIMÔNIO: ROUBO: A PESSOA EM VIA PÚBLICA,ES,VILA VELHA,ITAPOA,VIA PÚBLICA,roubos,patrimonial,2025.0,8.0,AGO,2025-08-01,0.0,SEG,False,16.0,TARDE
2025-08-04,12:45:00,CRIMES CONTRA PATRIMÔNIO,CRIMES CONTRA PATRIMÔNIO: ROUBO: A PESSOA EM VIA PÚBLICA,ES,VITORIA,ENSEADA DO SUA,VIA PÚBLICA,roubos,patrimonial,2025.0,8.0,AGO,2025-08-01,0.0,SEG,False,12.0,TARDE
2025-08-04,22:35:00,CRIMES CONTRA PATRIMÔNIO,CRIMES CONTRA PATRIMÔNIO: ROUBO: A PESSOA EM VIA PÚBLICA,ES,VITORIA,JARDIM DA PENHA,VIA PÚBLICA,roubos,patrimonial,2025.0,8.0,AGO,2025-08-01,0.0,SEG,False,22.0,NOITE
2025-08-04,16:00:00,CRIMES CONTRA PATRIMÔNIO,CRIMES CONTRA PATRIMÔNIO: ROUBO: A PESSOA EM VIA PÚBLICA,ES,VITORIA,MORADA DE CAMBURI,VIA PÚBLICA,roubos,patrimonial,2025.0,8.0,AGO,2025-08-01,0.0,SEG,False,16.0,TARDE
2025-08-04,15:00:00,CRIMES CONTRA PATRIMÔNIO,CRIMES CONTRA PATRIMÔNIO: ROUBO: A PESSOA EM VIA PÚBLICA,ES,VIANA,ARLINDO ANGELO VILLASCHI,VIA PÚBLICA,roubos,patrimonial,2025.0,8.0,AGO,2025-08-01,0.0,SEG,False,15.0,TARDE
2025-08-04,19:20:00,CRIMES CONTRA PATRIMÔNIO,CRIMES CONTRA PATRIMÔNIO: ROUBO: A PESSOA EM VIA PÚBLICA,ES,VITORIA,JARDIM CAMBURI,VIA PÚBLICA,roubos,patrimonial,2025.0,8.0,AGO,2025-08-01,0.0,SEG,False,19.0,NOITE
2025-08-04,18:00:00,CRIMES CONTRA PATRIMÔNIO,CRIMES CONTRA PATRIMÔNIO: ROUBO: A PESSOA EM VIA PÚBLICA,ES,VITORIA,CENTRO,VIA PÚBLICA,roubos,patrimonial,2025.0,8.0,AGO,2025-08-01,0.0,SEG,False,18.0,NOITE
2025-08-04,22:20:00,CRIMES CONTRA PATRIMÔNIO,CRIMES CONTRA PATRIMÔNIO: ROUBO: A PESSOA EM VIA PÚBLICA,ES,CARIACICA,VISTA MAR,VIA PÚBLICA,roubos,patrimonial,2025.0,8.0,AGO,2025-08-01,0.0,SEG,False,22.0,NOITE
2025-08-04,18:30:00,CRIMES CONTRA PATRIMÔNIO,CRIMES CONTRA PATRIMÔNIO: ROUBO: EM TRANSPORTE COLETIVO,ES,SERRA,BAIRRO DE FATIMA,TRANSP COLETIVO,roubos,patrimonial,2025.0,8.0,AGO,2025-08-01,0.0,SEG,False,18.0,NOITE
2025-08-04,18:50:00,CRIMES CONTRA PATRIMÔNIO,CRIMES CONTRA PATRIMÔNIO: ROUBO: EM TRANSPORTE COLETIVO,ES,SERRA,ROSARIO DE FATIMA,TRANSP COLETIVO,roubos,patrimonial,2025.0,8.0,AGO,2025-08-01,0.0,SEG,False,18.0,NOITE
2025-08-04,15:45:00,CRIMES CONTRA PATRIMÔNIO,CRIMES CONTRA PATRIMÔNIO: ROUBO: EM TRANSPORTE COLETIVO,ES,CARIACICA,CAMPO GRANDE,TRANSP COLETIVO,roubos,patrimonial,2025.0,8.0,AGO,2025-08-01,0.0,SEG,False,15.0,TARDE
2025-08-04,15:50:00,CRIMES CONTRA PATRIMÔNIO,CRIMES CONTRA PATRIMÔNIO: ROUBO: EM TRANSPORTE COLETIVO,ES,CARIACICA,CAMPO GRANDE,TRANSP COLETIVO,roubos,patrimonial,2025.0,8.0,AGO,2025-08-01,0.0,SEG,False,15.0,TARDE
2025-08-04,18:31:00,CRIMES CONTRA PATRIMÔNIO,CRIMES CONTRA PATRIMÔNIO: ROUBO: EM ESTABELECIMENTO COMERCIAL,ES,VITORIA,MATA DA PRAIA,COMÉRCIO,roubos,patrimonial,2025.0,8.0,AGO,2025-08-01,0.0,SEG,False,18.0,NOITE
2025-08-04,09:54:00,CRIMES CONTRA PATRIMÔNIO,CRIMES CONTRA PATRIMÔNIO: ROUBO: EM ESTABELECIMENTO COMERCIAL,ES,VITORIA,JARDIM CAMBURI,COMÉRCIO,roubos,patrimonial,2025.0,8.0,AGO,2025-08-01,0.0,SEG,False,9.0,MANHA
2025-08-05,05:50:00,CRIMES CONTRA PATRIMÔNIO,CRIMES CONTRA PATRIMÔNIO: ROUBO: A PESSOA EM VIA PÚBLICA,ES,CARIACICA,SANTANA,VIA PÚBLICA,roubos,patrimonial,2025.0,8.0,AGO,2025-08-01,1.0,TER,False,5.0,MADRUGADA
2025-08-05,06:40:00,CRIMES CONTRA PATRIMÔNIO,CRIMES CONTRA PATRIMÔNIO: ROUBO: A PESSOA EM VIA PÚBLICA,ES,CARIACICA,VILA PRUDENCIO,VIA PÚBLICA,roubos,patrimonial,2025.0,8.0,AGO,2025-08-01,1.0,TER,False,6.0,MANHA
2025-08-05,10:19:00,CRIMES CONTRA PATRIMÔNIO,CRIMES CONTRA PATRIMÔNIO: ROUBO: A PESSOA EM VIA PÚBLICA,ES,CACHOEIRO DE ITAPEMIRIM,AEROPORTO,COMÉRCIO,roubos,patrimonial,2025.0,8.0,AGO,2025-08-01,1.0,TER,False,10.0,MANHA
2025-08-05,22:45:00,CRIMES CONTRA PATRIMÔNIO,CRIMES CONTRA PATRIMÔNIO: ROUBO: A PESSOA EM VIA PÚBLICA,ES,CARIACICA,CAMPO GRANDE,VIA PÚBLICA,roubos,patrimonial,2025.0,8.0,AGO,2025-08-01,1.0,TER,False,22.0,NOITE
2025-08-05,05:00:00,CRIMES CONTRA PATRIMÔNIO,CRIMES CONTRA PATRIMÔNIO: ROUBO: A PESSOA EM VIA PÚBLICA,ES,CARIACICA,NOVA ESPERANCA,VIA PÚBLICA,roubos,patrimonial,2025.0,8.0,AGO,2025-08-01,1.0,TER,False,5.0,MADRUGADA
2025-08-05,11:10:00,CRIMES CONTRA PATRIMÔNIO,CRIMES CONTRA PATRIMÔNIO: ROUBO: A PESSOA EM VIA PÚBLICA,ES,VILA VELHA,XURY,VIA PÚBLICA,roubos,patrimonial,2025.0,8.0,AGO,2025-08-01,1.0,TER,False,11.0,MANHA
2025-08-05,09:00:00,CRIMES CONTRA PATRIMÔNIO,CRIMES CONTRA PATRIMÔNIO: ROUBO: A PESSOA EM VIA PÚBLICA,ES,CARIACICA,VALE DOS REIS,VIA PÚBLICA,roubos,patrimonial,2025.0,8.0,AGO,2025-08-01,1.0,TER,False,9.0,MANHA
2025-08-05,13:30:00,CRIMES CONTRA PATRIMÔNIO,CRIMES CONTRA PATRIMÔNIO: ROUBO: A PESSOA EM VIA PÚBLICA,ES,LINHARES,SANTA CRUZ,VIA PÚBLICA,roubos,patrimonial,2025.0,8.0,AGO,2025-08-01,1.0,TER,False,13.0,TARDE
2025-08-05,05:30:00,CRIMES CONTRA PATRIMÔNIO,CRIMES CONTRA PATRIMÔNIO: ROUBO: A PESSOA EM VIA PÚBLICA,ES,VITORIA,ENSEADA DO SUA,VIA PÚBLICA,roubos,patrimonial,2025.0,8.0,AGO,2025-08-01,1.0,TER,False,5.0,MADRUGADA
2025-08-05,11:00:00,CRIMES CONTRA PATRIMÔNIO,CRIMES CONTRA PATRIMÔNIO: ROUBO: A PESSOA EM VIA PÚBLICA,ES,GUARAPARI,AMARELO,VIA PÚBLICA,roubos,patrimonial,2025.0,8.0,AGO,2025-08-01,1.0,TER,False,11.0,MANHA
2025-08-05,22:40:00,CRIMES CONTRA PATRIMÔNIO,CRIMES CONTRA PATRIMÔNIO: ROUBO: A PESSOA EM VIA PÚBLICA,ES,VILA VELHA,JOCKEY DE ITAPARICA,VIA PÚBLICA,roubos,patrimonial,2025.0,8.0,AGO,2025-08-01,1.0,TER,False,22.0,NOITE
2025-08-05,06:20:00,CRIMES CONTRA PATRIMÔNIO,CRIMES CONTRA PATRIMÔNIO: ROUBO: A PESSOA EM VIA PÚBLICA,ES,SERRA,BALNEARIO DE CARAPEBUS,VIA PÚBLICA,roubos,patrimonial,2025.0,8.0,AGO,2025-08-01,1.0,TER,False,6.0,MANHA
2025-08-05,17:30:00,CRIMES CONTRA PATRIMÔNIO,CRIMES CONTRA PATRIMÔNIO: ROUBO: A PESSOA EM VIA PÚBLICA,ES,VITORIA,ILHA DO PRINCIPE,VIA PÚBLICA,roubos,patrimonial,2025.0,8.0,AGO,2025-08-01,1.0,TER,False,17.0,TARDE
2025-08-05,04:30:00,CRIMES CONTRA PATRIMÔNIO,CRIMES CONTRA PATRIMÔNIO: ROUBO: A PESSOA EM VIA PÚBLICA,ES,GUARAPARI,LAMEIRAO,RODOVIA ESTADUAL,roubos,patrimonial,2025.0,8.0,AGO,2025-08-01,1.0,TER,False,4.0,MADRUGADA
2025-08-05,Indeterminada,CRIMES CONTRA PATRIMÔNIO,CRIMES CONTRA PATRIMÔNIO: ROUBO: A PESSOA EM VIA PÚBLICA,ES,CARIACICA,ALICE COUTINHO,VIA PÚBLICA,roubos,patrimonial,2025.0,8.0,AGO,2025-08-01,1.0,TER,False,,
2025-08-05,Indeterminada,CRIMES CONTRA PATRIMÔNIO,CRIMES CONTRA PATRIMÔNIO: ROUBO: A PESSOA EM VIA PÚBLICA,ES,CARIACICA,NOVO HORIZONTE,VIA PÚBLICA,roubos,patrimonial,2025.0,8.0,AGO,2025-08-01,1.0,TER,False,,
2025-08-05,16:29:00,CRIMES CONTRA PATRIMÔNIO,CRIMES CONTRA PATRIMÔNIO: ROUBO: A PESSOA EM VIA PÚBLICA,ES,SANTA MARIA DE JETIBA,BELEM,VIA PÚBLICA,roubos,patrimonial,2025.0,8.0,AGO,2025-08-01,1.0,TER,False,16.0,TARDE
2025-08-05,13:30:00,CRIMES CONTRA PATRIMÔNIO,CRIMES CONTRA PATRIMÔNIO: ROUBO: A PESSOA EM VIA PÚBLICA,ES,VITORIA,SANTA LUCIA,VIA PÚBLICA,roubos,patrimonial,2025.0,8.0,AGO,2025-08-01,1.0,TER,False,13.0,TARDE
2025-08-05,20:02:00,CRIMES CONTRA PATRIMÔNIO,CRIMES CONTRA PATRIMÔNIO: ROUBO: A PESSOA EM VIA PÚBLICA,ES,CACHOEIRO DE ITAPEMIRIM,AQUIDABAN,VIA PÚBLICA,roubos,patrimonial,2025.0,8.0,AGO,2025-08-01,1.0,TER,False,20.0,NOITE
2025-08-05,20:00:00,CRIMES CONTRA PATRIMÔNIO,CRIMES CONTRA PATRIMÔNIO: ROUBO: A PESSOA EM VIA PÚBLICA,ES,CACHOEIRO DE ITAPEMIRIM,AQUIDABAN,VIA PÚBLICA,roubos,patrimonial,2025.0,8.0,AGO,2025-08-01,1.0,TER,False,20.0,NOITE
2025-08-05,18:13:00,CRIMES CONTRA PATRIMÔNIO,CRIMES CONTRA PATRIMÔNIO: ROUBO: EM ESTABELECIMENTO COMERCIAL,ES,VITORIA,MORADA DE CAMBURI,COMÉRCIO,roubos,patrimonial,2025.0,8.0,AGO,2025-08-01,1.0,TER,False,18.0,NOITE
2025-08-05,18:00:00,CRIMES CONTRA PATRIMÔNIO,CRIMES CONTRA PATRIMÔNIO: ROUBO: EM ESTABELECIMENTO COMERCIAL,ES,VITORIA,REPUBLICA,COMÉRCIO,roubos,patrimonial,2025.0,8.0,AGO,2025-08-01,1.0,TER,False,18.0,NOITE
2025-08-06,00:30:00,CRIMES CONTRA PATRIMÔNIO,CRIMES CONTRA PATRIMÔNIO: ROUBO: A PESSOA EM VIA PÚBLICA,ES,VILA VELHA,COBILANDIA,VIA PÚBLICA,roubos,patrimonial,2025.0,8.0,AGO,2025-08-01,2.0,QUA,False,0.0,MADRUGADA
2025-08-06,09:00:00,CRIMES CONTRA PATRIMÔNIO,CRIMES CONTRA PATRIMÔNIO: ROUBO: A PESSOA EM VIA PÚBLICA,ES,CARIACICA,CAMPO GRANDE,VIA PÚBLICA,roubos,patrimonial,2025.0,8.0,AGO,2025-08-01,2.0,QUA,False,9.0,MANHA
2025-08-06,08:00:00,CRIMES CONTRA PATRIMÔNIO,CRIMES CONTRA PATRIMÔNIO: ROUBO: A PESSOA EM VIA PÚBLICA,ES,CARIACICA,JARDIM AMERICA,VIA PÚBLICA,roubos,patrimonial,2025.0,8.0,AGO,2025-08-01,2.0,QUA,False,8.0,MANHA
2025-08-06,10:30:00,CRIMES CONTRA PATRIMÔNIO,CRIMES CONTRA PATRIMÔNIO: ROUBO: A PESSOA EM VIA PÚBLICA,ES,CARIACICA,OUTRO LOCAL,VIA PÚBLICA,roubos,patrimonial,2025.0,8.0,AGO,2025-08-01,2.0,QUA,False,10.0,MANHA
2025-08-06,05:40:00,CRIMES CONTRA PATRIMÔNIO,CRIMES CONTRA PATRIMÔNIO: ROUBO: A PESSOA EM VIA PÚBLICA,ES,CARIACICA,SANTO ANTONIO,VIA PÚBLICA,roubos,patrimonial,2025.0,8.0,AGO,2025-08-01,2.0,QUA,False,5.0,MADRUGADA
2025-08-06,14:50:00,CRIMES CONTRA PATRIMÔNIO,CRIMES CONTRA PATRIMÔNIO: ROUBO: A PESSOA EM VIA PÚBLICA,ES,CARIACICA,MORADA DE SANTA FE,VIA PÚBLICA,roubos,patrimonial,2025.0,8.0,AGO,2025-08-01,2.0,QUA,False,14.0,TARDE
2025-08-06,20:05:00,CRIMES CONTRA PATRIMÔNIO,CRIMES CONTRA PATRIMÔNIO: ROUBO: A PESSOA EM VIA PÚBLICA,ES,VILA VELHA,CENTRO VILA VELHA,VIA PÚBLICA,roubos,patrimonial,2025.0,8.0,AGO,2025-08-01,2.0,QUA,False,20.0,NOITE
2025-08-06,23:48:00,CRIMES CONTRA PATRIMÔNIO,CRIMES CONTRA PATRIMÔNIO: ROUBO: A PESSOA EM VIA PÚBLICA,ES,RIO NOVO DO SUL,CENTRO,VIA PÚBLICA,roubos,patrimonial,2025.0,8.0,AGO,2025-08-01,2.0,QUA,False,23.0,NOITE
2025-08-06,15:56:00,CRIMES CONTRA PATRIMÔNIO,CRIMES CONTRA PATRIMÔNIO: ROUBO: A PESSOA EM VIA PÚBLICA,ES,VILA VELHA,PONTAL DAS GARCAS,VIA PÚBLICA,roubos,patrimonial,2025.0,8.0,AGO,2025-08-01,2.0,QUA,False,15.0,TARDE
2025-08-06,22:10:00,CRIMES CONTRA PATRIMÔNIO,CRIMES CONTRA PATRIMÔNIO: ROUBO: A PESSOA EM VIA PÚBLICA,ES,VITORIA,ITARARE,VIA PÚBLICA,roubos,patrimonial,2025.0,8.0,AGO,2025-08-01,2.0,QUA,False,22.0,NOITE
2025-08-06,21:30:00,CRIMES CONTRA PATRIMÔNIO,CRIMES CONTRA PATRIMÔNIO: ROUBO: A PESSOA EM VIA PÚBLICA,ES,VILA VELHA,CENTRO VILA VELHA,VIA PÚBLICA,roubos,patrimonial,2025.0,8.0,AGO,2025-08-01,2.0,QUA,False,21.0,NOITE
2025-08-06,06:50:00,CRIMES CONTRA PATRIMÔNIO,CRIMES CONTRA PATRIMÔNIO: ROUBO: A PESSOA EM VIA PÚBLICA,ES,VILA VELHA,ITAPOA,VIA PÚBLICA,roubos,patrimonial,2025.0,8.0,AGO,2025-08-01,2.0,QUA,False,6.0,MANHA
2025-08-06,17:00:00,CRIMES CONTRA PATRIMÔNIO,CRIMES CONTRA PATRIMÔNIO: ROUBO: A PESSOA EM VIA PÚBLICA,ES,CARIACICA,CAMPO GRANDE,VIA PÚBLICA,roubos,patrimonial,2025.0,8.0,AGO,2025-08-01,2.0,QUA,False,17.0,TARDE
2025-08-06,08:00:00,CRIMES CONTRA PATRIMÔNIO,CRIMES CONTRA PATRIMÔNIO: ROUBO: A PESSOA EM VIA PÚBLICA,ES,VITORIA,SANTA LUIZA,VIA PÚBLICA,roubos,patrimonial,2025.0,8.0,AGO,2025-08-01,2.0,QUA,False,8.0,MANHA
2025-08-06,11:50:00,CRIMES CONTRA PATRIMÔNIO,CRIMES CONTRA PATRIMÔNIO: ROUBO: A PESSOA EM VIA PÚBLICA,ES,VILA VELHA,RESIDENCIAL JABAETE,VIA PÚBLICA,roubos,patrimonial,2025.0,8.0,AGO,2025-08-01,2.0,QUA,False,11.0,MANHA
2025-08-06,19:30:00,CRIMES CONTRA PATRIMÔNIO,CRIMES CONTRA PATRIMÔNIO: ROUBO: A PESSOA EM VIA PÚBLICA,ES,VILA VELHA,JOCKEY DE ITAPARICA,RODOVIA ESTADUAL,roubos,patrimonial,2025.0,8.0,AGO,2025-08-01,2.0,QUA,False,19.0,NOITE
2025-08-06,23:00:00,CRIMES CONTRA PATRIMÔNIO,CRIMES CONTRA PATRIMÔNIO: ROUBO: A PESSOA EM VIA PÚBLICA,ES,VILA VELHA,JARDIM MARILANDIA,VIA PÚBLICA,roubos,patrimonial,2025.0,8.0,AGO,2025-08-01,2.0,QUA,False,23.0,NOITE
2025-08-06,18:20:00,CRIMES CONTRA PATRIMÔNIO,CRIMES CONTRA PATRIMÔNIO: ROUBO: A PESSOA EM VIA PÚBLICA,ES,VILA VELHA,SANTA MONICA,VIA PÚBLICA,roubos,patrimonial,2025.0,8.0,AGO,2025-08-01,2.0,QUA,False,18.0,NOITE
2025-08-06,19:00:00,CRIMES CONTRA PATRIMÔNIO,CRIMES CONTRA PATRIMÔNIO: ROUBO: A PESSOA EM VIA PÚBLICA,ES,VITORIA,PRAIA DO SUA,VIA PÚBLICA,roubos,patrimonial,2025.0,8.0,AGO,2025-08-01,2.0,QUA,False,19.0,NOITE
2025-08-06,08:31:00,CRIMES CONTRA PATRIMÔNIO,CRIMES CONTRA PATRIMÔNIO: ROUBO: A PESSOA EM VIA PÚBLICA,ES,SERRA,RESIDENCIAL CENTRO DA SERRA,VIA PÚBLICA,roubos,patrimonial,2025.0,8.0,AGO,2025-08-01,2.0,QUA,False,8.0,MANHA
2025-08-06,19:21:00,CRIMES CONTRA PATRIMÔNIO,CRIMES CONTRA PATRIMÔNIO: ROUBO: EM TRANSPORTE COLETIVO,ES,VITORIA,SANTA LUIZA,VIA PÚBLICA,roubos,patrimonial,2025.0,8.0,AGO,2025-08-01,2.0,QUA,False,19.0,NOITE
2025-08-06,07:30:00,CRIMES CONTRA PATRIMÔNIO,CRIMES CONTRA PATRIMÔNIO: ROUBO: EM TRANSPORTE COLETIVO,ES,VITORIA,GOIABEIRAS,TRANSP COLETIVO,roubos,patrimonial,2025.0,8.0,AGO,2025-08-01,2.0,QUA,False,7.0,MANHA
2025-08-06,20:30:00,CRIMES CONTRA PATRIMÔNIO,CRIMES CONTRA PATRIMÔNIO: ROUBO: EM ESTABELECIMENTO COMERCIAL,ES,SERRA,PARQUE RESIDENCIAL LARANJEIRAS,COMÉRCIO,roubos,patrimonial,2025.0,8.0,AGO,2025-08-01,2.0,QUA,False,20.0,NOITE
2025-08-07,05:00:00,CRIMES CONTRA PATRIMÔNIO,CRIMES CONTRA PATRIMÔNIO: ROUBO: A PESSOA EM VIA PÚBLICA,ES,VITORIA,GRANDE VITORIA,VIA PÚBLICA,roubos,patrimonial,2025.0,8.0,AGO,2025-08-01,3.0,QUI,False,5.0,MADRUGADA
2025-08-07,00:00:00,CRIMES CONTRA PATRIMÔNIO,CRIMES CONTRA PATRIMÔNIO: ROUBO: A PESSOA EM VIA PÚBLICA,ES,PANCAS,NILTON SA,VIA PÚBLICA,roubos,patrimonial,2025.0,8.0,AGO,2025-08-01,3.0,QUI,False,0.0,MADRUGADA
2025-08-07,Indeterminada,CRIMES CONTRA PATRIMÔNIO,CRIMES CONTRA PATRIMÔNIO: ROUBO: A PESSOA EM VIA PÚBLICA,ES,SERRA,PARQUE RESIDENCIAL LARANJEIRAS,VIA PÚBLICA,roubos,patrimonial,2025.0,8.0,AGO,2025-08-01,3.0,QUI,False,,
2025-08-07,Indeterminada,CRIMES CONTRA PATRIMÔNIO,CRIMES CONTRA PATRIMÔNIO: ROUBO: A PESSOA EM VIA PÚBLICA,ES,SERRA,NOVA CARAPINA II,VIA PÚBLICA,roubos,patrimonial,2025.0,8.0,AGO,2025-08-01,3.0,QUI,False,,
2025-08-07,18:30:00,CRIMES CONTRA PATRIMÔNIO,CRIMES CONTRA PATRIMÔNIO: ROUBO: A PESSOA EM VIA PÚBLICA,ES,CARIACICA,SANTA BARBARA,VIA PÚBLICA,roubos,patrimonial,2025.0,8.0,AGO,2025-08-01,3.0,QUI,False,18.0,NOITE
2025-08-07,18:00:00,CRIMES CONTRA PATRIMÔNIO,CRIMES CONTRA PATRIMÔNIO: ROUBO: A PESSOA EM VIA PÚBLICA,ES,CARIACICA,JARDIM CAMPO GRANDE,VIA PÚBLICA,roubos,patrimonial,2025.0,8.0,AGO,2025-08-01,3.0,QUI,False,18.0,NOITE
2025-08-07,19:40:00,CRIMES CONTRA PATRIMÔNIO,CRIMES CONTRA PATRIMÔNIO: ROUBO: A PESSOA EM VIA PÚBLICA,ES,VILA VELHA,ATAIDE,VIA PÚBLICA,roubos,patrimonial,2025.0,8.0,AGO,2025-08-01,3.0,QUI,False,19.0,NOITE
2025-08-07,18:52:00,CRIMES CONTRA PATRIMÔNIO,CRIMES CONTRA PATRIMÔNIO: ROUBO: A PESSOA EM VIA PÚBLICA,ES,CARIACICA,CAMPINA GRANDE,OUTRO LOCAL,roubos,patrimonial,2025.0,8.0,AGO,2025-08-01,3.0,QUI,False,18.0,NOITE
2025-08-07,22:30:00,CRIMES CONTRA PATRIMÔNIO,CRIMES CONTRA PATRIMÔNIO: ROUBO: A PESSOA EM VIA PÚBLICA,ES,SERRA,CAMPINHO DA SERRA I,RODOVIA FEDERAL,roubos,patrimonial,2025.0,8.0,AGO,2025-08-01,3.0,QUI,False,22.0,NOITE
2025-08-07,22:11:00,CRIMES CONTRA PATRIMÔNIO,CRIMES CONTRA PATRIMÔNIO: ROUBO: A PESSOA EM VIA PÚBLICA,ES,LINHARES,INTERLAGOS,VIA PÚBLICA,roubos,patrimonial,2025.0,8.0,AGO,2025-08-01,3.0,QUI,False,22.0,NOITE
2025-08-07,10:00:00,CRIMES CONTRA PATRIMÔNIO,CRIMES CONTRA PATRIMÔNIO: ROUBO: A PESSOA EM VIA PÚBLICA,ES,VITORIA,GOIABEIRAS,VIA PÚBLICA,roubos,patrimonial,2025.0,8.0,AGO,2025-08-01,3.0,QUI,False,10.0,MANHA
2025-08-07,21:45:00,CRIMES CONTRA PATRIMÔNIO,CRIMES CONTRA PATRIMÔNIO: ROUBO: A PESSOA EM VIA PÚBLICA,ES,VITORIA,BENTO FERREIRA,VIA PÚBLICA,roubos,patrimonial,2025.0,8.0,AGO,2025-08-01,3.0,QUI,False,21.0,NOITE
2025-08-07,17:59:00,CRIMES CONTRA PATRIMÔNIO,CRIMES CONTRA PATRIMÔNIO: ROUBO: A PESSOA EM VIA PÚBLICA,ES,SERRA,PRAIA DE CAPUBA,RESIDÊNCIA,roubos,patrimonial,2025.0,8.0,AGO,2025-08-01,3.0,QUI,False,17.0,TARDE
2025-08-07,06:45:00,CRIMES CONTRA PATRIMÔNIO,CRIMES CONTRA PATRIMÔNIO: ROUBO: A PESSOA EM VIA PÚBLICA,ES,VILA VELHA,NOVA AMERICA,VIA PÚBLICA,roubos,patrimonial,2025.0,8.0,AGO,2025-08-01,3.0,QUI,False,6.0,MANHA
2025-08-07,07:00:00,CRIMES CONTRA PATRIMÔNIO,CRIMES CONTRA PATRIMÔNIO: ROUBO: A PESSOA EM VIA PÚBLICA,ES,VITORIA,ILHA DO PRINCIPE,VIA PÚBLICA,roubos,patrimonial,2025.0,8.0,AGO,2025-08-01,3.0,QUI,False,7.0,MANHA
2025-08-07,18:00:00,CRIMES CONTRA PATRIMÔNIO,CRIMES CONTRA PATRIMÔNIO: ROUBO: A PESSOA EM VIA PÚBLICA,ES,VITORIA,BENTO FERREIRA,VIA PÚBLICA,roubos,patrimonial,2025.0,8.0,AGO,2025-08-01,3.0,QUI,False,18.0,NOITE
2025-08-07,00:00:00,CRIMES CONTRA PATRIMÔNIO,CRIMES CONTRA PATRIMÔNIO: ROUBO: A PESSOA EM VIA PÚBLICA,ES,ECOPORANGA,OUTRO LOCAL,AMBIENTE WEB,roubos,patrimonial,2025.0,8.0,AGO,2025-08-01,3.0,QUI,False,0.0,MADRUGADA
2025-08-07,05:45:00,CRIMES CONTRA PATRIMÔNIO,CRIMES CONTRA PATRIMÔNIO: ROUBO: A PESSOA EM VIA PÚBLICA,ES,VITORIA,JARDIM DA PENHA,VIA PÚBLICA,roubos,patrimonial,2025.0,8.0,AGO,2025-08-01,3.0,QUI,False,5.0,MADRUGADA
2025-08-08,05:00:00,CRIMES CONTRA PATRIMÔNIO,CRIMES CONTRA PATRIMÔNIO: ROUBO: A PESSOA EM VIA PÚBLICA,ES,CARIACICA,BANDEIRANTES,VIA PÚBLICA,roubos,patrimonial,2025.0,8.0,AGO,2025-08-01,4.0,SEX,False,5.0,MADRUGADA
2025-08-08,08:27:00,CRIMES CONTRA PATRIMÔNIO,CRIMES CONTRA PATRIMÔNIO: ROUBO: A PESSOA EM VIA PÚBLICA,ES,VILA VELHA,ITAPOA,VIA PÚBLICA,roubos,patrimonial,2025.0,8.0,AGO,2025-08-01,4.0,SEX,False,8.0,MANHA
2025-08-08,21:40:00,CRIMES CONTRA PATRIMÔNIO,CRIMES CONTRA PATRIMÔNIO: ROUBO: A PESSOA EM VIA PÚBLICA,ES,VILA VELHA,JARDIM MARILANDIA,VIA PÚBLICA,roubos,patrimonial,2025.0,8.0,AGO,2025-08-01,4.0,SEX,False,21.0,NOITE
2025-08-08,21:00:00,CRIMES CONTRA PATRIMÔNIO,CRIMES CONTRA PATRIMÔNIO: ROUBO: A PESSOA EM VIA PÚBLICA,ES,CARIACICA,CRUZEIRO DO SUL,VIA PÚBLICA,roubos,patrimonial,2025.0,8.0,AGO,2025-08-01,4.0,SEX,False,21.0,NOITE
2025-08-08,23:40:00,CRIMES CONTRA PATRIMÔNIO,CRIMES CONTRA PATRIMÔNIO: ROUBO: A PESSOA EM VIA PÚBLICA,ES,VITORIA,DE LOURDES,VIA PÚBLICA,roubos,patrimonial,2025.0,8.0,AGO,2025-08-01,4.0,SEX,False,23.0,NOITE
2025-08-08,19:00:00,CRIMES CONTRA PATRIMÔNIO,CRIMES CONTRA PATRIMÔNIO: ROUBO: A PESSOA EM VIA PÚBLICA,ES,CACHOEIRO DE ITAPEMIRIM,SOTURNO,VIA PÚBLICA,roubos,patrimonial,2025.0,8.0,AGO,2025-08-01,4.0,SEX,False,19.0,NOITE
2025-08-08,19:24:00,CRIMES CONTRA PATRIMÔNIO,CRIMES CONTRA PATRIMÔNIO: ROUBO: A PESSOA EM VIA PÚBLICA,ES,CARIACICA,SAO GERALDO,VIA PÚBLICA,roubos,patrimonial,2025.0,8.0,AGO,2025-08-01,4.0,SEX,False,19.0,NOITE
2025-08-08,06:30:00,CRIMES CONTRA PATRIMÔNIO,CRIMES CONTRA PATRIMÔNIO: ROUBO: A PESSOA EM VIA PÚBLICA,ES,CARIACICA,GRAUNA,VIA PÚBLICA,roubos,patrimonial,2025.0,8.0,AGO,2025-08-01,4.0,SEX,False,6.0,MANHA
2025-08-08,18:30:00,CRIMES CONTRA PATRIMÔNIO,CRIMES CONTRA PATRIMÔNIO: ROUBO: A PESSOA EM VIA PÚBLICA,ES,SERRA,PARQUE JACARAIPE,VIA PÚBLICA,roubos,patrimonial,2025.0,8.0,AGO,2025-08-01,4.0,SEX,False,18.0,NOITE
2025-08-08,09:48:00,CRIMES CONTRA PATRIMÔNIO,CRIMES CONTRA PATRIMÔNIO: ROUBO: A PESSOA EM VIA PÚBLICA,ES,VILA VELHA,ULISSES GUIMARAES,RODOVIA ESTADUAL,roubos,patrimonial,2025.0,8.0,AGO,2025-08-01,4.0,SEX,False,9.0,MANHA
2025-08-08,22:00:00,CRIMES CONTRA PATRIMÔNIO,CRIMES CONTRA PATRIMÔNIO: ROUBO: EM ESTABELECIMENTO COMERCIAL,ES,SERRA,PARQUE RESIDENCIAL LARANJEIRAS,COMÉRCIO,roubos,patrimonial,2025.0,8.0,AGO,2025-08-01,4.0,SEX,False,22.0,NOITE
2025-08-09,00:01:00,CRIMES CONTRA PATRIMÔNIO,CRIMES CONTRA PATRIMÔNIO: ROUBO: A PESSOA EM VIA PÚBLICA,ES,CARIACICA,FLEXAL I,RESIDÊNCIA,roubos,patrimonial,2025.0,8.0,AGO,2025-08-01,5.0,SAB,True,0.0,MADRUGADA
2025-08-09,09:56:00,CRIMES CONTRA PATRIMÔNIO,CRIMES CONTRA PATRIMÔNIO: ROUBO: A PESSOA EM VIA PÚBLICA,ES,COLATINA,CENTRO,VIA PÚBLICA,roubos,patrimonial,2025.0,8.0,AGO,2025-08-01,5.0,SAB,True,9.0,MANHA
2025-08-09,17:30:00,CRIMES CONTRA PATRIMÔNIO,CRIMES CONTRA PATRIMÔNIO: ROUBO: A PESSOA EM VIA PÚBLICA,ES,CARIACICA,VILA PRUDENCIO,VIA PÚBLICA,roubos,patrimonial,2025.0,8.0,AGO,2025-08-01,5.0,SAB,True,17.0,TARDE
2025-08-09,20:00:00,CRIMES CONTRA PATRIMÔNIO,CRIMES CONTRA PATRIMÔNIO: ROUBO: A PESSOA EM VIA PÚBLICA,ES,VIANA,VILA BETHANIA,VIA PÚBLICA,roubos,patrimonial,2025.0,8.0,AGO,2025-08-01,5.0,SAB,True,20.0,NOITE
2025-08-09,14:13:00,CRIMES CONTRA PATRIMÔNIO,CRIMES CONTRA PATRIMÔNIO: ROUBO: A PESSOA EM VIA PÚBLICA,ES,VITORIA,JARDIM CAMBURI,VIA PÚBLICA,roubos,patrimonial,2025.0,8.0,AGO,2025-08-01,5.0,SAB,True,14.0,TARDE
2025-08-09,16:00:00,CRIMES CONTRA PATRIMÔNIO,CRIMES CONTRA PATRIMÔNIO: ROUBO: A PESSOA EM VIA PÚBLICA,ES,VITORIA,JARDIM CAMBURI,VIA PÚBLICA,roubos,patrimonial,2025.0,8.0,AGO,2025-08-01,5.0,SAB,True,16.0,TARDE
2025-08-09,19:00:00,CRIMES CONTRA PATRIMÔNIO,CRIMES CONTRA PATRIMÔNIO: ROUBO: A PESSOA EM VIA PÚBLICA,ES,VILA VELHA,COQUEIRAL DE ITAPARICA,VIA PÚBLICA,roubos,patrimonial,2025.0,8.0,AGO,2025-08-01,5.0,SAB,True,19.0,NOITE
2025-08-09,Indeterminada,CRIMES CONTRA PATRIMÔNIO,CRIMES CONTRA PATRIMÔNIO: ROUBO: A PESSOA EM VIA PÚBLICA,ES,CARIACICA,JARDIM BOTANICO,VIA PÚBLICA,roubos,patrimonial,2025.0,8.0,AGO,2025-08-01,5.0,SAB,True,,
2025-08-09,23:45:00,CRIMES CONTRA PATRIMÔNIO,CRIMES CONTRA PATRIMÔNIO: ROUBO: A PESSOA EM VIA PÚBLICA,ES,VITORIA,SAO CRISTOVAO,VIA PÚBLICA,roubos,patrimonial,2025.0,8.0,AGO,2025-08-01,5.0,SAB,True,23.0,NOITE
2025-08-09,03:30:00,CRIMES CONTRA PATRIMÔNIO,CRIMES CONTRA PATRIMÔNIO: ROUBO: A PESSOA EM VIA PÚBLICA,ES,VITORIA,PRAIA DO CANTO,CASA DE SHOW/EVENTOS,roubos,patrimonial,2025.0,8.0,AGO,2025-08-01,5.0,SAB,True,3.0,MADRUGADA
2025-08-09,20:00:00,CRIMES CONTRA PATRIMÔNIO,CRIMES CONTRA PATRIMÔNIO: ROUBO: A PESSOA EM VIA PÚBLICA,ES,CARIACICA,CAMPO GRANDE,VIA PÚBLICA,roubos,patrimonial,2025.0,8.0,AGO,2025-08-01,5.0,SAB,True,20.0,NOITE
2025-08-09,23:51:00,CRIMES CONTRA PATRIMÔNIO,CRIMES CONTRA PATRIMÔNIO: ROUBO: A PESSOA EM VIA PÚBLICA,ES,SERRA,VISTA DA SERRA I,VIA PÚBLICA,roubos,patrimonial,2025.0,8.0,AGO,2025-08-01,5.0,SAB,True,23.0,NOITE
2025-08-09,05:00:00,CRIMES CONTRA PATRIMÔNIO,CRIMES CONTRA PATRIMÔNIO: ROUBO: A PESSOA EM VIA PÚBLICA,ES,VITORIA,JABOUR,VIA PÚBLICA,roubos,patrimonial,2025.0,8.0,AGO,2025-08-01,5.0,SAB,True,5.0,MADRUGADA
2025-08-09,Indeterminada,CRIMES CONTRA PATRIMÔNIO,CRIMES CONTRA PATRIMÔNIO: ROUBO: A PESSOA EM VIA PÚBLICA,ES,CARIACICA,PORTO DE SANTANA,VIA PÚBLICA,roubos,patrimonial,2025.0,8.0,AGO,2025-08-01,5.0,SAB,True,,
2025-08-09,01:50:00,CRIMES CONTRA PATRIMÔNIO,CRIMES CONTRA PATRIMÔNIO: ROUBO: A PESSOA EM VIA PÚBLICA,ES,VITORIA,JARDIM DA PENHA,VIA PÚBLICA,roubos,patrimonial,2025.0,8.0,AGO,2025-08-01,5.0,SAB,True,1.0,MADRUGADA
2025-08-09,05:10:00,CRIMES CONTRA PATRIMÔNIO,CRIMES CONTRA PATRIMÔNIO: ROUBO: A PESSOA EM VIA PÚBLICA,ES,VILA VELHA,ATAIDE,VIA PÚBLICA,roubos,patrimonial,2025.0,8.0,AGO,2025-08-01,5.0,SAB,True,5.0,MADRUGADA
2025-08-09,21:00:00,CRIMES CONTRA PATRIMÔNIO,CRIMES CONTRA PATRIMÔNIO: ROUBO: A PESSOA EM VIA PÚBLICA,ES,VITORIA,PARQUE MOSCOSO,VIA PÚBLICA,roubos,patrimonial,2025.0,8.0,AGO,2025-08-01,5.0,SAB,True,21.0,NOITE
2025-08-09,22:00:00,CRIMES CONTRA PATRIMÔNIO,CRIMES CONTRA PATRIMÔNIO: ROUBO: A PESSOA EM VIA PÚBLICA,ES,VITORIA,JARDIM DA PENHA,VIA PÚBLICA,roubos,patrimonial,2025.0,8.0,AGO,2025-08-01,5.0,SAB,True,22.0,NOITE
2025-08-09,23:00:00,CRIMES CONTRA PATRIMÔNIO,CRIMES CONTRA PATRIMÔNIO: ROUBO: A PESSOA EM VIA PÚBLICA,ES,SERRA,JARDIM LIMOEIRO,VIA PÚBLICA,roubos,patrimonial,2025.0,8.0,AGO,2025-08-01,5.0,SAB,True,23.0,NOITE
2025-08-09,19:05:00,CRIMES CONTRA PATRIMÔNIO,CRIMES CONTRA PATRIMÔNIO: ROUBO: A PESSOA EM VIA PÚBLICA,ES,VIANA,VILA BETHANIA,VIA PÚBLICA,roubos,patrimonial,2025.0,8.0,AGO,2025-08-01,5.0,SAB,True,19.0,NOITE
2025-08-09,19:00:00,CRIMES CONTRA PATRIMÔNIO,CRIMES CONTRA PATRIMÔNIO: ROUBO: A PESSOA EM VIA PÚBLICA,ES,VIANA,ARLINDO ANGELO VILLASCHI,VIA PÚBLICA,roubos,patrimonial,2025.0,8.0,AGO,2025-08-01,5.0,SAB,True,19.0,NOITE
2025-08-09,05:30:00,CRIMES CONTRA PATRIMÔNIO,CRIMES CONTRA PATRIMÔNIO: ROUBO: A PESSOA EM VIA PÚBLICA,ES,VITORIA,MARUIPE,VIA PÚBLICA,roubos,patrimonial,2025.0,8.0,AGO,2025-08-01,5.0,SAB,True,5.0,MADRUGADA
2025-08-09,05:30:00,CRIMES CONTRA PATRIMÔNIO,CRIMES CONTRA PATRIMÔNIO: ROUBO: A PESSOA EM VIA PÚBLICA,ES,VITORIA,MARUIPE,VIA PÚBLICA,roubos,patrimonial,2025.0,8.0,AGO,2025-08-01,5.0,SAB,True,5.0,MADRUGADA
2025-08-09,14:38:00,CRIMES CONTRA PATRIMÔNIO,CRIMES CONTRA PATRIMÔNIO: ROUBO: EM ESTABELECIMENTO COMERCIAL,ES,VITORIA,JARDIM CAMBURI,COMÉRCIO,roubos,patrimonial,2025.0,8.0,AGO,2025-08-01,5.0,SAB,True,14.0,TARDE
2025-08-09,14:00:00,CRIMES CONTRA PATRIMÔNIO,CRIMES CONTRA PATRIMÔNIO: ROUBO: EM ESTABELECIMENTO COMERCIAL,ES,VITORIA,JARDIM CAMBURI,COMÉRCIO,roubos,patrimonial,2025.0,8.0,AGO,2025-08-01,5.0,SAB,True,14.0,TARDE
2025-08-09,14:30:00,CRIMES CONTRA PATRIMÔNIO,CRIMES CONTRA PATRIMÔNIO: ROUBO: EM ESTABELECIMENTO COMERCIAL,ES,VITORIA,JARDIM CAMBURI,COMÉRCIO,roubos,patrimonial,2025.0,8.0,AGO,2025-08-01,5.0,SAB,True,14.0,TARDE
2025-08-09,13:31:00,CRIMES CONTRA PATRIMÔNIO,CRIMES CONTRA PATRIMÔNIO: ROUBO: EM ESTABELECIMENTO COMERCIAL,ES,VITORIA,JARDIM CAMBURI,COMÉRCIO,roubos,patrimonial,2025.0,8.0,AGO,2025-08-01,5.0,SAB,True,13.0,TARDE
2025-08-10,06:30:00,CRIMES CONTRA PATRIMÔNIO,CRIMES CONTRA PATRIMÔNIO: ROUBO: A PESSOA EM VIA PÚBLICA,ES,SERRA,CENTRAL CARAPINA,VIA PÚBLICA,roubos,patrimonial,2025.0,8.0,AGO,2025-08-01,6.0,DOM,True,6.0,MANHA
2025-08-10,06:20:00,CRIMES CONTRA PATRIMÔNIO,CRIMES CONTRA PATRIMÔNIO: ROUBO: A PESSOA EM VIA PÚBLICA,ES,SERRA,CARAPINA,VIA PÚBLICA,roubos,patrimonial,2025.0,8.0,AGO,2025-08-01,6.0,DOM,True,6.0,MANHA
2025-08-10,13:00:00,CRIMES CONTRA PATRIMÔNIO,CRIMES CONTRA PATRIMÔNIO: ROUBO: A PESSOA EM VIA PÚBLICA,ES,VILA VELHA,GLORIA,VIA PÚBLICA,roubos,patrimonial,2025.0,8.0,AGO,2025-08-01,6.0,DOM,True,13.0,TARDE
2025-08-10,12:15:00,CRIMES CONTRA PATRIMÔNIO,CRIMES CONTRA PATRIMÔNIO: ROUBO: A PESSOA EM VIA PÚBLICA,ES,MONTANHA,CENTRO,REPARTICAO PUBLICA,roubos,patrimonial,2025.0,8.0,AGO,2025-08-01,6.0,DOM,True,12.0,TARDE
2025-08-10,13:30:00,CRIMES CONTRA PATRIMÔNIO,CRIMES CONTRA PATRIMÔNIO: ROUBO: A PESSOA EM VIA PÚBLICA,ES,GUARAPARI,RECANTO DA SEREIA,RESIDÊNCIA,roubos,patrimonial,2025.0,8.0,AGO,2025-08-01,6.0,DOM,True,13.0,TARDE
2025-08-10,01:30:00,CRIMES CONTRA PATRIMÔNIO,CRIMES CONTRA PATRIMÔNIO: ROUBO: A PESSOA EM VIA PÚBLICA,ES,ARACRUZ,COQUEIRAL,VIA PÚBLICA,roubos,patrimonial,2025.0,8.0,AGO,2025-08-01,6.0,DOM,True,1.0,MADRUGADA
2025-08-10,17:01:00,CRIMES CONTRA PATRIMÔNIO,CRIMES CONTRA PATRIMÔNIO: ROUBO: A PESSOA EM VIA PÚBLICA,ES,GUACUI,QUINCAS MACHADO,VIA PÚBLICA,roubos,patrimonial,2025.0,8.0,AGO,2025-08-01,6.0,DOM,True,17.0,TARDE
2025-08-10,06:40:00,CRIMES CONTRA PATRIMÔNIO,CRIMES CONTRA PATRIMÔNIO: ROUBO: A PESSOA EM VIA PÚBLICA,ES,SERRA,SAO DIOGO I,VIA PÚBLICA,roubos,patrimonial,2025.0,8.0,AGO,2025-08-01,6.0,DOM,True,6.0,MANHA
2025-08-10,22:00:00,CRIMES CONTRA PATRIMÔNIO,CRIMES CONTRA PATRIMÔNIO: ROUBO: A PESSOA EM VIA PÚBLICA,ES,CARIACICA,CAMPO VERDE,VIA PÚBLICA,roubos,patrimonial,2025.0,8.0,AGO,2025-08-01,6.0,DOM,True,22.0,NOITE
2025-08-10,07:30:00,CRIMES CONTRA PATRIMÔNIO,CRIMES CONTRA PATRIMÔNIO: ROUBO: A PESSOA EM VIA PÚBLICA,ES,CARIACICA,NOVA BRASILIA,RODOVIA FEDERAL,roubos,patrimonial,2025.0,8.0,AGO,2025-08-01,6.0,DOM,True,7.0,MANHA
2025-08-10,19:30:00,CRIMES CONTRA PATRIMÔNIO,CRIMES CONTRA PATRIMÔNIO: ROUBO: A PESSOA EM VIA PÚBLICA,ES,CARIACICA,CRUZEIRO DO SUL,VIA PÚBLICA,roubos,patrimonial,2025.0,8.0,AGO,2025-08-01,6.0,DOM,True,19.0,NOITE
2025-08-10,21:30:00,CRIMES CONTRA PATRIMÔNIO,CRIMES CONTRA PATRIMÔNIO: ROUBO: A PESSOA EM VIA PÚBLICA,ES,VILA VELHA,CENTRO VILA VELHA,VIA PÚBLICA,roubos,patrimonial,2025.0,8.0,AGO,2025-08-01,6.0,DOM,True,21.0,NOITE
2025-08-10,06:30:00,CRIMES CONTRA PATRIMÔNIO,CRIMES CONTRA PATRIMÔNIO: ROUBO: A PESSOA EM VIA PÚBLICA,ES,SERRA,HELIO FERRAZ,VIA PÚBLICA,roubos,patrimonial,2025.0,8.0,AGO,2025-08-01,6.0,DOM,True,6.0,MANHA
2025-08-10,00:00:00,CRIMES CONTRA PATRIMÔNIO,CRIMES CONTRA PATRIMÔNIO: ROUBO: A PESSOA EM VIA PÚBLICA,ES,CARIACICA,JARDIM BOTANICO,VIA PÚBLICA,roubos,patrimonial,2025.0,8.0,AGO,2025-08-01,6.0,DOM,True,0.0,MADRUGADA
2025-08-10,23:00:00,CRIMES CONTRA PATRIMÔNIO,CRIMES CONTRA PATRIMÔNIO: ROUBO: A PESSOA EM VIA PÚBLICA,ES,FUNDAO,PRAIA GRANDE,VIA PÚBLICA,roubos,patrimonial,2025.0,8.0,AGO,2025-08-01,6.0,DOM,True,23.0,NOITE
2025-08-10,11:00:00,CRIMES CONTRA PATRIMÔNIO,CRIMES CONTRA PATRIMÔNIO: ROUBO: A PESSOA EM VIA PÚBLICA,ES,SERRA,COLINA DE LARANJEIRAS,VIA PÚBLICA,roubos,patrimonial,2025.0,8.0,AGO,2025-08-01,6.0,DOM,True,11.0,MANHA
2025-08-10,07:00:00,CRIMES CONTRA PATRIMÔNIO,CRIMES CONTRA PATRIMÔNIO: ROUBO: A PESSOA EM VIA PÚBLICA,ES,SERRA,VALPARAISO,VIA PÚBLICA,roubos,patrimonial,2025.0,8.0,AGO,2025-08-01,6.0,DOM,True,7.0,MANHA
2025-08-10,07:00:00,CRIMES CONTRA PATRIMÔNIO,CRIMES CONTRA PATRIMÔNIO: ROUBO: A PESSOA EM VIA PÚBLICA,ES,SERRA,SERRA DOURADA I,VIA PÚBLICA,roubos,patrimonial,2025.0,8.0,AGO,2025-08-01,6.0,DOM,True,7.0,MANHA
2025-08-10,18:00:00,CRIMES CONTRA PATRIMÔNIO,CRIMES CONTRA PATRIMÔNIO: ROUBO: A PESSOA EM VIA PÚBLICA,ES,NOVA VENECIA,MARGARETH,VIA PÚBLICA,roubos,patrimonial,2025.0,8.0,AGO,2025-08-01,6.0,DOM,True,18.0,NOITE
2025-08-10,04:40:00,CRIMES CONTRA PATRIMÔNIO,CRIMES CONTRA PATRIMÔNIO: ROUBO: A PESSOA EM VIA PÚBLICA,ES,CARIACICA,CASTELO BRANCO,OUTRO LOCAL,roubos,patrimonial,2025.0,8.0,AGO,2025-08-01,6.0,DOM,True,4.0,MADRUGADA
2025-08-10,21:00:00,CRIMES CONTRA PATRIMÔNIO,CRIMES CONTRA PATRIMÔNIO: ROUBO: A PESSOA EM VIA PÚBLICA,ES,LINHARES,PLANALTO,VIA PÚBLICA,roubos,patrimonial,2025.0,8.0,AGO,2025-08-01,6.0,DOM,True,21.0,NOITE
2025-08-10,21:00:00,CRIMES CONTRA PATRIMÔNIO,CRIMES CONTRA PATRIMÔNIO: ROUBO: A PESSOA EM VIA PÚBLICA,ES,ARACRUZ,CENTRO,VIA PÚBLICA,roubos,patrimonial,2025.0,8.0,AGO,2025-08-01,6.0,DOM,True,21.0,NOITE
2025-08-10,00:00:00,CRIMES CONTRA PATRIMÔNIO,CRIMES CONTRA PATRIMÔNIO: ROUBO: A PESSOA EM VIA PÚBLICA,ES,SERRA,ANDRE CARLONI,VIA PÚBLICA,roubos,patrimonial,2025.0,8.0,AGO,2025-08-01,6.0,DOM,True,0.0,MADRUGADA
2025-08-10,20:00:00,CRIMES CONTRA PATRIMÔNIO,CRIMES CONTRA PATRIMÔNIO: ROUBO: EM TRANSPORTE COLETIVO,ES,CARIACICA,SANTANA,VEÍCULO,roubos,patrimonial,2025.0,8.0,AGO,2025-08-01,6.0,DOM,True,20.0,NOITE
2025-08-10,09:51:45,CRIMES CONTRA PATRIMÔNIO,CRIMES CONTRA PATRIMÔNIO: ROUBO: EM ESTABELECIMENTO COMERCIAL,ES,VITORIA,JARDIM CAMBURI,COMÉRCIO,roubos,patrimonial,2025.0,8.0,AGO,2025-08-01,6.0,DOM,True,9.0,MANHA
2025-08-10,17:56:00,CRIMES CONTRA PATRIMÔNIO,CRIMES CONTRA PATRIMÔNIO: ROUBO: EM ESTABELECIMENTO COMERCIAL,ES,SERRA,PORTO CANOA,COMÉRCIO,roubos,patrimonial,2025.0,8.0,AGO,2025-08-01,6.0,DOM,True,17.0,TARDE
2025-08-11,05:40:00,CRIMES CONTRA PATRIMÔNIO,CRIMES CONTRA PATRIMÔNIO: ROUBO: A PESSOA EM VIA PÚBLICA,ES,VILA VELHA,GLORIA,RODOVIA ESTADUAL,roubos,patrimonial,2025.0,8.0,AGO,2025-08-01,0.0,SEG,False,5.0,MADRUGADA
2025-08-11,04:50:00,CRIMES CONTRA PATRIMÔNIO,CRIMES CONTRA PATRIMÔNIO: ROUBO: A PESSOA EM VIA PÚBLICA,ES,CARIACICA,ITANGUA,VIA PÚBLICA,roubos,patrimonial,2025.0,8.0,AGO,2025-08-01,0.0,SEG,False,4.0,MADRUGADA
2025-08-11,05:04:00,CRIMES CONTRA PATRIMÔNIO,CRIMES CONTRA PATRIMÔNIO: ROUBO: A PESSOA EM VIA PÚBLICA,ES,CARIACICA,ITACIBA,VIA PÚBLICA,roubos,patrimonial,2025.0,8.0,AGO,2025-08-01,0.0,SEG,False,5.0,MADRUGADA
2025-08-11,08:10:00,CRIMES CONTRA PATRIMÔNIO,CRIMES CONTRA PATRIMÔNIO: ROUBO: A PESSOA EM VIA PÚBLICA,ES,SERRA,JARDIM LIMOEIRO,VIA PÚBLICA,roubos,patrimonial,2025.0,8.0,AGO,2025-08-01,0.0,SEG,False,8.0,MANHA
2025-08-11,16:38:00,CRIMES CONTRA PATRIMÔNIO,CRIMES CONTRA PATRIMÔNIO: ROUBO: A PESSOA EM VIA PÚBLICA,ES,CACHOEIRO DE ITAPEMIRIM,INDEPENDENCIA,VIA PÚBLICA,roubos,patrimonial,2025.0,8.0,AGO,2025-08-01,0.0,SEG,False,16.0,TARDE
2025-08-11,22:32:00,CRIMES CONTRA PATRIMÔNIO,CRIMES CONTRA PATRIMÔNIO: ROUBO: A PESSOA EM VIA PÚBLICA,ES,COLATINA,CENTRO,VIA PÚBLICA,roubos,patrimonial,2025.0,8.0,AGO,2025-08-01,0.0,SEG,False,22.0,NOITE
2025-08-11,21:10:00,CRIMES CONTRA PATRIMÔNIO,CRIMES CONTRA PATRIMÔNIO: ROUBO: A PESSOA EM VIA PÚBLICA,ES,VITORIA,BONFIM,VIA PÚBLICA,roubos,patrimonial,2025.0,8.0,AGO,2025-08-01,0.0,SEG,False,21.0,NOITE
2025-08-11,19:00:00,CRIMES CONTRA PATRIMÔNIO,CRIMES CONTRA PATRIMÔNIO: ROUBO: A PESSOA EM VIA PÚBLICA,ES,SERRA,OUTRO LOCAL,TRANSP COLETIVO,roubos,patrimonial,2025.0,8.0,AGO,2025-08-01,0.0,SEG,False,19.0,NOITE
2025-08-11,17:20:00,CRIMES CONTRA PATRIMÔNIO,CRIMES CONTRA PATRIMÔNIO: ROUBO: A PESSOA EM VIA PÚBLICA,ES,SANTA LEOPOLDINA,MANGARAI,TRANSP COLETIVO,roubos,patrimonial,2025.0,8.0,AGO,2025-08-01,0.0,SEG,False,17.0,TARDE
2025-08-11,00:30:00,CRIMES CONTRA PATRIMÔNIO,CRIMES CONTRA PATRIMÔNIO: ROUBO: A PESSOA EM VIA PÚBLICA,ES,SERRA,SANTA LUZIA,VIA PÚBLICA,roubos,patrimonial,2025.0,8.0,AGO,2025-08-01,0.0,SEG,False,0.0,MADRUGADA
2025-08-11,20:18:00,CRIMES CONTRA PATRIMÔNIO,CRIMES CONTRA PATRIMÔNIO: ROUBO: A PESSOA EM VIA PÚBLICA,ES,SERRA,CASTELANDIA,VIA PÚBLICA,roubos,patrimonial,2025.0,8.0,AGO,2025-08-01,0.0,SEG,False,20.0,NOITE
2025-08-11,18:00:00,CRIMES CONTRA PATRIMÔNIO,CRIMES CONTRA PATRIMÔNIO: ROUBO: A PESSOA EM VIA PÚBLICA,ES,VILA VELHA,ATAIDE,VIA PÚBLICA,roubos,patrimonial,2025.0,8.0,AGO,2025-08-01,0.0,SEG,False,18.0,NOITE
2025-08-11,20:40:00,CRIMES CONTRA PATRIMÔNIO,CRIMES CONTRA PATRIMÔNIO: ROUBO: A PESSOA EM VIA PÚBLICA,ES,VITORIA,VILA RUBIM,VIA PÚBLICA,roubos,patrimonial,2025.0,8.0,AGO,2025-08-01,0.0,SEG,False,20.0,NOITE
2025-08-11,12:00:00,CRIMES CONTRA PATRIMÔNIO,CRIMES CONTRA PATRIMÔNIO: ROUBO: A PESSOA EM VIA PÚBLICA,ES,VITORIA,MARUIPE,RODOVIA ESTADUAL,roubos,patrimonial,2025.0,8.0,AGO,2025-08-01,0.0,SEG,False,12.0,TARDE
2025-08-11,10:00:00,CRIMES CONTRA PATRIMÔNIO,CRIMES CONTRA PATRIMÔNIO: ROUBO: A PESSOA EM VIA PÚBLICA,ES,VITORIA,CENTRO,VIA PÚBLICA,roubos,patrimonial,2025.0,8.0,AGO,2025-08-01,0.0,SEG,False,10.0,MANHA
2025-08-11,09:00:00,CRIMES CONTRA PATRIMÔNIO,CRIMES CONTRA PATRIMÔNIO: ROUBO: A PESSOA EM VIA PÚBLICA,ES,SERRA,SERRA DOURADA II,RODOVIA ESTADUAL,roubos,patrimonial,2025.0,8.0,AGO,2025-08-01,0.0,SEG,False,9.0,MANHA
2025-08-11,19:00:00,CRIMES CONTRA PATRIMÔNIO,CRIMES CONTRA PATRIMÔNIO: ROUBO: A PESSOA EM VIA PÚBLICA,ES,CARIACICA,PROLAR,VIA PÚBLICA,roubos,patrimonial,2025.0,8.0,AGO,2025-08-01,0.0,SEG,False,19.0,NOITE
2025-08-11,07:00:00,CRIMES CONTRA PATRIMÔNIO,CRIMES CONTRA PATRIMÔNIO: ROUBO: A PESSOA EM VIA PÚBLICA,ES,VITORIA,CENTRO,VIA PÚBLICA,roubos,patrimonial,2025.0,8.0,AGO,2025-08-01,0.0,SEG,False,7.0,MANHA
2025-08-11,19:00:00,CRIMES CONTRA PATRIMÔNIO,CRIMES CONTRA PATRIMÔNIO: ROUBO: A PESSOA EM VIA PÚBLICA,ES,VILA VELHA,IBES,VIA PÚBLICA,roubos,patrimonial,2025.0,8.0,AGO,2025-08-01,0.0,SEG,False,19.0,NOITE
2025-08-11,20:30:00,CRIMES CONTRA PATRIMÔNIO,CRIMES CONTRA PATRIMÔNIO: ROUBO: A PESSOA EM VIA PÚBLICA,ES,VITORIA,ITARARE,VIA PÚBLICA,roubos,patrimonial,2025.0,8.0,AGO,2025-08-01,0.0,SEG,False,20.0,NOITE
2025-08-11,21:21:00,CRIMES CONTRA PATRIMÔNIO,CRIMES CONTRA PATRIMÔNIO: ROUBO: A PESSOA EM VIA PÚBLICA,ES,SERRA,BAIRRO DAS LARANJEIRAS,RODOVIA FEDERAL,roubos,patrimonial,2025.0,8.0,AGO,2025-08-01,0.0,SEG,False,21.0,NOITE
2025-08-11,Indeterminada,CRIMES CONTRA PATRIMÔNIO,CRIMES CONTRA PATRIMÔNIO: ROUBO: A PESSOA EM VIA PÚBLICA,ES,VILA VELHA,PRAIA DA COSTA,VIA PÚBLICA,roubos,patrimonial,2025.0,8.0,AGO,2025-08-01,0.0,SEG,False,,
2025-08-11,12:42:00,CRIMES CONTRA PATRIMÔNIO,CRIMES CONTRA PATRIMÔNIO: ROUBO: EM TRANSPORTE COLETIVO,ES,SERRA,ROSARIO DE FATIMA,TRANSP COLETIVO,roubos,patrimonial,2025.0,8.0,AGO,2025-08-01,0.0,SEG,False,12.0,TARDE
2025-08-11,15:21:00,CRIMES CONTRA PATRIMÔNIO,CRIMES CONTRA PATRIMÔNIO: ROUBO: EM TRANSPORTE COLETIVO,ES,SOORETAMA,CENTRO,VEÍCULO,roubos,patrimonial,2025.0,8.0,AGO,2025-08-01,0.0,SEG,False,15.0,TARDE
2025-08-11,07:46:00,CRIMES CONTRA PATRIMÔNIO,CRIMES CONTRA PATRIMÔNIO: ROUBO: EM ESTABELECIMENTO COMERCIAL,ES,VITORIA,MATA DA PRAIA,COMÉRCIO,roubos,patrimonial,2025.0,8.0,AGO,2025-08-01,0.0,SEG,False,7.0,MANHA
2025-08-11,07:40:00,CRIMES CONTRA PATRIMÔNIO,CRIMES CONTRA PATRIMÔNIO: ROUBO: EM ESTABELECIMENTO COMERCIAL,ES,VITORIA,MATA DA PRAIA,COMÉRCIO,roubos,patrimonial,2025.0,8.0,AGO,2025-08-01,0.0,SEG,False,7.0,MANHA
2025-08-12,06:58:00,CRIMES CONTRA PATRIMÔNIO,CRIMES CONTRA PATRIMÔNIO: ROUBO: A PESSOA EM VIA PÚBLICA,ES,COLATINA,CENTRO,VIA PÚBLICA,roubos,patrimonial,2025.0,8.0,AGO,2025-08-01,1.0,TER,False,6.0,MANHA
2025-08-12,08:00:00,CRIMES CONTRA PATRIMÔNIO,CRIMES CONTRA PATRIMÔNIO: ROUBO: A PESSOA EM VIA PÚBLICA,ES,CARIACICA,VILA CAPIXABA,VIA PÚBLICA,roubos,patrimonial,2025.0,8.0,AGO,2025-08-01,1.0,TER,False,8.0,MANHA
2025-08-12,10:30:00,CRIMES CONTRA PATRIMÔNIO,CRIMES CONTRA PATRIMÔNIO: ROUBO: A PESSOA EM VIA PÚBLICA,ES,SERRA,PARQUE JACARAIPE,AGÊNCIA BANCÁRIA,roubos,patrimonial,2025.0,8.0,AGO,2025-08-01,1.0,TER,False,10.0,MANHA
2025-08-12,02:50:00,CRIMES CONTRA PATRIMÔNIO,CRIMES CONTRA PATRIMÔNIO: ROUBO: A PESSOA EM VIA PÚBLICA,ES,VILA VELHA,GLORIA,VIA PÚBLICA,roubos,patrimonial,2025.0,8.0,AGO,2025-08-01,1.0,TER,False,2.0,MADRUGADA
2025-08-12,13:47:00,CRIMES CONTRA PATRIMÔNIO,CRIMES CONTRA PATRIMÔNIO: ROUBO: A PESSOA EM VIA PÚBLICA,ES,CARIACICA,VALE DOS REIS,VIA PÚBLICA,roubos,patrimonial,2025.0,8.0,AGO,2025-08-01,1.0,TER,False,13.0,TARDE
2025-08-12,10:00:00,CRIMES CONTRA PATRIMÔNIO,CRIMES CONTRA PATRIMÔNIO: ROUBO: A PESSOA EM VIA PÚBLICA,ES,SERRA,NOVA ALMEIDA CENTRO,VIA PÚBLICA,roubos,patrimonial,2025.0,8.0,AGO,2025-08-01,1.0,TER,False,10.0,MANHA
2025-08-12,00:30:00,CRIMES CONTRA PATRIMÔNIO,CRIMES CONTRA PATRIMÔNIO: ROUBO: A PESSOA EM VIA PÚBLICA,ES,VILA VELHA,ITAPOA,RODOVIA ESTADUAL,roubos,patrimonial,2025.0,8.0,AGO,2025-08-01,1.0,TER,False,0.0,MADRUGADA
2025-08-12,00:30:00,CRIMES CONTRA PATRIMÔNIO,CRIMES CONTRA PATRIMÔNIO: ROUBO: A PESSOA EM VIA PÚBLICA,ES,VILA VELHA,DIVINO ESPIRITO SANTO,VIA PÚBLICA,roubos,patrimonial,2025.0,8.0,AGO,2025-08-01,1.0,TER,False,0.0,MADRUGADA
2025-08-12,Indeterminada,CRIMES CONTRA PATRIMÔNIO,CRIMES CONTRA PATRIMÔNIO: ROUBO: A PESSOA EM VIA PÚBLICA,ES,SERRA,CARAPINA GRANDE,VIA PÚBLICA,roubos,patrimonial,2025.0,8.0,AGO,2025-08-01,1.0,TER,False,,
2025-08-12,Indeterminada,CRIMES CONTRA PATRIMÔNIO,CRIMES CONTRA PATRIMÔNIO: ROUBO: A PESSOA EM VIA PÚBLICA,ES,SERRA,PARQUE RESIDENCIAL LARANJEIRAS,VIA PÚBLICA,roubos,patrimonial,2025.0,8.0,AGO,2025-08-01,1.0,TER,False,,
2025-08-12,10:45:00,CRIMES CONTRA PATRIMÔNIO,CRIMES CONTRA PATRIMÔNIO: ROUBO: A PESSOA EM VIA PÚBLICA,ES,VILA VELHA,ITAPOA,VIA PÚBLICA,roubos,patrimonial,2025.0,8.0,AGO,2025-08-01,1.0,TER,False,10.0,MANHA
2025-08-12,14:10:00,CRIMES CONTRA PATRIMÔNIO,CRIMES CONTRA PATRIMÔNIO: ROUBO: A PESSOA EM VIA PÚBLICA,ES,VILA VELHA,PRAIA DA COSTA,VIA PÚBLICA,roubos,patrimonial,2025.0,8.0,AGO,2025-08-01,1.0,TER,False,14.0,TARDE
2025-08-12,20:10:00,CRIMES CONTRA PATRIMÔNIO,CRIMES CONTRA PATRIMÔNIO: ROUBO: A PESSOA EM VIA PÚBLICA,ES,VITORIA,PRAIA DO CANTO,VIA PÚBLICA,roubos,patrimonial,2025.0,8.0,AGO,2025-08-01,1.0,TER,False,20.0,NOITE
2025-08-12,19:05:00,CRIMES CONTRA PATRIMÔNIO,CRIMES CONTRA PATRIMÔNIO: ROUBO: A PESSOA EM VIA PÚBLICA,ES,VILA VELHA,CRISTOVAO COLOMBO,VIA PÚBLICA,roubos,patrimonial,2025.0,8.0,AGO,2025-08-01,1.0,TER,False,19.0,NOITE
2025-08-12,21:00:00,CRIMES CONTRA PATRIMÔNIO,CRIMES CONTRA PATRIMÔNIO: ROUBO: A PESSOA EM VIA PÚBLICA,ES,VILA VELHA,ITAPOA,VIA PÚBLICA,roubos,patrimonial,2025.0,8.0,AGO,2025-08-01,1.0,TER,False,21.0,NOITE
2025-08-12,19:00:00,CRIMES CONTRA PATRIMÔNIO,CRIMES CONTRA PATRIMÔNIO: ROUBO: A PESSOA EM VIA PÚBLICA,ES,VITORIA,ANDORINHAS,VIA PÚBLICA,roubos,patrimonial,2025.0,8.0,AGO,2025-08-01,1.0,TER,False,19.0,NOITE
2025-08-12,12:40:00,CRIMES CONTRA PATRIMÔNIO,CRIMES CONTRA PATRIMÔNIO: ROUBO: A PESSOA EM VIA PÚBLICA,ES,SERRA,MARINGA,VIA PÚBLICA,roubos,patrimonial,2025.0,8.0,AGO,2025-08-01,1.0,TER,False,12.0,TARDE
2025-08-12,15:05:00,CRIMES CONTRA PATRIMÔNIO,CRIMES CONTRA PATRIMÔNIO: ROUBO: A PESSOA EM VIA PÚBLICA,ES,CARIACICA,CAMPO GRANDE,VIA PÚBLICA,roubos,patrimonial,2025.0,8.0,AGO,2025-08-01,1.0,TER,False,15.0,TARDE
2025-08-12,20:30:00,CRIMES CONTRA PATRIMÔNIO,CRIMES CONTRA PATRIMÔNIO: ROUBO: A PESSOA EM VIA PÚBLICA,ES,VITORIA,GOIABEIRAS,VIA PÚBLICA,roubos,patrimonial,2025.0,8.0,AGO,2025-08-01,1.0,TER,False,20.0,NOITE
2025-08-12,16:30:00,CRIMES CONTRA PATRIMÔNIO,CRIMES CONTRA PATRIMÔNIO: ROUBO: A PESSOA EM VIA PÚBLICA,ES,CARIACICA,CAMPO VERDE,VIA PÚBLICA,roubos,patrimonial,2025.0,8.0,AGO,2025-08-01,1.0,TER,False,16.0,TARDE
2025-08-12,05:30:00,CRIMES CONTRA PATRIMÔNIO,CRIMES CONTRA PATRIMÔNIO: ROUBO: A PESSOA EM VIA PÚBLICA,ES,VILA VELHA,CENTRO VILA VELHA,VIA PÚBLICA,roubos,patrimonial,2025.0,8.0,AGO,2025-08-01,1.0,TER,False,5.0,MADRUGADA
2025-08-12,22:35:00,CRIMES CONTRA PATRIMÔNIO,CRIMES CONTRA PATRIMÔNIO: ROUBO: A PESSOA EM VIA PÚBLICA,ES,VILA VELHA,ITAPOA,VIA PÚBLICA,roubos,patrimonial,2025.0,8.0,AGO,2025-08-01,1.0,TER,False,22.0,NOITE
2025-08-12,11:20:00,CRIMES CONTRA PATRIMÔNIO,CRIMES CONTRA PATRIMÔNIO: ROUBO: A PESSOA EM VIA PÚBLICA,ES,VILA VELHA,JARDIM COLORADO,VIA PÚBLICA,roubos,patrimonial,2025.0,8.0,AGO,2025-08-01,1.0,TER,False,11.0,MANHA
2025-08-12,11:30:00,CRIMES CONTRA PATRIMÔNIO,CRIMES CONTRA PATRIMÔNIO: ROUBO: A PESSOA EM VIA PÚBLICA,ES,SERRA,MANGUINHOS,OUTRO LOCAL,roubos,patrimonial,2025.0,8.0,AGO,2025-08-01,1.0,TER,False,11.0,MANHA
2025-08-12,03:00:00,CRIMES CONTRA PATRIMÔNIO,CRIMES CONTRA PATRIMÔNIO: ROUBO: A PESSOA EM VIA PÚBLICA,ES,VITORIA,ILHA DO PRINCIPE,VIA PÚBLICA,roubos,patrimonial,2025.0,8.0,AGO,2025-08-01,1.0,TER,False,3.0,MADRUGADA
2025-08-12,09:00:00,CRIMES CONTRA PATRIMÔNIO,CRIMES CONTRA PATRIMÔNIO: ROUBO: A PESSOA EM VIA PÚBLICA,ES,VIANA,OUTRO LOCAL,VIA PÚBLICA,roubos,patrimonial,2025.0,8.0,AGO,2025-08-01,1.0,TER,False,9.0,MANHA
2025-08-12,22:20:00,CRIMES CONTRA PATRIMÔNIO,CRIMES CONTRA PATRIMÔNIO: ROUBO: A PESSOA EM VIA PÚBLICA,ES,CARIACICA,JARDIM AMERICA,VIA PÚBLICA,roubos,patrimonial,2025.0,8.0,AGO,2025-08-01,1.0,TER,False,22.0,NOITE
2025-08-12,21:35:00,CRIMES CONTRA PATRIMÔNIO,CRIMES CONTRA PATRIMÔNIO: ROUBO: A PESSOA EM VIA PÚBLICA,ES,SERRA,CARAPINA,VIA PÚBLICA,roubos,patrimonial,2025.0,8.0,AGO,2025-08-01,1.0,TER,False,21.0,NOITE
2025-08-12,21:30:00,CRIMES CONTRA PATRIMÔNIO,CRIMES CONTRA PATRIMÔNIO: ROUBO: EM TRANSPORTE COLETIVO,ES,SERRA,PARQUE JACARAIPE,TRANSP COLETIVO,roubos,patrimonial,2025.0,8.0,AGO,2025-08-01,1.0,TER,False,21.0,NOITE
2025-08-12,18:30:00,CRIMES CONTRA PATRIMÔNIO,CRIMES CONTRA PATRIMÔNIO: ROUBO: EM TRANSPORTE COLETIVO,ES,CARIACICA,NOVA ROSA DA PENHA,TRANSP COLETIVO,roubos,patrimonial,2025.0,8.0,AGO,2025-08-01,1.0,TER,False,18.0,NOITE
2025-08-12,10:18:00,CRIMES CONTRA PATRIMÔNIO,CRIMES CONTRA PATRIMÔNIO: ROUBO: EM ESTABELECIMENTO COMERCIAL,ES,VITORIA,GOIABEIRAS,COMÉRCIO,roubos,patrimonial,2025.0,8.0,AGO,2025-08-01,1.0,TER,False,10.0,MANHA
2025-08-12,10:00:00,CRIMES CONTRA PATRIMÔNIO,CRIMES CONTRA PATRIMÔNIO: ROUBO: EM ESTABELECIMENTO COMERCIAL,ES,VITORIA,GOIABEIRAS,COMÉRCIO,roubos,patrimonial,2025.0,8.0,AGO,2025-08-01,1.0,TER,False,10.0,MANHA
2025-09-01,01:20:00,CRIMES CONTRA PATRIMÔNIO,CRIMES CONTRA PATRIMÔNIO: ROUBO: A PESSOA EM VIA PÚBLICA,ES,CACHOEIRO DE ITAPEMIRIM,ARARIGUABA,COMÉRCIO,roubos,patrimonial,2025.0,9.0,SET,2025-09-01,0.0,SEG,False,1.0,MADRUGADA
2025-09-01,00:25:00,CRIMES CONTRA PATRIMÔNIO,CRIMES CONTRA PATRIMÔNIO: ROUBO: A PESSOA EM VIA PÚBLICA,ES,CARIACICA,VILA CAPIXABA,VIA PÚBLICA,roubos,patrimonial,2025.0,9.0,SET,2025-09-01,0.0,SEG,False,0.0,MADRUGADA
2025-09-01,02:01:00,CRIMES CONTRA PATRIMÔNIO,CRIMES CONTRA PATRIMÔNIO: ROUBO: A PESSOA EM VIA PÚBLICA,ES,GUARAPARI,CENTRO,VIA PÚBLICA,roubos,patrimonial,2025.0,9.0,SET,2025-09-01,0.0,SEG,False,2.0,MADRUGADA
2025-09-01,00:00:00,CRIMES CONTRA PATRIMÔNIO,CRIMES CONTRA PATRIMÔNIO: ROUBO: A PESSOA EM VIA PÚBLICA,ES,CONCEICAO DO CASTELO,PEDRO RIGO,VIA PÚBLICA,roubos,patrimonial,2025.0,9.0,SET,2025-09-01,0.0,SEG,False,0.0,MADRUGADA
2025-09-01,04:00:00,CRIMES CONTRA PATRIMÔNIO,CRIMES CONTRA PATRIMÔNIO: ROUBO: A PESSOA EM VIA PÚBLICA,ES,SERRA,SAO LOURENCO,VIA PÚBLICA,roubos,patrimonial,2025.0,9.0,SET,2025-09-01,0.0,SEG,False,4.0,MADRUGADA
2025-09-01,06:30:00,CRIMES CONTRA PATRIMÔNIO,CRIMES CONTRA PATRIMÔNIO: ROUBO: A PESSOA EM VIA PÚBLICA,ES,CARIACICA,CAMPO GRANDE,VIA PÚBLICA,roubos,patrimonial,2025.0,9.0,SET,2025-09-01,0.0,SEG,False,6.0,MANHA
2025-09-01,05:50:00,CRIMES CONTRA PATRIMÔNIO,CRIMES CONTRA PATRIMÔNIO: ROUBO: A PESSOA EM VIA PÚBLICA,ES,VILA VELHA,BARRAMARES,OUTRO LOCAL,roubos,patrimonial,2025.0,9.0,SET,2025-09-01,0.0,SEG,False,5.0,MADRUGADA
2025-09-01,13:58:00,CRIMES CONTRA PATRIMÔNIO,CRIMES CONTRA PATRIMÔNIO: ROUBO: A PESSOA EM VIA PÚBLICA,ES,VILA VELHA,BARRA DO JUCU,VIA PÚBLICA,roubos,patrimonial,2025.0,9.0,SET,2025-09-01,0.0,SEG,False,13.0,TARDE
2025-09-01,13:30:00,CRIMES CONTRA PATRIMÔNIO,CRIMES CONTRA PATRIMÔNIO: ROUBO: A PESSOA EM VIA PÚBLICA,ES,SERRA,VALPARAISO,VIA PÚBLICA,roubos,patrimonial,2025.0,9.0,SET,2025-09-01,0.0,SEG,False,13.0,TARDE
2025-09-01,14:00:00,CRIMES CONTRA PATRIMÔNIO,CRIMES CONTRA PATRIMÔNIO: ROUBO: A PESSOA EM VIA PÚBLICA,ES,VITORIA,CENTRO,OUTRO LOCAL,roubos,patrimonial,2025.0,9.0,SET,2025-09-01,0.0,SEG,False,14.0,TARDE
2025-09-01,Indeterminada,CRIMES CONTRA PATRIMÔNIO,CRIMES CONTRA PATRIMÔNIO: ROUBO: A PESSOA EM VIA PÚBLICA,ES,SERRA,PARQUE RESIDENCIAL LARANJEIRAS,VIA PÚBLICA,roubos,patrimonial,2025.0,9.0,SET,2025-09-01,0.0,SEG,False,,
2025-09-01,Indeterminada,CRIMES CONTRA PATRIMÔNIO,CRIMES CONTRA PATRIMÔNIO: ROUBO: A PESSOA EM VIA PÚBLICA,ES,SERRA,RESIDENCIAL VISTA DO MESTRE,VIA PÚBLICA,roubos,patrimonial,2025.0,9.0,SET,2025-09-01,0.0,SEG,False,,
2025-09-01,19:30:00,CRIMES CONTRA PATRIMÔNIO,CRIMES CONTRA PATRIMÔNIO: ROUBO: A PESSOA EM VIA PÚBLICA,ES,CARIACICA,NOVA ESPERANCA,VIA PÚBLICA,roubos,patrimonial,2025.0,9.0,SET,2025-09-01,0.0,SEG,False,19.0,NOITE
2025-09-01,17:48:00,CRIMES CONTRA PATRIMÔNIO,CRIMES CONTRA PATRIMÔNIO: ROUBO: A PESSOA EM VIA PÚBLICA,ES,SERRA,COLINA DE LARANJEIRAS,VIA PÚBLICA,roubos,patrimonial,2025.0,9.0,SET,2025-09-01,0.0,SEG,False,17.0,TARDE
2025-09-01,17:20:00,CRIMES CONTRA PATRIMÔNIO,CRIMES CONTRA PATRIMÔNIO: ROUBO: A PESSOA EM VIA PÚBLICA,ES,LINHARES,NOVO HORIZONTE,VIA PÚBLICA,roubos,patrimonial,2025.0,9.0,SET,2025-09-01,0.0,SEG,False,17.0,TARDE
2025-09-01,11:51:00,CRIMES CONTRA PATRIMÔNIO,CRIMES CONTRA PATRIMÔNIO: ROUBO: A PESSOA EM VIA PÚBLICA,ES,VILA VELHA,SANTA MONICA POPULAR,VIA PÚBLICA,roubos,patrimonial,2025.0,9.0,SET,2025-09-01,0.0,SEG,False,11.0,MANHA
2025-09-01,00:09:00,CRIMES CONTRA PATRIMÔNIO,CRIMES CONTRA PATRIMÔNIO: ROUBO: A PESSOA EM VIA PÚBLICA,ES,VILA VELHA,IBES,VIA PÚBLICA,roubos,patrimonial,2025.0,9.0,SET,2025-09-01,0.0,SEG,False,0.0,MADRUGADA
2025-09-01,06:00:00,CRIMES CONTRA PATRIMÔNIO,CRIMES CONTRA PATRIMÔNIO: ROUBO: A PESSOA EM VIA PÚBLICA,ES,VILA VELHA,DIVINO ESPIRITO SANTO,VIA PÚBLICA,roubos,patrimonial,2025.0,9.0,SET,2025-09-01,0.0,SEG,False,6.0,MANHA
2025-09-01,13:00:00,CRIMES CONTRA PATRIMÔNIO,CRIMES CONTRA PATRIMÔNIO: ROUBO: A PESSOA EM VIA PÚBLICA,ES,CARIACICA,CASTELO BRANCO,VIA PÚBLICA,roubos,patrimonial,2025.0,9.0,SET,2025-09-01,0.0,SEG,False,13.0,TARDE
2025-09-01,21:00:00,CRIMES CONTRA PATRIMÔNIO,CRIMES CONTRA PATRIMÔNIO: ROUBO: A PESSOA EM VIA PÚBLICA,ES,VIANA,MARCILIO DE NORONHA,VIA PÚBLICA,roubos,patrimonial,2025.0,9.0,SET,2025-09-01,0.0,SEG,False,21.0,NOITE
2025-09-01,21:40:00,CRIMES CONTRA PATRIMÔNIO,CRIMES CONTRA PATRIMÔNIO: ROUBO: A PESSOA EM VIA PÚBLICA,ES,GUARAPARI,ITAPEBUSSU,VIA PÚBLICA,roubos,patrimonial,2025.0,9.0,SET,2025-09-01,0.0,SEG,False,21.0,NOITE
2025-09-01,12:30:00,CRIMES CONTRA PATRIMÔNIO,CRIMES CONTRA PATRIMÔNIO: ROUBO: A PESSOA EM VIA PÚBLICA,ES,VILA VELHA,ATAIDE,VIA PÚBLICA,roubos,patrimonial,2025.0,9.0,SET,2025-09-01,0.0,SEG,False,12.0,TARDE
2025-09-01,19:00:00,CRIMES CONTRA PATRIMÔNIO,CRIMES CONTRA PATRIMÔNIO: ROUBO: A PESSOA EM VIA PÚBLICA,ES,SERRA,CASTELANDIA,VIA PÚBLICA,roubos,patrimonial,2025.0,9.0,SET,2025-09-01,0.0,SEG,False,19.0,NOITE
2025-09-01,05:30:00,CRIMES CONTRA PATRIMÔNIO,CRIMES CONTRA PATRIMÔNIO: ROUBO: A PESSOA EM VIA PÚBLICA,ES,VILA VELHA,SAO TORQUATO,VIA PÚBLICA,roubos,patrimonial,2025.0,9.0,SET,2025-09-01,0.0,SEG,False,5.0,MADRUGADA
2025-09-01,11:00:00,CRIMES CONTRA PATRIMÔNIO,CRIMES CONTRA PATRIMÔNIO: ROUBO: A PESSOA EM VIA PÚBLICA,ES,CARIACICA,VILA PALESTINA,VIA PÚBLICA,roubos,patrimonial,2025.0,9.0,SET,2025-09-01,0.0,SEG,False,11.0,MANHA
2025-09-01,20:00:00,CRIMES CONTRA PATRIMÔNIO,CRIMES CONTRA PATRIMÔNIO: ROUBO: A PESSOA EM VIA PÚBLICA,ES,CACHOEIRO DE ITAPEMIRIM,NOVO PARQUE,VIA PÚBLICA,roubos,patrimonial,2025.0,9.0,SET,2025-09-01,0.0,SEG,False,20.0,NOITE
2025-09-01,10:00:00,CRIMES CONTRA PATRIMÔNIO,CRIMES CONTRA PATRIMÔNIO: ROUBO: A PESSOA EM VIA PÚBLICA,ES,CACHOEIRO DE ITAPEMIRIM,CENTRO,VIA PÚBLICA,roubos,patrimonial,2025.0,9.0,SET,2025-09-01,0.0,SEG,False,10.0,MANHA
2025-09-01,06:40:00,CRIMES CONTRA PATRIMÔNIO,CRIMES CONTRA PATRIMÔNIO: ROUBO: EM TRANSPORTE COLETIVO,ES,CARIACICA,PORTO DE CARIACICA,TRANSP COLETIVO,roubos,patrimonial,2025.0,9.0,SET,2025-09-01,0.0,SEG,False,6.0,MANHA
2025-09-01,17:40:00,CRIMES CONTRA PATRIMÔNIO,CRIMES CONTRA PATRIMÔNIO: ROUBO: EM TRANSPORTE COLETIVO,ES,SERRA,CARAPINA,TRANSP COLETIVO,roubos,patrimonial,2025.0,9.0,SET,2025-09-01,0.0,SEG,False,17.0,TARDE
2025-09-02,13:07:00,CRIMES CONTRA PATRIMÔNIO,CRIMES CONTRA PATRIMÔNIO: ROUBO: A PESSOA EM VIA PÚBLICA,ES,SERRA,CENTRAL CARAPINA,RODOVIA FEDERAL,roubos,patrimonial,2025.0,9.0,SET,2025-09-01,1.0,TER,False,13.0,TARDE
2025-09-02,13:00:00,CRIMES CONTRA PATRIMÔNIO,CRIMES CONTRA PATRIMÔNIO: ROUBO: A PESSOA EM VIA PÚBLICA,ES,SERRA,CENTRAL CARAPINA,VIA PÚBLICA,roubos,patrimonial,2025.0,9.0,SET,2025-09-01,1.0,TER,False,13.0,TARDE
2025-09-02,10:35:00,CRIMES CONTRA PATRIMÔNIO,CRIMES CONTRA PATRIMÔNIO: ROUBO: A PESSOA EM VIA PÚBLICA,ES,SERRA,COLINA DE LARANJEIRAS,VIA PÚBLICA,roubos,patrimonial,2025.0,9.0,SET,2025-09-01,1.0,TER,False,10.0,MANHA
2025-09-02,12:00:00,CRIMES CONTRA PATRIMÔNIO,CRIMES CONTRA PATRIMÔNIO: ROUBO: A PESSOA EM VIA PÚBLICA,ES,GUARAPARI,SETIBA,VIA PÚBLICA,roubos,patrimonial,2025.0,9.0,SET,2025-09-01,1.0,TER,False,12.0,TARDE
2025-09-02,12:45:00,CRIMES CONTRA PATRIMÔNIO,CRIMES CONTRA PATRIMÔNIO: ROUBO: A PESSOA EM VIA PÚBLICA,ES,SERRA,CENTRAL CARAPINA,VIA PÚBLICA,roubos,patrimonial,2025.0,9.0,SET,2025-09-01,1.0,TER,False,12.0,TARDE
2025-09-02,18:30:00,CRIMES CONTRA PATRIMÔNIO,CRIMES CONTRA PATRIMÔNIO: ROUBO: A PESSOA EM VIA PÚBLICA,ES,PIUMA,NITEROI,VIA PÚBLICA,roubos,patrimonial,2025.0,9.0,SET,2025-09-01,1.0,TER,False,18.0,NOITE
2025-09-02,21:13:00,CRIMES CONTRA PATRIMÔNIO,CRIMES CONTRA PATRIMÔNIO: ROUBO: A PESSOA EM VIA PÚBLICA,ES,BOA ESPERANCA,VILA TAVARES,VIA PÚBLICA,roubos,patrimonial,2025.0,9.0,SET,2025-09-01,1.0,TER,False,21.0,NOITE
2025-09-02,18:45:00,CRIMES CONTRA PATRIMÔNIO,CRIMES CONTRA PATRIMÔNIO: ROUBO: A PESSOA EM VIA PÚBLICA,ES,CARIACICA,MORADA DE SANTA FE,RESIDÊNCIA,roubos,patrimonial,2025.0,9.0,SET,2025-09-01,1.0,TER,False,18.0,NOITE
2025-09-02,18:00:00,CRIMES CONTRA PATRIMÔNIO,CRIMES CONTRA PATRIMÔNIO: ROUBO: A PESSOA EM VIA PÚBLICA,ES,CARIACICA,CRUZEIRO DO SUL,VIA PÚBLICA,roubos,patrimonial,2025.0,9.0,SET,2025-09-01,1.0,TER,False,18.0,NOITE
2025-09-02,18:00:00,CRIMES CONTRA PATRIMÔNIO,CRIMES CONTRA PATRIMÔNIO: ROUBO: A PESSOA EM VIA PÚBLICA,ES,VITORIA,CARATOIRA,VIA PÚBLICA,roubos,patrimonial,2025.0,9.0,SET,2025-09-01,1.0,TER,False,18.0,NOITE
2025-09-02,19:20:00,CRIMES CONTRA PATRIMÔNIO,CRIMES CONTRA PATRIMÔNIO: ROUBO: A PESSOA EM VIA PÚBLICA,ES,CARIACICA,CRUZEIRO DO SUL,VIA PÚBLICA,roubos,patrimonial,2025.0,9.0,SET,2025-09-01,1.0,TER,False,19.0,NOITE
2025-09-02,17:40:00,CRIMES CONTRA PATRIMÔNIO,CRIMES CONTRA PATRIMÔNIO: ROUBO: A PESSOA EM VIA PÚBLICA,ES,CARIACICA,VILA MERLO,VIA PÚBLICA,roubos,patrimonial,2025.0,9.0,SET,2025-09-01,1.0,TER,False,17.0,TARDE
2025-09-02,19:40:00,CRIMES CONTRA PATRIMÔNIO,CRIMES CONTRA PATRIMÔNIO: ROUBO: A PESSOA EM VIA PÚBLICA,ES,SERRA,ROSARIO DE FATIMA,VIA PÚBLICA,roubos,patrimonial,2025.0,9.0,SET,2025-09-01,1.0,TER,False,19.0,NOITE
2025-09-02,20:00:00,CRIMES CONTRA PATRIMÔNIO,CRIMES CONTRA PATRIMÔNIO: ROUBO: A PESSOA EM VIA PÚBLICA,ES,SERRA,CIDADE CONTINENTAL,VIA PÚBLICA,roubos,patrimonial,2025.0,9.0,SET,2025-09-01,1.0,TER,False,20.0,NOITE
2025-09-02,22:00:00,CRIMES CONTRA PATRIMÔNIO,CRIMES CONTRA PATRIMÔNIO: ROUBO: A PESSOA EM VIA PÚBLICA,ES,VITORIA,SAO PEDRO,VIA PÚBLICA,roubos,patrimonial,2025.0,9.0,SET,2025-09-01,1.0,TER,False,22.0,NOITE
2025-09-02,17:40:00,CRIMES CONTRA PATRIMÔNIO,CRIMES CONTRA PATRIMÔNIO: ROUBO: A PESSOA EM VIA PÚBLICA,ES,LINHARES,SANTA CRUZ,VIA PÚBLICA,roubos,patrimonial,2025.0,9.0,SET,2025-09-01,1.0,TER,False,17.0,TARDE
2025-09-02,22:00:00,CRIMES CONTRA PATRIMÔNIO,CRIMES CONTRA PATRIMÔNIO: ROUBO: A PESSOA EM VIA PÚBLICA,ES,SERRA,VALPARAISO,VIA PÚBLICA,roubos,patrimonial,2025.0,9.0,SET,2025-09-01,1.0,TER,False,22.0,NOITE
2025-09-02,14:30:00,CRIMES CONTRA PATRIMÔNIO,CRIMES CONTRA PATRIMÔNIO: ROUBO: A PESSOA EM VIA PÚBLICA,ES,VILA VELHA,ARACAS,OUTRO LOCAL,roubos,patrimonial,2025.0,9.0,SET,2025-09-01,1.0,TER,False,14.0,TARDE
2025-09-02,19:27:00,CRIMES CONTRA PATRIMÔNIO,CRIMES CONTRA PATRIMÔNIO: ROUBO: A PESSOA EM VIA PÚBLICA,ES,CARIACICA,MORADA DE SANTA FE,ESCOLA,roubos,patrimonial,2025.0,9.0,SET,2025-09-01,1.0,TER,False,19.0,NOITE
2025-09-02,17:30:00,CRIMES CONTRA PATRIMÔNIO,CRIMES CONTRA PATRIMÔNIO: ROUBO: A PESSOA EM VIA PÚBLICA,ES,SERRA,BAIRRO DAS LARANJEIRAS,VIA PÚBLICA,roubos,patrimonial,2025.0,9.0,SET,2025-09-01,1.0,TER,False,17.0,TARDE
2025-09-02,Indeterminada,CRIMES CONTRA PATRIMÔNIO,CRIMES CONTRA PATRIMÔNIO: ROUBO: A PESSOA EM VIA PÚBLICA,ES,VILA VELHA,PRAIA DAS GAIVOTAS,VIA PÚBLICA,roubos,patrimonial,2025.0,9.0,SET,2025-09-01,1.0,TER,False,,
2025-09-02,13:40:00,CRIMES CONTRA PATRIMÔNIO,CRIMES CONTRA PATRIMÔNIO: ROUBO: A PESSOA EM VIA PÚBLICA,ES,VITORIA,PRAIA DO CANTO,VIA PÚBLICA,roubos,patrimonial,2025.0,9.0,SET,2025-09-01,1.0,TER,False,13.0,TARDE
2025-09-03,11:20:00,CRIMES CONTRA PATRIMÔNIO,CRIMES CONTRA PATRIMÔNIO: ROUBO: A PESSOA EM VIA PÚBLICA,ES,VILA VELHA,ATAIDE,VIA PÚBLICA,roubos,patrimonial,2025.0,9.0,SET,2025-09-01,2.0,QUA,False,11.0,MANHA
2025-09-03,11:00:00,CRIMES CONTRA PATRIMÔNIO,CRIMES CONTRA PATRIMÔNIO: ROUBO: A PESSOA EM VIA PÚBLICA,ES,VITORIA,ILHA DO PRINCIPE,VIA PÚBLICA,roubos,patrimonial,2025.0,9.0,SET,2025-09-01,2.0,QUA,False,11.0,MANHA
2025-09-03,07:00:00,CRIMES CONTRA PATRIMÔNIO,CRIMES CONTRA PATRIMÔNIO: ROUBO: A PESSOA EM VIA PÚBLICA,ES,CARIACICA,SAO FRANCISCO,OUTRO LOCAL,roubos,patrimonial,2025.0,9.0,SET,2025-09-01,2.0,QUA,False,7.0,MANHA
2025-09-03,06:20:00,CRIMES CONTRA PATRIMÔNIO,CRIMES CONTRA PATRIMÔNIO: ROUBO: A PESSOA EM VIA PÚBLICA,ES,VITORIA,CARATOIRA,VIA PÚBLICA,roubos,patrimonial,2025.0,9.0,SET,2025-09-01,2.0,QUA,False,6.0,MANHA
2025-09-03,06:30:00,CRIMES CONTRA PATRIMÔNIO,CRIMES CONTRA PATRIMÔNIO: ROUBO: A PESSOA EM VIA PÚBLICA,ES,VITORIA,ENSEADA DO SUA,VIA PÚBLICA,roubos,patrimonial,2025.0,9.0,SET,2025-09-01,2.0,QUA,False,6.0,MANHA
2025-09-03,20:31:00,CRIMES CONTRA PATRIMÔNIO,CRIMES CONTRA PATRIMÔNIO: ROUBO: A PESSOA EM VIA PÚBLICA,ES,CARIACICA,ITACIBA,VIA PÚBLICA,roubos,patrimonial,2025.0,9.0,SET,2025-09-01,2.0,QUA,False,20.0,NOITE
2025-09-03,19:45:00,CRIMES CONTRA PATRIMÔNIO,CRIMES CONTRA PATRIMÔNIO: ROUBO: A PESSOA EM VIA PÚBLICA,ES,AGUA DOCE DO NORTE,OUTRO LOCAL,VIA PÚBLICA,roubos,patrimonial,2025.0,9.0,SET,2025-09-01,2.0,QUA,False,19.0,NOITE
2025-09-03,22:56:00,CRIMES CONTRA PATRIMÔNIO,CRIMES CONTRA PATRIMÔNIO: ROUBO: A PESSOA EM VIA PÚBLICA,ES,AGUA DOCE DO NORTE,OUTRO LOCAL,VIA PÚBLICA,roubos,patrimonial,2025.0,9.0,SET,2025-09-01,2.0,QUA,False,22.0,NOITE
2025-09-03,18:30:00,CRIMES CONTRA PATRIMÔNIO,CRIMES CONTRA PATRIMÔNIO: ROUBO: A PESSOA EM VIA PÚBLICA,ES,VILA VELHA,ARACAS,RESIDÊNCIA,roubos,patrimonial,2025.0,9.0,SET,2025-09-01,2.0,QUA,False,18.0,NOITE
2025-09-03,18:20:00,CRIMES CONTRA PATRIMÔNIO,CRIMES CONTRA PATRIMÔNIO: ROUBO: A PESSOA EM VIA PÚBLICA,ES,CARIACICA,PIRANEMA,VIA PÚBLICA,roubos,patrimonial,2025.0,9.0,SET,2025-09-01,2.0,QUA,False,18.0,NOITE
2025-09-03,20:00:00,CRIMES CONTRA PATRIMÔNIO,CRIMES CONTRA PATRIMÔNIO: ROUBO: A PESSOA EM VIA PÚBLICA,ES,VILA VELHA,PRAIA DE ITAPARICA,VIA PÚBLICA,roubos,patrimonial,2025.0,9.0,SET,2025-09-01,2.0,QUA,False,20.0,NOITE
2025-09-03,23:00:00,CRIMES CONTRA PATRIMÔNIO,CRIMES CONTRA PATRIMÔNIO: ROUBO: A PESSOA EM VIA PÚBLICA,ES,SERRA,CARAPINA,VIA PÚBLICA,roubos,patrimonial,2025.0,9.0,SET,2025-09-01,2.0,QUA,False,23.0,NOITE
2025-09-03,18:00:00,CRIMES CONTRA PATRIMÔNIO,CRIMES CONTRA PATRIMÔNIO: ROUBO: A PESSOA EM VIA PÚBLICA,ES,CARIACICA,CAMPO GRANDE,VIA PÚBLICA,roubos,patrimonial,2025.0,9.0,SET,2025-09-01,2.0,QUA,False,18.0,NOITE
2025-09-03,03:40:00,CRIMES CONTRA PATRIMÔNIO,CRIMES CONTRA PATRIMÔNIO: ROUBO: A PESSOA EM VIA PÚBLICA,ES,VILA VELHA,NOSSA SENHORA DA PENHA,VIA PÚBLICA,roubos,patrimonial,2025.0,9.0,SET,2025-09-01,2.0,QUA,False,3.0,MADRUGADA
2025-09-03,18:30:00,CRIMES CONTRA PATRIMÔNIO,CRIMES CONTRA PATRIMÔNIO: ROUBO: A PESSOA EM VIA PÚBLICA,ES,CARIACICA,CAMPO GRANDE,VIA PÚBLICA,roubos,patrimonial,2025.0,9.0,SET,2025-09-01,2.0,QUA,False,18.0,NOITE
2025-09-03,23:53:00,CRIMES CONTRA PATRIMÔNIO,CRIMES CONTRA PATRIMÔNIO: ROUBO: A PESSOA EM VIA PÚBLICA,ES,SERRA,CENTRAL CARAPINA,VIA PÚBLICA,roubos,patrimonial,2025.0,9.0,SET,2025-09-01,2.0,QUA,False,23.0,NOITE
2025-09-03,23:30:00,CRIMES CONTRA PATRIMÔNIO,CRIMES CONTRA PATRIMÔNIO: ROUBO: A PESSOA EM VIA PÚBLICA,ES,SERRA,ALTEROSAS,VIA PÚBLICA,roubos,patrimonial,2025.0,9.0,SET,2025-09-01,2.0,QUA,False,23.0,NOITE
2025-09-03,06:00:00,CRIMES CONTRA PATRIMÔNIO,CRIMES CONTRA PATRIMÔNIO: ROUBO: A PESSOA EM VIA PÚBLICA,ES,SERRA,CIDADE POMAR,VEÍCULO,roubos,patrimonial,2025.0,9.0,SET,2025-09-01,2.0,QUA,False,6.0,MANHA
2025-09-03,21:30:00,CRIMES CONTRA PATRIMÔNIO,CRIMES CONTRA PATRIMÔNIO: ROUBO: A PESSOA EM VIA PÚBLICA,ES,VITORIA,JUCUTUQUARA,VIA PÚBLICA,roubos,patrimonial,2025.0,9.0,SET,2025-09-01,2.0,QUA,False,21.0,NOITE
2025-09-03,07:00:00,CRIMES CONTRA PATRIMÔNIO,CRIMES CONTRA PATRIMÔNIO: ROUBO: A PESSOA EM VIA PÚBLICA,ES,CACHOEIRO DE ITAPEMIRIM,ILHA DA LUZ,VIA PÚBLICA,roubos,patrimonial,2025.0,9.0,SET,2025-09-01,2.0,QUA,False,7.0,MANHA
2025-09-04,00:05:00,CRIMES CONTRA PATRIMÔNIO,CRIMES CONTRA PATRIMÔNIO: ROUBO: A PESSOA EM VIA PÚBLICA,ES,SERRA,JARDIM LIMOEIRO,VIA PÚBLICA,roubos,patrimonial,2025.0,9.0,SET,2025-09-01,3.0,QUI,False,0.0,MADRUGADA
2025-09-04,07:00:00,CRIMES CONTRA PATRIMÔNIO,CRIMES CONTRA PATRIMÔNIO: ROUBO: A PESSOA EM VIA PÚBLICA,ES,SERRA,JARDIM LIMOEIRO,VIA PÚBLICA,roubos,patrimonial,2025.0,9.0,SET,2025-09-01,3.0,QUI,False,7.0,MANHA
2025-09-04,01:00:00,CRIMES CONTRA PATRIMÔNIO,CRIMES CONTRA PATRIMÔNIO: ROUBO: A PESSOA EM VIA PÚBLICA,ES,CARIACICA,CRUZEIRO DO SUL,VIA PÚBLICA,roubos,patrimonial,2025.0,9.0,SET,2025-09-01,3.0,QUI,False,1.0,MADRUGADA
2025-09-04,11:10:00,CRIMES CONTRA PATRIMÔNIO,CRIMES CONTRA PATRIMÔNIO: ROUBO: A PESSOA EM VIA PÚBLICA,ES,VITORIA,PRAIA DO CANTO,VIA PÚBLICA,roubos,patrimonial,2025.0,9.0,SET,2025-09-01,3.0,QUI,False,11.0,MANHA
2025-09-04,14:30:00,CRIMES CONTRA PATRIMÔNIO,CRIMES CONTRA PATRIMÔNIO: ROUBO: A PESSOA EM VIA PÚBLICA,ES,CARIACICA,BANDEIRANTES,VIA PÚBLICA,roubos,patrimonial,2025.0,9.0,SET,2025-09-01,3.0,QUI,False,14.0,TARDE
2025-09-04,18:10:00,CRIMES CONTRA PATRIMÔNIO,CRIMES CONTRA PATRIMÔNIO: ROUBO: A PESSOA EM VIA PÚBLICA,ES,SERRA,COLINA DE LARANJEIRAS,VIA PÚBLICA,roubos,patrimonial,2025.0,9.0,SET,2025-09-01,3.0,QUI,False,18.0,NOITE
2025-09-04,19:30:00,CRIMES CONTRA PATRIMÔNIO,CRIMES CONTRA PATRIMÔNIO: ROUBO: A PESSOA EM VIA PÚBLICA,ES,VIANA,VILA BETHANIA,VIA PÚBLICA,roubos,patrimonial,2025.0,9.0,SET,2025-09-01,3.0,QUI,False,19.0,NOITE
2025-09-04,20:55:00,CRIMES CONTRA PATRIMÔNIO,CRIMES CONTRA PATRIMÔNIO: ROUBO: A PESSOA EM VIA PÚBLICA,ES,VILA VELHA,ALVORADA,VIA PÚBLICA,roubos,patrimonial,2025.0,9.0,SET,2025-09-01,3.0,QUI,False,20.0,NOITE
2025-09-04,19:30:00,CRIMES CONTRA PATRIMÔNIO,CRIMES CONTRA PATRIMÔNIO: ROUBO: A PESSOA EM VIA PÚBLICA,ES,VIANA,VILA BETHANIA,VIA PÚBLICA,roubos,patrimonial,2025.0,9.0,SET,2025-09-01,3.0,QUI,False,19.0,NOITE
2025-09-04,11:40:00,CRIMES CONTRA PATRIMÔNIO,CRIMES CONTRA PATRIMÔNIO: ROUBO: A PESSOA EM VIA PÚBLICA,ES,VILA VELHA,ATAIDE,VIA PÚBLICA,roubos,patrimonial,2025.0,9.0,SET,2025-09-01,3.0,QUI,False,11.0,MANHA
2025-09-04,07:30:00,CRIMES CONTRA PATRIMÔNIO,CRIMES CONTRA PATRIMÔNIO: ROUBO: A PESSOA EM VIA PÚBLICA,ES,VITORIA,SANTA LUIZA,VIA PÚBLICA,roubos,patrimonial,2025.0,9.0,SET,2025-09-01,3.0,QUI,False,7.0,MANHA
2025-09-04,05:10:00,CRIMES CONTRA PATRIMÔNIO,CRIMES CONTRA PATRIMÔNIO: ROUBO: A PESSOA EM VIA PÚBLICA,ES,SERRA,ALTEROSAS,VIA PÚBLICA,roubos,patrimonial,2025.0,9.0,SET,2025-09-01,3.0,QUI,False,5.0,MADRUGADA
2025-09-04,21:20:00,CRIMES CONTRA PATRIMÔNIO,CRIMES CONTRA PATRIMÔNIO: ROUBO: A PESSOA EM VIA PÚBLICA,ES,SERRA,SANTO ANTONIO,VIA PÚBLICA,roubos,patrimonial,2025.0,9.0,SET,2025-09-01,3.0,QUI,False,21.0,NOITE
2025-09-04,19:00:00,CRIMES CONTRA PATRIMÔNIO,CRIMES CONTRA PATRIMÔNIO: ROUBO: A PESSOA EM VIA PÚBLICA,ES,CARIACICA,SAO FRANCISCO,EMBARCAÇÃO,roubos,patrimonial,2025.0,9.0,SET,2025-09-01,3.0,QUI,False,19.0,NOITE
2025-09-04,20:00:00,CRIMES CONTRA PATRIMÔNIO,CRIMES CONTRA PATRIMÔNIO: ROUBO: A PESSOA EM VIA PÚBLICA,ES,CARIACICA,SANTA BARBARA,RESIDÊNCIA,roubos,patrimonial,2025.0,9.0,SET,2025-09-01,3.0,QUI,False,20.0,NOITE
2025-09-04,03:00:00,CRIMES CONTRA PATRIMÔNIO,CRIMES CONTRA PATRIMÔNIO: ROUBO: A PESSOA EM VIA PÚBLICA,ES,ARACRUZ,CENTRO,VIA PÚBLICA,roubos,patrimonial,2025.0,9.0,SET,2025-09-01,3.0,QUI,False,3.0,MADRUGADA
2025-09-04,Indeterminada,CRIMES CONTRA PATRIMÔNIO,CRIMES CONTRA PATRIMÔNIO: ROUBO: A PESSOA EM VIA PÚBLICA,ES,VITORIA,OUTRO LOCAL,VIA PÚBLICA,roubos,patrimonial,2025.0,9.0,SET,2025-09-01,3.0,QUI,False,,
2025-09-04,23:00:00,CRIMES CONTRA PATRIMÔNIO,CRIMES CONTRA PATRIMÔNIO: ROUBO: A PESSOA EM VIA PÚBLICA,ES,VILA VELHA,ARIBIRI,VIA PÚBLICA,roubos,patrimonial,2025.0,9.0,SET,2025-09-01,3.0,QUI,False,23.0,NOITE
2025-09-04,03:20:00,CRIMES CONTRA PATRIMÔNIO,CRIMES CONTRA PATRIMÔNIO: ROUBO: EM TRANSPORTE COLETIVO,ES,SERRA,CARAPINA,VIA PÚBLICA,roubos,patrimonial,2025.0,9.0,SET,2025-09-01,3.0,QUI,False,3.0,MADRUGADA
2025-09-04,20:30:00,CRIMES CONTRA PATRIMÔNIO,CRIMES CONTRA PATRIMÔNIO: ROUBO: EM TRANSPORTE COLETIVO,ES,SERRA,ANDRE CARLONI,VIA PÚBLICA,roubos,patrimonial,2025.0,9.0,SET,2025-09-01,3.0,QUI,False,20.0,NOITE
2025-09-04,23:00:00,CRIMES CONTRA PATRIMÔNIO,CRIMES CONTRA PATRIMÔNIO: ROUBO: EM TRANSPORTE COLETIVO,ES,VILA VELHA,ATAIDE,TRANSP COLETIVO,roubos,patrimonial,2025.0,9.0,SET,2025-09-01,3.0,QUI,False,23.0,NOITE
2025-09-04,18:32:55,CRIMES CONTRA PATRIMÔNIO,CRIMES CONTRA PATRIMÔNIO: ROUBO: EM ESTABELECIMENTO COMERCIAL,ES,BOA ESPERANCA,VILA TAVARES,COMÉRCIO,roubos,patrimonial,2025.0,9.0,SET,2025-09-01,3.0,QUI,False,18.0,NOITE
2025-09-05,05:30:00,CRIMES CONTRA PATRIMÔNIO,CRIMES CONTRA PATRIMÔNIO: ROUBO: A PESSOA EM VIA PÚBLICA,ES,SERRA,JARDIM LIMOEIRO,VIA PÚBLICA,roubos,patrimonial,2025.0,9.0,SET,2025-09-01,4.0,SEX,False,5.0,MADRUGADA
2025-09-05,05:30:00,CRIMES CONTRA PATRIMÔNIO,CRIMES CONTRA PATRIMÔNIO: ROUBO: A PESSOA EM VIA PÚBLICA,ES,CARIACICA,VISTA DOURADA,VIA PÚBLICA,roubos,patrimonial,2025.0,9.0,SET,2025-09-01,4.0,SEX,False,5.0,MADRUGADA
2025-09-05,16:11:00,CRIMES CONTRA PATRIMÔNIO,CRIMES CONTRA PATRIMÔNIO: ROUBO: A PESSOA EM VIA PÚBLICA,ES,SERRA,MANGUINHOS,VIA PÚBLICA,roubos,patrimonial,2025.0,9.0,SET,2025-09-01,4.0,SEX,False,16.0,TARDE
2025-09-05,12:48:00,CRIMES CONTRA PATRIMÔNIO,CRIMES CONTRA PATRIMÔNIO: ROUBO: A PESSOA EM VIA PÚBLICA,ES,VILA VELHA,COQUEIRAL DE ITAPARICA,VIA PÚBLICA,roubos,patrimonial,2025.0,9.0,SET,2025-09-01,4.0,SEX,False,12.0,TARDE
2025-09-05,16:48:00,CRIMES CONTRA PATRIMÔNIO,CRIMES CONTRA PATRIMÔNIO: ROUBO: A PESSOA EM VIA PÚBLICA,ES,CACHOEIRO DE ITAPEMIRIM,INDEPENDENCIA,VIA PÚBLICA,roubos,patrimonial,2025.0,9.0,SET,2025-09-01,4.0,SEX,False,16.0,TARDE
2025-09-05,05:37:00,CRIMES CONTRA PATRIMÔNIO,CRIMES CONTRA PATRIMÔNIO: ROUBO: A PESSOA EM VIA PÚBLICA,ES,SERRA,JARDIM LIMOEIRO,VIA PÚBLICA,roubos,patrimonial,2025.0,9.0,SET,2025-09-01,4.0,SEX,False,5.0,MADRUGADA
2025-09-05,10:00:00,CRIMES CONTRA PATRIMÔNIO,CRIMES CONTRA PATRIMÔNIO: ROUBO: A PESSOA EM VIA PÚBLICA,ES,SERRA,ESTANCIA MONAZITICA,VIA PÚBLICA,roubos,patrimonial,2025.0,9.0,SET,2025-09-01,4.0,SEX,False,10.0,MANHA
2025-09-05,18:30:00,CRIMES CONTRA PATRIMÔNIO,CRIMES CONTRA PATRIMÔNIO: ROUBO: A PESSOA EM VIA PÚBLICA,ES,LINHARES,MOVELAR,RODOVIA FEDERAL,roubos,patrimonial,2025.0,9.0,SET,2025-09-01,4.0,SEX,False,18.0,NOITE
2025-09-05,13:00:00,CRIMES CONTRA PATRIMÔNIO,CRIMES CONTRA PATRIMÔNIO: ROUBO: A PESSOA EM VIA PÚBLICA,ES,CARIACICA,CAMPO GRANDE,VIA PÚBLICA,roubos,patrimonial,2025.0,9.0,SET,2025-09-01,4.0,SEX,False,13.0,TARDE
2025-09-05,18:40:00,CRIMES CONTRA PATRIMÔNIO,CRIMES CONTRA PATRIMÔNIO: ROUBO: A PESSOA EM VIA PÚBLICA,ES,CARIACICA,MARACANA,VIA PÚBLICA,roubos,patrimonial,2025.0,9.0,SET,2025-09-01,4.0,SEX,False,18.0,NOITE
2025-09-05,10:00:00,CRIMES CONTRA PATRIMÔNIO,CRIMES CONTRA PATRIMÔNIO: ROUBO: A PESSOA EM VIA PÚBLICA,ES,SERRA,JARDIM LIMOEIRO,VIA PÚBLICA,roubos,patrimonial,2025.0,9.0,SET,2025-09-01,4.0,SEX,False,10.0,MANHA
2025-09-05,18:00:00,CRIMES CONTRA PATRIMÔNIO,CRIMES CONTRA PATRIMÔNIO: ROUBO: A PESSOA EM VIA PÚBLICA,ES,VIANA,MARCILIO DE NORONHA,VIA PÚBLICA,roubos,patrimonial,2025.0,9.0,SET,2025-09-01,4.0,SEX,False,18.0,NOITE
2025-09-05,04:20:00,CRIMES CONTRA PATRIMÔNIO,CRIMES CONTRA PATRIMÔNIO: ROUBO: A PESSOA EM VIA PÚBLICA,ES,CARIACICA,ANTONIO FERREIRA BORGES,VIA PÚBLICA,roubos,patrimonial,2025.0,9.0,SET,2025-09-01,4.0,SEX,False,4.0,MADRUGADA
2025-09-05,20:30:00,CRIMES CONTRA PATRIMÔNIO,CRIMES CONTRA PATRIMÔNIO: ROUBO: A PESSOA EM VIA PÚBLICA,ES,CARIACICA,CAMPINA GRANDE,RESIDÊNCIA,roubos,patrimonial,2025.0,9.0,SET,2025-09-01,4.0,SEX,False,20.0,NOITE
2025-09-05,00:00:00,CRIMES CONTRA PATRIMÔNIO,CRIMES CONTRA PATRIMÔNIO: ROUBO: A PESSOA EM VIA PÚBLICA,ES,VITORIA,MARUIPE,VIA PÚBLICA,roubos,patrimonial,2025.0,9.0,SET,2025-09-01,4.0,SEX,False,0.0,MADRUGADA
2025-09-05,22:08:00,CRIMES CONTRA PATRIMÔNIO,CRIMES CONTRA PATRIMÔNIO: ROUBO: A PESSOA EM VIA PÚBLICA,ES,SERRA,JARDIM LIMOEIRO,VIA PÚBLICA,roubos,patrimonial,2025.0,9.0,SET,2025-09-01,4.0,SEX,False,22.0,NOITE
2025-09-05,06:00:00,CRIMES CONTRA PATRIMÔNIO,CRIMES CONTRA PATRIMÔNIO: ROUBO: A PESSOA EM VIA PÚBLICA,ES,SERRA,SAO DIOGO II,OUTRO LOCAL,roubos,patrimonial,2025.0,9.0,SET,2025-09-01,4.0,SEX,False,6.0,MANHA
2025-09-05,06:55:00,CRIMES CONTRA PATRIMÔNIO,CRIMES CONTRA PATRIMÔNIO: ROUBO: A PESSOA EM VIA PÚBLICA,ES,VILA VELHA,IBES,VIA PÚBLICA,roubos,patrimonial,2025.0,9.0,SET,2025-09-01,4.0,SEX,False,6.0,MANHA
2025-09-05,23:40:00,CRIMES CONTRA PATRIMÔNIO,CRIMES CONTRA PATRIMÔNIO: ROUBO: A PESSOA EM VIA PÚBLICA,ES,SERRA,EURICO SALLES,VIA PÚBLICA,roubos,patrimonial,2025.0,9.0,SET,2025-09-01,4.0,SEX,False,23.0,NOITE
2025-09-05,16:30:00,CRIMES CONTRA PATRIMÔNIO,CRIMES CONTRA PATRIMÔNIO: ROUBO: A PESSOA EM VIA PÚBLICA,ES,CARIACICA,SANTO ANDRE,VIA PÚBLICA,roubos,patrimonial,2025.0,9.0,SET,2025-09-01,4.0,SEX,False,16.0,TARDE
2025-09-05,12:00:00,CRIMES CONTRA PATRIMÔNIO,CRIMES CONTRA PATRIMÔNIO: ROUBO: A PESSOA EM VIA PÚBLICA,ES,MARATAIZES,JABOTI,VIA PÚBLICA,roubos,patrimonial,2025.0,9.0,SET,2025-09-01,4.0,SEX,False,12.0,TARDE
2025-09-05,08:16:00,CRIMES CONTRA PATRIMÔNIO,CRIMES CONTRA PATRIMÔNIO: ROUBO: EM ESTABELECIMENTO COMERCIAL,ES,SERRA,ROSARIO DE FATIMA,ESCRITORIO,roubos,patrimonial,2025.0,9.0,SET,2025-09-01,4.0,SEX,False,8.0,MANHA
2025-09-05,17:30:00,CRIMES CONTRA PATRIMÔNIO,CRIMES CONTRA PATRIMÔNIO: ROUBO: EM ESTABELECIMENTO COMERCIAL,ES,SERRA,MANOEL PLAZA,COMÉRCIO,roubos,patrimonial,2025.0,9.0,SET,2025-09-01,4.0,SEX,False,17.0,TARDE
2025-09-06,07:30:00,CRIMES CONTRA PATRIMÔNIO,CRIMES CONTRA PATRIMÔNIO: ROUBO: A PESSOA EM VIA PÚBLICA,ES,CARIACICA,SANTANA,VIA PÚBLICA,roubos,patrimonial,2025.0,9.0,SET,2025-09-01,5.0,SAB,True,7.0,MANHA
2025-09-06,Indeterminada,CRIMES CONTRA PATRIMÔNIO,CRIMES CONTRA PATRIMÔNIO: ROUBO: A PESSOA EM VIA PÚBLICA,ES,SERRA,CIDADE CONTINENTAL,VIA PÚBLICA,roubos,patrimonial,2025.0,9.0,SET,2025-09-01,5.0,SAB,True,,
2025-09-06,23:00:00,CRIMES CONTRA PATRIMÔNIO,CRIMES CONTRA PATRIMÔNIO: ROUBO: A PESSOA EM VIA PÚBLICA,ES,CARIACICA,CAMPO GRANDE,RESIDÊNCIA,roubos,patrimonial,2025.0,9.0,SET,2025-09-01,5.0,SAB,True,23.0,NOITE
2025-09-06,23:20:00,CRIMES CONTRA PATRIMÔNIO,CRIMES CONTRA PATRIMÔNIO: ROUBO: A PESSOA EM VIA PÚBLICA,ES,VILA VELHA,SOTECO,VIA PÚBLICA,roubos,patrimonial,2025.0,9.0,SET,2025-09-01,5.0,SAB,True,23.0,NOITE
2025-09-06,19:30:00,CRIMES CONTRA PATRIMÔNIO,CRIMES CONTRA PATRIMÔNIO: ROUBO: A PESSOA EM VIA PÚBLICA,ES,VIANA,ARLINDO ANGELO VILLASCHI,VIA PÚBLICA,roubos,patrimonial,2025.0,9.0,SET,2025-09-01,5.0,SAB,True,19.0,NOITE
2025-09-06,22:00:00,CRIMES CONTRA PATRIMÔNIO,CRIMES CONTRA PATRIMÔNIO: ROUBO: A PESSOA EM VIA PÚBLICA,ES,NOVA VENECIA,ALTOE,VIA PÚBLICA,roubos,patrimonial,2025.0,9.0,SET,2025-09-01,5.0,SAB,True,22.0,NOITE
2025-09-06,00:00:00,CRIMES CONTRA PATRIMÔNIO,CRIMES CONTRA PATRIMÔNIO: ROUBO: A PESSOA EM VIA PÚBLICA,ES,CARIACICA,NOVA CANAA,VIA PÚBLICA,roubos,patrimonial,2025.0,9.0,SET,2025-09-01,5.0,SAB,True,0.0,MADRUGADA
2025-09-06,12:00:00,CRIMES CONTRA PATRIMÔNIO,CRIMES CONTRA PATRIMÔNIO: ROUBO: A PESSOA EM VIA PÚBLICA,ES,SERRA,JARDIM LIMOEIRO,VIA PÚBLICA,roubos,patrimonial,2025.0,9.0,SET,2025-09-01,5.0,SAB,True,12.0,TARDE
2025-09-06,08:30:00,CRIMES CONTRA PATRIMÔNIO,CRIMES CONTRA PATRIMÔNIO: ROUBO: A PESSOA EM VIA PÚBLICA,ES,VILA VELHA,COQUEIRAL DE ITAPARICA,GINASIO,roubos,patrimonial,2025.0,9.0,SET,2025-09-01,5.0,SAB,True,8.0,MANHA
2025-09-06,15:08:00,CRIMES CONTRA PATRIMÔNIO,CRIMES CONTRA PATRIMÔNIO: ROUBO: A PESSOA EM VIA PÚBLICA,ES,VILA VELHA,RESIDENCIAL COQUEIRAL,VIA PÚBLICA,roubos,patrimonial,2025.0,9.0,SET,2025-09-01,5.0,SAB,True,15.0,TARDE
2025-09-06,22:40:00,CRIMES CONTRA PATRIMÔNIO,CRIMES CONTRA PATRIMÔNIO: ROUBO: A PESSOA EM VIA PÚBLICA,ES,VITORIA,MATA DA PRAIA,VIA PÚBLICA,roubos,patrimonial,2025.0,9.0,SET,2025-09-01,5.0,SAB,True,22.0,NOITE
2025-09-06,22:27:00,CRIMES CONTRA PATRIMÔNIO,CRIMES CONTRA PATRIMÔNIO: ROUBO: A PESSOA EM VIA PÚBLICA,ES,LINHARES,AVISO,OUTRO LOCAL,roubos,patrimonial,2025.0,9.0,SET,2025-09-01,5.0,SAB,True,22.0,NOITE
2025-09-06,18:35:00,CRIMES CONTRA PATRIMÔNIO,CRIMES CONTRA PATRIMÔNIO: ROUBO: A PESSOA EM VIA PÚBLICA,ES,VITORIA,CENTRO,VIA PÚBLICA,roubos,patrimonial,2025.0,9.0,SET,2025-09-01,5.0,SAB,True,18.0,NOITE
2025-09-06,09:40:00,CRIMES CONTRA PATRIMÔNIO,CRIMES CONTRA PATRIMÔNIO: ROUBO: A PESSOA EM VIA PÚBLICA,ES,VILA VELHA,DIVINO ESPIRITO SANTO,VIA PÚBLICA,roubos,patrimonial,2025.0,9.0,SET,2025-09-01,5.0,SAB,True,9.0,MANHA
2025-09-06,20:00:00,CRIMES CONTRA PATRIMÔNIO,CRIMES CONTRA PATRIMÔNIO: ROUBO: A PESSOA EM VIA PÚBLICA,ES,CARIACICA,SOTEMA,VIA PÚBLICA,roubos,patrimonial,2025.0,9.0,SET,2025-09-01,5.0,SAB,True,20.0,NOITE
2025-09-06,10:00:00,CRIMES CONTRA PATRIMÔNIO,CRIMES CONTRA PATRIMÔNIO: ROUBO: A PESSOA EM VIA PÚBLICA,ES,CACHOEIRO DE ITAPEMIRIM,CENTRO,VIA PÚBLICA,roubos,patrimonial,2025.0,9.0,SET,2025-09-01,5.0,SAB,True,10.0,MANHA
2025-09-07,18:45:00,CRIMES CONTRA PATRIMÔNIO,CRIMES CONTRA PATRIMÔNIO: ROUBO: A PESSOA EM VIA PÚBLICA,ES,VILA VELHA,GLORIA,VIA PÚBLICA,roubos,patrimonial,2025.0,9.0,SET,2025-09-01,6.0,DOM,True,18.0,NOITE
2025-09-07,00:00:00,CRIMES CONTRA PATRIMÔNIO,CRIMES CONTRA PATRIMÔNIO: ROUBO: A PESSOA EM VIA PÚBLICA,ES,SOORETAMA,CENTRO,VIA PÚBLICA,roubos,patrimonial,2025.0,9.0,SET,2025-09-01,6.0,DOM,True,0.0,MADRUGADA
2025-09-07,12:00:00,CRIMES CONTRA PATRIMÔNIO,CRIMES CONTRA PATRIMÔNIO: ROUBO: A PESSOA EM VIA PÚBLICA,ES,CARIACICA,VILA MERLO,VIA PÚBLICA,roubos,patrimonial,2025.0,9.0,SET,2025-09-01,6.0,DOM,True,12.0,TARDE
2025-09-07,20:00:00,CRIMES CONTRA PATRIMÔNIO,CRIMES CONTRA PATRIMÔNIO: ROUBO: A PESSOA EM VIA PÚBLICA,ES,NOVA VENECIA,BONFIM,VIA PÚBLICA,roubos,patrimonial,2025.0,9.0,SET,2025-09-01,6.0,DOM,True,20.0,NOITE
2025-09-07,21:30:00,CRIMES CONTRA PATRIMÔNIO,CRIMES CONTRA PATRIMÔNIO: ROUBO: A PESSOA EM VIA PÚBLICA,ES,CARIACICA,CAMPO GRANDE,VIA PÚBLICA,roubos,patrimonial,2025.0,9.0,SET,2025-09-01,6.0,DOM,True,21.0,NOITE
2025-09-07,07:00:00,CRIMES CONTRA PATRIMÔNIO,CRIMES CONTRA PATRIMÔNIO: ROUBO: A PESSOA EM VIA PÚBLICA,ES,SERRA,VISTA DA SERRA II,VIA PÚBLICA,roubos,patrimonial,2025.0,9.0,SET,2025-09-01,6.0,DOM,True,7.0,MANHA
2025-09-07,20:00:00,CRIMES CONTRA PATRIMÔNIO,CRIMES CONTRA PATRIMÔNIO: ROUBO: A PESSOA EM VIA PÚBLICA,ES,VITORIA,SANTO ANTONIO,VIA PÚBLICA,roubos,patrimonial,2025.0,9.0,SET,2025-09-01,6.0,DOM,True,20.0,NOITE
2025-09-07,19:33:00,CRIMES CONTRA PATRIMÔNIO,CRIMES CONTRA PATRIMÔNIO: ROUBO: A PESSOA EM VIA PÚBLICA,ES,VITORIA,JARDIM DA PENHA,VIA PÚBLICA,roubos,patrimonial,2025.0,9.0,SET,2025-09-01,6.0,DOM,True,19.0,NOITE
2025-09-07,01:20:00,CRIMES CONTRA PATRIMÔNIO,CRIMES CONTRA PATRIMÔNIO: ROUBO: A PESSOA EM VIA PÚBLICA,ES,VITORIA,CENTRO,VIA PÚBLICA,roubos,patrimonial,2025.0,9.0,SET,2025-09-01,6.0,DOM,True,1.0,MADRUGADA
2025-09-07,17:50:00,CRIMES CONTRA PATRIMÔNIO,CRIMES CONTRA PATRIMÔNIO: ROUBO: A PESSOA EM VIA PÚBLICA,ES,VILA VELHA,GLORIA,VIA PÚBLICA,roubos,patrimonial,2025.0,9.0,SET,2025-09-01,6.0,DOM,True,17.0,TARDE
2025-09-07,15:00:00,CRIMES CONTRA PATRIMÔNIO,CRIMES CONTRA PATRIMÔNIO: ROUBO: A PESSOA EM VIA PÚBLICA,ES,VITORIA,REPUBLICA,VIA PÚBLICA,roubos,patrimonial,2025.0,9.0,SET,2025-09-01,6.0,DOM,True,15.0,TARDE
2025-09-08,05:00:00,CRIMES CONTRA PATRIMÔNIO,CRIMES CONTRA PATRIMÔNIO: ROUBO: A PESSOA EM VIA PÚBLICA,ES,CARIACICA,CRUZEIRO DO SUL,VIA PÚBLICA,roubos,patrimonial,2025.0,9.0,SET,2025-09-01,0.0,SEG,False,5.0,MADRUGADA
2025-09-08,05:30:00,CRIMES CONTRA PATRIMÔNIO,CRIMES CONTRA PATRIMÔNIO: ROUBO: A PESSOA EM VIA PÚBLICA,ES,CARIACICA,JARDIM CAMPO GRANDE,VIA PÚBLICA,roubos,patrimonial,2025.0,9.0,SET,2025-09-01,0.0,SEG,False,5.0,MADRUGADA
2025-09-08,18:00:00,CRIMES CONTRA PATRIMÔNIO,CRIMES CONTRA PATRIMÔNIO: ROUBO: A PESSOA EM VIA PÚBLICA,ES,GUARAPARI,SANTA MONICA,VIA PÚBLICA,roubos,patrimonial,2025.0,9.0,SET,2025-09-01,0.0,SEG,False,18.0,NOITE
2025-09-08,Indeterminada,CRIMES CONTRA PATRIMÔNIO,CRIMES CONTRA PATRIMÔNIO: ROUBO: A PESSOA EM VIA PÚBLICA,ES,COLATINA,CENTRO,OUTRO LOCAL,roubos,patrimonial,2025.0,9.0,SET,2025-09-01,0.0,SEG,False,,
2025-09-08,19:30:00,CRIMES CONTRA PATRIMÔNIO,CRIMES CONTRA PATRIMÔNIO: ROUBO: A PESSOA EM VIA PÚBLICA,ES,VIANA,OUTRO LOCAL,VIA PÚBLICA,roubos,patrimonial,2025.0,9.0,SET,2025-09-01,0.0,SEG,False,19.0,NOITE
2025-09-08,14:30:00,CRIMES CONTRA PATRIMÔNIO,CRIMES CONTRA PATRIMÔNIO: ROUBO: A PESSOA EM VIA PÚBLICA,ES,SERRA,CIVIT II,VIA PÚBLICA,roubos,patrimonial,2025.0,9.0,SET,2025-09-01,0.0,SEG,False,14.0,TARDE
2025-09-08,20:00:00,CRIMES CONTRA PATRIMÔNIO,CRIMES CONTRA PATRIMÔNIO: ROUBO: A PESSOA EM VIA PÚBLICA,ES,SERRA,TAQUARA I,VIA PÚBLICA,roubos,patrimonial,2025.0,9.0,SET,2025-09-01,0.0,SEG,False,20.0,NOITE
2025-09-08,20:00:00,CRIMES CONTRA PATRIMÔNIO,CRIMES CONTRA PATRIMÔNIO: ROUBO: A PESSOA EM VIA PÚBLICA,ES,CARIACICA,CRUZEIRO DO SUL,VIA PÚBLICA,roubos,patrimonial,2025.0,9.0,SET,2025-09-01,0.0,SEG,False,20.0,NOITE
2025-09-08,20:00:00,CRIMES CONTRA PATRIMÔNIO,CRIMES CONTRA PATRIMÔNIO: ROUBO: A PESSOA EM VIA PÚBLICA,ES,SERRA,JARDIM BELA VISTA,VIA PÚBLICA,roubos,patrimonial,2025.0,9.0,SET,2025-09-01,0.0,SEG,False,20.0,NOITE
2025-09-08,21:20:00,CRIMES CONTRA PATRIMÔNIO,CRIMES CONTRA PATRIMÔNIO: ROUBO: A PESSOA EM VIA PÚBLICA,ES,VITORIA,MATA DA PRAIA,VIA PÚBLICA,roubos,patrimonial,2025.0,9.0,SET,2025-09-01,0.0,SEG,False,21.0,NOITE
2025-09-08,07:00:00,CRIMES CONTRA PATRIMÔNIO,CRIMES CONTRA PATRIMÔNIO: ROUBO: A PESSOA EM VIA PÚBLICA,ES,VITORIA,ANDORINHAS,VIA PÚBLICA,roubos,patrimonial,2025.0,9.0,SET,2025-09-01,0.0,SEG,False,7.0,MANHA
2025-09-08,19:10:00,CRIMES CONTRA PATRIMÔNIO,CRIMES CONTRA PATRIMÔNIO: ROUBO: A PESSOA EM VIA PÚBLICA,ES,CARIACICA,CAMPINA GRANDE,RESIDÊNCIA,roubos,patrimonial,2025.0,9.0,SET,2025-09-01,0.0,SEG,False,19.0,NOITE
2025-09-08,16:00:00,CRIMES CONTRA PATRIMÔNIO,CRIMES CONTRA PATRIMÔNIO: ROUBO: A PESSOA EM VIA PÚBLICA,ES,VILA VELHA,TERRA VERMELHA,VIA PÚBLICA,roubos,patrimonial,2025.0,9.0,SET,2025-09-01,0.0,SEG,False,16.0,TARDE
2025-09-08,00:45:00,CRIMES CONTRA PATRIMÔNIO,CRIMES CONTRA PATRIMÔNIO: ROUBO: A PESSOA EM VIA PÚBLICA,ES,VITORIA,JARDIM DA PENHA,VIA PÚBLICA,roubos,patrimonial,2025.0,9.0,SET,2025-09-01,0.0,SEG,False,0.0,MADRUGADA
2025-09-08,04:00:00,CRIMES CONTRA PATRIMÔNIO,CRIMES CONTRA PATRIMÔNIO: ROUBO: EM TRANSPORTE COLETIVO,ES,SERRA,ROSARIO DE FATIMA,TRANSP COLETIVO,roubos,patrimonial,2025.0,9.0,SET,2025-09-01,0.0,SEG,False,4.0,MADRUGADA
2025-09-09,05:40:00,CRIMES CONTRA PATRIMÔNIO,CRIMES CONTRA PATRIMÔNIO: ROUBO: A PESSOA EM VIA PÚBLICA,ES,COLATINA,SANTA MONICA,VIA PÚBLICA,roubos,patrimonial,2025.0,9.0,SET,2025-09-01,1.0,TER,False,5.0,MADRUGADA
2025-09-09,09:20:00,CRIMES CONTRA PATRIMÔNIO,CRIMES CONTRA PATRIMÔNIO: ROUBO: A PESSOA EM VIA PÚBLICA,ES,VILA VELHA,COBILANDIA,VIA PÚBLICA,roubos,patrimonial,2025.0,9.0,SET,2025-09-01,1.0,TER,False,9.0,MANHA
2025-09-09,09:00:00,CRIMES CONTRA PATRIMÔNIO,CRIMES CONTRA PATRIMÔNIO: ROUBO: A PESSOA EM VIA PÚBLICA,ES,CARIACICA,SANTA BARBARA,VIA PÚBLICA,roubos,patrimonial,2025.0,9.0,SET,2025-09-01,1.0,TER,False,9.0,MANHA
2025-09-09,07:00:00,CRIMES CONTRA PATRIMÔNIO,CRIMES CONTRA PATRIMÔNIO: ROUBO: A PESSOA EM VIA PÚBLICA,ES,CARIACICA,VILA CAJUEIRO,VIA PÚBLICA,roubos,patrimonial,2025.0,9.0,SET,2025-09-01,1.0,TER,False,7.0,MANHA
2025-09-09,06:21:00,CRIMES CONTRA PATRIMÔNIO,CRIMES CONTRA PATRIMÔNIO: ROUBO: A PESSOA EM VIA PÚBLICA,ES,VILA VELHA,JABURUNA,VIA PÚBLICA,roubos,patrimonial,2025.0,9.0,SET,2025-09-01,1.0,TER,False,6.0,MANHA
2025-09-09,07:30:00,CRIMES CONTRA PATRIMÔNIO,CRIMES CONTRA PATRIMÔNIO: ROUBO: A PESSOA EM VIA PÚBLICA,ES,CARIACICA,MUCURI,VIA PÚBLICA,roubos,patrimonial,2025.0,9.0,SET,2025-09-01,1.0,TER,False,7.0,MANHA
2025-09-09,11:30:00,CRIMES CONTRA PATRIMÔNIO,CRIMES CONTRA PATRIMÔNIO: ROUBO: A PESSOA EM VIA PÚBLICA,ES,VITORIA,ILHA DE SANTA MARIA,VIA PÚBLICA,roubos,patrimonial,2025.0,9.0,SET,2025-09-01,1.0,TER,False,11.0,MANHA
2025-09-09,01:20:00,CRIMES CONTRA PATRIMÔNIO,CRIMES CONTRA PATRIMÔNIO: ROUBO: A PESSOA EM VIA PÚBLICA,ES,VITORIA,JARDIM CAMBURI,VIA PÚBLICA,roubos,patrimonial,2025.0,9.0,SET,2025-09-01,1.0,TER,False,1.0,MADRUGADA
2025-09-09,15:11:00,CRIMES CONTRA PATRIMÔNIO,CRIMES CONTRA PATRIMÔNIO: ROUBO: A PESSOA EM VIA PÚBLICA,ES,SOORETAMA,CENTRO,VIA PÚBLICA,roubos,patrimonial,2025.0,9.0,SET,2025-09-01,1.0,TER,False,15.0,TARDE
2025-09-09,19:00:00,CRIMES CONTRA PATRIMÔNIO,CRIMES CONTRA PATRIMÔNIO: ROUBO: A PESSOA EM VIA PÚBLICA,ES,CARIACICA,SANTO ANDRE,VIA PÚBLICA,roubos,patrimonial,2025.0,9.0,SET,2025-09-01,1.0,TER,False,19.0,NOITE
2025-09-09,22:00:00,CRIMES CONTRA PATRIMÔNIO,CRIMES CONTRA PATRIMÔNIO: ROUBO: A PESSOA EM VIA PÚBLICA,ES,VILA VELHA,PRAIA DE ITAPARICA,VIA PÚBLICA,roubos,patrimonial,2025.0,9.0,SET,2025-09-01,1.0,TER,False,22.0,NOITE
2025-09-09,18:30:00,CRIMES CONTRA PATRIMÔNIO,CRIMES CONTRA PATRIMÔNIO: ROUBO: A PESSOA EM VIA PÚBLICA,ES,CARIACICA,SANTO ANDRE,VIA PÚBLICA,roubos,patrimonial,2025.0,9.0,SET,2025-09-01,1.0,TER,False,18.0,NOITE
2025-09-09,18:40:00,CRIMES CONTRA PATRIMÔNIO,CRIMES CONTRA PATRIMÔNIO: ROUBO: A PESSOA EM VIA PÚBLICA,ES,CARIACICA,MORADA DE SANTA FE,VIA PÚBLICA,roubos,patrimonial,2025.0,9.0,SET,2025-09-01,1.0,TER,False,18.0,NOITE
2025-09-09,12:50:00,CRIMES CONTRA PATRIMÔNIO,CRIMES CONTRA PATRIMÔNIO: ROUBO: A PESSOA EM VIA PÚBLICA,ES,VILA VELHA,PRAIA DAS GAIVOTAS,ESCOLA,roubos,patrimonial,2025.0,9.0,SET,2025-09-01,1.0,TER,False,12.0,TARDE
2025-09-09,20:30:00,CRIMES CONTRA PATRIMÔNIO,CRIMES CONTRA PATRIMÔNIO: ROUBO: A PESSOA EM VIA PÚBLICA,ES,VILA VELHA,SANTA MONICA POPULAR,VIA PÚBLICA,roubos,patrimonial,2025.0,9.0,SET,2025-09-01,1.0,TER,False,20.0,NOITE
2025-09-09,14:00:00,CRIMES CONTRA PATRIMÔNIO,CRIMES CONTRA PATRIMÔNIO: ROUBO: A PESSOA EM VIA PÚBLICA,ES,SERRA,BARRO BRANCO,VIA PÚBLICA,roubos,patrimonial,2025.0,9.0,SET,2025-09-01,1.0,TER,False,14.0,TARDE
2025-09-09,22:00:00,CRIMES CONTRA PATRIMÔNIO,CRIMES CONTRA PATRIMÔNIO: ROUBO: A PESSOA EM VIA PÚBLICA,ES,VILA VELHA,PRAIA DE ITAPARICA,VIA PÚBLICA,roubos,patrimonial,2025.0,9.0,SET,2025-09-01,1.0,TER,False,22.0,NOITE
2025-09-09,19:00:00,CRIMES CONTRA PATRIMÔNIO,CRIMES CONTRA PATRIMÔNIO: ROUBO: A PESSOA EM VIA PÚBLICA,ES,CARIACICA,SANTA BARBARA,VIA PÚBLICA,roubos,patrimonial,2025.0,9.0,SET,2025-09-01,1.0,TER,False,19.0,NOITE
2025-09-09,19:30:00,CRIMES CONTRA PATRIMÔNIO,CRIMES CONTRA PATRIMÔNIO: ROUBO: A PESSOA EM VIA PÚBLICA,ES,VILA VELHA,COBILANDIA,VIA PÚBLICA,roubos,patrimonial,2025.0,9.0,SET,2025-09-01,1.0,TER,False,19.0,NOITE
2025-09-09,14:00:00,CRIMES CONTRA PATRIMÔNIO,CRIMES CONTRA PATRIMÔNIO: ROUBO: A PESSOA EM VIA PÚBLICA,ES,SERRA,SERRA CENTRO,VIA PÚBLICA,roubos,patrimonial,2025.0,9.0,SET,2025-09-01,1.0,TER,False,14.0,TARDE
2025-09-09,19:16:00,CRIMES CONTRA PATRIMÔNIO,CRIMES CONTRA PATRIMÔNIO: ROUBO: A PESSOA EM VIA PÚBLICA,ES,SERRA,CARAPINA GRANDE,VIA PÚBLICA,roubos,patrimonial,2025.0,9.0,SET,2025-09-01,1.0,TER,False,19.0,NOITE
2025-09-09,22:00:00,CRIMES CONTRA PATRIMÔNIO,CRIMES CONTRA PATRIMÔNIO: ROUBO: A PESSOA EM VIA PÚBLICA,ES,SERRA,ANDRE CARLONI,VIA PÚBLICA,roubos,patrimonial,2025.0,9.0,SET,2025-09-01,1.0,TER,False,22.0,NOITE
2025-09-09,19:40:00,CRIMES CONTRA PATRIMÔNIO,CRIMES CONTRA PATRIMÔNIO: ROUBO: A PESSOA EM VIA PÚBLICA,ES,VILA VELHA,RIO MARINHO,VIA PÚBLICA,roubos,patrimonial,2025.0,9.0,SET,2025-09-01,1.0,TER,False,19.0,NOITE
2025-09-09,16:30:00,CRIMES CONTRA PATRIMÔNIO,CRIMES CONTRA PATRIMÔNIO: ROUBO: A PESSOA EM VIA PÚBLICA,ES,VILA VELHA,SANTA MONICA,COMÉRCIO,roubos,patrimonial,2025.0,9.0,SET,2025-09-01,1.0,TER,False,16.0,TARDE
2025-09-09,18:20:00,CRIMES CONTRA PATRIMÔNIO,CRIMES CONTRA PATRIMÔNIO: ROUBO: EM TRANSPORTE COLETIVO,ES,SERRA,MANOEL PLAZA,TRANSP COLETIVO,roubos,patrimonial,2025.0,9.0,SET,2025-09-01,1.0,TER,False,18.0,NOITE
2025-09-10,01:00:00,CRIMES CONTRA PATRIMÔNIO,CRIMES CONTRA PATRIMÔNIO: ROUBO: A PESSOA EM VIA PÚBLICA,ES,VILA VELHA,COQUEIRAL DE ITAPARICA,VIA PÚBLICA,roubos,patrimonial,2025.0,9.0,SET,2025-09-01,2.0,QUA,False,1.0,MADRUGADA
2025-09-10,08:18:00,CRIMES CONTRA PATRIMÔNIO,CRIMES CONTRA PATRIMÔNIO: ROUBO: A PESSOA EM VIA PÚBLICA,ES,SERRA,PARQUE JACARAIPE,RODOVIA ESTADUAL,roubos,patrimonial,2025.0,9.0,SET,2025-09-01,2.0,QUA,False,8.0,MANHA
2025-09-10,13:20:00,CRIMES CONTRA PATRIMÔNIO,CRIMES CONTRA PATRIMÔNIO: ROUBO: A PESSOA EM VIA PÚBLICA,ES,SERRA,PARQUE RESIDENCIAL LARANJEIRAS,VIA PÚBLICA,roubos,patrimonial,2025.0,9.0,SET,2025-09-01,2.0,QUA,False,13.0,TARDE
2025-09-10,05:20:00,CRIMES CONTRA PATRIMÔNIO,CRIMES CONTRA PATRIMÔNIO: ROUBO: A PESSOA EM VIA PÚBLICA,ES,CARIACICA,OUTRO LOCAL,VIA PÚBLICA,roubos,patrimonial,2025.0,9.0,SET,2025-09-01,2.0,QUA,False,5.0,MADRUGADA
2025-09-10,10:30:00,CRIMES CONTRA PATRIMÔNIO,CRIMES CONTRA PATRIMÔNIO: ROUBO: A PESSOA EM VIA PÚBLICA,ES,CARIACICA,MUCURI,VIA PÚBLICA,roubos,patrimonial,2025.0,9.0,SET,2025-09-01,2.0,QUA,False,10.0,MANHA
2025-09-10,23:45:00,CRIMES CONTRA PATRIMÔNIO,CRIMES CONTRA PATRIMÔNIO: ROUBO: A PESSOA EM VIA PÚBLICA,ES,LINHARES,PLANALTO,VIA PÚBLICA,roubos,patrimonial,2025.0,9.0,SET,2025-09-01,2.0,QUA,False,23.0,NOITE
2025-09-10,12:40:00,CRIMES CONTRA PATRIMÔNIO,CRIMES CONTRA PATRIMÔNIO: ROUBO: A PESSOA EM VIA PÚBLICA,ES,VILA VELHA,JOCKEY DE ITAPARICA,VIA PÚBLICA,roubos,patrimonial,2025.0,9.0,SET,2025-09-01,2.0,QUA,False,12.0,TARDE
2025-09-10,23:30:00,CRIMES CONTRA PATRIMÔNIO,CRIMES CONTRA PATRIMÔNIO: ROUBO: A PESSOA EM VIA PÚBLICA,ES,SERRA,JARDIM LIMOEIRO,VIA PÚBLICA,roubos,patrimonial,2025.0,9.0,SET,2025-09-01,2.0,QUA,False,23.0,NOITE
2025-09-10,21:00:00,CRIMES CONTRA PATRIMÔNIO,CRIMES CONTRA PATRIMÔNIO: ROUBO: A PESSOA EM VIA PÚBLICA,ES,SAO GABRIEL DA PALHA,CENTRO,VIA PÚBLICA,roubos,patrimonial,2025.0,9.0,SET,2025-09-01,2.0,QUA,False,21.0,NOITE
2025-09-10,19:20:00,CRIMES CONTRA PATRIMÔNIO,CRIMES CONTRA PATRIMÔNIO: ROUBO: A PESSOA EM VIA PÚBLICA,ES,SERRA,BARRO BRANCO,VIA PÚBLICA,roubos,patrimonial,2025.0,9.0,SET,2025-09-01,2.0,QUA,False,19.0,NOITE
2025-09-10,05:15:00,CRIMES CONTRA PATRIMÔNIO,CRIMES CONTRA PATRIMÔNIO: ROUBO: A PESSOA EM VIA PÚBLICA,ES,SERRA,BELVEDERE,VIA PÚBLICA,roubos,patrimonial,2025.0,9.0,SET,2025-09-01,2.0,QUA,False,5.0,MADRUGADA
2025-09-10,20:00:00,CRIMES CONTRA PATRIMÔNIO,CRIMES CONTRA PATRIMÔNIO: ROUBO: A PESSOA EM VIA PÚBLICA,ES,VILA VELHA,COBILANDIA,VIA PÚBLICA,roubos,patrimonial,2025.0,9.0,SET,2025-09-01,2.0,QUA,False,20.0,NOITE
2025-09-10,18:00:00,CRIMES CONTRA PATRIMÔNIO,CRIMES CONTRA PATRIMÔNIO: ROUBO: A PESSOA EM VIA PÚBLICA,ES,VITORIA,PRAIA DO CANTO,VIA PÚBLICA,roubos,patrimonial,2025.0,9.0,SET,2025-09-01,2.0,QUA,False,18.0,NOITE
2025-09-10,12:00:00,CRIMES CONTRA PATRIMÔNIO,CRIMES CONTRA PATRIMÔNIO: ROUBO: A PESSOA EM VIA PÚBLICA,ES,VITORIA,CENTRO,VIA PÚBLICA,roubos,patrimonial,2025.0,9.0,SET,2025-09-01,2.0,QUA,False,12.0,TARDE
2025-09-10,14:03:00,CRIMES CONTRA PATRIMÔNIO,CRIMES CONTRA PATRIMÔNIO: ROUBO: A PESSOA EM VIA PÚBLICA,ES,SERRA,JOSE DE ANCHIETA,VIA PÚBLICA,roubos,patrimonial,2025.0,9.0,SET,2025-09-01,2.0,QUA,False,14.0,TARDE
2025-09-10,05:50:00,CRIMES CONTRA PATRIMÔNIO,CRIMES CONTRA PATRIMÔNIO: ROUBO: A PESSOA EM VIA PÚBLICA,ES,SERRA,SAO FRANCISCO,VIA PÚBLICA,roubos,patrimonial,2025.0,9.0,SET,2025-09-01,2.0,QUA,False,5.0,MADRUGADA
2025-09-10,08:50:00,CRIMES CONTRA PATRIMÔNIO,CRIMES CONTRA PATRIMÔNIO: ROUBO: A PESSOA EM VIA PÚBLICA,ES,CARIACICA,CRUZEIRO DO SUL,VIA PÚBLICA,roubos,patrimonial,2025.0,9.0,SET,2025-09-01,2.0,QUA,False,8.0,MANHA
2025-09-10,19:00:00,CRIMES CONTRA PATRIMÔNIO,CRIMES CONTRA PATRIMÔNIO: ROUBO: A PESSOA EM VIA PÚBLICA,ES,CARIACICA,ITAPEMIRIM,VIA PÚBLICA,roubos,patrimonial,2025.0,9.0,SET,2025-09-01,2.0,QUA,False,19.0,NOITE
2025-09-10,21:40:00,CRIMES CONTRA PATRIMÔNIO,CRIMES CONTRA PATRIMÔNIO: ROUBO: A PESSOA EM VIA PÚBLICA,ES,VILA VELHA,RIO MARINHO,VIA PÚBLICA,roubos,patrimonial,2025.0,9.0,SET,2025-09-01,2.0,QUA,False,21.0,NOITE
2025-09-10,23:00:00,CRIMES CONTRA PATRIMÔNIO,CRIMES CONTRA PATRIMÔNIO: ROUBO: A PESSOA EM VIA PÚBLICA,ES,VILA VELHA,COBILANDIA,VIA PÚBLICA,roubos,patrimonial,2025.0,9.0,SET,2025-09-01,2.0,QUA,False,23.0,NOITE
2025-09-10,08:55:00,CRIMES CONTRA PATRIMÔNIO,CRIMES CONTRA PATRIMÔNIO: ROUBO: A PESSOA EM VIA PÚBLICA,ES,CARIACICA,CRUZEIRO DO SUL,VEÍCULO,roubos,patrimonial,2025.0,9.0,SET,2025-09-01,2.0,QUA,False,8.0,MANHA
2025-09-10,18:00:00,CRIMES CONTRA PATRIMÔNIO,CRIMES CONTRA PATRIMÔNIO: ROUBO: A PESSOA EM VIA PÚBLICA,ES,CARIACICA,SANTA BARBARA,VIA PÚBLICA,roubos,patrimonial,2025.0,9.0,SET,2025-09-01,2.0,QUA,False,18.0,NOITE
2025-09-10,17:00:00,CRIMES CONTRA PATRIMÔNIO,CRIMES CONTRA PATRIMÔNIO: ROUBO: A PESSOA EM VIA PÚBLICA,ES,VITORIA,VILA RUBIM,VIA PÚBLICA,roubos,patrimonial,2025.0,9.0,SET,2025-09-01,2.0,QUA,False,17.0,TARDE
2025-09-10,18:50:00,CRIMES CONTRA PATRIMÔNIO,CRIMES CONTRA PATRIMÔNIO: ROUBO: A PESSOA EM VIA PÚBLICA,ES,SERRA,CARAPINA,RODOVIA FEDERAL,roubos,patrimonial,2025.0,9.0,SET,2025-09-01,2.0,QUA,False,18.0,NOITE
2025-09-10,18:40:00,CRIMES CONTRA PATRIMÔNIO,CRIMES CONTRA PATRIMÔNIO: ROUBO: A PESSOA EM VIA PÚBLICA,ES,CARIACICA,CAMPINA GRANDE,VIA PÚBLICA,roubos,patrimonial,2025.0,9.0,SET,2025-09-01,2.0,QUA,False,18.0,NOITE
2025-09-10,13:20:00,CRIMES CONTRA PATRIMÔNIO,CRIMES CONTRA PATRIMÔNIO: ROUBO: A PESSOA EM VIA PÚBLICA,ES,VITORIA,MATA DA PRAIA,VIA PÚBLICA,roubos,patrimonial,2025.0,9.0,SET,2025-09-01,2.0,QUA,False,13.0,TARDE
2025-09-10,22:00:00,CRIMES CONTRA PATRIMÔNIO,CRIMES CONTRA PATRIMÔNIO: ROUBO: A PESSOA EM VIA PÚBLICA,ES,LINHARES,CENTRO,OUTRO LOCAL,roubos,patrimonial,2025.0,9.0,SET,2025-09-01,2.0,QUA,False,22.0,NOITE
2025-09-10,11:30:00,CRIMES CONTRA PATRIMÔNIO,CRIMES CONTRA PATRIMÔNIO: ROUBO: EM TRANSPORTE COLETIVO,ES,VILA VELHA,PRAIA DA COSTA,TRANSP COLETIVO,roubos,patrimonial,2025.0,9.0,SET,2025-09-01,2.0,QUA,False,11.0,MANHA
2025-09-10,05:15:00,CRIMES CONTRA PATRIMÔNIO,CRIMES CONTRA PATRIMÔNIO: ROUBO: EM TRANSPORTE COLETIVO,ES,VITORIA,SAO PEDRO,VEÍCULO,roubos,patrimonial,2025.0,9.0,SET,2025-09-01,2.0,QUA,False,5.0,MADRUGADA
2025-09-10,15:00:00,CRIMES CONTRA PATRIMÔNIO,CRIMES CONTRA PATRIMÔNIO: ROUBO: EM ESTABELECIMENTO COMERCIAL,ES,VILA VELHA,RIO MARINHO,COMÉRCIO,roubos,patrimonial,2025.0,9.0,SET,2025-09-01,2.0,QUA,False,15.0,TARDE
2025-09-10,02:00:00,CRIMES CONTRA PATRIMÔNIO,CRIMES CONTRA PATRIMÔNIO: ROUBO: EM RESIDÊNCIA/CONDOMÍNIO,ES,GUARAPARI,PRAIA DO MORRO,RESIDÊNCIA,roubos,patrimonial,2025.0,9.0,SET,2025-09-01,2.0,QUA,False,2.0,MADRUGADA
2025-09-11,12:40:00,CRIMES CONTRA PATRIMÔNIO,CRIMES CONTRA PATRIMÔNIO: ROUBO: A PESSOA EM VIA PÚBLICA,ES,VITORIA,PRAIA DO CANTO,VIA PÚBLICA,roubos,patrimonial,2025.0,9.0,SET,2025-09-01,3.0,QUI,False,12.0,TARDE
2025-09-11,13:00:00,CRIMES CONTRA PATRIMÔNIO,CRIMES CONTRA PATRIMÔNIO: ROUBO: A PESSOA EM VIA PÚBLICA,ES,LINHARES,ARACA,VIA PÚBLICA,roubos,patrimonial,2025.0,9.0,SET,2025-09-01,3.0,QUI,False,13.0,TARDE
2025-09-11,13:20:00,CRIMES CONTRA PATRIMÔNIO,CRIMES CONTRA PATRIMÔNIO: ROUBO: A PESSOA EM VIA PÚBLICA,ES,SERRA,VALPARAISO,VIA PÚBLICA,roubos,patrimonial,2025.0,9.0,SET,2025-09-01,3.0,QUI,False,13.0,TARDE
2025-09-11,13:45:00,CRIMES CONTRA PATRIMÔNIO,CRIMES CONTRA PATRIMÔNIO: ROUBO: A PESSOA EM VIA PÚBLICA,ES,CARIACICA,JARDIM AMERICA,VIA PÚBLICA,roubos,patrimonial,2025.0,9.0,SET,2025-09-01,3.0,QUI,False,13.0,TARDE
2025-09-11,13:58:00,CRIMES CONTRA PATRIMÔNIO,CRIMES CONTRA PATRIMÔNIO: ROUBO: A PESSOA EM VIA PÚBLICA,ES,CARIACICA,SAO FRANCISCO,VIA PÚBLICA,roubos,patrimonial,2025.0,9.0,SET,2025-09-01,3.0,QUI,False,13.0,TARDE
2025-09-11,16:30:00,CRIMES CONTRA PATRIMÔNIO,CRIMES CONTRA PATRIMÔNIO: ROUBO: A PESSOA EM VIA PÚBLICA,ES,SERRA,SOLAR DE ANCHIETA,VIA PÚBLICA,roubos,patrimonial,2025.0,9.0,SET,2025-09-01,3.0,QUI,False,16.0,TARDE
2025-09-11,19:00:00,CRIMES CONTRA PATRIMÔNIO,CRIMES CONTRA PATRIMÔNIO: ROUBO: A PESSOA EM VIA PÚBLICA,ES,CARIACICA,JARDIM AMERICA,VIA PÚBLICA,roubos,patrimonial,2025.0,9.0,SET,2025-09-01,3.0,QUI,False,19.0,NOITE
2025-09-11,Indeterminada,CRIMES CONTRA PATRIMÔNIO,CRIMES CONTRA PATRIMÔNIO: ROUBO: A PESSOA EM VIA PÚBLICA,ES,VITORIA,JUCUTUQUARA,VIA PÚBLICA,roubos,patrimonial,2025.0,9.0,SET,2025-09-01,3.0,QUI,False,,
2025-09-11,21:30:00,CRIMES CONTRA PATRIMÔNIO,CRIMES CONTRA PATRIMÔNIO: ROUBO: A PESSOA EM VIA PÚBLICA,ES,SERRA,COLINA DE LARANJEIRAS,VIA PÚBLICA,roubos,patrimonial,2025.0,9.0,SET,2025-09-01,3.0,QUI,False,21.0,NOITE
2025-09-11,13:00:00,CRIMES CONTRA PATRIMÔNIO,CRIMES CONTRA PATRIMÔNIO: ROUBO: A PESSOA EM VIA PÚBLICA,ES,SERRA,VALPARAISO,OUTRO LOCAL,roubos,patrimonial,2025.0,9.0,SET,2025-09-01,3.0,QUI,False,13.0,TARDE
2025-09-11,Indeterminada,CRIMES CONTRA PATRIMÔNIO,CRIMES CONTRA PATRIMÔNIO: ROUBO: A PESSOA EM VIA PÚBLICA,ES,VILA VELHA,BARRA DO JUCU,VIA PÚBLICA,roubos,patrimonial,2025.0,9.0,SET,2025-09-01,3.0,QUI,False,,
2025-09-11,19:14:00,CRIMES CONTRA PATRIMÔNIO,CRIMES CONTRA PATRIMÔNIO: ROUBO: A PESSOA EM VIA PÚBLICA,ES,VIANA,NOVA BETHANIA,VIA PÚBLICA,roubos,patrimonial,2025.0,9.0,SET,2025-09-01,3.0,QUI,False,19.0,NOITE
2025-09-11,20:00:00,CRIMES CONTRA PATRIMÔNIO,CRIMES CONTRA PATRIMÔNIO: ROUBO: A PESSOA EM VIA PÚBLICA,ES,LINHARES,SANTA CRUZ,VIA PÚBLICA,roubos,patrimonial,2025.0,9.0,SET,2025-09-01,3.0,QUI,False,20.0,NOITE
2025-09-11,10:30:00,CRIMES CONTRA PATRIMÔNIO,CRIMES CONTRA PATRIMÔNIO: ROUBO: A PESSOA EM VIA PÚBLICA,ES,VITORIA,PARQUE MOSCOSO,VIA PÚBLICA,roubos,patrimonial,2025.0,9.0,SET,2025-09-01,3.0,QUI,False,10.0,MANHA
2025-09-11,09:00:00,CRIMES CONTRA PATRIMÔNIO,CRIMES CONTRA PATRIMÔNIO: ROUBO: A PESSOA EM VIA PÚBLICA,ES,VILA VELHA,ALECRIM,VIA PÚBLICA,roubos,patrimonial,2025.0,9.0,SET,2025-09-01,3.0,QUI,False,9.0,MANHA
2025-09-11,06:00:00,CRIMES CONTRA PATRIMÔNIO,CRIMES CONTRA PATRIMÔNIO: ROUBO: A PESSOA EM VIA PÚBLICA,ES,SERRA,JOSE DE ANCHIETA,OUTRO LOCAL,roubos,patrimonial,2025.0,9.0,SET,2025-09-01,3.0,QUI,False,6.0,MANHA
2025-09-11,19:00:00,CRIMES CONTRA PATRIMÔNIO,CRIMES CONTRA PATRIMÔNIO: ROUBO: A PESSOA EM VIA PÚBLICA,ES,VILA VELHA,SOTECO,OUTRO LOCAL,roubos,patrimonial,2025.0,9.0,SET,2025-09-01,3.0,QUI,False,19.0,NOITE
2025-09-11,20:30:00,CRIMES CONTRA PATRIMÔNIO,CRIMES CONTRA PATRIMÔNIO: ROUBO: A PESSOA EM VIA PÚBLICA,ES,VITORIA,ILHA DO PRINCIPE,VIA PÚBLICA,roubos,patrimonial,2025.0,9.0,SET,2025-09-01,3.0,QUI,False,20.0,NOITE
2025-09-11,22:40:00,CRIMES CONTRA PATRIMÔNIO,CRIMES CONTRA PATRIMÔNIO: ROUBO: A PESSOA EM VIA PÚBLICA,ES,SERRA,CARAPINA,VIA PÚBLICA,roubos,patrimonial,2025.0,9.0,SET,2025-09-01,3.0,QUI,False,22.0,NOITE
2025-09-11,22:45:00,CRIMES CONTRA PATRIMÔNIO,CRIMES CONTRA PATRIMÔNIO: ROUBO: A PESSOA EM VIA PÚBLICA,ES,CACHOEIRO DE ITAPEMIRIM,CENTRO,OUTRO LOCAL,roubos,patrimonial,2025.0,9.0,SET,2025-09-01,3.0,QUI,False,22.0,NOITE
2025-09-11,14:00:00,CRIMES CONTRA PATRIMÔNIO,CRIMES CONTRA PATRIMÔNIO: ROUBO: A PESSOA EM VIA PÚBLICA,ES,SERRA,PARQUE RESIDENCIAL LARANJEIRAS,VIA PÚBLICA,roubos,patrimonial,2025.0,9.0,SET,2025-09-01,3.0,QUI,False,14.0,TARDE
2025-09-12,05:15:00,CRIMES CONTRA PATRIMÔNIO,CRIMES CONTRA PATRIMÔNIO: ROUBO: A PESSOA EM VIA PÚBLICA,ES,CARIACICA,TABAJARA,VIA PÚBLICA,roubos,patrimonial,2025.0,9.0,SET,2025-09-01,4.0,SEX,False,5.0,MADRUGADA
2025-09-12,09:00:00,CRIMES CONTRA PATRIMÔNIO,CRIMES CONTRA PATRIMÔNIO: ROUBO: A PESSOA EM VIA PÚBLICA,ES,CARIACICA,OPERARIO,REPARTICAO PUBLICA,roubos,patrimonial,2025.0,9.0,SET,2025-09-01,4.0,SEX,False,9.0,MANHA
2025-09-12,05:20:00,CRIMES CONTRA PATRIMÔNIO,CRIMES CONTRA PATRIMÔNIO: ROUBO: A PESSOA EM VIA PÚBLICA,ES,CARIACICA,VILA PRUDENCIO,VIA PÚBLICA,roubos,patrimonial,2025.0,9.0,SET,2025-09-01,4.0,SEX,False,5.0,MADRUGADA
2025-09-12,14:00:00,CRIMES CONTRA PATRIMÔNIO,CRIMES CONTRA PATRIMÔNIO: ROUBO: A PESSOA EM VIA PÚBLICA,ES,VITORIA,CENTRO,VIA PÚBLICA,roubos,patrimonial,2025.0,9.0,SET,2025-09-01,4.0,SEX,False,14.0,TARDE
2025-09-12,19:50:00,CRIMES CONTRA PATRIMÔNIO,CRIMES CONTRA PATRIMÔNIO: ROUBO: A PESSOA EM VIA PÚBLICA,ES,CARIACICA,SAO FRANCISCO,VIA PÚBLICA,roubos,patrimonial,2025.0,9.0,SET,2025-09-01,4.0,SEX,False,19.0,NOITE
2025-09-12,19:30:00,CRIMES CONTRA PATRIMÔNIO,CRIMES CONTRA PATRIMÔNIO: ROUBO: A PESSOA EM VIA PÚBLICA,ES,LINHARES,SANTA CRUZ,VIA PÚBLICA,roubos,patrimonial,2025.0,9.0,SET,2025-09-01,4.0,SEX,False,19.0,NOITE
2025-09-12,21:30:00,CRIMES CONTRA PATRIMÔNIO,CRIMES CONTRA PATRIMÔNIO: ROUBO: A PESSOA EM VIA PÚBLICA,ES,SERRA,SAO DIOGO I,VIA PÚBLICA,roubos,patrimonial,2025.0,9.0,SET,2025-09-01,4.0,SEX,False,21.0,NOITE
2025-09-12,19:00:00,CRIMES CONTRA PATRIMÔNIO,CRIMES CONTRA PATRIMÔNIO: ROUBO: A PESSOA EM VIA PÚBLICA,ES,COLATINA,CENTRO,VIA PÚBLICA,roubos,patrimonial,2025.0,9.0,SET,2025-09-01,4.0,SEX,False,19.0,NOITE
2025-09-12,21:15:00,CRIMES CONTRA PATRIMÔNIO,CRIMES CONTRA PATRIMÔNIO: ROUBO: A PESSOA EM VIA PÚBLICA,ES,SERRA,BAIRRO DE FATIMA,OUTRO LOCAL,roubos,patrimonial,2025.0,9.0,SET,2025-09-01,4.0,SEX,False,21.0,NOITE
2025-09-12,Indeterminada,CRIMES CONTRA PATRIMÔNIO,CRIMES CONTRA PATRIMÔNIO: ROUBO: A PESSOA EM VIA PÚBLICA,ES,SERRA,OUTRO LOCAL,COMÉRCIO,roubos,patrimonial,2025.0,9.0,SET,2025-09-01,4.0,SEX,False,,
2025-09-12,05:40:00,CRIMES CONTRA PATRIMÔNIO,CRIMES CONTRA PATRIMÔNIO: ROUBO: A PESSOA EM VIA PÚBLICA,ES,VITORIA,JARDIM DA PENHA,VIA PÚBLICA,roubos,patrimonial,2025.0,9.0,SET,2025-09-01,4.0,SEX,False,5.0,MADRUGADA
2025-09-12,23:00:00,CRIMES CONTRA PATRIMÔNIO,CRIMES CONTRA PATRIMÔNIO: ROUBO: A PESSOA EM VIA PÚBLICA,ES,SERRA,NOVO HORIZONTE,VIA PÚBLICA,roubos,patrimonial,2025.0,9.0,SET,2025-09-01,4.0,SEX,False,23.0,NOITE
2025-09-12,23:00:00,CRIMES CONTRA PATRIMÔNIO,CRIMES CONTRA PATRIMÔNIO: ROUBO: A PESSOA EM VIA PÚBLICA,ES,SERRA,ESTANCIA MONAZITICA,COMÉRCIO,roubos,patrimonial,2025.0,9.0,SET,2025-09-01,4.0,SEX,False,23.0,NOITE
2025-09-12,05:20:00,CRIMES CONTRA PATRIMÔNIO,CRIMES CONTRA PATRIMÔNIO: ROUBO: A PESSOA EM VIA PÚBLICA,ES,CARIACICA,VILA PRUDENCIO,VIA PÚBLICA,roubos,patrimonial,2025.0,9.0,SET,2025-09-01,4.0,SEX,False,5.0,MADRUGADA
2025-09-12,05:30:00,CRIMES CONTRA PATRIMÔNIO,CRIMES CONTRA PATRIMÔNIO: ROUBO: A PESSOA EM VIA PÚBLICA,ES,CARIACICA,PRESIDENTE MEDICE,OUTRO LOCAL,roubos,patrimonial,2025.0,9.0,SET,2025-09-01,4.0,SEX,False,5.0,MADRUGADA
2025-09-12,19:50:00,CRIMES CONTRA PATRIMÔNIO,CRIMES CONTRA PATRIMÔNIO: ROUBO: EM RESIDÊNCIA/CONDOMÍNIO,ES,SERRA,PORTO CANOA,RESIDÊNCIA,roubos,patrimonial,2025.0,9.0,SET,2025-09-01,4.0,SEX,False,19.0,NOITE
2025-09-12,00:30:00,CRIMES CONTRA PATRIMÔNIO,CRIMES CONTRA PATRIMÔNIO: ROUBO: EM RESIDÊNCIA/CONDOMÍNIO,ES,CARIACICA,DOM BOSCO,RESIDÊNCIA,roubos,patrimonial,2025.0,9.0,SET,2025-09-01,4.0,SEX,False,0.0,MADRUGADA
2025-10-01,04:40:00,CRIMES CONTRA PATRIMÔNIO,CRIMES CONTRA PATRIMÔNIO: ROUBO: A PESSOA EM VIA PÚBLICA,ES,SERRA,SAO JUDAS TADEU,REPARTICAO PUBLICA,roubos,patrimonial,2025.0,10.0,OUT,2025-10-01,2.0,QUA,False,4.0,MADRUGADA
2025-10-01,15:22:00,CRIMES CONTRA PATRIMÔNIO,CRIMES CONTRA PATRIMÔNIO: ROUBO: A PESSOA EM VIA PÚBLICA,ES,VITORIA,PRAIA DO CANTO,VIA PÚBLICA,roubos,patrimonial,2025.0,10.0,OUT,2025-10-01,2.0,QUA,False,15.0,TARDE
2025-10-01,00:00:00,CRIMES CONTRA PATRIMÔNIO,CRIMES CONTRA PATRIMÔNIO: ROUBO: A PESSOA EM VIA PÚBLICA,ES,VITORIA,CENTRO,VIA PÚBLICA,roubos,patrimonial,2025.0,10.0,OUT,2025-10-01,2.0,QUA,False,0.0,MADRUGADA
2025-10-01,23:51:00,CRIMES CONTRA PATRIMÔNIO,CRIMES CONTRA PATRIMÔNIO: ROUBO: A PESSOA EM VIA PÚBLICA,ES,SAO DOMINGOS DO NORTE,ZONA RURAL,VIA PÚBLICA,roubos,patrimonial,2025.0,10.0,OUT,2025-10-01,2.0,QUA,False,23.0,NOITE
2025-10-01,14:00:00,CRIMES CONTRA PATRIMÔNIO,CRIMES CONTRA PATRIMÔNIO: ROUBO: A PESSOA EM VIA PÚBLICA,ES,GUARAPARI,NOVA GUARAPARI,OUTRO LOCAL,roubos,patrimonial,2025.0,10.0,OUT,2025-10-01,2.0,QUA,False,14.0,TARDE
2025-10-01,13:30:00,CRIMES CONTRA PATRIMÔNIO,CRIMES CONTRA PATRIMÔNIO: ROUBO: A PESSOA EM VIA PÚBLICA,ES,GUARAPARI,OUTRO LOCAL,OUTRO LOCAL,roubos,patrimonial,2025.0,10.0,OUT,2025-10-01,2.0,QUA,False,13.0,TARDE
2025-10-01,18:40:00,CRIMES CONTRA PATRIMÔNIO,CRIMES CONTRA PATRIMÔNIO: ROUBO: A PESSOA EM VIA PÚBLICA,ES,VITORIA,JARDIM DA PENHA,VIA PÚBLICA,roubos,patrimonial,2025.0,10.0,OUT,2025-10-01,2.0,QUA,False,18.0,NOITE
2025-10-01,21:30:00,CRIMES CONTRA PATRIMÔNIO,CRIMES CONTRA PATRIMÔNIO: ROUBO: A PESSOA EM VIA PÚBLICA,ES,VITORIA,ILHA DO PRINCIPE,VIA PÚBLICA,roubos,patrimonial,2025.0,10.0,OUT,2025-10-01,2.0,QUA,False,21.0,NOITE
2025-10-01,07:30:00,CRIMES CONTRA PATRIMÔNIO,CRIMES CONTRA PATRIMÔNIO: ROUBO: A PESSOA EM VIA PÚBLICA,ES,VITORIA,ANDORINHAS,VIA PÚBLICA,roubos,patrimonial,2025.0,10.0,OUT,2025-10-01,2.0,QUA,False,7.0,MANHA
2025-10-01,13:00:00,CRIMES CONTRA PATRIMÔNIO,CRIMES CONTRA PATRIMÔNIO: ROUBO: A PESSOA EM VIA PÚBLICA,ES,VILA VELHA,RIO MARINHO,VIA PÚBLICA,roubos,patrimonial,2025.0,10.0,OUT,2025-10-01,2.0,QUA,False,13.0,TARDE
2025-10-01,21:35:00,CRIMES CONTRA PATRIMÔNIO,CRIMES CONTRA PATRIMÔNIO: ROUBO: A PESSOA EM VIA PÚBLICA,ES,CACHOEIRO DE ITAPEMIRIM,BOA VISTA,VIA PÚBLICA,roubos,patrimonial,2025.0,10.0,OUT,2025-10-01,2.0,QUA,False,21.0,NOITE
2025-10-01,17:30:00,CRIMES CONTRA PATRIMÔNIO,CRIMES CONTRA PATRIMÔNIO: ROUBO: A PESSOA EM VIA PÚBLICA,ES,VILA VELHA,VILA GARRIDO,VIA PÚBLICA,roubos,patrimonial,2025.0,10.0,OUT,2025-10-01,2.0,QUA,False,17.0,TARDE
2025-10-01,22:35:00,CRIMES CONTRA PATRIMÔNIO,CRIMES CONTRA PATRIMÔNIO: ROUBO: A PESSOA EM VIA PÚBLICA,ES,VIANA,ARACATIBA,VIA PÚBLICA,roubos,patrimonial,2025.0,10.0,OUT,2025-10-01,2.0,QUA,False,22.0,NOITE
2025-10-01,21:00:00,CRIMES CONTRA PATRIMÔNIO,CRIMES CONTRA PATRIMÔNIO: ROUBO: A PESSOA EM VIA PÚBLICA,ES,LINHARES,CENTRO,OUTRO LOCAL,roubos,patrimonial,2025.0,10.0,OUT,2025-10-01,2.0,QUA,False,21.0,NOITE
2025-10-01,20:00:00,CRIMES CONTRA PATRIMÔNIO,CRIMES CONTRA PATRIMÔNIO: ROUBO: A PESSOA EM VIA PÚBLICA,ES,SAO MATEUS,CENTRO,VIA PÚBLICA,roubos,patrimonial,2025.0,10.0,OUT,2025-10-01,2.0,QUA,False,20.0,NOITE
2025-10-01,20:00:00,CRIMES CONTRA PATRIMÔNIO,CRIMES CONTRA PATRIMÔNIO: ROUBO: A PESSOA EM VIA PÚBLICA,ES,CARIACICA,MARACANA,VIA PÚBLICA,roubos,patrimonial,2025.0,10.0,OUT,2025-10-01,2.0,QUA,False,20.0,NOITE
2025-10-01,22:30:00,CRIMES CONTRA PATRIMÔNIO,CRIMES CONTRA PATRIMÔNIO: ROUBO: A PESSOA EM VIA PÚBLICA,ES,VILA VELHA,ARIBIRI,VIA PÚBLICA,roubos,patrimonial,2025.0,10.0,OUT,2025-10-01,2.0,QUA,False,22.0,NOITE
2025-10-01,20:40:00,CRIMES CONTRA PATRIMÔNIO,CRIMES CONTRA PATRIMÔNIO: ROUBO: A PESSOA EM VIA PÚBLICA,ES,VITORIA,JARDIM DA PENHA,VIA PÚBLICA,roubos,patrimonial,2025.0,10.0,OUT,2025-10-01,2.0,QUA,False,20.0,NOITE
2025-10-01,10:40:00,CRIMES CONTRA PATRIMÔNIO,CRIMES CONTRA PATRIMÔNIO: ROUBO: A PESSOA EM VIA PÚBLICA,ES,VILA VELHA,COQUEIRAL DE ITAPARICA,VIA PÚBLICA,roubos,patrimonial,2025.0,10.0,OUT,2025-10-01,2.0,QUA,False,10.0,MANHA
2025-10-01,22:45:00,CRIMES CONTRA PATRIMÔNIO,CRIMES CONTRA PATRIMÔNIO: ROUBO: A PESSOA EM VIA PÚBLICA,ES,VIANA,ARACATIBA,VIA PÚBLICA,roubos,patrimonial,2025.0,10.0,OUT,2025-10-01,2.0,QUA,False,22.0,NOITE
2025-10-01,14:00:00,CRIMES CONTRA PATRIMÔNIO,CRIMES CONTRA PATRIMÔNIO: ROUBO: A PESSOA EM VIA PÚBLICA,ES,CARIACICA,VISTA MAR,VIA PÚBLICA,roubos,patrimonial,2025.0,10.0,OUT,2025-10-01,2.0,QUA,False,14.0,TARDE
2025-10-01,21:15:00,CRIMES CONTRA PATRIMÔNIO,CRIMES CONTRA PATRIMÔNIO: ROUBO: A PESSOA EM VIA PÚBLICA,ES,CARIACICA,CAMPO GRANDE,VIA PÚBLICA,roubos,patrimonial,2025.0,10.0,OUT,2025-10-01,2.0,QUA,False,21.0,NOITE
2025-10-01,14:50:00,CRIMES CONTRA PATRIMÔNIO,CRIMES CONTRA PATRIMÔNIO: ROUBO: EM TRANSPORTE COLETIVO,ES,VITORIA,MATA DA PRAIA,TRANSP COLETIVO,roubos,patrimonial,2025.0,10.0,OUT,2025-10-01,2.0,QUA,False,14.0,TARDE
2025-10-02,05:30:00,CRIMES CONTRA PATRIMÔNIO,CRIMES CONTRA PATRIMÔNIO: ROUBO: A PESSOA EM VIA PÚBLICA,ES,SERRA,COLINA DE LARANJEIRAS,RODOVIA ESTADUAL,roubos,patrimonial,2025.0,10.0,OUT,2025-10-01,3.0,QUI,False,5.0,MADRUGADA
2025-10-02,04:40:00,CRIMES CONTRA PATRIMÔNIO,CRIMES CONTRA PATRIMÔNIO: ROUBO: A PESSOA EM VIA PÚBLICA,ES,VILA VELHA,ARIBIRI,OUTRO LOCAL,roubos,patrimonial,2025.0,10.0,OUT,2025-10-01,3.0,QUI,False,4.0,MADRUGADA
2025-10-02,20:34:00,CRIMES CONTRA PATRIMÔNIO,CRIMES CONTRA PATRIMÔNIO: ROUBO: A PESSOA EM VIA PÚBLICA,ES,CARIACICA,JARDIM AMERICA,VIA PÚBLICA,roubos,patrimonial,2025.0,10.0,OUT,2025-10-01,3.0,QUI,False,20.0,NOITE
2025-10-02,15:30:00,CRIMES CONTRA PATRIMÔNIO,CRIMES CONTRA PATRIMÔNIO: ROUBO: A PESSOA EM VIA PÚBLICA,ES,SERRA,COLINA DE LARANJEIRAS,VIA PÚBLICA,roubos,patrimonial,2025.0,10.0,OUT,2025-10-01,3.0,QUI,False,15.0,TARDE
2025-10-02,16:40:00,CRIMES CONTRA PATRIMÔNIO,CRIMES CONTRA PATRIMÔNIO: ROUBO: A PESSOA EM VIA PÚBLICA,ES,CARIACICA,CAMPO GRANDE,VIA PÚBLICA,roubos,patrimonial,2025.0,10.0,OUT,2025-10-01,3.0,QUI,False,16.0,TARDE
2025-10-02,23:00:00,CRIMES CONTRA PATRIMÔNIO,CRIMES CONTRA PATRIMÔNIO: ROUBO: A PESSOA EM VIA PÚBLICA,ES,SERRA,PARQUE RESIDENCIAL LARANJEIRAS,VIA PÚBLICA,roubos,patrimonial,2025.0,10.0,OUT,2025-10-01,3.0,QUI,False,23.0,NOITE
2025-10-02,21:30:00,CRIMES CONTRA PATRIMÔNIO,CRIMES CONTRA PATRIMÔNIO: ROUBO: A PESSOA EM VIA PÚBLICA,ES,VITORIA,ENSEADA DO SUA,VIA PÚBLICA,roubos,patrimonial,2025.0,10.0,OUT,2025-10-01,3.0,QUI,False,21.0,NOITE
2025-10-02,14:30:00,CRIMES CONTRA PATRIMÔNIO,CRIMES CONTRA PATRIMÔNIO: ROUBO: A PESSOA EM VIA PÚBLICA,ES,SERRA,NOVA CARAPINA I,VIA PÚBLICA,roubos,patrimonial,2025.0,10.0,OUT,2025-10-01,3.0,QUI,False,14.0,TARDE
2025-10-02,22:30:00,CRIMES CONTRA PATRIMÔNIO,CRIMES CONTRA PATRIMÔNIO: ROUBO: A PESSOA EM VIA PÚBLICA,ES,SERRA,CENTRAL CARAPINA,RODOVIA FEDERAL,roubos,patrimonial,2025.0,10.0,OUT,2025-10-01,3.0,QUI,False,22.0,NOITE
2025-10-02,23:22:00,CRIMES CONTRA PATRIMÔNIO,CRIMES CONTRA PATRIMÔNIO: ROUBO: A PESSOA EM VIA PÚBLICA,ES,SERRA,JOSE DE ANCHIETA,VIA PÚBLICA,roubos,patrimonial,2025.0,10.0,OUT,2025-10-01,3.0,QUI,False,23.0,NOITE
2025-10-02,19:30:00,CRIMES CONTRA PATRIMÔNIO,CRIMES CONTRA PATRIMÔNIO: ROUBO: A PESSOA EM VIA PÚBLICA,ES,CARIACICA,JARDIM AMERICA,OUTRO LOCAL,roubos,patrimonial,2025.0,10.0,OUT,2025-10-01,3.0,QUI,False,19.0,NOITE
2025-10-02,19:30:00,CRIMES CONTRA PATRIMÔNIO,CRIMES CONTRA PATRIMÔNIO: ROUBO: A PESSOA EM VIA PÚBLICA,ES,SERRA,CIVIT II,VIA PÚBLICA,roubos,patrimonial,2025.0,10.0,OUT,2025-10-01,3.0,QUI,False,19.0,NOITE
2025-10-03,Indeterminada,CRIMES CONTRA PATRIMÔNIO,CRIMES CONTRA PATRIMÔNIO: ROUBO: A PESSOA EM VIA PÚBLICA,ES,CARIACICA,PORTO DE CARIACICA,VIA PÚBLICA,roubos,patrimonial,2025.0,10.0,OUT,2025-10-01,4.0,SEX,False,,
2025-10-03,09:50:00,CRIMES CONTRA PATRIMÔNIO,CRIMES CONTRA PATRIMÔNIO: ROUBO: A PESSOA EM VIA PÚBLICA,ES,VILA VELHA,PONTAL DAS GARCAS,VIA PÚBLICA,roubos,patrimonial,2025.0,10.0,OUT,2025-10-01,4.0,SEX,False,9.0,MANHA
2025-10-03,05:30:00,CRIMES CONTRA PATRIMÔNIO,CRIMES CONTRA PATRIMÔNIO: ROUBO: A PESSOA EM VIA PÚBLICA,ES,CARIACICA,VALE DOS REIS,VIA PÚBLICA,roubos,patrimonial,2025.0,10.0,OUT,2025-10-01,4.0,SEX,False,5.0,MADRUGADA
2025-10-03,13:07:00,CRIMES CONTRA PATRIMÔNIO,CRIMES CONTRA PATRIMÔNIO: ROUBO: A PESSOA EM VIA PÚBLICA,ES,VITORIA,SAO PEDRO,VIA PÚBLICA,roubos,patrimonial,2025.0,10.0,OUT,2025-10-01,4.0,SEX,False,13.0,TARDE
2025-10-03,13:15:00,CRIMES CONTRA PATRIMÔNIO,CRIMES CONTRA PATRIMÔNIO: ROUBO: A PESSOA EM VIA PÚBLICA,ES,VITORIA,GOIABEIRAS,VIA PÚBLICA,roubos,patrimonial,2025.0,10.0,OUT,2025-10-01,4.0,SEX,False,13.0,TARDE
2025-10-03,10:30:00,CRIMES CONTRA PATRIMÔNIO,CRIMES CONTRA PATRIMÔNIO: ROUBO: A PESSOA EM VIA PÚBLICA,ES,VILA VELHA,CENTRO VILA VELHA,VIA PÚBLICA,roubos,patrimonial,2025.0,10.0,OUT,2025-10-01,4.0,SEX,False,10.0,MANHA
2025-10-03,18:00:00,CRIMES CONTRA PATRIMÔNIO,CRIMES CONTRA PATRIMÔNIO: ROUBO: A PESSOA EM VIA PÚBLICA,ES,GUARAPARI,PRAIA DO MORRO,VIA PÚBLICA,roubos,patrimonial,2025.0,10.0,OUT,2025-10-01,4.0,SEX,False,18.0,NOITE
2025-10-03,05:30:00,CRIMES CONTRA PATRIMÔNIO,CRIMES CONTRA PATRIMÔNIO: ROUBO: A PESSOA EM VIA PÚBLICA,ES,CARIACICA,CRUZEIRO DO SUL,VIA PÚBLICA,roubos,patrimonial,2025.0,10.0,OUT,2025-10-01,4.0,SEX,False,5.0,MADRUGADA
2025-10-03,19:17:00,CRIMES CONTRA PATRIMÔNIO,CRIMES CONTRA PATRIMÔNIO: ROUBO: A PESSOA EM VIA PÚBLICA,ES,CARIACICA,NOVO BRASIL,VIA PÚBLICA,roubos,patrimonial,2025.0,10.0,OUT,2025-10-01,4.0,SEX,False,19.0,NOITE
2025-10-03,14:50:00,CRIMES CONTRA PATRIMÔNIO,CRIMES CONTRA PATRIMÔNIO: ROUBO: A PESSOA EM VIA PÚBLICA,ES,LINHARES,INTERLAGOS,VIA PÚBLICA,roubos,patrimonial,2025.0,10.0,OUT,2025-10-01,4.0,SEX,False,14.0,TARDE
2025-10-03,07:40:00,CRIMES CONTRA PATRIMÔNIO,CRIMES CONTRA PATRIMÔNIO: ROUBO: A PESSOA EM VIA PÚBLICA,ES,VILA VELHA,ILHA DOS BENTOS,VIA PÚBLICA,roubos,patrimonial,2025.0,10.0,OUT,2025-10-01,4.0,SEX,False,7.0,MANHA
2025-10-03,16:00:00,CRIMES CONTRA PATRIMÔNIO,CRIMES CONTRA PATRIMÔNIO: ROUBO: A PESSOA EM VIA PÚBLICA,ES,CARIACICA,SAO FRANCISCO,VIA PÚBLICA,roubos,patrimonial,2025.0,10.0,OUT,2025-10-01,4.0,SEX,False,16.0,TARDE
2025-10-03,09:20:00,CRIMES CONTRA PATRIMÔNIO,CRIMES CONTRA PATRIMÔNIO: ROUBO: A PESSOA EM VIA PÚBLICA,ES,VILA VELHA,SANTA MONICA,VIA PÚBLICA,roubos,patrimonial,2025.0,10.0,OUT,2025-10-01,4.0,SEX,False,9.0,MANHA
2025-10-03,13:05:00,CRIMES CONTRA PATRIMÔNIO,CRIMES CONTRA PATRIMÔNIO: ROUBO: A PESSOA EM VIA PÚBLICA,ES,VILA VELHA,BOA VISTA I,VIA PÚBLICA,roubos,patrimonial,2025.0,10.0,OUT,2025-10-01,4.0,SEX,False,13.0,TARDE
2025-10-03,18:34:00,CRIMES CONTRA PATRIMÔNIO,CRIMES CONTRA PATRIMÔNIO: ROUBO: A PESSOA EM VIA PÚBLICA,ES,VIANA,INDUSTRIAL,ESCOLA,roubos,patrimonial,2025.0,10.0,OUT,2025-10-01,4.0,SEX,False,18.0,NOITE
2025-10-03,17:35:00,CRIMES CONTRA PATRIMÔNIO,CRIMES CONTRA PATRIMÔNIO: ROUBO: A PESSOA EM VIA PÚBLICA,ES,VILA VELHA,SANTA MONICA,VIA PÚBLICA,roubos,patrimonial,2025.0,10.0,OUT,2025-10-01,4.0,SEX,False,17.0,TARDE
2025-10-03,17:35:00,CRIMES CONTRA PATRIMÔNIO,CRIMES CONTRA PATRIMÔNIO: ROUBO: A PESSOA EM VIA PÚBLICA,ES,VILA VELHA,SANTA MONICA,VIA PÚBLICA,roubos,patrimonial,2025.0,10.0,OUT,2025-10-01,4.0,SEX,False,17.0,TARDE
2025-10-03,15:00:00,CRIMES CONTRA PATRIMÔNIO,CRIMES CONTRA PATRIMÔNIO: ROUBO: A PESSOA EM VIA PÚBLICA,ES,VITORIA,ILHA DO PRINCIPE,VIA PÚBLICA,roubos,patrimonial,2025.0,10.0,OUT,2025-10-01,4.0,SEX,False,15.0,TARDE
2025-10-03,10:30:00,CRIMES CONTRA PATRIMÔNIO,CRIMES CONTRA PATRIMÔNIO: ROUBO: A PESSOA EM VIA PÚBLICA,ES,VITORIA,ENSEADA DO SUA,VIA PÚBLICA,roubos,patrimonial,2025.0,10.0,OUT,2025-10-01,4.0,SEX,False,10.0,MANHA
2025-10-03,18:00:00,CRIMES CONTRA PATRIMÔNIO,CRIMES CONTRA PATRIMÔNIO: ROUBO: A PESSOA EM VIA PÚBLICA,ES,VIANA,VILA BETHANIA,OUTRO LOCAL,roubos,patrimonial,2025.0,10.0,OUT,2025-10-01,4.0,SEX,False,18.0,NOITE
2025-10-03,18:30:00,CRIMES CONTRA PATRIMÔNIO,CRIMES CONTRA PATRIMÔNIO: ROUBO: A PESSOA EM VIA PÚBLICA,ES,VITORIA,FORTE SAO JOAO,VIA PÚBLICA,roubos,patrimonial,2025.0,10.0,OUT,2025-10-01,4.0,SEX,False,18.0,NOITE
2025-10-03,22:55:00,CRIMES CONTRA PATRIMÔNIO,CRIMES CONTRA PATRIMÔNIO: ROUBO: A PESSOA EM VIA PÚBLICA,ES,VILA VELHA,JOCKEY DE ITAPARICA,COMÉRCIO,roubos,patrimonial,2025.0,10.0,OUT,2025-10-01,4.0,SEX,False,22.0,NOITE
2025-10-03,16:00:00,CRIMES CONTRA PATRIMÔNIO,CRIMES CONTRA PATRIMÔNIO: ROUBO: EM TRANSPORTE COLETIVO,ES,VITORIA,CENTRO,TRANSP COLETIVO,roubos,patrimonial,2025.0,10.0,OUT,2025-10-01,4.0,SEX,False,16.0,TARDE
2025-10-03,23:24:00,CRIMES CONTRA PATRIMÔNIO,CRIMES CONTRA PATRIMÔNIO: ROUBO: EM ESTABELECIMENTO COMERCIAL,ES,ITAPEMIRIM,ITAOCA,COMÉRCIO,roubos,patrimonial,2025.0,10.0,OUT,2025-10-01,4.0,SEX,False,23.0,NOITE
2025-10-04,06:00:00,CRIMES CONTRA PATRIMÔNIO,CRIMES CONTRA PATRIMÔNIO: ROUBO: A PESSOA EM VIA PÚBLICA,ES,VILA VELHA,BOA VISTA I,VIA PÚBLICA,roubos,patrimonial,2025.0,10.0,OUT,2025-10-01,5.0,SAB,True,6.0,MANHA
2025-10-04,15:00:00,CRIMES CONTRA PATRIMÔNIO,CRIMES CONTRA PATRIMÔNIO: ROUBO: A PESSOA EM VIA PÚBLICA,ES,SERRA,FEU ROSA,VIA PÚBLICA,roubos,patrimonial,2025.0,10.0,OUT,2025-10-01,5.0,SAB,True,15.0,TARDE
2025-10-04,05:30:00,CRIMES CONTRA PATRIMÔNIO,CRIMES CONTRA PATRIMÔNIO: ROUBO: A PESSOA EM VIA PÚBLICA,ES,CARIACICA,MORADA DE SANTA FE,VIA PÚBLICA,roubos,patrimonial,2025.0,10.0,OUT,2025-10-01,5.0,SAB,True,5.0,MADRUGADA
2025-10-04,22:30:00,CRIMES CONTRA PATRIMÔNIO,CRIMES CONTRA PATRIMÔNIO: ROUBO: A PESSOA EM VIA PÚBLICA,ES,VITORIA,JARDIM DA PENHA,VIA PÚBLICA,roubos,patrimonial,2025.0,10.0,OUT,2025-10-01,5.0,SAB,True,22.0,NOITE
2025-10-04,20:00:00,CRIMES CONTRA PATRIMÔNIO,CRIMES CONTRA PATRIMÔNIO: ROUBO: A PESSOA EM VIA PÚBLICA,ES,CARIACICA,VILA INDEPENDENCIA,VIA PÚBLICA,roubos,patrimonial,2025.0,10.0,OUT,2025-10-01,5.0,SAB,True,20.0,NOITE
2025-10-04,09:10:00,CRIMES CONTRA PATRIMÔNIO,CRIMES CONTRA PATRIMÔNIO: ROUBO: A PESSOA EM VIA PÚBLICA,ES,SERRA,PARQUE RESIDENCIAL LARANJEIRAS,VIA PÚBLICA,roubos,patrimonial,2025.0,10.0,OUT,2025-10-01,5.0,SAB,True,9.0,MANHA
2025-10-04,13:22:00,CRIMES CONTRA PATRIMÔNIO,CRIMES CONTRA PATRIMÔNIO: ROUBO: A PESSOA EM VIA PÚBLICA,ES,VILA VELHA,ITAPOA,VIA PÚBLICA,roubos,patrimonial,2025.0,10.0,OUT,2025-10-01,5.0,SAB,True,13.0,TARDE
2025-10-04,18:00:00,CRIMES CONTRA PATRIMÔNIO,CRIMES CONTRA PATRIMÔNIO: ROUBO: A PESSOA EM VIA PÚBLICA,ES,VILA VELHA,PRAIA DA COSTA,VIA PÚBLICA,roubos,patrimonial,2025.0,10.0,OUT,2025-10-01,5.0,SAB,True,18.0,NOITE
2025-10-04,22:45:00,CRIMES CONTRA PATRIMÔNIO,CRIMES CONTRA PATRIMÔNIO: ROUBO: A PESSOA EM VIA PÚBLICA,ES,VITORIA,MATA DA PRAIA,VIA PÚBLICA,roubos,patrimonial,2025.0,10.0,OUT,2025-10-01,5.0,SAB,True,22.0,NOITE
2025-10-04,02:00:00,CRIMES CONTRA PATRIMÔNIO,CRIMES CONTRA PATRIMÔNIO: ROUBO: A PESSOA EM VIA PÚBLICA,ES,VITORIA,CENTRO,VIA PÚBLICA,roubos,patrimonial,2025.0,10.0,OUT,2025-10-01,5.0,SAB,True,2.0,MADRUGADA
2025-10-04,13:30:00,CRIMES CONTRA PATRIMÔNIO,CRIMES CONTRA PATRIMÔNIO: ROUBO: A PESSOA EM VIA PÚBLICA,ES,VILA VELHA,INDUSTRIAL,OUTRO LOCAL,roubos,patrimonial,2025.0,10.0,OUT,2025-10-01,5.0,SAB,True,13.0,TARDE
2025-10-04,06:26:00,CRIMES CONTRA PATRIMÔNIO,CRIMES CONTRA PATRIMÔNIO: ROUBO: A PESSOA EM VIA PÚBLICA,ES,VILA VELHA,ARACAS,VIA PÚBLICA,roubos,patrimonial,2025.0,10.0,OUT,2025-10-01,5.0,SAB,True,6.0,MANHA
2025-10-04,15:40:00,CRIMES CONTRA PATRIMÔNIO,CRIMES CONTRA PATRIMÔNIO: ROUBO: A PESSOA EM VIA PÚBLICA,ES,VITORIA,BENTO FERREIRA,VIA PÚBLICA,roubos,patrimonial,2025.0,10.0,OUT,2025-10-01,5.0,SAB,True,15.0,TARDE
2025-10-04,20:00:00,CRIMES CONTRA PATRIMÔNIO,CRIMES CONTRA PATRIMÔNIO: ROUBO: A PESSOA EM VIA PÚBLICA,ES,VILA VELHA,BARRA DO JUCU,VIA PÚBLICA,roubos,patrimonial,2025.0,10.0,OUT,2025-10-01,5.0,SAB,True,20.0,NOITE
2025-10-04,22:30:00,CRIMES CONTRA PATRIMÔNIO,CRIMES CONTRA PATRIMÔNIO: ROUBO: A PESSOA EM VIA PÚBLICA,ES,SERRA,VALPARAISO,VIA PÚBLICA,roubos,patrimonial,2025.0,10.0,OUT,2025-10-01,5.0,SAB,True,22.0,NOITE
2025-10-04,21:45:00,CRIMES CONTRA PATRIMÔNIO,CRIMES CONTRA PATRIMÔNIO: ROUBO: A PESSOA EM VIA PÚBLICA,ES,VITORIA,MATA DA PRAIA,VIA PÚBLICA,roubos,patrimonial,2025.0,10.0,OUT,2025-10-01,5.0,SAB,True,21.0,NOITE
2025-10-04,00:15:00,CRIMES CONTRA PATRIMÔNIO,CRIMES CONTRA PATRIMÔNIO: ROUBO: A PESSOA EM VIA PÚBLICA,ES,CARIACICA,CAMPINA GRANDE,VIA PÚBLICA,roubos,patrimonial,2025.0,10.0,OUT,2025-10-01,5.0,SAB,True,0.0,MADRUGADA
2025-10-04,21:44:00,CRIMES CONTRA PATRIMÔNIO,CRIMES CONTRA PATRIMÔNIO: ROUBO: A PESSOA EM VIA PÚBLICA,ES,VILA VELHA,ITAPOA,VIA PÚBLICA,roubos,patrimonial,2025.0,10.0,OUT,2025-10-01,5.0,SAB,True,21.0,NOITE
2025-10-04,17:20:00,CRIMES CONTRA PATRIMÔNIO,CRIMES CONTRA PATRIMÔNIO: ROUBO: A PESSOA EM VIA PÚBLICA,ES,VILA VELHA,DIVINO ESPIRITO SANTO,VIA PÚBLICA,roubos,patrimonial,2025.0,10.0,OUT,2025-10-01,5.0,SAB,True,17.0,TARDE
2025-10-04,14:00:00,CRIMES CONTRA PATRIMÔNIO,CRIMES CONTRA PATRIMÔNIO: ROUBO: A PESSOA EM VIA PÚBLICA,ES,VILA VELHA,SANTA MONICA,VIA PÚBLICA,roubos,patrimonial,2025.0,10.0,OUT,2025-10-01,5.0,SAB,True,14.0,TARDE
2025-10-04,15:18:00,CRIMES CONTRA PATRIMÔNIO,CRIMES CONTRA PATRIMÔNIO: ROUBO: A PESSOA EM VIA PÚBLICA,ES,VILA VELHA,RIO MARINHO,VIA PÚBLICA,roubos,patrimonial,2025.0,10.0,OUT,2025-10-01,5.0,SAB,True,15.0,TARDE
2025-10-04,22:30:00,CRIMES CONTRA PATRIMÔNIO,CRIMES CONTRA PATRIMÔNIO: ROUBO: A PESSOA EM VIA PÚBLICA,ES,VITORIA,JARDIM DA PENHA,VIA PÚBLICA,roubos,patrimonial,2025.0,10.0,OUT,2025-10-01,5.0,SAB,True,22.0,NOITE
2025-10-04,22:30:00,CRIMES CONTRA PATRIMÔNIO,CRIMES CONTRA PATRIMÔNIO: ROUBO: A PESSOA EM VIA PÚBLICA,ES,VITORIA,JARDIM DA PENHA,VIA PÚBLICA,roubos,patrimonial,2025.0,10.0,OUT,2025-10-01,5.0,SAB,True,22.0,NOITE
2025-10-04,05:00:00,CRIMES CONTRA PATRIMÔNIO,CRIMES CONTRA PATRIMÔNIO: ROUBO: EM ESTABELECIMENTO COMERCIAL,ES,VITORIA,ILHA DO PRINCIPE,COMÉRCIO,roubos,patrimonial,2025.0,10.0,OUT,2025-10-01,5.0,SAB,True,5.0,MADRUGADA
2025-10-05,00:31:00,CRIMES CONTRA PATRIMÔNIO,CRIMES CONTRA PATRIMÔNIO: ROUBO: A PESSOA EM VIA PÚBLICA,ES,SAO MATEUS,GURIRI,VIA PÚBLICA,roubos,patrimonial,2025.0,10.0,OUT,2025-10-01,6.0,DOM,True,0.0,MADRUGADA
2025-10-05,02:00:00,CRIMES CONTRA PATRIMÔNIO,CRIMES CONTRA PATRIMÔNIO: ROUBO: A PESSOA EM VIA PÚBLICA,ES,GUARAPARI,FATIMA CIDADE JARDIM,VIA PÚBLICA,roubos,patrimonial,2025.0,10.0,OUT,2025-10-01,6.0,DOM,True,2.0,MADRUGADA
2025-10-05,00:30:00,CRIMES CONTRA PATRIMÔNIO,CRIMES CONTRA PATRIMÔNIO: ROUBO: A PESSOA EM VIA PÚBLICA,ES,SERRA,NOVO HORIZONTE,VIA PÚBLICA,roubos,patrimonial,2025.0,10.0,OUT,2025-10-01,6.0,DOM,True,0.0,MADRUGADA
2025-10-05,03:40:00,CRIMES CONTRA PATRIMÔNIO,CRIMES CONTRA PATRIMÔNIO: ROUBO: A PESSOA EM VIA PÚBLICA,ES,VITORIA,JARDIM CAMBURI,VIA PÚBLICA,roubos,patrimonial,2025.0,10.0,OUT,2025-10-01,6.0,DOM,True,3.0,MADRUGADA
2025-10-05,18:10:00,CRIMES CONTRA PATRIMÔNIO,CRIMES CONTRA PATRIMÔNIO: ROUBO: A PESSOA EM VIA PÚBLICA,ES,VILA VELHA,ATAIDE,VIA PÚBLICA,roubos,patrimonial,2025.0,10.0,OUT,2025-10-01,6.0,DOM,True,18.0,NOITE
2025-10-05,20:56:00,CRIMES CONTRA PATRIMÔNIO,CRIMES CONTRA PATRIMÔNIO: ROUBO: A PESSOA EM VIA PÚBLICA,ES,VITORIA,JARDIM DA PENHA,VIA PÚBLICA,roubos,patrimonial,2025.0,10.0,OUT,2025-10-01,6.0,DOM,True,20.0,NOITE
2025-10-05,22:40:00,CRIMES CONTRA PATRIMÔNIO,CRIMES CONTRA PATRIMÔNIO: ROUBO: A PESSOA EM VIA PÚBLICA,ES,VITORIA,JARDIM CAMBURI,VIA PÚBLICA,roubos,patrimonial,2025.0,10.0,OUT,2025-10-01,6.0,DOM,True,22.0,NOITE
2025-10-05,23:30:00,CRIMES CONTRA PATRIMÔNIO,CRIMES CONTRA PATRIMÔNIO: ROUBO: A PESSOA EM VIA PÚBLICA,ES,SERRA,JOSE DE ANCHIETA,VIA PÚBLICA,roubos,patrimonial,2025.0,10.0,OUT,2025-10-01,6.0,DOM,True,23.0,NOITE
2025-10-05,Indeterminada,CRIMES CONTRA PATRIMÔNIO,CRIMES CONTRA PATRIMÔNIO: ROUBO: A PESSOA EM VIA PÚBLICA,ES,LINHARES,MOVELAR,VIA PÚBLICA,roubos,patrimonial,2025.0,10.0,OUT,2025-10-01,6.0,DOM,True,,
2025-10-05,21:00:00,CRIMES CONTRA PATRIMÔNIO,CRIMES CONTRA PATRIMÔNIO: ROUBO: A PESSOA EM VIA PÚBLICA,ES,VILA VELHA,BOA VISTA I,OUTRO LOCAL,roubos,patrimonial,2025.0,10.0,OUT,2025-10-01,6.0,DOM,True,21.0,NOITE
2025-10-05,20:04:00,CRIMES CONTRA PATRIMÔNIO,CRIMES CONTRA PATRIMÔNIO: ROUBO: EM ESTABELECIMENTO COMERCIAL,ES,JAGUARE,BARRA SECA,COMÉRCIO,roubos,patrimonial,2025.0,10.0,OUT,2025-10-01,6.0,DOM,True,20.0,NOITE
2025-10-05,14:29:00,CRIMES CONTRA PATRIMÔNIO,CRIMES CONTRA PATRIMÔNIO: ROUBO: EM RESIDÊNCIA/CONDOMÍNIO,ES,CARIACICA,JARDIM AMERICA,RESIDÊNCIA,roubos,patrimonial,2025.0,10.0,OUT,2025-10-01,6.0,DOM,True,14.0,TARDE
2025-10-06,06:00:00,CRIMES CONTRA PATRIMÔNIO,CRIMES CONTRA PATRIMÔNIO: ROUBO: A PESSOA EM VIA PÚBLICA,ES,VILA VELHA,PONTAL DAS GARCAS,VIA PÚBLICA,roubos,patrimonial,2025.0,10.0,OUT,2025-10-01,0.0,SEG,False,6.0,MANHA
2025-10-06,05:00:00,CRIMES CONTRA PATRIMÔNIO,CRIMES CONTRA PATRIMÔNIO: ROUBO: A PESSOA EM VIA PÚBLICA,ES,CARIACICA,OPERARIO,VIA PÚBLICA,roubos,patrimonial,2025.0,10.0,OUT,2025-10-01,0.0,SEG,False,5.0,MADRUGADA
2025-10-06,06:25:00,CRIMES CONTRA PATRIMÔNIO,CRIMES CONTRA PATRIMÔNIO: ROUBO: A PESSOA EM VIA PÚBLICA,ES,SERRA,SERRA CENTRO,VIA PÚBLICA,roubos,patrimonial,2025.0,10.0,OUT,2025-10-01,0.0,SEG,False,6.0,MANHA
2025-10-06,12:00:00,CRIMES CONTRA PATRIMÔNIO,CRIMES CONTRA PATRIMÔNIO: ROUBO: A PESSOA EM VIA PÚBLICA,ES,SERRA,PARQUE JACARAIPE,VIA PÚBLICA,roubos,patrimonial,2025.0,10.0,OUT,2025-10-01,0.0,SEG,False,12.0,TARDE
2025-10-06,10:45:00,CRIMES CONTRA PATRIMÔNIO,CRIMES CONTRA PATRIMÔNIO: ROUBO: A PESSOA EM VIA PÚBLICA,ES,SERRA,BAIRRO DAS LARANJEIRAS,VIA PÚBLICA,roubos,patrimonial,2025.0,10.0,OUT,2025-10-01,0.0,SEG,False,10.0,MANHA
2025-10-06,07:30:00,CRIMES CONTRA PATRIMÔNIO,CRIMES CONTRA PATRIMÔNIO: ROUBO: A PESSOA EM VIA PÚBLICA,ES,VILA VELHA,ITAPOA,VIA PÚBLICA,roubos,patrimonial,2025.0,10.0,OUT,2025-10-01,0.0,SEG,False,7.0,MANHA
2025-10-06,15:20:00,CRIMES CONTRA PATRIMÔNIO,CRIMES CONTRA PATRIMÔNIO: ROUBO: A PESSOA EM VIA PÚBLICA,ES,VILA VELHA,GLORIA,VIA PÚBLICA,roubos,patrimonial,2025.0,10.0,OUT,2025-10-01,0.0,SEG,False,15.0,TARDE
2025-10-06,18:01:00,CRIMES CONTRA PATRIMÔNIO,CRIMES CONTRA PATRIMÔNIO: ROUBO: A PESSOA EM VIA PÚBLICA,ES,RIO NOVO DO SUL,CENTRO,VIA PÚBLICA,roubos,patrimonial,2025.0,10.0,OUT,2025-10-01,0.0,SEG,False,18.0,NOITE
2025-10-06,15:35:00,CRIMES CONTRA PATRIMÔNIO,CRIMES CONTRA PATRIMÔNIO: ROUBO: A PESSOA EM VIA PÚBLICA,ES,VILA VELHA,ITAPOA,VIA PÚBLICA,roubos,patrimonial,2025.0,10.0,OUT,2025-10-01,0.0,SEG,False,15.0,TARDE
2025-10-06,19:30:00,CRIMES CONTRA PATRIMÔNIO,CRIMES CONTRA PATRIMÔNIO: ROUBO: A PESSOA EM VIA PÚBLICA,ES,VIANA,SOTECO,VIA PÚBLICA,roubos,patrimonial,2025.0,10.0,OUT,2025-10-01,0.0,SEG,False,19.0,NOITE
2025-10-06,21:00:00,CRIMES CONTRA PATRIMÔNIO,CRIMES CONTRA PATRIMÔNIO: ROUBO: A PESSOA EM VIA PÚBLICA,ES,CARIACICA,VILA MERLO,VIA PÚBLICA,roubos,patrimonial,2025.0,10.0,OUT,2025-10-01,0.0,SEG,False,21.0,NOITE
2025-10-06,21:47:00,CRIMES CONTRA PATRIMÔNIO,CRIMES CONTRA PATRIMÔNIO: ROUBO: A PESSOA EM VIA PÚBLICA,ES,VILA VELHA,PRAIA DA COSTA,VIA PÚBLICA,roubos,patrimonial,2025.0,10.0,OUT,2025-10-01,0.0,SEG,False,21.0,NOITE
2025-10-06,21:30:00,CRIMES CONTRA PATRIMÔNIO,CRIMES CONTRA PATRIMÔNIO: ROUBO: A PESSOA EM VIA PÚBLICA,ES,CACHOEIRO DE ITAPEMIRIM,AMARAL,VIA PÚBLICA,roubos,patrimonial,2025.0,10.0,OUT,2025-10-01,0.0,SEG,False,21.0,NOITE
2025-10-06,18:40:00,CRIMES CONTRA PATRIMÔNIO,CRIMES CONTRA PATRIMÔNIO: ROUBO: A PESSOA EM VIA PÚBLICA,ES,VILA VELHA,PRAIA DA COSTA,VIA PÚBLICA,roubos,patrimonial,2025.0,10.0,OUT,2025-10-01,0.0,SEG,False,18.0,NOITE
2025-10-06,06:00:00,CRIMES CONTRA PATRIMÔNIO,CRIMES CONTRA PATRIMÔNIO: ROUBO: A PESSOA EM VIA PÚBLICA,ES,CARIACICA,SAO GERALDO,VIA PÚBLICA,roubos,patrimonial,2025.0,10.0,OUT,2025-10-01,0.0,SEG,False,6.0,MANHA
2025-10-06,23:30:00,CRIMES CONTRA PATRIMÔNIO,CRIMES CONTRA PATRIMÔNIO: ROUBO: A PESSOA EM VIA PÚBLICA,ES,SAO MATEUS,GURIRI,VIA PÚBLICA,roubos,patrimonial,2025.0,10.0,OUT,2025-10-01,0.0,SEG,False,23.0,NOITE
2025-10-06,22:00:00,CRIMES CONTRA PATRIMÔNIO,CRIMES CONTRA PATRIMÔNIO: ROUBO: A PESSOA EM VIA PÚBLICA,ES,VILA VELHA,PRAIA DA COSTA,VIA PÚBLICA,roubos,patrimonial,2025.0,10.0,OUT,2025-10-01,0.0,SEG,False,22.0,NOITE
2025-10-06,16:00:00,CRIMES CONTRA PATRIMÔNIO,CRIMES CONTRA PATRIMÔNIO: ROUBO: A PESSOA EM VIA PÚBLICA,ES,VILA VELHA,PRAIA DE ITAPARICA,OUTRO LOCAL,roubos,patrimonial,2025.0,10.0,OUT,2025-10-01,0.0,SEG,False,16.0,TARDE
2025-10-06,06:00:00,CRIMES CONTRA PATRIMÔNIO,CRIMES CONTRA PATRIMÔNIO: ROUBO: A PESSOA EM VIA PÚBLICA,ES,CARIACICA,SAO GERALDO,VIA PÚBLICA,roubos,patrimonial,2025.0,10.0,OUT,2025-10-01,0.0,SEG,False,6.0,MANHA
2025-10-06,21:30:00,CRIMES CONTRA PATRIMÔNIO,CRIMES CONTRA PATRIMÔNIO: ROUBO: A PESSOA EM VIA PÚBLICA,ES,VITORIA,ENSEADA DO SUA,VIA PÚBLICA,roubos,patrimonial,2025.0,10.0,OUT,2025-10-01,0.0,SEG,False,21.0,NOITE
2025-10-06,22:56:00,CRIMES CONTRA PATRIMÔNIO,CRIMES CONTRA PATRIMÔNIO: ROUBO: A PESSOA EM VIA PÚBLICA,ES,VILA VELHA,PRAIA DA COSTA,VIA PÚBLICA,roubos,patrimonial,2025.0,10.0,OUT,2025-10-01,0.0,SEG,False,22.0,NOITE
2025-10-06,20:39:00,CRIMES CONTRA PATRIMÔNIO,CRIMES CONTRA PATRIMÔNIO: ROUBO: EM RESIDÊNCIA/CONDOMÍNIO,ES,SAO DOMINGOS DO NORTE,SIDNEY FORTUNA,RESIDÊNCIA,roubos,patrimonial,2025.0,10.0,OUT,2025-10-01,0.0,SEG,False,20.0,NOITE
2025-10-07,00:40:00,CRIMES CONTRA PATRIMÔNIO,CRIMES CONTRA PATRIMÔNIO: ROUBO: A PESSOA EM VIA PÚBLICA,ES,VILA VELHA,SANTA MONICA POPULAR,VIA PÚBLICA,roubos,patrimonial,2025.0,10.0,OUT,2025-10-01,1.0,TER,False,0.0,MADRUGADA
2025-10-07,07:40:00,CRIMES CONTRA PATRIMÔNIO,CRIMES CONTRA PATRIMÔNIO: ROUBO: A PESSOA EM VIA PÚBLICA,ES,SERRA,PARQUE JACARAIPE,RODOVIA ESTADUAL,roubos,patrimonial,2025.0,10.0,OUT,2025-10-01,1.0,TER,False,7.0,MANHA
2025-10-07,13:00:00,CRIMES CONTRA PATRIMÔNIO,CRIMES CONTRA PATRIMÔNIO: ROUBO: A PESSOA EM VIA PÚBLICA,ES,VITORIA,PRAIA DO CANTO,VIA PÚBLICA,roubos,patrimonial,2025.0,10.0,OUT,2025-10-01,1.0,TER,False,13.0,TARDE
2025-10-07,11:00:00,CRIMES CONTRA PATRIMÔNIO,CRIMES CONTRA PATRIMÔNIO: ROUBO: A PESSOA EM VIA PÚBLICA,ES,CARIACICA,SANTA BARBARA,OUTRO LOCAL,roubos,patrimonial,2025.0,10.0,OUT,2025-10-01,1.0,TER,False,11.0,MANHA
2025-10-07,19:49:00,CRIMES CONTRA PATRIMÔNIO,CRIMES CONTRA PATRIMÔNIO: ROUBO: A PESSOA EM VIA PÚBLICA,ES,VILA VELHA,BARRA DO JUCU,VIA PÚBLICA,roubos,patrimonial,2025.0,10.0,OUT,2025-10-01,1.0,TER,False,19.0,NOITE
2025-10-07,23:13:00,CRIMES CONTRA PATRIMÔNIO,CRIMES CONTRA PATRIMÔNIO: ROUBO: A PESSOA EM VIA PÚBLICA,ES,GUACUI,QUINCAS MACHADO,VIA PÚBLICA,roubos,patrimonial,2025.0,10.0,OUT,2025-10-01,1.0,TER,False,23.0,NOITE
2025-10-07,19:07:00,CRIMES CONTRA PATRIMÔNIO,CRIMES CONTRA PATRIMÔNIO: ROUBO: A PESSOA EM VIA PÚBLICA,ES,SERRA,ROSARIO DE FATIMA,VIA PÚBLICA,roubos,patrimonial,2025.0,10.0,OUT,2025-10-01,1.0,TER,False,19.0,NOITE
2025-10-07,16:00:00,CRIMES CONTRA PATRIMÔNIO,CRIMES CONTRA PATRIMÔNIO: ROUBO: A PESSOA EM VIA PÚBLICA,ES,VILA VELHA,SANTOS DUMONT,OUTRO LOCAL,roubos,patrimonial,2025.0,10.0,OUT,2025-10-01,1.0,TER,False,16.0,TARDE
2025-10-07,22:00:00,CRIMES CONTRA PATRIMÔNIO,CRIMES CONTRA PATRIMÔNIO: ROUBO: A PESSOA EM VIA PÚBLICA,ES,SERRA,VALPARAISO,VIA PÚBLICA,roubos,patrimonial,2025.0,10.0,OUT,2025-10-01,1.0,TER,False,22.0,NOITE
2025-10-07,19:40:00,CRIMES CONTRA PATRIMÔNIO,CRIMES CONTRA PATRIMÔNIO: ROUBO: A PESSOA EM VIA PÚBLICA,ES,CARIACICA,CASTELO BRANCO,VIA PÚBLICA,roubos,patrimonial,2025.0,10.0,OUT,2025-10-01,1.0,TER,False,19.0,NOITE
2025-10-07,16:55:00,CRIMES CONTRA PATRIMÔNIO,CRIMES CONTRA PATRIMÔNIO: ROUBO: A PESSOA EM VIA PÚBLICA,ES,SERRA,JARDIM LIMOEIRO,VIA PÚBLICA,roubos,patrimonial,2025.0,10.0,OUT,2025-10-01,1.0,TER,False,16.0,TARDE
2025-10-07,20:00:00,CRIMES CONTRA PATRIMÔNIO,CRIMES CONTRA PATRIMÔNIO: ROUBO: A PESSOA EM VIA PÚBLICA,ES,VILA VELHA,ARIBIRI,VIA PÚBLICA,roubos,patrimonial,2025.0,10.0,OUT,2025-10-01,1.0,TER,False,20.0,NOITE
2025-10-07,21:40:00,CRIMES CONTRA PATRIMÔNIO,CRIMES CONTRA PATRIMÔNIO: ROUBO: A PESSOA EM VIA PÚBLICA,ES,SERRA,VALPARAISO,VIA PÚBLICA,roubos,patrimonial,2025.0,10.0,OUT,2025-10-01,1.0,TER,False,21.0,NOITE
2025-10-07,22:27:00,CRIMES CONTRA PATRIMÔNIO,CRIMES CONTRA PATRIMÔNIO: ROUBO: EM TRANSPORTE COLETIVO,ES,SERRA,TERMINAL INTERMODAL DA SERRA (TIMS),TRANSP COLETIVO,roubos,patrimonial,2025.0,10.0,OUT,2025-10-01,1.0,TER,False,22.0,NOITE
2025-10-07,22:38:00,CRIMES CONTRA PATRIMÔNIO,CRIMES CONTRA PATRIMÔNIO: ROUBO: EM TRANSPORTE COLETIVO,ES,SERRA,CARAPINA,VIA PÚBLICA,roubos,patrimonial,2025.0,10.0,OUT,2025-10-01,1.0,TER,False,22.0,NOITE
2025-10-07,22:30:00,CRIMES CONTRA PATRIMÔNIO,CRIMES CONTRA PATRIMÔNIO: ROUBO: EM TRANSPORTE COLETIVO,ES,CARIACICA,NOVA ROSA DA PENHA,EMBARCAÇÃO,roubos,patrimonial,2025.0,10.0,OUT,2025-10-01,1.0,TER,False,22.0,NOITE
2025-10-07,22:27:00,CRIMES CONTRA PATRIMÔNIO,CRIMES CONTRA PATRIMÔNIO: ROUBO: EM TRANSPORTE COLETIVO,ES,SERRA,CARAPINA,VIA PÚBLICA,roubos,patrimonial,2025.0,10.0,OUT,2025-10-01,1.0,TER,False,22.0,NOITE
2025-10-07,22:27:00,CRIMES CONTRA PATRIMÔNIO,CRIMES CONTRA PATRIMÔNIO: ROUBO: EM TRANSPORTE COLETIVO,ES,SERRA,OUTRO LOCAL,VEÍCULO,roubos,patrimonial,2025.0,10.0,OUT,2025-10-01,1.0,TER,False,22.0,NOITE
2025-10-07,12:55:00,CRIMES CONTRA PATRIMÔNIO,CRIMES CONTRA PATRIMÔNIO: ROUBO: EM ESTABELECIMENTO COMERCIAL,ES,VILA VELHA,PRAIA DE ITAPARICA,COMÉRCIO,roubos,patrimonial,2025.0,10.0,OUT,2025-10-01,1.0,TER,False,12.0,TARDE
2025-10-07,13:00:00,CRIMES CONTRA PATRIMÔNIO,CRIMES CONTRA PATRIMÔNIO: ROUBO: EM RESIDÊNCIA/CONDOMÍNIO,ES,NOVA VENECIA,RUBIA,RESIDÊNCIA,roubos,patrimonial,2025.0,10.0,OUT,2025-10-01,1.0,TER,False,13.0,TARDE
2025-10-08,04:50:00,CRIMES CONTRA PATRIMÔNIO,CRIMES CONTRA PATRIMÔNIO: ROUBO: A PESSOA EM VIA PÚBLICA,ES,VILA VELHA,ARIBIRI,VIA PÚBLICA,roubos,patrimonial,2025.0,10.0,OUT,2025-10-01,2.0,QUA,False,4.0,MADRUGADA
2025-10-08,05:00:00,CRIMES CONTRA PATRIMÔNIO,CRIMES CONTRA PATRIMÔNIO: ROUBO: A PESSOA EM VIA PÚBLICA,ES,VILA VELHA,ALVORADA,VIA PÚBLICA,roubos,patrimonial,2025.0,10.0,OUT,2025-10-01,2.0,QUA,False,5.0,MADRUGADA
2025-10-08,00:00:00,CRIMES CONTRA PATRIMÔNIO,CRIMES CONTRA PATRIMÔNIO: ROUBO: A PESSOA EM VIA PÚBLICA,ES,ANCHIETA,OUTRO LOCAL,VIA PÚBLICA,roubos,patrimonial,2025.0,10.0,OUT,2025-10-01,2.0,QUA,False,0.0,MADRUGADA
2025-10-08,12:30:00,CRIMES CONTRA PATRIMÔNIO,CRIMES CONTRA PATRIMÔNIO: ROUBO: A PESSOA EM VIA PÚBLICA,ES,SERRA,LARANJEIRAS VELHA,VIA PÚBLICA,roubos,patrimonial,2025.0,10.0,OUT,2025-10-01,2.0,QUA,False,12.0,TARDE
2025-10-08,19:20:00,CRIMES CONTRA PATRIMÔNIO,CRIMES CONTRA PATRIMÔNIO: ROUBO: A PESSOA EM VIA PÚBLICA,ES,SERRA,LARANJEIRAS VELHA,VIA PÚBLICA,roubos,patrimonial,2025.0,10.0,OUT,2025-10-01,2.0,QUA,False,19.0,NOITE
2025-10-08,22:30:00,CRIMES CONTRA PATRIMÔNIO,CRIMES CONTRA PATRIMÔNIO: ROUBO: A PESSOA EM VIA PÚBLICA,ES,SERRA,NOVO HORIZONTE,VIA PÚBLICA,roubos,patrimonial,2025.0,10.0,OUT,2025-10-01,2.0,QUA,False,22.0,NOITE
2025-10-08,19:30:00,CRIMES CONTRA PATRIMÔNIO,CRIMES CONTRA PATRIMÔNIO: ROUBO: A PESSOA EM VIA PÚBLICA,ES,SERRA,JARDIM LIMOEIRO,VIA PÚBLICA,roubos,patrimonial,2025.0,10.0,OUT,2025-10-01,2.0,QUA,False,19.0,NOITE
2025-10-08,19:00:00,CRIMES CONTRA PATRIMÔNIO,CRIMES CONTRA PATRIMÔNIO: ROUBO: A PESSOA EM VIA PÚBLICA,ES,VILA VELHA,PRAIA DA COSTA,VIA PÚBLICA,roubos,patrimonial,2025.0,10.0,OUT,2025-10-01,2.0,QUA,False,19.0,NOITE
2025-10-08,19:15:00,CRIMES CONTRA PATRIMÔNIO,CRIMES CONTRA PATRIMÔNIO: ROUBO: A PESSOA EM VIA PÚBLICA,ES,CARIACICA,ITACIBA,VIA PÚBLICA,roubos,patrimonial,2025.0,10.0,OUT,2025-10-01,2.0,QUA,False,19.0,NOITE
2025-10-08,18:20:00,CRIMES CONTRA PATRIMÔNIO,CRIMES CONTRA PATRIMÔNIO: ROUBO: A PESSOA EM VIA PÚBLICA,ES,VILA VELHA,VALE ENCANTADO,VIA PÚBLICA,roubos,patrimonial,2025.0,10.0,OUT,2025-10-01,2.0,QUA,False,18.0,NOITE
2025-10-08,16:30:00,CRIMES CONTRA PATRIMÔNIO,CRIMES CONTRA PATRIMÔNIO: ROUBO: A PESSOA EM VIA PÚBLICA,ES,VILA VELHA,NOVA AMERICA,VIA PÚBLICA,roubos,patrimonial,2025.0,10.0,OUT,2025-10-01,2.0,QUA,False,16.0,TARDE
2025-10-08,16:50:00,CRIMES CONTRA PATRIMÔNIO,CRIMES CONTRA PATRIMÔNIO: ROUBO: A PESSOA EM VIA PÚBLICA,ES,CARIACICA,CAMPO GRANDE,VIA PÚBLICA,roubos,patrimonial,2025.0,10.0,OUT,2025-10-01,2.0,QUA,False,16.0,TARDE
2025-10-08,05:10:00,CRIMES CONTRA PATRIMÔNIO,CRIMES CONTRA PATRIMÔNIO: ROUBO: A PESSOA EM VIA PÚBLICA,ES,VILA VELHA,ALVORADA,VIA PÚBLICA,roubos,patrimonial,2025.0,10.0,OUT,2025-10-01,2.0,QUA,False,5.0,MADRUGADA
2025-10-08,20:20:00,CRIMES CONTRA PATRIMÔNIO,CRIMES CONTRA PATRIMÔNIO: ROUBO: A PESSOA EM VIA PÚBLICA,ES,VITORIA,JARDIM DA PENHA,VIA PÚBLICA,roubos,patrimonial,2025.0,10.0,OUT,2025-10-01,2.0,QUA,False,20.0,NOITE
2025-10-08,01:00:00,CRIMES CONTRA PATRIMÔNIO,CRIMES CONTRA PATRIMÔNIO: ROUBO: A PESSOA EM VIA PÚBLICA,ES,CACHOEIRO DE ITAPEMIRIM,CENTRO,VIA PÚBLICA,roubos,patrimonial,2025.0,10.0,OUT,2025-10-01,2.0,QUA,False,1.0,MADRUGADA
2025-10-08,20:40:00,CRIMES CONTRA PATRIMÔNIO,CRIMES CONTRA PATRIMÔNIO: ROUBO: A PESSOA EM VIA PÚBLICA,ES,SERRA,JARDIM LIMOEIRO,VIA PÚBLICA,roubos,patrimonial,2025.0,10.0,OUT,2025-10-01,2.0,QUA,False,20.0,NOITE
2025-10-08,20:00:00,CRIMES CONTRA PATRIMÔNIO,CRIMES CONTRA PATRIMÔNIO: ROUBO: A PESSOA EM VIA PÚBLICA,ES,SERRA,OURIMAR,VIA PÚBLICA,roubos,patrimonial,2025.0,10.0,OUT,2025-10-01,2.0,QUA,False,20.0,NOITE
2025-10-08,21:35:00,CRIMES CONTRA PATRIMÔNIO,CRIMES CONTRA PATRIMÔNIO: ROUBO: A PESSOA EM VIA PÚBLICA,ES,CARIACICA,EXPEDITO,VIA PÚBLICA,roubos,patrimonial,2025.0,10.0,OUT,2025-10-01,2.0,QUA,False,21.0,NOITE
2025-10-08,00:10:00,CRIMES CONTRA PATRIMÔNIO,CRIMES CONTRA PATRIMÔNIO: ROUBO: A PESSOA EM VIA PÚBLICA,ES,VILA VELHA,DIVINO ESPIRITO SANTO,OUTRO LOCAL,roubos,patrimonial,2025.0,10.0,OUT,2025-10-01,2.0,QUA,False,0.0,MADRUGADA
2025-10-08,15:00:00,CRIMES CONTRA PATRIMÔNIO,CRIMES CONTRA PATRIMÔNIO: ROUBO: A PESSOA EM VIA PÚBLICA,ES,VILA VELHA,NOSSA SENHORA DA PENHA,COMÉRCIO,roubos,patrimonial,2025.0,10.0,OUT,2025-10-01,2.0,QUA,False,15.0,TARDE
2025-10-08,22:00:00,CRIMES CONTRA PATRIMÔNIO,CRIMES CONTRA PATRIMÔNIO: ROUBO: A PESSOA EM VIA PÚBLICA,ES,SERRA,ANDRE CARLONI,VIA PÚBLICA,roubos,patrimonial,2025.0,10.0,OUT,2025-10-01,2.0,QUA,False,22.0,NOITE
2025-10-08,22:27:00,CRIMES CONTRA PATRIMÔNIO,CRIMES CONTRA PATRIMÔNIO: ROUBO: EM TRANSPORTE COLETIVO,ES,SERRA,CARAPINA,TRANSP COLETIVO,roubos,patrimonial,2025.0,10.0,OUT,2025-10-01,2.0,QUA,False,22.0,NOITE
2025-10-08,19:29:00,CRIMES CONTRA PATRIMÔNIO,CRIMES CONTRA PATRIMÔNIO: ROUBO: EM ESTABELECIMENTO COMERCIAL,ES,VILA VELHA,ITAPOA,COMÉRCIO,roubos,patrimonial,2025.0,10.0,OUT,2025-10-01,2.0,QUA,False,19.0,NOITE
2025-10-08,10:30:00,CRIMES CONTRA PATRIMÔNIO,CRIMES CONTRA PATRIMÔNIO: ROUBO: EM ESTABELECIMENTO COMERCIAL,ES,VITORIA,JARDIM DA PENHA,COMÉRCIO,roubos,patrimonial,2025.0,10.0,OUT,2025-10-01,2.0,QUA,False,10.0,MANHA
2025-10-09,04:50:00,CRIMES CONTRA PATRIMÔNIO,CRIMES CONTRA PATRIMÔNIO: ROUBO: A PESSOA EM VIA PÚBLICA,ES,SERRA,BAIRRO DE FATIMA,VIA PÚBLICA,roubos,patrimonial,2025.0,10.0,OUT,2025-10-01,3.0,QUI,False,4.0,MADRUGADA
2025-10-09,08:10:00,CRIMES CONTRA PATRIMÔNIO,CRIMES CONTRA PATRIMÔNIO: ROUBO: A PESSOA EM VIA PÚBLICA,ES,SERRA,JARDIM LIMOEIRO,VIA PÚBLICA,roubos,patrimonial,2025.0,10.0,OUT,2025-10-01,3.0,QUI,False,8.0,MANHA
2025-10-09,13:15:00,CRIMES CONTRA PATRIMÔNIO,CRIMES CONTRA PATRIMÔNIO: ROUBO: A PESSOA EM VIA PÚBLICA,ES,VILA VELHA,JARDIM GUADALAJARA,VIA PÚBLICA,roubos,patrimonial,2025.0,10.0,OUT,2025-10-01,3.0,QUI,False,13.0,TARDE
2025-10-09,18:08:00,CRIMES CONTRA PATRIMÔNIO,CRIMES CONTRA PATRIMÔNIO: ROUBO: A PESSOA EM VIA PÚBLICA,ES,SANTA MARIA DE JETIBA,SAO SEBASTIAO DO MEIO,VIA PÚBLICA,roubos,patrimonial,2025.0,10.0,OUT,2025-10-01,3.0,QUI,False,18.0,NOITE
2025-10-09,02:00:00,CRIMES CONTRA PATRIMÔNIO,CRIMES CONTRA PATRIMÔNIO: ROUBO: A PESSOA EM VIA PÚBLICA,ES,VITORIA,MARIA ORTIZ,VIA PÚBLICA,roubos,patrimonial,2025.0,10.0,OUT,2025-10-01,3.0,QUI,False,2.0,MADRUGADA
2025-10-09,Indeterminada,CRIMES CONTRA PATRIMÔNIO,CRIMES CONTRA PATRIMÔNIO: ROUBO: A PESSOA EM VIA PÚBLICA,ES,LINHARES,INTERLAGOS,VIA PÚBLICA,roubos,patrimonial,2025.0,10.0,OUT,2025-10-01,3.0,QUI,False,,
2025-10-09,19:40:00,CRIMES CONTRA PATRIMÔNIO,CRIMES CONTRA PATRIMÔNIO: ROUBO: A PESSOA EM VIA PÚBLICA,ES,CARIACICA,VILA PRUDENCIO,VIA PÚBLICA,roubos,patrimonial,2025.0,10.0,OUT,2025-10-01,3.0,QUI,False,19.0,NOITE
2025-10-09,19:00:00,CRIMES CONTRA PATRIMÔNIO,CRIMES CONTRA PATRIMÔNIO: ROUBO: A PESSOA EM VIA PÚBLICA,ES,CARIACICA,VILA CAPIXABA,VIA PÚBLICA,roubos,patrimonial,2025.0,10.0,OUT,2025-10-01,3.0,QUI,False,19.0,NOITE
2025-10-09,07:10:00,CRIMES CONTRA PATRIMÔNIO,CRIMES CONTRA PATRIMÔNIO: ROUBO: A PESSOA EM VIA PÚBLICA,ES,VITORIA,JARDIM DA PENHA,VIA PÚBLICA,roubos,patrimonial,2025.0,10.0,OUT,2025-10-01,3.0,QUI,False,7.0,MANHA
2025-10-09,18:30:00,CRIMES CONTRA PATRIMÔNIO,CRIMES CONTRA PATRIMÔNIO: ROUBO: A PESSOA EM VIA PÚBLICA,ES,VITORIA,ENSEADA DO SUA,VIA PÚBLICA,roubos,patrimonial,2025.0,10.0,OUT,2025-10-01,3.0,QUI,False,18.0,NOITE
2025-10-09,13:30:00,CRIMES CONTRA PATRIMÔNIO,CRIMES CONTRA PATRIMÔNIO: ROUBO: A PESSOA EM VIA PÚBLICA,ES,CARIACICA,JARDIM AMERICA,VIA PÚBLICA,roubos,patrimonial,2025.0,10.0,OUT,2025-10-01,3.0,QUI,False,13.0,TARDE
2025-10-09,07:00:00,CRIMES CONTRA PATRIMÔNIO,CRIMES CONTRA PATRIMÔNIO: ROUBO: A PESSOA EM VIA PÚBLICA,ES,VILA VELHA,SANTA RITA,VIA PÚBLICA,roubos,patrimonial,2025.0,10.0,OUT,2025-10-01,3.0,QUI,False,7.0,MANHA
2025-10-09,17:30:00,CRIMES CONTRA PATRIMÔNIO,CRIMES CONTRA PATRIMÔNIO: ROUBO: A PESSOA EM VIA PÚBLICA,ES,VILA VELHA,COBILANDIA,VIA PÚBLICA,roubos,patrimonial,2025.0,10.0,OUT,2025-10-01,3.0,QUI,False,17.0,TARDE
2025-10-09,20:00:00,CRIMES CONTRA PATRIMÔNIO,CRIMES CONTRA PATRIMÔNIO: ROUBO: A PESSOA EM VIA PÚBLICA,ES,CARIACICA,VILA PRUDENCIO,VIA PÚBLICA,roubos,patrimonial,2025.0,10.0,OUT,2025-10-01,3.0,QUI,False,20.0,NOITE
2025-10-09,22:30:00,CRIMES CONTRA PATRIMÔNIO,CRIMES CONTRA PATRIMÔNIO: ROUBO: A PESSOA EM VIA PÚBLICA,ES,VITORIA,JARDIM DA PENHA,VIA PÚBLICA,roubos,patrimonial,2025.0,10.0,OUT,2025-10-01,3.0,QUI,False,22.0,NOITE
2025-10-09,22:00:00,CRIMES CONTRA PATRIMÔNIO,CRIMES CONTRA PATRIMÔNIO: ROUBO: A PESSOA EM VIA PÚBLICA,ES,VILA VELHA,COQUEIRAL DE ITAPARICA,VIA PÚBLICA,roubos,patrimonial,2025.0,10.0,OUT,2025-10-01,3.0,QUI,False,22.0,NOITE
2025-10-09,21:00:00,CRIMES CONTRA PATRIMÔNIO,CRIMES CONTRA PATRIMÔNIO: ROUBO: A PESSOA EM VIA PÚBLICA,ES,JAGUARE,OUTRO LOCAL,VIA PÚBLICA,roubos,patrimonial,2025.0,10.0,OUT,2025-10-01,3.0,QUI,False,21.0,NOITE
2025-10-09,21:00:00,CRIMES CONTRA PATRIMÔNIO,CRIMES CONTRA PATRIMÔNIO: ROUBO: A PESSOA EM VIA PÚBLICA,ES,VILA VELHA,PRAIA DE ITAPARICA,OUTRO LOCAL,roubos,patrimonial,2025.0,10.0,OUT,2025-10-01,3.0,QUI,False,21.0,NOITE
2025-10-09,22:30:00,CRIMES CONTRA PATRIMÔNIO,CRIMES CONTRA PATRIMÔNIO: ROUBO: A PESSOA EM VIA PÚBLICA,ES,VILA VELHA,JOCKEY DE ITAPARICA,VIA PÚBLICA,roubos,patrimonial,2025.0,10.0,OUT,2025-10-01,3.0,QUI,False,22.0,NOITE
2025-10-09,02:00:00,CRIMES CONTRA PATRIMÔNIO,CRIMES CONTRA PATRIMÔNIO: ROUBO: A PESSOA EM VIA PÚBLICA,ES,VITORIA,GOIABEIRAS,VIA PÚBLICA,roubos,patrimonial,2025.0,10.0,OUT,2025-10-01,3.0,QUI,False,2.0,MADRUGADA
2025-10-09,17:00:00,CRIMES CONTRA PATRIMÔNIO,CRIMES CONTRA PATRIMÔNIO: ROUBO: A PESSOA EM VIA PÚBLICA,ES,CARIACICA,SAO GERALDO,VIA PÚBLICA,roubos,patrimonial,2025.0,10.0,OUT,2025-10-01,3.0,QUI,False,17.0,TARDE
2025-10-09,19:29:00,CRIMES CONTRA PATRIMÔNIO,CRIMES CONTRA PATRIMÔNIO: ROUBO: EM ESTABELECIMENTO COMERCIAL,ES,VILA VELHA,IBES,OUTRO LOCAL,roubos,patrimonial,2025.0,10.0,OUT,2025-10-01,3.0,QUI,False,19.0,NOITE
2025-10-09,16:28:00,CRIMES CONTRA PATRIMÔNIO,CRIMES CONTRA PATRIMÔNIO: ROUBO: EM RESIDÊNCIA/CONDOMÍNIO,ES,ARACRUZ,VILA NOVA,RESIDÊNCIA,roubos,patrimonial,2025.0,10.0,OUT,2025-10-01,3.0,QUI,False,16.0,TARDE
2025-10-10,01:29:00,CRIMES CONTRA PATRIMÔNIO,CRIMES CONTRA PATRIMÔNIO: ROUBO: A PESSOA EM VIA PÚBLICA,ES,SAO JOSE DO CALCADO,SIZENALDO DE SA VIANA,VIA PÚBLICA,roubos,patrimonial,2025.0,10.0,OUT,2025-10-01,4.0,SEX,False,1.0,MADRUGADA
2025-10-10,11:00:00,CRIMES CONTRA PATRIMÔNIO,CRIMES CONTRA PATRIMÔNIO: ROUBO: A PESSOA EM VIA PÚBLICA,ES,VILA VELHA,CENTRO VILA VELHA,VIA PÚBLICA,roubos,patrimonial,2025.0,10.0,OUT,2025-10-01,4.0,SEX,False,11.0,MANHA
2025-10-10,12:00:00,CRIMES CONTRA PATRIMÔNIO,CRIMES CONTRA PATRIMÔNIO: ROUBO: A PESSOA EM VIA PÚBLICA,ES,SERRA,HELIO FERRAZ,VIA PÚBLICA,roubos,patrimonial,2025.0,10.0,OUT,2025-10-01,4.0,SEX,False,12.0,TARDE
2025-10-10,00:00:00,CRIMES CONTRA PATRIMÔNIO,CRIMES CONTRA PATRIMÔNIO: ROUBO: A PESSOA EM VIA PÚBLICA,ES,CARIACICA,ITACIBA,VIA PÚBLICA,roubos,patrimonial,2025.0,10.0,OUT,2025-10-01,4.0,SEX,False,0.0,MADRUGADA
2025-10-10,00:10:00,CRIMES CONTRA PATRIMÔNIO,CRIMES CONTRA PATRIMÔNIO: ROUBO: A PESSOA EM VIA PÚBLICA,ES,VILA VELHA,SAO TORQUATO,VIA PÚBLICA,roubos,patrimonial,2025.0,10.0,OUT,2025-10-01,4.0,SEX,False,0.0,MADRUGADA
2025-10-10,17:20:00,CRIMES CONTRA PATRIMÔNIO,CRIMES CONTRA PATRIMÔNIO: ROUBO: A PESSOA EM VIA PÚBLICA,ES,CARIACICA,JARDIM AMERICA,VIA PÚBLICA,roubos,patrimonial,2025.0,10.0,OUT,2025-10-01,4.0,SEX,False,17.0,TARDE
2025-10-10,11:00:00,CRIMES CONTRA PATRIMÔNIO,CRIMES CONTRA PATRIMÔNIO: ROUBO: A PESSOA EM VIA PÚBLICA,ES,SERRA,NOVO HORIZONTE,VIA PÚBLICA,roubos,patrimonial,2025.0,10.0,OUT,2025-10-01,4.0,SEX,False,11.0,MANHA
2025-10-10,14:00:00,CRIMES CONTRA PATRIMÔNIO,CRIMES CONTRA PATRIMÔNIO: ROUBO: A PESSOA EM VIA PÚBLICA,ES,VILA VELHA,IBES,VIA PÚBLICA,roubos,patrimonial,2025.0,10.0,OUT,2025-10-01,4.0,SEX,False,14.0,TARDE
2025-10-10,20:50:00,CRIMES CONTRA PATRIMÔNIO,CRIMES CONTRA PATRIMÔNIO: ROUBO: A PESSOA EM VIA PÚBLICA,ES,VITORIA,MATA DA PRAIA,VIA PÚBLICA,roubos,patrimonial,2025.0,10.0,OUT,2025-10-01,4.0,SEX,False,20.0,NOITE
2025-10-10,20:30:00,CRIMES CONTRA PATRIMÔNIO,CRIMES CONTRA PATRIMÔNIO: ROUBO: A PESSOA EM VIA PÚBLICA,ES,SERRA,ALTEROSAS,VIA PÚBLICA,roubos,patrimonial,2025.0,10.0,OUT,2025-10-01,4.0,SEX,False,20.0,NOITE
2025-10-10,09:45:00,CRIMES CONTRA PATRIMÔNIO,CRIMES CONTRA PATRIMÔNIO: ROUBO: A PESSOA EM VIA PÚBLICA,ES,CARIACICA,CAMPO GRANDE,VIA PÚBLICA,roubos,patrimonial,2025.0,10.0,OUT,2025-10-01,4.0,SEX,False,9.0,MANHA
2025-10-10,16:00:00,CRIMES CONTRA PATRIMÔNIO,CRIMES CONTRA PATRIMÔNIO: ROUBO: A PESSOA EM VIA PÚBLICA,ES,AFONSO CLAUDIO,CENTRO,VIA PÚBLICA,roubos,patrimonial,2025.0,10.0,OUT,2025-10-01,4.0,SEX,False,16.0,TARDE
2025-10-10,08:00:00,CRIMES CONTRA PATRIMÔNIO,CRIMES CONTRA PATRIMÔNIO: ROUBO: A PESSOA EM VIA PÚBLICA,ES,VILA VELHA,CENTRO VILA VELHA,VIA PÚBLICA,roubos,patrimonial,2025.0,10.0,OUT,2025-10-01,4.0,SEX,False,8.0,MANHA
2025-10-10,09:00:00,CRIMES CONTRA PATRIMÔNIO,CRIMES CONTRA PATRIMÔNIO: ROUBO: A PESSOA EM VIA PÚBLICA,ES,VILA VELHA,CENTRO VILA VELHA,VIA PÚBLICA,roubos,patrimonial,2025.0,10.0,OUT,2025-10-01,4.0,SEX,False,9.0,MANHA
2025-10-10,04:50:00,CRIMES CONTRA PATRIMÔNIO,CRIMES CONTRA PATRIMÔNIO: ROUBO: A PESSOA EM VIA PÚBLICA,ES,SERRA,BICANGA,VIA PÚBLICA,roubos,patrimonial,2025.0,10.0,OUT,2025-10-01,4.0,SEX,False,4.0,MADRUGADA
2025-10-10,17:50:00,CRIMES CONTRA PATRIMÔNIO,CRIMES CONTRA PATRIMÔNIO: ROUBO: A PESSOA EM VIA PÚBLICA,ES,CARIACICA,BANDEIRANTES,VIA PÚBLICA,roubos,patrimonial,2025.0,10.0,OUT,2025-10-01,4.0,SEX,False,17.0,TARDE
2025-10-10,05:15:00,CRIMES CONTRA PATRIMÔNIO,CRIMES CONTRA PATRIMÔNIO: ROUBO: A PESSOA EM VIA PÚBLICA,ES,VILA VELHA,COQUEIRAL DE ITAPARICA,VIA PÚBLICA,roubos,patrimonial,2025.0,10.0,OUT,2025-10-01,4.0,SEX,False,5.0,MADRUGADA
2025-10-10,19:25:00,CRIMES CONTRA PATRIMÔNIO,CRIMES CONTRA PATRIMÔNIO: ROUBO: A PESSOA EM VIA PÚBLICA,ES,GUARAPARI,IPIRANGA,VIA PÚBLICA,roubos,patrimonial,2025.0,10.0,OUT,2025-10-01,4.0,SEX,False,19.0,NOITE
2025-10-10,05:15:00,CRIMES CONTRA PATRIMÔNIO,CRIMES CONTRA PATRIMÔNIO: ROUBO: A PESSOA EM VIA PÚBLICA,ES,VILA VELHA,COQUEIRAL DE ITAPARICA,VIA PÚBLICA,roubos,patrimonial,2025.0,10.0,OUT,2025-10-01,4.0,SEX,False,5.0,MADRUGADA
2025-10-10,16:30:00,CRIMES CONTRA PATRIMÔNIO,CRIMES CONTRA PATRIMÔNIO: ROUBO: A PESSOA EM VIA PÚBLICA,ES,CARIACICA,BELA AURORA,VIA PÚBLICA,roubos,patrimonial,2025.0,10.0,OUT,2025-10-01,4.0,SEX,False,16.0,TARDE
2025-10-10,23:15:00,CRIMES CONTRA PATRIMÔNIO,CRIMES CONTRA PATRIMÔNIO: ROUBO: A PESSOA EM VIA PÚBLICA,ES,VILA VELHA,NOSSA SENHORA DA PENHA,OUTRO LOCAL,roubos,patrimonial,2025.0,10.0,OUT,2025-10-01,4.0,SEX,False,23.0,NOITE
2025-10-10,05:45:00,CRIMES CONTRA PATRIMÔNIO,CRIMES CONTRA PATRIMÔNIO: ROUBO: A PESSOA EM VIA PÚBLICA,ES,SERRA,NOVO PORTO CANOA,VIA PÚBLICA,roubos,patrimonial,2025.0,10.0,OUT,2025-10-01,4.0,SEX,False,5.0,MADRUGADA
2025-10-10,13:30:00,CRIMES CONTRA PATRIMÔNIO,CRIMES CONTRA PATRIMÔNIO: ROUBO: A PESSOA EM VIA PÚBLICA,ES,CARIACICA,CAMPO GRANDE,VIA PÚBLICA,roubos,patrimonial,2025.0,10.0,OUT,2025-10-01,4.0,SEX,False,13.0,TARDE
2025-10-10,23:10:00,CRIMES CONTRA PATRIMÔNIO,CRIMES CONTRA PATRIMÔNIO: ROUBO: EM TRANSPORTE COLETIVO,ES,VITORIA,MARIA ORTIZ,TRANSP COLETIVO,roubos,patrimonial,2025.0,10.0,OUT,2025-10-01,4.0,SEX,False,23.0,NOITE
2025-10-10,09:30:00,CRIMES CONTRA PATRIMÔNIO,CRIMES CONTRA PATRIMÔNIO: ROUBO: EM RESIDÊNCIA/CONDOMÍNIO,ES,GUARAPARI,OUTRO LOCAL,RESIDÊNCIA,roubos,patrimonial,2025.0,10.0,OUT,2025-10-01,4.0,SEX,False,9.0,MANHA
2025-10-11,05:00:00,CRIMES CONTRA PATRIMÔNIO,CRIMES CONTRA PATRIMÔNIO: ROUBO: A PESSOA EM VIA PÚBLICA,ES,VILA VELHA,ALVORADA,VIA PÚBLICA,roubos,patrimonial,2025.0,10.0,OUT,2025-10-01,5.0,SAB,True,5.0,MADRUGADA
2025-10-11,20:30:00,CRIMES CONTRA PATRIMÔNIO,CRIMES CONTRA PATRIMÔNIO: ROUBO: A PESSOA EM VIA PÚBLICA,ES,SERRA,PARQUE RESIDENCIAL LARANJEIRAS,VIA PÚBLICA,roubos,patrimonial,2025.0,10.0,OUT,2025-10-01,5.0,SAB,True,20.0,NOITE
2025-10-11,20:00:00,CRIMES CONTRA PATRIMÔNIO,CRIMES CONTRA PATRIMÔNIO: ROUBO: A PESSOA EM VIA PÚBLICA,ES,VILA VELHA,ILHA DAS FLORES,VIA PÚBLICA,roubos,patrimonial,2025.0,10.0,OUT,2025-10-01,5.0,SAB,True,20.0,NOITE
2025-10-11,23:00:00,CRIMES CONTRA PATRIMÔNIO,CRIMES CONTRA PATRIMÔNIO: ROUBO: A PESSOA EM VIA PÚBLICA,ES,VITORIA,PRAIA DO SUA,VIA PÚBLICA,roubos,patrimonial,2025.0,10.0,OUT,2025-10-01,5.0,SAB,True,23.0,NOITE
2025-10-11,03:30:00,CRIMES CONTRA PATRIMÔNIO,CRIMES CONTRA PATRIMÔNIO: ROUBO: A PESSOA EM VIA PÚBLICA,ES,SERRA,COLINA DE LARANJEIRAS,VIA PÚBLICA,roubos,patrimonial,2025.0,10.0,OUT,2025-10-01,5.0,SAB,True,3.0,MADRUGADA
2025-10-11,20:40:00,CRIMES CONTRA PATRIMÔNIO,CRIMES CONTRA PATRIMÔNIO: ROUBO: A PESSOA EM VIA PÚBLICA,ES,SERRA,RESIDENCIAL VISTA DO MESTRE,RESIDÊNCIA,roubos,patrimonial,2025.0,10.0,OUT,2025-10-01,5.0,SAB,True,20.0,NOITE
2025-10-11,00:00:00,CRIMES CONTRA PATRIMÔNIO,CRIMES CONTRA PATRIMÔNIO: ROUBO: A PESSOA EM VIA PÚBLICA,ES,SAO MATEUS,CENTRO,VIA PÚBLICA,roubos,patrimonial,2025.0,10.0,OUT,2025-10-01,5.0,SAB,True,0.0,MADRUGADA
2025-10-11,17:00:00,CRIMES CONTRA PATRIMÔNIO,CRIMES CONTRA PATRIMÔNIO: ROUBO: A PESSOA EM VIA PÚBLICA,ES,VILA VELHA,RIO MARINHO,VIA PÚBLICA,roubos,patrimonial,2025.0,10.0,OUT,2025-10-01,5.0,SAB,True,17.0,TARDE
2025-10-11,23:30:00,CRIMES CONTRA PATRIMÔNIO,CRIMES CONTRA PATRIMÔNIO: ROUBO: A PESSOA EM VIA PÚBLICA,ES,CARIACICA,NOVA VALVERDE,VIA PÚBLICA,roubos,patrimonial,2025.0,10.0,OUT,2025-10-01,5.0,SAB,True,23.0,NOITE
2025-10-11,20:50:00,CRIMES CONTRA PATRIMÔNIO,CRIMES CONTRA PATRIMÔNIO: ROUBO: A PESSOA EM VIA PÚBLICA,ES,SERRA,BALNEARIO DE CARAPEBUS,VIA PÚBLICA,roubos,patrimonial,2025.0,10.0,OUT,2025-10-01,5.0,SAB,True,20.0,NOITE
2025-10-11,05:16:00,CRIMES CONTRA PATRIMÔNIO,CRIMES CONTRA PATRIMÔNIO: ROUBO: A PESSOA EM VIA PÚBLICA,ES,GUARAPARI,SANTA MONICA,VIA PÚBLICA,roubos,patrimonial,2025.0,10.0,OUT,2025-10-01,5.0,SAB,True,5.0,MADRUGADA
2025-10-11,00:35:00,CRIMES CONTRA PATRIMÔNIO,CRIMES CONTRA PATRIMÔNIO: ROUBO: EM ESTABELECIMENTO COMERCIAL,ES,VILA VELHA,IBES,COMÉRCIO,roubos,patrimonial,2025.0,10.0,OUT,2025-10-01,5.0,SAB,True,0.0,MADRUGADA
2025-10-11,19:46:00,CRIMES CONTRA PATRIMÔNIO,CRIMES CONTRA PATRIMÔNIO: ROUBO: EM ESTABELECIMENTO COMERCIAL,ES,VILA VELHA,OUTRO LOCAL,COMÉRCIO,roubos,patrimonial,2025.0,10.0,OUT,2025-10-01,5.0,SAB,True,19.0,NOITE
2025-10-11,17:30:00,CRIMES CONTRA PATRIMÔNIO,CRIMES CONTRA PATRIMÔNIO: ROUBO: EM ESTABELECIMENTO COMERCIAL,ES,JERONIMO MONTEIRO,CENTRO,COMÉRCIO,roubos,patrimonial,2025.0,10.0,OUT,2025-10-01,5.0,SAB,True,17.0,TARDE
2025-10-11,19:03:00,CRIMES CONTRA PATRIMÔNIO,CRIMES CONTRA PATRIMÔNIO: ROUBO: EM ESTABELECIMENTO COMERCIAL,ES,VILA VELHA,PRAIA DA COSTA,COMÉRCIO,roubos,patrimonial,2025.0,10.0,OUT,2025-10-01,5.0,SAB,True,19.0,NOITE
2025-10-12,05:30:00,CRIMES CONTRA PATRIMÔNIO,CRIMES CONTRA PATRIMÔNIO: ROUBO: A PESSOA EM VIA PÚBLICA,ES,VILA VELHA,ARIBIRI,VIA PÚBLICA,roubos,patrimonial,2025.0,10.0,OUT,2025-10-01,6.0,DOM,True,5.0,MADRUGADA
2025-10-12,22:50:00,CRIMES CONTRA PATRIMÔNIO,CRIMES CONTRA PATRIMÔNIO: ROUBO: A PESSOA EM VIA PÚBLICA,ES,GUARAPARI,IPIRANGA,VIA PÚBLICA,roubos,patrimonial,2025.0,10.0,OUT,2025-10-01,6.0,DOM,True,22.0,NOITE
2025-10-12,11:25:00,CRIMES CONTRA PATRIMÔNIO,CRIMES CONTRA PATRIMÔNIO: ROUBO: A PESSOA EM VIA PÚBLICA,ES,COLATINA,CENTRO,VIA PÚBLICA,roubos,patrimonial,2025.0,10.0,OUT,2025-10-01,6.0,DOM,True,11.0,MANHA
2025-10-12,08:40:00,CRIMES CONTRA PATRIMÔNIO,CRIMES CONTRA PATRIMÔNIO: ROUBO: A PESSOA EM VIA PÚBLICA,ES,VILA VELHA,DOM JOAO BATISTA,VIA PÚBLICA,roubos,patrimonial,2025.0,10.0,OUT,2025-10-01,6.0,DOM,True,8.0,MANHA
2025-10-12,Indeterminada,CRIMES CONTRA PATRIMÔNIO,CRIMES CONTRA PATRIMÔNIO: ROUBO: A PESSOA EM VIA PÚBLICA,ES,SERRA,CARAPINA,VIA PÚBLICA,roubos,patrimonial,2025.0,10.0,OUT,2025-10-01,6.0,DOM,True,,
2025-10-12,05:00:00,CRIMES CONTRA PATRIMÔNIO,CRIMES CONTRA PATRIMÔNIO: ROUBO: A PESSOA EM VIA PÚBLICA,ES,CARIACICA,JARDIM AMERICA,VIA PÚBLICA,roubos,patrimonial,2025.0,10.0,OUT,2025-10-01,6.0,DOM,True,5.0,MADRUGADA
2025-10-12,19:00:00,CRIMES CONTRA PATRIMÔNIO,CRIMES CONTRA PATRIMÔNIO: ROUBO: A PESSOA EM VIA PÚBLICA,ES,VILA VELHA,MORADA DA BARRA,VIA PÚBLICA,roubos,patrimonial,2025.0,10.0,OUT,2025-10-01,6.0,DOM,True,19.0,NOITE
2025-10-12,03:14:00,CRIMES CONTRA PATRIMÔNIO,CRIMES CONTRA PATRIMÔNIO: ROUBO: A PESSOA EM VIA PÚBLICA,ES,VILA VELHA,ATAIDE,VIA PÚBLICA,roubos,patrimonial,2025.0,10.0,OUT,2025-10-01,6.0,DOM,True,3.0,MADRUGADA
2025-10-12,18:45:00,CRIMES CONTRA PATRIMÔNIO,CRIMES CONTRA PATRIMÔNIO: ROUBO: A PESSOA EM VIA PÚBLICA,ES,SERRA,PARQUE RESIDENCIAL LARANJEIRAS,VIA PÚBLICA,roubos,patrimonial,2025.0,10.0,OUT,2025-10-01,6.0,DOM,True,18.0,NOITE
2025-10-12,17:00:00,CRIMES CONTRA PATRIMÔNIO,CRIMES CONTRA PATRIMÔNIO: ROUBO: A PESSOA EM VIA PÚBLICA,ES,GUARAPARI,PRAIA DO MORRO,VIA PÚBLICA,roubos,patrimonial,2025.0,10.0,OUT,2025-10-01,6.0,DOM,True,17.0,TARDE
2025-10-12,17:00:00,CRIMES CONTRA PATRIMÔNIO,CRIMES CONTRA PATRIMÔNIO: ROUBO: A PESSOA EM VIA PÚBLICA,ES,VITORIA,PARQUE MOSCOSO,VIA PÚBLICA,roubos,patrimonial,2025.0,10.0,OUT,2025-10-01,6.0,DOM,True,17.0,TARDE
2025-10-12,18:30:00,CRIMES CONTRA PATRIMÔNIO,CRIMES CONTRA PATRIMÔNIO: ROUBO: A PESSOA EM VIA PÚBLICA,ES,SAO MATEUS,BOA VISTA,VIA PÚBLICA,roubos,patrimonial,2025.0,10.0,OUT,2025-10-01,6.0,DOM,True,18.0,NOITE
2025-10-12,23:00:00,CRIMES CONTRA PATRIMÔNIO,CRIMES CONTRA PATRIMÔNIO: ROUBO: A PESSOA EM VIA PÚBLICA,ES,VITORIA,CENTRO,VIA PÚBLICA,roubos,patrimonial,2025.0,10.0,OUT,2025-10-01,6.0,DOM,True,23.0,NOITE
2025-10-12,22:17:00,CRIMES CONTRA PATRIMÔNIO,CRIMES CONTRA PATRIMÔNIO: ROUBO: EM TRANSPORTE COLETIVO,ES,VITORIA,CENTRO,VIA PÚBLICA,roubos,patrimonial,2025.0,10.0,OUT,2025-10-01,6.0,DOM,True,22.0,NOITE
2025-10-12,16:00:00,CRIMES CONTRA PATRIMÔNIO,CRIMES CONTRA PATRIMÔNIO: ROUBO: EM TRANSPORTE COLETIVO,ES,VILA VELHA,SANTA RITA,TRANSP COLETIVO,roubos,patrimonial,2025.0,10.0,OUT,2025-10-01,6.0,DOM,True,16.0,TARDE
