municipio,bairro,categoria_macro,quantidade
VITORIA,CENTRO,patrimonial,683
VILA VELHA,PRAIA DA COSTA,patrimonial,616
LINHARES,OUTRO LOCAL,patrimonial,428
VITORIA,CENTRO,objetos,420
CARIACICA,CAMPO GRANDE,patrimonial,415
VITORIA,JARDIM DA PENHA,patrimonial,316
VITORIA,JARDIM CAMBURI,patrimonial,315
VILA VELHA,CENTRO VILA VELHA,patrimonial,301
VILA VELHA,ITAPOA,patrimonial,301
VITORIA,ENSEADA DO SUA,patrimonial,287
VITORIA,PRAIA DO CANTO,patrimonial,283
CACHOEIRO DE ITAPEMIRIM,OUTRO LOCAL,patrimonial,264
SERRA,PARQUE RESIDENCIAL LARANJEIRAS,patrimonial,261
VILA VELHA,PRAIA DE ITAPARICA,patrimonial,258
SAO MATEUS,OUTRO LOCAL,patrimonial,255
SERRA,JARDIM LIMOEIRO,patrimonial,206
ARACRUZ,OUTRO LOCAL,patrimonial,201
VILA VELHA,GLORIA,patrimonial,195
SERRA,PARQUE RESIDENCIAL LARANJEIRAS,objetos,184
CARIACICA,CAMPO GRANDE,objetos,174
GUARAPARI,PRAIA DO MORRO,patrimonial,173
VITORIA,SANTA LUCIA,patrimonial,173
VITORIA,JARDIM CAMBURI,objetos,166
VILA VELHA,COQUEIRAL DE ITAPARICA,patrimonial,164
VITORIA,BENTO FERREIRA,patrimonial,160
SERRA,COLINA DE LARANJEIRAS,patrimonial,159
VILA VELHA,PRAIA DA COSTA,objetos,157
LINHARES,CENTRO,patrimonial,148
VILA VELHA,ATAIDE,patrimonial,141
VITORIA,OUTRO LOCAL,patrimonial,138
GUARAPARI,CENTRO,patrimonial,135
SERRA,BAIRRO DAS LARANJEIRAS,patrimonial,129
CARIACICA,ITACIBA,patrimonial,126
COLATINA,CENTRO,patrimonial,120
VILA VELHA,ARIBIRI,patrimonial,119
SERRA,FEU ROSA,patrimonial,118
VITORIA,MATA DA PRAIA,patrimonial,111
VILA VELHA,COBILANDIA,patrimonial,105
GUARAPARI,MUQUICABA,patrimonial,104
CARIACICA,JARDIM AMERICA,patrimonial,102
MARATAIZES,BARRA DE ITAPEMIRIM,patrimonial,102
SERRA,VALPARAISO,patrimonial,101
VILA VELHA,PRAIA DE ITAPARICA,objetos,100
CACHOEIRO DE ITAPEMIRIM,CENTRO,patrimonial,98
LINHARES,INTERLAGOS,patrimonial,98
SERRA,CARAPINA,patrimonial,98
SERRA,MORADA DE LARANJEIRAS,patrimonial,98
VILA VELHA,CENTRO VILA VELHA,objetos,97
VITORIA,GOIABEIRAS,patrimonial,97
CARIACICA,NOVA ROSA DA PENHA,patrimonial,95
VITORIA,JARDIM DA PENHA,objetos,95
VILA VELHA,OUTRO LOCAL,patrimonial,93
SERRA,JARDIM LIMOEIRO,objetos,91
CARIACICA,OUTRO LOCAL,patrimonial,90
SERRA,NOVO HORIZONTE,patrimonial,89
VILA VELHA,JOCKEY DE ITAPARICA,patrimonial,89
VITORIA,JARDIM CAMBURI,digital,89
CARIACICA,SAO FRANCISCO,patrimonial,88
VILA VELHA,ITAPOA,objetos,88
VILA VELHA,SAO TORQUATO,patrimonial,85
SERRA,CARAPINA,objetos,84
VILA VELHA,DIVINO ESPIRITO SANTO,patrimonial,84
CARIACICA,ALTO LAGE,patrimonial,81
VILA VELHA,VALE ENCANTADO,patrimonial,78
SERRA,JARDIM TROPICAL,patrimonial,77
VIANA,MARCILIO DE NORONHA,patrimonial,75
LINHARES,INTERLAGOS,violencia_social,74
SERRA,PARQUE JACARAIPE,patrimonial,73
VILA VELHA,IBES,patrimonial,73
VITORIA,SANTO ANTONIO,patrimonial,73
CARIACICA,CRUZEIRO DO SUL,patrimonial,72
CARIACICA,VILA CAPIXABA,patrimonial,71
VILA VELHA,RIO MARINHO,patrimonial,70
VITORIA,BARRO VERMELHO,patrimonial,70
SERRA,VILA NOVA DE COLARES,patrimonial,69
VILA VELHA,GLORIA,objetos,69
VILA VELHA,SOTECO,patrimonial,69
VITORIA,MARUIPE,patrimonial,69
SERRA,CARAPINA GRANDE,patrimonial,68
VILA VELHA,ARACAS,patrimonial,68
VITORIA,BENTO FERREIRA,objetos,68
VILA VELHA,COQUEIRAL DE ITAPARICA,objetos,67
VITORIA,SANTA LUIZA,patrimonial,67
CARIACICA,JARDIM AMERICA,objetos,66
SERRA,BALNEARIO DE CARAPEBUS,patrimonial,66
VITORIA,ENSEADA DO SUA,objetos,66
SERRA,BARCELONA,patrimonial,65
SERRA,COLINA DE LARANJEIRAS,objetos,65
VILA VELHA,BARRAMARES,patrimonial,65
VITORIA,PRAIA DO CANTO,objetos,65
BARRA DE SAO FRANCISCO,CENTRO,patrimonial,64
VILA VELHA,DIVINO ESPIRITO SANTO,objetos,64
VITORIA,VILA RUBIM,patrimonial,64
ARACRUZ,CENTRO,patrimonial,63
GUARAPARI,ITAPEBUSSU,patrimonial,63
LINHARES,AVISO,patrimonial,63
SERRA,NOVA CARAPINA I,patrimonial,63
VILA VELHA,ATAIDE,objetos,63
COLATINA,SAO SILVANO,patrimonial,62
SERRA,BAIRRO DAS LARANJEIRAS,objetos,62
VILA VELHA,ALVORADA,patrimonial,62
CARIACICA,RIO BRANCO,objetos,61
GUARAPARI,SANTA MONICA,patrimonial,61
LINHARES,AVISO,violencia_social,61
SAO MATEUS,GURIRI,violencia_social,61
PIUMA,CENTRO,patrimonial,60
SAO GABRIEL DA PALHA,OUTRO LOCAL,patrimonial,60
SERRA,SERRA CENTRO,patrimonial,60
VILA VELHA,SANTA INES,patrimonial,60
GUACUI,OUTRO LOCAL,patrimonial,59
GUARAPARI,OUTRO LOCAL,patrimonial,59
LINHARES,CENTRO,objetos,59
SERRA,PLANALTO SERRANO,patrimonial,59
CARIACICA,CARIACICA SEDE,patrimonial,58
VITORIA,PRAIA DO SUA,patrimonial,58
CARIACICA,PORTO DE SANTANA,patrimonial,57
MARATAIZES,OUTRO LOCAL,patrimonial,57
SERRA,OUTRO LOCAL,patrimonial,56
VITORIA,JUCUTUQUARA,patrimonial,56
CARIACICA,SANTANA,patrimonial,55
SERRA,BAIRRO DE FATIMA,patrimonial,55
GUARAPARI,CENTRO,objetos,54
VILA VELHA,PRAIA DAS GAIVOTAS,patrimonial,53
VITORIA,MARIA ORTIZ,patrimonial,53
CARIACICA,SANTA BARBARA,patrimonial,52
ITAPEMIRIM,ITAIPAVA,patrimonial,52
VITORIA,ILHA DO PRINCIPE,patrimonial,52
SERRA,FEU ROSA,violencia_social,51
SERRA,PARQUE JACARAIPE,objetos,51
VILA VELHA,ARIBIRI,objetos,51
SERRA,VILA NOVA DE COLARES,violencia_social,50
VILA VELHA,NOSSA SENHORA DA PENHA,patrimonial,50
VILA VELHA,NOVO MEXICO,patrimonial,50
MARATAIZES,CIDADE NOVA,patrimonial,49
SERRA,ROSARIO DE FATIMA,patrimonial,49
VILA VELHA,JARDIM MARILANDIA,patrimonial,49
VITORIA,GRANDE VITORIA,patrimonial,49
CARIACICA,CAMPINA GRANDE,patrimonial,48
CARIACICA,ITACIBA,objetos,48
LINHARES,INTERLAGOS,objetos,48
SERRA,JARDIM CARAPINA,patrimonial,48
VILA VELHA,ALECRIM,patrimonial,48
GUARAPARI,PRAIA DO MORRO,objetos,47
ITAPEMIRIM,ITAOCA,patrimonial,47
SERRA,SAO DIOGO II,patrimonial,47
VITORIA,JARDIM CAMBURI,violencia_social,47
VILA VELHA,BARRA DO JUCU,patrimonial,46
VILA VELHA,SAO TORQUATO,objetos,46
VITORIA,SAO PEDRO,patrimonial,46
CARIACICA,CASTELO BRANCO,patrimonial,45
CARIACICA,SAO FRANCISCO,objetos,45
VITORIA,ITARARE,patrimonial,45
CARIACICA,MORADA DE SANTA FE,patrimonial,44
NOVA VENECIA,OUTRO LOCAL,patrimonial,44
SERRA,CASTELANDIA,patrimonial,44
SERRA,ELDORADO,patrimonial,44
SERRA,NOVA CARAPINA II,patrimonial,44
SERRA,PORTO CANOA,patrimonial,44
VILA VELHA,JOCKEY DE ITAPARICA,objetos,44
SERRA,CENTRAL CARAPINA,patrimonial,43
SERRA,CIDADE CONTINENTAL,patrimonial,43
SERRA,JOSE DE ANCHIETA,patrimonial,43
SERRA,NOVA ALMEIDA CENTRO,patrimonial,43
SOORETAMA,OUTRO LOCAL,patrimonial,43
VILA VELHA,SANTA RITA,patrimonial,43
SERRA,ROSARIO DE FATIMA,objetos,42
VILA VELHA,RIVIERA DA BARRA,patrimonial,42
VILA VELHA,VILA GARRIDO,patrimonial,42
VITORIA,ILHA DE SANTA MARIA,patrimonial,42
VITORIA,SANTA MARTHA,patrimonial,42
CARIACICA,PORTO DE CARIACICA,patrimonial,41
GUACUI,CENTRO,patrimonial,41
GUARAPARI,NOVA GUARAPARI,objetos,41
ITAPEMIRIM,CENTRO,patrimonial,41
SERRA,BAIRRO DAS LARANJEIRAS,violencia_social,41
SERRA,SAO DIOGO I,patrimonial,41
SERRA,SERRA DOURADA II,patrimonial,41
VITORIA,GOIABEIRAS,objetos,41
VITORIA,PARQUE MOSCOSO,patrimonial,41
CARIACICA,SAO GERALDO,patrimonial,40
GUARAPARI,IPIRANGA,patrimonial,40
LINHARES,PLANALTO,patrimonial,40
SERRA,MANGUINHOS,patrimonial,40
VILA VELHA,RIO MARINHO,objetos,40
CARIACICA,NOVA BRASILIA,patrimonial,39
CARIACICA,NOVA ROSA DA PENHA,objetos,39
CARIACICA,NOVA ROSA DA PENHA,violencia_social,39
CARIACICA,VILA PALESTINA,patrimonial,39
GUARAPARI,MUQUICABA,objetos,39
CASTELO,CENTRO,patrimonial,38
SAO MATEUS,CENTRO,patrimonial,38
SERRA,JARDIM ATLANTICO,patrimonial,38
VILA VELHA,ARACAS,objetos,38
VILA VELHA,BARRAMARES,violencia_social,38
VILA VELHA,COBILANDIA,objetos,38
VILA VELHA,ILHA DAS FLORES,patrimonial,38
VILA VELHA,PONTA DA FRUTA,patrimonial,38
VILA VELHA,TERRA VERMELHA,patrimonial,38
VITORIA,REPUBLICA,patrimonial,38
CARIACICA,RIO BRANCO,patrimonial,37
CARIACICA,SANTO ANDRE,patrimonial,37
FUNDAO,PRAIA GRANDE,patrimonial,37
LINHARES,ARACA,patrimonial,37
LINHARES,PLANALTO,violencia_social,37
MARECHAL FLORIANO,CENTRO,patrimonial,37
SANTA MARIA DE JETIBA,CENTRO,patrimonial,37
SANTA MARIA DE JETIBA,OUTRO LOCAL,patrimonial,37
SAO MATEUS,GURIRI,patrimonial,37
SAO MATEUS,OUTRO LOCAL,digital,37
SERRA,NOVO PORTO CANOA,patrimonial,37
VILA VELHA,GUARANHUNS,patrimonial,37
VILA VELHA,JABURUNA,patrimonial,37
VILA VELHA,NOSSA SENHORA DA PENHA,objetos,37
VILA VELHA,PRAIA DA COSTA,violencia_social,37
VILA VELHA,SANTA MONICA,patrimonial,37
CACHOEIRO DE ITAPEMIRIM,AQUIDABAN,patrimonial,36
CARIACICA,BELA AURORA,patrimonial,36
GUARAPARI,PORTO GRANDE,objetos,36
SAO JOSE DO CALCADO,CENTRO,patrimonial,36
SERRA,NOVO HORIZONTE,objetos,36
SERRA,NOVO HORIZONTE,violencia_social,36
VILA VELHA,CRISTOVAO COLOMBO,patrimonial,36
VITORIA,SANTA LUCIA,objetos,36
ALEGRE,CENTRO,patrimonial,35
CARIACICA,ALTO LAGE,objetos,35
CARIACICA,BANDEIRANTES,patrimonial,35
CARIACICA,CAMPO VERDE,patrimonial,35
MARATAIZES,BARRA DE ITAPEMIRIM,violencia_social,35
SERRA,HELIO FERRAZ,patrimonial,35
SERRA,RESIDENCIAL JACARAIPE,patrimonial,35
VILA VELHA,PAUL,patrimonial,35
VITORIA,BONFIM,patrimonial,35
VITORIA,GURIGICA,patrimonial,35
VITORIA,MARIO CYPRESTE,patrimonial,35
VITORIA,VILA RUBIM,objetos,35
ARACRUZ,OUTRO LOCAL,violencia_social,34
CACHOEIRO DE ITAPEMIRIM,DOUTOR GILSON CARONE,violencia_social,34
CACHOEIRO DE ITAPEMIRIM,GUANDU,patrimonial,34
CARIACICA,SANTA BARBARA,objetos,34
MONTANHA,CENTRO,patrimonial,34
VIANA,NOVA BETHANIA,patrimonial,34
VILA VELHA,ULISSES GUIMARAES,patrimonial,34
VITORIA,SAO CRISTOVAO,patrimonial,34
CACHOEIRO DE ITAPEMIRIM,GILBERTO MACHADO,patrimonial,33
CARIACICA,CAMPO GRANDE,violencia_social,33
CARIACICA,VILA CAPIXABA,objetos,33
GUARAPARI,OUTRO LOCAL,objetos,33
GUARAPARI,PRAIA DO MORRO,violencia_social,33
LINHARES,OUTRO LOCAL,violencia_social,33
SERRA,CIDADE POMAR,patrimonial,33
SERRA,JARDIM CARAPINA,violencia_social,33
SERRA,VALPARAISO,objetos,33
CARIACICA,NOVO BRASIL,patrimonial,32
ITAPEMIRIM,ITAOCA,violencia_social,32
LINHARES,SHELL,patrimonial,32
VILA VELHA,ILHA DOS BENTOS,patrimonial,32
VITORIA,ILHA DO PRINCIPE,objetos,32
VITORIA,MATA DA PRAIA,objetos,32
VITORIA,SANTA HELENA,patrimonial,32
ANCHIETA,OUTRO LOCAL,patrimonial,31
CARIACICA,CRUZEIRO DO SUL,objetos,31
MANTENOPOLIS,OUTRO LOCAL,patrimonial,31
NOVA VENECIA,RUBIA,patrimonial,31
SAO MATEUS,OUTRO LOCAL,violencia_social,31
SERRA,ANDRE CARLONI,patrimonial,31
SERRA,FEU ROSA,objetos,31
VILA VELHA,BARRA DO JUCU,objetos,31
VITORIA,CARATOIRA,patrimonial,31
CACHOEIRO DE ITAPEMIRIM,INDEPENDENCIA,patrimonial,30
CARIACICA,MORADA DE SANTA FE,objetos,30
COLATINA,CARLOS GERMANO NAUMANN,patrimonial,30
GUARAPARI,NOVA GUARAPARI,patrimonial,30
GUARAPARI,SANTA MONICA,violencia_social,30
LINHARES,CANIVETE,patrimonial,30
SANTA MARIA DE JETIBA,CENTRO,violencia_social,30
SAO GABRIEL DA PALHA,CENTRO,patrimonial,30
SERRA,MANGUINHOS,objetos,30
SERRA,PORTAL DE JACARAIPE,patrimonial,30
VILA VELHA,VILA NOVA,patrimonial,30
VITORIA,ITARARE,violencia_social,30
ARACRUZ,CENTRO,objetos,29
CACHOEIRO DE ITAPEMIRIM,VILA RICA,patrimonial,29
CARIACICA,ITANGUA,patrimonial,29
CARIACICA,TUCUM,patrimonial,29
LINHARES,AVISO,objetos,29
MARATAIZES,CENTRO,patrimonial,29
NOVA VENECIA,AEROPORTO,violencia_social,29
NOVA VENECIA,CENTRO,patrimonial,29
SERRA,CARAPINA GRANDE,objetos,29
SERRA,CHACARA PARREIRAL,patrimonial,29
SERRA,LARANJEIRAS VELHA,patrimonial,29
SERRA,SERRA DOURADA III,patrimonial,29
VIANA,NOVA BETHANIA,violencia_social,29
VIANA,UNIVERSAL,patrimonial,29
VILA VELHA,ILHA DOS AYRES,patrimonial,29
VILA VELHA,SANTOS DUMONT,patrimonial,29
VILA VELHA,SOTECO,violencia_social,29
VITORIA,MONTE BELO,patrimonial,29
CACHOEIRO DE ITAPEMIRIM,ZUMBI,patrimonial,28
CARIACICA,JARDIM BOTANICO,patrimonial,28
CARIACICA,MUCURI,patrimonial,28
CARIACICA,PORTO NOVO,patrimonial,28
CARIACICA,RIO MARINHO,patrimonial,28
COLATINA,COLATINA VELHA,violencia_social,28
ITAPEMIRIM,ITAIPAVA,violencia_social,28
PINHEIROS,CENTRO,patrimonial,28
PIUMA,JARDIM MAILY,patrimonial,28
SAO MATEUS,GURIRI,objetos,28
SERRA,CIVIT II,patrimonial,28
SERRA,PLANALTO SERRANO,violencia_social,28
VILA VELHA,ALVORADA,objetos,28
VILA VELHA,COCAL,patrimonial,28
VILA VELHA,RESIDENCIAL COQUEIRAL,patrimonial,28
VILA VELHA,VALE ENCANTADO,objetos,28
VITORIA,RESISTENCIA,patrimonial,28
CARIACICA,SANTA CECILIA,patrimonial,27
COLATINA,BELA VISTA,violencia_social,27
GUARAPARI,AEROPORTO,patrimonial,27
IUNA,QUILOMBO,patrimonial,27
PEDRO CANARIO,CENTRO,patrimonial,27
SERRA,BALNEARIO DE CARAPEBUS,violencia_social,27
SERRA,NOVA CARAPINA II,violencia_social,27
VITORIA,MARIO CYPRESTE,objetos,27
VITORIA,SANTO ANTONIO,objetos,27
VITORIA,TABUAZEIRO,patrimonial,27
AFONSO CLAUDIO,OUTRO LOCAL,patrimonial,26
BAIXO GUANDU,CENTRO,patrimonial,26
BARRA DE SAO FRANCISCO,BAIRRO IRMAOS FERNANDES,patrimonial,26
COLATINA,HONORIO FRAGA,patrimonial,26
MARATAIZES,BARRA DE ITAPEMIRIM,objetos,26
SERRA,ALTEROSAS,patrimonial,26
SERRA,SERRA CENTRO,objetos,26
VIANA,VILA BETHANIA,patrimonial,26
VILA VELHA,ARIBIRI,violencia_social,26
VILA VELHA,ITAPOA,violencia_social,26
VILA VELHA,JARDIM COLORADO,patrimonial,26
VILA VELHA,NOVO MEXICO,objetos,26
VILA VELHA,SOTECO,objetos,26
VILA VELHA,VILA BATISTA,patrimonial,26
VITORIA,JOANA DARC,patrimonial,26
ANCHIETA,CENTRO,patrimonial,25
BAIXO GUANDU,OUTRO LOCAL,patrimonial,25
CARIACICA,CASTELO BRANCO,violencia_social,25
CARIACICA,PORTO DE SANTANA,objetos,25
CARIACICA,VILA PRUDENCIO,patrimonial,25
COLATINA,AYRTON SENNA,violencia_social,25
MARATAIZES,ILMENITA,patrimonial,25
SERRA,EURICO SALLES,patrimonial,25
SERRA,NOVA CARAPINA I,objetos,25
SERRA,PLANALTO DE CARAPINA,patrimonial,25
SOORETAMA,CENTRO,objetos,25
SOORETAMA,CENTRO,patrimonial,25
VIANA,CANAA,patrimonial,25
VILA VELHA,IBES,objetos,25
VILA VELHA,PRAIA DAS GAIVOTAS,objetos,25
VITORIA,ILHA DE SANTA MARIA,objetos,25
VITORIA,JUCUTUQUARA,objetos,25
VITORIA,SAO JOSE,patrimonial,25
AFONSO CLAUDIO,CENTRO,patrimonial,24
CACHOEIRO DE ITAPEMIRIM,CORAMARA,violencia_social,24
CACHOEIRO DE ITAPEMIRIM,ZUMBI,violencia_social,24
CARIACICA,BOA SORTE,patrimonial,24
CARIACICA,NOVA BRASILIA,objetos,24
CARIACICA,VILA PALESTINA,objetos,24
GUARAPARI,BALNEARIO MEAIPE,objetos,24
NOVA VENECIA,RUBIA,violencia_social,24
PIUMA,OUTRO LOCAL,patrimonial,24
SERRA,ENSEADA DE JACARAIPE,patrimonial,24
SERRA,ESTANCIA MONAZITICA,patrimonial,24
SERRA,EURICO SALLES,objetos,24
SERRA,JARDIM TROPICAL,violencia_social,24
SERRA,MANOEL PLAZA,patrimonial,24
SERRA,VISTA DA SERRA I,patrimonial,24
VILA VELHA,MORADA DA BARRA,patrimonial,24
VITORIA,MARIA ORTIZ,violencia_social,24
ALEGRE,CENTRO,violencia_social,23
ARACRUZ,BARRA DO RIACHO,violencia_social,23
CARIACICA,GRAUNA,patrimonial,23
CARIACICA,SANTANA,objetos,23
CARIACICA,SANTO ANDRE,objetos,23
COLATINA,CENTRO,objetos,23
COLATINA,NOSSA SENHORA APARECIDA,patrimonial,23
GUARAPARI,KUBITSCHEK,patrimonial,23
JERONIMO MONTEIRO,CENTRO,patrimonial,23
LINHARES,MOVELAR,patrimonial,23
LINHARES,SAO JOSE,patrimonial,23
MIMOSO DO SUL,CENTRO,patrimonial,23
SERRA,JARDIM LIMOEIRO,violencia_social,23
SERRA,VILA NOVA DE COLARES,objetos,23
VENDA NOVA DO IMIGRANTE,VILA BETANEA,patrimonial,23
VIANA,MARCILIO DE NORONHA,violencia_social,23
VILA VELHA,COQUEIRAL DE ITAPARICA,violencia_social,23
VILA VELHA,JARDIM MARILANDIA,objetos,23
VILA VELHA,NOVA ITAPARICA,patrimonial,23
VILA VELHA,SANTA INES,objetos,23
VITORIA,INHANGUETA,patrimonial,23
VITORIA,JARDIM DA PENHA,violencia_social,23
AGUA DOCE DO NORTE,OUTRO LOCAL,patrimonial,22
ARACRUZ,VILA DO RIACHO,violencia_social,22
CACHOEIRO DE ITAPEMIRIM,AEROPORTO,patrimonial,22
CARIACICA,DOM BOSCO,patrimonial,22
CARIACICA,FLEXAL II,patrimonial,22
CARIACICA,JARDIM CAMPO GRANDE,patrimonial,22
CARIACICA,PORTO DE CARIACICA,objetos,22
CARIACICA,ROSA DA PENHA,patrimonial,22
CARIACICA,SANTO ANTONIO,patrimonial,22
COLATINA,CARLOS GERMANO NAUMANN,violencia_social,22
CONCEICAO DA BARRA,CENTRO,patrimonial,22
IUNA,QUILOMBO,violencia_social,22
LINHARES,ARACA,violencia_social,22
LINHARES,BEBEDOURO,patrimonial,22
LINHARES,MOVELAR,objetos,22
LINHARES,NOVO HORIZONTE,patrimonial,22
LINHARES,SHELL,objetos,22
SERRA,CARAPINA GRANDE,violencia_social,22
SERRA,JOSE DE ANCHIETA,objetos,22
SERRA,LARANJEIRAS VELHA,objetos,22
SERRA,MATA DA SERRA,patrimonial,22
SERRA,SAO FRANCISCO,patrimonial,22
VILA VELHA,BALNEARIO PONTA DA FRUTA,patrimonial,22
VITORIA,CENTRO,violencia_social,22
VITORIA,CONSOLACAO,patrimonial,22
VITORIA,DE LOURDES,patrimonial,22
VITORIA,FORTE SAO JOAO,patrimonial,22
ARACRUZ,JACUPEMBA,patrimonial,21
BOA ESPERANCA,OUTRO LOCAL,patrimonial,21
CACHOEIRO DE ITAPEMIRIM,MARBRASA,patrimonial,21
CARIACICA,APARECIDA,patrimonial,21
CARIACICA,FLEXAL I,patrimonial,21
CARIACICA,ITACIBA,violencia_social,21
CARIACICA,PROLAR,patrimonial,21
CARIACICA,TABAJARA,patrimonial,21
CARIACICA,VERA CRUZ,patrimonial,21
GUARAPARI,BALNEARIO MEAIPE,patrimonial,21
GUARAPARI,SAO GABRIEL,violencia_social,21
IBATIBA,CENTRO,patrimonial,21
LINHARES,BEBEDOURO,violencia_social,21
LINHARES,NOSSA SENHORA DA CONCEICAO,patrimonial,21
LINHARES,SANTA CRUZ,violencia_social,21
MARATAIZES,CIDADE NOVA,violencia_social,21
MARILANDIA,CENTRO,patrimonial,21
RIO BANANAL,SAO SEBASTIAO,violencia_social,21
SERRA,BICANGA,patrimonial,21
SERRA,CENTRAL CARAPINA,objetos,21
SERRA,CENTRO DA SERRA,patrimonial,21
SERRA,CIDADE CONTINENTAL,violencia_social,21
SERRA,SERRA DOURADA II,violencia_social,21
SERRA,TAQUARA I,patrimonial,21
VILA VELHA,ATAIDE,violencia_social,21
VILA VELHA,JOAO GOULART,patrimonial,21
VITORIA,FORTE SAO JOAO,objetos,21
VITORIA,HORTO,patrimonial,21
VITORIA,JABOUR,patrimonial,21
VITORIA,PRAIA DO SUA,objetos,21
ALEGRE,VILA DO SUL,violencia_social,20
ARACRUZ,SANTA CRUZ,violencia_social,20
ARACRUZ,VILA NOVA,patrimonial,20
CACHOEIRO DE ITAPEMIRIM,CORONEL BORGES,patrimonial,20
CACHOEIRO DE ITAPEMIRIM,JARDIM ITAPEMIRIM,patrimonial,20
CARIACICA,OUTRO LOCAL,objetos,20
CARIACICA,VALE DOS REIS,patrimonial,20
COLATINA,COLUMBIA,patrimonial,20
COLATINA,MARIA DAS GRACAS,patrimonial,20
COLATINA,MARIA DAS GRACAS,violencia_social,20
COLATINA,OUTRO LOCAL,patrimonial,20
CONCEICAO DA BARRA,BRACO DO RIO,patrimonial,20
IUNA,CENTRO,patrimonial,20
LINHARES,TRES BARRAS,patrimonial,20
MIMOSO DO SUL,OUTRO LOCAL,patrimonial,20
MONTANHA,OUTRO LOCAL,patrimonial,20
PANCAS,CENTRO,patrimonial,20
SERRA,BAIRRO DE FATIMA,objetos,20
SERRA,BARCELONA,violencia_social,20
SERRA,CARAPINA I,patrimonial,20
SERRA,JARDIM TROPICAL,objetos,20
SERRA,LAGOA DE JACARAIPE,patrimonial,20
VIANA,OUTRO LOCAL,patrimonial,20
VILA VELHA,JARDIM ASTECA,patrimonial,20
VILA VELHA,RESIDENCIAL JABAETE,patrimonial,20
VILA VELHA,SANTA MONICA POPULAR,patrimonial,20
VILA VELHA,ULISSES GUIMARAES,violencia_social,20
VITORIA,DA PENHA,patrimonial,20
ANCHIETA,OUTRO LOCAL,violencia_social,19
ARACRUZ,BELA VISTA,patrimonial,19
CACHOEIRO DE ITAPEMIRIM,PARAISO,patrimonial,19
CACHOEIRO DE ITAPEMIRIM,VILAGE DA LUZ,patrimonial,19
CARIACICA,ITAQUARI,patrimonial,19
CARIACICA,VILA MERLO,patrimonial,19
CARIACICA,VILA PRUDENCIO,objetos,19
ECOPORANGA,OUTRO LOCAL,patrimonial,19
GUARAPARI,PEROCAO,patrimonial,19
JAGUARE,CENTRO,patrimonial,19
LINHARES,PALMITAL,patrimonial,19
SAO MATEUS,BOA VISTA,patrimonial,19
SERRA,CASTELANDIA,objetos,19
SERRA,CIVIT II,objetos,19
SERRA,COLINA DE LARANJEIRAS,violencia_social,19
SERRA,PLANALTO SERRANO,objetos,19
SERRA,SAO GERALDO,patrimonial,19
SERRA,SERRA DOURADA I,patrimonial,19
SERRA,SERRA DOURADA I,violencia_social,19
VARGEM ALTA,CENTRO,patrimonial,19
VIANA,AREINHA,patrimonial,19
VILA VELHA,COBILANDIA,violencia_social,19
VILA VELHA,JABURUNA,objetos,19
VITORIA,AEROPORTO,patrimonial,19
VITORIA,NOVA PALESTINA,patrimonial,19
VITORIA,REDENCAO,patrimonial,19
CACHOEIRO DE ITAPEMIRIM,AMARELO,patrimonial,18
CACHOEIRO DE ITAPEMIRIM,VILAGE DA LUZ,violencia_social,18
CARIACICA,BELA AURORA,objetos,18
CARIACICA,MARACANA,patrimonial,18
CARIACICA,NOVA VALVERDE,patrimonial,18
CARIACICA,OPERARIO,patrimonial,18
CASTELO,INDEPENDENCIA,patrimonial,18
COLATINA,AYRTON SENNA,patrimonial,18
COLATINA,CENTRO,violencia_social,18
DOMINGOS MARTINS,CENTRO,patrimonial,18
FUNDAO,CENTRO,patrimonial,18
GUARAPARI,OLARIA,patrimonial,18
GUARAPARI,RECANTO DA SEREIA,patrimonial,18
GUARAPARI,SAO GABRIEL,patrimonial,18
ITAPEMIRIM,OUTRO LOCAL,patrimonial,18
JERONIMO MONTEIRO,CENTRO,violencia_social,18
LINHARES,NOVA ESPERANCA,violencia_social,18
NOVA VENECIA,MARGARETH,patrimonial,18
NOVA VENECIA,OUTRO LOCAL,violencia_social,18
PINHEIROS,OUTRO LOCAL,patrimonial,18
PRESIDENTE KENNEDY,JAQUEIRA,violencia_social,18
SERRA,JOSE DE ANCHIETA II,patrimonial,18
SERRA,PLANALTO DE CARAPINA,objetos,18
SERRA,RESIDENCIAL CENTRO DA SERRA,patrimonial,18
VIANA,MARCILIO DE NORONHA,objetos,18
VILA VELHA,CENTRO VILA VELHA,violencia_social,18
VILA VELHA,GLORIA,violencia_social,18
VILA VELHA,SANTA MONICA,objetos,18
VILA VELHA,SAO CONRADO,patrimonial,18
VILA VELHA,VALE ENCANTADO,violencia_social,18
ALTO RIO NOVO,ALTO RIO NOVO,patrimonial,17
ANCHIETA,IRIRI,patrimonial,17
BARRA DE SAO FRANCISCO,BAIRRO IRMAOS FERNANDES,violencia_social,17
CACHOEIRO DE ITAPEMIRIM,AGOSTINHO SIMONATO,patrimonial,17
CACHOEIRO DE ITAPEMIRIM,BNH,patrimonial,17
CACHOEIRO DE ITAPEMIRIM,CENTRO,objetos,17
CACHOEIRO DE ITAPEMIRIM,NOVO PARQUE,patrimonial,17
CARIACICA,CAMPO VERDE,violencia_social,17
CARIACICA,EXPEDITO,patrimonial,17
CARIACICA,PORTO DE SANTANA,violencia_social,17
CARIACICA,SANTANA,violencia_social,17
COLATINA,COLATINA VELHA,patrimonial,17
GUARAPARI,IPIRANGA,violencia_social,17
GUARAPARI,PORTO GRANDE,patrimonial,17
ITAGUACU,CENTRO,patrimonial,17
LINHARES,JUPARANA,patrimonial,17
MARATAIZES,ACAPULCO,patrimonial,17
MARATAIZES,CENTRO,violencia_social,17
NOVA VENECIA,ZONA RURAL,patrimonial,17
PIUMA,PRAIA DE ACAIACA,patrimonial,17
PRESIDENTE KENNEDY,CENTRO,patrimonial,17
SAO MATEUS,CENTRO,objetos,17
SERRA,CIDADE CONTINENTAL,objetos,17
SERRA,JARDIM CARAPINA,objetos,17
SERRA,OUTRO LOCAL,objetos,17
SERRA,PORTO CANOA,objetos,17
SERRA,PRAIA DA BALEIA,patrimonial,17
VENDA NOVA DO IMIGRANTE,CENTRO,patrimonial,17
VENDA NOVA DO IMIGRANTE,PROVIDENCIA,patrimonial,17
VIANA,CENTRO,patrimonial,17
VILA VELHA,ALECRIM,objetos,17
VILA VELHA,BARRAMARES,objetos,17
VILA VELHA,BOA VISTA I,patrimonial,17
VILA VELHA,IBES,violencia_social,17
VILA VELHA,RIO MARINHO,violencia_social,17
VITORIA,ANDORINHAS,patrimonial,17
VITORIA,DA PENHA,violencia_social,17
VITORIA,ITARARE,objetos,17
VITORIA,SANTA TEREZA,patrimonial,17
VITORIA,SANTO ANTONIO,violencia_social,17
AGUIA BRANCA,OUTRO LOCAL,patrimonial,16
ARACRUZ,BARRA DO RIACHO,patrimonial,16
ARACRUZ,GUARANA,violencia_social,16
ARACRUZ,VILA NOVA,violencia_social,16
BAIXO GUANDU,SAPUCAIA,patrimonial,16
BARRA DE SAO FRANCISCO,CENTRO,violencia_social,16
BARRA DE SAO FRANCISCO,OUTRO LOCAL,patrimonial,16
CACHOEIRO DE ITAPEMIRIM,DOUTOR GILSON CARONE,patrimonial,16
CACHOEIRO DE ITAPEMIRIM,FERROVIARIOS,patrimonial,16
CARIACICA,CASTELO BRANCO,objetos,16
CARIACICA,JARDIM AMERICA,violencia_social,16
CARIACICA,NOVA ESPERANCA,patrimonial,16
CARIACICA,NOVO BRASIL,objetos,16
CARIACICA,NOVO BRASIL,violencia_social,16
CARIACICA,PRESIDENTE MEDICE,patrimonial,16
CARIACICA,RIO BRANCO,violencia_social,16
CARIACICA,VILA CAPIXABA,violencia_social,16
CARIACICA,VISTA DOURADA,patrimonial,16
CARIACICA,VISTA MAR,patrimonial,16
COLATINA,BELA VISTA,patrimonial,16
COLATINA,COLUMBIA,violencia_social,16
COLATINA,VILA AMELIA,violencia_social,16
CONCEICAO DA BARRA,CENTRO,objetos,16
GUACUI,OUTRO LOCAL,objetos,16
GUARAPARI,CENTRO,violencia_social,16
GUARAPARI,SETIBA,patrimonial,16
IRUPI,CENTRO,patrimonial,16
ITAPEMIRIM,CAMPO ACIMA,patrimonial,16
PIUMA,CENTRO,objetos,16
PIUMA,CENTRO,violencia_social,16
PRESIDENTE KENNEDY,CENTRO,violencia_social,16
SAO JOSE DO CALCADO,CENTRO,violencia_social,16
SERRA,CIDADE CONTINENTAL,digital,16
SERRA,COSTA DOURADA,patrimonial,16
SERRA,JARDIM BELA VISTA,patrimonial,16
SERRA,MANOEL PLAZA,objetos,16
SERRA,NOVA CARAPINA I,violencia_social,16
SERRA,PARQUE RESIDENCIAL LARANJEIRAS,violencia_social,16
SERRA,PARQUE RESIDENCIAL MESTRE ALVARO,patrimonial,16
SERRA,RESIDENCIAL VISTA DO MESTRE,patrimonial,16
VENDA NOVA DO IMIGRANTE,ZONA RURAL,patrimonial,16
VILA VALERIO,CENTRO,patrimonial,16
VILA VELHA,CIDADE DA BARRA,patrimonial,16
VILA VELHA,INTERLAGOS I E II,patrimonial,16
VILA VELHA,MORADA DA BARRA,violencia_social,16
VILA VELHA,PRAIA DE ITAPARICA,violencia_social,16
VILA VELHA,VILA GARRIDO,violencia_social,16
VITORIA,SANTA CECILIA,patrimonial,16
VITORIA,SAO PEDRO,violencia_social,16
ANCHIETA,CENTRO,violencia_social,15
ARACRUZ,DECARLI,patrimonial,15
ARACRUZ,FATIMA,violencia_social,15
ARACRUZ,SAO MARCOS,violencia_social,15
CACHOEIRO DE ITAPEMIRIM,AEROPORTO,violencia_social,15
CACHOEIRO DE ITAPEMIRIM,ITAOCA,violencia_social,15
CACHOEIRO DE ITAPEMIRIM,SAO FRANCISCO DE ASSIS,violencia_social,15
CACHOEIRO DE ITAPEMIRIM,VILA RICA,violencia_social,15
CARIACICA,CAMPINA GRANDE,objetos,15
CARIACICA,FLEXAL II,violencia_social,15
CARIACICA,ORIENTE,patrimonial,15
CARIACICA,PORTO DE CARIACICA,violencia_social,15
CARIACICA,SANTA CECILIA,objetos,15
CARIACICA,VILA ISABEL,patrimonial,15
COLATINA,OPERARIO,patrimonial,15
ITAPEMIRIM,CAMPO ACIMA,violencia_social,15
JAGUARE,CENTRO,violencia_social,15
LINHARES,NOVA ESPERANCA,patrimonial,15
LINHARES,PONTAL DO IPIRANGA,patrimonial,15
MANTENOPOLIS,CENTRO,patrimonial,15
MUNIZ FREIRE,CENTRO,patrimonial,15
NOVA VENECIA,ALTOE,violencia_social,15
NOVA VENECIA,BEIRA RIO,patrimonial,15
RIO BANANAL,OUTRO LOCAL,patrimonial,15
SANTA MARIA DE JETIBA,CENTRO,objetos,15
SANTA MARIA DE JETIBA,SAO LUIS,violencia_social,15
SANTA TERESA,OUTRO LOCAL,patrimonial,15
SAO MATEUS,SERNAMBY,patrimonial,15
SAO MATEUS,ZONA RURAL,violencia_social,15
SERRA,ANDRE CARLONI,violencia_social,15
SERRA,BARCELONA,objetos,15
SERRA,CASCATA,patrimonial,15
SERRA,MORADA DE LARANJEIRAS,objetos,15
SERRA,PARQUE RESIDENCIAL TUBARAO,patrimonial,15
SERRA,PLANICIE DA SERRA,patrimonial,15
SERRA,PORTAL DE JACARAIPE,objetos,15
SERRA,RESIDENCIAL JACARAIPE,violencia_social,15
SERRA,VALPARAISO,violencia_social,15
SOORETAMA,CENTRO,violencia_social,15
VENDA NOVA DO IMIGRANTE,OUTRO LOCAL,patrimonial,15
VILA VALERIO,ZONA RURAL,violencia_social,15
VILA VELHA,ARGOLAS,patrimonial,15
VILA VELHA,BRISAMAR,patrimonial,15
VILA VELHA,ILHA DAS FLORES,violencia_social,15
VILA VELHA,PONTAL DAS GARCAS,patrimonial,15
VILA VELHA,SANTA INES,violencia_social,15
VITORIA,GRANDE VITORIA,objetos,15
VITORIA,ILHA DE SANTA MARIA,violencia_social,15
VITORIA,NOVA PALESTINA,violencia_social,15
VITORIA,PARQUE MOSCOSO,objetos,15
VITORIA,SAO PEDRO,objetos,15
ARACRUZ,COQUEIRAL,patrimonial,14
ARACRUZ,OUTRO LOCAL,digital,14
CACHOEIRO DE ITAPEMIRIM,AMARAL,patrimonial,14
CACHOEIRO DE ITAPEMIRIM,NOVO PARQUE,violencia_social,14
CARIACICA,NOVO HORIZONTE,patrimonial,14
CARIACICA,SAO CONRADO,patrimonial,14
CARIACICA,SAO GERALDO,objetos,14
COLATINA,HONORIO FRAGA,violencia_social,14
FUNDAO,PRAIA GRANDE,violencia_social,14
GUACUI,CENTRO,violencia_social,14
GUARAPARI,FATIMA CIDADE JARDIM,patrimonial,14
GUARAPARI,MUQUICABA,violencia_social,14
IBATIBA,CENTRO,violencia_social,14
ITARANA,CENTRO,patrimonial,14
LINHARES,ARACA,objetos,14
LINHARES,SANTA CRUZ,patrimonial,14
NOVA VENECIA,AEROPORTO,patrimonial,14
SAO MATEUS,SANTO ANTONIO,patrimonial,14
SERRA,OURIMAR,patrimonial,14
SERRA,SAO PATRICIO,patrimonial,14
SERRA,VISTA DA SERRA I,violencia_social,14
VIANA,ARLINDO ANGELO VILLASCHI,patrimonial,14
VILA VELHA,ALECRIM,violencia_social,14
VILA VELHA,DARLY SANTOS,patrimonial,14
VILA VELHA,JABURUNA,violencia_social,14
VILA VELHA,JARDIM DO VALE,patrimonial,14
VILA VELHA,JARDIM GUADALAJARA,patrimonial,14
VILA VELHA,JARDIM MARILANDIA,violencia_social,14
VILA VELHA,SANTA RITA,objetos,14
VITORIA,BELA VISTA,patrimonial,14
VITORIA,MARUIPE,objetos,14
VITORIA,REPUBLICA,objetos,14
VITORIA,SANTA LUIZA,objetos,14
VITORIA,SANTA MARTHA,violencia_social,14
VITORIA,SANTO ANDRE,patrimonial,14
VITORIA,SANTOS DUMONT,patrimonial,14
ARACRUZ,FATIMA,patrimonial,13
ARACRUZ,JACUPEMBA,violencia_social,13
ARACRUZ,SEGATO,patrimonial,13
ARACRUZ,VILA RICA,patrimonial,13
BARRA DE SAO FRANCISCO,BAIRRO COLINA,violencia_social,13
BARRA DE SAO FRANCISCO,BAIRRO VILA LANDINHA,patrimonial,13
BARRA DE SAO FRANCISCO,BAIRRO VILA LANDINHA,violencia_social,13
BOA ESPERANCA,CENTRO,violencia_social,13
CACHOEIRO DE ITAPEMIRIM,AEROPORTO,objetos,13
CACHOEIRO DE ITAPEMIRIM,AQUIDABAN,violencia_social,13
CACHOEIRO DE ITAPEMIRIM,BAIMINAS,patrimonial,13
CACHOEIRO DE ITAPEMIRIM,CENTRO,violencia_social,13
CACHOEIRO DE ITAPEMIRIM,IBC,patrimonial,13
CARIACICA,CARIACICA SEDE,violencia_social,13
CARIACICA,DOM BOSCO,objetos,13
CARIACICA,FLEXAL II,objetos,13
CARIACICA,NOVA VALVERDE,objetos,13
CARIACICA,ORIENTE,violencia_social,13
CARIACICA,PARQUE GRAMADO,patrimonial,13
CARIACICA,SANTA BARBARA,violencia_social,13
CARIACICA,SANTA LUZIA,patrimonial,13
CARIACICA,VALE DOS REIS,objetos,13
CARIACICA,VILA INDEPENDENCIA,patrimonial,13
COLATINA,PERPETUO SOCORRO,patrimonial,13
COLATINA,VILA LENIRA,patrimonial,13
CONCEICAO DA BARRA,NOSSA SENHORA APARECIDA,patrimonial,13
FUNDAO,PRAIA GRANDE,objetos,13
GUARAPARI,AEROPORTO,objetos,13
GUARAPARI,COROADO,patrimonial,13
GUARAPARI,ITAPEBUSSU,violencia_social,13
GUARAPARI,SANTA ROSA,patrimonial,13
GUARAPARI,SAO JUDAS TADEU,patrimonial,13
LINHARES,JARDIM LAGUNA,patrimonial,13
LINHARES,JOSE RODRIGUES MACIEL,patrimonial,13
LINHARES,JUPARANA,violencia_social,13
LINHARES,PONTAL DO IPIRANGA,objetos,13
LINHARES,SHELL,violencia_social,13
LINHARES,ZONA RURAL,objetos,13
LINHARES,ZONA RURAL,patrimonial,13
MARATAIZES,LAGOA FUNDA,patrimonial,13
MONTANHA,DECAO,patrimonial,13
RIO BANANAL,ZONA RURAL,patrimonial,13
SANTA MARIA DE JETIBA,SAO LUIS,patrimonial,13
SAO DOMINGOS DO NORTE,CENTRO,patrimonial,13
SERRA,PARQUE DAS GAIVOTAS,patrimonial,13
SERRA,PRAIA DE CARAPEBUS,patrimonial,13
SERRA,RESIDENCIAL JACARAIPE,objetos,13
SERRA,SAO DIOGO I,objetos,13
SERRA,TAQUARA II,patrimonial,13
SERRA,VISTA DA SERRA II,patrimonial,13
VENDA NOVA DO IMIGRANTE,ZONA RURAL,violencia_social,13
VIANA,PRIMAVERA,patrimonial,13
VIANA,SOTECO,patrimonial,13
VILA VELHA,COCAL,violencia_social,13
VILA VELHA,CRISTOVAO COLOMBO,objetos,13
VILA VELHA,DIVINO ESPIRITO SANTO,violencia_social,13
VILA VELHA,GUARANHUNS,objetos,13
VILA VELHA,JOCKEY DE ITAPARICA,violencia_social,13
VILA VELHA,PAUL,violencia_social,13
VITORIA,MARIA ORTIZ,objetos,13
VITORIA,MORADA DE CAMBURI,patrimonial,13
VITORIA,ROMAO,patrimonial,13
AFONSO CLAUDIO,SAO VICENTE,violencia_social,12
ALEGRE,ZONA RURAL,violencia_social,12
ANCHIETA,IRIRI,violencia_social,12
ARACRUZ,BARRA DO SAHY,patrimonial,12
ARACRUZ,BELA VISTA,violencia_social,12
ARACRUZ,PLANALTO,violencia_social,12
ATILIO VIVACQUA,CENTRO,patrimonial,12
BARRA DE SAO FRANCISCO,CENTRO,objetos,12
CACHOEIRO DE ITAPEMIRIM,ALTO AMARELO,patrimonial,12
CACHOEIRO DE ITAPEMIRIM,BASILEIA,patrimonial,12
CACHOEIRO DE ITAPEMIRIM,RECANTO,patrimonial,12
CARIACICA,BANDEIRANTES,objetos,12
CARIACICA,BELA AURORA,violencia_social,12
CARIACICA,CARIACICA SEDE,objetos,12
CARIACICA,JARDIM BOTANICO,objetos,12
CARIACICA,JARDIM BOTANICO,violencia_social,12
CARIACICA,JARDIM CAMPO GRANDE,objetos,12
CARIACICA,MORADA DE SANTA FE,violencia_social,12
CARIACICA,MUCURI,objetos,12
CARIACICA,MUCURI,violencia_social,12
CARIACICA,NOVA ESPERANCA,violencia_social,12
CARIACICA,PADRE GABRIEL,patrimonial,12
COLATINA,CENTRO,digital,12
COLATINA,SAO SILVANO,violencia_social,12
COLATINA,ZONA RURAL,violencia_social,12
FUNDAO,TIMBUI,patrimonial,12
ICONHA,CENTRO,patrimonial,12
ITAPEMIRIM,CENTRO,objetos,12
ITAPEMIRIM,ROSA MEIRELES,violencia_social,12
LINHARES,CENTRO,violencia_social,12
LINHARES,PONTAL DO IPIRANGA,violencia_social,12
LINHARES,SAO JOSE,violencia_social,12
LINHARES,TRES BARRAS,objetos,12
MONTANHA,CENTRO,violencia_social,12
RIO NOVO DO SUL,CENTRO,patrimonial,12
SANTA LEOPOLDINA,CENTRO,patrimonial,12
SANTA TERESA,CENTRO,patrimonial,12
SAO MATEUS,BOM SUCESSO,violencia_social,12
SAO MATEUS,LITORANEO,violencia_social,12
SERRA,ALTEROSAS,objetos,12
SERRA,CAMPINHO DA SERRA I,patrimonial,12
SERRA,CASTELANDIA,violencia_social,12
SERRA,MARINGA,patrimonial,12
SERRA,NOVA ALMEIDA CENTRO,objetos,12
SERRA,PARQUE DAS GAIVOTAS,violencia_social,12
SERRA,SAO MARCOS II,patrimonial,12
SERRA,SERRAMAR,patrimonial,12
SERRA,TAQUARA II,violencia_social,12
VILA VALERIO,OUTRO LOCAL,patrimonial,12
VILA VELHA,CIDADE DA BARRA,objetos,12
VILA VELHA,DOM JOAO BATISTA,patrimonial,12
VILA VELHA,GAROTO,patrimonial,12
VILA VELHA,SANTA PAULA I,patrimonial,12
VILA VELHA,SAO CONRADO,violencia_social,12
VILA VELHA,ZUMBI DOS PALMARES,patrimonial,12
VITORIA,AEROPORTO,objetos,12
VITORIA,BONFIM,violencia_social,12
VITORIA,ESTRELINHA,patrimonial,12
VITORIA,GOIABEIRAS,violencia_social,12
VITORIA,HORTO,objetos,12
VITORIA,MATA DA PRAIA,digital,12
ARACRUZ,BARRA DO RIACHO,objetos,11
ARACRUZ,MAR AZUL,violencia_social,11
ARACRUZ,SAO MARCOS,patrimonial,11
ARACRUZ,SEGATO,objetos,11
BARRA DE SAO FRANCISCO,BAIRRO CAMPO NOVO,patrimonial,11
BREJETUBA,CENTRO,patrimonial,11
CACHOEIRO DE ITAPEMIRIM,CONDURU,patrimonial,11
CACHOEIRO DE ITAPEMIRIM,CORAMARA,patrimonial,11
CACHOEIRO DE ITAPEMIRIM,IBITIQUARA,patrimonial,11
CACHOEIRO DE ITAPEMIRIM,INDEPENDENCIA I,patrimonial,11
CACHOEIRO DE ITAPEMIRIM,MARIA ORTIZ,patrimonial,11
CACHOEIRO DE ITAPEMIRIM,NOSSA SENHORA DA PENHA,patrimonial,11
CACHOEIRO DE ITAPEMIRIM,PARQUE DAS LARANJEIRAS,patrimonial,11
CARIACICA,ALTO DA BOA VISTA,patrimonial,11
CARIACICA,BUBU,patrimonial,11
CARIACICA,FLEXAL I,violencia_social,11
CARIACICA,NOVA CANAA,patrimonial,11
CARIACICA,PIRANEMA,patrimonial,11
CARIACICA,PLANETA,patrimonial,11
CARIACICA,VERA CRUZ,objetos,11
CASTELO,CENTRO,violencia_social,11
COLATINA,OLIVIO ZANOTELI,patrimonial,11
COLATINA,SAO MARCOS,patrimonial,11
COLATINA,SAO VICENTE,patrimonial,11
COLATINA,VILA LENIRA,violencia_social,11
CONCEICAO DA BARRA,OUTRO LOCAL,patrimonial,11
CONCEICAO DO CASTELO,CENTRO,patrimonial,11
DORES DO RIO PRETO,CENTRO,patrimonial,11
GUACUI,OUTRO LOCAL,violencia_social,11
GUARAPARI,ADALBERTO SIMAO NADER,patrimonial,11
GUARAPARI,JABARAI,patrimonial,11
GUARAPARI,PEROCAO,violencia_social,11
IBATIBA,NOVO HORIZONTE,patrimonial,11
IBIRACU,CENTRO,patrimonial,11
IUNA,PITO,patrimonial,11
JOAO NEIVA,CENTRO,patrimonial,11
JOAO NEIVA,OUTRO LOCAL,patrimonial,11
LINHARES,CANIVETE,violencia_social,11
LINHARES,LAGOA DO MEIO,patrimonial,11
LINHARES,RIO QUARTEL,patrimonial,11
LINHARES,RIO QUARTEL,violencia_social,11
LINHARES,ZONA RURAL,violencia_social,11
MARATAIZES,BELO HORIZONTE,patrimonial,11
MARATAIZES,ILMENITA,objetos,11
MARECHAL FLORIANO,CENTRO,violencia_social,11
NOVA VENECIA,SAO CRISTOVAO,violencia_social,11
RIO BANANAL,SAO SEBASTIAO,patrimonial,11
SAO GABRIEL DA PALHA,CENTRO,objetos,11
SAO GABRIEL DA PALHA,SANTA HELENA,violencia_social,11
SERRA,ANDRE CARLONI,objetos,11
SERRA,CENTRAL CARAPINA,violencia_social,11
SERRA,DIVINOPOLIS,patrimonial,11
SERRA,LAGOA DE CARAPEBUS,patrimonial,11
SERRA,MORADA DE LARANJEIRAS,violencia_social,11
SERRA,NOVO PORTO CANOA,violencia_social,11
SERRA,SAO FRANCISCO,objetos,11
SERRA,SAO PATRICIO,objetos,11
VIANA,INDUSTRIAL,patrimonial,11
VIANA,VILA BETHANIA,objetos,11
VILA VELHA,ALVORADA,violencia_social,11
VILA VELHA,COCAL,objetos,11
VILA VELHA,PAUL,objetos,11
VILA VELHA,PRIMEIRO DE MAIO,patrimonial,11
VILA VELHA,SANTOS DUMONT,objetos,11
VILA VELHA,VILA NOVA,objetos,11
VILA VELHA,VILA NOVA,violencia_social,11
VITORIA,FRADINHOS,patrimonial,11
VITORIA,JABOUR,objetos,11
VITORIA,RESISTENCIA,violencia_social,11
AFONSO CLAUDIO,CENTRO,violencia_social,10
ALEGRE,VILA DO SUL,patrimonial,10
ANCHIETA,ALVORADA,patrimonial,10
ANCHIETA,ALVORADA,violencia_social,10
ARACRUZ,COQUEIRAL,objetos,10
ARACRUZ,IRAJA,violencia_social,10
ARACRUZ,ITAPUTERA,violencia_social,10
ARACRUZ,SAO MARCOS,objetos,10
BAIXO GUANDU,CENTRO,violencia_social,10
BAIXO GUANDU,SAO JOSE,patrimonial,10
BAIXO GUANDU,SAO PEDRO,patrimonial,10
BAIXO GUANDU,SAPUCAIA,violencia_social,10
BARRA DE SAO FRANCISCO,BAIRRO NOVA BARRA,violencia_social,10
BARRA DE SAO FRANCISCO,ZONA RURAL,patrimonial,10
BOM JESUS DO NORTE,CENTRO,patrimonial,10
CACHOEIRO DE ITAPEMIRIM,MONTE CRISTO,violencia_social,10
CACHOEIRO DE ITAPEMIRIM,RUI PINTO BANDEIRA,patrimonial,10
CACHOEIRO DE ITAPEMIRIM,SOTURNO,patrimonial,10
CACHOEIRO DE ITAPEMIRIM,WALDIR FURTADO AMORIM,patrimonial,10
CARIACICA,CAMPO BELO,patrimonial,10
CARIACICA,GRAUNA,objetos,10
CARIACICA,ITANGUA,objetos,10
CARIACICA,NOVO HORIZONTE,violencia_social,10
CARIACICA,PADRE GABRIEL,violencia_social,10
CARIACICA,RIO MARINHO,violencia_social,10
CARIACICA,SANTA LUZIA,violencia_social,10
CARIACICA,SANTO ANDRE,violencia_social,10
CARIACICA,SAO FRANCISCO,violencia_social,10
CARIACICA,VILA CAJUEIRO,objetos,10
CARIACICA,VILA MERLO,objetos,10
COLATINA,NOVO HORIZONTE,violencia_social,10
COLATINA,SANTO ANTONIO,patrimonial,10
COLATINA,VICENTE SOELA,patrimonial,10
COLATINA,VILA AMELIA,patrimonial,10
GUARAPARI,KUBITSCHEK,violencia_social,10
GUARAPARI,PALMEIRAS,patrimonial,10
GUARAPARI,PORTAL CLUB,violencia_social,10
GUARAPARI,RECANTO DA SEREIA,objetos,10
IBITIRAMA,ZONA RURAL,patrimonial,10
ICONHA,OUTRO LOCAL,patrimonial,10
ITAPEMIRIM,GARRAFAO,patrimonial,10
ITAPEMIRIM,JOACIMA,violencia_social,10
ITARANA,CENTRO,violencia_social,10
JOAO NEIVA,CENTRO,violencia_social,10
LINHARES,FARIAS,patrimonial,10
LINHARES,NOVA ESPERANCA,objetos,10
LINHARES,RIO QUARTEL,objetos,10
MARATAIZES,ILMENITA,violencia_social,10
MARATAIZES,OUTRO LOCAL,violencia_social,10
MUQUI,CENTRO,patrimonial,10
NOVA VENECIA,BONFIM,patrimonial,10
NOVA VENECIA,ZONA RURAL,violencia_social,10
PINHEIROS,OUTRO LOCAL,digital,10
PIUMA,ITAPUTANGA,patrimonial,10
RIO BANANAL,ZONA RURAL,violencia_social,10
SAO GABRIEL DA PALHA,CACHOEIRA DA ONCA,violencia_social,10
SAO GABRIEL DA PALHA,CENTRO,violencia_social,10
SAO GABRIEL DA PALHA,GUSTAVO BOONE,violencia_social,10
SAO GABRIEL DA PALHA,ZONA RURAL,patrimonial,10
SERRA,BOA VISTA II,violencia_social,10
SERRA,CIDADE POMAR,violencia_social,10
SERRA,ELDORADO,violencia_social,10
SERRA,ESTANCIA MONAZITICA,objetos,10
SERRA,HELIO FERRAZ,objetos,10
SERRA,JARDIM ATLANTICO,objetos,10
SERRA,JOSE DE ANCHIETA II,violencia_social,10
SERRA,MANGUINHOS,violencia_social,10
SERRA,NOVA ZELANDIA,patrimonial,10
SERRA,OURIMAR,violencia_social,10
SERRA,PALMEIRAS,patrimonial,10
SERRA,PLANICIE DA SERRA,objetos,10
SERRA,SANTA LUZIA,patrimonial,10
SERRA,SERRAMAR,violencia_social,10
SERRA,TERMINAL INTERMODAL DA SERRA (TIMS),patrimonial,10
VENDA NOVA DO IMIGRANTE,SAO JOAO DE VICOSA,patrimonial,10
VIANA,CAMPO VERDE,patrimonial,10
VIANA,UNIVERSAL,violencia_social,10
VILA VELHA,BOA VISTA II,patrimonial,10
VILA VELHA,CRISTOVAO COLOMBO,violencia_social,10
VILA VELHA,ILHA DA CONCEICAO,patrimonial,10
VILA VELHA,ILHA DOS BENTOS,objetos,10
VILA VELHA,NOVA AMERICA,patrimonial,10
VILA VELHA,OLARIA,patrimonial,10
VILA VELHA,PONTAL DAS GARCAS,objetos,10
VILA VELHA,RESIDENCIAL JABAETE,violencia_social,10
VILA VELHA,RIVIERA DA BARRA,violencia_social,10
VILA VELHA,SANTA MONICA POPULAR,objetos,10
VILA VELHA,SANTA RITA,violencia_social,10
VILA VELHA,VILA GARRIDO,objetos,10
VITORIA,GRANDE VITORIA,violencia_social,10
VITORIA,JARDIM DA PENHA,digital,10
VITORIA,PRAIA DO CANTO,violencia_social,10
VITORIA,SAO CRISTOVAO,violencia_social,10
ALEGRE,CENTRO,objetos,9
ARACRUZ,CENTRO,violencia_social,9
ARACRUZ,COQUEIRAL,violencia_social,9
ARACRUZ,CUPIDO,patrimonial,9
BARRA DE SAO FRANCISCO,PAULISTA,patrimonial,9
BARRA DE SAO FRANCISCO,PAULISTA,violencia_social,9
CACHOEIRO DE ITAPEMIRIM,BAIMINAS,violencia_social,9
CACHOEIRO DE ITAPEMIRIM,BELA VISTA,violencia_social,9
CACHOEIRO DE ITAPEMIRIM,BOA VISTA,violencia_social,9
CACHOEIRO DE ITAPEMIRIM,CONDURU,violencia_social,9
CACHOEIRO DE ITAPEMIRIM,INDEPENDENCIA,violencia_social,9
CACHOEIRO DE ITAPEMIRIM,MONTE BELO,violencia_social,9
CACHOEIRO DE ITAPEMIRIM,MONTE CRISTO,patrimonial,9
CACHOEIRO DE ITAPEMIRIM,NOSSA SENHORA DA PENHA,violencia_social,9
CARIACICA,BANDEIRANTES,violencia_social,9
CARIACICA,CAMPINA GRANDE,violencia_social,9
CARIACICA,CAMPO BELO,objetos,9
CARIACICA,GRAUNA,violencia_social,9
CARIACICA,ITANGUA,violencia_social,9
CARIACICA,ITAPEMIRIM,patrimonial,9
CARIACICA,ITAQUARI,violencia_social,9
CARIACICA,MARACANA,objetos,9
CARIACICA,NOVA BRASILIA,violencia_social,9
CARIACICA,NOVA VALVERDE,violencia_social,9
CARIACICA,PORTO NOVO,violencia_social,9
CARIACICA,SAO CONRADO,objetos,9
CARIACICA,SOTELANDIA,violencia_social,9
CARIACICA,TIRADENTES,patrimonial,9
CARIACICA,VISTA MAR,objetos,9
CASTELO,INDEPENDENCIA,violencia_social,9
COLATINA,JARDIM PLANALTO,patrimonial,9
COLATINA,VICENTE SOELA,violencia_social,9
COLATINA,ZONA RURAL,patrimonial,9
GUARAPARI,BELA VISTA,patrimonial,9
GUARAPARI,BELA VISTA,violencia_social,9
GUARAPARI,IPIRANGA,objetos,9
GUARAPARI,SANTA MARGARIDA,patrimonial,9
GUARAPARI,SANTA MONICA,objetos,9
GUARAPARI,SOL NASCENTE,patrimonial,9
IBITIRAMA,CENTRO,patrimonial,9
ITAPEMIRIM,ITAIPAVA,objetos,9
LINHARES,BEBEDOURO,objetos,9
LINHARES,COLINA,patrimonial,9
LINHARES,LAGOA DO MEIO,objetos,9
LINHARES,PALMITAL,violencia_social,9
LINHARES,SAO JOSE,objetos,9
MARATAIZES,CENTRO,objetos,9
MARILANDIA,CENTRO,violencia_social,9
MONTANHA,OUTRO LOCAL,violencia_social,9
NOVA VENECIA,BEIRA RIO,violencia_social,9
NOVA VENECIA,MUNICIPAL,patrimonial,9
PANCAS,OPERARIO,violencia_social,9
PEDRO CANARIO,BOA VISTA,patrimonial,9
PIUMA,NITEROI,violencia_social,9
PRESIDENTE KENNEDY,MAROBA,violencia_social,9
PRESIDENTE KENNEDY,ZONA RURAL,violencia_social,9
SANTA MARIA DE JETIBA,SAO SEBASTIAO DO MEIO,violencia_social,9
SANTA MARIA DE JETIBA,VILA JETIBA,violencia_social,9
SAO MATEUS,AROEIRA,violencia_social,9
SAO MATEUS,BOA VISTA,objetos,9
SAO MATEUS,CACIQUE,violencia_social,9
SAO MATEUS,PEDRA DAGUA,violencia_social,9
SAO MATEUS,SANTO ANTONIO,violencia_social,9
SAO MATEUS,SEAC,violencia_social,9
SERRA,BALNEARIO DE CARAPEBUS,objetos,9
SERRA,CIDADE POMAR,objetos,9
SERRA,CONJUNTO JACARAIPE,patrimonial,9
SERRA,COSTA BELLA,patrimonial,9
SERRA,JARDIM ATLANTICO,violencia_social,9
SERRA,JOSE DE ANCHIETA,violencia_social,9
SERRA,OUTRO LOCAL,digital,9
SERRA,PRAIA DE CAPUBA,patrimonial,9
SERRA,SAO DIOGO II,violencia_social,9
SOORETAMA,SALVADOR,violencia_social,9
VENDA NOVA DO IMIGRANTE,CENTRO,objetos,9
VENDA NOVA DO IMIGRANTE,SAO PEDRO,patrimonial,9
VENDA NOVA DO IMIGRANTE,SAO PEDRO,violencia_social,9
VIANA,AREINHA,violencia_social,9
VIANA,NOVA BETHANIA,objetos,9
VIANA,VILA BETHANIA,violencia_social,9
VILA PAVAO,CENTRO,patrimonial,9
VILA VALERIO,ZONA RURAL,patrimonial,9
VILA VELHA,BRISAMAR,violencia_social,9
VILA VELHA,ILHA DAS FLORES,objetos,9
VILA VELHA,INDUSTRIAL,patrimonial,9
VILA VELHA,JARDIM GUARANHUNS,patrimonial,9
VILA VELHA,MORADA DO SOL,patrimonial,9
VILA VELHA,NORMILIA DA CUNHA,patrimonial,9
VILA VELHA,NOVO MEXICO,violencia_social,9
VILA VELHA,OUTRO LOCAL,digital,9
VILA VELHA,PLANALTO,patrimonial,9
VILA VELHA,PONTA DA FRUTA,objetos,9
VILA VELHA,PRAIA DOS RECIFES,patrimonial,9
VILA VELHA,PRIMEIRO DE MAIO,violencia_social,9
VILA VELHA,SAO TORQUATO,violencia_social,9
VITORIA,CONQUISTA,patrimonial,9
VITORIA,DO QUADRO,patrimonial,9
VITORIA,FORTE SAO JOAO,violencia_social,9
VITORIA,ILHA DAS CAIEIRAS,patrimonial,9
VITORIA,ILHA DO BOI,patrimonial,9
VITORIA,OUTRO LOCAL,objetos,9
VITORIA,TABUAZEIRO,violencia_social,9
VITORIA,UNIVERSITARIO,patrimonial,9
AFONSO CLAUDIO,FAZENDA GUANDU,violencia_social,8
AGUA DOCE DO NORTE,OUTRO LOCAL,violencia_social,8
ALEGRE,RIVE,patrimonial,8
ALFREDO CHAVES,CENTRO,patrimonial,8
ANCHIETA,CENTRO,objetos,8
APIACA,CENTRO,patrimonial,8
ARACRUZ,BARRA DO SAHY,violencia_social,8
ARACRUZ,PLANALTO,objetos,8
ARACRUZ,VILA RICA,violencia_social,8
BAIXO GUANDU,MAUA,patrimonial,8
BAIXO GUANDU,ROSARIO II,violencia_social,8
BAIXO GUANDU,SANTA MONICA,patrimonial,8
BAIXO GUANDU,SANTA MONICA,violencia_social,8
BAIXO GUANDU,SAO JOSE,violencia_social,8
BARRA DE SAO FRANCISCO,BAIRRO BAMBE,patrimonial,8
BARRA DE SAO FRANCISCO,BAIRRO VILA GONCALVES,violencia_social,8
BOM JESUS DO NORTE,LOTEAMENTO SILVANA,violencia_social,8
CACHOEIRO DE ITAPEMIRIM,ABELARDO MACHADO,patrimonial,8
CACHOEIRO DE ITAPEMIRIM,ALTO UNIAO,patrimonial,8
CACHOEIRO DE ITAPEMIRIM,BOA VISTA,patrimonial,8
CACHOEIRO DE ITAPEMIRIM,PARAISO,violencia_social,8
CACHOEIRO DE ITAPEMIRIM,SANTO ANTONIO,patrimonial,8
CACHOEIRO DE ITAPEMIRIM,SAO LUIZ GONZAGA,patrimonial,8
CARIACICA,ALTO LAGE,violencia_social,8
CARIACICA,ANTONIO FERREIRA BORGES,patrimonial,8
CARIACICA,APARECIDA,violencia_social,8
CARIACICA,BUBU,violencia_social,8
CARIACICA,CAMPO GRANDE,digital,8
CARIACICA,FLEXAL I,objetos,8
CARIACICA,JARDIM CAMPO GRANDE,violencia_social,8
CARIACICA,ORIENTE,objetos,8
CARIACICA,PLANETA,objetos,8
CARIACICA,SANTO ANTONIO,violencia_social,8
CARIACICA,SAO GERALDO,violencia_social,8
CARIACICA,TABAJARA,objetos,8
CARIACICA,TUCUM,objetos,8
CARIACICA,TUCUM,violencia_social,8
CASTELO,ARACUI,patrimonial,8
CASTELO,NITEROI,violencia_social,8
CASTELO,ZONA RURAL,patrimonial,8
COLATINA,ESPLANADA,patrimonial,8
COLATINA,PONTE DO PANCAS,patrimonial,8
COLATINA,RIVIERA,patrimonial,8
COLATINA,SANTO ANTONIO,violencia_social,8
COLATINA,SAO MIGUEL,violencia_social,8
COLATINA,VISTA DA SERRA,patrimonial,8
CONCEICAO DA BARRA,BRACO DO RIO,objetos,8
DOMINGOS MARTINS,PEDRA AZUL,patrimonial,8
ECOPORANGA,ZONA RURAL,violencia_social,8
FUNDAO,SAO JOSE,patrimonial,8
GUARAPARI,JARDIM BOA VISTA,patrimonial,8
GUARAPARI,LAGOA FUNDA,patrimonial,8
GUARAPARI,RECANTO DA SEREIA,violencia_social,8
GUARAPARI,TARTARUGA,patrimonial,8
IBATIBA,BRASIL NOVO,violencia_social,8
IBATIBA,CENTRO,objetos,8
IRUPI,SANTA CRUZ,violencia_social,8
ITAPEMIRIM,CENTRO,violencia_social,8
ITAPEMIRIM,GARRAFAO,violencia_social,8
JAGUARE,ZONA RURAL,objetos,8
LINHARES,BNH,patrimonial,8
LINHARES,CANIVETE,objetos,8
LINHARES,CONCEICAO,patrimonial,8
LINHARES,NOVO HORIZONTE,objetos,8
LINHARES,PLANALTO,objetos,8
LINHARES,REGENCIA,violencia_social,8
MARATAIZES,ACAPULCO,violencia_social,8
MIMOSO DO SUL,SERRA,patrimonial,8
MUQUI,ENTRE MORROS,patrimonial,8
PANCAS,CENTRO,violencia_social,8
PANCAS,ZONA RURAL,patrimonial,8
PEDRO CANARIO,OUTRO LOCAL,patrimonial,8
PIUMA,MONTE AGHA,patrimonial,8
PIUMA,NITEROI,patrimonial,8
SANTA MARIA DE JETIBA,GARRAFAO,patrimonial,8
SANTA MARIA DE JETIBA,ZONA RURAL,violencia_social,8
SERRA,BICANGA,objetos,8
SERRA,CAMARA,patrimonial,8
SERRA,CASCATA,objetos,8
SERRA,JOSE DE ANCHIETA III,patrimonial,8
SERRA,PARQUE JACARAIPE,violencia_social,8
SERRA,PARQUE RESIDENCIAL TUBARAO,violencia_social,8
SERRA,PLANALTO SERRANO,digital,8
SERRA,PRAIAMAR,violencia_social,8
SERRA,RESIDENCIAL CENTRO DA SERRA,digital,8
SERRA,SERRA DOURADA III,objetos,8
VARGEM ALTA,JACIGUA,patrimonial,8
VENDA NOVA DO IMIGRANTE,VILA BETANEA,violencia_social,8
VILA VELHA,BOA VISTA I,objetos,8
VILA VELHA,BOA VISTA I,violencia_social,8
VILA VELHA,COBI DE CIMA,patrimonial,8
VILA VELHA,JOAO GOULART,violencia_social,8
VILA VELHA,OUTRO LOCAL,objetos,8
VILA VELHA,RIVIERA DA BARRA,objetos,8
VILA VELHA,SANTA MONICA,violencia_social,8
VILA VELHA,SANTA PAULA II,patrimonial,8
VILA VELHA,TERRA VERMELHA,objetos,8
VITORIA,BARRO VERMELHO,objetos,8
VITORIA,CARATOIRA,violencia_social,8
VITORIA,CONQUISTA,violencia_social,8
VITORIA,JESUS DE NAZARETH,patrimonial,8
VITORIA,JOANA DARC,objetos,8
VITORIA,MARIO CYPRESTE,violencia_social,8
AGUA DOCE DO NORTE,GOVERNADOR LACERDA,patrimonial,7
ANCHIETA,PRAIA DE GUANABARA,patrimonial,7
ANCHIETA,PRAIA DE UBU,patrimonial,7
ARACRUZ,CENTRO EMPRESARIAL,patrimonial,7
ARACRUZ,JEQUITIBA,patrimonial,7
ARACRUZ,LIMAO,violencia_social,7
ARACRUZ,MOROBA,violencia_social,7
ARACRUZ,VILA DO RIACHO,patrimonial,7
BAIXO GUANDU,SAO VICENTE,violencia_social,7
BAIXO GUANDU,VILA KENNEDY,patrimonial,7
BAIXO GUANDU,ZONA RURAL,patrimonial,7
BARRA DE SAO FRANCISCO,BAIRRO VILA VICENTE,patrimonial,7
BOA ESPERANCA,CENTRO,patrimonial,7
BOA ESPERANCA,SANTO ANTONIO DO POUSO ALEGRE,violencia_social,7
BOM JESUS DO NORTE,LOTEAMENTO SILVANA,patrimonial,7
CACHOEIRO DE ITAPEMIRIM,AGOSTINHO SIMONATO,violencia_social,7
CACHOEIRO DE ITAPEMIRIM,ALTO UNIAO,violencia_social,7
CACHOEIRO DE ITAPEMIRIM,AQUIDABAN,objetos,7
CACHOEIRO DE ITAPEMIRIM,BELA VISTA,patrimonial,7
CACHOEIRO DE ITAPEMIRIM,CAICARA,patrimonial,7
CACHOEIRO DE ITAPEMIRIM,CAICARA,violencia_social,7
CACHOEIRO DE ITAPEMIRIM,GILBERTO MACHADO,violencia_social,7
CACHOEIRO DE ITAPEMIRIM,ITAOCA,patrimonial,7
CACHOEIRO DE ITAPEMIRIM,MORRO GRANDE,patrimonial,7
CACHOEIRO DE ITAPEMIRIM,NOSSA SENHORA APARECIDA,violencia_social,7
CACHOEIRO DE ITAPEMIRIM,NOVA BRASILIA,patrimonial,7
CACHOEIRO DE ITAPEMIRIM,RUBEM BRAGA,patrimonial,7
CACHOEIRO DE ITAPEMIRIM,SUMARE,patrimonial,7
CARIACICA,ALTO DA BOA VISTA,violencia_social,7
CARIACICA,ANTONIO FERREIRA BORGES,violencia_social,7
CARIACICA,EXPEDITO,violencia_social,7
CARIACICA,SANTA PAULA,patrimonial,7
CARIACICA,SOTEMA,patrimonial,7
CARIACICA,VISTA MAR,violencia_social,7
COLATINA,BAUNILHA,violencia_social,7
COLATINA,LUIZ IGLESIAS,patrimonial,7
COLATINA,MOACYR BROTAS,patrimonial,7
COLATINA,MORADA DO SOL,patrimonial,7
COLATINA,OPERARIO,violencia_social,7
COLATINA,PADRE JOSE DE ANCHIETA,patrimonial,7
COLATINA,SANTOS DUMONT,patrimonial,7
COLATINA,SANTOS DUMONT,violencia_social,7
COLATINA,SAO MARCOS,violencia_social,7
COLATINA,SAO PEDRO,patrimonial,7
CONCEICAO DA BARRA,CENTRO,violencia_social,7
CONCEICAO DA BARRA,ITAUNAS,patrimonial,7
CONCEICAO DO CASTELO,ZONA RURAL,patrimonial,7
CONCEICAO DO CASTELO,ZONA RURAL,violencia_social,7
ECOPORANGA,BENEDITA MONTEIRO,violencia_social,7
ECOPORANGA,CENTRO,violencia_social,7
FUNDAO,ORLY RAMOS,violencia_social,7
GUARAPARI,BALNEARIO MEAIPE,violencia_social,7
GUARAPARI,ITAPEBUSSU,objetos,7
GUARAPARI,OUTRO LOCAL,violencia_social,7
GUARAPARI,PORTAL CLUB,patrimonial,7
GUARAPARI,SETIBA,objetos,7
GUARAPARI,TRES PRAIAS,objetos,7
GUARAPARI,UNA,patrimonial,7
IBATIBA,BOA ESPERANCA,patrimonial,7
IBATIBA,BOA ESPERANCA,violencia_social,7
IBATIBA,NOVO HORIZONTE,violencia_social,7
IBATIBA,OUTRO LOCAL,patrimonial,7
IBATIBA,ZONA RURAL,violencia_social,7
IRUPI,ZONA RURAL,patrimonial,7
ITAPEMIRIM,ROSA MEIRELES,patrimonial,7
IUNA,CENTRO,violencia_social,7
IUNA,PITO,violencia_social,7
IUNA,ZONA RURAL,patrimonial,7
IUNA,ZONA RURAL,violencia_social,7
JAGUARE,IRMA TEREZA ALTOE,patrimonial,7
JAGUARE,SEAC,violencia_social,7
JOAO NEIVA,MONTE LIBANO,violencia_social,7
LARANJA DA TERRA,CENTRO,violencia_social,7
LINHARES,LAGOA DO MEIO,violencia_social,7
LINHARES,LINHARES V,violencia_social,7
LINHARES,NOVO HORIZONTE,violencia_social,7
LINHARES,OUTRO LOCAL,objetos,7
LINHARES,POVOACAO,violencia_social,7
LINHARES,SANTA CRUZ,objetos,7
MARATAIZES,BOA VISTA DO SUL,patrimonial,7
MARATAIZES,CIDADE NOVA,objetos,7
MARATAIZES,LAGOA FUNDA,violencia_social,7
MARATAIZES,OUTRO LOCAL,objetos,7
MARILANDIA,CENTRO,objetos,7
MIMOSO DO SUL,PRATINHA,patrimonial,7
MONTANHA,OUTRO LOCAL,objetos,7
MUNIZ FREIRE,CENTRO,violencia_social,7
MUNIZ FREIRE,PIACU,patrimonial,7
NOVA VENECIA,ALTOE,patrimonial,7
NOVA VENECIA,BELA VISTA,patrimonial,7
NOVA VENECIA,FILOMENA,patrimonial,7
NOVA VENECIA,SAO CRISTOVAO,patrimonial,7
PEDRO CANARIO,CENTRO,violencia_social,7
PINHEIROS,CENTRO,digital,7
PINHEIROS,SANTO ANTONIO,violencia_social,7
PINHEIROS,VILA NOVA,violencia_social,7
PIUMA,PIUMINAS,patrimonial,7
SANTA LEOPOLDINA,BARRA DO MANGARAI,violencia_social,7
SANTA MARIA DE JETIBA,SANTA LUZIA DO RECREIO,violencia_social,7
SANTA MARIA DE JETIBA,SAO LUIS,objetos,7
SANTA TERESA,VILA NOVA,patrimonial,7
SAO GABRIEL DA PALHA,BOA VISTA,violencia_social,7
SAO GABRIEL DA PALHA,CACHOEIRA DA ONCA,patrimonial,7
SAO GABRIEL DA PALHA,JARDIM DE INFANCIA,violencia_social,7
SAO MATEUS,CARAPINA,patrimonial,7
SAO MATEUS,NESTOR GOMES,patrimonial,7
SAO MATEUS,OUTRO LOCAL,objetos,7
SAO MATEUS,SANTO ANTONIO,objetos,7
SAO MATEUS,SERNAMBY,objetos,7
SERRA,BARRO BRANCO,patrimonial,7
SERRA,BELVEDERE,patrimonial,7
SERRA,BOA VISTA II,objetos,7
SERRA,BOA VISTA II,patrimonial,7
SERRA,BOULEVARD LAGOA,patrimonial,7
SERRA,CACAROCA,patrimonial,7
SERRA,CANTINHO DO CEU,violencia_social,7
SERRA,CENTRO DA SERRA,objetos,7
SERRA,CHACARA PARREIRAL,objetos,7
SERRA,LAGOA DE JACARAIPE,objetos,7
SERRA,NOSSA SENHORA DA CONCEICAO,patrimonial,7
SERRA,NOVA ALMEIDA CENTRO,violencia_social,7
SERRA,PORTAL DE JACARAIPE,violencia_social,7
SERRA,RESIDENCIAL CENTRO DA SERRA,violencia_social,7
SERRA,RESIDENCIAL VISTA DO MESTRE,violencia_social,7
SERRA,SAO FRANCISCO,violencia_social,7
SERRA,SAO GERALDO,objetos,7
SERRA,SAO MARCOS I,patrimonial,7
SERRA,SAO PATRICIO,violencia_social,7
SERRA,SERRA DOURADA I,objetos,7
SERRA,SERRA DOURADA II,objetos,7
SERRA,SERRA DOURADA III,violencia_social,7
SERRA,TAQUARA I,objetos,7
SERRA,TAQUARA I,violencia_social,7
SOORETAMA,SAYONARA,violencia_social,7
VARGEM ALTA,CENTRO,violencia_social,7
VIANA,AREINHA,objetos,7
VIANA,ARLINDO ANGELO VILLASCHI,objetos,7
VIANA,BOM PASTOR,violencia_social,7
VIANA,CENTRO,violencia_social,7
VILA VELHA,ARACAS,violencia_social,7
VILA VELHA,BARRA DO JUCU,violencia_social,7
VILA VELHA,JARDIM DO VALE,violencia_social,7
VILA VELHA,NOVA ITAPARICA,objetos,7
VILA VELHA,RESIDENCIAL COQUEIRAL,violencia_social,7
VILA VELHA,SAGRADA FAMILIA,patrimonial,7
VILA VELHA,ULISSES GUIMARAES,objetos,7
VITORIA,CONSOLACAO,objetos,7
VITORIA,MARUIPE,violencia_social,7
VITORIA,MONTE BELO,objetos,7
VITORIA,PONTAL DE CAMBURI,patrimonial,7
VITORIA,SANTA TEREZA,objetos,7
VITORIA,SANTOS DUMONT,objetos,7
VITORIA,SAO BENEDITO,patrimonial,7
AFONSO CLAUDIO,JOAO VALIM,violencia_social,6
AFONSO CLAUDIO,OUTRO LOCAL,violencia_social,6
AGUA DOCE DO NORTE,CRISTO REI,violencia_social,6
ALEGRE,OUTRO LOCAL,patrimonial,6
ALEGRE,RIVE,violencia_social,6
ALTO RIO NOVO,SANTA BARBARA II,violencia_social,6
ARACRUZ,GUANABARA,patrimonial,6
ARACRUZ,GUAXINDIBA,patrimonial,6
ARACRUZ,JACUPEMBA,objetos,6
ARACRUZ,JARDINS,patrimonial,6
ARACRUZ,PRAIA FORMOSA,patrimonial,6
ARACRUZ,SAUACU,patrimonial,6
ARACRUZ,SEGATO,violencia_social,6
ARACRUZ,VILA NOVA,objetos,6
ATILIO VIVACQUA,NITEROI,violencia_social,6
BARRA DE SAO FRANCISCO,BAIRRO COLINA,patrimonial,6
BARRA DE SAO FRANCISCO,BAIRRO NOVA BARRA,objetos,6
BARRA DE SAO FRANCISCO,BAIRRO NOVA BARRA,patrimonial,6
BARRA DE SAO FRANCISCO,ZONA RURAL,violencia_social,6
BOA ESPERANCA,VILA TAVARES,violencia_social,6
BREJETUBA,ZONA RURAL,violencia_social,6
CACHOEIRO DE ITAPEMIRIM,ABELARDO MACHADO,violencia_social,6
CACHOEIRO DE ITAPEMIRIM,BNH,violencia_social,6
CACHOEIRO DE ITAPEMIRIM,CORREGO DOS MONOS,violencia_social,6
CACHOEIRO DE ITAPEMIRIM,IBC,violencia_social,6
CACHOEIRO DE ITAPEMIRIM,ILHA DA LUZ,patrimonial,6
CACHOEIRO DE ITAPEMIRIM,MARBRASA,violencia_social,6
CACHOEIRO DE ITAPEMIRIM,MONTE LIBANO,violencia_social,6
CACHOEIRO DE ITAPEMIRIM,NOVA BRASILIA,violencia_social,6
CACHOEIRO DE ITAPEMIRIM,RUBEM BRAGA,violencia_social,6
CACHOEIRO DE ITAPEMIRIM,SOTURNO,violencia_social,6
CACHOEIRO DE ITAPEMIRIM,VALAO,violencia_social,6
CARIACICA,ALZIRA RAMOS,patrimonial,6
CARIACICA,CAMPO VERDE,objetos,6
CARIACICA,CRUZEIRO DO SUL,violencia_social,6
CARIACICA,ITAPEMIRIM,violencia_social,6
CARIACICA,ITAQUARI,objetos,6
CARIACICA,JARDIM DE ALAH,patrimonial,6
CARIACICA,NOVA CANAA,violencia_social,6
CARIACICA,PRESIDENTE MEDICE,violencia_social,6
CARIACICA,RETIRO SAUDOSO,objetos,6
CARIACICA,RETIRO SAUDOSO,patrimonial,6
CARIACICA,ROSA DA PENHA,objetos,6
CARIACICA,ROSA DA PENHA,violencia_social,6
CARIACICA,SANTA CECILIA,violencia_social,6
CARIACICA,VILA INDEPENDENCIA,violencia_social,6
CARIACICA,VILA MERLO,violencia_social,6
CARIACICA,VILA PRUDENCIO,violencia_social,6
CARIACICA,VISTA DOURADA,objetos,6
CARIACICA,ZONA RURAL,patrimonial,6
CASTELO,ARACUI,violencia_social,6
CASTELO,CENTRO,digital,6
CASTELO,NOSSA SENHORA APARECIDA,patrimonial,6
CASTELO,SANTO ANDREZINHO,violencia_social,6
CASTELO,ZONA RURAL,violencia_social,6
COLATINA,ALTO VILA NOVA,patrimonial,6
COLATINA,COLUMBIA,digital,6
COLATINA,FAZENDA VITALI,patrimonial,6
COLATINA,JOAO MANOEL MENEGUELI,violencia_social,6
COLATINA,MARIA ISMENIA,patrimonial,6
COLATINA,MOACYR BROTAS,violencia_social,6
COLATINA,NOVO HORIZONTE,patrimonial,6
COLATINA,OLIVIO ZANOTELI,violencia_social,6
COLATINA,OUTRO LOCAL,digital,6
COLATINA,PERPETUO SOCORRO,violencia_social,6
COLATINA,SAO JUDAS TADEU,violencia_social,6
COLATINA,SAO PEDRO,violencia_social,6
COLATINA,VILA NOVA,patrimonial,6
CONCEICAO DA BARRA,BRACO DO RIO,violencia_social,6
CONCEICAO DA BARRA,NOVA BETHANIA,violencia_social,6
CONCEICAO DA BARRA,SANTO AMARO,violencia_social,6
CONCEICAO DA BARRA,VILA DOS PESCADORES,patrimonial,6
DOMINGOS MARTINS,GOIABEIRA,violencia_social,6
DOMINGOS MARTINS,ZONA RURAL,patrimonial,6
DORES DO RIO PRETO,PEDRA MENINA,violencia_social,6
ECOPORANGA,CENTRO,patrimonial,6
GOVERNADOR LINDENBERG,NOVA BRASILIA,violencia_social,6
GOVERNADOR LINDENBERG,NOVO BRASIL,patrimonial,6
GUARAPARI,CAMURUGI,patrimonial,6
GUARAPARI,CAMURUGI,violencia_social,6
GUARAPARI,CONDADOS DE GUARAPARI,patrimonial,6
GUARAPARI,JABARAI,violencia_social,6
GUARAPARI,LAMEIRAO,objetos,6
GUARAPARI,PATURA,patrimonial,6
GUARAPARI,SANTA MARGARIDA,violencia_social,6
GUARAPARI,SANTA ROSA,violencia_social,6
IBATIBA,FLORESTA II,patrimonial,6
IBIRACU,SAO CRISTOVAO,patrimonial,6
ICONHA,CENTRO,violencia_social,6
IRUPI,CENTRO,violencia_social,6
IRUPI,OUTRO LOCAL,patrimonial,6
IRUPI,ZONA RURAL,violencia_social,6
ITAGUACU,CENTRO,violencia_social,6
ITAPEMIRIM,CAMPO ACIMA,objetos,6
IUNA,NITEROI,patrimonial,6
JAGUARE,FATIMA,violencia_social,6
JERONIMO MONTEIRO,ZONA RURAL,violencia_social,6
LINHARES,BOA VISTA,patrimonial,6
LINHARES,LINHARES V,patrimonial,6
LINHARES,SAO RAFAEL,patrimonial,6
MARATAIZES,JACARANDA,patrimonial,6
MARECHAL FLORIANO,CENTRO,objetos,6
MARECHAL FLORIANO,SANTA RITA,patrimonial,6
MARECHAL FLORIANO,SUIDO DE BAIXO,patrimonial,6
MARILANDIA,ZONA RURAL,patrimonial,6
MIMOSO DO SUL,FUNIL,patrimonial,6
MIMOSO DO SUL,SAO JOSE DAS TORRES,violencia_social,6
MUQUI,BOA ESPERANCA,violencia_social,6
NOVA VENECIA,CENTRAL,patrimonial,6
NOVA VENECIA,CENTRO,objetos,6
NOVA VENECIA,MARGARETH,violencia_social,6
NOVA VENECIA,SAO FRANCISCO,patrimonial,6
PANCAS,ZONA RURAL,violencia_social,6
PIUMA,MONTE AGHA,violencia_social,6
PIUMA,NOVA ESPERANCA,patrimonial,6
PIUMA,PRAIA DE ACAIACA,violencia_social,6
PRESIDENTE KENNEDY,JAQUEIRA,patrimonial,6
RIO BANANAL,SANTO ANTONIO,patrimonial,6
RIO BANANAL,SANTO ANTONIO,violencia_social,6
SANTA LEOPOLDINA,CENTRO,violencia_social,6
SANTA MARIA DE JETIBA,OUTRO LOCAL,violencia_social,6
SANTA TERESA,CENTENARIO,patrimonial,6
SAO MATEUS,BOA VISTA,violencia_social,6
SAO MATEUS,CENTRO,violencia_social,6
SAO MATEUS,FATIMA,patrimonial,6
SAO MATEUS,FATIMA,violencia_social,6
SAO MATEUS,NESTOR GOMES,violencia_social,6
SAO MATEUS,SANTA MARIA,violencia_social,6
SAO MATEUS,SERNAMBY,violencia_social,6
SAO MATEUS,VILA NOVA,violencia_social,6
SAO MATEUS,VITORIA,violencia_social,6
SAO MATEUS,ZONA RURAL,patrimonial,6
SAO ROQUE DO CANAA,CENTRO,patrimonial,6
SERRA,BAIRRO DE FATIMA,violencia_social,6
SERRA,BOA VISTA I,patrimonial,6
SERRA,CANTINHO DO CEU,patrimonial,6
SERRA,CHACARA PARREIRAL,violencia_social,6
SERRA,CIVIT I,patrimonial,6
SERRA,COLINA DA SERRA,violencia_social,6
SERRA,CONJUNTO CARAPINA I,patrimonial,6
SERRA,CONTINENTAL,patrimonial,6
SERRA,COSTA DOURADA,objetos,6
SERRA,COSTA DOURADA,violencia_social,6
SERRA,ENSEADA DE JACARAIPE,objetos,6
SERRA,JACUHY,objetos,6
SERRA,JACUHY,patrimonial,6
SERRA,JARDIM TROPICAL,digital,6
SERRA,PORTO CANOA,digital,6
SERRA,RESIDENCIAL VISTA DO MESTRE,objetos,6
SERRA,SAO DOMINGOS,patrimonial,6
SERRA,SAO PEDRO,patrimonial,6
SERRA,TERMINAL INTERMODAL DA SERRA (TIMS),objetos,6
SOORETAMA,SAYONARA,patrimonial,6
VENDA NOVA DO IMIGRANTE,TAPERA,patrimonial,6
VENDA NOVA DO IMIGRANTE,VILA DA MATA,patrimonial,6
VIANA,ARLINDO ANGELO VILLASCHI,violencia_social,6
VIANA,MORADA DE VILA BETHANIA,patrimonial,6
VIANA,PARQUE INDUSTRIAL,patrimonial,6
VILA VELHA,CHACARA DO CONDE,patrimonial,6
VILA VELHA,DARLY SANTOS,objetos,6
VILA VELHA,GAROTO,objetos,6
VILA VELHA,ILHA DOS BENTOS,violencia_social,6
VILA VELHA,JARDIM ASTECA,violencia_social,6
VILA VELHA,JARDIM COLORADO,objetos,6
VILA VELHA,JARDIM GUARANHUNS,violencia_social,6
VILA VELHA,JOAO GOULART,objetos,6
VILA VELHA,NOSSA SENHORA DA PENHA,violencia_social,6
VILA VELHA,NOVA PONTA DA FRUTA,patrimonial,6
VILA VELHA,PONTA DA FRUTA,violencia_social,6
VILA VELHA,PRAIA DA COSTA,digital,6
VILA VELHA,TERRA VERMELHA,violencia_social,6
VILA VELHA,ZUMBI DOS PALMARES,objetos,6
VITORIA,ANDORINHAS,objetos,6
VITORIA,ANTONIO HONORIO,patrimonial,6
VITORIA,BARRO VERMELHO,violencia_social,6
VITORIA,BELA VISTA,violencia_social,6
VITORIA,BOA VISTA,patrimonial,6
VITORIA,BONFIM,objetos,6
VITORIA,CARATOIRA,objetos,6
VITORIA,COMDUSA,patrimonial,6
VITORIA,CRUZAMENTO,patrimonial,6
VITORIA,DE LOURDES,objetos,6
VITORIA,GURIGICA,violencia_social,6
VITORIA,ILHA DO PRINCIPE,violencia_social,6
VITORIA,JABOUR,violencia_social,6
VITORIA,JESUS DE NAZARETH,objetos,6
VITORIA,REDENCAO,violencia_social,6
VITORIA,SANTA LUCIA,violencia_social,6
AFONSO CLAUDIO,PIRACEMA,violencia_social,5
AFONSO CLAUDIO,ZONA RURAL,violencia_social,5
AGUIA BRANCA,OUTRO LOCAL,objetos,5
ALEGRE,GUARAREMA,patrimonial,5
ALFREDO CHAVES,CENTRO,violencia_social,5
ALFREDO CHAVES,MACRINA,patrimonial,5
ALFREDO CHAVES,MACRINA,violencia_social,5
ALFREDO CHAVES,OUTRO LOCAL,patrimonial,5
ALFREDO CHAVES,PARQUE RESIDENCIAL ALFREDO CHAVES,patrimonial,5
ALFREDO CHAVES,SANTA TEREZINHA,patrimonial,5
ANCHIETA,JABAQUARA,patrimonial,5
ANCHIETA,OUTRO LOCAL,digital,5
ANCHIETA,PRAIA DE PARATI,patrimonial,5
ANCHIETA,PRAIA DOS CASTELHANOS,patrimonial,5
ARACRUZ,OUTRO LOCAL,objetos,5
ARACRUZ,PRAIA DOS PADRES,patrimonial,5
ARACRUZ,SANTA CRUZ,objetos,5
ARACRUZ,SAO CAMILO,violencia_social,5
ARACRUZ,SAO CLEMENTE,violencia_social,5
BAIXO GUANDU,OPERARIO,patrimonial,5
BAIXO GUANDU,ROSARIO II,patrimonial,5
BAIXO GUANDU,SAO VICENTE,patrimonial,5
BAIXO GUANDU,ZONA RURAL,violencia_social,5
BARRA DE SAO FRANCISCO,BAIRRO CAMPO NOVO,violencia_social,5
BARRA DE SAO FRANCISCO,BAIRRO IRMAOS FERNANDES,objetos,5
BARRA DE SAO FRANCISCO,BAIRRO VILA GONCALVES,patrimonial,5
BARRA DE SAO FRANCISCO,BAIRRO VILA LUCIENE,violencia_social,5
BARRA DE SAO FRANCISCO,MONTE SENIR,patrimonial,5
BOA ESPERANCA,VILA TAVARES,patrimonial,5
BOA ESPERANCA,ZONA RURAL,violencia_social,5
BOM JESUS DO NORTE,CENTRO,violencia_social,5
BREJETUBA,ZONA RURAL,patrimonial,5
CACHOEIRO DE ITAPEMIRIM,ALTO INDEPENDENCIA,patrimonial,5
CACHOEIRO DE ITAPEMIRIM,AMARAL,violencia_social,5
CACHOEIRO DE ITAPEMIRIM,BNH,objetos,5
CACHOEIRO DE ITAPEMIRIM,CAMPO DA LEOPOLDINA,patrimonial,5
CACHOEIRO DE ITAPEMIRIM,CORREGO DOS MONOS,patrimonial,5
CACHOEIRO DE ITAPEMIRIM,COUTINHO,violencia_social,5
CACHOEIRO DE ITAPEMIRIM,GUANDU,violencia_social,5
CACHOEIRO DE ITAPEMIRIM,LUIZ TINOCO FONSECA,patrimonial,5
CACHOEIRO DE ITAPEMIRIM,MONTE BELO,patrimonial,5
CACHOEIRO DE ITAPEMIRIM,OTTON MARINS,violencia_social,5
CACHOEIRO DE ITAPEMIRIM,PARQUE DAS LARANJEIRAS,violencia_social,5
CACHOEIRO DE ITAPEMIRIM,RECANTO,violencia_social,5
CACHOEIRO DE ITAPEMIRIM,SANTA HELENA,patrimonial,5
CACHOEIRO DE ITAPEMIRIM,SAO JOAQUIM,patrimonial,5
CACHOEIRO DE ITAPEMIRIM,SAO LUCAS,violencia_social,5
CACHOEIRO DE ITAPEMIRIM,VALAO,patrimonial,5
CARIACICA,ALICE COUTINHO,patrimonial,5
CARIACICA,ALZIRA RAMOS,objetos,5
CARIACICA,APARECIDA,objetos,5
CARIACICA,BOA SORTE,violencia_social,5
CARIACICA,MORADA DE SANTA FE,digital,5
CARIACICA,NOVA CAMPO GRANDE,patrimonial,5
CARIACICA,NOVA ESPERANCA,objetos,5
CARIACICA,PADRE GABRIEL,objetos,5
CARIACICA,PORTO NOVO,objetos,5
CARIACICA,RETIRO SAUDOSO,violencia_social,5
CARIACICA,RIO MARINHO,objetos,5
CARIACICA,SAO JOAO BATISTA,violencia_social,5
CARIACICA,VASCO DA GAMA,objetos,5
CARIACICA,VASCO DA GAMA,patrimonial,5
CARIACICA,VERA CRUZ,violencia_social,5
CARIACICA,VILA PALESTINA,violencia_social,5
CARIACICA,VISTA DOURADA,violencia_social,5
CARIACICA,VISTA LINDA,patrimonial,5
CASTELO,CASTELO III,violencia_social,5
CASTELO,CENTRO,objetos,5
CASTELO,NOSSA SENHORA APARECIDA,violencia_social,5
CASTELO,SANTO AGOSTINHO,patrimonial,5
CASTELO,SANTO ANDREZINHO,patrimonial,5
CASTELO,VOLTA REDONDA,patrimonial,5
COLATINA,COLATINA VELHA,objetos,5
COLATINA,FIORAVANTE MARINO,patrimonial,5
COLATINA,HONORIO FRAGA,digital,5
COLATINA,JOAO MANOEL MENEGUELI,patrimonial,5
COLATINA,LACE,patrimonial,5
COLATINA,SANTA TEREZINHA,violencia_social,5
COLATINA,SAO JUDAS TADEU,patrimonial,5
COLATINA,SAO SILVANO,digital,5
COLATINA,SAO VICENTE,violencia_social,5
CONCEICAO DA BARRA,GUAXINDIBA,patrimonial,5
CONCEICAO DA BARRA,ZONA RURAL,violencia_social,5
CONCEICAO DO CASTELO,INDAIA,violencia_social,5
DOMINGOS MARTINS,ARACE,patrimonial,5
ECOPORANGA,OUTRO LOCAL,violencia_social,5
FUNDAO,CENTRO,violencia_social,5
FUNDAO,ORLY RAMOS,patrimonial,5
FUNDAO,TIMBUI,violencia_social,5
GUACUI,BAIRRO DO NORTE,violencia_social,5
GUACUI,CENTRO,objetos,5
GUACUI,QUINCAS MACHADO,patrimonial,5
GUACUI,SANTA CECILIA,patrimonial,5
GUACUI,SAO JOSE,patrimonial,5
GUARAPARI,ELZA NADER,patrimonial,5
GUARAPARI,PALMEIRAS,objetos,5
GUARAPARI,PORTAL CLUB,objetos,5
IBATIBA,IPE,violencia_social,5
IBATIBA,VILA NOVA,patrimonial,5
IBATIBA,ZONA RURAL,patrimonial,5
IBIRACU,OUTRO LOCAL,patrimonial,5
IRUPI,ZONA RURAL,objetos,5
ITAGUACU,PALMEIRA,violencia_social,5
ITAPEMIRIM,ITAOCA,objetos,5
IUNA,CENTRO,objetos,5
IUNA,GUANABARA,violencia_social,5
IUNA,PEQUIA,violencia_social,5
IUNA,QUILOMBO,objetos,5
JAGUARE,CENTRO,objetos,5
JOAO NEIVA,CENTRO,objetos,5
JOAO NEIVA,FLORESTA,violencia_social,5
JOAO NEIVA,SANTA LUZIA,objetos,5
JOAO NEIVA,SANTA LUZIA,patrimonial,5
JOAO NEIVA,VILA NOVA DE BAIXO,violencia_social,5
LARANJA DA TERRA,ZONA RURAL,violencia_social,5
LINHARES,BNH,violencia_social,5
LINHARES,NOSSA SENHORA DA CONCEICAO,objetos,5
LINHARES,TRES BARRAS,violencia_social,5
MANTENOPOLIS,BELA VISTA,violencia_social,5
MARATAIZES,BELVEDERE,patrimonial,5
MARATAIZES,LAGOA DO SIRI,patrimonial,5
MARATAIZES,PONTAL DA BARRA,violencia_social,5
MARECHAL FLORIANO,ARAGUAIA,violencia_social,5
MARECHAL FLORIANO,SANTA RITA,violencia_social,5
MARECHAL FLORIANO,VICTOR HUGO,patrimonial,5
MARILANDIA,INDUSTRIAL,violencia_social,5
MARILANDIA,ZONA RURAL,violencia_social,5
MIMOSO DO SUL,CENTRO,objetos,5
MIMOSO DO SUL,CENTRO,violencia_social,5
MONTANHA,FUNDAO,violencia_social,5
MONTANHA,LAJEDO,violencia_social,5
MONTANHA,ZONA RURAL,patrimonial,5
MUCURICI,ITABAIANA,patrimonial,5
MUNIZ FREIRE,PIACU,violencia_social,5
MUQUI,CENTRO,violencia_social,5
NOVA VENECIA,FILOMENA,violencia_social,5
NOVA VENECIA,IOLANDA,patrimonial,5
NOVA VENECIA,OUTRO LOCAL,objetos,5
PANCAS,NILTON SA,patrimonial,5
PANCAS,OUTRO LOCAL,patrimonial,5
PANCAS,VILA VERDE,patrimonial,5
PEDRO CANARIO,BOA VISTA,violencia_social,5
PEDRO CANARIO,CANARINHA,violencia_social,5
PEDRO CANARIO,CRISTAL DO NORTE,patrimonial,5
PINHEIROS,PINHEIRINHO,patrimonial,5
PINHEIROS,ZONA RURAL,violencia_social,5
PIUMA,CEU AZUL,violencia_social,5
PIUMA,JARDIM MAILY,objetos,5
PIUMA,JARDIM MAILY,violencia_social,5
PIUMA,PORTINHO,patrimonial,5
PIUMA,PORTINHO,violencia_social,5
PRESIDENTE KENNEDY,OUTRO LOCAL,patrimonial,5
PRESIDENTE KENNEDY,ZONA RURAL,patrimonial,5
RIO NOVO DO SUL,OUTRO LOCAL,patrimonial,5
SANTA MARIA DE JETIBA,RIO POSS MOUSER,violencia_social,5
SANTA TERESA,VARZEA ALEGRE,patrimonial,5
SAO DOMINGOS DO NORTE,ZONA RURAL,objetos,5
SAO GABRIEL DA PALHA,SANTA CECILIA,violencia_social,5
SAO GABRIEL DA PALHA,SAO SEBASTIAO,patrimonial,5
SAO GABRIEL DA PALHA,SAO SEBASTIAO,violencia_social,5
SAO JOSE DO CALCADO,JOAO MARCELINO DE FREITAS,violencia_social,5
SAO MATEUS,AVIACAO,patrimonial,5
SAO MATEUS,BOM SUCESSO,patrimonial,5
SAO MATEUS,FATIMA,objetos,5
SAO MATEUS,LIBERDADE,violencia_social,5
SAO MATEUS,MORADA DO RIBEIRAO,violencia_social,5
SERRA,BICANGA,violencia_social,5
SERRA,BOA VISTA I,objetos,5
SERRA,CARAPINA I,objetos,5
SERRA,CIVIT I,objetos,5
SERRA,COLINA DA SERRA,patrimonial,5
SERRA,DIAMANTINA,patrimonial,5
SERRA,ELDORADO,objetos,5
SERRA,ESTANCIA MONAZITICA,digital,5
SERRA,ESTANCIA MONAZITICA,violencia_social,5
SERRA,GUARACIABA,patrimonial,5
SERRA,JARDIM BELA VISTA,violencia_social,5
SERRA,JARDIM CARAPINA,digital,5
SERRA,LAGOA DE JACARAIPE,violencia_social,5
SERRA,MATA DA SERRA,objetos,5
SERRA,MATA DA SERRA,violencia_social,5
SERRA,NOVA CARAPINA I,digital,5
SERRA,NOVA CARAPINA II,objetos,5
SERRA,PARQUE RESIDENCIAL TUBARAO,objetos,5
SERRA,PORTO CANOA,violencia_social,5
SERRA,PRAIA DE CAPUBA,objetos,5
SERRA,PRAIAMAR,objetos,5
SERRA,PRAIAMAR,patrimonial,5
SERRA,RESIDENCIAL CENTRO DA SERRA,objetos,5
SERRA,SAO DIOGO I,violencia_social,5
SERRA,SAO DIOGO II,objetos,5
SERRA,SAO GERALDO,violencia_social,5
SERRA,SAO JUDAS TADEU,patrimonial,5
SERRA,SAO LOURENCO,patrimonial,5
SERRA,SAO MARCOS II,violencia_social,5
SERRA,SERRA DOURADA I,digital,5
SERRA,SOLAR DE ANCHIETA,violencia_social,5
SERRA,VISTA DA SERRA II,violencia_social,5
VARGEM ALTA,CASTELINHO,patrimonial,5
VARGEM ALTA,JACIGUA,violencia_social,5
VENDA NOVA DO IMIGRANTE,SAO JOSE DO ALTO VICOSA,patrimonial,5
VIANA,PRIMAVERA,violencia_social,5
VILA PAVAO,CENTRO,violencia_social,5
VILA VELHA,BALNEARIO PONTA DA FRUTA,violencia_social,5
VILA VELHA,BOA VISTA II,violencia_social,5
VILA VELHA,DARLY SANTOS,violencia_social,5
VILA VELHA,GUARANHUNS,violencia_social,5
VILA VELHA,ILHA DA CONCEICAO,objetos,5
VILA VELHA,ILHA DOS AYRES,violencia_social,5
VILA VELHA,MORADA DA BARRA,objetos,5
VILA VELHA,OLARIA,objetos,5
VILA VELHA,PRAIA DAS GAIVOTAS,violencia_social,5
VILA VELHA,VILA BATISTA,objetos,5
VILA VELHA,VILA BATISTA,violencia_social,5
VILA VELHA,VILA GUARANHUNS,patrimonial,5
VILA VELHA,VINTE E TRES DE MAIO,patrimonial,5
VILA VELHA,VISTA DA PENHA,patrimonial,5
VILA VELHA,XURY,objetos,5
VILA VELHA,XURY,patrimonial,5
VILA VELHA,ZONA NAO IDENTIFICADA I,patrimonial,5
VILA VELHA,ZUMBI DOS PALMARES,violencia_social,5
VITORIA,ANDORINHAS,violencia_social,5
VITORIA,BENTO FERREIRA,violencia_social,5
VITORIA,DA PENHA,objetos,5
VITORIA,ESTRELINHA,violencia_social,5
VITORIA,FONTE GRANDE,patrimonial,5
VITORIA,GURIGICA,objetos,5
VITORIA,ILHA DO BOI,objetos,5
VITORIA,ILHA DO FRADE,patrimonial,5
VITORIA,INHANGUETA,objetos,5
VITORIA,INHANGUETA,violencia_social,5
VITORIA,JOANA DARC,violencia_social,5
VITORIA,MATA DA PRAIA,violencia_social,5
VITORIA,SANTA LUIZA,violencia_social,5
VITORIA,TABUAZEIRO,objetos,5
AFONSO CLAUDIO,CENTRO,objetos,4
AFONSO CLAUDIO,GRAMA,violencia_social,4
AFONSO CLAUDIO,PIRACEMA,patrimonial,4
AFONSO CLAUDIO,PONTOES,patrimonial,4
AFONSO CLAUDIO,SAO VICENTE,patrimonial,4
AGUA DOCE DO NORTE,GOVERNADOR LACERDA,violencia_social,4
AGUA DOCE DO NORTE,SANTO AGOSTINHO,patrimonial,4
AGUA DOCE DO NORTE,ZONA RURAL,violencia_social,4
AGUIA BRANCA,CORREGO AGUAS CLARAS,patrimonial,4
ALEGRE,CELINA,patrimonial,4
ALEGRE,CLERIO MOULIM,violencia_social,4
ALEGRE,GUARAREMA,violencia_social,4
ALEGRE,VILA DO SUL,objetos,4
ALFREDO CHAVES,PARQUE RESIDENCIAL ALFREDO CHAVES,violencia_social,4
ALFREDO CHAVES,RIBEIRAO DO CRISTO,patrimonial,4
ANCHIETA,ANCHIETA,patrimonial,4
ANCHIETA,IRIRI,objetos,4
ANCHIETA,MAIMBA,patrimonial,4
ANCHIETA,OUTRO LOCAL,objetos,4
ANCHIETA,PRAIA DE UBU,violencia_social,4
APIACA,CENTRO,violencia_social,4
ARACRUZ,BARRA DO SAHY,objetos,4
ARACRUZ,COQUEIRAL,digital,4
ARACRUZ,GUANABARA,violencia_social,4
ARACRUZ,GUARANA,patrimonial,4
ARACRUZ,GUAXINDIBA,violencia_social,4
ARACRUZ,ITAPARICA,patrimonial,4
ARACRUZ,ITAPUTERA,patrimonial,4
ARACRUZ,JEQUITIBA,violencia_social,4
ARACRUZ,NOVA CONQUISTA,patrimonial,4
ARACRUZ,NOVO JEQUITIBA,violencia_social,4
ARACRUZ,SANTA CRUZ,patrimonial,4
ARACRUZ,SANTA ROSA,violencia_social,4
ARACRUZ,ZONA RURAL,violencia_social,4
ATILIO VIVACQUA,CORREGO DA FAMA,patrimonial,4
ATILIO VIVACQUA,NITEROI,patrimonial,4
BAIXO GUANDU,OUTRO LOCAL,objetos,4
BAIXO GUANDU,OUTRO LOCAL,violencia_social,4
BAIXO GUANDU,SANTA MONICA,objetos,4
BAIXO GUANDU,SAO VICENTE,objetos,4
BAIXO GUANDU,VALPARAISO,patrimonial,4
BARRA DE SAO FRANCISCO,BAIRRO CRUZEIRO,violencia_social,4
BARRA DE SAO FRANCISCO,BAIRRO VILA LANDINHA,objetos,4
BARRA DE SAO FRANCISCO,BAIRRO VILA LUCIENE,patrimonial,4
BOA ESPERANCA,BOA VISTA,violencia_social,4
BOA ESPERANCA,NOVA CIDADE,violencia_social,4
BOA ESPERANCA,VILA TAVARES,objetos,4
BOM JESUS DO NORTE,BELVEDERE,violencia_social,4
BOM JESUS DO NORTE,LOTEAMENTO GRANDE VITORIA,violencia_social,4
BOM JESUS DO NORTE,LOTEAMENTO SILVANA,objetos,4
BREJETUBA,CENTRO,violencia_social,4
CACHOEIRO DE ITAPEMIRIM,ALTO NOVO PARQUE,patrimonial,4
CACHOEIRO DE ITAPEMIRIM,ARARIGUABA,patrimonial,4
CACHOEIRO DE ITAPEMIRIM,BURARAMA,patrimonial,4
CACHOEIRO DE ITAPEMIRIM,CENTRAL PARQUE,patrimonial,4
CACHOEIRO DE ITAPEMIRIM,GUANDU,objetos,4
CACHOEIRO DE ITAPEMIRIM,NOSSA SENHORA DE FATIMA,violencia_social,4
CACHOEIRO DE ITAPEMIRIM,NOVO PARQUE,objetos,4
CACHOEIRO DE ITAPEMIRIM,OTTON MARINS,patrimonial,4
CACHOEIRO DE ITAPEMIRIM,OUTRO LOCAL,violencia_social,4
CACHOEIRO DE ITAPEMIRIM,PACOTUBA,patrimonial,4
CACHOEIRO DE ITAPEMIRIM,PARAISO,objetos,4
CACHOEIRO DE ITAPEMIRIM,RUI PINTO BANDEIRA,violencia_social,4
CACHOEIRO DE ITAPEMIRIM,SAFRA,violencia_social,4
CACHOEIRO DE ITAPEMIRIM,SANTO ANTONIO,violencia_social,4
CACHOEIRO DE ITAPEMIRIM,SAO FRANCISCO DE ASSIS,patrimonial,4
CACHOEIRO DE ITAPEMIRIM,SAO GERALDO,patrimonial,4
CACHOEIRO DE ITAPEMIRIM,SAO LUCAS,patrimonial,4
CACHOEIRO DE ITAPEMIRIM,SAO LUIZ GONZAGA,violencia_social,4
CACHOEIRO DE ITAPEMIRIM,SUMARE,violencia_social,4
CACHOEIRO DE ITAPEMIRIM,VILA RICA,objetos,4
CARIACICA,BOA SORTE,objetos,4
CARIACICA,CANGAIBA,patrimonial,4
CARIACICA,ITAPEMIRIM,objetos,4
CARIACICA,JARDIM DE ALAH,violencia_social,4
CARIACICA,NOVO HORIZONTE,objetos,4
CARIACICA,OPERARIO,objetos,4
CARIACICA,OPERARIO,violencia_social,4
CARIACICA,PARQUE GRAMADO,objetos,4
CARIACICA,PIRANEMA,objetos,4
CARIACICA,PRESIDENTE MEDICE,objetos,4
CARIACICA,SAO CONRADO,violencia_social,4
CARIACICA,SAO FRANCISCO,digital,4
CARIACICA,SAO GERALDO,digital,4
CARIACICA,SAO GERALDO II,patrimonial,4
CARIACICA,SOTELANDIA,patrimonial,4
CARIACICA,SOTEMA,objetos,4
CARIACICA,TABAJARA,violencia_social,4
CARIACICA,TIRADENTES,objetos,4
CARIACICA,VALE DOS REIS,violencia_social,4
CARIACICA,VERA CRUZ,digital,4
CARIACICA,VILA INDEPENDENCIA,objetos,4
CARIACICA,VILA ISABEL,objetos,4
CASTELO,ESPLANADA,violencia_social,4
CASTELO,OUTRO LOCAL,patrimonial,4
CASTELO,SANTA BARBARA,patrimonial,4
CASTELO,SANTA BARBARA,violencia_social,4
CASTELO,SAO MIGUEL,violencia_social,4
CASTELO,VILA BARBOSA,violencia_social,4
CASTELO,VOLTA REDONDA,violencia_social,4
COLATINA,ADELIA GIUBERTTI,patrimonial,4
COLATINA,BARBADOS,patrimonial,4
COLATINA,BAUNILHA,patrimonial,4
COLATINA,MARIA DAS GRACAS,digital,4
COLATINA,MARISTA,patrimonial,4
COLATINA,NOSSA SENHORA APARECIDA,violencia_social,4
COLATINA,NOSSA SENHORA DA PENHA,patrimonial,4
COLATINA,OPERARIO,objetos,4
COLATINA,POR DO SOL,patrimonial,4
COLATINA,SANTA HELENA,violencia_social,4
COLATINA,SAO BRAZ,patrimonial,4
COLATINA,SAO JOAO PEQUENO,patrimonial,4
COLATINA,SAO MARCOS,objetos,4
COLATINA,SAO SILVANO,objetos,4
COLATINA,SAO VICENTE,objetos,4
COLATINA,VILA AMELIA,digital,4
COLATINA,VILA REAL,patrimonial,4
COLATINA,VILA REAL,violencia_social,4
COLATINA,VISTA DA SERRA,violencia_social,4
CONCEICAO DA BARRA,ANTONIO LOPEZ,patrimonial,4
CONCEICAO DA BARRA,ANTONIO LOPEZ,violencia_social,4
CONCEICAO DA BARRA,ITAUNAS,violencia_social,4
CONCEICAO DA BARRA,NOVA BETHANIA,patrimonial,4
CONCEICAO DA BARRA,NOVO HORIZONTE,violencia_social,4
CONCEICAO DA BARRA,ZONA RURAL,patrimonial,4
CONCEICAO DO CASTELO,CENTRO,violencia_social,4
CONCEICAO DO CASTELO,NICOLAU DE VARGAS E SILVA,patrimonial,4
DIVINO DE SAO LOURENCO,CENTRO,patrimonial,4
DIVINO DE SAO LOURENCO,PENHA,violencia_social,4
DOMINGOS MARTINS,CENTRO,violencia_social,4
DORES DO RIO PRETO,ZONA RURAL,objetos,4
ECOPORANGA,DIVINO ESPIRITO SANTO,violencia_social,4
ECOPORANGA,VILA NOVA,violencia_social,4
FUNDAO,OUTRO LOCAL,patrimonial,4
FUNDAO,ZONA RURAL,patrimonial,4
GOVERNADOR LINDENBERG,NOVO BRASIL,violencia_social,4
GUACUI,BALANCA,violencia_social,4
GUACUI,SAO MIGUEL,patrimonial,4
GUACUI,SAO MIGUEL,violencia_social,4
GUARAPARI,AEROPORTO,violencia_social,4
GUARAPARI,AMARELO,patrimonial,4
GUARAPARI,CONDADOS DE GUARAPARI,violencia_social,4
GUARAPARI,LAGOA FUNDA,objetos,4
GUARAPARI,LAMEIRAO,patrimonial,4
GUARAPARI,OLARIA,violencia_social,4
GUARAPARI,PALMEIRAS,violencia_social,4
GUARAPARI,PATURA,violencia_social,4
GUARAPARI,TARTARUGA,objetos,4
GUARAPARI,ZONA RURAL,patrimonial,4
IBATIBA,SAO JOSE,violencia_social,4
IBIRACU,ERICINA,patrimonial,4
ICONHA,JARDIM JANDYRA,violencia_social,4
IRUPI,SANTA CRUZ,patrimonial,4
ITAGUACU,OTTO LUIZ HOFFMAN,violencia_social,4
ITAGUACU,ZONA RURAL,patrimonial,4
ITAPEMIRIM,CORREGO DO OURO,patrimonial,4
ITAPEMIRIM,GRAUNA,patrimonial,4
ITAPEMIRIM,GRAUNA,violencia_social,4
ITAPEMIRIM,JOACIMA,patrimonial,4
ITAPEMIRIM,OUTRO LOCAL,objetos,4
ITAPEMIRIM,OUTRO LOCAL,violencia_social,4
ITARANA,COHAB,violencia_social,4
IUNA,NOSSA SENHORA DA PENHA,patrimonial,4
IUNA,SANTISSIMA TRINDADE,patrimonial,4
JAGUARE,JIRAU,objetos,4
JAGUARE,NOVO TEMPO,patrimonial,4
JAGUARE,OUTRO LOCAL,violencia_social,4
JAGUARE,PALMITO,violencia_social,4
JERONIMO MONTEIRO,CENTRO,objetos,4
JERONIMO MONTEIRO,OUTRO LOCAL,patrimonial,4
JERONIMO MONTEIRO,SANTO ANTONIO,patrimonial,4
JERONIMO MONTEIRO,VILA CRUZEIRO,violencia_social,4
JOAO NEIVA,SAO BRAS,violencia_social,4
LARANJA DA TERRA,CENTRO,patrimonial,4
LARANJA DA TERRA,SOBREIRO,patrimonial,4
LINHARES,BNH,objetos,4
LINHARES,BOA VISTA,violencia_social,4
LINHARES,FARIAS,violencia_social,4
LINHARES,JARDIM LAGUNA,objetos,4
LINHARES,MOVELAR,violencia_social,4
MANTENOPOLIS,CENTRO,digital,4
MANTENOPOLIS,IPIRANGA,violencia_social,4
MANTENOPOLIS,SAO JOSE,violencia_social,4
MANTENOPOLIS,SAO JOSE DE MANTENOPOLIS,digital,4
MARATAIZES,BREJO DOS PATOS,patrimonial,4
MARATAIZES,LAGOA DO SIRI,violencia_social,4
MARECHAL FLORIANO,ALTO NOVA ALMEIDA,patrimonial,4
MARECHAL FLORIANO,OUTRO LOCAL,patrimonial,4
MARECHAL FLORIANO,SANTA MARIA,violencia_social,4
MARECHAL FLORIANO,VALE DAS PALMAS,patrimonial,4
MARILANDIA,INDUSTRIAL,patrimonial,4
MIMOSO DO SUL,ITAPOA,violencia_social,4
MIMOSO DO SUL,SAO JOSE DAS TORRES,patrimonial,4
MONTANHA,CENTRO,objetos,4
MONTANHA,FUNDAO,patrimonial,4
MUCURICI,ALTO BONITO,violencia_social,4
MUCURICI,OUTRO LOCAL,patrimonial,4
MUNIZ FREIRE,MENINO JESUS,patrimonial,4
MUNIZ FREIRE,ZONA RURAL,violencia_social,4
MUQUI,BOA ESPERANCA,patrimonial,4
MUQUI,SAO PEDRO,patrimonial,4
MUQUI,SAO PEDRO,violencia_social,4
MUQUI,ZONA RURAL,violencia_social,4
NOVA VENECIA,BONFIM,violencia_social,4
NOVA VENECIA,CEDROLANDIA,patrimonial,4
NOVA VENECIA,CENTRO,violencia_social,4
NOVA VENECIA,COQUEIRAL,patrimonial,4
NOVA VENECIA,GUARAREMA,patrimonial,4
NOVA VENECIA,IOLANDA,violencia_social,4
PANCAS,VILA NOVA,patrimonial,4
PEDRO CANARIO,CANARINHA,patrimonial,4
PEDRO CANARIO,LIONORIO I,violencia_social,4
PINHEIROS,JUNDIA,patrimonial,4
PINHEIROS,JUNDIA,violencia_social,4
PINHEIROS,SAO JOAO DO SOBRADO,patrimonial,4
PINHEIROS,SAO JOAO DO SOBRADO,violencia_social,4
PIUMA,CEU AZUL,patrimonial,4
PIUMA,ITAPUTANGA,objetos,4
PIUMA,LAGO AZUL,patrimonial,4
PIUMA,LAGO AZUL,violencia_social,4
PIUMA,NITEROI,objetos,4
PIUMA,PRAIA DE ACAIACA,objetos,4
PONTO BELO,MORUMBI,violencia_social,4
PONTO BELO,ZONA RURAL,patrimonial,4
RIO BANANAL,SAO JORGE DO TIRADENTES,violencia_social,4
RIO BANANAL,ZONA RURAL,objetos,4
RIO NOVO DO SUL,CENTRO,violencia_social,4
RIO NOVO DO SUL,SANTO ANTONIO,patrimonial,4
SANTA LEOPOLDINA,CENTRO,objetos,4
SANTA MARIA DE JETIBA,VILA ITALIANOS,violencia_social,4
SANTA MARIA DE JETIBA,VILA NOVA,objetos,4
SANTA MARIA DE JETIBA,VILA NOVA,violencia_social,4
SANTA TERESA,ALTO CALDEIRAO,patrimonial,4
SANTA TERESA,ALVORADA,violencia_social,4
SANTA TERESA,DOIS PINHEIROS,patrimonial,4
SANTA TERESA,SANTO ANTONIO DO CANAA,patrimonial,4
SANTA TERESA,SANTO ANTONIO DO CANAA,violencia_social,4
SANTA TERESA,SAO LOURENCO,patrimonial,4
SANTA TERESA,VILA NOVA,violencia_social,4
SAO DOMINGOS DO NORTE,CAIXA DAGUA,violencia_social,4
SAO DOMINGOS DO NORTE,ZONA RURAL,patrimonial,4
SAO GABRIEL DA PALHA,APARECIDA,violencia_social,4
SAO GABRIEL DA PALHA,GUSTAVO BOONE,patrimonial,4
SAO GABRIEL DA PALHA,JARDIM DE INFANCIA,patrimonial,4
SAO GABRIEL DA PALHA,POPULARES,patrimonial,4
SAO GABRIEL DA PALHA,SANTA HELENA,patrimonial,4
SAO GABRIEL DA PALHA,SANTA TEREZINHA,patrimonial,4
SAO GABRIEL DA PALHA,ZONA RURAL,objetos,4
SAO JOSE DO CALCADO,SIZENALDO DE SA VIANA,violencia_social,4
SAO JOSE DO CALCADO,ZONA RURAL,patrimonial,4
SAO MATEUS,AVIACAO,violencia_social,4
SAO MATEUS,COHAB,patrimonial,4
SAO MATEUS,JAMBEIRO,violencia_social,4
SAO MATEUS,MARIRICU,violencia_social,4
SAO MATEUS,MORADA DO LAGO,violencia_social,4
SAO MATEUS,NOVO HORIZONTE,patrimonial,4
SAO MATEUS,NOVO HORIZONTE,violencia_social,4
SAO MATEUS,PEDRA DAGUA,patrimonial,4
SAO MATEUS,RESIDENCIAL PARQUE WASHIGTON,violencia_social,4
SAO MATEUS,SAO PEDRO,violencia_social,4
SAO MATEUS,VILA NOVA,patrimonial,4
SAO MATEUS,ZONA RURAL,objetos,4
SAO ROQUE DO CANAA,SAO JACINTO,violencia_social,4
SERRA,ALTEROSAS,violencia_social,4
SERRA,BICANGA,digital,4
SERRA,CAMPINHO DA SERRA II,patrimonial,4
SERRA,CIDADE NOVA DA SERRA,patrimonial,4
SERRA,COLINA DE LARANJEIRAS,digital,4
SERRA,JARDIM LIMOEIRO,digital,4
SERRA,MARIA NIOBE,patrimonial,4
SERRA,MARINGA,objetos,4
SERRA,NOVO PORTO CANOA,digital,4
SERRA,OURIMAR,objetos,4
SERRA,PALMEIRAS,violencia_social,4
SERRA,PARQUE DAS GAIVOTAS,objetos,4
SERRA,PLANICIE DA SERRA,violencia_social,4
SERRA,PRAIA DA BALEIA,objetos,4
SERRA,PRAIA DE CARAPEBUS,violencia_social,4
SERRA,REIS MAGOS,patrimonial,4
SERRA,ROSARIO DE FATIMA,violencia_social,4
SERRA,SANTO ANTONIO,patrimonial,4
SERRA,SANTO ANTONIO,violencia_social,4
SERRA,SAO DOMINGOS,digital,4
SERRA,SAO JOAO,patrimonial,4
SERRA,SAO LOURENCO,violencia_social,4
SERRA,SERRA CENTRO,violencia_social,4
SERRA,SERRA DOURADA II,digital,4
SERRA,VISTA DA SERRA II,objetos,4
SOORETAMA,OUTRO LOCAL,violencia_social,4
VARGEM ALTA,CASTELINHO,violencia_social,4
VARGEM ALTA,OUTRO LOCAL,patrimonial,4
VARGEM ALTA,SAO JOSE DE FRUTEIRA,patrimonial,4
VENDA NOVA DO IMIGRANTE,BANANEIRAS,patrimonial,4
VENDA NOVA DO IMIGRANTE,CENTRO,violencia_social,4
VENDA NOVA DO IMIGRANTE,MINETE,patrimonial,4
VENDA NOVA DO IMIGRANTE,MINETE,violencia_social,4
VENDA NOVA DO IMIGRANTE,SAO JOAO DE VICOSA,violencia_social,4
VENDA NOVA DO IMIGRANTE,VILA DA MATA,violencia_social,4
VIANA,CAMPO VERDE,violencia_social,4
VIANA,CANAA,violencia_social,4
VIANA,CAXIAS DO SUL,patrimonial,4
VIANA,CENTRO,objetos,4
VIANA,SOTECO,violencia_social,4
VIANA,UNIVERSAL,objetos,4
VIANA,VILA NOVA,violencia_social,4
VILA VALERIO,SANTA RITA,patrimonial,4
VILA VALERIO,ZONA RURAL,objetos,4
VILA VELHA,BOA VISTA II,objetos,4
VILA VELHA,BRISAMAR,objetos,4
VILA VELHA,CAVALIERE,patrimonial,4
VILA VELHA,CAVALIERE,violencia_social,4
VILA VELHA,COBI DE CIMA,objetos,4
VILA VELHA,DOM JOAO BATISTA,objetos,4
VILA VELHA,DOM JOAO BATISTA,violencia_social,4
VILA VELHA,ILHA DA CONCEICAO,violencia_social,4
VILA VELHA,JARDIM ASTECA,objetos,4
VILA VELHA,JARDIM DO VALE,objetos,4
VILA VELHA,JARDIM GUADALAJARA,objetos,4
VILA VELHA,JARDIM GUARANHUNS,objetos,4
VILA VELHA,RESIDENCIAL JABAETE,objetos,4
VILA VELHA,SANTA MONICA POPULAR,violencia_social,4
VILA VELHA,SANTA PAULA II,violencia_social,4
VILA VELHA,SANTOS DUMONT,violencia_social,4
VITORIA,CONSOLACAO,violencia_social,4
VITORIA,DE LOURDES,violencia_social,4
VITORIA,DO MOSCOSO,patrimonial,4
VITORIA,JESUS DE NAZARETH,violencia_social,4
VITORIA,NAZARETH,patrimonial,4
VITORIA,RESISTENCIA,objetos,4
VITORIA,SANTA CECILIA,objetos,4
VITORIA,SANTA CLARA,patrimonial,4
VITORIA,SANTA MARTHA,digital,4
VITORIA,SAO JOSE,violencia_social,4
VITORIA,SAO PEDRO,digital,4
VITORIA,VILA RUBIM,violencia_social,4
AFONSO CLAUDIO,EMPOSSADO,objetos,3
AFONSO CLAUDIO,JOSE VALIM,violencia_social,3
AFONSO CLAUDIO,SAO FRANCISCO,violencia_social,3
AFONSO CLAUDIO,VILA NOVA,violencia_social,3
AGUA DOCE DO NORTE,OUTRO LOCAL,objetos,3
AGUA DOCE DO NORTE,VILA NELITA,violencia_social,3
AGUIA BRANCA,APARECIDA,violencia_social,3
AGUIA BRANCA,CRISTO REI,violencia_social,3
AGUIA BRANCA,OUTRO LOCAL,violencia_social,3
ALEGRE,CAMPO AVIACAO,patrimonial,3
ALEGRE,CAMPO AVIACAO,violencia_social,3
ALEGRE,CHARQUEADA,violencia_social,3
ALEGRE,GUARAREMA,objetos,3
ALEGRE,ZONA RURAL,patrimonial,3
ALFREDO CHAVES,IMIGRANTE,objetos,3
ALFREDO CHAVES,OUTRO LOCAL,violencia_social,3
ALFREDO CHAVES,ZONA RURAL,violencia_social,3
ALTO RIO NOVO,MONTE CARMELO,violencia_social,3
ALTO RIO NOVO,OUTRO LOCAL,patrimonial,3
ANCHIETA,ANCHIETA,violencia_social,3
ANCHIETA,BAIXO PONGAL,violencia_social,3
ANCHIETA,BOA VISTA,violencia_social,3
ANCHIETA,CENTRO,digital,3
ANCHIETA,JOAO XXIII,patrimonial,3
ANCHIETA,JOAO XXIII,violencia_social,3
ANCHIETA,JUSTICA,patrimonial,3
ANCHIETA,JUSTICA II,patrimonial,3
ANCHIETA,MAIMBA,violencia_social,3
ANCHIETA,PONTA DOS CASTELHANOS,patrimonial,3
ANCHIETA,PONTA DOS CASTELHANOS,violencia_social,3
ANCHIETA,PORTAL DE ANCHIETA,patrimonial,3
ANCHIETA,PORTO DE CIMA,patrimonial,3
ANCHIETA,PRAIA DO COQUEIRO,patrimonial,3
ANCHIETA,VILA RESIDENCIAL ANCHIETA,patrimonial,3
ANCHIETA,ZONA RURAL,patrimonial,3
ANCHIETA,ZONA RURAL,violencia_social,3
APIACA,BOA VISTA,violencia_social,3
ARACRUZ,BOA VISTA,patrimonial,3
ARACRUZ,COHAB II,patrimonial,3
ARACRUZ,DECARLI,objetos,3
ARACRUZ,GUAXINDIBA,objetos,3
ARACRUZ,ITAPUTERA,objetos,3
ARACRUZ,MOROBA,patrimonial,3
ARACRUZ,PLANALTO,patrimonial,3
ARACRUZ,PRAIA FORMOSA,violencia_social,3
ARACRUZ,PRAIA SAUE,violencia_social,3
ARACRUZ,SANTA LUZIA,violencia_social,3
ARACRUZ,SAO CAMILO,patrimonial,3
ARACRUZ,SAUE,patrimonial,3
ATILIO VIVACQUA,OUTRO LOCAL,patrimonial,3
ATILIO VIVACQUA,ZONA RURAL,patrimonial,3
BAIXO GUANDU,ALTO GUANDU,violencia_social,3
BAIXO GUANDU,ALTO MUTUM PRETO,patrimonial,3
BAIXO GUANDU,MASCARENHAS,patrimonial,3
BAIXO GUANDU,MAUA,objetos,3
BAIXO GUANDU,ROSARIO I,patrimonial,3
BAIXO GUANDU,ROSARIO I,violencia_social,3
BAIXO GUANDU,VALPARAISO,violencia_social,3
BAIXO GUANDU,VILA NOVA DO BANANAL,patrimonial,3
BARRA DE SAO FRANCISCO,BAIRRO COLINA,objetos,3
BARRA DE SAO FRANCISCO,CACHOEIRINHA DE ITAUNA,patrimonial,3
BARRA DE SAO FRANCISCO,MONTE SENIR,violencia_social,3
BARRA DE SAO FRANCISCO,MORRO DA COLINA,violencia_social,3
BARRA DE SAO FRANCISCO,SANTO ANTONIO,patrimonial,3
BOA ESPERANCA,NOVA CIDADE,patrimonial,3
BOA ESPERANCA,VILA FERNANDES,violencia_social,3
BOA ESPERANCA,ZONA RURAL,objetos,3
BOA ESPERANCA,ZONA RURAL,patrimonial,3
BREJETUBA,CORREGO GRANDE,violencia_social,3
BREJETUBA,OUTRO LOCAL,patrimonial,3
BREJETUBA,SAO JORGE,violencia_social,3
BREJETUBA,SERTAOZINHO,patrimonial,3
BREJETUBA,SERTAOZINHO,violencia_social,3
CACHOEIRO DE ITAPEMIRIM,ALVARO TAVARES,patrimonial,3
CACHOEIRO DE ITAPEMIRIM,AMARELO,violencia_social,3
CACHOEIRO DE ITAPEMIRIM,BASILEIA,violencia_social,3
CACHOEIRO DE ITAPEMIRIM,BOM PASTOR,patrimonial,3
CACHOEIRO DE ITAPEMIRIM,CAICARA,objetos,3
CACHOEIRO DE ITAPEMIRIM,CAMPO DA LEOPOLDINA,violencia_social,3
CACHOEIRO DE ITAPEMIRIM,CONDURU,objetos,3
CACHOEIRO DE ITAPEMIRIM,CORAMARA,objetos,3
CACHOEIRO DE ITAPEMIRIM,CORONEL BORGES,violencia_social,3
CACHOEIRO DE ITAPEMIRIM,DOUTOR GILBERTO MACHADO,patrimonial,3
CACHOEIRO DE ITAPEMIRIM,ILHA DA LUZ,violencia_social,3
CACHOEIRO DE ITAPEMIRIM,JARDIM AMERICA,patrimonial,3
CACHOEIRO DE ITAPEMIRIM,SAO JOAQUIM,objetos,3
CACHOEIRO DE ITAPEMIRIM,SAO LUCAS,objetos,3
CACHOEIRO DE ITAPEMIRIM,SUMARE,objetos,3
CACHOEIRO DE ITAPEMIRIM,TEIXEIRA LEITE,patrimonial,3
CACHOEIRO DE ITAPEMIRIM,TIJUCA,violencia_social,3
CACHOEIRO DE ITAPEMIRIM,VALAO,objetos,3
CACHOEIRO DE ITAPEMIRIM,VARGEM GRANDE DO SOTURNO,patrimonial,3
CACHOEIRO DE ITAPEMIRIM,ZONA RURAL,patrimonial,3
CACHOEIRO DE ITAPEMIRIM,ZUMBI,objetos,3
CARIACICA,ALICE COUTINHO,objetos,3
CARIACICA,ALTO DA BOA VISTA,objetos,3
CARIACICA,ALZIRA RAMOS,violencia_social,3
CARIACICA,ANTONIO FERREIRA BORGES,objetos,3
CARIACICA,BUBU,objetos,3
CARIACICA,MARACANA,violencia_social,3
CARIACICA,NOVA CAMPO GRANDE,objetos,3
CARIACICA,NOVA ROSA DA PENHA,digital,3
CARIACICA,PARQUE GRAMADO,violencia_social,3
CARIACICA,PLANETA,violencia_social,3
CARIACICA,PROLAR,objetos,3
CARIACICA,PROLAR,violencia_social,3
CARIACICA,SANTA PAULA,objetos,3
CARIACICA,SANTO ANTONIO,objetos,3
CARIACICA,SAO BENEDITO,objetos,3
CARIACICA,SAO BENEDITO,patrimonial,3
CARIACICA,SAO GERALDO II,violencia_social,3
CARIACICA,SAO JOAO BATISTA,patrimonial,3
CARIACICA,SOTELANDIA,objetos,3
CARIACICA,VASCO DA GAMA,violencia_social,3
CARIACICA,VILA ISABEL,violencia_social,3
CARIACICA,VISTA LINDA,violencia_social,3
CASTELO,ARACUI,digital,3
CASTELO,CORUMBA,patrimonial,3
CASTELO,ESPLANADA,patrimonial,3
CASTELO,ESTRELA DO NORTE,patrimonial,3
CASTELO,EXPOSICAO,patrimonial,3
CASTELO,NITEROI,objetos,3
CASTELO,NITEROI,patrimonial,3
CASTELO,VILA BARBOSA,patrimonial,3
CASTELO,VILA IZABEL,patrimonial,3
CASTELO,VILA NOVA,patrimonial,3
CASTELO,ZONA RURAL,digital,3
COLATINA,AEROPORTO,violencia_social,3
COLATINA,ANGELO FRECHIANI,patrimonial,3
COLATINA,ANTONIO DAMIANI,patrimonial,3
COLATINA,BELA VISTA,objetos,3
COLATINA,COLUMBIA,objetos,3
COLATINA,FIORAVANTE MARINO,violencia_social,3
COLATINA,FRANCISCO SIMONASSI,violencia_social,3
COLATINA,MARIA DAS GRACAS II,patrimonial,3
COLATINA,NOSSA SENHORA APARECIDA,digital,3
COLATINA,NOSSA SENHORA APARECIDA,objetos,3
COLATINA,PADRE JOSE DE ANCHIETA,violencia_social,3
COLATINA,PERPETUO SOCORRO,objetos,3
COLATINA,POR DO SOL,violencia_social,3
COLATINA,SAGRADO CORACAO DE JESUS,patrimonial,3
COLATINA,SANTA MONICA,patrimonial,3
COLATINA,SANTA TEREZINHA,patrimonial,3
COLATINA,SANTOS DUMONT,digital,3
COLATINA,SAO PEDRO,digital,3
CONCEICAO DA BARRA,CENTRO,digital,3
CONCEICAO DA BARRA,FLORESTA,violencia_social,3
CONCEICAO DA BARRA,MARCILIO DIAS II,patrimonial,3
CONCEICAO DA BARRA,NOSSA SENHORA APARECIDA,digital,3
CONCEICAO DA BARRA,NOSSA SENHORA APARECIDA,violencia_social,3
CONCEICAO DA BARRA,SAO THIAGO,patrimonial,3
CONCEICAO DA BARRA,VILA DOS PESCADORES,violencia_social,3
CONCEICAO DO CASTELO,ARTHUR SOARES,patrimonial,3
CONCEICAO DO CASTELO,CENTRO,digital,3
CONCEICAO DO CASTELO,OUTRO LOCAL,patrimonial,3
CONCEICAO DO CASTELO,PEDRO RIGO,violencia_social,3
DIVINO DE SAO LOURENCO,ZONA RURAL,violencia_social,3
DOMINGOS MARTINS,ARACE,violencia_social,3
DOMINGOS MARTINS,PEDRA AZUL,violencia_social,3
DORES DO RIO PRETO,CENTRO,violencia_social,3
DORES DO RIO PRETO,PATRIMONIO MUNDO NOVO,patrimonial,3
DORES DO RIO PRETO,PATRIMONIO MUNDO NOVO,violencia_social,3
DORES DO RIO PRETO,ZONA RURAL,violencia_social,3
FUNDAO,CAMPESTRE,patrimonial,3
FUNDAO,OUTRO LOCAL,violencia_social,3
FUNDAO,OZEIAS NETO,patrimonial,3
FUNDAO,SAO JOSE,violencia_social,3
GOVERNADOR LINDENBERG,CENTRO,patrimonial,3
GOVERNADOR LINDENBERG,ZONA RURAL,patrimonial,3
GUACUI,BAIRRO DO NORTE,patrimonial,3
GUACUI,BELA VISTA,patrimonial,3
GUACUI,MORADA DAS PALMEIRAS,patrimonial,3
GUACUI,SANTA CRUZ,patrimonial,3
GUACUI,SAO PEDRO DE RATES,violencia_social,3
GUACUI,TANCREDO NEVES,patrimonial,3
GUACUI,VALE DO SOL,violencia_social,3
GUACUI,VILA DOS PROFESSORES,patrimonial,3
GUARAPARI,ADALBERTO SIMAO NADER,violencia_social,3
GUARAPARI,FATIMA CIDADE JARDIM,objetos,3
GUARAPARI,FATIMA CIDADE JARDIM,violencia_social,3
GUARAPARI,IGUAPE,violencia_social,3
GUARAPARI,JABARAI,objetos,3
GUARAPARI,LAMEIRAO,violencia_social,3
GUARAPARI,PORTO GRANDE,violencia_social,3
GUARAPARI,SAO GABRIEL,objetos,3
GUARAPARI,SAO JOSE,objetos,3
GUARAPARI,SAO JUDAS TADEU,objetos,3
GUARAPARI,ZONA RURAL,violencia_social,3
IBATIBA,SANTA CLARA,patrimonial,3
IBIRACU,ARICANGA,patrimonial,3
IBIRACU,ARICANGA,violencia_social,3
IBIRACU,PENDANGA,patrimonial,3
IBIRACU,SAO CRISTOVAO,violencia_social,3
IBIRACU,ZONA RURAL,violencia_social,3
ICONHA,TOCAIA,violencia_social,3
IRUPI,CORREGO FUNDO,patrimonial,3
IRUPI,JOAO THOMAZ PEREIRA,patrimonial,3
ITAGUACU,BARRO PRETO,patrimonial,3
ITAGUACU,BARRO PRETO,violencia_social,3
ITAGUACU,CENTRO,objetos,3
ITAGUACU,FLORENCIO HERZOG,violencia_social,3
ITAGUACU,ITAIMBE,violencia_social,3
ITAPEMIRIM,BREJO GRANDE DO NORTE,violencia_social,3
ITAPEMIRIM,FAZENDA VELHA,patrimonial,3
ITAPEMIRIM,GOMES,violencia_social,3
ITAPEMIRIM,ITAPECOA,patrimonial,3
ITAPEMIRIM,PIABANHA DO NORTE,patrimonial,3
ITAPEMIRIM,ZONA RURAL,patrimonial,3
ITARANA,ITARANINHA,violencia_social,3
IUNA,BAIRRO DO PITO,violencia_social,3
IUNA,FERREIRA VALE,patrimonial,3
IUNA,NITEROI,violencia_social,3
IUNA,NOSSA SENHORA DA PENHA,violencia_social,3
IUNA,PERDICAO,patrimonial,3
IUNA,VILA NOVA,objetos,3
IUNA,VILA NOVA,patrimonial,3
JAGUARE,ABOBORA,violencia_social,3
JAGUARE,AGUA LIMPA,patrimonial,3
JAGUARE,AGUA LIMPA,violencia_social,3
JAGUARE,JIRAU,patrimonial,3
JAGUARE,JIRAU,violencia_social,3
JAGUARE,NOVO HORIZONTE,violencia_social,3
JAGUARE,OUTRO LOCAL,patrimonial,3
JAGUARE,SAO ROQUE,violencia_social,3
JAGUARE,ZONA RURAL,patrimonial,3
JAGUARE,ZONA RURAL,violencia_social,3
JERONIMO MONTEIRO,BOA SORTE,patrimonial,3
JERONIMO MONTEIRO,PARADA CRISTAL,violencia_social,3
JERONIMO MONTEIRO,SANTA CLARA,patrimonial,3
JERONIMO MONTEIRO,ZONA RURAL,patrimonial,3
JOAO NEIVA,BARRA DO TRIUNFO,patrimonial,3
JOAO NEIVA,ZONA RURAL,patrimonial,3
LINHARES,CONCEICAO,violencia_social,3
LINHARES,JOSE RODRIGUES MACIEL,objetos,3
LINHARES,JUPARANA,objetos,3
LINHARES,PALMITAL,objetos,3
LINHARES,REGENCIA,patrimonial,3
LINHARES,SAO RAFAEL,objetos,3
LINHARES,SAO RAFAEL,violencia_social,3
MANTENOPOLIS,CENTRO,violencia_social,3
MANTENOPOLIS,CORREGO MANTENINHA,patrimonial,3
MANTENOPOLIS,OUTRO LOCAL,violencia_social,3
MARATAIZES,ACAPULCO,objetos,3
MARATAIZES,BELO HORIZONTE,violencia_social,3
MARATAIZES,BELVEDERE,violencia_social,3
MARATAIZES,BOA VISTA,patrimonial,3
MARATAIZES,JABOTI,patrimonial,3
MARATAIZES,JACARANDA,violencia_social,3
MARATAIZES,LAGOA DANTAS,objetos,3
MARATAIZES,LAGOA DANTAS,patrimonial,3
MARATAIZES,LAGOA DANTAS,violencia_social,3
MARATAIZES,LAGOA FUNDA,objetos,3
MARATAIZES,PONTAL DA BARRA,patrimonial,3
MARATAIZES,SANTA TEREZA,patrimonial,3
MARATAIZES,SANTA TEREZA,violencia_social,3
MARECHAL FLORIANO,BATATAL,violencia_social,3
MARECHAL FLORIANO,OUTRO LOCAL,violencia_social,3
MARECHAL FLORIANO,RIO FUNDO,patrimonial,3
MARECHAL FLORIANO,VILA DAS ORQUIDEAS,patrimonial,3
MARILANDIA,VILA REAL,patrimonial,3
MARILANDIA,ZONA RURAL,objetos,3
MIMOSO DO SUL,ALTO SERTAO SEBASTIAO,patrimonial,3
MIMOSO DO SUL,MANGUEIRA,violencia_social,3
MIMOSO DO SUL,MORRO DA PALHA,patrimonial,3
MIMOSO DO SUL,PRATINHA,objetos,3
MIMOSO DO SUL,SERRA,objetos,3
MIMOSO DO SUL,SERRA,violencia_social,3
MIMOSO DO SUL,ZONA RURAL,violencia_social,3
MONTANHA,ALCEBIADES,patrimonial,3
MONTANHA,ANGELA DEPOLLO,patrimonial,3
MONTANHA,ANGELA DEPOLLO,violencia_social,3
MONTANHA,DECAO,violencia_social,3
MONTANHA,VINHATICO,patrimonial,3
MONTANHA,ZONA RURAL,violencia_social,3
MUCURICI,ITABAIANA,violencia_social,3
MUNIZ FREIRE,SAO VICENTE DE PAULA,violencia_social,3
MUNIZ FREIRE,VIEIRA MACHADO,violencia_social,3
MUQUI,CENTRO,objetos,3
MUQUI,NOSSA SENHORA APARECIDA,patrimonial,3
MUQUI,OUTRO LOCAL,patrimonial,3
MUQUI,SAO DOMINGOS,patrimonial,3
NOVA VENECIA,AEROPORTO,objetos,3
NOVA VENECIA,CEDROLANDIA,violencia_social,3
NOVA VENECIA,RUBIA,objetos,3
PANCAS,CENTRO,objetos,3
PANCAS,NOSSA SENHORA APARECIDA,patrimonial,3
PANCAS,NOSSA SENHORA APARECIDA,violencia_social,3
PANCAS,OPERARIO,patrimonial,3
PEDRO CANARIO,CAMATA,patrimonial,3
PEDRO CANARIO,CAMATA,violencia_social,3
PEDRO CANARIO,CENTRO,objetos,3
PEDRO CANARIO,CRISTAL DO NORTE,violencia_social,3
PEDRO CANARIO,LIONORIO I,patrimonial,3
PEDRO CANARIO,OUTRO LOCAL,objetos,3
PEDRO CANARIO,SAO JOAO BATISTA,patrimonial,3
PINHEIROS,CENTRO,objetos,3
PINHEIROS,CENTRO,violencia_social,3
PINHEIROS,DOMICIANO,patrimonial,3
PINHEIROS,GALILEIA,violencia_social,3
PINHEIROS,JARDIM PLANALTO,violencia_social,3
PINHEIROS,OUTRO LOCAL,violencia_social,3
PINHEIROS,SANTO ANTONIO,patrimonial,3
PINHEIROS,ZONA RURAL,objetos,3
PINHEIROS,ZONA RURAL,patrimonial,3
PIUMA,APARECIDA,patrimonial,3
PIUMA,PIUMINAS,violencia_social,3
PRESIDENTE KENNEDY,CAMPO NOVO I,violencia_social,3
PRESIDENTE KENNEDY,CENTRO,objetos,3
PRESIDENTE KENNEDY,CRIADOR,patrimonial,3
PRESIDENTE KENNEDY,MAROBA,patrimonial,3
RIO BANANAL,SAO JORGE DO TIRADENTES,patrimonial,3
RIO NOVO DO SUL,SAO JOSE,violencia_social,3
SANTA LEOPOLDINA,OLARIA,patrimonial,3
SANTA MARIA DE JETIBA,ALTO RIO TRIUNFO,violencia_social,3
SANTA MARIA DE JETIBA,ALTO SANTA MARIA,patrimonial,3
SANTA MARIA DE JETIBA,ALTOS SEBASTIAO,patrimonial,3
SANTA MARIA DE JETIBA,ALTOS SEBASTIAO,violencia_social,3
SANTA MARIA DE JETIBA,BARRACAO DO RIO POSS MOUSER,violencia_social,3
SANTA MARIA DE JETIBA,BELEM,patrimonial,3
SANTA MARIA DE JETIBA,CARAMURU II,patrimonial,3
SANTA MARIA DE JETIBA,CARAMURU II,violencia_social,3
SANTA MARIA DE JETIBA,GARRAFAO,violencia_social,3
SANTA MARIA DE JETIBA,LAMEGO,violencia_social,3
SANTA MARIA DE JETIBA,RIO POSS MOUSER,patrimonial,3
SANTA MARIA DE JETIBA,SANTA LUZIA DO RECREIO,patrimonial,3
SANTA MARIA DE JETIBA,SAO SEBASTIAO DO MEIO,patrimonial,3
SANTA MARIA DE JETIBA,VILA JETIBA,patrimonial,3
SANTA MARIA DE JETIBA,VILA NOVA,patrimonial,3
SANTA TERESA,ALVORADA,patrimonial,3
SANTA TERESA,JARDIM DA MONTANHA,patrimonial,3
SANTA TERESA,SANTA LUCIA,violencia_social,3
SAO DOMINGOS DO NORTE,CAIXA DAGUA,patrimonial,3
SAO DOMINGOS DO NORTE,ZONA RURAL,violencia_social,3
SAO GABRIEL DA PALHA,AIMORES,patrimonial,3
SAO GABRIEL DA PALHA,ASA BRANCA,patrimonial,3
SAO GABRIEL DA PALHA,ASA BRANCA,violencia_social,3
SAO GABRIEL DA PALHA,BOA VISTA,patrimonial,3
SAO GABRIEL DA PALHA,FARTURA,patrimonial,3
SAO GABRIEL DA PALHA,GLORIA,patrimonial,3
SAO GABRIEL DA PALHA,JARDIM PASSAMANI,violencia_social,3
SAO GABRIEL DA PALHA,JARDIM VITORIA,violencia_social,3
SAO GABRIEL DA PALHA,JOAO COLOMBI,violencia_social,3
SAO GABRIEL DA PALHA,PARAISO,objetos,3
SAO GABRIEL DA PALHA,PROGRESSO,violencia_social,3
SAO GABRIEL DA PALHA,SANTA TEREZINHA,violencia_social,3
SAO JOSE DO CALCADO,SIZENALDO DE SA VIANA,patrimonial,3
SAO MATEUS,ALVORADA,violencia_social,3
SAO MATEUS,AROEIRA,patrimonial,3
SAO MATEUS,AYRTON SENNA,violencia_social,3
SAO MATEUS,BARRA NOVA,patrimonial,3
SAO MATEUS,CARAPINA,violencia_social,3
SAO MATEUS,FORNO VELHO,patrimonial,3
SAO MATEUS,LITORANEO,objetos,3
SAO MATEUS,LITORANEO,patrimonial,3
SAO MATEUS,MORADA DO RIBEIRAO,patrimonial,3
SAO MATEUS,PORTO,violencia_social,3
SAO MATEUS,RIBEIRAO,violencia_social,3
SAO MATEUS,VITORIA,patrimonial,3
SAO ROQUE DO CANAA,CENTRO,violencia_social,3
SAO ROQUE DO CANAA,SAO ROQUINHO,patrimonial,3
SAO ROQUE DO CANAA,VILA VERDE,violencia_social,3
SERRA,BAIRRO NOVO,digital,3
SERRA,BARRO BRANCO,objetos,3
SERRA,BELVEDERE,objetos,3
SERRA,BELVEDERE,violencia_social,3
SERRA,CACAROCA,violencia_social,3
SERRA,CAMARA,violencia_social,3
SERRA,CAMPINHO DA SERRA I,violencia_social,3
SERRA,CAMPINHO DA SERRA II,objetos,3
SERRA,CAMPINHO DA SERRA II,violencia_social,3
SERRA,CARAPINA GRANDE,digital,3
SERRA,CASCATA,digital,3
SERRA,CENTRO DA SERRA,digital,3
SERRA,CONJUNTO JACARAIPE,objetos,3
SERRA,ELDORADO,digital,3
SERRA,ENSEADA DE JACARAIPE,violencia_social,3
SERRA,HELIO FERRAZ,digital,3
SERRA,HELIO FERRAZ,violencia_social,3
SERRA,JOSE DE ANCHIETA III,violencia_social,3
SERRA,LAGOA DE CARAPEBUS,violencia_social,3
SERRA,MARIA NIOBE,digital,3
SERRA,NOVA ZELANDIA,violencia_social,3
SERRA,PARQUE RESIDENCIAL MESTRE ALVARO,violencia_social,3
SERRA,PITANGA,patrimonial,3
SERRA,PLANICIE DA SERRA,digital,3
SERRA,POLO INSDUSTRIAL TUBARAO,patrimonial,3
SERRA,SANTA LUZIA,objetos,3
SERRA,SAO JOAO,violencia_social,3
SERRA,SAO MARCOS II,objetos,3
SERRA,SAO PEDRO,objetos,3
SERRA,SERRA DOURADA III,digital,3
SERRA,SOLAR DE ANCHIETA,patrimonial,3
SERRA,TAQUARA II,objetos,3
SERRA,VILA NOVA DE COLARES,digital,3
SERRA,VISTA DA SERRA I,digital,3
SERRA,VISTA DA SERRA I,objetos,3
SERRA,VISTA DA SERRA II,digital,3
SERRA,ZONA RURAL,patrimonial,3
SOORETAMA,ALEGRE,patrimonial,3
SOORETAMA,JOEIRANAIS,patrimonial,3
SOORETAMA,JUNCADO,patrimonial,3
SOORETAMA,JUNCADO,violencia_social,3
SOORETAMA,PARQUE SAO JORGE,violencia_social,3
SOORETAMA,SALVADOR,objetos,3
SOORETAMA,SALVADOR,patrimonial,3
SOORETAMA,ZONA RURAL,violencia_social,3
VARGEM ALTA,CENTRO,digital,3
VARGEM ALTA,SAO JOSE DE FRUTEIRA,violencia_social,3
VARGEM ALTA,TAQUARACU,patrimonial,3
VARGEM ALTA,VILA MARIA,violencia_social,3
VARGEM ALTA,ZONA RURAL,patrimonial,3
VENDA NOVA DO IMIGRANTE,ALTO BANANEIRA,patrimonial,3
VENDA NOVA DO IMIGRANTE,PROVIDENCIA,violencia_social,3
VENDA NOVA DO IMIGRANTE,SANTA CRUZ,violencia_social,3
VIANA,BOM PASTOR,patrimonial,3
VIANA,CANAA,objetos,3
VIANA,JUCU,patrimonial,3
VIANA,PIAPITANGUI,patrimonial,3
VIANA,RIBEIRA,patrimonial,3
VIANA,SANTO AGOSTINHO,violencia_social,3
VIANA,VILA NOVA,patrimonial,3
VILA PAVAO,NOVA MUNIQUE,violencia_social,3
VILA PAVAO,ZONA RURAL,patrimonial,3
VILA VALERIO,BOA VISTA,violencia_social,3
VILA VALERIO,NOSSA SENHORA DA PENHA,violencia_social,3
VILA VALERIO,VILA NOVA,violencia_social,3
VILA VELHA,ALECRIM,digital,3
VILA VELHA,ARGOLAS,objetos,3
VILA VELHA,CHACARA DO CONDE,violencia_social,3
VILA VELHA,COBI DE BAIXO,patrimonial,3
VILA VELHA,COBI DE CIMA,violencia_social,3
VILA VELHA,ILHA DOS AYRES,objetos,3
VILA VELHA,ITAPOA,digital,3
VILA VELHA,NOVA AMERICA,violencia_social,3
VILA VELHA,NOVA ITAPARICA,violencia_social,3
VILA VELHA,OUTRO LOCAL,violencia_social,3
VILA VELHA,PEDRA DOS BUZIOS,objetos,3
VILA VELHA,PEDRA DOS BUZIOS,violencia_social,3
VILA VELHA,PLANALTO,objetos,3
VILA VELHA,PLANALTO,violencia_social,3
VILA VELHA,PONTAL DAS GARCAS,violencia_social,3
VILA VELHA,PRAIA DOS RECIFES,objetos,3
VILA VELHA,RESIDENCIAL COQUEIRAL,objetos,3
VILA VELHA,SANTA PAULA I,violencia_social,3
VILA VELHA,SAO CONRADO,objetos,3
VILA VELHA,XURY,violencia_social,3
VITORIA,BELA VISTA,objetos,3
VITORIA,BENTO FERREIRA,digital,3
VITORIA,CENTRO,digital,3
VITORIA,COMDUSA,objetos,3
VITORIA,CONQUISTA,digital,3
VITORIA,DA PENHA,digital,3
VITORIA,DE LOURDES,digital,3
VITORIA,ESTRELINHA,objetos,3
VITORIA,HORTO,violencia_social,3
VITORIA,OUTRO LOCAL,violencia_social,3
VITORIA,PIEDADE,patrimonial,3
VITORIA,PONTAL DE CAMBURI,objetos,3
VITORIA,PRAIA DO SUA,violencia_social,3
VITORIA,REPUBLICA,digital,3
VITORIA,ROMAO,violencia_social,3
VITORIA,SANTA HELENA,violencia_social,3
VITORIA,SANTA TEREZA,violencia_social,3
VITORIA,SANTO ANDRE,violencia_social,3
VITORIA,SANTOS DUMONT,violencia_social,3
VITORIA,SAO CRISTOVAO,objetos,3
VITORIA,SOLON BORGES,patrimonial,3
AFONSO CLAUDIO,ALTO GUANDU,violencia_social,2
AFONSO CLAUDIO,PONTOES,objetos,2
AFONSO CLAUDIO,RIBEIRAO DO COSTA,violencia_social,2
AFONSO CLAUDIO,SAO FRANCISCO,patrimonial,2
AFONSO CLAUDIO,SERRA PELADA,violencia_social,2
AFONSO CLAUDIO,ZONA RURAL,patrimonial,2
AGUIA BRANCA,APARECIDA,patrimonial,2
AGUIA BRANCA,CORREGO AGUAS CLARAS,objetos,2
AGUIA BRANCA,CORREGO AGUAS CLARAS,violencia_social,2
AGUIA BRANCA,CORREGO SAO JOAO,violencia_social,2
AGUIA BRANCA,JOAO PAULO II,patrimonial,2
AGUIA BRANCA,OUTRO LOCAL,digital,2
AGUIA BRANCA,ZONA RURAL,violencia_social,2
ALEGRE,ANUTIBA,patrimonial,2
ALEGRE,ARARAI,violencia_social,2
ALEGRE,ORIENTE,patrimonial,2
ALEGRE,OUTRO LOCAL,violencia_social,2
ALEGRE,VILA ALTA,patrimonial,2
ALFREDO CHAVES,ARAPONGA,patrimonial,2
ALFREDO CHAVES,CENTRO,digital,2
ALFREDO CHAVES,CENTRO,objetos,2
ALFREDO CHAVES,IBITIRUI,violencia_social,2
ALFREDO CHAVES,IPANEMA,violencia_social,2
ALFREDO CHAVES,OURO BRANCO,digital,2
ALFREDO CHAVES,OURO BRANCO,patrimonial,2
ALFREDO CHAVES,OUTRO LOCAL,digital,2
ALFREDO CHAVES,SANTA TEREZINHA,digital,2
ALFREDO CHAVES,SIRIBEIRA,patrimonial,2
ALFREDO CHAVES,ZONA RURAL,patrimonial,2
ALTO RIO NOVO,MONTE CARMELO,patrimonial,2
ALTO RIO NOVO,ZONA RURAL,violencia_social,2
ANCHIETA,ALVORADA,digital,2
ANCHIETA,ANCHIETA,digital,2
ANCHIETA,BOA VISTA,patrimonial,2
ANCHIETA,IRIRI,digital,2
ANCHIETA,JUSTICA,digital,2
ANCHIETA,JUSTICA,violencia_social,2
ANCHIETA,JUSTICA II,violencia_social,2
ANCHIETA,PONTA DOS CASTELHANOS,objetos,2
ANCHIETA,PORTAL DE ANCHIETA,violencia_social,2
ANCHIETA,PRAIA DE GUANABARA,violencia_social,2
ANCHIETA,PRAIA DE PARATI,violencia_social,2
ANCHIETA,PRAIA DOS CASTELHANOS,digital,2
ANCHIETA,RECANTO DO SOL,patrimonial,2
ANCHIETA,RECANTO DO SOL,violencia_social,2
ANCHIETA,SIMPATIA,patrimonial,2
APIACA,CENTRO,objetos,2
APIACA,FRANCISCO JORGE DA SILVA,patrimonial,2
APIACA,JOSE HENRIQUES,patrimonial,2
ARACRUZ,ALDEIA,objetos,2
ARACRUZ,BELA VISTA,digital,2
ARACRUZ,BELA VISTA,objetos,2
ARACRUZ,CAIEIRA VELHA,violencia_social,2
ARACRUZ,COHAB,patrimonial,2
ARACRUZ,COHAB II,objetos,2
ARACRUZ,COHAB II,violencia_social,2
ARACRUZ,CUPIDO,violencia_social,2
ARACRUZ,DECARLI,violencia_social,2
ARACRUZ,FATIMA,objetos,2
ARACRUZ,GUANABARA,objetos,2
ARACRUZ,IRAJA,patrimonial,2
ARACRUZ,MOROBA,objetos,2
ARACRUZ,MUCURATA,violencia_social,2
ARACRUZ,NOVA COLATINA,patrimonial,2
ARACRUZ,NOVA COLATINA,violencia_social,2
ARACRUZ,PEDRINHAS,violencia_social,2
ARACRUZ,POLIVALENTE,violencia_social,2
ARACRUZ,PRIMAVERA,patrimonial,2
ARACRUZ,PRIMAVERA,violencia_social,2
ARACRUZ,RESERVA INDIGENA DE PAU BRASIL,patrimonial,2
ARACRUZ,RESERVA INDIGENA DE PAU BRASIL,violencia_social,2
ARACRUZ,SAO CAMILO,objetos,2
ARACRUZ,SAO CLEMENTE,patrimonial,2
ARACRUZ,SAO FRANCISCO,patrimonial,2
ARACRUZ,SAO JOSE,violencia_social,2
ARACRUZ,VILA DO RIACHO,objetos,2
ARACRUZ,VILA RICA,objetos,2
ARACRUZ,ZONA RURAL,objetos,2
ATILIO VIVACQUA,ALTO NITEROI,violencia_social,2
ATILIO VIVACQUA,ALTO SAO JOSE,patrimonial,2
ATILIO VIVACQUA,CENTRO,objetos,2
ATILIO VIVACQUA,INDEPENDENCIA,patrimonial,2
ATILIO VIVACQUA,NITEROI,objetos,2
ATILIO VIVACQUA,NOSSA SENHORA APARECIDA,patrimonial,2
BAIXO GUANDU,ALTO MUTUM PRETO,objetos,2
BAIXO GUANDU,ALTO MUTUM PRETO,violencia_social,2
BAIXO GUANDU,MAUA,violencia_social,2
BAIXO GUANDU,SAO PEDRO,violencia_social,2
BARRA DE SAO FRANCISCO,BAIRRO BAMBE,violencia_social,2
BARRA DE SAO FRANCISCO,BAIRRO CAMPO NOVO,objetos,2
BARRA DE SAO FRANCISCO,BAIRRO CRUZEIRO,patrimonial,2
BARRA DE SAO FRANCISCO,BAIRRO IRMAOS FERNANDES,digital,2
BARRA DE SAO FRANCISCO,BARRO PRETO,violencia_social,2
BARRA DE SAO FRANCISCO,CENTRO,digital,2
BARRA DE SAO FRANCISCO,CORREGO DA PENHA,patrimonial,2
BARRA DE SAO FRANCISCO,ESTRELA,violencia_social,2
BARRA DE SAO FRANCISCO,MONTE SENIR,objetos,2
BARRA DE SAO FRANCISCO,MONTE SINAI,patrimonial,2
BARRA DE SAO FRANCISCO,MONTE SINAI,violencia_social,2
BARRA DE SAO FRANCISCO,OUTRO LOCAL,violencia_social,2
BARRA DE SAO FRANCISCO,VARGEM ALEGRE,patrimonial,2
BARRA DE SAO FRANCISCO,ZONA RURAL,objetos,2
BOA ESPERANCA,BOA MIRA,violencia_social,2
BOA ESPERANCA,CENTRO,objetos,2
BOM JESUS DO NORTE,CENTRO,objetos,2
BOM JESUS DO NORTE,ZONA RURAL,violencia_social,2
BREJETUBA,BREJAUBINHA,violencia_social,2
BREJETUBA,RANCHO DA ANTA,violencia_social,2
BREJETUBA,SAO DOMINGOS PEQUENO,patrimonial,2
BREJETUBA,VARGEM GRANDE,patrimonial,2
BREJETUBA,VARGEM GRANDE,violencia_social,2
CACHOEIRO DE ITAPEMIRIM,AEROPORTO,digital,2
CACHOEIRO DE ITAPEMIRIM,ALTO MONTE CRISTO,patrimonial,2
CACHOEIRO DE ITAPEMIRIM,ALTO NOVO PARQUE,violencia_social,2
CACHOEIRO DE ITAPEMIRIM,BASILEIA,objetos,2
CACHOEIRO DE ITAPEMIRIM,BOA ESPERANCA,patrimonial,2
CACHOEIRO DE ITAPEMIRIM,BOM PASTOR,violencia_social,2
CACHOEIRO DE ITAPEMIRIM,CENTRAL PARQUE,objetos,2
CACHOEIRO DE ITAPEMIRIM,FE E RACA,patrimonial,2
CACHOEIRO DE ITAPEMIRIM,FERROVIARIOS,objetos,2
CACHOEIRO DE ITAPEMIRIM,GRUTA DE BAIXO,violencia_social,2
CACHOEIRO DE ITAPEMIRIM,IBC,objetos,2
CACHOEIRO DE ITAPEMIRIM,IBITIQUARA,violencia_social,2
CACHOEIRO DE ITAPEMIRIM,INDEPENDENCIA,objetos,2
CACHOEIRO DE ITAPEMIRIM,INDEPENDENCIA II,patrimonial,2
CACHOEIRO DE ITAPEMIRIM,JARDIM ITAPEMIRIM,violencia_social,2
CACHOEIRO DE ITAPEMIRIM,MARBRASA,objetos,2
CACHOEIRO DE ITAPEMIRIM,NOVA BRASILIA,objetos,2
CACHOEIRO DE ITAPEMIRIM,PACOTUBA,violencia_social,2
CACHOEIRO DE ITAPEMIRIM,PARQUE DAS LARANJEIRAS,objetos,2
CACHOEIRO DE ITAPEMIRIM,RECANTO,objetos,2
CACHOEIRO DE ITAPEMIRIM,RUI PINTO BANDEIRA,objetos,2
CACHOEIRO DE ITAPEMIRIM,SAFRA,patrimonial,2
CACHOEIRO DE ITAPEMIRIM,SANTA CECILIA,patrimonial,2
CACHOEIRO DE ITAPEMIRIM,SAO FRANCISCO DE ASSIS,objetos,2
CACHOEIRO DE ITAPEMIRIM,SAO GERALDO,violencia_social,2
CACHOEIRO DE ITAPEMIRIM,SAO VICENTE,patrimonial,2
CACHOEIRO DE ITAPEMIRIM,TEIXEIRA LEITE,violencia_social,2
CACHOEIRO DE ITAPEMIRIM,TIJUCA,patrimonial,2
CACHOEIRO DE ITAPEMIRIM,WALDIR FURTADO AMORIM,objetos,2
CACHOEIRO DE ITAPEMIRIM,ZONA RURAL,violencia_social,2
CARIACICA,ALICE COUTINHO,violencia_social,2
CARIACICA,ALZIRA RAMOS,digital,2
CARIACICA,CAMPINA GRANDE,digital,2
CARIACICA,EXPEDITO,digital,2
CARIACICA,EXPEDITO,objetos,2
CARIACICA,JARDIM DE ALAH,objetos,2
CARIACICA,NOVA CANAA,objetos,2
CARIACICA,PORTO DE SANTANA,digital,2
CARIACICA,ROSA DA PENHA,digital,2
CARIACICA,SANTA BARBARA,digital,2
CARIACICA,SANTA LUZIA,objetos,2
CARIACICA,SANTO ANDRE,digital,2
CARIACICA,SAO BENEDITO,violencia_social,2
CARIACICA,SAO GERALDO II,objetos,2
CARIACICA,SAO GONCALO,patrimonial,2
CARIACICA,TIRADENTES,violencia_social,2
CARIACICA,VALE ESPERANCA,patrimonial,2
CARIACICA,VALE ESPERANCA,violencia_social,2
CARIACICA,VASCO DA GAMA,digital,2
CARIACICA,VILA CAJUEIRO,patrimonial,2
CARIACICA,ZONA RURAL,objetos,2
CASTELO,APARECIDA,patrimonial,2
CASTELO,ARACUI,objetos,2
CASTELO,BAIXA ITALIA,patrimonial,2
CASTELO,BELA VISTA,patrimonial,2
CASTELO,CASTELO III,patrimonial,2
CASTELO,CAVA ROXA,patrimonial,2
CASTELO,GARAGE,violencia_social,2
CASTELO,INDEPENDENCIA,digital,2
CASTELO,INDEPENDENCIA,objetos,2
CASTELO,POUSO ALTO,patrimonial,2
CASTELO,SANTO ANDREZINHO,objetos,2
CASTELO,SAO MIGUEL,digital,2
CASTELO,SAO MIGUEL,patrimonial,2
CASTELO,VOLTA REDONDA,objetos,2
COLATINA,ADELIA GIUBERTTI,digital,2
COLATINA,AEROPORTO,patrimonial,2
COLATINA,ALTO VILA NOVA,violencia_social,2
COLATINA,BARBADOS,objetos,2
COLATINA,BAUNILHA,objetos,2
COLATINA,BENJAMIM CARLOS DO SANTOS,objetos,2
COLATINA,CARLOS GERMANO NAUMANN,objetos,2
COLATINA,CASTELO BRANCO,patrimonial,2
COLATINA,CORREGO DA PONTE,violencia_social,2
COLATINA,ESPLANADA,digital,2
COLATINA,ESPLANADA,objetos,2
COLATINA,FRANCISCO SIMONASSI,patrimonial,2
COLATINA,HONORIO FRAGA,objetos,2
COLATINA,ITAPINA,patrimonial,2
COLATINA,JARDIM PLANALTO,violencia_social,2
COLATINA,LACE,violencia_social,2
COLATINA,MARIA DAS GRACAS,objetos,2
COLATINA,MARIA DAS GRACAS II,violencia_social,2
COLATINA,MARIO GIURIZATO,patrimonial,2
COLATINA,MARTINELI,violencia_social,2
COLATINA,NOVO HORIZONTE,objetos,2
COLATINA,PERPETUO SOCORRO,digital,2
COLATINA,PONTE DO PANCAS,objetos,2
COLATINA,QUINZE DE OUTUBRO,violencia_social,2
COLATINA,RESIDENCIAL NOBRE,patrimonial,2
COLATINA,RESIDENCIAL NOBRE,violencia_social,2
COLATINA,SANTA FE,violencia_social,2
COLATINA,SANTA HELENA,patrimonial,2
COLATINA,SANTA MONICA,objetos,2
COLATINA,SAO MIGUEL,patrimonial,2
COLATINA,VILA LENIRA,digital,2
COLATINA,VILA NOVA,digital,2
COLATINA,VILA NOVA,violencia_social,2
COLATINA,ZONA RURAL,objetos,2
CONCEICAO DA BARRA,BRAÇO DO RIO,violencia_social,2
CONCEICAO DA BARRA,COBRAICE,patrimonial,2
CONCEICAO DA BARRA,COBRAICE,violencia_social,2
CONCEICAO DA BARRA,FLORESTA,objetos,2
CONCEICAO DA BARRA,FLORESTA,patrimonial,2
CONCEICAO DA BARRA,MARIA MANTEIGA,patrimonial,2
CONCEICAO DA BARRA,MARIA MANTEIGA,violencia_social,2
CONCEICAO DA BARRA,NOSSA SENHORA DA CONCEICAO,patrimonial,2
CONCEICAO DA BARRA,NOVA BETHANIA,digital,2
CONCEICAO DA BARRA,OUTRO LOCAL,objetos,2
CONCEICAO DA BARRA,PINHEIRO,objetos,2
CONCEICAO DA BARRA,PINHEIRO,patrimonial,2
CONCEICAO DA BARRA,SANTANA,patrimonial,2
CONCEICAO DA BARRA,SAYONARA,violencia_social,2
CONCEICAO DA BARRA,ZONA RURAL,objetos,2
CONCEICAO DO CASTELO,ARTHUR SOARES,violencia_social,2
CONCEICAO DO CASTELO,NICOLAU DE VARGAS E SILVA,objetos,2
CONCEICAO DO CASTELO,NICOLAU DE VARGAS E SILVA,violencia_social,2
CONCEICAO DO CASTELO,PEDRO RIGO,patrimonial,2
CONCEICAO DO CASTELO,SANTA LUZIA,violencia_social,2
DOMINGOS MARTINS,ALA NOVA DE CAMPINHO,patrimonial,2
DOMINGOS MARTINS,ALTO RIO PONTES,objetos,2
DOMINGOS MARTINS,CENTRO,objetos,2
DOMINGOS MARTINS,CRISTO REI,patrimonial,2
DOMINGOS MARTINS,MELGACO,violencia_social,2
DOMINGOS MARTINS,OUTRO LOCAL,objetos,2
DOMINGOS MARTINS,PARAJU,patrimonial,2
DOMINGOS MARTINS,PARAJU,violencia_social,2
DOMINGOS MARTINS,PEROBAS,violencia_social,2
DOMINGOS MARTINS,PONTO ALTO,patrimonial,2
DOMINGOS MARTINS,RIBEIRAO CAPIXABA,patrimonial,2
DOMINGOS MARTINS,VILA DA PAZ,violencia_social,2
DOMINGOS MARTINS,VILA VERDE,violencia_social,2
DOMINGOS MARTINS,ZONA RURAL,violencia_social,2
DORES DO RIO PRETO,ZONA RURAL,patrimonial,2
ECOPORANGA,BENEDITA MONTEIRO,patrimonial,2
ECOPORANGA,HOMERO AMANTE,violencia_social,2
ECOPORANGA,MURITIBA,violencia_social,2
ECOPORANGA,NOSSA SENHORA APARECIDA,violencia_social,2
ECOPORANGA,VILA NOVA,patrimonial,2
FUNDAO,AGRIN CORREIA DA VITORIA,violencia_social,2
FUNDAO,BEIRA RIO,violencia_social,2
FUNDAO,CAMPESTRE,violencia_social,2
FUNDAO,CENTRO,objetos,2
FUNDAO,DIRECAO,objetos,2
FUNDAO,MIRANTE DA PRAIA,patrimonial,2
FUNDAO,OZEIAS,violencia_social,2
FUNDAO,ZONA RURAL,violencia_social,2
GOVERNADOR LINDENBERG,MOACIR AVIDOS,violencia_social,2
GOVERNADOR LINDENBERG,MORADA DO SOL,patrimonial,2
GOVERNADOR LINDENBERG,NOVA BRASILIA,patrimonial,2
GUACUI,ANTONIO FRANCISCO MOREIRA,violencia_social,2
GUACUI,BAIRRO DA PALHA,patrimonial,2
GUACUI,JOREMA,patrimonial,2
GUACUI,MANOEL ALVES SIQUEIRA,violencia_social,2
GUACUI,NOVA GUACUI,violencia_social,2
GUACUI,PARQUE INDUSTRIAL,violencia_social,2
GUACUI,SANTA CRUZ,violencia_social,2
GUACUI,SANTO ANTONIO,violencia_social,2
GUACUI,SAO MIGUEL,objetos,2
GUACUI,SAO ROMAO,violencia_social,2
GUACUI,VALE DO SOL,patrimonial,2
GUACUI,ZONA RURAL,patrimonial,2
GUACUI,ZONA RURAL,violencia_social,2
GUARAPARI,BUENOS AIRES,patrimonial,2
GUARAPARI,CAMURUGI,objetos,2
GUARAPARI,COROADO,violencia_social,2
GUARAPARI,IGUAPE,objetos,2
GUARAPARI,IGUAPE,patrimonial,2
GUARAPARI,JABUTI,patrimonial,2
GUARAPARI,JARDIM BOA VISTA,objetos,2
GUARAPARI,MUQUICABA,digital,2
GUARAPARI,NOSSA SENHORA DA CONCEICAO,objetos,2
GUARAPARI,NOSSA SENHORA DA CONCEICAO,patrimonial,2
GUARAPARI,OLARIA,objetos,2
GUARAPARI,PATURA,objetos,2
GUARAPARI,RECANTO DA SEREIA,digital,2
GUARAPARI,RIO CLARINHO,objetos,2
GUARAPARI,RIO GRANDE,patrimonial,2
GUARAPARI,SAMAMBAIA,patrimonial,2
GUARAPARI,SANTA ROSA,objetos,2
GUARAPARI,SAO JOSE,violencia_social,2
GUARAPARI,SETIBA,violencia_social,2
GUARAPARI,TARTARUGA,violencia_social,2
GUARAPARI,TODOS OS SANTOS,patrimonial,2
GUARAPARI,UNA,violencia_social,2
GUARAPARI,VARZEA NOVA,objetos,2
GUARAPARI,VARZEA NOVA,patrimonial,2
GUARAPARI,VARZEA NOVA,violencia_social,2
IBATIBA,BRASIL NOVO,patrimonial,2
IBATIBA,CAMBRAVA,patrimonial,2
IBATIBA,FLORESTA,patrimonial,2
IBATIBA,FLORESTA,violencia_social,2
IBATIBA,FLORESTA I,violencia_social,2
IBATIBA,FLORESTA II,violencia_social,2
IBATIBA,IPE,patrimonial,2
IBATIBA,SANTA CLARA,violencia_social,2
IBATIBA,SAO SEBASTIAO,violencia_social,2
IBATIBA,VILA NOVA,violencia_social,2
IBIRACU,BOA VISTA,violencia_social,2
IBIRACU,CENTRO,violencia_social,2
IBIRACU,COHAB,patrimonial,2
IBIRACU,ELIAS BRAGATTO,patrimonial,2
IBIRACU,ELIAS BRAGATTO,violencia_social,2
IBIRACU,SAO BENEDITO,objetos,2
IBIRACU,SAO BENEDITO,patrimonial,2
IBIRACU,SAO BENEDITO,violencia_social,2
IBITIRAMA,CENTRO,violencia_social,2
IBITIRAMA,SANTA MARTA,violencia_social,2
IBITIRAMA,SAO FRANCISCO,patrimonial,2
ICONHA,CENTRO,digital,2
ICONHA,JARDIM JANDYRA,patrimonial,2
ICONHA,MORADA DO SOL,patrimonial,2
ICONHA,OUTRO LOCAL,violencia_social,2
ICONHA,ZONA RURAL,violencia_social,2
IRUPI,CAROLINE BARBOSA,violencia_social,2
IRUPI,OUTRO LOCAL,violencia_social,2
IRUPI,SAO JOSE DO SACUI,patrimonial,2
ITAGUACU,AMERICO FREDERICO COSER,violencia_social,2
ITAGUACU,PALMEIRA,patrimonial,2
ITAGUACU,SANTA FE,violencia_social,2
ITAGUACU,SOBREIRO,patrimonial,2
ITAGUACU,ZONA RURAL,violencia_social,2
ITAPEMIRIM,BOM SERA,patrimonial,2
ITAPEMIRIM,BREJO GRANDE DO NORTE,patrimonial,2
ITAPEMIRIM,LIMAO,violencia_social,2
ITAPEMIRIM,PIABANHA DO NORTE,objetos,2
ITAPEMIRIM,ROSA MEIRELES,objetos,2
ITARANA,BARRA DO LIMEIRO,objetos,2
ITARANA,ITARANINHA,patrimonial,2
ITARANA,ZONA RURAL,patrimonial,2
IUNA,GUANABARA,patrimonial,2
IUNA,LARANJA DA TERRA,violencia_social,2
IUNA,OUTRO LOCAL,patrimonial,2
IUNA,PERDICAO,violencia_social,2
IUNA,SANTISSIMA TRINDADE,violencia_social,2
IUNA,SERRINHA,patrimonial,2
JAGUARE,BOA VISTA I,patrimonial,2
JAGUARE,IRMA TEREZA ALTOE,violencia_social,2
JAGUARE,MATA ATLANTICA,patrimonial,2
JAGUARE,NOVO TEMPO,violencia_social,2
JAGUARE,SAO ROQUE,patrimonial,2
JERONIMO MONTEIRO,BOA ESPERANCA,patrimonial,2
JERONIMO MONTEIRO,BOA ESPERANCA,violencia_social,2
JERONIMO MONTEIRO,CRISTAL,patrimonial,2
JERONIMO MONTEIRO,PARADA CRISTAL,patrimonial,2
JERONIMO MONTEIRO,PARANA,patrimonial,2
JERONIMO MONTEIRO,SANTO ANTONIO,violencia_social,2
JERONIMO MONTEIRO,VILA BRITO,objetos,2
JERONIMO MONTEIRO,VILA BRITO,patrimonial,2
JOAO NEIVA,BAIRRO DE FATIMA,patrimonial,2
JOAO NEIVA,BAIRRO DE FATIMA,violencia_social,2
JOAO NEIVA,COHAB,patrimonial,2
JOAO NEIVA,CRISTAL,patrimonial,2
JOAO NEIVA,CRUBIXA,patrimonial,2
JOAO NEIVA,FLORESTA,patrimonial,2
JOAO NEIVA,OUTRO LOCAL,objetos,2
JOAO NEIVA,OUTRO LOCAL,violencia_social,2
JOAO NEIVA,PIRAQUEACU,patrimonial,2
JOAO NEIVA,SANTA LUZIA,violencia_social,2
JOAO NEIVA,VILA NOVA DE BAIXO,objetos,2
JOAO NEIVA,VILA NOVA DE BAIXO,patrimonial,2
LARANJA DA TERRA,JEQUITIBA,patrimonial,2
LARANJA DA TERRA,OUTRO LOCAL,patrimonial,2
LARANJA DA TERRA,SAO LUIS DE MIRANDA,violencia_social,2
LARANJA DA TERRA,ZONA RURAL,patrimonial,2
LINHARES,BOA VISTA,objetos,2
LINHARES,COLINA,objetos,2
LINHARES,CONCEICAO,objetos,2
LINHARES,JOSE RODRIGUES MACIEL,violencia_social,2
LINHARES,MOBRASA,patrimonial,2
LINHARES,NOSSA SENHORA DA CONCEICAO,violencia_social,2
LINHARES,NOVA BETANIA,objetos,2
LINHARES,NOVA BETANIA,patrimonial,2
LINHARES,OLARIA,patrimonial,2
LINHARES,OLARIA,violencia_social,2
LINHARES,REGENCIA,objetos,2
LINHARES,RIO DO NORTE,violencia_social,2
LINHARES,VILA IZABEL,patrimonial,2
LINHARES,VILA IZABEL,violencia_social,2
MANTENOPOLIS,CENTRO,objetos,2
MANTENOPOLIS,IPIRANGA,digital,2
MANTENOPOLIS,SANTA LUZIA DE MANTENOPOLIS,violencia_social,2
MANTENOPOLIS,SAO GERALDO,patrimonial,2
MANTENOPOLIS,SAO JOSE,patrimonial,2
MANTENOPOLIS,SAO JOSE DE MANTENOPOLIS,patrimonial,2
MARATAIZES,ATLANTICO,violencia_social,2
MARATAIZES,BELVEDERE,objetos,2
MARATAIZES,NOVA CANAA,objetos,2
MARATAIZES,NOVA CANAA,patrimonial,2
MARATAIZES,PRAIA DOS CACOES,patrimonial,2
MARATAIZES,PRAIA DOS CACOES,violencia_social,2
MARATAIZES,ZONA RURAL,objetos,2
MARATAIZES,ZONA RURAL,violencia_social,2
MARECHAL FLORIANO,ARAGUAIA,patrimonial,2
MARECHAL FLORIANO,COSTA PEREIRA,violencia_social,2
MARECHAL FLORIANO,SANTA RITA,objetos,2
MARECHAL FLORIANO,SUIDO DE BAIXO,objetos,2
MARECHAL FLORIANO,ZONA RURAL,violencia_social,2
MARILANDIA,CONJUNTO HABITACIONAL HONORIO PASSAMANI,patrimonial,2
MARILANDIA,CONJUNTO HABITACIONAL HONORIO PASSAMANI,violencia_social,2
MARILANDIA,SAPUCAIA,objetos,2
MARILANDIA,SAPUCAIA,patrimonial,2
MARILANDIA,SEIS HORAS,patrimonial,2
MARILANDIA,TAQUARUCU,patrimonial,2
MARILANDIA,VILA REAL,objetos,2
MIMOSO DO SUL,CONCEICAO DO MUQUI,patrimonial,2
MIMOSO DO SUL,FUNIL,violencia_social,2
MIMOSO DO SUL,OUTRO LOCAL,violencia_social,2
MIMOSO DO SUL,PRATINHA,violencia_social,2
MIMOSO DO SUL,VISTA ALEGRE,violencia_social,2
MONTANHA,ANGELA DEPOLLO,objetos,2
MONTANHA,BRASILIA,patrimonial,2
MONTANHA,BRASILIA,violencia_social,2
MONTANHA,IRMA MARIA ZELIA PRUDENTE,patrimonial,2
MONTANHA,LAJEDO,objetos,2
MONTANHA,LAJEDO,patrimonial,2
MONTANHA,VINHATICO,objetos,2
MONTANHA,VINHATICO,violencia_social,2
MUCURICI,CAXIAS,patrimonial,2
MUCURICI,CENTRO,patrimonial,2
MUCURICI,ZONA RURAL,patrimonial,2
MUNIZ FREIRE,ALTO NORTE,violencia_social,2
MUNIZ FREIRE,ASSUNCAO,patrimonial,2
MUNIZ FREIRE,SANTA BARBARA,patrimonial,2
MUNIZ FREIRE,SAO PEDRO,violencia_social,2
MUNIZ FREIRE,TOMBOS,patrimonial,2
MUNIZ FREIRE,VIEIRA MACHADO,patrimonial,2
MUQUI,ENTRE MORROS,violencia_social,2
MUQUI,SAO FRANCISCO,patrimonial,2
MUQUI,ZONA RURAL,patrimonial,2
NOVA VENECIA,BEIRA RIO,objetos,2
NOVA VENECIA,BELA VISTA,objetos,2
NOVA VENECIA,BELA VISTA,violencia_social,2
NOVA VENECIA,BONFIM,objetos,2
NOVA VENECIA,CEDROLANDIA,objetos,2
NOVA VENECIA,COQUEIRAL,violencia_social,2
NOVA VENECIA,CORREGO DO LIMAO,patrimonial,2
NOVA VENECIA,DIADEMA,patrimonial,2
NOVA VENECIA,DIADEMA,violencia_social,2
NOVA VENECIA,GUARABU,patrimonial,2
NOVA VENECIA,MARGARETH,objetos,2
NOVA VENECIA,SANTA LUZIA,objetos,2
NOVA VENECIA,SAO FRANCISCO,violencia_social,2
NOVA VENECIA,ZONA RURAL,objetos,2
PANCAS,FERRUGEM,patrimonial,2
PANCAS,NILTON SA,objetos,2
PANCAS,NOSSA SENHORA DAS GRACAS,violencia_social,2
PANCAS,PANQUINHAS,violencia_social,2
PANCAS,SAO PEDRO DO PANCAS,patrimonial,2
PANCAS,VILA NOVA,objetos,2
PEDRO CANARIO,EXPLANADA,patrimonial,2
PEDRO CANARIO,NOVO HORIZONTE,objetos,2
PEDRO CANARIO,NOVO HORIZONTE,patrimonial,2
PEDRO CANARIO,SAO GERALDO,patrimonial,2
PEDRO CANARIO,VISTA ALEGRE,patrimonial,2
PEDRO CANARIO,ZONA RURAL,objetos,2
PINHEIROS,CANARIO,patrimonial,2
PINHEIROS,COLINA,violencia_social,2
PINHEIROS,DOMICIANO,digital,2
PINHEIROS,DOMICIANO,objetos,2
PINHEIROS,DOMICIANO,violencia_social,2
PINHEIROS,PINHEIRINHO,violencia_social,2
PINHEIROS,RESIDENCIAL PINHEIROS,patrimonial,2
PINHEIROS,SAO JOAO DO SOBRADO,objetos,2
PINHEIROS,VILA NOVA,objetos,2
PINHEIROS,VILA VERDE,patrimonial,2
PINHEIROS,VILA VERDE,violencia_social,2
PINHEIROS,ZONA RURAL,digital,2
PIUMA,CENTRO,digital,2
PIUMA,CEU AZUL,objetos,2
PIUMA,ITAPUTANGA,violencia_social,2
PIUMA,MONTE AGHA,objetos,2
PIUMA,NOVA ESPERANCA,violencia_social,2
PIUMA,OUTRO LOCAL,objetos,2
PIUMA,OUTRO LOCAL,violencia_social,2
PIUMA,UNIAO,violencia_social,2
PONTO BELO,CENTRO,patrimonial,2
PONTO BELO,ITAMIRA,violencia_social,2
PONTO BELO,MORUMBI,patrimonial,2
PONTO BELO,OUTRO LOCAL,patrimonial,2
PRESIDENTE KENNEDY,CAMPO NOVO I,patrimonial,2
PRESIDENTE KENNEDY,JIBOIA,violencia_social,2
PRESIDENTE KENNEDY,SANTA LUCIA,patrimonial,2
PRESIDENTE KENNEDY,SAO SALVADOR,patrimonial,2
RIO NOVO DO SUL,BORSOI,patrimonial,2
RIO NOVO DO SUL,CENTRO,objetos,2
RIO NOVO DO SUL,NOSSA SENHORA DA PENHA,patrimonial,2
RIO NOVO DO SUL,QUARTEIRAO,violencia_social,2
RIO NOVO DO SUL,SANTO ANTONIO,violencia_social,2
RIO NOVO DO SUL,SAO VICENTE,objetos,2
RIO NOVO DO SUL,ZONA RURAL,violencia_social,2
SANTA LEOPOLDINA,BARRA DO MANGARAI,patrimonial,2
SANTA LEOPOLDINA,FUNIL,violencia_social,2
SANTA LEOPOLDINA,MANGARAI,objetos,2
SANTA LEOPOLDINA,MANGARAI,patrimonial,2
SANTA LEOPOLDINA,OLARIA,violencia_social,2
SANTA LEOPOLDINA,RIO DO MEIO,objetos,2
SANTA LEOPOLDINA,TIROL,patrimonial,2
SANTA LEOPOLDINA,ZONA RURAL,patrimonial,2
SANTA MARIA DE JETIBA,ALTO POSS MOUSER,patrimonial,2
SANTA MARIA DE JETIBA,ALTO POSS MOUSER,violencia_social,2
SANTA MARIA DE JETIBA,CENTRO,digital,2
SANTA MARIA DE JETIBA,RIO CLARO,violencia_social,2
SANTA MARIA DE JETIBA,RIO CRISTAL,violencia_social,2
SANTA MARIA DE JETIBA,RIO DOS GONCALVES,violencia_social,2
SANTA TERESA,CENTRO,digital,2
SANTA TERESA,JARDIM DA MONTANHA,violencia_social,2
SANTA TERESA,SAO JOAO DE PETROPOLIS,patrimonial,2
SANTA TERESA,SAO JOAO DE PETROPOLIS,violencia_social,2
SANTA TERESA,TABOCAS,patrimonial,2
SANTA TERESA,VALAO DE SAO PEDRO,patrimonial,2
SANTA TERESA,VILA NOVA,digital,2
SANTA TERESA,ZONA RURAL,patrimonial,2
SAO DOMINGOS DO NORTE,CENTRO,violencia_social,2
SAO DOMINGOS DO NORTE,CRISTO REI,patrimonial,2
SAO DOMINGOS DO NORTE,NITEROI,violencia_social,2
SAO DOMINGOS DO NORTE,OUTRO LOCAL,patrimonial,2
SAO GABRIEL DA PALHA,AIMORES,violencia_social,2
SAO GABRIEL DA PALHA,APARECIDA,patrimonial,2
SAO GABRIEL DA PALHA,BARRA SECA,patrimonial,2
SAO GABRIEL DA PALHA,GLORIA,objetos,2
SAO GABRIEL DA PALHA,GUSTAVO BOONE,objetos,2
SAO GABRIEL DA PALHA,JARDIM DE INFANCIA,objetos,2
SAO GABRIEL DA PALHA,JARDIM VITORIA,objetos,2
SAO GABRIEL DA PALHA,JARDIM VITORIA,patrimonial,2
SAO GABRIEL DA PALHA,MIRANTE,violencia_social,2
SAO GABRIEL DA PALHA,PROGRESSO,patrimonial,2
SAO GABRIEL DA PALHA,SANTA CECILIA,patrimonial,2
SAO GABRIEL DA PALHA,SANTA HELENA,objetos,2
SAO GABRIEL DA PALHA,SAO JOSE,violencia_social,2
SAO GABRIEL DA PALHA,SAO VICENTE,patrimonial,2
SAO JOSE DO CALCADO,AIRITUBA,patrimonial,2
SAO JOSE DO CALCADO,CENTRO,objetos,2
SAO JOSE DO CALCADO,DIVINEIA,violencia_social,2
SAO MATEUS,ARNALDO BASTOS,violencia_social,2
SAO MATEUS,AVIACAO,objetos,2
SAO MATEUS,AYRTON SENNA,patrimonial,2
SAO MATEUS,COHAB,violencia_social,2
SAO MATEUS,CRICARE,violencia_social,2
SAO MATEUS,LAGO DOS CISNES,patrimonial,2
SAO MATEUS,NESTOR GOMES,objetos,2
SAO MATEUS,NOVA AIMORES,violencia_social,2
SAO MATEUS,RESIDENCIAL PARQUE WASHIGTON,patrimonial,2
SAO MATEUS,RIO PRETO,patrimonial,2
SAO MATEUS,SANTA MARIA,objetos,2
SAO MATEUS,SANTA MARIA,patrimonial,2
SAO MATEUS,SEAC,patrimonial,2
SAO MATEUS,VILA NOVA,objetos,2
SAO ROQUE DO CANAA,OUTRO LOCAL,patrimonial,2
SAO ROQUE DO CANAA,OUTRO LOCAL,violencia_social,2
SAO ROQUE DO CANAA,SAO SEBASTIAO DE SAO ROQUE,patrimonial,2
SAO ROQUE DO CANAA,VILA VERDE,digital,2
SAO ROQUE DO CANAA,VILA VERDE,patrimonial,2
SERRA,ANDRE CARLONI,digital,2
SERRA,BAIRRO DAS LARANJEIRAS,digital,2
SERRA,BOA VISTA I,digital,2
SERRA,BOULEVARD LAGOA,violencia_social,2
SERRA,CAMPINHO DA SERRA I,digital,2
SERRA,CAMPINHO DA SERRA I,objetos,2
SERRA,CAMPINHO DA SERRA II,digital,2
SERRA,CHAPADA GRANDE,objetos,2
SERRA,CIDADE NOVA DA SERRA,objetos,2
SERRA,CIDADE POMAR,digital,2
SERRA,COLINA DA SERRA,digital,2
SERRA,CONTINENTAL,violencia_social,2
SERRA,COSTA BELLA,objetos,2
SERRA,COSTA BELLA,violencia_social,2
SERRA,DIVINOPOLIS,violencia_social,2
SERRA,JACUHY,violencia_social,2
SERRA,JARDIM BELA VISTA,objetos,2
SERRA,JARDIM DA SERRA,digital,2
SERRA,JARDIM DA SERRA,violencia_social,2
SERRA,JARDIM GUANABARA,patrimonial,2
SERRA,JOSE DE ANCHIETA II,objetos,2
SERRA,LARANJEIRAS VELHA,violencia_social,2
SERRA,MARIA NIOBE,violencia_social,2
SERRA,MARINGA,violencia_social,2
SERRA,NOSSA SENHORA DA CONCEICAO,objetos,2
SERRA,NOVA CARAPINA II,digital,2
SERRA,NOVA ZELANDIA,objetos,2
SERRA,NOVO HORIZONTE,digital,2
SERRA,PARQUE RESIDENCIAL MESTRE ALVARO,objetos,2
SERRA,PARQUE RESIDENCIAL TUBARAO,digital,2
SERRA,PARQUE SANTA FE,patrimonial,2
SERRA,PITANGA,violencia_social,2
SERRA,POLO INSDUSTRIAL TUBARAO,objetos,2
SERRA,SANTA LUZIA,digital,2
SERRA,SANTA LUZIA,violencia_social,2
SERRA,SAO JUDAS TADEU,violencia_social,2
SERRA,SAO LOURENCO,objetos,2
SERRA,SAO MARCOS I,violencia_social,2
SERRA,VALPARAISO,digital,2
SOORETAMA,ALEGRE,violencia_social,2
SOORETAMA,CONJUNTO DALVO LOUREIRO,objetos,2
SOORETAMA,OUTRO LOCAL,objetos,2
SOORETAMA,PATIOBA,objetos,2
SOORETAMA,VALE DO SOL,patrimonial,2
VARGEM ALTA,BELEM,digital,2
VARGEM ALTA,BELEM,patrimonial,2
VARGEM ALTA,PROSPERIDADE,violencia_social,2
VARGEM ALTA,SAO JOSE DE FRUTEIRA,objetos,2
VARGEM ALTA,VILA MARIA,patrimonial,2
VENDA NOVA DO IMIGRANTE,ALTO VICOSINHA,violencia_social,2
VENDA NOVA DO IMIGRANTE,BANANEIRAS,violencia_social,2
VENDA NOVA DO IMIGRANTE,ESPLANADA,patrimonial,2
VENDA NOVA DO IMIGRANTE,LAVRINHAS,patrimonial,2
VENDA NOVA DO IMIGRANTE,OUTRO LOCAL,objetos,2
VENDA NOVA DO IMIGRANTE,SANTO ANTONIO DA SERRA,patrimonial,2
VENDA NOVA DO IMIGRANTE,SAPUCAIA,violencia_social,2
VENDA NOVA DO IMIGRANTE,TAPERA,objetos,2
VENDA NOVA DO IMIGRANTE,TAPERA,violencia_social,2
VENDA NOVA DO IMIGRANTE,TRINTA DE DEZEMBRO,patrimonial,2
VENDA NOVA DO IMIGRANTE,VARGEM GRANDE,patrimonial,2
VENDA NOVA DO IMIGRANTE,VARGEM GRANDE,violencia_social,2
VENDA NOVA DO IMIGRANTE,ZONA RURAL,digital,2
VIANA,ARACATIBA,patrimonial,2
VIANA,CARIOCA,patrimonial,2
VIANA,CAXIAS DO SUL,violencia_social,2
VIANA,IPANEMA,patrimonial,2
VIANA,MARCILIO DE NORONHA,digital,2
VIANA,MORADA DE VILA BETHANIA,objetos,2
VIANA,MORADA DE VILA BETHANIA,violencia_social,2
VIANA,NOVA VIANA,patrimonial,2
VIANA,OUTRO LOCAL,objetos,2
VIANA,PARQUE INDUSTRIAL,objetos,2
VIANA,PEIXE VERDE,patrimonial,2
VIANA,PRIMAVERA,objetos,2
VIANA,SAO PAULO DE CIMA,objetos,2
VIANA,SAO PAULO DE CIMA,patrimonial,2
VIANA,VALE DO SOL,digital,2
VIANA,ZONA RURAL,violencia_social,2
VILA PAVAO,CENTRO,objetos,2
VILA PAVAO,ONDINA,patrimonial,2
VILA PAVAO,PRACA RICA,violencia_social,2
VILA PAVAO,TODOS OS ANJOS,patrimonial,2
VILA VALERIO,BOA VISTA,objetos,2
VILA VALERIO,CENTRO,violencia_social,2
VILA VALERIO,VILA NOVA,patrimonial,2
VILA VELHA,ARGOLAS,violencia_social,2
VILA VELHA,CIDADE DA BARRA,violencia_social,2
VILA VELHA,COBI DE CIMA,digital,2
VILA VELHA,COBILANDIA,digital,2
VILA VELHA,COQUEIRAL DE ITAPARICA,digital,2
VILA VELHA,GUARANHUNS,digital,2
VILA VELHA,ILHA DAS FLORES,digital,2
VILA VELHA,INDUSTRIAL,digital,2
VILA VELHA,INTERLAGOS I E II,objetos,2
VILA VELHA,INTERLAGOS I E II,violencia_social,2
VILA VELHA,JARDIM MARILANDIA,digital,2
VILA VELHA,MORRO DA LAGOA,patrimonial,2
VILA VELHA,MORRO DA LAGOA,violencia_social,2
VILA VELHA,NORMILIA DA CUNHA,objetos,2
VILA VELHA,NOVA AMERICA,objetos,2
VILA VELHA,NOVA PONTA DA FRUTA,objetos,2
VILA VELHA,PEDRA DOS BUZIOS,patrimonial,2
VILA VELHA,PRAIA DE ITAPARICA,digital,2
VILA VELHA,SANTA CLARA,patrimonial,2
VILA VELHA,SANTA PAULA I,objetos,2
VILA VELHA,SANTA RITA,digital,2
VILA VELHA,SOTECO,digital,2
VILA VELHA,VALE ENCANTADO,digital,2
VILA VELHA,VILA BATISTA,digital,2
VILA VELHA,VILA GARRIDO,digital,2
VILA VELHA,VINTE E TRES DE MAIO,violencia_social,2
VILA VELHA,VISTA DA PENHA,violencia_social,2
VITORIA,BONFIM,digital,2
VITORIA,COMDUSA,violencia_social,2
VITORIA,DO CABRAL,objetos,2
VITORIA,DO CABRAL,patrimonial,2
VITORIA,ENSEADA DO SUA,digital,2
VITORIA,ENSEADA DO SUA,violencia_social,2
VITORIA,ILHA DAS CAIEIRAS,violencia_social,2
VITORIA,ILHA DO BOI,violencia_social,2
VITORIA,ILHA DO FRADE,objetos,2
VITORIA,INHANGUETA,digital,2
VITORIA,MORADA DE CAMBURI,digital,2
VITORIA,NOVA PALESTINA,digital,2
VITORIA,PARQUE MOSCOSO,violencia_social,2
VITORIA,PONTAL DE CAMBURI,violencia_social,2
VITORIA,PRAIA DO CANTO,digital,2
VITORIA,SANTA CLARA,digital,2
VITORIA,SANTA HELENA,objetos,2
VITORIA,SANTO ANDRE,objetos,2
VITORIA,SAO BENEDITO,violencia_social,2
VITORIA,UNIVERSITARIO,violencia_social,2
AFONSO CLAUDIO,ALEGORIA,violencia_social,1
AFONSO CLAUDIO,ALTO SANTA JOANA,patrimonial,1
AFONSO CLAUDIO,ALTO SAO PEDRO,violencia_social,1
AFONSO CLAUDIO,BOA VISTA,violencia_social,1
AFONSO CLAUDIO,CENTRO,digital,1
AFONSO CLAUDIO,CUSTODIO RIBEIRO LEITE,patrimonial,1
AFONSO CLAUDIO,EMPOSSADO,violencia_social,1
AFONSO CLAUDIO,FAZENDA GUANDU,patrimonial,1
AFONSO CLAUDIO,GRAMA,patrimonial,1
AFONSO CLAUDIO,OUTRO LOCAL,objetos,1
AFONSO CLAUDIO,PIRACEMA,objetos,1
AFONSO CLAUDIO,PONTOES,violencia_social,1
AFONSO CLAUDIO,RIBEIRAO DO COSTA,patrimonial,1
AFONSO CLAUDIO,RIO DA COBRA,patrimonial,1
AFONSO CLAUDIO,SAO LUIZ DA BOA SORTE,violencia_social,1
AFONSO CLAUDIO,SAO PEDRO,violencia_social,1
AFONSO CLAUDIO,SAO TARCISIO,violencia_social,1
AFONSO CLAUDIO,VARGEDO,patrimonial,1
AFONSO CLAUDIO,VARGEM GRANDE,violencia_social,1
AFONSO CLAUDIO,VILA NOVA,patrimonial,1
AGUA DOCE DO NORTE,BOM DESTINO,patrimonial,1
AGUA DOCE DO NORTE,BOM JESUS,patrimonial,1
AGUA DOCE DO NORTE,CABECEIRA DO SANTO AGOSTINHO,violencia_social,1
AGUA DOCE DO NORTE,CORREGO DO CEDRO,patrimonial,1
AGUA DOCE DO NORTE,CORREGO DO CEDRO,violencia_social,1
AGUA DOCE DO NORTE,CRISTO REI,patrimonial,1
AGUA DOCE DO NORTE,GARFO,patrimonial,1
AGUA DOCE DO NORTE,SANTA LUZIA DO CORREGO AZUL,patrimonial,1
AGUA DOCE DO NORTE,VILA NELITA,patrimonial,1
AGUA DOCE DO NORTE,VISTA BELA,violencia_social,1
AGUA DOCE DO NORTE,ZONA RURAL,patrimonial,1
AGUIA BRANCA,BARRA DA JABUTICABA,patrimonial,1
AGUIA BRANCA,BARRA DO SERTAO,patrimonial,1
AGUIA BRANCA,CORREGO BOA VISTA DO ROCHEDO,violencia_social,1
AGUIA BRANCA,CORREGO JABUTICABA,patrimonial,1
AGUIA BRANCA,CORREGO SAO JOAO,patrimonial,1
AGUIA BRANCA,EBENEZE,patrimonial,1
AGUIA BRANCA,JOAO PAULO II,violencia_social,1
AGUIA BRANCA,ROCHEDO,patrimonial,1
AGUIA BRANCA,SANTA CRUZ,violencia_social,1
AGUIA BRANCA,ZONA RURAL,patrimonial,1
ALEGRE,ANTONIO LEMOS JUNIOR,patrimonial,1
ALEGRE,ANTONIO LEMOS JUNIOR,violencia_social,1
ALEGRE,ANUTIBA,violencia_social,1
ALEGRE,BILAU,patrimonial,1
ALEGRE,BILAU,violencia_social,1
ALEGRE,CAFE,patrimonial,1
ALEGRE,CAFE,violencia_social,1
ALEGRE,CELINA,objetos,1
ALEGRE,CELINA,violencia_social,1
ALEGRE,CHARQUEADA,patrimonial,1
ALEGRE,CLERIO MOULIM,objetos,1
ALEGRE,CLERIO MOULIM,patrimonial,1
ALEGRE,MORRO DO QUEROSENE,objetos,1
ALEGRE,MORRO DO QUEROSENE,patrimonial,1
ALEGRE,MORRO DO QUEROSENE,violencia_social,1
ALEGRE,NOVA ALEGRE,patrimonial,1
ALEGRE,PRAINHA,patrimonial,1
ALEGRE,PRAINHA,violencia_social,1
ALEGRE,ROSEIRA,patrimonial,1
ALEGRE,SANTA ANGELICA,patrimonial,1
ALEGRE,SANTA ANGELICA,violencia_social,1
ALEGRE,SAO MANOEL,patrimonial,1
ALEGRE,TRIANGULO,objetos,1
ALEGRE,UNIVERSITARIO,violencia_social,1
ALEGRE,VILA ALTA,violencia_social,1
ALFREDO CHAVES,ARAPONGA,digital,1
ALFREDO CHAVES,ARAPONGA,violencia_social,1
ALFREDO CHAVES,BATATAL,patrimonial,1
ALFREDO CHAVES,CACHOEIRA ALTA,patrimonial,1
ALFREDO CHAVES,CACHOEIRA ALTA,violencia_social,1
ALFREDO CHAVES,IMIGRANTE,digital,1
ALFREDO CHAVES,IMIGRANTE,patrimonial,1
ALFREDO CHAVES,IRIRITIMIRIM,patrimonial,1
ALFREDO CHAVES,NOVA MANTOA,patrimonial,1
ALFREDO CHAVES,OURO BRANCO,objetos,1
ALFREDO CHAVES,OURO BRANCO,violencia_social,1
ALFREDO CHAVES,OUTRO LOCAL,objetos,1
ALFREDO CHAVES,PARQUE RESIDENCIAL ALFREDO CHAVES,digital,1
ALFREDO CHAVES,QUARTO TERRITORIO,violencia_social,1
ALFREDO CHAVES,QUINTO TERRITORIO,violencia_social,1
ALFREDO CHAVES,RECREIO,patrimonial,1
ALFREDO CHAVES,SAGRADA FAMILIA,patrimonial,1
ALFREDO CHAVES,SANTA LUZIA,violencia_social,1
ALFREDO CHAVES,URANIA,digital,1
ALFREDO CHAVES,URANIA,patrimonial,1
ALFREDO CHAVES,VILA NOVA DE MARAVILHA,patrimonial,1
ALTO RIO NOVO,AGUA LIMPA,violencia_social,1
ALTO RIO NOVO,ALTO RIO NOVO,objetos,1
ALTO RIO NOVO,ALTO RIO NOVO,violencia_social,1
ALTO RIO NOVO,OUTRO LOCAL,objetos,1
ALTO RIO NOVO,PALMERINO,violencia_social,1
ALTO RIO NOVO,SANTA BARBARA II,patrimonial,1
ALTO RIO NOVO,SAO PEDRO,patrimonial,1
ALTO RIO NOVO,ZONA RURAL,patrimonial,1
ANCHIETA,ALVORADA,objetos,1
ANCHIETA,BAIXO PONGAL,patrimonial,1
ANCHIETA,BELO HORIZONTE,patrimonial,1
ANCHIETA,CANTAGALO,patrimonial,1
ANCHIETA,CANTAGALO,violencia_social,1
ANCHIETA,CHAPADA DO AR,patrimonial,1
ANCHIETA,DOIS IRMAOS,violencia_social,1
ANCHIETA,EMBOACICA OU SACI,violencia_social,1
ANCHIETA,GOEMBE,objetos,1
ANCHIETA,GOEMBE,patrimonial,1
ANCHIETA,JABAQUARA,violencia_social,1
ANCHIETA,JAQUEIRA,patrimonial,1
ANCHIETA,JERUSALEM,violencia_social,1
ANCHIETA,JOAO XXIII,digital,1
ANCHIETA,JUSTICA,objetos,1
ANCHIETA,JUSTICA II,digital,1
ANCHIETA,JUSTICA II,objetos,1
ANCHIETA,MORRO DA PENHA,patrimonial,1
ANCHIETA,OLIVEIRA,digital,1
ANCHIETA,OLIVEIRA,patrimonial,1
ANCHIETA,PORTAL DE ANCHIETA,digital,1
ANCHIETA,PORTO DE CIMA,digital,1
ANCHIETA,PORTO DE CIMA,violencia_social,1
ANCHIETA,PRAIA DE UBU,digital,1
ANCHIETA,RECANTO DO SOL,objetos,1
ANCHIETA,SAMARCO,digital,1
ANCHIETA,SAMARCO,patrimonial,1
ANCHIETA,SAO MATEUS,objetos,1
ANCHIETA,SARAMPO,patrimonial,1
ANCHIETA,VILA RESIDENCIAL ANCHIETA,violencia_social,1
ANCHIETA,ZONA RURAL,digital,1
APIACA,BATATAL,patrimonial,1
APIACA,BOA VISTA,objetos,1
APIACA,FRANCISCO JORGE DA SILVA,violencia_social,1
APIACA,JOSE CARLOS,violencia_social,1
APIACA,OUTRO LOCAL,patrimonial,1
APIACA,PARQUE DAS PALMEIRAS,patrimonial,1
ARACRUZ,AGUA BRANCA,objetos,1
ARACRUZ,AGUA BRANCA,patrimonial,1
ARACRUZ,ALDEIA BOA ESPERANCA,violencia_social,1
ARACRUZ,ASSOMBRO,patrimonial,1
ARACRUZ,CACHOEIRA DO RIACHO,objetos,1
ARACRUZ,CAIEIRA VELHA,patrimonial,1
ARACRUZ,CENTRO,digital,1
ARACRUZ,CENTRO EMPRESARIAL,digital,1
ARACRUZ,CHIC CHIC,patrimonial,1
ARACRUZ,COHAB,objetos,1
ARACRUZ,COHAB III,patrimonial,1
ARACRUZ,CORREGO DAGUA,patrimonial,1
ARACRUZ,CORREGO TRES IRMAOS,patrimonial,1
ARACRUZ,CUPIDO,digital,1
ARACRUZ,DECARLI,digital,1
ARACRUZ,FATIMA,digital,1
ARACRUZ,GUANABARA,digital,1
ARACRUZ,GUARANA,digital,1
ARACRUZ,IRAJA,digital,1
ARACRUZ,IRAJA,objetos,1
ARACRUZ,ITAPARICA,violencia_social,1
ARACRUZ,JARDINS,digital,1
ARACRUZ,JEQUITIBA,objetos,1
ARACRUZ,LIMAO,objetos,1
ARACRUZ,MAR AZUL,patrimonial,1
ARACRUZ,MORADA BARRA DO SAHY,patrimonial,1
ARACRUZ,MORADA BARRA DO SAHY,violencia_social,1
ARACRUZ,NOVA CONQUISTA,objetos,1
ARACRUZ,NOVA CONQUISTA,violencia_social,1
ARACRUZ,NOVA ESPERANCA,violencia_social,1
ARACRUZ,NOVO JEQUITIBA,patrimonial,1
ARACRUZ,PLANALTO,digital,1
ARACRUZ,POLIVALENTE,patrimonial,1
ARACRUZ,PONTAL DO PIRAQUEACU,patrimonial,1
ARACRUZ,PRAIA DOS PADRES,objetos,1
ARACRUZ,PRAIA FORMOSA,objetos,1
ARACRUZ,PRAIA SAUE,digital,1
ARACRUZ,RECANTO FELIZ,violencia_social,1
ARACRUZ,SANTA CRUZ,digital,1
ARACRUZ,SANTA LUZIA,objetos,1
ARACRUZ,SANTA MARTA,objetos,1
ARACRUZ,SANTA MARTA,violencia_social,1
ARACRUZ,SANTA ROSA,patrimonial,1
ARACRUZ,SAO FRANCISCO,violencia_social,1
ARACRUZ,SAO JOSE,objetos,1
ARACRUZ,SAO PEDRO,violencia_social,1
ARACRUZ,SAPOLANDIA,patrimonial,1
ARACRUZ,SAUACU,objetos,1
ARACRUZ,SAUACU,violencia_social,1
ARACRUZ,SAUE,objetos,1
ARACRUZ,TAQUARAL,patrimonial,1
ARACRUZ,VILA NOVA,digital,1
ARACRUZ,VILA RICA,digital,1
ARACRUZ,ZONA RURAL,patrimonial,1
ATILIO VIVACQUA,ALTO NITEROI,objetos,1
ATILIO VIVACQUA,ALTO NITEROI,patrimonial,1
ATILIO VIVACQUA,BAIXA BONITA,patrimonial,1
ATILIO VIVACQUA,CENTRO,violencia_social,1
ATILIO VIVACQUA,CORREGO DA FAMA,violencia_social,1
ATILIO VIVACQUA,FLECHEIRA,patrimonial,1
ATILIO VIVACQUA,FLECHEIRA,violencia_social,1
ATILIO VIVACQUA,MILAGRES,patrimonial,1
ATILIO VIVACQUA,PRACA DO ORIENTE,patrimonial,1
ATILIO VIVACQUA,PRACA DO ORIENTE,violencia_social,1
ATILIO VIVACQUA,SANTA CRUZ,patrimonial,1
ATILIO VIVACQUA,SUMIDOURO,objetos,1
BAIXO GUANDU,ALTO GUANDU,patrimonial,1
BAIXO GUANDU,CENTRO,objetos,1
BAIXO GUANDU,IBITUBA,patrimonial,1
BAIXO GUANDU,SAO JOSE,objetos,1
BAIXO GUANDU,SAPUCAIA,objetos,1
BAIXO GUANDU,VALPARAISO,objetos,1
BAIXO GUANDU,VILA KENNEDY,objetos,1
BAIXO GUANDU,VILA KENNEDY,violencia_social,1
BAIXO GUANDU,ZONA RURAL,digital,1
BAIXO GUANDU,ZONA RURAL,objetos,1
BARRA DE SAO FRANCISCO,BAIRRO ALVORADA,violencia_social,1
BARRA DE SAO FRANCISCO,BAIRRO BAMBE,digital,1
BARRA DE SAO FRANCISCO,BAIRRO BAMBE,objetos,1
BARRA DE SAO FRANCISCO,BAIRRO CRUZEIRO,digital,1
BARRA DE SAO FRANCISCO,BAIRRO CRUZEIRO,objetos,1
BARRA DE SAO FRANCISCO,BAIRRO NOVA BARRA,digital,1
BARRA DE SAO FRANCISCO,BAIRRO VILA GONCALVES,objetos,1
BARRA DE SAO FRANCISCO,BAIRRO VILA VICENTE,objetos,1
BARRA DE SAO FRANCISCO,BAIRRO VILA VICENTE,violencia_social,1
BARRA DE SAO FRANCISCO,BOA ESPERANCA I,patrimonial,1
BARRA DE SAO FRANCISCO,BOA SORTE I,patrimonial,1
BARRA DE SAO FRANCISCO,CACHOEIRINHA DE ITAUNA,violencia_social,1
BARRA DE SAO FRANCISCO,CAMPO NOVO,violencia_social,1
BARRA DE SAO FRANCISCO,CORREGO AVENTUREIRO,patrimonial,1
BARRA DE SAO FRANCISCO,CORREGO BOA UNIAO,patrimonial,1
BARRA DE SAO FRANCISCO,CORREGO DA PENHA,violencia_social,1
BARRA DE SAO FRANCISCO,CORREGO DO OURO,violencia_social,1
BARRA DE SAO FRANCISCO,CORREGO ITAUNAS,patrimonial,1
BARRA DE SAO FRANCISCO,CORREGO SAO JOAO,patrimonial,1
BARRA DE SAO FRANCISCO,CORREGO SAO PAULO,patrimonial,1
BARRA DE SAO FRANCISCO,ESTRELA,patrimonial,1
BARRA DE SAO FRANCISCO,FAZENDA GERALDO COZER,violencia_social,1
BARRA DE SAO FRANCISCO,JABUTICABA,objetos,1
BARRA DE SAO FRANCISCO,JABUTICABA,violencia_social,1
BARRA DE SAO FRANCISCO,MORRO DA COLINA,patrimonial,1
BARRA DE SAO FRANCISCO,PAULISTA,digital,1
BARRA DE SAO FRANCISCO,SAO JOSE,patrimonial,1
BARRA DE SAO FRANCISCO,VARGEM ALEGRE,violencia_social,1
BARRA DE SAO FRANCISCO,VARGEM GRANDE,violencia_social,1
BOA ESPERANCA,AGUA BOA,violencia_social,1
BOA ESPERANCA,ALVORADA,patrimonial,1
BOA ESPERANCA,BELA VISTA,patrimonial,1
BOA ESPERANCA,BOAMIRA,patrimonial,1
BOA ESPERANCA,CRUZEIRO,violencia_social,1
BOA ESPERANCA,ILMO COVRE,patrimonial,1
BOA ESPERANCA,ILMO COVRE,violencia_social,1
BOA ESPERANCA,OUTRO LOCAL,objetos,1
BOA ESPERANCA,OUTRO LOCAL,violencia_social,1
BOA ESPERANCA,SAO JOSE DO SOBRADINHO,patrimonial,1
BOA ESPERANCA,SAO JOSE DO SOBRADINHO,violencia_social,1
BOA ESPERANÇA,VILA TAVARES,violencia_social,1
BOA ESPERANÇA,ZONA RURAL,violencia_social,1
BOM JESUS DO NORTE,LOTEAMENTO DONA LEA,patrimonial,1
BOM JESUS DO NORTE,MORRO DO MACARIO,objetos,1
BOM JESUS DO NORTE,SAO JOAO,objetos,1
BOM JESUS DO NORTE,SAO JOAO,violencia_social,1
BOM JESUS DO NORTE,SAO SEBASTIAO,patrimonial,1
BREJETUBA,BAIRRO NOBRE,violencia_social,1
BREJETUBA,BREJAUBINHA,patrimonial,1
BREJETUBA,CACHOEIRA ALTA,patrimonial,1
BREJETUBA,CENTRO,objetos,1
BREJETUBA,MARAPE,violencia_social,1
BREJETUBA,OUTRO LOCAL,violencia_social,1
BREJETUBA,SAO DOMINGOS PEQUENO,violencia_social,1
BREJETUBA,SAO DOMINGUINHO,patrimonial,1
BREJETUBA,SAO JORGE,patrimonial,1
CACHOEIRO DE ITAPEMIRIM,ABELARDO MACHADO,objetos,1
CACHOEIRO DE ITAPEMIRIM,AGOSTINHO SIMONATO,objetos,1
CACHOEIRO DE ITAPEMIRIM,ALTO GIRONDA,patrimonial,1
CACHOEIRO DE ITAPEMIRIM,ALTO MONTE CRISTO,objetos,1
CACHOEIRO DE ITAPEMIRIM,ALTO MONTE CRISTO,violencia_social,1
CACHOEIRO DE ITAPEMIRIM,ALTO NOVO PARQUE,objetos,1
CACHOEIRO DE ITAPEMIRIM,ALVARO TAVARES,violencia_social,1
CACHOEIRO DE ITAPEMIRIM,AMARAL,objetos,1
CACHOEIRO DE ITAPEMIRIM,AMARELO,objetos,1
CACHOEIRO DE ITAPEMIRIM,BELA VISTA,objetos,1
CACHOEIRO DE ITAPEMIRIM,BOA VISTA,objetos,1
CACHOEIRO DE ITAPEMIRIM,BURARAMA,digital,1
CACHOEIRO DE ITAPEMIRIM,BURARAMA,objetos,1
CACHOEIRO DE ITAPEMIRIM,BURARAMA,violencia_social,1
CACHOEIRO DE ITAPEMIRIM,CAICARA,digital,1
CACHOEIRO DE ITAPEMIRIM,CAMPO DA LEOPOLDINA,objetos,1
CACHOEIRO DE ITAPEMIRIM,CANTAGALO,patrimonial,1
CACHOEIRO DE ITAPEMIRIM,CORAMARA,digital,1
CACHOEIRO DE ITAPEMIRIM,CORONEL BORGES,objetos,1
CACHOEIRO DE ITAPEMIRIM,CORREGO DO BRAS,patrimonial,1
CACHOEIRO DE ITAPEMIRIM,CORREGO DO BRAS,violencia_social,1
CACHOEIRO DE ITAPEMIRIM,COSTA E SILVA,patrimonial,1
CACHOEIRO DE ITAPEMIRIM,COSTA E SILVA,violencia_social,1
CACHOEIRO DE ITAPEMIRIM,COUTINHO,patrimonial,1
CACHOEIRO DE ITAPEMIRIM,DOUTOR GILSON CARONE,objetos,1
CACHOEIRO DE ITAPEMIRIM,FE E RACA,violencia_social,1
CACHOEIRO DE ITAPEMIRIM,FERROVIARIOS,violencia_social,1
CACHOEIRO DE ITAPEMIRIM,GILBERTO MACHADO,digital,1
CACHOEIRO DE ITAPEMIRIM,GILBERTO MACHADO,objetos,1
CACHOEIRO DE ITAPEMIRIM,GRUTA DE BAIXO,patrimonial,1
CACHOEIRO DE ITAPEMIRIM,ILHA DA LUZ,objetos,1
CACHOEIRO DE ITAPEMIRIM,JARDIM AMERICA,digital,1
CACHOEIRO DE ITAPEMIRIM,JARDIM AMERICA,violencia_social,1
CACHOEIRO DE ITAPEMIRIM,LUIZ TINOCO FONSECA,objetos,1
CACHOEIRO DE ITAPEMIRIM,MARIA ORTIZ,objetos,1
CACHOEIRO DE ITAPEMIRIM,MONTE ALEGRE,violencia_social,1
CACHOEIRO DE ITAPEMIRIM,MONTE CRISTO,objetos,1
CACHOEIRO DE ITAPEMIRIM,MONTE LIBANO,objetos,1
CACHOEIRO DE ITAPEMIRIM,MONTE LIBANO,patrimonial,1
CACHOEIRO DE ITAPEMIRIM,MORRO GRANDE,objetos,1
CACHOEIRO DE ITAPEMIRIM,MORRO GRANDE,violencia_social,1
CACHOEIRO DE ITAPEMIRIM,NOSSA SENHORA DE FATIMA,digital,1
CACHOEIRO DE ITAPEMIRIM,NOSSA SENHORA DE FATIMA,patrimonial,1
CACHOEIRO DE ITAPEMIRIM,NOVO PARQUE,digital,1
CACHOEIRO DE ITAPEMIRIM,OUTRO LOCAL,objetos,1
CACHOEIRO DE ITAPEMIRIM,PACOTUBA,objetos,1
CACHOEIRO DE ITAPEMIRIM,RETIRO,patrimonial,1
CACHOEIRO DE ITAPEMIRIM,SAFRA,objetos,1
CACHOEIRO DE ITAPEMIRIM,SANTA CECILIA,objetos,1
CACHOEIRO DE ITAPEMIRIM,SANTA CECILIA,violencia_social,1
CACHOEIRO DE ITAPEMIRIM,SANTA FE DE BAIXO,objetos,1
CACHOEIRO DE ITAPEMIRIM,SANTA FE DE BAIXO,patrimonial,1
CACHOEIRO DE ITAPEMIRIM,SANTA FE DE CIMA,patrimonial,1
CACHOEIRO DE ITAPEMIRIM,SANTA HELENA,objetos,1
CACHOEIRO DE ITAPEMIRIM,SANTA HELENA,violencia_social,1
CACHOEIRO DE ITAPEMIRIM,SANTO ANTONIO,objetos,1
CACHOEIRO DE ITAPEMIRIM,SAO GERALDO,objetos,1
CACHOEIRO DE ITAPEMIRIM,SAO JOAQUIM,violencia_social,1
CACHOEIRO DE ITAPEMIRIM,SAO JOSE DE CANTAGALO,patrimonial,1
CACHOEIRO DE ITAPEMIRIM,SOTURNO,objetos,1
CACHOEIRO DE ITAPEMIRIM,TIMBO,objetos,1
CACHOEIRO DE ITAPEMIRIM,UNIAO,objetos,1
CACHOEIRO DE ITAPEMIRIM,UNIAO,patrimonial,1
CACHOEIRO DE ITAPEMIRIM,VARGEM GRANDE DO SOTURNO,digital,1
CACHOEIRO DE ITAPEMIRIM,VILAGE DA LUZ,objetos,1
CACHOEIRO DE ITAPEMIRIM,WALDIR FURTADO AMORIM,violencia_social,1
CARIACICA,ALTO LAGE,digital,1
CARIACICA,BELA AURORA,digital,1
CARIACICA,BOA SORTE,digital,1
CARIACICA,CACAROCA,digital,1
CARIACICA,CACAROCA,objetos,1
CARIACICA,CANGAIBA,objetos,1
CARIACICA,CASTELO BRANCO,digital,1
CARIACICA,CRUZEIRO DO SUL,digital,1
CARIACICA,FLEXAL I,digital,1
CARIACICA,FORMATE,objetos,1
CARIACICA,ITACIBA,digital,1
CARIACICA,ITAPEMIRIM,digital,1
CARIACICA,JARDIM AMERICA,digital,1
CARIACICA,JARDIM BOTANICO,digital,1
CARIACICA,NOVA BRASILIA,digital,1
CARIACICA,NOVA ESPERANCA,digital,1
CARIACICA,NOVA ROSA DA PENHA II,violencia_social,1
CARIACICA,NOVA VALVERDE,digital,1
CARIACICA,NOVO BRASIL,digital,1
CARIACICA,OPERARIO,digital,1
CARIACICA,OUTRO LOCAL,digital,1
CARIACICA,PIRANEMA,violencia_social,1
CARIACICA,PORTO BELO,violencia_social,1
CARIACICA,PORTO ENGENHO,objetos,1
CARIACICA,PORTO ENGENHO,patrimonial,1
CARIACICA,RIO MARINHO,digital,1
CARIACICA,SANTA LUZIA,digital,1
CARIACICA,SANTA PAULA,violencia_social,1
CARIACICA,SAO BENEDITO,digital,1
CARIACICA,SAO CONRADO,digital,1
CARIACICA,SAO GONCALO,objetos,1
CARIACICA,SAO JOAO BATISTA,objetos,1
CARIACICA,SERRA DO ANIL,patrimonial,1
CARIACICA,SOTEMA,violencia_social,1
CARIACICA,VALE ESPERANCA,objetos,1
CARIACICA,VILA CAPIXABA,digital,1
CARIACICA,VILA PALESTINA,digital,1
CASTELO,BAIXA ITALIA,objetos,1
CASTELO,BAIXA ITALIA,violencia_social,1
CASTELO,BELA VISTA,digital,1
CASTELO,CAMPESTRE,patrimonial,1
CASTELO,CAVA ROXA,violencia_social,1
CASTELO,CORREGO DA PRATA,patrimonial,1
CASTELO,CRIMEIA,patrimonial,1
CASTELO,ESPLANADA,digital,1
CASTELO,ESPLANADA,objetos,1
CASTELO,ESTRELA DO NORTE,digital,1
CASTELO,FORNO GRANDE,patrimonial,1
CASTELO,GARAGE,objetos,1
CASTELO,GARAGE,patrimonial,1
CASTELO,JABUTICABEIRA,patrimonial,1
CASTELO,LIMOEIRO,patrimonial,1
CASTELO,LIMOEIRO,violencia_social,1
CASTELO,MONTE ALVERNE,violencia_social,1
CASTELO,NOSSA SENHORA APARECIDA,digital,1
CASTELO,PATRIMONIO DO OURO,violencia_social,1
CASTELO,SANTA BARBARA,digital,1
CASTELO,SANTA CLARA,digital,1
CASTELO,SANTA JUSTICA,patrimonial,1
CASTELO,SANTA MARIA DE BAIXO,patrimonial,1
CASTELO,SANTO AGOSTINHO,objetos,1
CASTELO,SANTO ANDREZINHO,digital,1
CASTELO,SAO JOSE,objetos,1
CASTELO,SAO JOSE,patrimonial,1
CASTELO,SAO PEDRO,patrimonial,1
CASTELO,UBA,patrimonial,1
CASTELO,VILA BARBOSA,objetos,1
CASTELO,VILA IZABEL,violencia_social,1
CASTELO,VILA NOVA,digital,1
CASTELO,VILA NOVA,violencia_social,1
COLATINA,ACAMPAMENTO,violencia_social,1
COLATINA,ADELIA GIUBERTTI,violencia_social,1
COLATINA,AEROPORTO,digital,1
COLATINA,ANTONIO DAMIANI,digital,1
COLATINA,ANTONIO DAMIANI,objetos,1
COLATINA,ANTONIO DAMIANI,violencia_social,1
COLATINA,AYRTON SENNA,digital,1
COLATINA,AYRTON SENNA,objetos,1
COLATINA,BARRACAO DE BAUNILHA,patrimonial,1
COLATINA,BELA VISTA,digital,1
COLATINA,CACHOEIRA DO OITO,patrimonial,1
COLATINA,CASCATINHAS DO PANCAS,patrimonial,1
COLATINA,COLATINA VELHA,digital,1
COLATINA,CORREGO DANTA,patrimonial,1
COLATINA,CORREGO DE PIABA,patrimonial,1
COLATINA,CORREGO DO OURO I,patrimonial,1
COLATINA,ESPLANADA,violencia_social,1
COLATINA,FAZENDA VITALI,violencia_social,1
COLATINA,FRANCISCO SIMONASSI,digital,1
COLATINA,FRANCISCO SIMONASSI,objetos,1
COLATINA,GRACA ARANHA,patrimonial,1
COLATINA,GRACA ARANHA,violencia_social,1
COLATINA,IPE,patrimonial,1
COLATINA,ITAPINA,digital,1
COLATINA,ITAPINA,objetos,1
COLATINA,ITAPINA,violencia_social,1
COLATINA,JARDIM PLANALTO,digital,1
COLATINA,LACE,objetos,1
COLATINA,LIMAO,patrimonial,1
COLATINA,LUIZ IGLESIAS,digital,1
COLATINA,LUIZ IGLESIAS,violencia_social,1
COLATINA,MACUCO,violencia_social,1
COLATINA,MARIA DAS GRACAS II,digital,1
COLATINA,MARIA ISMENIA,objetos,1
COLATINA,MARIA ISMENIA,violencia_social,1
COLATINA,MARIO GIURIZATO,digital,1
COLATINA,MARISTA,digital,1
COLATINA,MARISTA,violencia_social,1
COLATINA,MARTINELI,objetos,1
COLATINA,MOACYR BROTAS,digital,1
COLATINA,MORADA DO SOL,digital,1
COLATINA,MORADA DO SOL,objetos,1
COLATINA,MORADA DO SOL,violencia_social,1
COLATINA,NOSSA SENHORA DA PENHA,digital,1
COLATINA,OPERARIO,digital,1
COLATINA,OUTRO LOCAL,violencia_social,1
COLATINA,PONTE DO PANCAS,digital,1
COLATINA,PONTE DO PANCAS,violencia_social,1
COLATINA,RIVIERA,digital,1
COLATINA,RIVIERA,violencia_social,1
COLATINA,SAGRADO CORACAO DE JESUS,violencia_social,1
COLATINA,SAN DIEGO,patrimonial,1
COLATINA,SANTA CECILIA,patrimonial,1
COLATINA,SANTA FE,patrimonial,1
COLATINA,SANTA MARGARIDA,patrimonial,1
COLATINA,SANTA MONICA,violencia_social,1
COLATINA,SANTO ANTONIO,digital,1
COLATINA,SAO BRAZ,objetos,1
COLATINA,SAO JOAO GRANDE,patrimonial,1
COLATINA,SAO JOAO PEQUENO,violencia_social,1
COLATINA,SAO MARCOS,digital,1
COLATINA,SAO VICENTE,digital,1
COLATINA,VICENTE SOELA,objetos,1
COLATINA,VILA LENIRA,objetos,1
COLATINA,VILA NOVA,objetos,1
COLATINA,VILA REAL,digital,1
COLATINA,ZONA RURAL,digital,1
CONCEICAO DA BARRA,ANTONIO LOPEZ,digital,1
CONCEICAO DA BARRA,ANTONIO LOPEZ,objetos,1
CONCEICAO DA BARRA,BRACO DO RIO,digital,1
CONCEICAO DA BARRA,BUGIA,patrimonial,1
CONCEICAO DA BARRA,CAMPO VERDE I,patrimonial,1
CONCEICAO DA BARRA,CHACARA DO ATLANTICO,digital,1
CONCEICAO DA BARRA,CHACARA DO ATLANTICO,violencia_social,1
CONCEICAO DA BARRA,COBRAICE,objetos,1
CONCEICAO DA BARRA,CORREGO DAS PALMEIRAS,patrimonial,1
CONCEICAO DA BARRA,ESPERANCA,violencia_social,1
CONCEICAO DA BARRA,FLORESTA,digital,1
CONCEICAO DA BARRA,ITAUNAS,digital,1
CONCEICAO DA BARRA,ITAUNAS,objetos,1
CONCEICAO DA BARRA,MARCILIO DIAS I,digital,1
CONCEICAO DA BARRA,MARCILIO DIAS I,patrimonial,1
CONCEICAO DA BARRA,MARCILIO DIAS I,violencia_social,1
CONCEICAO DA BARRA,MARCILIO DIAS II,violencia_social,1
CONCEICAO DA BARRA,NOSSA SENHORA APARECIDA,objetos,1
CONCEICAO DA BARRA,NOVA ESPERANCA,objetos,1
CONCEICAO DA BARRA,OUTRO LOCAL,digital,1
CONCEICAO DA BARRA,OUTRO LOCAL,violencia_social,1
CONCEICAO DA BARRA,QUILOMBO NOVO,digital,1
CONCEICAO DA BARRA,QUILOMBO NOVO,objetos,1
CONCEICAO DA BARRA,SANTA RITA,violencia_social,1
CONCEICAO DA BARRA,SANTANA,objetos,1
CONCEICAO DA BARRA,SANTANA,violencia_social,1
CONCEICAO DA BARRA,SANTO AMARO,patrimonial,1
CONCEICAO DA BARRA,SAO JORGE,violencia_social,1
CONCEICAO DA BARRA,SAO JOSE,patrimonial,1
CONCEICAO DA BARRA,SAYONARA,patrimonial,1
CONCEICAO DA BARRA,URBES,objetos,1
CONCEICAO DA BARRA,URBES,patrimonial,1
CONCEICAO DA BARRA,VILA DOS PESCADORES,objetos,1
CONCEICAO DO CASTELO,ALTO RIBEIRAO DO MEIO,patrimonial,1
CONCEICAO DO CASTELO,BOA ESPERANCA,patrimonial,1
CONCEICAO DO CASTELO,CAMPO VERDE,violencia_social,1
CONCEICAO DO CASTELO,CANTINHO DO CEU,violencia_social,1
CONCEICAO DO CASTELO,CECILIA LARRIEU,violencia_social,1
CONCEICAO DO CASTELO,CENTRO,objetos,1
CONCEICAO DO CASTELO,FORMOSA,patrimonial,1
CONCEICAO DO CASTELO,FORMOSA,violencia_social,1
CONCEICAO DO CASTELO,INDAIA,patrimonial,1
CONCEICAO DO CASTELO,JATOBA,patrimonial,1
CONCEICAO DO CASTELO,JATOBA,violencia_social,1
CONCEICAO DO CASTELO,MAO FORTE QUENTE,patrimonial,1
CONCEICAO DO CASTELO,OUTRO LOCAL,violencia_social,1
CONCEICAO DO CASTELO,PEDRO RIGO,objetos,1
CONCEICAO DO CASTELO,PINDOBAS IV,violencia_social,1
CONCEICAO DO CASTELO,SANTA LUZIA,objetos,1
CONCEICAO DO CASTELO,SANTA LUZIA,patrimonial,1
DIVINO DE SAO LOURENCO,LIMO VERDE,patrimonial,1
DIVINO DE SAO LOURENCO,LIMO VERDE,violencia_social,1
DIVINO DE SAO LOURENCO,PATRIMONIO DA PENHA,violencia_social,1
DOMINGOS MARTINS,ARACE,objetos,1
DOMINGOS MARTINS,BIRIRICAS,patrimonial,1
DOMINGOS MARTINS,FAZENDA DO ESTADO,patrimonial,1
DOMINGOS MARTINS,FAZENDA DO ESTADO,violencia_social,1
DOMINGOS MARTINS,GALO,patrimonial,1
DOMINGOS MARTINS,GOIABEIRA,patrimonial,1
DOMINGOS MARTINS,ISABEL,violencia_social,1
DOMINGOS MARTINS,JARDIM CAMPESTRE,objetos,1
DOMINGOS MARTINS,JARDIM CAMPESTRE,patrimonial,1
DOMINGOS MARTINS,LAJINHA,patrimonial,1
DOMINGOS MARTINS,PARQUE DA MONTANHA,patrimonial,1
DOMINGOS MARTINS,PARQUE DOS NOBRES,patrimonial,1
DOMINGOS MARTINS,PECANHA,violencia_social,1
DOMINGOS MARTINS,PEROBAS,objetos,1
DOMINGOS MARTINS,PEROBAS,patrimonial,1
DOMINGOS MARTINS,PONTO ALTO,objetos,1
DOMINGOS MARTINS,RIBEIRAO CAPIXABA,violencia_social,1
DOMINGOS MARTINS,RIO PONTE,violencia_social,1
DOMINGOS MARTINS,SAO BENTO,objetos,1
DOMINGOS MARTINS,SAO RAFAEL,violencia_social,1
DOMINGOS MARTINS,SOIDO,violencia_social,1
DOMINGOS MARTINS,USINA,objetos,1
DOMINGOS MARTINS,VICTOR,patrimonial,1
DOMINGOS MARTINS,VILA DE SUIDO,objetos,1
DOMINGOS MARTINS,VILA DE SUIDO,patrimonial,1
DOMINGOS MARTINS,VILA VERDE,objetos,1
DOMINGOS MARTINS,VILA VERDE,patrimonial,1
DOMINGOS MARTINS,VIVENDAS DO IMPERADOR,patrimonial,1
DORES DO RIO PRETO,CACHOEIRA ALEGRE,patrimonial,1
DORES DO RIO PRETO,CACHOEIRA ALEGRE,violencia_social,1
DORES DO RIO PRETO,FORQUILHA DO RIO,violencia_social,1
DORES DO RIO PRETO,OUTRO LOCAL,patrimonial,1
DORES DO RIO PRETO,OUTRO LOCAL,violencia_social,1
DORES DO RIO PRETO,PARADA PIMENTEL,patrimonial,1
ECOPORANGA,CENTRO,digital,1
ECOPORANGA,CENTRO,objetos,1
ECOPORANGA,DIVINO ESPIRITO SANTO,patrimonial,1
ECOPORANGA,IMBURANA,violencia_social,1
ECOPORANGA,JOACUBA,patrimonial,1
ECOPORANGA,SANTA LUZIA DO NORTE,patrimonial,1
ECOPORANGA,SANTA TEREZINHA,violencia_social,1
ECOPORANGA,ZONA RURAL,digital,1
ECOPORANGA,ZONA RURAL,patrimonial,1
FUNDAO,BEIRA RIO,patrimonial,1
FUNDAO,CARNEIROS,patrimonial,1
FUNDAO,DIRECAO,patrimonial,1
FUNDAO,ENSEADA DAS GARCAS,violencia_social,1
FUNDAO,MIRANTE DA PRAIA,objetos,1
FUNDAO,MIRANTE DA PRAIA,violencia_social,1
FUNDAO,OZEIAS,objetos,1
FUNDAO,OZEIAS,patrimonial,1
FUNDAO,OZEIAS NETO,objetos,1
FUNDAO,PRAIA GRANDE,digital,1
FUNDAO,RIO PRETO,objetos,1
FUNDAO,RIO PRETO,patrimonial,1
FUNDAO,RIO PRETO,violencia_social,1
FUNDAO,SANTO ANTONIO,objetos,1
GOVERNADOR LINDENBERG,ALTO MOACIR,patrimonial,1
GOVERNADOR LINDENBERG,BARRA DE NOVO BRASIL,digital,1
GOVERNADOR LINDENBERG,CENTRO,digital,1
GOVERNADOR LINDENBERG,CENTRO,violencia_social,1
GOVERNADOR LINDENBERG,CORREGO OURO II,violencia_social,1
GOVERNADOR LINDENBERG,MOACIR AVIDOS,patrimonial,1
GOVERNADOR LINDENBERG,MORADA DO SOL,objetos,1
GOVERNADOR LINDENBERG,MORELLI,objetos,1
GOVERNADOR LINDENBERG,MORELLI,patrimonial,1
GOVERNADOR LINDENBERG,NOVO BASIL,violencia_social,1
GOVERNADOR LINDENBERG,NOVO BRASIL,digital,1
GOVERNADOR LINDENBERG,RIO BONITO,patrimonial,1
GOVERNADOR LINDENBERG,SAO JOAO,patrimonial,1
GOVERNADOR LINDENBERG,SAO JOAO,violencia_social,1
GUACUI,ANTONIO FRANCISCO MOREIRA,patrimonial,1
GUACUI,APARECIDA,patrimonial,1
GUACUI,BAIRRO DO NORTE,objetos,1
GUACUI,BELA VISTA,violencia_social,1
GUACUI,CID MOREIRA,violencia_social,1
GUACUI,EDITH CASTRO,patrimonial,1
GUACUI,EDITH CASTRO,violencia_social,1
GUACUI,MANOEL ALVES SIQUEIRA,patrimonial,1
GUACUI,MORADA DAS PALMEIRAS,violencia_social,1
GUACUI,NOVA GUACUI,patrimonial,1
GUACUI,QUINCAS MACHADO,digital,1
GUACUI,SANTA CECILIA,objetos,1
GUACUI,SANTA CECILIA,violencia_social,1
GUACUI,SAO JOSE,objetos,1
GUACUI,SAO ROMAO,patrimonial,1
GUACUI,TANCREDO NEVES,objetos,1
GUACUI,ZONA RURAL,objetos,1
GUARAPARI,ADALBERTO SIMAO NADER,digital,1
GUARAPARI,AEROPORTO,digital,1
GUARAPARI,AMARELINHO,patrimonial,1
GUARAPARI,AMARELO,violencia_social,1
GUARAPARI,BALNEARIO MEAIPE,digital,1
GUARAPARI,BARRO BRANCO,patrimonial,1
GUARAPARI,BARRO BRANCO,violencia_social,1
GUARAPARI,BELA VISTA,objetos,1
GUARAPARI,BOA VISTA,patrimonial,1
GUARAPARI,BUENOS AIRES,violencia_social,1
GUARAPARI,COROADO,objetos,1
GUARAPARI,ELZA NADER,violencia_social,1
GUARAPARI,IPIRANGA,digital,1
GUARAPARI,JARDIM BOA VISTA,violencia_social,1
GUARAPARI,LAGOA FUNDA,violencia_social,1
GUARAPARI,NOSSA SENHORA DA CONCEICAO,violencia_social,1
GUARAPARI,NOVA GUARAPARI,digital,1
GUARAPARI,OLARIA,digital,1
GUARAPARI,OUTRO LOCAL,digital,1
GUARAPARI,PEROCAO,objetos,1
GUARAPARI,PONTAL DE SANTA MONICA,violencia_social,1
GUARAPARI,PORTAL DE GUARAPARI,objetos,1
GUARAPARI,PORTAL DE GUARAPARI,patrimonial,1
GUARAPARI,PRAIA DO MORRO,digital,1
GUARAPARI,RIO CALCADO,patrimonial,1
GUARAPARI,RIO GRANDE,violencia_social,1
GUARAPARI,SANTA IZABEL,patrimonial,1
GUARAPARI,SANTA MARGARIDA,objetos,1
GUARAPARI,SAO FELIX,patrimonial,1
GUARAPARI,SAO JOAO,objetos,1
GUARAPARI,SAO JOSE,patrimonial,1
GUARAPARI,"SAO JOSE,",violencia_social,1
GUARAPARI,SAO JUDAS TADEU,violencia_social,1
GUARAPARI,SOL NASCENTE,objetos,1
GUARAPARI,TODOS OS SANTOS,violencia_social,1
GUARAPARI,TRES PRAIAS,patrimonial,1
GUARAPARI,TREVO,patrimonial,1
GUARAPARI,UNA,objetos,1
GUARAPARI,VILA GUAIBURA,patrimonial,1
GUARAPARI,ZONA RURAL,objetos,1
IBATIBA,BOA VISTA,patrimonial,1
IBATIBA,BOA VISTA,violencia_social,1
IBATIBA,CARANGOLA,patrimonial,1
IBATIBA,CRICIUMA,objetos,1
IBATIBA,CRICIUMA,patrimonial,1
IBATIBA,FLORESTA I,patrimonial,1
IBATIBA,LACERDA SODRE DE ASSIS,violencia_social,1
IBATIBA,SANTA ISABEL,violencia_social,1
IBATIBA,SANTA MARIA DE BAIXO,patrimonial,1
IBATIBA,SAO JOSE,patrimonial,1
IBATIBA,SONITER,objetos,1
IBATIBA,SONITER,patrimonial,1
IBATIBA,SONITER,violencia_social,1
IBATIBA,TROCATE,violencia_social,1
IBIRACU,BELA VISTA,patrimonial,1
IBIRACU,BELA VISTA,violencia_social,1
IBIRACU,CAMPAGNARO,violencia_social,1
IBIRACU,COHAB,digital,1
IBIRACU,ELIAS BRAGATO,violencia_social,1
IBIRACU,ELIAS BRAGATTO,objetos,1
IBIRACU,ERICINA,objetos,1
IBIRACU,ERICINA,violencia_social,1
IBIRACU,OUTRO LOCAL,objetos,1
IBIRACU,OUTRO LOCAL,violencia_social,1
IBIRACU,PEDRA BRANCA,patrimonial,1
IBIRACU,PEDRO PALACIOS,violencia_social,1
IBIRACU,PENDANGA,objetos,1
IBIRACU,PIABAS,violencia_social,1
IBIRACU,RESIDENCIAL FRANCISCO CAMPAGNARO,patrimonial,1
IBIRACU,RESIDENCIAL FRANCISCO CAMPAGNARO,violencia_social,1
IBIRACU,ZONA RURAL,objetos,1
IBITIRAMA,ANTONIO PEREIRA NETO,violencia_social,1
IBITIRAMA,OUTRO LOCAL,patrimonial,1
IBITIRAMA,PEDRA ROXA,patrimonial,1
IBITIRAMA,PEDRA ROXA,violencia_social,1
IBITIRAMA,SANTA MARTA,patrimonial,1
IBITIRAMA,SAO FRANCISCO,violencia_social,1
IBITIRAMA,ZONA RURAL,objetos,1
IBITIRAMA,ZONA RURAL,violencia_social,1
ICONHA,BOM DESTINO,digital,1
ICONHA,BOM DESTINO,patrimonial,1
ICONHA,CENTRO,objetos,1
ICONHA,DUAS BARRAS,digital,1
ICONHA,GUAXUMA,patrimonial,1
ICONHA,ILHA DO COCO,objetos,1
ICONHA,JARDIM DA ILHA,patrimonial,1
ICONHA,JARDIM JANDYRA,digital,1
ICONHA,JARDIM JANDYRA,objetos,1
ICONHA,MONTE BELO,patrimonial,1
ICONHA,MORADA DO SOL,digital,1
ICONHA,OUTRO LOCAL,objetos,1
ICONHA,SANTA LUZIA,patrimonial,1
ICONHA,SANTA LUZIA,violencia_social,1
IRUPI,AVENTUREIRO,patrimonial,1
IRUPI,BOM DESTINO,patrimonial,1
IRUPI,BURRO FROUXO,objetos,1
IRUPI,CENTRO,objetos,1
IRUPI,JOAO BUTICA,patrimonial,1
IRUPI,LOTEAMENTO WILSON FERNANDES FERREIRA,violencia_social,1
IRUPI,SANTA CLARA,violencia_social,1
IRUPI,SANTA CLARA DE CIMA,objetos,1
IRUPI,SANTA CRUZ,objetos,1
IRUPI,SANTA ROSA,patrimonial,1
IRUPI,SAO JOSE DO SACUI,violencia_social,1
IRUPI,VARGEM ALEGRE,violencia_social,1
IRUPI,ZONA RURAL,digital,1
ITAGUACU,ITACU,violencia_social,1
ITAGUACU,LAJINHA DO LAJE,patrimonial,1
ITAGUACU,LARANJAL,patrimonial,1
ITAGUACU,MATA PAU,violencia_social,1
ITAGUACU,NOVA ITAGUACU,patrimonial,1
ITAGUACU,OTTO LUIZ HOFFMAN,objetos,1
ITAGUACU,OTTO LUIZ HOFFMAN,patrimonial,1
ITAGUACU,PARAJU,patrimonial,1
ITAGUACU,SETE VOLTAS,patrimonial,1
ITAGUACU,SOBREIRO,violencia_social,1
ITAPEMIRIM,BOM SERA,objetos,1
ITAPEMIRIM,BOM SERA,violencia_social,1
ITAPEMIRIM,CORREGO DO OURO,violencia_social,1
ITAPEMIRIM,GOMES,patrimonial,1
ITAPEMIRIM,ILHA DO GATO,patrimonial,1
ITAPEMIRIM,JOACIMA,objetos,1
ITAPEMIRIM,MARAGUA,patrimonial,1
ITAPEMIRIM,MARAGUA,violencia_social,1
ITAPEMIRIM,PALMITAL,violencia_social,1
ITAPEMIRIM,PIABANHA DO NORTE,violencia_social,1
ITAPEMIRIM,RETIRO,violencia_social,1
ITAPEMIRIM,SANTA MARIA DO FRADE,patrimonial,1
ITAPEMIRIM,SAO JOSE DO FRADE,patrimonial,1
ITAPEMIRIM,TAOCA,patrimonial,1
ITAPEMIRIM,ZONA RURAL,objetos,1
ITAPEMIRIM,ZONA RURAL,violencia_social,1
ITARANA,BARRA DO JATIBOCA,objetos,1
ITARANA,BARRA DO JATIBOCA,patrimonial,1
ITARANA,BARRA DO LIMEIRO,violencia_social,1
ITARANA,BARRA ENCOBERTA,violencia_social,1
ITARANA,NITEROI,patrimonial,1
ITARANA,OUTRO LOCAL,patrimonial,1
ITARANA,SANTA TEREZINHA,patrimonial,1
ITARANA,ZONA RURAL,objetos,1
ITARANA,ZONA RURAL,violencia_social,1
IUNA,AGUA SANTA,patrimonial,1
IUNA,BOM SUCESSO,patrimonial,1
IUNA,PITO,objetos,1
IUNA,RIO CLARO,patrimonial,1
IUNA,SAO CRISTOVAO,patrimonial,1
IUNA,SAO JOAO DO PRINCIPE,patrimonial,1
IUNA,SAO JOAO DO PRINCIPE,violencia_social,1
IUNA,TERRA CORRIDA,patrimonial,1
IUNA,TINGUACIBA,violencia_social,1
IUNA,VALE VERDE,patrimonial,1
JAGUARE,BARRA SECA,objetos,1
JAGUARE,BARRA SECA,patrimonial,1
JAGUARE,BARRA SECA VELHA,patrimonial,1
JAGUARE,BARRA SECA VELHA,violencia_social,1
JAGUARE,BOA VISTA,violencia_social,1
JAGUARE,BOA VISTA I,violencia_social,1
JAGUARE,CORREGO CAXIMBAU,patrimonial,1
JAGUARE,CORREGO CAXIMBAU,violencia_social,1
JAGUARE,FATIMA,objetos,1
JAGUARE,FATIMA,patrimonial,1
JAGUARE,JAPIRA,patrimonial,1
JAGUARE,JOAO BOSCO,violencia_social,1
JAGUARE,JUNDIA,patrimonial,1
JAGUARE,LAQUINI,objetos,1
JAGUARE,LAQUINI,patrimonial,1
JAGUARE,LAQUINI,violencia_social,1
JAGUARE,MATA ATLANTICA,violencia_social,1
JAGUARE,NOSSA SENHORA DE FATIMA,patrimonial,1
JAGUARE,NOSSA SENHORA DE FATIMA,violencia_social,1
JAGUARE,NOVA ESPERANCA,patrimonial,1
JAGUARE,NOVO TEMPO,objetos,1
JAGUARE,SAO JOAO DO ESTIVADO,patrimonial,1
JAGUARE,SAO JOAO DO ESTIVADO,violencia_social,1
JAGUARE,SAO ROQUE,objetos,1
JAGUARE,SEAC,patrimonial,1
JAGUARE,VARGEM GRANDE,patrimonial,1
JAGUARE,VARGEM GRANDE,violencia_social,1
JERONIMO MONTEIRO,BARRA LIMPA,patrimonial,1
JERONIMO MONTEIRO,BOA ESPERANCA,objetos,1
JERONIMO MONTEIRO,CAPIXABA,patrimonial,1
JERONIMO MONTEIRO,CAVA ROCHA,patrimonial,1
JERONIMO MONTEIRO,CRISTAL,violencia_social,1
JERONIMO MONTEIRO,OUTRO LOCAL,violencia_social,1
JERONIMO MONTEIRO,PEDREGAL,violencia_social,1
JERONIMO MONTEIRO,SANTA CLARA,violencia_social,1
JERONIMO MONTEIRO,VILA BRITO,violencia_social,1
JERONIMO MONTEIRO,VILA CRUZEIRO,patrimonial,1
JERONIMO MONTEIRO,VISTA LINDA,patrimonial,1
JOAO NEIVA,ACIOLI,patrimonial,1
JOAO NEIVA,BAIRRO DA PENHA,objetos,1
JOAO NEIVA,BAIRRO DA PENHA,violencia_social,1
JOAO NEIVA,CABOCLO BERNARDO,objetos,1
JOAO NEIVA,CARRARETO,violencia_social,1
JOAO NEIVA,CAVALINHO,patrimonial,1
JOAO NEIVA,CRISTAL,violencia_social,1
JOAO NEIVA,CRUBIXA,violencia_social,1
JOAO NEIVA,CRUZEIRO,patrimonial,1
JOAO NEIVA,CRUZEIRO,violencia_social,1
JOAO NEIVA,DEMETRIO RIBEIRO,objetos,1
JOAO NEIVA,PIRAQUEACU,objetos,1
JOAO NEIVA,RIBEIRAO DE CIMA,patrimonial,1
JOAO NEIVA,SANTO AFONSO,patrimonial,1
JOAO NEIVA,SANTO AFONSO,violencia_social,1
JOAO NEIVA,SAO CARLOS II,patrimonial,1
JOAO NEIVA,TRIANGULO,patrimonial,1
LARANJA DA TERRA,BARRA DO TAQUARAL,patrimonial,1
LARANJA DA TERRA,BARRA DO TIMBUVA,patrimonial,1
LARANJA DA TERRA,CENTRO,objetos,1
LARANJA DA TERRA,CINCO PONTOES,patrimonial,1
LARANJA DA TERRA,JOATUBA,patrimonial,1
LARANJA DA TERRA,JOATUBA,violencia_social,1
LARANJA DA TERRA,NITEROI,patrimonial,1
LARANJA DA TERRA,RECANTO DOS POETAS,violencia_social,1
LARANJA DA TERRA,RIBEIRAO,patrimonial,1
LARANJA DA TERRA,ZONA RURAL,objetos,1
LINHARES,BEBEDOURO,digital,1
LINHARES,BREJO GRANDE,violencia_social,1
LINHARES,CHAPADAO DAS PALMINHAS,violencia_social,1
LINHARES,CORREGO JAPIRA,patrimonial,1
LINHARES,DESENGANO,objetos,1
LINHARES,DESENGANO,patrimonial,1
LINHARES,FARIAS,objetos,1
LINHARES,JARDIM LAGUNA,violencia_social,1
LINHARES,LINHARES V,objetos,1
LINHARES,MOBRASA,objetos,1
LINHARES,MOBRASA,violencia_social,1
LINHARES,NOVA BETANIA,violencia_social,1
LINHARES,NOVA BETHANIA,violencia_social,1
LINHARES,NOVA ESPERANÇA,violencia_social,1
LINHARES,OUTRO LOCAL,digital,1
LINHARES,PONTAL DO OURO,patrimonial,1
LINHARES,POVOACAO,objetos,1
LINHARES,POVOACAO,patrimonial,1
LINHARES,RESERVA FLORESTAL DA FAZENDA RIO DOCE,patrimonial,1
LINHARES,RIO DO NORTE,objetos,1
LINHARES,RIO DO NORTE,patrimonial,1
LINHARES,SAO JOSE DE CIMA,patrimonial,1
LINHARES,VILA IZABEL,objetos,1
MANTENOPOLIS,BELA VISTA,digital,1
MANTENOPOLIS,CABECEIRA DO CORREGO MANTENINHA,patrimonial,1
MANTENOPOLIS,CORREGO DOS DEITADOS,patrimonial,1
MANTENOPOLIS,IPIRANGA,objetos,1
MANTENOPOLIS,SANTA LUZIA DE MANTENOPOLIS,digital,1
MANTENOPOLIS,SANTA LUZIA DE MANTENOPOLIS,objetos,1
MANTENOPOLIS,SANTA LUZIA DE MANTENOPOLIS,patrimonial,1
MANTENOPOLIS,SAO GERALDO,digital,1
MANTENOPOLIS,SAO JOSE DE MANTENOPOLIS,objetos,1
MANTENOPOLIS,SAO JOSE DE MANTENOPOLIS,violencia_social,1
MANTENOPOLIS,ZONA RURAL,violencia_social,1
MARATAIZES,ATLANTICO,patrimonial,1
MARATAIZES,BELO HORIZONTE,objetos,1
MARATAIZES,BOA VISTA,violencia_social,1
MARATAIZES,BOA VISTA DO SUL,objetos,1
MARATAIZES,BREJO DOS PATOS,objetos,1
MARATAIZES,BREJO DOS PATOS,violencia_social,1
MARATAIZES,FATIMA,objetos,1
MARATAIZES,FATIMA,patrimonial,1
MARATAIZES,JABOTI,violencia_social,1
MARATAIZES,NOVA CANAA,violencia_social,1
MARATAIZES,NOVA JERUSALEM,patrimonial,1
MARATAIZES,NOVA JERUSALEM,violencia_social,1
MARATAIZES,NOVA MARATAIZES,objetos,1
MARATAIZES,NOVA MARATAIZES,violencia_social,1
MARATAIZES,SACO DOS CACOES,patrimonial,1
MARATAIZES,SANTA TEREZA,objetos,1
MARATAIZES,ZONA RURAL,patrimonial,1
MARECHAL FLORIANO,ALTO MARECHAL,objetos,1
MARECHAL FLORIANO,ALTO MARECHAL,violencia_social,1
MARECHAL FLORIANO,ARAGUAIA,objetos,1
MARECHAL FLORIANO,BATATAL,objetos,1
MARECHAL FLORIANO,BATATAL,patrimonial,1
MARECHAL FLORIANO,BOA ESPERANCA,patrimonial,1
MARECHAL FLORIANO,BOA ESPERANCA,violencia_social,1
MARECHAL FLORIANO,BOM JESUS,patrimonial,1
MARECHAL FLORIANO,JARBINHAS,patrimonial,1
MARECHAL FLORIANO,JARBINHAS,violencia_social,1
MARECHAL FLORIANO,NOVA ALMEIDA,patrimonial,1
MARECHAL FLORIANO,RIO FUNDO,objetos,1
MARECHAL FLORIANO,RIO FUNDO,violencia_social,1
MARECHAL FLORIANO,SANTA MARIA,patrimonial,1
MARECHAL FLORIANO,SUIDO DE BAIXO,violencia_social,1
MARECHAL FLORIANO,VICTOR HUGO,violencia_social,1
MARECHAL FLORIANO,ZONA RURAL,objetos,1
MARILANDIA,BREJAL,violencia_social,1
MARILANDIA,GERMANO,violencia_social,1
MARILANDIA,JEQUITIBA,patrimonial,1
MARILANDIA,MONTE SINAI,objetos,1
MARILANDIA,MONTE SINAI,patrimonial,1
MARILANDIA,OUTRO LOCAL,patrimonial,1
MARILANDIA,PATRAO-MOR,objetos,1
MARILANDIA,SANTA ROSA,patrimonial,1
MARILANDIA,SANTANA,patrimonial,1
MARILANDIA,SAO MARCOS,patrimonial,1
MARILANDIA,SAO MARCOS,violencia_social,1
MARILANDIA,VILA PALMIRA,patrimonial,1
MARILANDIA,VILA PALMIRA,violencia_social,1
MARILANDIA,VISTA BELA,violencia_social,1
MIMOSO DO SUL,ALTO SERTAO SEBASTIAO,violencia_social,1
MIMOSO DO SUL,CACHOEIRA ALTA,patrimonial,1
MIMOSO DO SUL,CONCEICAO DO MUQUI,objetos,1
MIMOSO DO SUL,COQUEIRO,violencia_social,1
MIMOSO DO SUL,FUNIL,objetos,1
MIMOSO DO SUL,HARMONIA,patrimonial,1
MIMOSO DO SUL,INHUMA,violencia_social,1
MIMOSO DO SUL,MANGUEIRA,patrimonial,1
MIMOSO DO SUL,MONTE CRISTO,objetos,1
MIMOSO DO SUL,MORRO DA PALHA,violencia_social,1
MIMOSO DO SUL,NOVO BRASIL,violencia_social,1
MIMOSO DO SUL,PONTE DE ITABAPOANA,objetos,1
MIMOSO DO SUL,PONTE DE ITABAPOANA,patrimonial,1
MIMOSO DO SUL,PONTOES,patrimonial,1
MIMOSO DO SUL,SANTA MARTA,objetos,1
MIMOSO DO SUL,SAO JOSE,violencia_social,1
MIMOSO DO SUL,SAO PEDRO DE ITABAPOANA,patrimonial,1
MIMOSO DO SUL,SAO PEDRO DE ITABAPOANA,violencia_social,1
MIMOSO DO SUL,SERRANO,objetos,1
MIMOSO DO SUL,SERRANO,patrimonial,1
MIMOSO DO SUL,SERRANO,violencia_social,1
MIMOSO DO SUL,UNIAO,violencia_social,1
MIMOSO DO SUL,ZONA RURAL,patrimonial,1
MONTANHA,ALCEBIADES,violencia_social,1
MONTANHA,BRASILIA,objetos,1
MONTANHA,CENTRO,digital,1
MONTANHA,DECAO,objetos,1
MONTANHA,IRMA MARIA ZELIA PRUDENTE,objetos,1
MONTANHA,OUTRO LOCAL,digital,1
MONTANHA,SAO JUDAS TADEU,objetos,1
MONTANHA,SAO JUDAS TADEU,patrimonial,1
MONTANHA,SAO SEBASTIAO DO NORTE,patrimonial,1
MONTANHA,TRINTA DE MAIO,objetos,1
MONTANHA,TRINTA DE MAIO,violencia_social,1
MUCURICI,CENTRO,digital,1
MUCURICI,OUTRO LOCAL,objetos,1
MUCURICI,PLANALTO,patrimonial,1
MUCURICI,PLANALTO,violencia_social,1
MUCURICI,ZONA RURAL,objetos,1
MUCURICI,ZONA RURAL,violencia_social,1
MUNIZ FREIRE,AMORIM,patrimonial,1
MUNIZ FREIRE,AMORIM,violencia_social,1
MUNIZ FREIRE,ASSUNCAO,objetos,1
MUNIZ FREIRE,ASSUNCAO,violencia_social,1
MUNIZ FREIRE,CENTRO,objetos,1
MUNIZ FREIRE,CORREGO RICO,patrimonial,1
MUNIZ FREIRE,FORTALEZA,violencia_social,1
MUNIZ FREIRE,GUARIBU,patrimonial,1
MUNIZ FREIRE,ITAICI,patrimonial,1
MUNIZ FREIRE,OUTRO LOCAL,patrimonial,1
MUNIZ FREIRE,SAO VICENTE DE PAULA,patrimonial,1
MUNIZ FREIRE,ZONA RURAL,patrimonial,1
MUQUI,ALIANCA,violencia_social,1
MUQUI,ALTO BOA ESPERANCA,violencia_social,1
MUQUI,ENTRE MORROS,objetos,1
MUQUI,NOSSA SENHORA APARECIDA,violencia_social,1
MUQUI,PALMEIRAS,patrimonial,1
MUQUI,SAN DOMINGO,patrimonial,1
MUQUI,SAO DOMINGOS,objetos,1
MUQUI,SAO DOMINGOS,violencia_social,1
MUQUI,SAO PEDRO,objetos,1
NOVA VENECIA,AEROPORTO,digital,1
NOVA VENECIA,ALTOE,objetos,1
NOVA VENECIA,BOA VISTA,patrimonial,1
NOVA VENECIA,CENTRAL,objetos,1
NOVA VENECIA,CENTRAL,violencia_social,1
NOVA VENECIA,CENTRO,digital,1
NOVA VENECIA,COHAB,patrimonial,1
NOVA VENECIA,CORREGO ALEGRE,patrimonial,1
NOVA VENECIA,CORREGO DO CAVALO II,patrimonial,1
NOVA VENECIA,CRISTALINO,patrimonial,1
NOVA VENECIA,CRISTALINO,violencia_social,1
NOVA VENECIA,FILOMENA,objetos,1
NOVA VENECIA,GUARAREMA,violencia_social,1
NOVA VENECIA,MUNIZ,patrimonial,1
NOVA VENECIA,NOSSA SENHORA DE FATIMA,violencia_social,1
NOVA VENECIA,PEDRA GRANDE,patrimonial,1
NOVA VENECIA,POCAO,patrimonial,1
NOVA VENECIA,SANTO ANTONI DO QUINZE,violencia_social,1
NOVA VENECIA,SAO CRISTOVAO,objetos,1
NOVA VENECIA,SAO FRANCISCO,objetos,1
NOVA VENECIA,SAO GONCALO,patrimonial,1
NOVA VENECIA,VERMELHO,patrimonial,1
PANCAS,ALTO PANCAS,violencia_social,1
PANCAS,ALTO PANQUINHAS,violencia_social,1
PANCAS,CENTRO,digital,1
PANCAS,CORREGO ESPINHO,patrimonial,1
PANCAS,LIRIO DOS VALES,digital,1
PANCAS,LIRIO DOS VALES,objetos,1
PANCAS,LIRIO DOS VALES,patrimonial,1
PANCAS,LIRIO DOS VALES,violencia_social,1
PANCAS,NOSSA SENHORA DAS GRACAS,patrimonial,1
PANCAS,OSCAR LOURENCO DA SILVA,patrimonial,1
PANCAS,PARANAZINHO,patrimonial,1
PANCAS,SAO BENTO,patrimonial,1
PANCAS,SAO LUIS,patrimonial,1
PANCAS,SEBASTIAO FURTADO,patrimonial,1
PANCAS,SEBASTIAO FURTADO,violencia_social,1
PANCAS,VARGEM ALEGRE,patrimonial,1
PANCAS,VILA NOVA,violencia_social,1
PANCAS,VILA VERDE,objetos,1
PANCAS,VILA VERDE,violencia_social,1
PANCAS,ZONA RURAL,objetos,1
PEDRO CANARIO,BOA VISTA,objetos,1
PEDRO CANARIO,CAMATA,objetos,1
PEDRO CANARIO,CAMILO COLA,patrimonial,1
PEDRO CANARIO,CENTRO,digital,1
PEDRO CANARIO,DIVISA,patrimonial,1
PEDRO CANARIO,EXPLANADA,violencia_social,1
PEDRO CANARIO,LIONORIO II,patrimonial,1
PEDRO CANARIO,NOVO HORIZONTE,digital,1
PEDRO CANARIO,OUTRO LOCAL,violencia_social,1
PEDRO CANARIO,SANTA RITA,objetos,1
PEDRO CANARIO,SAO JOAO BATISTA,objetos,1
PEDRO CANARIO,VISTA ALEGRE,violencia_social,1
PEDRO CANARIO,ZONA RURAL,violencia_social,1
PINHEIROS,CANARIO,objetos,1
PINHEIROS,COLINA,digital,1
PINHEIROS,COLINA,patrimonial,1
PINHEIROS,GALILEIA,digital,1
PINHEIROS,GALILEIA,patrimonial,1
PINHEIROS,JUNDIA,digital,1
PINHEIROS,JUNDIAZINHO,patrimonial,1
PINHEIROS,LOTEAMENTO NOVA CANAA,patrimonial,1
PINHEIROS,NITEROI,digital,1
PINHEIROS,NITEROI,patrimonial,1
PINHEIROS,NITEROI,violencia_social,1
PINHEIROS,PINHEIRINHO,digital,1
PINHEIROS,PINHEIRINHO,objetos,1
PINHEIROS,RESIDENCIAL PINHEIROS,objetos,1
PINHEIROS,SANTA RITA,patrimonial,1
PINHEIROS,SANTO ANTONIO,digital,1
PINHEIROS,SAO JOAO DO SOBRADO,digital,1
PINHEIROS,VILA NOVA,patrimonial,1
PINHEIROS,VILA VERDE,digital,1
PIUMA,MONTE AGHA,digital,1
PIUMA,PIUMINAS,objetos,1
PIUMA,PRAIA DE ACAIACA,digital,1
PIUMA,UNIAO,objetos,1
PIUMA,UNIAO,patrimonial,1
PONTO BELO,CARVAO,violencia_social,1
PONTO BELO,CENTRO,violencia_social,1
PONTO BELO,FUNDAO,violencia_social,1
PONTO BELO,ITAMIRA,patrimonial,1
PONTO BELO,MORUMBI,objetos,1
PONTO BELO,POR DO SOL,patrimonial,1
PRESIDENTE KENNEDY,AGUA PRETA,patrimonial,1
PRESIDENTE KENNEDY,CACIMBINHA,violencia_social,1
PRESIDENTE KENNEDY,CAMPINAS,violencia_social,1
PRESIDENTE KENNEDY,CRIADOR,objetos,1
PRESIDENTE KENNEDY,GOROMOGO,patrimonial,1
PRESIDENTE KENNEDY,LEONEL,patrimonial,1
PRESIDENTE KENNEDY,LEONEL,violencia_social,1
PRESIDENTE KENNEDY,MAROBA,objetos,1
PRESIDENTE KENNEDY,MINEIRINHO,patrimonial,1
PRESIDENTE KENNEDY,MOROBA,violencia_social,1
PRESIDENTE KENNEDY,OUTRO LOCAL,violencia_social,1
PRESIDENTE KENNEDY,SANTA LUCIA,violencia_social,1
PRESIDENTE KENNEDY,SANTA MARIA,violencia_social,1
PRESIDENTE KENNEDY,SAO EDUARDO,digital,1
PRESIDENTE KENNEDY,SAO EDUARDO,patrimonial,1
PRESIDENTE KENNEDY,SAO JOAO DO LAGO,patrimonial,1
PRESIDENTE KENNEDY,SAO PAULO,patrimonial,1
PRESIDENTE KENNEDY,SAO PAULO,violencia_social,1
PRESIDENTE KENNEDY,SAO SALVADOR,violencia_social,1
RIO BANANAL,BARRA DA PRIMAVERA,patrimonial,1
RIO BANANAL,CENTRO,objetos,1
RIO BANANAL,CENTRO,patrimonial,1
RIO BANANAL,CORREGO DOUTOR MARIO FREIRE,patrimonial,1
RIO BANANAL,CORREGO LACRIMAL,patrimonial,1
RIO BANANAL,CORREGO LACRIMAL,violencia_social,1
RIO BANANAL,CORREGO PRIMAVERA,patrimonial,1
RIO BANANAL,CORREGO PRIMAVERA,violencia_social,1
RIO BANANAL,DOM PEDRO,patrimonial,1
RIO BANANAL,PANORAMA,patrimonial,1
RIO BANANAL,SANTA HELENA,violencia_social,1
RIO BANANAL,SANTO ANTONIO,objetos,1
RIO BANANAL,SAO JORGE DO TIRADENTES,objetos,1
RIO BANANAL,SAO SEBASTIAO,objetos,1
RIO NOVO DO SUL,ARROIO DAS PEDRAS,patrimonial,1
RIO NOVO DO SUL,BELA VISTA,patrimonial,1
RIO NOVO DO SUL,BORSOI,violencia_social,1
RIO NOVO DO SUL,CACHOEIRINHA,patrimonial,1
RIO NOVO DO SUL,ITATAIBA,violencia_social,1
RIO NOVO DO SUL,OUTRO LOCAL,objetos,1
RIO NOVO DO SUL,QUARTEIRAO,patrimonial,1
RIO NOVO DO SUL,QUARTEIRAO DE SANTANA,objetos,1
RIO NOVO DO SUL,QUARTEIRAO DE SANTANA,violencia_social,1
RIO NOVO DO SUL,SANTO ANTONIO,objetos,1
RIO NOVO DO SUL,SAO FRANCISCO,patrimonial,1
RIO NOVO DO SUL,SAO JOSE,patrimonial,1
RIO NOVO DO SUL,VIRGINIA NOVA,patrimonial,1
RIO NOVO DO SUL,VIRGINIA VELHA,patrimonial,1
RIO NOVO DO SUL,ZONA RURAL,patrimonial,1
SANTA LEOPOLDINA,BRAGANCA,patrimonial,1
SANTA LEOPOLDINA,CARAMURU,violencia_social,1
SANTA LEOPOLDINA,CHAVES,patrimonial,1
SANTA LEOPOLDINA,COLINA VERDE,violencia_social,1
SANTA LEOPOLDINA,CRUBIXA,patrimonial,1
SANTA LEOPOLDINA,CRUBIXA,violencia_social,1
SANTA LEOPOLDINA,FUNIL,patrimonial,1
SANTA LEOPOLDINA,MEIA LEGUA,patrimonial,1
SANTA LEOPOLDINA,MOXAFONGO,violencia_social,1
SANTA LEOPOLDINA,OUTRO LOCAL,patrimonial,1
SANTA LEOPOLDINA,PEDRA BRANCA,violencia_social,1
SANTA LEOPOLDINA,RIBEIRAO LIMPO,patrimonial,1
SANTA LEOPOLDINA,RIO DAS FARINHAS,violencia_social,1
SANTA LEOPOLDINA,RIO DO MEIO,violencia_social,1
SANTA LEOPOLDINA,SANTA LUCIA,patrimonial,1
SANTA LEOPOLDINA,SUICA,patrimonial,1
SANTA LEOPOLDINA,VILA NOVA,violencia_social,1
SANTA MARIA DE JETIBA,ALTO GARRAFAO,patrimonial,1
SANTA MARIA DE JETIBA,ALTO POSS MOUSER,objetos,1
SANTA MARIA DE JETIBA,ALTO RECREIO,patrimonial,1
SANTA MARIA DE JETIBA,BARRA DO RIO CLARO,objetos,1
SANTA MARIA DE JETIBA,BARRA DO RIO CLARO,patrimonial,1
SANTA MARIA DE JETIBA,BARRACAO DO RIO POSS MOUSER,patrimonial,1
SANTA MARIA DE JETIBA,BELEM,objetos,1
SANTA MARIA DE JETIBA,BELEM,violencia_social,1
SANTA MARIA DE JETIBA,CARAMURU II,digital,1
SANTA MARIA DE JETIBA,CORREGO DO OURO,patrimonial,1
SANTA MARIA DE JETIBA,CORREGO DO OURO,violencia_social,1
SANTA MARIA DE JETIBA,GARRAFAO,digital,1
SANTA MARIA DE JETIBA,RIO CLARO,patrimonial,1
SANTA MARIA DE JETIBA,RIO DAS PEDRAS,patrimonial,1
SANTA MARIA DE JETIBA,SAO BENTO,violencia_social,1
SANTA MARIA DE JETIBA,SAO JOAO DO BARRACAO,patrimonial,1
SANTA MARIA DE JETIBA,SAO LUIS,digital,1
SANTA MARIA DE JETIBA,VILA ITALIANOS,objetos,1
SANTA MARIA DE JETIBA,VILA JETIBA,objetos,1
SANTA MARIA DE JETIBA,ZONA RURAL,patrimonial,1
SANTA TERESA,ALTO CALDEIRAO,violencia_social,1
SANTA TERESA,ALTO SANTA JULIA,patrimonial,1
SANTA TERESA,ALTO SANTA MARIA,patrimonial,1
SANTA TERESA,ALTO SANTO ANTONIO,patrimonial,1
SANTA TERESA,ALTO VARZEA ALEGRE,violencia_social,1
SANTA TERESA,APARECIDINHA,patrimonial,1
SANTA TERESA,APARECIDINHA,violencia_social,1
SANTA TERESA,CALDEIRAO,objetos,1
SANTA TERESA,CALDEIRAO,violencia_social,1
SANTA TERESA,CANAA,patrimonial,1
SANTA TERESA,CENTENARIO,violencia_social,1
SANTA TERESA,CENTRO,objetos,1
SANTA TERESA,CENTRO,violencia_social,1
SANTA TERESA,CORREGO DO MANGANGA,patrimonial,1
SANTA TERESA,CORREGO FRIO,patrimonial,1
SANTA TERESA,CORREGO SECO DE SAO JOAO,digital,1
SANTA TERESA,DOIS PINHEIROS,digital,1
SANTA TERESA,DOIS PINHEIROS,violencia_social,1
SANTA TERESA,JULIAO,patrimonial,1
SANTA TERESA,OUTRO LOCAL,digital,1
SANTA TERESA,OUTRO LOCAL,violencia_social,1
SANTA TERESA,PEDRA ALEGRE,violencia_social,1
SANTA TERESA,PENHA,objetos,1
SANTA TERESA,PENHA,violencia_social,1
SANTA TERESA,RECANTO DO VALE,violencia_social,1
SANTA TERESA,RIO SALTINHO,digital,1
SANTA TERESA,RIO SALTINHO,violencia_social,1
SANTA TERESA,SANTO ANTONIO,violencia_social,1
SANTA TERESA,SANTO ANTONIO DO CANAA,digital,1
SANTA TERESA,SANTO HILARIO,patrimonial,1
SANTA TERESA,SAO JOAO DE PETROPOLIS,objetos,1
SANTA TERESA,SAO LOURENCO,digital,1
SANTA TERESA,SAO LOURENCO,violencia_social,1
SANTA TERESA,VALAO DE SAO PEDRO,violencia_social,1
SANTA TERESA,VALSUGANA VELHA,patrimonial,1
SANTA TERESA,VARZEA ALEGRE,digital,1
SANTA TERESA,VARZEA ALEGRE,violencia_social,1
SANTA TERESA,VILA NOVA,objetos,1
SANTA TERESA,VINTE E CINCO DE JULHO,patrimonial,1
SANTA TERESA,ZONA RURAL,objetos,1
SAO DOMINGOS DO NORTE,BRACO SUL,violencia_social,1
SAO DOMINGOS DO NORTE,CAIXA DAGUA,objetos,1
SAO DOMINGOS DO NORTE,CENTRO,objetos,1
SAO DOMINGOS DO NORTE,CRISTAL,violencia_social,1
SAO DOMINGOS DO NORTE,NITEROI,patrimonial,1
SAO DOMINGOS DO NORTE,OCTAVIO BONAPARTE,patrimonial,1
SAO DOMINGOS DO NORTE,SABIA I,objetos,1
SAO DOMINGOS DO NORTE,SIDNEY FORTUNA,patrimonial,1
SAO GABRIEL DA PALHA,AIMORES,objetos,1
SAO GABRIEL DA PALHA,BARRA SECA,digital,1
SAO GABRIEL DA PALHA,BARRA SECA,violencia_social,1
SAO GABRIEL DA PALHA,BOA VISTA,objetos,1
SAO GABRIEL DA PALHA,CASTELAN,patrimonial,1
SAO GABRIEL DA PALHA,CORREGO ARARA,violencia_social,1
SAO GABRIEL DA PALHA,CORREGO BLEY,objetos,1
SAO GABRIEL DA PALHA,CORREGO BLEY,violencia_social,1
SAO GABRIEL DA PALHA,CORREGO DO SETE,patrimonial,1
SAO GABRIEL DA PALHA,FARTURA,objetos,1
SAO GABRIEL DA PALHA,FARTURA,violencia_social,1
SAO GABRIEL DA PALHA,GLORIA,violencia_social,1
SAO GABRIEL DA PALHA,JOAO COLOMBI,patrimonial,1
SAO GABRIEL DA PALHA,MIRANTE,objetos,1
SAO GABRIEL DA PALHA,MIRANTE,patrimonial,1
SAO GABRIEL DA PALHA,OUTRO LOCAL,violencia_social,1
SAO GABRIEL DA PALHA,PARAISO,patrimonial,1
SAO GABRIEL DA PALHA,QUEIXADA,patrimonial,1
SAO GABRIEL DA PALHA,SANTA RITA,patrimonial,1
SAO GABRIEL DA PALHA,SANTA RITA,violencia_social,1
SAO GABRIEL DA PALHA,SANTA TEREZINHA,objetos,1
SAO GABRIEL DA PALHA,SAO JOSE,objetos,1
SAO GABRIEL DA PALHA,SAO ROQUE DA TERRA ROXA,patrimonial,1
SAO GABRIEL DA PALHA,SAO VICENTE,violencia_social,1
SAO GABRIEL DA PALHA,SETE DE SETEMBRO,objetos,1
SAO GABRIEL DA PALHA,VILA COMBONI,objetos,1
SAO GABRIEL DA PALHA,VILA COMBONI,patrimonial,1
SAO GABRIEL DA PALHA,VILA COMBONI,violencia_social,1
SAO GABRIEL DA PALHA,ZONA RURAL,violencia_social,1
SAO JOSE DO CALCADO,AIRITUBA,objetos,1
SAO JOSE DO CALCADO,AIRITUBA,violencia_social,1
SAO JOSE DO CALCADO,DIVINEIA,objetos,1
SAO JOSE DO CALCADO,DIVINEIA,patrimonial,1
SAO JOSE DO CALCADO,JACA,objetos,1
SAO JOSE DO CALCADO,JACA,patrimonial,1
SAO JOSE DO CALCADO,NITEROI,violencia_social,1
SAO JOSE DO CALCADO,OUTRO LOCAL,patrimonial,1
SAO JOSE DO CALCADO,PEDRO IDERALDO DE LIMA,patrimonial,1
SAO JOSE DO CALCADO,ZONA RURAL,violencia_social,1
SAO MATEUS,AROEIRA,objetos,1
SAO MATEUS,AYRTON SENNA,objetos,1
SAO MATEUS,BAMBURRAL,patrimonial,1
SAO MATEUS,BOM SUCESSO,objetos,1
SAO MATEUS,CAMPO GRANDE,violencia_social,1
SAO MATEUS,CARAPINA,objetos,1
SAO MATEUS,CEREJEIRA,violencia_social,1
SAO MATEUS,CHACARA DO CRICARE,violencia_social,1
SAO MATEUS,CORREGO DA AREIA,objetos,1
SAO MATEUS,CORREGO DA AREIA,violencia_social,1
SAO MATEUS,CORREGO DO MACACO,patrimonial,1
SAO MATEUS,DOM JOSE DALVIT,patrimonial,1
SAO MATEUS,FAZENDA PAULISTA,patrimonial,1
SAO MATEUS,FAZENDA PAULISTA,violencia_social,1
SAO MATEUS,GURIRI,digital,1
SAO MATEUS,JAQUELINE,objetos,1
SAO MATEUS,JAQUELINE,violencia_social,1
SAO MATEUS,LIBERDADE,objetos,1
SAO MATEUS,LIBERDADE,patrimonial,1
SAO MATEUS,MARIRICU,patrimonial,1
SAO MATEUS,MORADA DO LAGO,patrimonial,1
SAO MATEUS,MORADA DO RIBEIRAO,objetos,1
SAO MATEUS,MORRO DA ONCA,violencia_social,1
SAO MATEUS,NOVA AIMORES,patrimonial,1
SAO MATEUS,NOVA CONQUISTA,violencia_social,1
SAO MATEUS,NOVA ERA,violencia_social,1
SAO MATEUS,NOVA LIMA,patrimonial,1
SAO MATEUS,NOVA SAO MATEUS,objetos,1
SAO MATEUS,NOVA SAO MATEUS,patrimonial,1
SAO MATEUS,NOVO HORIZONTE,objetos,1
SAO MATEUS,PEDRA DAGUA,objetos,1
SAO MATEUS,QUILOMETRO,patrimonial,1
SAO MATEUS,QUILOMETRO,violencia_social,1
SAO MATEUS,RESEDENCIAL PARQUE WASHIGTON,violencia_social,1
SAO MATEUS,RESIDENCIAL COLINA,violencia_social,1
SAO MATEUS,RESIDENCIAL JACUI,patrimonial,1
SAO MATEUS,RESIDENCIAL JACUI,violencia_social,1
SAO MATEUS,RIBEIRAO,patrimonial,1
SAO MATEUS,RIO PRETO,violencia_social,1
SAO MATEUS,SAO BENEDITO,patrimonial,1
SAO MATEUS,SAO BRAS,violencia_social,1
SAO MATEUS,SAO JORGE,objetos,1
SAO MATEUS,SAO PEDRO,patrimonial,1
SAO MATEUS,SEAC,objetos,1
SAO MATEUS,UNIVERSITARIO,patrimonial,1
SAO MATEUS,URUSSUQUARA,patrimonial,1
SAO MATEUS,URUSSUQUARA,violencia_social,1
SAO MATEUS,VILA VERDE,patrimonial,1
SAO MATEUS,VITORIA,objetos,1
SAO ROQUE DO CANAA,BAIXO SANTA JULIA,patrimonial,1
SAO ROQUE DO CANAA,CABECEIRA DO RIO MUTUM,violencia_social,1
SAO ROQUE DO CANAA,CENTRO,objetos,1
SAO ROQUE DO CANAA,CINCO CASINHAS,patrimonial,1
SAO ROQUE DO CANAA,CINCO CASINHAS,violencia_social,1
SAO ROQUE DO CANAA,FRANCISCO TOREZANI,patrimonial,1
SAO ROQUE DO CANAA,FRANCISCO TOREZANI,violencia_social,1
SAO ROQUE DO CANAA,OUTRO LOCAL,objetos,1
SAO ROQUE DO CANAA,PICADAO DE SAO ROQUE,objetos,1
SAO ROQUE DO CANAA,PICADAO DE SAO ROQUE,violencia_social,1
SAO ROQUE DO CANAA,SAO BENTO,patrimonial,1
SAO ROQUE DO CANAA,SAO BENTO,violencia_social,1
SAO ROQUE DO CANAA,SAO DAMACIO,violencia_social,1
SAO ROQUE DO CANAA,SAO JACINTO,patrimonial,1
SAO ROQUE DO CANAA,SAO PEDRO,patrimonial,1
SAO ROQUE DO CANAA,SAO ROQUINHO,violencia_social,1
SAO ROQUE DO CANAA,TANCREDO,digital,1
SAO ROQUE DO CANAA,VILA ESPANHOLA,digital,1
SAO ROQUE DO CANAA,VILA ESPANHOLA,objetos,1
SAO ROQUE DO CANAA,VILA ESPANHOLA,patrimonial,1
SAO ROQUE DO CANAA,ZONA RURAL,violencia_social,1
SERRA,BAIRRO DE FATIMA,digital,1
SERRA,BAIRRO NOVO,violencia_social,1
SERRA,BARCELONA,digital,1
SERRA,BARRO BRANCO,violencia_social,1
SERRA,BELVEDERE,digital,1
SERRA,BOULEVARD LAGOA,objetos,1
SERRA,CACAROCA,digital,1
SERRA,CACAROCA,objetos,1
SERRA,CAMARA,objetos,1
SERRA,CANTINHO DO CEU,objetos,1
SERRA,CARAPINA,digital,1
SERRA,CARAPINA,violencia_social,1
SERRA,CARAPINA I,digital,1
SERRA,CASCATA,violencia_social,1
SERRA,CENTRAL CARAPINA,digital,1
SERRA,CIDADE NOVA DA SERRA,violencia_social,1
SERRA,CIVIT I,violencia_social,1
SERRA,CIVIT II,violencia_social,1
SERRA,COLINA DA SERRA,objetos,1
SERRA,CONJUNTO CARAPINA I,digital,1
SERRA,CONJUNTO JACARAIPE,violencia_social,1
SERRA,DIAMANTINA,digital,1
SERRA,DIVINOPOLIS,digital,1
SERRA,EURICO SALLES,digital,1
SERRA,FAZENDA CASCATA,patrimonial,1
SERRA,FEU ROSA,digital,1
SERRA,GUARACIABA,violencia_social,1
SERRA,JARDIM BELA VISTA,digital,1
SERRA,JARDIM DA SERRA,patrimonial,1
SERRA,JARDIM GUANABARA,objetos,1
SERRA,JARDIM GUANABARA,violencia_social,1
SERRA,JARDIM PRIMAVERA,patrimonial,1
SERRA,JARDIM PRIMAVERA,violencia_social,1
SERRA,JOSE DE ANCHIETA,digital,1
SERRA,JOSE DE ANCHIETA II,digital,1
SERRA,LARANJEIRAS VELHA,digital,1
SERRA,MARBELLA,violencia_social,1
SERRA,MARINGA,digital,1
SERRA,MORADA DE LARANJEIRAS,digital,1
SERRA,NOSSA SENHORA DA CONCEICAO,violencia_social,1
SERRA,OURIMAR,digital,1
SERRA,PALMEIRAS,digital,1
SERRA,PALMEIRAS,objetos,1
SERRA,PARQUE RESIDENCIAL LARANJEIRAS,digital,1
SERRA,PARQUE RESIDENCIAL MESTRE ALVARO,digital,1
SERRA,PARQUE RESIDENCIAL NOVA ALMEIDA,objetos,1
SERRA,PARQUE RESIDENCIAL NOVA ALMEIDA,patrimonial,1
SERRA,PARQUE RESIDENCIAL NOVA ALMEIDA,violencia_social,1
SERRA,PARQUE SANTA FE,objetos,1
SERRA,PITANGA,objetos,1
SERRA,POLO INSDUSTRIAL TUBARAO,violencia_social,1
SERRA,PRAIA BELA,patrimonial,1
SERRA,PRAIA DA BALEIA,violencia_social,1
SERRA,REIS MAGOS,objetos,1
SERRA,ROSARIO DE FATIMA,digital,1
SERRA,SANTIAGO,objetos,1
SERRA,SANTIAGO,patrimonial,1
SERRA,SANTO ANTONIO,digital,1
SERRA,SAO DOMINGOS,objetos,1
SERRA,SAO JUDAS TADEU,digital,1
SERRA,SAO JUDAS TADEU,objetos,1
SERRA,SAO LOURENCO,digital,1
SERRA,SAO MARCOS I,objetos,1
SERRA,SAO MARCOS II,digital,1
SERRA,SAO PEDRO,violencia_social,1
SERRA,SERRA CENTRO,digital,1
SERRA,SERRAMAR,objetos,1
SERRA,SOLAR DE ANCHIETA,objetos,1
SERRA,TAQUARA,violencia_social,1
SERRA,VILA MARIA NIOBE,violencia_social,1
SERRA,VILA NOVA DE COALRES,violencia_social,1
SERRA,ZONA RURAL,digital,1
SERRA,ZONA RURAL,violencia_social,1
SOORETAMA,ALEGRE,objetos,1
SOORETAMA,BARRA DO CHUMBADO,patrimonial,1
SOORETAMA,CONJUNTO DALVO LOUREIRO,patrimonial,1
SOORETAMA,CONJUNTO DALVO LOUREIRO,violencia_social,1
SOORETAMA,CORREGO ALEGRE,patrimonial,1
SOORETAMA,CORREGO ALEGRE,violencia_social,1
SOORETAMA,JOEIRANAIS,violencia_social,1
SOORETAMA,PARQUE SAO JORGE,objetos,1
SOORETAMA,SANTA LUZIA,patrimonial,1
SOORETAMA,VALE DO SOL,violencia_social,1
SOORETAMA,ZONA RURAL,patrimonial,1
VARGEM ALTA,ALTO CASTELINHO,patrimonial,1
VARGEM ALTA,ALTO CASTELINHO,violencia_social,1
VARGEM ALTA,BOA ESPERANCA,patrimonial,1
VARGEM ALTA,CAPIVARA,patrimonial,1
VARGEM ALTA,CASTELINHO,objetos,1
VARGEM ALTA,CENTRO,objetos,1
VARGEM ALTA,CONCORDIA,patrimonial,1
VARGEM ALTA,CORREGO DO OURO,violencia_social,1
VARGEM ALTA,GUIOMAR,patrimonial,1
VARGEM ALTA,OUTRO LOCAL,violencia_social,1
VARGEM ALTA,PAMBAL DE BAIXO,digital,1
VARGEM ALTA,PAMBAL DE BAIXO,patrimonial,1
VARGEM ALTA,PARAISO,objetos,1
VARGEM ALTA,PARAISO,patrimonial,1
VARGEM ALTA,POMBAL DE CIMA,patrimonial,1
VARGEM ALTA,PROSPERIDADE,digital,1
VARGEM ALTA,PROSPERIDADE,patrimonial,1
VARGEM ALTA,RICHMOND,objetos,1
VARGEM ALTA,SANTANA,objetos,1
VARGEM ALTA,SANTO ANTONIO,digital,1
VARGEM ALTA,SANTO ANTONIO,patrimonial,1
VARGEM ALTA,SAO JOAO,patrimonial,1
VARGEM ALTA,SAO JOSE,violencia_social,1
VARGEM ALTA,SUMIDOURO,violencia_social,1
VARGEM ALTA,TAQUARACU,digital,1
VARGEM ALTA,TAQUARACU,violencia_social,1
VARGEM ALTA,VARGEM GRANDE,objetos,1
VARGEM ALTA,VARGEM GRANDE,violencia_social,1
VARGEM ALTA,ZONA RURAL,violencia_social,1
VENDA NOVA DO IMIGRANTE,ALTO TAPERA,patrimonial,1
VENDA NOVA DO IMIGRANTE,ALTO TAPERA,violencia_social,1
VENDA NOVA DO IMIGRANTE,BICUIBA,objetos,1
VENDA NOVA DO IMIGRANTE,BICUIBA,patrimonial,1
VENDA NOVA DO IMIGRANTE,BICUIBA,violencia_social,1
VENDA NOVA DO IMIGRANTE,MARMIN,objetos,1
VENDA NOVA DO IMIGRANTE,MARMIN,patrimonial,1
VENDA NOVA DO IMIGRANTE,OUTRO LOCAL,violencia_social,1
VENDA NOVA DO IMIGRANTE,SAO JOAO DE VICOSA,objetos,1
VENDA NOVA DO IMIGRANTE,SAO JOSE DO ALTO VICOSA,violencia_social,1
VENDA NOVA DO IMIGRANTE,SAO RAFAEL,objetos,1
VENDA NOVA DO IMIGRANTE,SAO RAFAEL,patrimonial,1
VENDA NOVA DO IMIGRANTE,TAPERA,digital,1
VENDA NOVA DO IMIGRANTE,VICOSINHA,patrimonial,1
VENDA NOVA DO IMIGRANTE,VILA BETANEA,objetos,1
VENDA NOVA DO IMIGRANTE,VILA DA MATA,digital,1
VENDA NOVA DO IMIGRANTE,VILA SAO MIGUEL,patrimonial,1
VIANA,ANTARTICA,digital,1
VIANA,BOM PASTOR,objetos,1
VIANA,CAMPO VERDE,objetos,1
VIANA,CANTO GRANDE,patrimonial,1
VIANA,CAXIAS DO SUL,digital,1
VIANA,CENTRO,digital,1
VIANA,GUARITAS,objetos,1
VIANA,INDUSTRIAL,objetos,1
VIANA,IPANEMA,violencia_social,1
VIANA,JUCU,objetos,1
VIANA,JUCU,violencia_social,1
VIANA,MAMOEIRO,violencia_social,1
VIANA,NOVA BETHANIA,digital,1
VIANA,NOVA VIANA,violencia_social,1
VIANA,PARQUE DO FLAMENGO,patrimonial,1
VIANA,PEDRA MULATA,patrimonial,1
VIANA,PEDRA MULATA,violencia_social,1
VIANA,PEIXE VERDE,violencia_social,1
VIANA,PEROBAS,digital,1
VIANA,PEROBAS,patrimonial,1
VIANA,PIAPITANGUI,objetos,1
VIANA,REAL CAFE,patrimonial,1
VIANA,RIBEIRA,objetos,1
VIANA,RIBEIRA,violencia_social,1
VIANA,SAO PAULO DE BAIXO,patrimonial,1
VIANA,SOTECO,objetos,1
VIANA,TREZE DE MAIO,patrimonial,1
VIANA,UNIVERSAL,digital,1
VIANA,VALE DO SOL,patrimonial,1
VIANA,VILA NOVA,objetos,1
VILA PAVAO,CORREGO DO ESTEVAO,patrimonial,1
VILA PAVAO,CORREGO PARAISO,patrimonial,1
VILA PAVAO,CORREGO PENEIRA,patrimonial,1
VILA PAVAO,CORREGO SAO SEBASTIAO,patrimonial,1
VILA PAVAO,NOVA MUNIQUE,objetos,1
VILA PAVAO,NOVA MUNIQUE,patrimonial,1
VILA PAVAO,ONDINA,objetos,1
VILA PAVAO,ONDINA,violencia_social,1
VILA PAVAO,OUTRO LOCAL,patrimonial,1
VILA PAVAO,OUTRO LOCAL,violencia_social,1
VILA PAVAO,ZONA RURAL,violencia_social,1
VILA VALERIO,DUAS BARRAS,objetos,1
VILA VALERIO,NOSSA SENHORA DA PENHA,patrimonial,1
VILA VALERIO,SANTA RITA,objetos,1
VILA VALERIO,SAO JORGE DA BARRA SECA,patrimonial,1
VILA VALERIO,SAUDE,violencia_social,1
VILA VALERIO,TESOURO,patrimonial,1
VILA VALERIO,VARGEM ALEGRE,patrimonial,1
VILA VELHA,ALVORADA,digital,1
VILA VELHA,ARACAS,digital,1
VILA VELHA,ARGOLAS,digital,1
VILA VELHA,BALNEARIO PONTA DA FRUTA,objetos,1
VILA VELHA,CENTRO,violencia_social,1
VILA VELHA,CENTRO VILA VELHA,digital,1
VILA VELHA,CHACARA DO CONDE,objetos,1
VILA VELHA,COBI DE BAIXO,digital,1
VILA VELHA,COBI DE BAIXO,violencia_social,1
VILA VELHA,COCAL,digital,1
VILA VELHA,DIVINO ESPIRITO SANTO,digital,1
VILA VELHA,GAROTO,violencia_social,1
VILA VELHA,GLORIA,digital,1
VILA VELHA,ILHA DA CONCEICAO,digital,1
VILA VELHA,ILHA DOS AYRES,digital,1
VILA VELHA,INDUSTRIAL,objetos,1
VILA VELHA,JARDIM COLORADO,violencia_social,1
VILA VELHA,JARDIM DO VALE,digital,1
VILA VELHA,JARDIM GUADALAJARA,digital,1
VILA VELHA,JARDIM GUADALAJARA,violencia_social,1
VILA VELHA,MORADA DO SOL,objetos,1
VILA VELHA,NORMILIA DA CUNHA,violencia_social,1
VILA VELHA,NOVA PONTA DA FRUTA,violencia_social,1
VILA VELHA,NOVO MEXICO,digital,1
VILA VELHA,OLARIA,violencia_social,1
VILA VELHA,PAUL,digital,1
VILA VELHA,PRAIA DAS GAIVOTAS,digital,1
VILA VELHA,SAGRADA FAMILIA,objetos,1
VILA VELHA,SAGRADA FAMILIA,violencia_social,1
VILA VELHA,SANTA CLARA,objetos,1
VILA VELHA,SANTA CLARA,violencia_social,1
VILA VELHA,SANTA PAULA II,objetos,1
VILA VELHA,SAO CONRADO,digital,1
VILA VELHA,SAO TORQUATO,digital,1
VILA VELHA,VILA GUARANHUNS,objetos,1
VILA VELHA,VILA GUARANHUNS,violencia_social,1
VILA VELHA,VINTE E TRES DE MAIO,objetos,1
VILA VELHA,VISTA DA PENHA,digital,1
VILA VELHA,VISTA DA PENHA,objetos,1
VILA VELHA,ZONA NAO IDENTIFICADA I,digital,1
VILA VELHA,ZONA NAO IDENTIFICADA II,patrimonial,1
VILA VELHA,ZONA RURAL,patrimonial,1
VILA VELHA,ZONA RURAL,violencia_social,1
VITORIA,,violencia_social,1
VITORIA,ANTONIO HONORIO,digital,1
VITORIA,ANTONIO HONORIO,objetos,1
VITORIA,ANTONIO HONORIO,violencia_social,1
VITORIA,ARIOVALDO FAVALESSA,patrimonial,1
VITORIA,ARIOVALDO FAVALESSA,violencia_social,1
VITORIA,BARRO VERMELHO,digital,1
VITORIA,BOA VISTA,objetos,1
VITORIA,CONQUISTA,objetos,1
VITORIA,CONSOLACAO,digital,1
VITORIA,DO CABRAL,violencia_social,1
VITORIA,DO QUADRO,digital,1
VITORIA,DO QUADRO,violencia_social,1
VITORIA,FONTE GRANDE,digital,1
VITORIA,FRADINHOS,objetos,1
VITORIA,GOIABEIRAS,digital,1
VITORIA,GRANDE VITORIA,digital,1
VITORIA,ILHA DAS CAIEIRAS,digital,1
VITORIA,ILHA DAS CAIEIRAS,objetos,1
VITORIA,ILHA DE SANTA MARIA,digital,1
VITORIA,ITARARE,digital,1
VITORIA,JABOUR,digital,1
VITORIA,JOANA DARC,digital,1
VITORIA,MARIA ORTIZ,digital,1
VITORIA,MARUIPE,digital,1
VITORIA,MONTE BELO,violencia_social,1
VITORIA,MORADA DE CAMBURI,objetos,1
VITORIA,MORADA DE CAMBURI,violencia_social,1
VITORIA,NAZARETH,objetos,1
VITORIA,NOVA PALESTINA,objetos,1
VITORIA,OUTRO LOCAL,digital,1
VITORIA,PARQUE MOSCOSO,digital,1
VITORIA,PONTAL DE CAMBURI,digital,1
VITORIA,REDENCAO,objetos,1
VITORIA,REPUBLICA,violencia_social,1
VITORIA,SANTA CECILIA,violencia_social,1
VITORIA,SANTA CLARA,violencia_social,1
VITORIA,SANTA LUCIA,digital,1
VITORIA,SANTA MARTHA,objetos,1
VITORIA,SANTA TEREZA,digital,1
VITORIA,SANTO ANTONIO,digital,1
VITORIA,SANTOS REIS,patrimonial,1
VITORIA,SANTOS REIS,violencia_social,1
VITORIA,SEGURANCA DO LAR,objetos,1
VITORIA,SEGURANCA DO LAR,patrimonial,1
VITORIA,SOLON BORGES,violencia_social,1
VITORIA,TABUAZEIRO,digital,1
VITORIA,VILA RUBIM,digital,1
VITORIA,ZONA RURAL,objetos,1
VITORIA,ZONA RURAL,patrimonial,1
